Customer ID,Month period,CC,HL,MF,PL,RD,SA
CUST1000000,2026-06,0.4409,0.4625,0.5316,0.3422,0.2709,0.066
CUST1000001,2026-06,0.6781,0.6991,0.4336,0.4583,0.2605,0.1214
CUST1000002,2026-06,0.436,0.1062,0.4043,0.2397,0.4587,0.0881
CUST1000003,2026-06,0.3861,0.4846,0.5139,0.3544,0.3138,0.3576
CUST1000004,2026-06,0.1309,0.1411,0.2793,0.4286,0.0417,0.1482
CUST1000005,2026-06,0.5185,0.0668,0.1292,0.2991,0.382,0.0573
CUST1000006,2026-06,0.3014,0.4339,0.451,0.2308,0.3161,0.2226
CUST1000007,2026-06,0.5197,0.2735,0.0604,0.4332,0.4341,0.0548
CUST1000008,2026-06,0.3319,0.01,0.1218,0.0876,0.0372,0.59
CUST1000009,2026-06,0.6061,0.1291,0.1453,0.4735,0.2233,0.2418
CUST1000010,2026-06,0.6834,0.2491,0.4766,0.3805,0.4197,0.0653
CUST1000011,2026-06,0.6271,0.043,0.3618,0.2666,0.3643,0.3337
CUST1000012,2026-06,0.1079,0.2858,0.0614,0.2316,0.2323,0.3098
CUST1000013,2026-06,0.4104,0.3282,0.6167,0.1341,0.5881,0.2182
CUST1000014,2026-06,0.184,0.2025,0.0654,0.5187,0.394,0.1943
CUST1000015,2026-06,0.5114,0.4645,0.386,0.3734,0.2214,0.3546
CUST1000016,2026-06,0.1005,0.2181,0.1615,0.0602,0.3396,0.659
CUST1000017,2026-06,0.4802,0.4185,0.3024,0.3333,0.3491,0.2825
CUST1000018,2026-06,0.4213,0.4444,0.4411,0.3558,0.3497,0.5343
CUST1000019,2026-06,0.3565,0.4265,0.1899,0.4452,0.3791,0.1771
CUST1000020,2026-06,0.5259,0.2988,0.3891,0.5145,0.3778,0.201
CUST1000021,2026-06,0.1723,0.3011,0.1683,0.4762,0.1679,0.1979
CUST1000022,2026-06,0.2711,0.2621,0.0898999999999999,0.3682,0.3065,0.168
CUST1000023,2026-06,0.4255,0.3189,0.4772,0.2234,0.2578,0.0777999999999999
CUST1000024,2026-06,0.3614,0.01,0.238,0.0332,0.2441,0.2534
CUST1000025,2026-06,0.6452,0.3725,0.3771,0.492,0.2799,0.1742
CUST1000026,2026-06,0.4107,0.4767,0.534,0.3451,0.4345,0.3642
CUST1000027,2026-06,0.1619,0.3183,0.0861,0.1935,0.3332,0.0832
CUST1000028,2026-06,0.5583,0.4426,0.4573,0.3184,0.287,0.1331
CUST1000029,2026-06,0.6546,0.278,0.3776,0.2991,0.2781,0.2079
CUST1000030,2026-06,0.3103,0.3499,0.1946,0.2929,0.569,0.2283
CUST1000031,2026-06,0.4834,0.3516,0.7478,0.5312,0.3069,0.1675
CUST1000032,2026-06,0.5752,0.4586,0.1983,0.3968,0.2546,0.5069
CUST1000033,2026-06,0.4197,0.4696,0.3374,0.2771,0.4421,0.1678
CUST1000034,2026-06,0.2576,0.3491,0.3179,0.2877,0.3816,0.2075
CUST1000035,2026-06,0.5971,0.2529,0.2738,0.4607,0.3297,0.1607
CUST1000036,2026-06,0.3819,0.367,0.0537,0.2876,0.2282,0.05
CUST1000037,2026-06,0.1586,0.2314,0.1574,0.2095,0.4414,0.2722
CUST1000038,2026-06,0.4999,0.4886,0.4226,0.2493,0.3314,0.2092
CUST1000039,2026-06,0.3925,0.6063,0.5559,0.3786,0.4357,0.1823
CUST1000040,2026-06,0.5422,0.2426,0.5287,0.4964,0.4458,0.3104
CUST1000041,2026-06,0.6937,0.2276,0.5918,0.4338,0.1621,0.2436
CUST1000042,2026-06,0.5944,0.2322,0.6133,0.4926,0.3358,0.2151
CUST1000043,2026-06,0.0641,0.3207,0.2722,0.3456,0.2221,0.2317
CUST1000044,2026-06,0.3589,0.3929,0.284,0.4045,0.4366,0.1266
CUST1000045,2026-06,0.398,0.3623,0.0635,0.5862,0.3687,0.2145
CUST1000046,2026-06,0.5141,0.1133,0.3959,0.1728,0.1339,0.2241
CUST1000047,2026-06,0.412,0.4815,0.6216,0.3387,0.4708,0.01
CUST1000048,2026-06,0.162,0.2946,0.2386,0.3156,0.3993,0.1694
CUST1000049,2026-06,0.3552,0.0961,0.5382,0.5394,0.6448,0.2863
CUST1000050,2026-06,0.2513,0.1583,0.01,0.2948,0.4992,0.2366
CUST1000051,2026-06,0.6455,0.0764,0.243,0.4312,0.1909,0.0876
CUST1000052,2026-06,0.3755,0.4723,0.1196,0.4668,0.3951,0.1329
CUST1000053,2026-06,0.5354,0.0257,0.1428,0.4909,0.2083,0.1579
CUST1000054,2026-06,0.2033,0.0379,0.118,0.015,0.4299,0.1441
CUST1000055,2026-06,0.4501,0.4859,0.3831,0.2271,0.4335,0.0903
CUST1000056,2026-06,0.4116,0.3736,0.6234,0.4033,0.4008,0.0919
CUST1000057,2026-06,0.5137,0.01,0.202,0.5625,0.1944,0.2292
CUST1000058,2026-06,0.64,0.387,0.3835,0.5351,0.4247,0.1673
CUST1000059,2026-06,0.4875,0.3242,0.2841,0.3862,0.2381,0.1723
CUST1000060,2026-06,0.6309,0.01,0.2487,0.6284,0.2173,0.1842
CUST1000061,2026-06,0.3876,0.4648,0.399,0.3566,0.356,0.0918
CUST1000062,2026-06,0.5253,0.4663,0.4638,0.5111,0.3291,0.1209
CUST1000063,2026-06,0.2263,0.315,0.0942999999999999,0.2187,0.3887,0.1583
CUST1000064,2026-06,0.5384,0.3939,0.4137,0.2946,0.3792,0.1803
CUST1000065,2026-06,0.6528,0.0743999999999999,0.7534,0.1434,0.2421,0.4513
CUST1000066,2026-06,0.3585,0.3766,0.6769,0.3779,0.339,0.1674
CUST1000067,2026-06,0.5367,0.4681,0.4956,0.4434,0.3438,0.1546
CUST1000068,2026-06,0.497,0.3296,0.4659,0.2968,0.5428,0.2029
CUST1000069,2026-06,0.437,0.6365,0.7073,0.1651,0.4261,0.2019
CUST1000070,2026-06,0.6731,0.3306,0.4353,0.4903,0.2546,0.2606
CUST1000071,2026-06,0.4003,0.5016,0.5633,0.2948,0.3888,0.1541
CUST1000072,2026-06,0.6747,0.2771,0.3402,0.4002,0.4674,0.1892
CUST1000073,2026-06,0.489,0.3332,0.6923,0.4139,0.3591,0.1479
CUST1000074,2026-06,0.2673,0.0405,0.1112,0.3886,0.2854,0.2581
CUST1000075,2026-06,0.3581,0.3635,0.2766,0.5935,0.4708,0.01
CUST1000076,2026-06,0.4381,0.465,0.5266,0.4088,0.5029,0.0636
CUST1000077,2026-06,0.5338,0.3357,0.6758,0.2945,0.3132,0.0454
CUST1000078,2026-06,0.6917,0.4272,0.4464,0.6085,0.5909,0.1271
CUST1000079,2026-06,0.762,0.1397,0.3529,0.3807,0.257,0.259
CUST1000080,2026-06,0.5549,0.1048,0.4631,0.2498,0.3569,0.1837
CUST1000081,2026-06,0.3479,0.1605,0.2076,0.2881,0.2026,0.0811
CUST1000082,2026-06,0.1748,0.1159,0.3115,0.2723,0.3327,0.1242
CUST1000083,2026-06,0.5658,0.2457,0.347,0.3133,0.2239,0.2932
CUST1000084,2026-06,0.3399,0.2439,0.3219,0.5055,0.4928,0.2363
CUST1000085,2026-06,0.4766,0.127,0.0761,0.2845,0.3318,0.3009
CUST1000086,2026-06,0.5132,0.044,0.2397,0.2515,0.3585,0.2488
CUST1000087,2026-06,0.537,0.2922,0.3539,0.2936,0.205,0.2006
CUST1000088,2026-06,0.7483,0.4086,0.4269,0.3619,0.3491,0.1671
CUST1000089,2026-06,0.4947,0.513,0.3906,0.2825,0.3825,0.1354
CUST1000090,2026-06,0.2361,0.5658,0.4018,0.5143,0.3514,0.1239
CUST1000091,2026-06,0.385,0.496,0.6343,0.3571,0.342,0.1976
CUST1000092,2026-06,0.1023,0.2541,0.1379,0.2696,0.4464,0.1375
CUST1000093,2026-06,0.4592,0.4481,0.4653,0.6353,0.4464,0.1312
CUST1000094,2026-06,0.269,0.4975,0.2426,0.5635,0.2075,0.1759
CUST1000095,2026-06,0.5738,0.2298,0.3257,0.1223,0.1887,0.1412
CUST1000096,2026-06,0.2604,0.2169,0.2578,0.554,0.2781,0.0787
CUST1000097,2026-06,0.5008,0.3978,0.2839,0.6083,0.4335,0.3107
CUST1000098,2026-06,0.6089,0.1742,0.4706,0.3529,0.1347,0.1618
CUST1000099,2026-06,0.4081,0.2389,0.4081,0.2786,0.5591,0.1048
CUST1000100,2026-06,0.6764,0.2772,0.3533,0.6004,0.3349,0.1518
CUST1000101,2026-06,0.2131,0.2275,0.0697,0.1997,0.2344,0.6805
CUST1000102,2026-06,0.5102,0.4104,0.5421,0.4389,0.3236,0.0848
CUST1000103,2026-06,0.2392,0.3729,0.6223,0.3252,0.3268,0.175
CUST1000104,2026-06,0.4648,0.1478,0.4746,0.2986,0.5372,0.1229
CUST1000105,2026-06,0.3831,0.5026,0.2233,0.5125,0.3791,0.1882
CUST1000106,2026-06,0.4055,0.4418,0.5238,0.5112,0.4827,0.1285
CUST1000107,2026-06,0.5782,0.3357,0.3773,0.3043,0.4566,0.2173
CUST1000108,2026-06,0.552,0.0666,0.143,0.4041,0.1878,0.3027
CUST1000109,2026-06,0.6087,0.2542,0.3052,0.2536,0.152,0.6635
CUST1000110,2026-06,0.2449,0.2069,0.3598,0.4988,0.4268,0.1499
CUST1000111,2026-06,0.548,0.3025,0.6067,0.466,0.4243,0.181
CUST1000112,2026-06,0.4279,0.1623,0.3048,0.3501,0.46,0.3154
CUST1000113,2026-06,0.5361,0.1742,0.3724,0.3904,0.5419,0.1694
CUST1000114,2026-06,0.3256,0.1553,0.6306,0.2368,0.3684,0.2421
CUST1000115,2026-06,0.4389,0.4781,0.3068,0.4366,0.2683,0.106
CUST1000116,2026-06,0.233,0.01,0.2083,0.0761,0.4071,0.2203
CUST1000117,2026-06,0.4952,0.3197,0.486,0.5614,0.3797,0.1602
CUST1000118,2026-06,0.0792,0.3251,0.2401,0.2544,0.3261,0.153
CUST1000119,2026-06,0.6938,0.3735,0.5179,0.3697,0.2914,0.1346
CUST1000120,2026-06,0.1544,0.0526,0.3297,0.4086,0.2786,0.2109
CUST1000121,2026-06,0.5202,0.5953,0.4111,0.3583,0.2199,0.2366
CUST1000122,2026-06,0.1998,0.1567,0.5411,0.3425,0.1432,0.5851
CUST1000123,2026-06,0.0811999999999999,0.2078,0.1912,0.1499,0.4066,0.2705
CUST1000124,2026-06,0.2219,0.1751,0.1491,0.23,0.4855,0.2621
CUST1000125,2026-06,0.5382,0.2276,0.3657,0.2239,0.2207,0.2524
CUST1000126,2026-06,0.4533,0.0462,0.1265,0.4526,0.2633,0.3863
CUST1000127,2026-06,0.2893,0.306,0.1727,0.4144,0.5245,0.2193
CUST1000128,2026-06,0.5952,0.3009,0.311,0.4353,0.3328,0.1693
CUST1000129,2026-06,0.6722,0.5298,0.3117,0.4165,0.1333,0.0949
CUST1000130,2026-06,0.5759,0.2654,0.5137,0.5275,0.6136,0.0144
CUST1000131,2026-06,0.3073,0.5573,0.5423,0.5112,0.2966,0.089
CUST1000132,2026-06,0.6598,0.3135,0.4914,0.3102,0.231,0.1204
CUST1000133,2026-06,0.3341,0.0396,0.4619,0.254,0.3826,0.2257
CUST1000134,2026-06,0.5753,0.2825,0.5127,0.3493,0.2469,0.0902
CUST1000135,2026-06,0.5282,0.481,0.4831,0.5136,0.2162,0.1906
CUST1000136,2026-06,0.4455,0.4723,0.4217,0.2968,0.2507,0.0762
CUST1000137,2026-06,0.3539,0.333,0.513,0.2434,0.4307,0.1219
CUST1000138,2026-06,0.3605,0.4409,0.3406,0.1082,0.3552,0.2558
CUST1000139,2026-06,0.2574,0.3685,0.3885,0.3696,0.4774,0.0432
CUST1000140,2026-06,0.3642,0.5051,0.4657,0.1224,0.3936,0.1203
CUST1000141,2026-06,0.2698,0.0426,0.1566,0.4441,0.4497,0.5322
CUST1000142,2026-06,0.5387,0.5362,0.4973,0.2425,0.4622,0.1107
CUST1000143,2026-06,0.1342,0.4838,0.4947,0.4112,0.2924,0.1458
CUST1000144,2026-06,0.4362,0.5335,0.6382,0.3735,0.4237,0.2902
CUST1000145,2026-06,0.5154,0.3349,0.4215,0.4018,0.3886,0.6026
CUST1000146,2026-06,0.4314,0.3773,0.302,0.3885,0.3287,0.1484
CUST1000147,2026-06,0.3837,0.4764,0.428,0.3451,0.3202,0.2172
CUST1000148,2026-06,0.4703,0.2423,0.1255,0.6088,0.4021,0.102
CUST1000149,2026-06,0.2438,0.1468,0.144,0.2718,0.285,0.0302
CUST1000150,2026-06,0.1716,0.204,0.0416,0.2085,0.1866,0.2545
CUST1000151,2026-06,0.691,0.4143,0.3923,0.6083,0.2638,0.2001
CUST1000152,2026-06,0.4135,0.3747,0.4951,0.3583,0.3522,0.2509
CUST1000153,2026-06,0.4955,0.3952,0.339,0.3427,0.2535,0.1652
CUST1000154,2026-06,0.3539,0.6341,0.5262,0.645,0.368,0.2179
CUST1000155,2026-06,0.7655,0.2511,0.4324,0.5597,0.3159,0.2259
CUST1000156,2026-06,0.5861,0.4385,0.2777,0.5149,0.3341,0.17
CUST1000157,2026-06,0.6299,0.2379,0.2929,0.1694,0.2214,0.1766
CUST1000158,2026-06,0.31,0.307,0.2576,0.425,0.3462,0.2157
CUST1000159,2026-06,0.4139,0.01,0.2547,0.2969,0.534,0.2391
CUST1000160,2026-06,0.4337,0.3215,0.5709,0.4427,0.3219,0.2507
CUST1000161,2026-06,0.4491,0.01,0.0287,0.332,0.3289,0.2176
CUST1000162,2026-06,0.5704,0.2153,0.4375,0.4017,0.371,0.0830999999999999
CUST1000163,2026-06,0.5544,0.5729,0.3631,0.4697,0.5975,0.1473
CUST1000164,2026-06,0.5531,0.3307,0.4953,0.4697,0.395,0.1837
CUST1000165,2026-06,0.3291,0.387,0.3794,0.3728,0.4151,0.2161
CUST1000166,2026-06,0.5771,0.2849,0.4508,0.1817,0.2938,0.3123
CUST1000167,2026-06,0.3792,0.111,0.1102,0.2432,0.3698,0.1821
CUST1000168,2026-06,0.1872,0.4005,0.1979,0.3708,0.3428,0.0949
CUST1000169,2026-06,0.3372,0.5291,0.6032,0.3841,0.2092,0.1736
CUST1000170,2026-06,0.5857,0.4314,0.3919,0.4264,0.4938,0.2058
CUST1000171,2026-06,0.3435,0.4707,0.4133,0.2802,0.301,0.2155
CUST1000172,2026-06,0.6069,0.2828,0.2617,0.4552,0.1703,0.1295
CUST1000173,2026-06,0.5509,0.4335,0.1458,0.4531,0.4162,0.2611
CUST1000174,2026-06,0.3679,0.4749,0.4351,0.2456,0.3483,0.195
CUST1000175,2026-06,0.3958,0.441,0.6061,0.2816,0.3298,0.2608
CUST1000176,2026-06,0.4113,0.1748,0.5257,0.4517,0.5696,0.1672
CUST1000177,2026-06,0.3191,0.4375,0.3844,0.1952,0.2965,0.2833
CUST1000178,2026-06,0.4574,0.2796,0.3201,0.2757,0.5315,0.6467
CUST1000179,2026-06,0.4475,0.2036,0.2804,0.0859,0.6397,0.1979
CUST1000180,2026-06,0.2856,0.2261,0.1234,0.3745,0.3137,0.2456
CUST1000181,2026-06,0.6467,0.4382,0.5316,0.5462,0.3728,0.1424
CUST1000182,2026-06,0.4022,0.2402,0.3077,0.2567,0.3144,0.2521
CUST1000183,2026-06,0.466,0.3671,0.5626,0.4609,0.3446,0.1955
CUST1000184,2026-06,0.1651,0.1893,0.1444,0.1953,0.3167,0.1957
CUST1000185,2026-06,0.345,0.2813,0.207,0.2293,0.3984,0.1839
CUST1000186,2026-06,0.1728,0.1359,0.3048,0.4023,0.432,0.1332
CUST1000187,2026-06,0.4819,0.2633,0.3656,0.3013,0.159,0.1648
CUST1000188,2026-06,0.2462,0.3546,0.3017,0.4415,0.3762,0.2502
CUST1000189,2026-06,0.2489,0.01,0.0905,0.2359,0.3488,0.1722
CUST1000190,2026-06,0.38,0.5439,0.5337,0.2192,0.3092,0.2849
CUST1000191,2026-06,0.089,0.2731,0.1225,0.247,0.3717,0.2153
CUST1000192,2026-06,0.376,0.3341,0.5641,0.3453,0.4099,0.0869999999999999
CUST1000193,2026-06,0.4385,0.5356,0.342,0.3492,0.3155,0.1443
CUST1000194,2026-06,0.4501,0.4395,0.395,0.2026,0.3093,0.059
CUST1000195,2026-06,0.4411,0.2395,0.2388,0.379,0.2009,0.2934
CUST1000196,2026-06,0.1058,0.3727,0.081,0.3488,0.3778,0.0834
CUST1000197,2026-06,0.6643,0.3255,0.2865,0.6192,0.3048,0.1786
CUST1000198,2026-06,0.1951,0.333,0.079,0.0871,0.5102,0.1461
CUST1000199,2026-06,0.3132,0.1749,0.3442,0.3122,0.3469,0.2097
CUST1000200,2026-06,0.5397,0.4088,0.3159,0.1919,0.3856,0.0254
CUST1000201,2026-06,0.3378,0.4267,0.5901,0.3067,0.3962,0.125
CUST1000202,2026-06,0.4516,0.2836,0.377,0.3918,0.5136,0.1762
CUST1000203,2026-06,0.4779,0.2342,0.3106,0.257,0.3388,0.1277
CUST1000204,2026-06,0.3928,0.4702,0.3391,0.5531,0.2741,0.2279
CUST1000205,2026-06,0.3683,0.1851,0.1576,0.3236,0.4023,0.1519
CUST1000206,2026-06,0.458,0.5215,0.4699,0.2867,0.3639,0.1148
CUST1000207,2026-06,0.4656,0.3879,0.3401,0.274,0.3781,0.1479
CUST1000208,2026-06,0.4106,0.44,0.3703,0.183,0.2999,0.1952
CUST1000209,2026-06,0.3028,0.0806,0.4213,0.1533,0.295,0.166
CUST1000210,2026-06,0.4979,0.362,0.2424,0.5562,0.2806,0.1396
CUST1000211,2026-06,0.5774,0.5476,0.4538,0.3511,0.258,0.2226
CUST1000212,2026-06,0.485,0.2568,0.1939,0.525,0.3596,0.1288
CUST1000213,2026-06,0.4528,0.298,0.4675,0.2867,0.3956,0.144
CUST1000214,2026-06,0.4676,0.524,0.5458,0.2667,0.4044,0.2196
CUST1000215,2026-06,0.3274,0.4069,0.3961,0.4261,0.2348,0.2418
CUST1000216,2026-06,0.235,0.0634,0.0559,0.0915,0.3749,0.1509
CUST1000217,2026-06,0.7183,0.3679,0.5305,0.4371,0.3817,0.0392
CUST1000218,2026-06,0.7551,0.3035,0.6274,0.3874,0.3867,0.01
CUST1000219,2026-06,0.4933,0.2778,0.2861,0.0463,0.383,0.1499
CUST1000220,2026-06,0.2588,0.0456,0.1562,0.2395,0.4482,0.1412
CUST1000221,2026-06,0.4363,0.01,0.039,0.4256,0.1365,0.58
CUST1000222,2026-06,0.157,0.095,0.234,0.3242,0.2107,0.2048
CUST1000223,2026-06,0.3806,0.1946,0.2969,0.216,0.1823,0.5203
CUST1000224,2026-06,0.039,0.09,0.2037,0.2849,0.2934,0.1878
CUST1000225,2026-06,0.1247,0.2642,0.2502,0.1571,0.5312,0.2291
CUST1000226,2026-06,0.3464,0.1546,0.1614,0.2622,0.2131,0.2339
CUST1000227,2026-06,0.662,0.1838,0.2725,0.4159,0.3537,0.0939
CUST1000228,2026-06,0.2549,0.4892,0.6807,0.2536,0.3804,0.2135
CUST1000229,2026-06,0.4554,0.5012,0.3851,0.1726,0.4086,0.1187
CUST1000230,2026-06,0.3543,0.4371,0.452,0.199,0.4773,0.1357
CUST1000231,2026-06,0.5687,0.0927,0.301,0.5877,0.2007,0.2628
CUST1000232,2026-06,0.0961999999999999,0.268,0.081,0.2521,0.2743,0.3334
CUST1000233,2026-06,0.5818,0.2863,0.3028,0.3369,0.1759,0.0614
CUST1000234,2026-06,0.1989,0.2095,0.0874999999999999,0.3312,0.2615,0.0615
CUST1000235,2026-06,0.4111,0.01,0.3262,0.1627,0.2659,0.1866
CUST1000236,2026-06,0.1159,0.3151,0.1301,0.378,0.157,0.0814
CUST1000237,2026-06,0.4237,0.3501,0.6007,0.4483,0.2993,0.5476
CUST1000238,2026-06,0.5468,0.3303,0.1845,0.5789,0.3565,0.5346
CUST1000239,2026-06,0.2406,0.4192,0.433,0.3454,0.4161,0.1735
CUST1000240,2026-06,0.0955,0.2802,0.1204,0.4092,0.5521,0.1422
CUST1000241,2026-06,0.3921,0.4588,0.6844,0.2553,0.3281,0.116
CUST1000242,2026-06,0.4438,0.3786,0.4942,0.6505,0.4788,0.1799
CUST1000243,2026-06,0.3647,0.3589,0.1465,0.5676,0.4807,0.1063
CUST1000244,2026-06,0.4121,0.4296,0.4466,0.3074,0.5121,0.1654
CUST1000245,2026-06,0.4012,0.2295,0.5163,0.3534,0.6345,0.2697
CUST1000246,2026-06,0.5139,0.3792,0.5978,0.4832,0.2849,0.1524
CUST1000247,2026-06,0.4335,0.4031,0.4603,0.445,0.4468,0.231
CUST1000248,2026-06,0.6865,0.1397,0.4634,0.5854,0.4412,0.2632
CUST1000249,2026-06,0.2244,0.1627,0.0814,0.5973,0.6448,0.0165
CUST1000250,2026-06,0.7223,0.2748,0.3415,0.2435,0.3658,0.3609
CUST1000251,2026-06,0.5473,0.0979,0.4704,0.174,0.3805,0.1465
CUST1000252,2026-06,0.6398,0.3788,0.566,0.5345,0.3629,0.1571
CUST1000253,2026-06,0.75,0.3595,0.553,0.4197,0.2195,0.2432
CUST1000254,2026-06,0.3067,0.0102,0.5007,0.3203,0.6005,0.01
CUST1000255,2026-06,0.6344,0.1733,0.2491,0.3902,0.3807,0.1659
CUST1000256,2026-06,0.4487,0.2049,0.3753,0.4336,0.3157,0.0664
CUST1000257,2026-06,0.4746,0.4152,0.3839,0.5702,0.4392,0.1258
CUST1000258,2026-06,0.3449,0.2655,0.2258,0.0934,0.2446,0.2724
CUST1000259,2026-06,0.7366,0.3043,0.321,0.5267,0.4547,0.2193
CUST1000260,2026-06,0.5153,0.3418,0.4696,0.1963,0.2297,0.2025
CUST1000261,2026-06,0.6903,0.4517,0.7848,0.0981,0.3378,0.1641
CUST1000262,2026-06,0.3097,0.5353,0.3254,0.3362,0.4308,0.2176
CUST1000263,2026-06,0.2344,0.3862,0.1126,0.208,0.5397,0.1665
CUST1000264,2026-06,0.515,0.2624,0.0401,0.3603,0.3022,0.1619
CUST1000265,2026-06,0.4813,0.01,0.2018,0.4018,0.4809,0.1648
CUST1000266,2026-06,0.5466,0.3781,0.5049,0.5469,0.2485,0.1734
CUST1000267,2026-06,0.3899,0.4787,0.3233,0.4408,0.3012,0.3218
CUST1000268,2026-06,0.4457,0.2602,0.5558,0.4061,0.3875,0.112
CUST1000269,2026-06,0.4593,0.4455,0.3848,0.5217,0.3602,0.5331
CUST1000270,2026-06,0.6682,0.242,0.4812,0.5038,0.1666,0.3376
CUST1000271,2026-06,0.2515,0.01,0.1313,0.3402,0.5252,0.1451
CUST1000272,2026-06,0.3696,0.0161,0.0444,0.01,0.2272,0.1874
CUST1000273,2026-06,0.4466,0.3117,0.5338,0.4377,0.3674,0.225
CUST1000274,2026-06,0.4118,0.3314,0.4165,0.4014,0.3061,0.148
CUST1000275,2026-06,0.6021,0.4516,0.5033,0.0832,0.3,0.3222
CUST1000276,2026-06,0.4137,0.314,0.3094,0.5685,0.2628,0.1455
CUST1000277,2026-06,0.4143,0.4246,0.4206,0.3809,0.2417,0.1927
CUST1000278,2026-06,0.5995,0.3202,0.3479,0.6306,0.3547,0.1367
CUST1000279,2026-06,0.7022,0.3003,0.3334,0.2997,0.5256,0.0377
CUST1000280,2026-06,0.4915,0.3739,0.6239,0.4719,0.388,0.2199
CUST1000281,2026-06,0.3835,0.3036,0.6266,0.156,0.3477,0.1855
CUST1000282,2026-06,0.5384,0.3718,0.2831,0.2255,0.2652,0.2277
CUST1000283,2026-06,0.4432,0.3075,0.5385,0.5435,0.4425,0.2799
CUST1000284,2026-06,0.202,0.3489,0.1963,0.1912,0.4332,0.2947
CUST1000285,2026-06,0.0983,0.276,0.1621,0.3605,0.2432,0.0779
CUST1000286,2026-06,0.601,0.4872,0.5079,0.3663,0.2478,0.1771
CUST1000287,2026-06,0.3951,0.6012,0.5043,0.5644,0.1249,0.1339
CUST1000288,2026-06,0.4235,0.4674,0.496,0.2043,0.3723,0.2764
CUST1000289,2026-06,0.5398,0.2664,0.518,0.2772,0.3186,0.2188
CUST1000290,2026-06,0.2855,0.139,0.1068,0.3341,0.3644,0.1603
CUST1000291,2026-06,0.3849,0.5368,0.4277,0.3417,0.2345,0.01
CUST1000292,2026-06,0.4027,0.1524,0.3802,0.4548,0.448,0.1627
CUST1000293,2026-06,0.2603,0.2827,0.529,0.2327,0.3668,0.1057
CUST1000294,2026-06,0.4694,0.4133,0.5284,0.5792,0.3986,0.1841
CUST1000295,2026-06,0.4704,0.2358,0.7225,0.4733,0.5119,0.16
CUST1000296,2026-06,0.7627,0.4727,0.4186,0.2793,0.2283,0.0835
CUST1000297,2026-06,0.1378,0.4221,0.3789,0.3493,0.6326,0.1573
CUST1000298,2026-06,0.3889,0.5217,0.5641,0.4636,0.4174,0.0999
CUST1000299,2026-06,0.6619,0.2567,0.5342,0.3437,0.4092,0.226
CUST1000300,2026-06,0.6656,0.4043,0.2498,0.4479,0.1126,0.1169
CUST1000301,2026-06,0.5152,0.4652,0.6623,0.467,0.0399,0.1935
CUST1000302,2026-06,0.5671,0.2363,0.351,0.3066,0.3137,0.0785
CUST1000303,2026-06,0.5587,0.2309,0.4914,0.4638,0.4911,0.0522
CUST1000304,2026-06,0.4077,0.0162,0.0862,0.0553,0.0318,0.6443
CUST1000305,2026-06,0.2023,0.3142,0.0314,0.1626,0.2899,0.5968
CUST1000306,2026-06,0.302,0.2099,0.2826,0.5509,0.5936,0.0853
CUST1000307,2026-06,0.432,0.1864,0.4898,0.349,0.281,0.2103
CUST1000308,2026-06,0.3548,0.219,0.3931,0.3576,0.2827,0.238
CUST1000309,2026-06,0.7493,0.4732,0.4524,0.4874,0.2801,0.0701
CUST1000310,2026-06,0.3473,0.4583,0.586,0.2632,0.4228,0.2841
CUST1000311,2026-06,0.2465,0.01,0.2982,0.0685999999999999,0.173,0.195
CUST1000312,2026-06,0.4985,0.189,0.3367,0.2652,0.1677,0.2761
CUST1000313,2026-06,0.2002,0.1135,0.1969,0.2594,0.2275,0.1938
CUST1000314,2026-06,0.6898,0.2324,0.4926,0.0924,0.5379,0.2254
CUST1000315,2026-06,0.3828,0.4999,0.2964,0.5045,0.2125,0.1035
CUST1000316,2026-06,0.198,0.3773,0.1723,0.1021,0.2301,0.2808
CUST1000317,2026-06,0.226,0.1515,0.2498,0.3031,0.3051,0.347
CUST1000318,2026-06,0.2858,0.0424,0.1667,0.3945,0.4999,0.154
CUST1000319,2026-06,0.5579,0.3939,0.455,0.5218,0.1709,0.1664
CUST1000320,2026-06,0.3111,0.1034,0.0835999999999999,0.0907,0.3616,0.1365
CUST1000321,2026-06,0.2976,0.304,0.2854,0.0678,0.395,0.1661
CUST1000322,2026-06,0.5928,0.4346,0.2955,0.4494,0.3876,0.0395
CUST1000323,2026-06,0.7017,0.1528,0.303,0.2507,0.2866,0.2091
CUST1000324,2026-06,0.6338,0.0901,0.4592,0.2888,0.1203,0.667
CUST1000325,2026-06,0.4919,0.2631,0.2036,0.1326,0.1318,0.2925
CUST1000326,2026-06,0.4246,0.2659,0.01,0.4828,0.4655,0.1536
CUST1000327,2026-06,0.4501,0.3142,0.4875,0.3697,0.438,0.1187
CUST1000328,2026-06,0.2423,0.1787,0.1598,0.2912,0.2716,0.4782
CUST1000329,2026-06,0.6114,0.3343,0.3582,0.3657,0.3426,0.2129
CUST1000330,2026-06,0.2545,0.3099,0.0172,0.2804,0.3449,0.5308
CUST1000331,2026-06,0.5446,0.4344,0.4125,0.3371,0.3807,0.0643
CUST1000332,2026-06,0.2686,0.0545,0.01,0.4037,0.4417,0.1514
CUST1000333,2026-06,0.5905,0.3079,0.7096,0.345,0.3079,0.0469
CUST1000334,2026-06,0.6052,0.4417,0.6154,0.4569,0.2923,0.1357
CUST1000335,2026-06,0.4327,0.2881,0.4255,0.2928,0.3466,0.1516
CUST1000336,2026-06,0.2223,0.1533,0.1043,0.188,0.2963,0.1157
CUST1000337,2026-06,0.519,0.5638,0.469,0.2517,0.256,0.2061
CUST1000338,2026-06,0.0965,0.173,0.3334,0.3595,0.3016,0.6074
CUST1000339,2026-06,0.8478,0.3776,0.4411,0.3832,0.2449,0.364
CUST1000340,2026-06,0.4267,0.6186,0.4556,0.4086,0.3879,0.316
CUST1000341,2026-06,0.333,0.2861,0.3708,0.5158,0.3752,0.1344
CUST1000342,2026-06,0.4177,0.3325,0.4686,0.4242,0.5647,0.2757
CUST1000343,2026-06,0.3698,0.01,0.2234,0.5507,0.5138,0.0853
CUST1000344,2026-06,0.2472,0.3298,0.0732,0.2641,0.4275,0.2345
CUST1000345,2026-06,0.4625,0.3353,0.3285,0.6522,0.4687,0.1344
CUST1000346,2026-06,0.5088,0.4094,0.3858,0.5678,0.4184,0.0704999999999999
CUST1000347,2026-06,0.4134,0.4557,0.3676,0.5369,0.2942,0.1073
CUST1000348,2026-06,0.3302,0.2063,0.1918,0.4512,0.3358,0.0591
CUST1000349,2026-06,0.4805,0.4235,0.5554,0.01,0.3382,0.0599
CUST1000350,2026-06,0.2526,0.1765,0.1096,0.2117,0.443,0.2616
CUST1000351,2026-06,0.4308,0.4933,0.5928,0.2572,0.2516,0.2057
CUST1000352,2026-06,0.7306,0.2219,0.5064,0.7588,0.2272,0.204
CUST1000353,2026-06,0.2538,0.4157,0.1318,0.4383,0.4859,0.1162
CUST1000354,2026-06,0.1625,0.2805,0.5117,0.2482,0.5139,0.1679
CUST1000355,2026-06,0.4187,0.2588,0.6319,0.018,0.4076,0.3339
CUST1000356,2026-06,0.2806,0.2008,0.4129,0.3157,0.4201,0.174
CUST1000357,2026-06,0.1421,0.01,0.1177,0.126,0.3828,0.278
CUST1000358,2026-06,0.4849,0.3002,0.4257,0.522,0.248,0.3151
CUST1000359,2026-06,0.6845,0.0759,0.3229,0.1887,0.2751,0.3883
CUST1000360,2026-06,0.4263,0.5091,0.4466,0.3357,0.4973,0.1063
CUST1000361,2026-06,0.3634,0.3449,0.1329,0.3905,0.6266,0.2732
CUST1000362,2026-06,0.4688,0.4591,0.2881,0.2165,0.2917,0.1611
CUST1000363,2026-06,0.4974,0.2062,0.3808,0.4155,0.2219,0.1847
CUST1000364,2026-06,0.532,0.5405,0.5141,0.4232,0.325,0.0734
CUST1000365,2026-06,0.4273,0.4243,0.5494,0.3906,0.4726,0.2078
CUST1000366,2026-06,0.1887,0.166,0.2059,0.3877,0.5088,0.1795
CUST1000367,2026-06,0.4418,0.1875,0.3403,0.0979,0.2089,0.253
CUST1000368,2026-06,0.8318,0.2634,0.561,0.4679,0.301,0.116
CUST1000369,2026-06,0.3625,0.3277,0.3904,0.4337,0.5003,0.2637
CUST1000370,2026-06,0.459,0.4547,0.5719,0.0368,0.3167,0.0675
CUST1000371,2026-06,0.2189,0.2679,0.1782,0.3442,0.395,0.213
CUST1000372,2026-06,0.3868,0.1994,0.3139,0.1645,0.5329,0.1905
CUST1000373,2026-06,0.423,0.5853,0.48,0.3348,0.3333,0.1339
CUST1000374,2026-06,0.3704,0.3732,0.1494,0.425,0.3405,0.2194
CUST1000375,2026-06,0.3429,0.5429,0.5385,0.2307,0.2877,0.1574
CUST1000376,2026-06,0.4556,0.3196,0.1365,0.3979,0.3548,0.1009
CUST1000377,2026-06,0.0832,0.305,0.2116,0.329,0.3855,0.1547
CUST1000378,2026-06,0.3642,0.0805,0.1704,0.2739,0.2226,0.1304
CUST1000379,2026-06,0.4784,0.4102,0.3368,0.1134,0.1952,0.6218
CUST1000380,2026-06,0.5289,0.4075,0.6672,0.3219,0.1905,0.2996
CUST1000381,2026-06,0.3246,0.1907,0.0473,0.2897,0.3518,0.097
CUST1000382,2026-06,0.462,0.3314,0.476,0.0804,0.3844,0.1931
CUST1000383,2026-06,0.092,0.1944,0.158,0.3209,0.5548,0.1769
CUST1000384,2026-06,0.6976,0.283,0.4052,0.5891,0.2018,0.1653
CUST1000385,2026-06,0.4175,0.5049,0.3926,0.4211,0.3942,0.1645
CUST1000386,2026-06,0.4792,0.462,0.3625,0.2323,0.272,0.2823
CUST1000387,2026-06,0.4295,0.4305,0.5074,0.2344,0.4041,0.1887
CUST1000388,2026-06,0.5591,0.4458,0.603,0.4899,0.204,0.0654
CUST1000389,2026-06,0.5076,0.0577,0.1283,0.3724,0.3697,0.2023
CUST1000390,2026-06,0.5086,0.428,0.6326,0.5262,0.1117,0.1547
CUST1000391,2026-06,0.3983,0.3362,0.5795,0.654,0.3849,0.0101
CUST1000392,2026-06,0.524,0.463,0.5411,0.4293,0.3207,0.1429
CUST1000393,2026-06,0.3334,0.5571,0.598,0.4338,0.3669,0.1255
CUST1000394,2026-06,0.6804,0.3438,0.356,0.5743,0.4567,0.2107
CUST1000395,2026-06,0.3803,0.5071,0.6348,0.2294,0.3748,0.2916
CUST1000396,2026-06,0.3516,0.2337,0.5471,0.4966,0.5079,0.3633
CUST1000397,2026-06,0.2732,0.2135,0.1321,0.2949,0.2387,0.2795
CUST1000398,2026-06,0.134,0.309,0.347,0.2216,0.345,0.1524
CUST1000399,2026-06,0.5647,0.1766,0.0639,0.4681,0.6762,0.2077
CUST1000400,2026-06,0.361,0.2061,0.4946,0.3589,0.6075,0.2124
CUST1000401,2026-06,0.4045,0.6221,0.3876,0.3221,0.222,0.0295
CUST1000402,2026-06,0.4481,0.5159,0.3942,0.412,0.4295,0.1833
CUST1000403,2026-06,0.418,0.4165,0.4537,0.3813,0.4385,0.1353
CUST1000404,2026-06,0.4277,0.4755,0.2855,0.5773,0.0937999999999999,0.085
CUST1000405,2026-06,0.5423,0.4922,0.3155,0.2473,0.3734,0.1385
CUST1000406,2026-06,0.5861,0.1134,0.3391,0.2506,0.2075,0.3364
CUST1000407,2026-06,0.4213,0.3851,0.33,0.0584,0.5612,0.1435
CUST1000408,2026-06,0.2138,0.01,0.1783,0.1043,0.3253,0.1247
CUST1000409,2026-06,0.3319,0.5927,0.4513,0.4566,0.3207,0.2768
CUST1000410,2026-06,0.6444,0.2896,0.4467,0.3922,0.4797,0.179
CUST1000411,2026-06,0.6423,0.3853,0.3001,0.4234,0.2612,0.1354
CUST1000412,2026-06,0.6887,0.095,0.3627,0.3561,0.0784,0.2631
CUST1000413,2026-06,0.3184,0.2556,0.3614,0.4363,0.4274,0.1596
CUST1000414,2026-06,0.389,0.3304,0.01,0.1956,0.2381,0.1256
CUST1000415,2026-06,0.5695,0.195,0.3511,0.1265,0.2724,0.2252
CUST1000416,2026-06,0.5096,0.3123,0.3639,0.3328,0.4157,0.1188
CUST1000417,2026-06,0.3762,0.2589,0.5039,0.2513,0.3289,0.0712
CUST1000418,2026-06,0.4876,0.01,0.0541,0.1764,0.311,0.1559
CUST1000419,2026-06,0.2516,0.2134,0.0764,0.2552,0.2169,0.1884
CUST1000420,2026-06,0.5198,0.4709,0.4103,0.4305,0.3248,0.1085
CUST1000421,2026-06,0.4152,0.479,0.5022,0.2416,0.3947,0.2597
CUST1000422,2026-06,0.5788,0.4579,0.3333,0.636,0.2036,0.1586
CUST1000423,2026-06,0.5436,0.3616,0.3776,0.493,0.3783,0.1414
CUST1000424,2026-06,0.72,0.2313,0.5376,0.3013,0.343,0.2122
CUST1000425,2026-06,0.4331,0.108,0.0276,0.2476,0.2612,0.1626
CUST1000426,2026-06,0.4941,0.5239,0.4161,0.5667,0.2688,0.2762
CUST1000427,2026-06,0.5294,0.3104,0.6124,0.4325,0.3111,0.1716
CUST1000428,2026-06,0.4283,0.4773,0.3789,0.552,0.3246,0.0959
CUST1000429,2026-06,0.2578,0.0984,0.696,0.0716,0.398,0.1152
CUST1000430,2026-06,0.2102,0.3176,0.3162,0.2317,0.3879,0.2106
CUST1000431,2026-06,0.4429,0.0523,0.0751,0.2899,0.2881,0.1029
CUST1000432,2026-06,0.4223,0.099,0.0759,0.4874,0.2251,0.7274
CUST1000433,2026-06,0.2776,0.268,0.2525,0.3381,0.1332,0.1617
CUST1000434,2026-06,0.5319,0.0617,0.3703,0.4923,0.3582,0.044
CUST1000435,2026-06,0.1074,0.2568,0.1469,0.1661,0.3287,0.2459
CUST1000436,2026-06,0.5904,0.1473,0.0727,0.5002,0.275,0.3814
CUST1000437,2026-06,0.5037,0.0486,0.1712,0.459,0.1452,0.2622
CUST1000438,2026-06,0.5753,0.0485,0.3634,0.3614,0.2976,0.1838
CUST1000439,2026-06,0.4339,0.538,0.3857,0.311,0.3411,0.2775
CUST1000440,2026-06,0.4453,0.3848,0.6945,0.3952,0.3336,0.1009
CUST1000441,2026-06,0.353,0.0171,0.6155,0.0646999999999999,0.2469,0.1023
CUST1000442,2026-06,0.2999,0.2781,0.2463,0.2923,0.4128,0.1225
CUST1000443,2026-06,0.2959,0.5559,0.4437,0.4416,0.2571,0.1381
CUST1000444,2026-06,0.3889,0.4574,0.511,0.1379,0.4046,0.1026
CUST1000445,2026-06,0.4378,0.6174,0.4789,0.1675,0.3954,0.0538
CUST1000446,2026-06,0.4771,0.1233,0.4838,0.2391,0.2458,0.2136
CUST1000447,2026-06,0.3962,0.3547,0.4068,0.125,0.2889,0.0323
CUST1000448,2026-06,0.5885,0.1816,0.3125,0.4721,0.3699,0.308
CUST1000449,2026-06,0.542,0.3927,0.5602,0.4936,0.4165,0.1872
CUST1000450,2026-06,0.0659,0.2666,0.1203,0.2348,0.0665,0.5598
CUST1000451,2026-06,0.2873,0.4973,0.2779,0.2501,0.3241,0.1429
CUST1000452,2026-06,0.3132,0.4237,0.7072,0.3791,0.3482,0.2123
CUST1000453,2026-06,0.5045,0.1758,0.2485,0.3338,0.5439,0.1989
CUST1000454,2026-06,0.267,0.3194,0.1055,0.2311,0.2236,0.1461
CUST1000455,2026-06,0.3584,0.2277,0.1708,0.6154,0.2591,0.1646
CUST1000456,2026-06,0.4703,0.4474,0.0874,0.4926,0.2522,0.1528
CUST1000457,2026-06,0.2713,0.3203,0.4908,0.494,0.303,0.4143
CUST1000458,2026-06,0.6726,0.221,0.2777,0.3746,0.4739,0.2433
CUST1000459,2026-06,0.3646,0.2113,0.1844,0.3333,0.3323,0.1258
CUST1000460,2026-06,0.2445,0.1111,0.0956999999999999,0.3391,0.4292,0.0931
CUST1000461,2026-06,0.4548,0.4092,0.2588,0.4128,0.5954,0.2194
CUST1000462,2026-06,0.4406,0.488,0.5236,0.5329,0.576,0.1391
CUST1000463,2026-06,0.503,0.4711,0.614,0.384,0.3948,0.1659
CUST1000464,2026-06,0.3119,0.0811,0.2361,0.0275,0.1643,0.1545
CUST1000465,2026-06,0.3631,0.3387,0.4253,0.2225,0.4308,0.0583
CUST1000466,2026-06,0.6567,0.4666,0.4153,0.4301,0.3025,0.0898999999999999
CUST1000467,2026-06,0.3396,0.3894,0.4748,0.3742,0.2841,0.1573
CUST1000468,2026-06,0.3889,0.1978,0.4096,0.2042,0.4032,0.2203
CUST1000469,2026-06,0.4438,0.273,0.4985,0.3897,0.3648,0.1611
CUST1000470,2026-06,0.5774,0.1333,0.4449,0.4622,0.2991,0.1933
CUST1000471,2026-06,0.4539,0.4173,0.4146,0.5248,0.4122,0.1543
CUST1000472,2026-06,0.4016,0.3044,0.1502,0.5478,0.2808,0.0859999999999999
CUST1000473,2026-06,0.4412,0.4431,0.5447,0.3466,0.5256,0.1037
CUST1000474,2026-06,0.5973,0.1803,0.4436,0.4326,0.2159,0.1963
CUST1000475,2026-06,0.5457,0.452,0.4265,0.343,0.3423,0.2016
CUST1000476,2026-06,0.2989,0.3243,0.1605,0.6518,0.3123,0.216
CUST1000477,2026-06,0.5026,0.3813,0.0211,0.5435,0.3044,0.1383
CUST1000478,2026-06,0.5325,0.2854,0.4271,0.2672,0.2631,0.1024
CUST1000479,2026-06,0.01,0.01,0.2141,0.2523,0.3226,0.2963
CUST1000480,2026-06,0.5997,0.1572,0.3864,0.3414,0.436,0.1259
CUST1000481,2026-06,0.3553,0.01,0.0534,0.5911,0.2236,0.6331
CUST1000482,2026-06,0.3764,0.1668,0.0303,0.3421,0.377,0.2012
CUST1000483,2026-06,0.5414,0.5099,0.3892,0.4672,0.5224,0.3473
CUST1000484,2026-06,0.3725,0.2602,0.1681,0.2371,0.3899,0.1609
CUST1000485,2026-06,0.3072,0.107,0.0711,0.3025,0.2214,0.0119
CUST1000486,2026-06,0.4766,0.5253,0.3937,0.3757,0.415,0.2108
CUST1000487,2026-06,0.5834,0.1216,0.5427,0.242,0.0624,0.1997
CUST1000488,2026-06,0.5549,0.1681,0.2989,0.2916,0.0404,0.0436
CUST1000489,2026-06,0.6073,0.5367,0.4134,0.4523,0.3978,0.2005
CUST1000490,2026-06,0.2724,0.0407,0.01,0.3546,0.6475,0.01
CUST1000491,2026-06,0.6133,0.43,0.2543,0.4073,0.5953,0.2713
CUST1000492,2026-06,0.2681,0.4215,0.4477,0.3826,0.3327,0.2264
CUST1000493,2026-06,0.41,0.2763,0.5625,0.07,0.3341,0.1567
CUST1000494,2026-06,0.6492,0.2778,0.4589,0.4614,0.194,0.1538
CUST1000495,2026-06,0.4385,0.344,0.4887,0.2077,0.2328,0.1189
CUST1000496,2026-06,0.4665,0.4432,0.4518,0.4064,0.3167,0.262
CUST1000497,2026-06,0.6948,0.1047,0.4658,0.3596,0.3272,0.2312
CUST1000498,2026-06,0.4155,0.3884,0.392,0.2088,0.2911,0.1535
CUST1000499,2026-06,0.3446,0.01,0.1543,0.2444,0.1432,0.2552
CUST1000500,2026-06,0.5663,0.3737,0.4374,0.3692,0.6697,0.1231
CUST1000501,2026-06,0.5185,0.3858,0.5606,0.4259,0.3301,0.2808
CUST1000502,2026-06,0.3442,0.4298,0.5921,0.4967,0.2825,0.4108
CUST1000503,2026-06,0.4825,0.01,0.0215,0.5285,0.2003,0.1246
CUST1000504,2026-06,0.4915,0.01,0.1007,0.439,0.3373,0.2666
CUST1000505,2026-06,0.4796,0.2678,0.3531,0.357,0.4017,0.1501
CUST1000506,2026-06,0.2388,0.0583,0.1306,0.1756,0.3682,0.0586
CUST1000507,2026-06,0.4699,0.4531,0.5054,0.3399,0.3304,0.2977
CUST1000508,2026-06,0.3082,0.1444,0.0219,0.3501,0.2295,0.1386
CUST1000509,2026-06,0.4765,0.2274,0.44,0.621,0.2761,0.1097
CUST1000510,2026-06,0.1329,0.0296,0.1578,0.4279,0.3216,0.2246
CUST1000511,2026-06,0.3778,0.4458,0.394,0.3455,0.4512,0.1184
CUST1000512,2026-06,0.2424,0.2624,0.2839,0.3496,0.3541,0.2527
CUST1000513,2026-06,0.2879,0.4715,0.6819,0.5389,0.2913,0.112
CUST1000514,2026-06,0.2149,0.2381,0.1438,0.3738,0.5127,0.094
CUST1000515,2026-06,0.4206,0.581,0.3956,0.398,0.28,0.0929
CUST1000516,2026-06,0.5711,0.1744,0.1203,0.5235,0.1953,0.2609
CUST1000517,2026-06,0.3923,0.26,0.1292,0.5851,0.3311,0.01
CUST1000518,2026-06,0.372,0.5252,0.5603,0.5459,0.495,0.1148
CUST1000519,2026-06,0.5718,0.3647,0.6631,0.5164,0.3903,0.2911
CUST1000520,2026-06,0.4627,0.3101,0.1922,0.3727,0.337,0.01
CUST1000521,2026-06,0.2391,0.2799,0.1277,0.2772,0.1439,0.0948
CUST1000522,2026-06,0.0891,0.438,0.3819,0.1628,0.3072,0.298
CUST1000523,2026-06,0.4767,0.3948,0.6544,0.3455,0.3491,0.2333
CUST1000524,2026-06,0.4672,0.01,0.1384,0.4016,0.3576,0.3023
CUST1000525,2026-06,0.3904,0.3338,0.6529,0.2815,0.4233,0.1745
CUST1000526,2026-06,0.2052,0.268,0.269,0.4867,0.3121,0.3181
CUST1000527,2026-06,0.3109,0.4649,0.422,0.3547,0.448,0.3204
CUST1000528,2026-06,0.2634,0.3905,0.1913,0.3926,0.3549,0.0465
CUST1000529,2026-06,0.2806,0.3993,0.6562,0.4641,0.3323,0.1841
CUST1000530,2026-06,0.7202,0.223,0.4588,0.513,0.1957,0.0417
CUST1000531,2026-06,0.3595,0.3598,0.4646,0.5743,0.6341,0.0951
CUST1000532,2026-06,0.4823,0.3111,0.0187,0.6083,0.1572,0.196
CUST1000533,2026-06,0.3012,0.2438,0.2677,0.4005,0.2416,0.0638
CUST1000534,2026-06,0.5453,0.363,0.6571,0.3218,0.3019,0.2155
CUST1000535,2026-06,0.415,0.3564,0.5477,0.311,0.4488,0.1738
CUST1000536,2026-06,0.4254,0.2954,0.4188,0.4911,0.4398,0.168
CUST1000537,2026-06,0.339,0.3601,0.4639,0.1168,0.3281,0.1817
CUST1000538,2026-06,0.5139,0.4149,0.4761,0.3262,0.2652,0.2036
CUST1000539,2026-06,0.4972,0.1454,0.486,0.026,0.312,0.1673
CUST1000540,2026-06,0.3441,0.5556,0.4227,0.4457,0.3765,0.2035
CUST1000541,2026-06,0.4866,0.0724,0.4402,0.0988,0.5553,0.2271
CUST1000542,2026-06,0.2663,0.433,0.5849,0.5655,0.3014,0.3574
CUST1000543,2026-06,0.8395,0.1807,0.4887,0.3889,0.1408,0.2993
CUST1000544,2026-06,0.6131,0.2175,0.6537,0.1294,0.2044,0.1714
CUST1000545,2026-06,0.374,0.329,0.1019,0.2818,0.3713,0.0596
CUST1000546,2026-06,0.3773,0.5682,0.1854,0.3571,0.4792,0.2654
CUST1000547,2026-06,0.3655,0.3256,0.5928,0.4164,0.4483,0.2015
CUST1000548,2026-06,0.4256,0.4506,0.3359,0.4875,0.5034,0.1176
CUST1000549,2026-06,0.4506,0.4944,0.6219,0.5319,0.3073,0.0475
CUST1000550,2026-06,0.5239,0.0973,0.5026,0.2927,0.4023,0.3049
CUST1000551,2026-06,0.6879,0.4639,0.2647,0.4522,0.1479,0.0756
CUST1000552,2026-06,0.3762,0.2175,0.6184,0.2703,0.3749,0.1068
CUST1000553,2026-06,0.2767,0.2381,0.1623,0.1148,0.2607,0.1687
CUST1000554,2026-06,0.5173,0.4543,0.5387,0.5336,0.3165,0.1415
CUST1000555,2026-06,0.4345,0.0205,0.3258,0.3978,0.4702,0.01
CUST1000556,2026-06,0.4293,0.2968,0.6661,0.3381,0.4142,0.1768
CUST1000557,2026-06,0.4698,0.0485,0.2789,0.3979,0.3244,0.1031
CUST1000558,2026-06,0.4902,0.377,0.505,0.593,0.3871,0.1455
CUST1000559,2026-06,0.3254,0.2717,0.1719,0.2442,0.2238,0.0697
CUST1000560,2026-06,0.322,0.1123,0.1014,0.3238,0.4418,0.284
CUST1000561,2026-06,0.5101,0.0154,0.1553,0.5059,0.3003,0.2425
CUST1000562,2026-06,0.6234,0.2621,0.4714,0.5196,0.2539,0.0743
CUST1000563,2026-06,0.5168,0.313,0.5125,0.3494,0.4068,0.1619
CUST1000564,2026-06,0.2792,0.2848,0.2231,0.3394,0.4181,0.2602
CUST1000565,2026-06,0.4343,0.3786,0.368,0.421,0.3652,0.1822
CUST1000566,2026-06,0.3955,0.1882,0.6617,0.4465,0.3932,0.246
CUST1000567,2026-06,0.4744,0.4131,0.3387,0.5455,0.2214,0.2553
CUST1000568,2026-06,0.3217,0.4637,0.5737,0.3232,0.4554,0.1879
CUST1000569,2026-06,0.3491,0.3743,0.3531,0.3307,0.5988,0.2355
CUST1000570,2026-06,0.3871,0.3366,0.375,0.054,0.2981,0.154
CUST1000571,2026-06,0.5664,0.1836,0.4119,0.1329,0.3374,0.257
CUST1000572,2026-06,0.6734,0.1908,0.5642,0.2993,0.1994,0.0687
CUST1000573,2026-06,0.4791,0.3093,0.5234,0.4633,0.2854,0.2382
CUST1000574,2026-06,0.674,0.2993,0.4212,0.4603,0.2495,0.2183
CUST1000575,2026-06,0.524,0.5595,0.3671,0.2627,0.2394,0.1097
CUST1000576,2026-06,0.2684,0.1485,0.1006,0.4252,0.4971,0.2239
CUST1000577,2026-06,0.4304,0.2613,0.4003,0.5139,0.5112,0.1939
CUST1000578,2026-06,0.6343,0.0289,0.2447,0.3384,0.3232,0.1069
CUST1000579,2026-06,0.4848,0.682,0.8009,0.4194,0.4791,0.2383
CUST1000580,2026-06,0.4367,0.399,0.6314,0.184,0.2325,0.1234
CUST1000581,2026-06,0.6639,0.2587,0.3385,0.5219,0.2035,0.2366
CUST1000582,2026-06,0.4116,0.356,0.1093,0.4228,0.4143,0.2354
CUST1000583,2026-06,0.3751,0.3091,0.7124,0.5389,0.3475,0.3251
CUST1000584,2026-06,0.1847,0.2371,0.0602,0.2814,0.3853,0.1613
CUST1000585,2026-06,0.4086,0.1145,0.1804,0.2269,0.1804,0.2495
CUST1000586,2026-06,0.8286,0.2288,0.2925,0.4581,0.2012,0.1567
CUST1000587,2026-06,0.4668,0.2888,0.3,0.6029,0.288,0.2686
CUST1000588,2026-06,0.3275,0.289,0.1999,0.2678,0.1185,0.6247
CUST1000589,2026-06,0.6614,0.4604,0.355,0.3784,0.259,0.216
CUST1000590,2026-06,0.5465,0.516,0.3891,0.4423,0.3676,0.2874
CUST1000591,2026-06,0.1921,0.01,0.2321,0.1937,0.471,0.2656
CUST1000592,2026-06,0.6457,0.3077,0.3592,0.2097,0.2811,0.19
CUST1000593,2026-06,0.5968,0.2016,0.2897,0.3169,0.2005,0.1526
CUST1000594,2026-06,0.3093,0.508,0.01,0.3536,0.4166,0.2496
CUST1000595,2026-06,0.2824,0.2246,0.3254,0.2284,0.3845,0.1252
CUST1000596,2026-06,0.626,0.3847,0.4308,0.3853,0.2585,0.2538
CUST1000597,2026-06,0.6768,0.3025,0.4111,0.665,0.3224,0.2172
CUST1000598,2026-06,0.4729,0.3821,0.4976,0.4883,0.2607,0.3082
CUST1000599,2026-06,0.5279,0.3804,0.3753,0.5608,0.3632,0.2826
CUST1000600,2026-06,0.5069,0.1946,0.2517,0.1902,0.279,0.2448
CUST1000601,2026-06,0.1821,0.3189,0.0539,0.3913,0.2487,0.2394
CUST1000602,2026-06,0.2306,0.4167,0.1181,0.3711,0.3066,0.0709
CUST1000603,2026-06,0.3865,0.5095,0.4413,0.2605,0.4474,0.3263
CUST1000604,2026-06,0.3826,0.2802,0.2831,0.4668,0.536,0.1742
CUST1000605,2026-06,0.2052,0.3963,0.01,0.2986,0.3457,0.3051
CUST1000606,2026-06,0.4171,0.4238,0.3056,0.5672,0.368,0.113
CUST1000607,2026-06,0.1991,0.17,0.0114,0.3688,0.3371,0.047
CUST1000608,2026-06,0.4715,0.4991,0.2962,0.6525,0.415,0.1401
CUST1000609,2026-06,0.4426,0.5019,0.4864,0.3579,0.2599,0.01
CUST1000610,2026-06,0.2643,0.1862,0.1767,0.3417,0.357,0.2074
CUST1000611,2026-06,0.6747,0.5555,0.494,0.3618,0.4274,0.3149
CUST1000612,2026-06,0.3856,0.0557,0.01,0.0925,0.0856,0.1603
CUST1000613,2026-06,0.4693,0.01,0.5207,0.3436,0.1268,0.0514
CUST1000614,2026-06,0.2257,0.3488,0.3363,0.3138,0.2529,0.1866
CUST1000615,2026-06,0.5375,0.1195,0.4276,0.1133,0.1833,0.4732
CUST1000616,2026-06,0.532,0.1967,0.264,0.3976,0.2854,0.5022
CUST1000617,2026-06,0.5938,0.4498,0.4456,0.4721,0.2636,0.3329
CUST1000618,2026-06,0.211,0.3073,0.1839,0.3021,0.3366,0.194
CUST1000619,2026-06,0.4003,0.4132,0.3211,0.2092,0.2351,0.1161
CUST1000620,2026-06,0.6664,0.0725,0.5414,0.2415,0.3102,0.1561
CUST1000621,2026-06,0.1356,0.2622,0.3154,0.3097,0.3477,0.1546
CUST1000622,2026-06,0.1025,0.0965,0.1948,0.2625,0.2461,0.2534
CUST1000623,2026-06,0.6601,0.0683,0.2217,0.4534,0.3783,0.2056
CUST1000624,2026-06,0.4433,0.339,0.4537,0.3719,0.2451,0.1831
CUST1000625,2026-06,0.595,0.4385,0.6789,0.5452,0.3582,0.2826
CUST1000626,2026-06,0.4496,0.1013,0.2219,0.5491,0.1879,0.0803
CUST1000627,2026-06,0.2595,0.01,0.1792,0.1466,0.6225,0.1707
CUST1000628,2026-06,0.2289,0.2283,0.2794,0.3102,0.3424,0.2169
CUST1000629,2026-06,0.3499,0.5824,0.5277,0.2326,0.3079,0.1891
CUST1000630,2026-06,0.5077,0.1465,0.1747,0.5497,0.4842,0.2019
CUST1000631,2026-06,0.6394,0.262,0.4747,0.4337,0.2281,0.1118
CUST1000632,2026-06,0.4895,0.2256,0.1962,0.3484,0.2502,0.2331
CUST1000633,2026-06,0.1491,0.2773,0.0648,0.3082,0.3364,0.2303
CUST1000634,2026-06,0.6743,0.3278,0.4344,0.5002,0.2917,0.1238
CUST1000635,2026-06,0.4153,0.6069,0.5983,0.4968,0.3244,0.1523
CUST1000636,2026-06,0.5802,0.4555,0.2341,0.2529,0.3406,0.1187
CUST1000637,2026-06,0.6318,0.406,0.3731,0.4607,0.1268,0.131
CUST1000638,2026-06,0.6423,0.1702,0.3927,0.3377,0.2142,0.2218
CUST1000639,2026-06,0.3227,0.01,0.0825,0.3769,0.4949,0.2465
CUST1000640,2026-06,0.4786,0.554,0.5636,0.2817,0.5387,0.1468
CUST1000641,2026-06,0.5348,0.3258,0.1109,0.5015,0.3958,0.2279
CUST1000642,2026-06,0.5746,0.2085,0.4607,0.3183,0.2973,0.1547
CUST1000643,2026-06,0.3741,0.1363,0.1828,0.3023,0.3003,0.2643
CUST1000644,2026-06,0.5827,0.2785,0.5851,0.2865,0.2983,0.309
CUST1000645,2026-06,0.1235,0.2569,0.0916,0.3121,0.2867,0.1252
CUST1000646,2026-06,0.4084,0.322,0.3895,0.5241,0.5187,0.223
CUST1000647,2026-06,0.5296,0.1205,0.3348,0.5461,0.2746,0.1433
CUST1000648,2026-06,0.4935,0.0656,0.131,0.4023,0.505,0.115
CUST1000649,2026-06,0.4942,0.3732,0.4653,0.5428,0.375,0.2509
CUST1000650,2026-06,0.5389,0.3397,0.5104,0.2393,0.3566,0.15
CUST1000651,2026-06,0.4699,0.2371,0.4462,0.4572,0.2627,0.2165
CUST1000652,2026-06,0.4017,0.0283,0.5464,0.1464,0.505,0.068
CUST1000653,2026-06,0.0925,0.2067,0.4047,0.1563,0.319,0.3031
CUST1000654,2026-06,0.3724,0.1645,0.5221,0.2444,0.6232,0.2618
CUST1000655,2026-06,0.6993,0.1294,0.4683,0.4449,0.12,0.2052
CUST1000656,2026-06,0.548,0.5385,0.4933,0.3586,0.2056,0.2492
CUST1000657,2026-06,0.4288,0.298,0.3109,0.4105,0.3983,0.0537
CUST1000658,2026-06,0.7736,0.5905,0.2426,0.505,0.2704,0.4424
CUST1000659,2026-06,0.5294,0.5369,0.3268,0.3213,0.2889,0.2193
CUST1000660,2026-06,0.4928,0.4692,0.2685,0.4877,0.3523,0.2607
CUST1000661,2026-06,0.4047,0.5629,0.4463,0.4343,0.3957,0.1847
CUST1000662,2026-06,0.4243,0.0859999999999999,0.1654,0.2262,0.1988,0.1277
CUST1000663,2026-06,0.6288,0.1852,0.1969,0.5041,0.2328,0.3252
CUST1000664,2026-06,0.3904,0.01,0.3332,0.2165,0.1778,0.2411
CUST1000665,2026-06,0.2048,0.3761,0.2211,0.2107,0.5128,0.0743
CUST1000666,2026-06,0.6718,0.4097,0.5955,0.4863,0.3553,0.192
CUST1000667,2026-06,0.7122,0.0965,0.2255,0.3792,0.2254,0.2268
CUST1000668,2026-06,0.665,0.5219,0.5447,0.5985,0.3223,0.0548
CUST1000669,2026-06,0.2196,0.2319,0.2514,0.2627,0.1764,0.2686
CUST1000670,2026-06,0.3376,0.5309,0.2453,0.5139,0.405,0.2378
CUST1000671,2026-06,0.4854,0.3788,0.156,0.4801,0.2977,0.1318
CUST1000672,2026-06,0.7262,0.1945,0.3377,0.3852,0.3186,0.124
CUST1000673,2026-06,0.5036,0.2644,0.3502,0.3405,0.2093,0.1958
CUST1000674,2026-06,0.3641,0.415,0.1487,0.4282,0.3698,0.2228
CUST1000675,2026-06,0.1896,0.0266,0.2332,0.2236,0.531,0.0299
CUST1000676,2026-06,0.489,0.4703,0.4063,0.5057,0.2904,0.2307
CUST1000677,2026-06,0.4226,0.3552,0.5972,0.3243,0.3855,0.1991
CUST1000678,2026-06,0.4778,0.5118,0.2741,0.3028,0.2626,0.1783
CUST1000679,2026-06,0.1938,0.0368,0.15,0.1536,0.2797,0.0442
CUST1000680,2026-06,0.7044,0.1026,0.214,0.2566,0.2524,0.3058
CUST1000681,2026-06,0.6,0.4254,0.4381,0.489,0.3923,0.3188
CUST1000682,2026-06,0.4616,0.1755,0.074,0.546,0.4115,0.2517
CUST1000683,2026-06,0.4806,0.3951,0.4449,0.1978,0.3999,0.1949
CUST1000684,2026-06,0.5802,0.3491,0.3835,0.4292,0.368,0.1586
CUST1000685,2026-06,0.3484,0.2494,0.8096,0.5098,0.293,0.3006
CUST1000686,2026-06,0.6757,0.2762,0.3935,0.4198,0.1436,0.0684
CUST1000687,2026-06,0.5363,0.2772,0.4443,0.1635,0.3357,0.2622
CUST1000688,2026-06,0.0171,0.1248,0.0661999999999999,0.3223,0.2726,0.1603
CUST1000689,2026-06,0.4136,0.4342,0.3827,0.3328,0.2442,0.1383
CUST1000690,2026-06,0.5333,0.5509,0.6954,0.4068,0.3921,0.2908
CUST1000691,2026-06,0.5639,0.4962,0.5524,0.5309,0.3035,0.2273
CUST1000692,2026-06,0.0599,0.3356,0.3325,0.3768,0.4461,0.1299
CUST1000693,2026-06,0.3893,0.1394,0.308,0.4449,0.4937,0.1362
CUST1000694,2026-06,0.2261,0.3187,0.1017,0.6333,0.5599,0.1029
CUST1000695,2026-06,0.4223,0.4755,0.2854,0.1826,0.2594,0.285
CUST1000696,2026-06,0.752,0.3409,0.4589,0.3815,0.1599,0.1963
CUST1000697,2026-06,0.1226,0.1557,0.01,0.3597,0.4587,0.4027
CUST1000698,2026-06,0.4569,0.3373,0.1218,0.2943,0.5318,0.1409
CUST1000699,2026-06,0.337,0.3467,0.5996,0.3238,0.1626,0.1538
CUST1000700,2026-06,0.4905,0.01,0.0451,0.4987,0.2673,0.6504
CUST1000701,2026-06,0.4393,0.1943,0.3363,0.2407,0.5127,0.1604
CUST1000702,2026-06,0.1332,0.01,0.1824,0.2265,0.4068,0.1627
CUST1000703,2026-06,0.1264,0.3864,0.1313,0.2647,0.441,0.189
CUST1000704,2026-06,0.5914,0.1726,0.5623,0.3649,0.272,0.2092
CUST1000705,2026-06,0.0834,0.1982,0.0895,0.2579,0.4962,0.3028
CUST1000706,2026-06,0.1874,0.05,0.2752,0.2668,0.1383,0.0679
CUST1000707,2026-06,0.2706,0.38,0.3138,0.2576,0.3241,0.1816
CUST1000708,2026-06,0.213,0.1756,0.2801,0.2083,0.4397,0.0444
CUST1000709,2026-06,0.5095,0.3469,0.3995,0.5624,0.2657,0.5128
CUST1000710,2026-06,0.4444,0.2943,0.4418,0.1702,0.3552,0.2181
CUST1000711,2026-06,0.5416,0.3632,0.5477,0.3014,0.3921,0.1698
CUST1000712,2026-06,0.3818,0.2775,0.3662,0.4665,0.5369,0.3222
CUST1000713,2026-06,0.5605,0.1827,0.3697,0.2587,0.2221,0.2354
CUST1000714,2026-06,0.4161,0.5434,0.503,0.4349,0.5079,0.1916
CUST1000715,2026-06,0.7079,0.2539,0.3631,0.3416,0.2322,0.1536
CUST1000716,2026-06,0.5215,0.265,0.4741,0.4504,0.2167,0.1913
CUST1000717,2026-06,0.5321,0.495,0.5366,0.2418,0.5296,0.2406
CUST1000718,2026-06,0.5028,0.4252,0.3906,0.5047,0.2263,0.1871
CUST1000719,2026-06,0.6553,0.4142,0.4536,0.5091,0.1115,0.0886
CUST1000720,2026-06,0.3281,0.4113,0.5281,0.4725,0.4895,0.2095
CUST1000721,2026-06,0.4376,0.2336,0.2752,0.3057,0.4212,0.1255
CUST1000722,2026-06,0.5431,0.3737,0.4194,0.4742,0.2838,0.161
CUST1000723,2026-06,0.4547,0.3056,0.7456,0.3002,0.3332,0.1028
CUST1000724,2026-06,0.3067,0.01,0.2693,0.3221,0.4518,0.113
CUST1000725,2026-06,0.2258,0.01,0.2603,0.283,0.4614,0.2252
CUST1000726,2026-06,0.7705,0.3437,0.4072,0.1539,0.2684,0.1351
CUST1000727,2026-06,0.3222,0.0981,0.0356,0.0729,0.4015,0.0541
CUST1000728,2026-06,0.5838,0.1078,0.5065,0.4619,0.262,0.0856
CUST1000729,2026-06,0.5795,0.5597,0.4557,0.5185,0.3616,0.2926
CUST1000730,2026-06,0.2662,0.2782,0.125,0.4085,0.4076,0.2059
CUST1000731,2026-06,0.3983,0.5633,0.5226,0.3551,0.2995,0.0292
CUST1000732,2026-06,0.5002,0.278,0.2338,0.4875,0.571,0.0651
CUST1000733,2026-06,0.619,0.2047,0.2467,0.4768,0.2334,0.0661999999999999
CUST1000734,2026-06,0.589,0.5464,0.46,0.2832,0.6558,0.1912
CUST1000735,2026-06,0.5004,0.4559,0.439,0.3963,0.2912,0.0142
CUST1000736,2026-06,0.3207,0.0775,0.1921,0.1548,0.367,0.6353
CUST1000737,2026-06,0.5801,0.4685,0.4551,0.5085,0.3466,0.0529
CUST1000738,2026-06,0.4284,0.3413,0.4542,0.575,0.2661,0.1228
CUST1000739,2026-06,0.7164,0.3963,0.4367,0.4416,0.2188,0.1644
CUST1000740,2026-06,0.4273,0.1656,0.2987,0.2928,0.323,0.1495
CUST1000741,2026-06,0.2262,0.3064,0.2381,0.35,0.1675,0.207
CUST1000742,2026-06,0.6497,0.2078,0.5501,0.4684,0.2306,0.5627
CUST1000743,2026-06,0.2927,0.3642,0.2555,0.6355,0.4714,0.1673
CUST1000744,2026-06,0.2277,0.5188,0.3074,0.1856,0.383,0.0844
CUST1000745,2026-06,0.2525,0.2753,0.1801,0.2095,0.1503,0.1187
CUST1000746,2026-06,0.5776,0.4416,0.3886,0.5423,0.2787,0.0748
CUST1000747,2026-06,0.6856,0.6123,0.5068,0.5136,0.26,0.11
CUST1000748,2026-06,0.5077,0.3123,0.3568,0.3129,0.4384,0.2339
CUST1000749,2026-06,0.6295,0.405,0.402,0.3027,0.2785,0.2673
CUST1000750,2026-06,0.5015,0.1874,0.4791,0.244,0.4045,0.2529
CUST1000751,2026-06,0.4082,0.5733,0.2166,0.2641,0.1806,0.2097
CUST1000752,2026-06,0.6764,0.1879,0.3368,0.4665,0.251,0.2112
CUST1000753,2026-06,0.3525,0.01,0.1548,0.3665,0.2805,0.6132
CUST1000754,2026-06,0.6222,0.2535,0.2777,0.5329,0.2644,0.2007
CUST1000755,2026-06,0.415,0.5091,0.6291,0.2685,0.3287,0.0614
CUST1000756,2026-06,0.3445,0.3321,0.4159,0.5089,0.4468,0.1164
CUST1000757,2026-06,0.3797,0.4695,0.5332,0.1601,0.3025,0.1569
CUST1000758,2026-06,0.2067,0.015,0.1732,0.4454,0.3894,0.0801
CUST1000759,2026-06,0.6499,0.448,0.5153,0.4227,0.1789,0.2823
CUST1000760,2026-06,0.4933,0.1592,0.4494,0.198,0.1233,0.1945
CUST1000761,2026-06,0.6448,0.2126,0.388,0.3823,0.1429,0.2302
CUST1000762,2026-06,0.5143,0.0777999999999999,0.2159,0.2747,0.2094,0.0964
CUST1000763,2026-06,0.538,0.187,0.4663,0.6409,0.2874,0.1225
CUST1000764,2026-06,0.4949,0.1967,0.0457,0.5338,0.42,0.1671
CUST1000765,2026-06,0.4865,0.2546,0.4123,0.241,0.4612,0.083
CUST1000766,2026-06,0.5405,0.4933,0.4194,0.4319,0.3734,0.2688
CUST1000767,2026-06,0.4682,0.4395,0.4191,0.3003,0.3318,0.2136
CUST1000768,2026-06,0.1806,0.1753,0.0704999999999999,0.5294,0.5928,0.1363
CUST1000769,2026-06,0.2887,0.3033,0.2019,0.4324,0.4283,0.2395
CUST1000770,2026-06,0.6473,0.3682,0.4728,0.4871,0.2303,0.3338
CUST1000771,2026-06,0.637,0.4877,0.3048,0.3758,0.2709,0.5175
CUST1000772,2026-06,0.3506,0.3334,0.3645,0.5296,0.2416,0.0854
CUST1000773,2026-06,0.6234,0.1117,0.3458,0.4315,0.3578,0.2156
CUST1000774,2026-06,0.355,0.1829,0.0415,0.3539,0.3502,0.1533
CUST1000775,2026-06,0.4456,0.6268,0.427,0.3097,0.3243,0.1738
CUST1000776,2026-06,0.5065,0.316,0.3682,0.3433,0.3807,0.1008
CUST1000777,2026-06,0.3944,0.4142,0.3751,0.1488,0.4963,0.2249
CUST1000778,2026-06,0.5846,0.5392,0.3601,0.5224,0.5705,0.1842
CUST1000779,2026-06,0.5273,0.3437,0.3492,0.3012,0.4389,0.1271
CUST1000780,2026-06,0.6212,0.5561,0.4447,0.5276,0.4344,0.1854
CUST1000781,2026-06,0.2301,0.2056,0.0271,0.2623,0.4982,0.1436
CUST1000782,2026-06,0.466,0.2267,0.5908,0.0765,0.2087,0.2599
CUST1000783,2026-06,0.6526,0.2713,0.5056,0.2326,0.1554,0.1942
CUST1000784,2026-06,0.4251,0.01,0.189,0.0576,0.412,0.249
CUST1000785,2026-06,0.5105,0.5193,0.3385,0.1108,0.3853,0.1311
CUST1000786,2026-06,0.5126,0.2976,0.458,0.2719,0.2953,0.0906
CUST1000787,2026-06,0.317,0.3252,0.3966,0.4508,0.3749,0.0993
CUST1000788,2026-06,0.4633,0.3462,0.6757,0.3811,0.3468,0.5879
CUST1000789,2026-06,0.2934,0.3922,0.3832,0.2424,0.3937,0.1252
CUST1000790,2026-06,0.5861,0.3903,0.5524,0.5959,0.4592,0.0988
CUST1000791,2026-06,0.5044,0.01,0.01,0.2689,0.179,0.6409
CUST1000792,2026-06,0.6471,0.3193,0.5418,0.475,0.2454,0.4637
CUST1000793,2026-06,0.6183,0.3013,0.5033,0.4153,0.3633,0.01
CUST1000794,2026-06,0.324,0.3664,0.3453,0.2582,0.3796,0.0601
CUST1000795,2026-06,0.2719,0.2145,0.3673,0.4417,0.5375,0.2142
CUST1000796,2026-06,0.2303,0.4349,0.5805,0.3456,0.4434,0.3724
CUST1000797,2026-06,0.44,0.2782,0.4313,0.0406,0.3247,0.1276
CUST1000798,2026-06,0.3124,0.4633,0.3575,0.3094,0.2658,0.159
CUST1000799,2026-06,0.4351,0.0296,0.0554,0.3754,0.405,0.061
CUST1000800,2026-06,0.5362,0.4321,0.1992,0.4661,0.6267,0.1444
CUST1000801,2026-06,0.3367,0.4506,0.5407,0.2787,0.2012,0.1547
CUST1000802,2026-06,0.6391,0.1828,0.409,0.5033,0.2373,0.2206
CUST1000803,2026-06,0.3143,0.1745,0.3351,0.5456,0.545,0.4229
CUST1000804,2026-06,0.4981,0.3901,0.5845,0.5192,0.4292,0.1919
CUST1000805,2026-06,0.1486,0.1114,0.1504,0.3669,0.3689,0.1193
CUST1000806,2026-06,0.2931,0.3885,0.4886,0.3009,0.3296,0.0947
CUST1000807,2026-06,0.5203,0.3603,0.5574,0.253,0.4087,0.01
CUST1000808,2026-06,0.644,0.4335,0.4885,0.6132,0.4211,0.2877
CUST1000809,2026-06,0.6912,0.2528,0.3212,0.3229,0.121,0.2671
CUST1000810,2026-06,0.6169,0.4693,0.4614,0.2358,0.3101,0.1416
CUST1000811,2026-06,0.3895,0.4611,0.4639,0.3738,0.5329,0.2465
CUST1000812,2026-06,0.4241,0.4198,0.2784,0.4183,0.4169,0.2316
CUST1000813,2026-06,0.5438,0.3434,0.5027,0.2528,0.2421,0.1283
CUST1000814,2026-06,0.4548,0.2933,0.402,0.4451,0.3351,0.2816
CUST1000815,2026-06,0.3743,0.3758,0.5795,0.393,0.3265,0.1333
CUST1000816,2026-06,0.2183,0.277,0.1856,0.3153,0.4518,0.2495
CUST1000817,2026-06,0.2018,0.3134,0.1737,0.3666,0.4822,0.1464
CUST1000818,2026-06,0.7028,0.1282,0.6878,0.4529,0.3556,0.1018
CUST1000819,2026-06,0.01,0.1701,0.2209,0.142,0.3532,0.2604
CUST1000820,2026-06,0.3583,0.5413,0.614,0.4619,0.2258,0.1791
CUST1000821,2026-06,0.4265,0.4931,0.3561,0.5053,0.2668,0.1444
CUST1000822,2026-06,0.3229,0.2515,0.1714,0.4165,0.3658,0.2684
CUST1000823,2026-06,0.4194,0.44,0.5504,0.5651,0.4373,0.01
CUST1000824,2026-06,0.4311,0.2271,0.3875,0.3677,0.4776,0.1717
CUST1000825,2026-06,0.6278,0.01,0.1924,0.4974,0.1971,0.2466
CUST1000826,2026-06,0.2414,0.292,0.1514,0.5957,0.1649,0.1684
CUST1000827,2026-06,0.1063,0.2648,0.033,0.2446,0.1484,0.212
CUST1000828,2026-06,0.3351,0.3752,0.2307,0.3289,0.3678,0.2249
CUST1000829,2026-06,0.3133,0.0522,0.1828,0.1763,0.5799,0.0855
CUST1000830,2026-06,0.6815,0.5119,0.5032,0.5147,0.0939,0.094
CUST1000831,2026-06,0.4774,0.0944,0.4077,0.5418,0.1518,0.1822
CUST1000832,2026-06,0.598,0.2558,0.4477,0.3171,0.4368,0.3215
CUST1000833,2026-06,0.5153,0.4713,0.4459,0.0792,0.3411,0.1781
CUST1000834,2026-06,0.4591,0.3422,0.576,0.3319,0.3563,0.2175
CUST1000835,2026-06,0.2214,0.2209,0.1817,0.4202,0.3203,0.1528
CUST1000836,2026-06,0.5715,0.1177,0.2568,0.286,0.291,0.216
CUST1000837,2026-06,0.5555,0.3861,0.2543,0.3647,0.2147,0.2628
CUST1000838,2026-06,0.4306,0.4607,0.54,0.4538,0.3119,0.1169
CUST1000839,2026-06,0.5496,0.3991,0.5517,0.2651,0.2368,0.1664
CUST1000840,2026-06,0.4331,0.6102,0.3654,0.36,0.4796,0.1473
CUST1000841,2026-06,0.1329,0.133,0.2238,0.4319,0.2779,0.1927
CUST1000842,2026-06,0.2174,0.3338,0.0566,0.1727,0.3161,0.0659
CUST1000843,2026-06,0.1648,0.3678,0.1396,0.3733,0.3982,0.245
CUST1000844,2026-06,0.4666,0.3653,0.6513,0.3259,0.207,0.1653
CUST1000845,2026-06,0.4202,0.298,0.481,0.1305,0.4605,0.1116
CUST1000846,2026-06,0.2392,0.3405,0.2445,0.2567,0.3271,0.108
CUST1000847,2026-06,0.2339,0.3773,0.1693,0.291,0.3859,0.1117
CUST1000848,2026-06,0.2652,0.5071,0.3392,0.2378,0.4125,0.258
CUST1000849,2026-06,0.3747,0.4027,0.4804,0.264,0.3683,0.293
CUST1000850,2026-06,0.7835,0.1496,0.3573,0.162,0.3089,0.2805
CUST1000851,2026-06,0.4017,0.4039,0.4876,0.2645,0.3708,0.3266
CUST1000852,2026-06,0.4262,0.2666,0.0593,0.1374,0.3606,0.1441
CUST1000853,2026-06,0.4978,0.2571,0.5838,0.5025,0.3881,0.1132
CUST1000854,2026-06,0.4095,0.3967,0.4805,0.5079,0.3761,0.1798
CUST1000855,2026-06,0.2005,0.01,0.2531,0.2162,0.3749,0.2868
CUST1000856,2026-06,0.4258,0.1491,0.2113,0.5286,0.3124,0.2464
CUST1000857,2026-06,0.2733,0.0747,0.3326,0.4478,0.4374,0.1362
CUST1000858,2026-06,0.4698,0.5188,0.5903,0.3248,0.363,0.0747
CUST1000859,2026-06,0.719,0.4705,0.4669,0.4899,0.3527,0.1475
CUST1000860,2026-06,0.4783,0.1354,0.3938,0.1661,0.6287,0.0555
CUST1000861,2026-06,0.4859,0.3594,0.2442,0.6276,0.4697,0.1254
CUST1000862,2026-06,0.1921,0.01,0.0683,0.1327,0.3367,0.2482
CUST1000863,2026-06,0.3334,0.5369,0.5447,0.4759,0.3418,0.1902
CUST1000864,2026-06,0.3506,0.2726,0.629,0.3965,0.4469,0.0239
CUST1000865,2026-06,0.573,0.076,0.0405,0.5488,0.2074,0.1384
CUST1000866,2026-06,0.441,0.3014,0.4195,0.3854,0.4427,0.0796999999999999
CUST1000867,2026-06,0.5791,0.3194,0.4125,0.4284,0.276,0.111
CUST1000868,2026-06,0.1614,0.2372,0.0639,0.3772,0.21,0.1814
CUST1000869,2026-06,0.4778,0.4601,0.5431,0.1584,0.3203,0.0606
CUST1000870,2026-06,0.3983,0.01,0.0598,0.4677,0.1131,0.234
CUST1000871,2026-06,0.6239,0.379,0.4065,0.482,0.337,0.01
CUST1000872,2026-06,0.5397,0.4769,0.5426,0.3176,0.2536,0.244
CUST1000873,2026-06,0.3069,0.308,0.3303,0.248,0.52,0.169
CUST1000874,2026-06,0.4339,0.3553,0.4881,0.2032,0.473,0.2689
CUST1000875,2026-06,0.3382,0.4094,0.3652,0.0999,0.4223,0.1882
CUST1000876,2026-06,0.3215,0.3711,0.1121,0.5131,0.4896,0.1928
CUST1000877,2026-06,0.4538,0.2293,0.4044,0.3752,0.2239,0.2781
CUST1000878,2026-06,0.3867,0.4807,0.337,0.5028,0.2789,0.0463
CUST1000879,2026-06,0.5253,0.1511,0.5399,0.439,0.1553,0.1789
CUST1000880,2026-06,0.3859,0.331,0.1192,0.4303,0.4324,0.3682
CUST1000881,2026-06,0.6876,0.1287,0.3186,0.3077,0.4047,0.2605
CUST1000882,2026-06,0.3701,0.4508,0.7027,0.2027,0.3347,0.173
CUST1000883,2026-06,0.5259,0.1896,0.2775,0.3007,0.2942,0.1713
CUST1000884,2026-06,0.4972,0.1196,0.0514,0.2736,0.3478,0.149
CUST1000885,2026-06,0.5689,0.4583,0.4052,0.3982,0.3719,0.2103
CUST1000886,2026-06,0.8133,0.2936,0.1619,0.369,0.0921,0.1262
CUST1000887,2026-06,0.4088,0.3322,0.2491,0.4064,0.3157,0.2669
CUST1000888,2026-06,0.3619,0.5386,0.435,0.4233,0.329,0.1637
CUST1000889,2026-06,0.0864999999999999,0.01,0.1939,0.1701,0.4523,0.1684
CUST1000890,2026-06,0.4971,0.2873,0.0607,0.607,0.4466,0.0738
CUST1000891,2026-06,0.4644,0.2643,0.5411,0.4057,0.5156,0.0591
CUST1000892,2026-06,0.2877,0.3622,0.1476,0.4028,0.43,0.1832
CUST1000893,2026-06,0.1209,0.5505,0.5913,0.2404,0.4545,0.1354
CUST1000894,2026-06,0.4309,0.1057,0.5298,0.2433,0.4612,0.2579
CUST1000895,2026-06,0.7556,0.2078,0.4247,0.4612,0.1768,0.1529
CUST1000896,2026-06,0.1938,0.2534,0.1629,0.1469,0.3906,0.1993
CUST1000897,2026-06,0.7416,0.5999,0.2222,0.4652,0.2925,0.6016
CUST1000898,2026-06,0.5901,0.1299,0.4764,0.2631,0.1922,0.0911
CUST1000899,2026-06,0.4347,0.4322,0.4839,0.2546,0.4504,0.0924
CUST1000900,2026-06,0.3666,0.1015,0.1502,0.0985,0.2849,0.2107
CUST1000901,2026-06,0.4228,0.0733,0.2952,0.1587,0.5285,0.212
CUST1000902,2026-06,0.5225,0.5228,0.6223,0.4384,0.3424,0.01
CUST1000903,2026-06,0.1987,0.052,0.1623,0.1399,0.2024,0.1902
CUST1000904,2026-06,0.5491,0.4476,0.5834,0.44,0.3153,0.5026
CUST1000905,2026-06,0.4756,0.4485,0.2456,0.3744,0.5227,0.0459
CUST1000906,2026-06,0.7239,0.2284,0.3416,0.3554,0.2548,0.1315
CUST1000907,2026-06,0.2745,0.0649,0.1166,0.234,0.2437,0.2366
CUST1000908,2026-06,0.1073,0.3122,0.0856,0.262,0.3073,0.6174
CUST1000909,2026-06,0.4469,0.4901,0.4168,0.4064,0.258,0.271
CUST1000910,2026-06,0.463,0.2666,0.403,0.5077,0.3634,0.215
CUST1000911,2026-06,0.3953,0.7235,0.6402,0.2158,0.3701,0.2441
CUST1000912,2026-06,0.7893,0.1853,0.5008,0.5273,0.3262,0.1104
CUST1000913,2026-06,0.3728,0.2246,0.3782,0.2541,0.4823,0.1609
CUST1000914,2026-06,0.3993,0.3522,0.3906,0.3674,0.3767,0.1743
CUST1000915,2026-06,0.5288,0.3425,0.5641,0.5026,0.2914,0.2085
CUST1000916,2026-06,0.0492,0.1446,0.3776,0.3517,0.3407,0.22
CUST1000917,2026-06,0.6856,0.2353,0.4784,0.4847,0.2325,0.23
CUST1000918,2026-06,0.2442,0.1444,0.1594,0.2775,0.3155,0.1817
CUST1000919,2026-06,0.587,0.3232,0.4273,0.503,0.4342,0.2847
CUST1000920,2026-06,0.5493,0.0798,0.159,0.3637,0.2589,0.2622
CUST1000921,2026-06,0.3692,0.3421,0.3857,0.3513,0.4679,0.2342
CUST1000922,2026-06,0.2866,0.2676,0.146,0.1696,0.3908,0.2624
CUST1000923,2026-06,0.4696,0.1626,0.3094,0.3914,0.4083,0.1248
CUST1000924,2026-06,0.3899,0.5928,0.3839,0.3141,0.3544,0.1768
CUST1000925,2026-06,0.3912,0.4495,0.4243,0.2864,0.5562,0.1514
CUST1000926,2026-06,0.5565,0.2917,0.3322,0.412,0.4378,0.1467
CUST1000927,2026-06,0.1668,0.3561,0.0261,0.3069,0.2499,0.1596
CUST1000928,2026-06,0.4848,0.5868,0.3613,0.3831,0.3091,0.2232
CUST1000929,2026-06,0.6147,0.2159,0.307,0.3883,0.3257,0.2957
CUST1000930,2026-06,0.3308,0.2733,0.2608,0.2505,0.6021,0.1389
CUST1000931,2026-06,0.2055,0.2394,0.1355,0.214,0.1107,0.1494
CUST1000932,2026-06,0.3868,0.017,0.1067,0.1023,0.2625,0.295
CUST1000933,2026-06,0.3908,0.3966,0.458,0.3748,0.429,0.1036
CUST1000934,2026-06,0.568,0.01,0.4014,0.4818,0.2488,0.367
CUST1000935,2026-06,0.5323,0.4003,0.8124,0.5247,0.3777,0.1084
CUST1000936,2026-06,0.4743,0.0531,0.1494,0.2587,0.2269,0.2104
CUST1000937,2026-06,0.6846,0.5869,0.5549,0.2653,0.3473,0.0447
CUST1000938,2026-06,0.3868,0.501,0.6258,0.4696,0.4745,0.2321
CUST1000939,2026-06,0.2875,0.2702,0.0516,0.2962,0.277,0.3813
CUST1000940,2026-06,0.2879,0.139,0.0394,0.4217,0.4513,0.2405
CUST1000941,2026-06,0.574,0.4523,0.3394,0.654,0.2841,0.2173
CUST1000942,2026-06,0.7045,0.3715,0.4743,0.4953,0.42,0.101
CUST1000943,2026-06,0.2707,0.4767,0.6421,0.3858,0.4262,0.01
CUST1000944,2026-06,0.4177,0.4789,0.3203,0.6256,0.5754,0.1451
CUST1000945,2026-06,0.6254,0.3533,0.263,0.4126,0.2811,0.1913
CUST1000946,2026-06,0.2139,0.2202,0.2014,0.4884,0.4313,0.1572
CUST1000947,2026-06,0.5666,0.3602,0.3897,0.531,0.3417,0.2331
CUST1000948,2026-06,0.1676,0.01,0.0568,0.0983,0.4693,0.0774
CUST1000949,2026-06,0.4704,0.445,0.6938,0.4281,0.1608,0.0833
CUST1000950,2026-06,0.4432,0.2213,0.4139,0.4256,0.4014,0.1641
CUST1000951,2026-06,0.5815,0.0798,0.4635,0.4499,0.3555,0.139
CUST1000952,2026-06,0.5141,0.342,0.4536,0.4882,0.3243,0.1247
CUST1000953,2026-06,0.4363,0.3232,0.1787,0.5345,0.3047,0.6825
CUST1000954,2026-06,0.4446,0.4111,0.6502,0.414,0.2405,0.033
CUST1000955,2026-06,0.1826,0.3693,0.01,0.3355,0.3043,0.1344
CUST1000956,2026-06,0.4775,0.4455,0.6935,0.4055,0.3635,0.1832
CUST1000957,2026-06,0.3464,0.0133,0.1718,0.5818,0.4027,0.1899
CUST1000958,2026-06,0.0674,0.1305,0.0191,0.2444,0.3589,0.0426
CUST1000959,2026-06,0.321,0.0348,0.1037,0.3815,0.4301,0.1498
CUST1000960,2026-06,0.4339,0.4656,0.279,0.5359,0.3912,0.1748
CUST1000961,2026-06,0.6052,0.1548,0.5164,0.2817,0.2686,0.2495
CUST1000962,2026-06,0.061,0.3599,0.132,0.24,0.5845,0.1568
CUST1000963,2026-06,0.1903,0.045,0.0716,0.2691,0.1833,0.16
CUST1000964,2026-06,0.6018,0.2078,0.4164,0.5618,0.0853,0.2287
CUST1000965,2026-06,0.2187,0.2323,0.2521,0.2258,0.4561,0.1499
CUST1000966,2026-06,0.5027,0.3461,0.3758,0.1329,0.4267,0.1207
CUST1000967,2026-06,0.4298,0.5547,0.1451,0.387,0.3047,0.1974
CUST1000968,2026-06,0.3136,0.573,0.3687,0.4077,0.4825,0.1656
CUST1000969,2026-06,0.5505,0.1662,0.3872,0.3222,0.4093,0.2058
CUST1000970,2026-06,0.3275,0.2261,0.2186,0.2085,0.4123,0.1114
CUST1000971,2026-06,0.6036,0.0477,0.4445,0.2057,0.179,0.3402
CUST1000972,2026-06,0.2635,0.4318,0.6028,0.0981,0.2803,0.3041
CUST1000973,2026-06,0.4251,0.6122,0.5551,0.4515,0.4264,0.2298
CUST1000974,2026-06,0.5374,0.3719,0.5205,0.3239,0.489,0.2316
CUST1000975,2026-06,0.4101,0.2116,0.2521,0.4156,0.2164,0.6122
CUST1000976,2026-06,0.4276,0.3693,0.5404,0.5056,0.1115,0.0937999999999999
CUST1000977,2026-06,0.3818,0.243,0.3104,0.4455,0.3269,0.2054
CUST1000978,2026-06,0.2961,0.1969,0.1601,0.37,0.3385,0.3471
CUST1000979,2026-06,0.4835,0.01,0.1863,0.2763,0.3264,0.287
CUST1000980,2026-06,0.3438,0.3268,0.0963,0.504,0.3274,0.1354
CUST1000981,2026-06,0.4014,0.3699,0.265,0.4652,0.4113,0.657
CUST1000982,2026-06,0.4714,0.3459,0.2357,0.1827,0.3691,0.2504
CUST1000983,2026-06,0.5029,0.3755,0.5831,0.5182,0.3786,0.1599
CUST1000984,2026-06,0.569,0.3928,0.3096,0.5119,0.4876,0.1058
CUST1000985,2026-06,0.6545,0.3796,0.6492,0.3332,0.3544,0.2145
CUST1000986,2026-06,0.5385,0.091,0.2054,0.1586,0.3818,0.2864
CUST1000987,2026-06,0.699,0.1738,0.5098,0.4431,0.2255,0.3017
CUST1000988,2026-06,0.2849,0.378,0.2269,0.4359,0.3718,0.6337
CUST1000989,2026-06,0.6722,0.1974,0.5267,0.0885,0.2534,0.0824
CUST1000990,2026-06,0.3399,0.5031,0.5643,0.5156,0.4245,0.3244
CUST1000991,2026-06,0.2344,0.1362,0.0505,0.1481,0.3383,0.1184
CUST1000992,2026-06,0.4134,0.3172,0.12,0.6572,0.3199,0.1364
CUST1000993,2026-06,0.4296,0.1052,0.3985,0.413,0.1486,0.195
CUST1000994,2026-06,0.4561,0.2704,0.2876,0.2684,0.225,0.2597
CUST1000995,2026-06,0.4479,0.5549,0.3929,0.2834,0.3323,0.1113
CUST1000996,2026-06,0.208,0.2202,0.1518,0.0788,0.3343,0.1242
CUST1000997,2026-06,0.3577,0.2021,0.2871,0.4232,0.4037,0.014
CUST1000998,2026-06,0.1365,0.01,0.01,0.1587,0.1382,0.7088
CUST1000999,2026-06,0.3902,0.5474,0.5738,0.34,0.3447,0.1541
CUST1001000,2026-06,0.3452,0.0601,0.3253,0.4786,0.2503,0.251
CUST1001001,2026-06,0.663,0.2668,0.3394,0.2568,0.3257,0.1657
CUST1001002,2026-06,0.4851,0.3001,0.5217,0.4067,0.3606,0.1216
CUST1001003,2026-06,0.4376,0.2486,0.5509,0.3878,0.3485,0.265
CUST1001004,2026-06,0.1215,0.01,0.2852,0.3856,0.489,0.0448
CUST1001005,2026-06,0.0748,0.0119,0.1114,0.147,0.4092,0.0767999999999999
CUST1001006,2026-06,0.3423,0.2346,0.4137,0.4356,0.2446,0.2017
CUST1001007,2026-06,0.561,0.3167,0.4146,0.4474,0.3393,0.2537
CUST1001008,2026-06,0.3993,0.3065,0.4715,0.1591,0.2959,0.01
CUST1001009,2026-06,0.5286,0.3486,0.3709,0.575,0.4427,0.1485
CUST1001010,2026-06,0.525,0.4859,0.2886,0.4154,0.3776,0.1564
CUST1001011,2026-06,0.4551,0.01,0.2122,0.3245,0.2582,0.2759
CUST1001012,2026-06,0.1781,0.319,0.1072,0.0506,0.2951,0.5721
CUST1001013,2026-06,0.4991,0.2098,0.1012,0.4097,0.1668,0.2126
CUST1001014,2026-06,0.5776,0.4607,0.5783,0.4847,0.3806,0.3386
CUST1001015,2026-06,0.0746,0.3062,0.0965,0.116,0.291,0.2254
CUST1001016,2026-06,0.1236,0.1838,0.1299,0.3004,0.3838,0.0811999999999999
CUST1001017,2026-06,0.3882,0.2976,0.1295,0.3293,0.2155,0.3273
CUST1001018,2026-06,0.6104,0.01,0.3173,0.4154,0.2757,0.2968
CUST1001019,2026-06,0.6836,0.2949,0.5353,0.4593,0.2266,0.1854
CUST1001020,2026-06,0.1495,0.2622,0.2188,0.582,0.2684,0.6515
CUST1001021,2026-06,0.4548,0.3679,0.726,0.4083,0.3951,0.1148
CUST1001022,2026-06,0.6358,0.2208,0.4229,0.4764,0.2306,0.2181
CUST1001023,2026-06,0.4631,0.1469,0.3808,0.478,0.5318,0.1002
CUST1001024,2026-06,0.3763,0.4343,0.3166,0.2308,0.2079,0.1574
CUST1001025,2026-06,0.4026,0.01,0.1482,0.2403,0.1897,0.5287
CUST1001026,2026-06,0.3501,0.3599,0.3983,0.5019,0.2504,0.0494
CUST1001027,2026-06,0.6051,0.3891,0.5368,0.6082,0.2297,0.2488
CUST1001028,2026-06,0.4381,0.2852,0.1558,0.4161,0.267,0.2495
CUST1001029,2026-06,0.46,0.0631,0.1322,0.4399,0.2598,0.247
CUST1001030,2026-06,0.5262,0.3373,0.4829,0.4346,0.5179,0.1513
CUST1001031,2026-06,0.3792,0.2727,0.4881,0.143,0.2479,0.1681
CUST1001032,2026-06,0.1432,0.1968,0.1508,0.3764,0.4746,0.1932
CUST1001033,2026-06,0.4725,0.2283,0.5207,0.2739,0.3206,0.2953
CUST1001034,2026-06,0.6536,0.6243,0.504,0.4567,0.3491,0.2751
CUST1001035,2026-06,0.5795,0.5667,0.4624,0.4161,0.3549,0.1758
CUST1001036,2026-06,0.1989,0.1547,0.1342,0.2209,0.2209,0.0782
CUST1001037,2026-06,0.2157,0.4915,0.4003,0.1898,0.3286,0.1367
CUST1001038,2026-06,0.2769,0.2322,0.4175,0.1613,0.6005,0.2638
CUST1001039,2026-06,0.601,0.4971,0.3808,0.3903,0.2442,0.1602
CUST1001040,2026-06,0.2824,0.3379,0.1995,0.2784,0.2154,0.1102
CUST1001041,2026-06,0.442,0.01,0.1224,0.4603,0.2441,0.1666
CUST1001042,2026-06,0.4038,0.443,0.5648,0.1687,0.3427,0.1456
CUST1001043,2026-06,0.6866,0.2931,0.3404,0.2129,0.1781,0.14
CUST1001044,2026-06,0.4058,0.0464,0.3662,0.377,0.2932,0.3355
CUST1001045,2026-06,0.2343,0.2534,0.2418,0.2812,0.258,0.1367
CUST1001046,2026-06,0.5984,0.3673,0.4384,0.4097,0.1578,0.1226
CUST1001047,2026-06,0.4551,0.4229,0.1847,0.2662,0.2691,0.2308
CUST1001048,2026-06,0.5773,0.1769,0.4998,0.2924,0.6263,0.2813
CUST1001049,2026-06,0.5474,0.3423,0.3725,0.2213,0.1329,0.2068
CUST1001050,2026-06,0.6446,0.2456,0.2359,0.5584,0.4081,0.01
CUST1001051,2026-06,0.6793,0.1407,0.4605,0.0164,0.2545,0.1022
CUST1001052,2026-06,0.4639,0.2145,0.1199,0.243,0.2142,0.4369
CUST1001053,2026-06,0.0934,0.2459,0.1197,0.2971,0.3813,0.1828
CUST1001054,2026-06,0.4827,0.4511,0.4339,0.3378,0.2979,0.1913
CUST1001055,2026-06,0.1729,0.01,0.062,0.1025,0.2043,0.3181
CUST1001056,2026-06,0.2737,0.3253,0.2768,0.2448,0.418,0.1397
CUST1001057,2026-06,0.4461,0.3244,0.6544,0.1264,0.2481,0.1714
CUST1001058,2026-06,0.6697,0.5393,0.5396,0.4662,0.3608,0.2663
CUST1001059,2026-06,0.5695,0.3694,0.3511,0.4612,0.4945,0.3842
CUST1001060,2026-06,0.3024,0.01,0.0985999999999999,0.2662,0.6874,0.1571
CUST1001061,2026-06,0.2434,0.01,0.2358,0.0574,0.3354,0.1711
CUST1001062,2026-06,0.3696,0.3527,0.3185,0.5421,0.6922,0.1575
CUST1001063,2026-06,0.1927,0.172,0.1075,0.01,0.2663,0.2906
CUST1001064,2026-06,0.5693,0.3256,0.4036,0.428,0.2376,0.1811
CUST1001065,2026-06,0.2052,0.0291,0.1224,0.0622,0.4402,0.017
CUST1001066,2026-06,0.6601,0.2051,0.317,0.3954,0.1352,0.1673
CUST1001067,2026-06,0.4987,0.4869,0.3164,0.3548,0.3649,0.2375
CUST1001068,2026-06,0.3742,0.4002,0.5487,0.5563,0.31,0.2195
CUST1001069,2026-06,0.1553,0.01,0.1616,0.5083,0.3366,0.0951
CUST1001070,2026-06,0.5684,0.1496,0.4477,0.2024,0.4459,0.1665
CUST1001071,2026-06,0.4672,0.3269,0.2761,0.2916,0.3569,0.2266
CUST1001072,2026-06,0.4347,0.3241,0.4049,0.0772,0.2832,0.4878
CUST1001073,2026-06,0.4577,0.2918,0.5763,0.1775,0.3231,0.2403
CUST1001074,2026-06,0.3973,0.3712,0.3543,0.4274,0.2729,0.1382
CUST1001075,2026-06,0.5126,0.1927,0.351,0.3128,0.3659,0.1937
CUST1001076,2026-06,0.3583,0.2751,0.6162,0.4477,0.305,0.1586
CUST1001077,2026-06,0.3402,0.3642,0.3341,0.2467,0.2686,0.2865
CUST1001078,2026-06,0.2612,0.3331,0.4775,0.3408,0.5593,0.1558
CUST1001079,2026-06,0.6805,0.2394,0.2535,0.5767,0.1938,0.0944
CUST1001080,2026-06,0.2534,0.3779,0.2125,0.2885,0.38,0.0751
CUST1001081,2026-06,0.4863,0.2857,0.3148,0.2884,0.3325,0.01
CUST1001082,2026-06,0.6743,0.0592,0.315,0.3451,0.196,0.2294
CUST1001083,2026-06,0.7061,0.2578,0.4658,0.01,0.2986,0.2494
CUST1001084,2026-06,0.4639,0.4036,0.3931,0.3672,0.4023,0.126
CUST1001085,2026-06,0.4464,0.01,0.2224,0.1641,0.5715,0.3169
CUST1001086,2026-06,0.4462,0.26,0.5219,0.364,0.2848,0.1463
CUST1001087,2026-06,0.4513,0.1764,0.01,0.3275,0.0572,0.2147
CUST1001088,2026-06,0.6261,0.4707,0.5706,0.4151,0.3541,0.122
CUST1001089,2026-06,0.6687,0.2377,0.4075,0.478,0.2677,0.3062
CUST1001090,2026-06,0.4792,0.2539,0.5854,0.3146,0.3832,0.2404
CUST1001091,2026-06,0.5409,0.615,0.3892,0.4916,0.5828,0.2691
CUST1001092,2026-06,0.6394,0.2881,0.4861,0.2539,0.3904,0.2434
CUST1001093,2026-06,0.381,0.4608,0.5098,0.3035,0.3169,0.0668
CUST1001094,2026-06,0.6232,0.1211,0.2558,0.2538,0.303,0.3095
CUST1001095,2026-06,0.3851,0.6075,0.4386,0.2729,0.4212,0.133
CUST1001096,2026-06,0.3588,0.351,0.4358,0.2752,0.3577,0.1644
CUST1001097,2026-06,0.3472,0.01,0.1245,0.1312,0.3275,0.2274
CUST1001098,2026-06,0.4813,0.4103,0.431,0.2944,0.1102,0.0726
CUST1001099,2026-06,0.3721,0.1341,0.1047,0.3932,0.2331,0.0956
CUST1001100,2026-06,0.2381,0.2373,0.2129,0.2457,0.3101,0.2603
CUST1001101,2026-06,0.3971,0.2289,0.0149,0.395,0.2791,0.2798
CUST1001102,2026-06,0.3748,0.2559,0.3912,0.2742,0.3356,0.1975
CUST1001103,2026-06,0.1393,0.2846,0.1934,0.2696,0.4823,0.119
CUST1001104,2026-06,0.4949,0.4153,0.4243,0.4578,0.4217,0.2126
CUST1001105,2026-06,0.4717,0.2874,0.4868,0.2935,0.4144,0.2475
CUST1001106,2026-06,0.7017,0.2775,0.4718,0.4601,0.118,0.1809
CUST1001107,2026-06,0.4957,0.4474,0.4388,0.3299,0.2087,0.1769
CUST1001108,2026-06,0.2072,0.1328,0.153,0.4402,0.4343,0.166
CUST1001109,2026-06,0.6557,0.0842,0.2535,0.1866,0.3326,0.3476
CUST1001110,2026-06,0.3739,0.4081,0.4287,0.1954,0.317,0.2334
CUST1001111,2026-06,0.3767,0.3453,0.3666,0.5176,0.6349,0.2468
CUST1001112,2026-06,0.7498,0.3976,0.5295,0.3627,0.2562,0.1656
CUST1001113,2026-06,0.4523,0.3134,0.7123,0.5179,0.4651,0.1633
CUST1001114,2026-06,0.4994,0.5261,0.4192,0.4334,0.1629,0.2269
CUST1001115,2026-06,0.2977,0.01,0.237,0.2964,0.292,0.0441
CUST1001116,2026-06,0.5205,0.4695,0.4513,0.1459,0.2919,0.0435
CUST1001117,2026-06,0.3873,0.4216,0.3313,0.2809,0.3495,0.0966999999999999
CUST1001118,2026-06,0.6221,0.1734,0.3706,0.1992,0.5394,0.2195
CUST1001119,2026-06,0.6419,0.2394,0.4014,0.6865,0.2088,0.4744
CUST1001120,2026-06,0.753,0.0787,0.6415,0.3232,0.2759,0.1915
CUST1001121,2026-06,0.2232,0.01,0.0869,0.2989,0.4614,0.3224
CUST1001122,2026-06,0.423,0.3977,0.4781,0.1973,0.4427,0.592
CUST1001123,2026-06,0.4145,0.4437,0.5794,0.3718,0.2745,0.308
CUST1001124,2026-06,0.3706,0.3416,0.3216,0.2826,0.3101,0.1325
CUST1001125,2026-06,0.0809,0.2766,0.1613,0.3229,0.3708,0.2237
CUST1001126,2026-06,0.3517,0.3003,0.314,0.3345,0.315,0.2258
CUST1001127,2026-06,0.4419,0.4446,0.4479,0.6096,0.3958,0.2088
CUST1001128,2026-06,0.3775,0.4316,0.2871,0.387,0.2656,0.2662
CUST1001129,2026-06,0.4923,0.3652,0.4361,0.3741,0.3364,0.1878
CUST1001130,2026-06,0.5307,0.4151,0.4163,0.3727,0.3486,0.1154
CUST1001131,2026-06,0.4247,0.4224,0.2255,0.457,0.5852,0.0843
CUST1001132,2026-06,0.8671,0.3295,0.803,0.4229,0.2527,0.1129
CUST1001133,2026-06,0.1516,0.2251,0.3874,0.316,0.2864,0.0396
CUST1001134,2026-06,0.3558,0.2029,0.0966,0.5135,0.3587,0.156
CUST1001135,2026-06,0.4845,0.3659,0.3167,0.1602,0.3102,0.238
CUST1001136,2026-06,0.2926,0.2902,0.1805,0.5479,0.2616,0.5867
CUST1001137,2026-06,0.6843,0.4275,0.2279,0.2469,0.2998,0.236
CUST1001138,2026-06,0.5185,0.4543,0.5847,0.5124,0.3737,0.2756
CUST1001139,2026-06,0.1976,0.0182,0.109,0.5152,0.2854,0.2123
CUST1001140,2026-06,0.3453,0.3308,0.401,0.2218,0.2999,0.322
CUST1001141,2026-06,0.4933,0.2199,0.421,0.3523,0.1199,0.0762
CUST1001142,2026-06,0.1433,0.3064,0.1761,0.3143,0.3052,0.3098
CUST1001143,2026-06,0.4112,0.1749,0.1911,0.3157,0.3731,0.2995
CUST1001144,2026-06,0.4183,0.4494,0.3081,0.3363,0.42,0.2486
CUST1001145,2026-06,0.0885,0.0346,0.01,0.1864,0.4545,0.5228
CUST1001146,2026-06,0.2802,0.0485,0.1816,0.2935,0.1125,0.184
CUST1001147,2026-06,0.4503,0.4977,0.4934,0.5369,0.4472,0.2447
CUST1001148,2026-06,0.5563,0.01,0.1857,0.4564,0.2871,0.1248
CUST1001149,2026-06,0.5407,0.5751,0.2997,0.4026,0.2582,0.1175
CUST1001150,2026-06,0.2172,0.1253,0.107,0.2629,0.3525,0.1066
CUST1001151,2026-06,0.4005,0.2783,0.4447,0.2932,0.3623,0.1389
CUST1001152,2026-06,0.6014,0.2528,0.4723,0.5072,0.2056,0.1762
CUST1001153,2026-06,0.4513,0.2731,0.3739,0.493,0.4563,0.0279
CUST1001154,2026-06,0.5561,0.1115,0.42,0.0733,0.2821,0.5499
CUST1001155,2026-06,0.6609,0.5609,0.4534,0.3354,0.6207,0.1458
CUST1001156,2026-06,0.4078,0.5054,0.5555,0.5915,0.6718,0.0914
CUST1001157,2026-06,0.309,0.2885,0.1502,0.5504,0.4726,0.2329
CUST1001158,2026-06,0.3701,0.1797,0.0448,0.1426,0.3224,0.2462
CUST1001159,2026-06,0.3842,0.3017,0.6627,0.13,0.3015,0.2724
CUST1001160,2026-06,0.5523,0.3848,0.2494,0.3366,0.3272,0.2266
CUST1001161,2026-06,0.3069,0.1365,0.1949,0.4817,0.5735,0.1118
CUST1001162,2026-06,0.5267,0.1267,0.2767,0.5975,0.2888,0.4364
CUST1001163,2026-06,0.178,0.2821,0.1854,0.3446,0.196,0.6193
CUST1001164,2026-06,0.2444,0.224,0.3809,0.316,0.3261,0.2407
CUST1001165,2026-06,0.79,0.4454,0.4588,0.4208,0.2557,0.1307
CUST1001166,2026-06,0.4245,0.2595,0.2315,0.1846,0.2415,0.4465
CUST1001167,2026-06,0.7456,0.1154,0.2928,0.1004,0.2421,0.2517
CUST1001168,2026-06,0.5293,0.4982,0.3666,0.5006,0.6381,0.1313
CUST1001169,2026-06,0.4274,0.5192,0.3857,0.3304,0.3247,0.0674
CUST1001170,2026-06,0.7629,0.01,0.4451,0.2587,0.2227,0.233
CUST1001171,2026-06,0.5309,0.4337,0.2686,0.532,0.0307,0.5049
CUST1001172,2026-06,0.4425,0.3221,0.4661,0.4849,0.7387,0.095
CUST1001173,2026-06,0.4438,0.3392,0.5256,0.4673,0.3123,0.1156
CUST1001174,2026-06,0.3709,0.1964,0.01,0.5775,0.2619,0.1163
CUST1001175,2026-06,0.4041,0.3696,0.5499,0.4466,0.3728,0.2702
CUST1001176,2026-06,0.6507,0.1993,0.5473,0.2566,0.4307,0.2978
CUST1001177,2026-06,0.2258,0.3618,0.1953,0.3738,0.2996,0.0859
CUST1001178,2026-06,0.4095,0.2136,0.2433,0.5618,0.5636,0.1372
CUST1001179,2026-06,0.6439,0.2812,0.3813,0.4595,0.1948,0.01
CUST1001180,2026-06,0.6522,0.4633,0.6437,0.4063,0.3064,0.0632
CUST1001181,2026-06,0.6476,0.1544,0.3382,0.471,0.4813,0.2142
CUST1001182,2026-06,0.5364,0.2487,0.1302,0.4549,0.3647,0.2669
CUST1001183,2026-06,0.4264,0.2003,0.1937,0.2809,0.2525,0.196
CUST1001184,2026-06,0.4929,0.5258,0.579,0.337,0.2217,0.0987
CUST1001185,2026-06,0.4309,0.1813,0.3261,0.0738,0.3586,0.1082
CUST1001186,2026-06,0.1969,0.1297,0.0926,0.1979,0.1388,0.3075
CUST1001187,2026-06,0.4775,0.5447,0.5321,0.391,0.376,0.2812
CUST1001188,2026-06,0.3761,0.4231,0.4977,0.5385,0.2768,0.1207
CUST1001189,2026-06,0.6775,0.3544,0.1759,0.5677,0.1738,0.1709
CUST1001190,2026-06,0.6121,0.1719,0.3868,0.2834,0.2511,0.1419
CUST1001191,2026-06,0.439,0.0643,0.0334,0.3876,0.334,0.6971
CUST1001192,2026-06,0.3561,0.1951,0.5278,0.4005,0.1939,0.1841
CUST1001193,2026-06,0.5449,0.3896,0.6002,0.4864,0.2864,0.1023
CUST1001194,2026-06,0.5245,0.3686,0.4658,0.3089,0.2779,0.1443
CUST1001195,2026-06,0.4688,0.4695,0.3016,0.3954,0.5896,0.2208
CUST1001196,2026-06,0.6444,0.3783,0.3029,0.5284,0.2694,0.3972
CUST1001197,2026-06,0.3831,0.2096,0.01,0.2239,0.3587,0.2808
CUST1001198,2026-06,0.8431,0.2226,0.5148,0.3105,0.2911,0.1894
CUST1001199,2026-06,0.3589,0.4227,0.7564,0.4943,0.3063,0.0585
CUST1001200,2026-06,0.42,0.427,0.6199,0.5392,0.3396,0.0465
CUST1001201,2026-06,0.5175,0.4199,0.5543,0.01,0.2117,0.2015
CUST1001202,2026-06,0.7022,0.3954,0.5136,0.1855,0.2264,0.0803
CUST1001203,2026-06,0.4065,0.3017,0.3616,0.5181,0.4039,0.1493
CUST1001204,2026-06,0.0893,0.197,0.129,0.2095,0.2578,0.1653
CUST1001205,2026-06,0.4526,0.2593,0.5688,0.2112,0.2944,0.3001
CUST1001206,2026-06,0.4041,0.01,0.0382,0.2456,0.2986,0.2195
CUST1001207,2026-06,0.1408,0.2361,0.2879,0.3429,0.4476,0.2451
CUST1001208,2026-06,0.3649,0.3325,0.3148,0.42,0.3334,0.1634
CUST1001209,2026-06,0.4582,0.1642,0.1062,0.3455,0.1905,0.2518
CUST1001210,2026-06,0.3087,0.426,0.4883,0.3118,0.4319,0.2257
CUST1001211,2026-06,0.5484,0.3803,0.7369,0.3707,0.2049,0.1502
CUST1001212,2026-06,0.2965,0.4375,0.1847,0.4351,0.5845,0.1027
CUST1001213,2026-06,0.4813,0.3902,0.5404,0.4453,0.3003,0.231
CUST1001214,2026-06,0.8208,0.1151,0.4932,0.2602,0.2552,0.1797
CUST1001215,2026-06,0.6286,0.4463,0.2038,0.4666,0.1142,0.2362
CUST1001216,2026-06,0.3273,0.251,0.0704999999999999,0.1901,0.1321,0.1024
CUST1001217,2026-06,0.487,0.3997,0.3404,0.4288,0.3192,0.01
CUST1001218,2026-06,0.3827,0.51,0.2069,0.3918,0.3788,0.2455
CUST1001219,2026-06,0.4873,0.5587,0.7153,0.4704,0.4493,0.0462
CUST1001220,2026-06,0.1548,0.3444,0.0990999999999999,0.3228,0.1764,0.2659
CUST1001221,2026-06,0.3824,0.4706,0.2701,0.5374,0.4047,0.0247
CUST1001222,2026-06,0.4092,0.4895,0.5353,0.2614,0.3351,0.1555
CUST1001223,2026-06,0.3573,0.3549,0.1244,0.2442,0.1498,0.1402
CUST1001224,2026-06,0.5655,0.3882,0.4971,0.1138,0.3168,0.2754
CUST1001225,2026-06,0.4322,0.3462,0.4428,0.4721,0.6024,0.0995999999999999
CUST1001226,2026-06,0.4713,0.2971,0.4596,0.3969,0.2895,0.1785
CUST1001227,2026-06,0.6302,0.3163,0.5554,0.3323,0.1522,0.01
CUST1001228,2026-06,0.3395,0.3845,0.3161,0.5296,0.4709,0.3023
CUST1001229,2026-06,0.3265,0.41,0.5064,0.4755,0.2189,0.1471
CUST1001230,2026-06,0.2163,0.01,0.2385,0.2603,0.6101,0.1661
CUST1001231,2026-06,0.286,0.2876,0.3569,0.5256,0.2018,0.1136
CUST1001232,2026-06,0.4812,0.3675,0.7347,0.1832,0.4199,0.2584
CUST1001233,2026-06,0.4365,0.325,0.1694,0.3711,0.2504,0.2195
CUST1001234,2026-06,0.1689,0.4202,0.5559,0.2993,0.2827,0.0547
CUST1001235,2026-06,0.3657,0.2004,0.3222,0.4341,0.3735,0.2171
CUST1001236,2026-06,0.644,0.1029,0.4016,0.4891,0.1493,0.6008
CUST1001237,2026-06,0.1324,0.2161,0.0537,0.4363,0.2989,0.2581
CUST1001238,2026-06,0.6011,0.3194,0.0172,0.4132,0.1548,0.4035
CUST1001239,2026-06,0.2062,0.2747,0.1803,0.2568,0.4989,0.1365
CUST1001240,2026-06,0.5846,0.5051,0.3648,0.4672,0.4337,0.2342
CUST1001241,2026-06,0.6851,0.2561,0.563,0.3507,0.3776,0.26
CUST1001242,2026-06,0.7094,0.3513,0.37,0.4646,0.2558,0.1559
CUST1001243,2026-06,0.4451,0.275,0.6831,0.204,0.5124,0.1633
CUST1001244,2026-06,0.0393,0.2966,0.1781,0.2978,0.4024,0.0742
CUST1001245,2026-06,0.4862,0.5098,0.5565,0.3229,0.1147,0.233
CUST1001246,2026-06,0.6919,0.4568,0.4225,0.3857,0.4489,0.1589
CUST1001247,2026-06,0.3989,0.0154,0.2258,0.2709,0.1765,0.1775
CUST1001248,2026-06,0.6786,0.1106,0.2088,0.3403,0.338,0.2882
CUST1001249,2026-06,0.5122,0.3759,0.7047,0.2814,0.1083,0.1431
CUST1001250,2026-06,0.5596,0.0918,0.0852,0.4554,0.3168,0.1813
CUST1001251,2026-06,0.1453,0.1874,0.3015,0.1617,0.374,0.2709
CUST1001252,2026-06,0.4937,0.4869,0.3951,0.2006,0.4465,0.2287
CUST1001253,2026-06,0.4856,0.4246,0.4747,0.4932,0.4635,0.1892
CUST1001254,2026-06,0.1353,0.3463,0.2353,0.2509,0.5189,0.167
CUST1001255,2026-06,0.6756,0.1444,0.2875,0.5286,0.3115,0.1481
CUST1001256,2026-06,0.4256,0.3154,0.2703,0.1512,0.4398,0.6474
CUST1001257,2026-06,0.5818,0.2469,0.2713,0.2577,0.2802,0.1715
CUST1001258,2026-06,0.5603,0.1383,0.5697,0.182,0.1291,0.6574
CUST1001259,2026-06,0.4851,0.4008,0.2946,0.2193,0.258,0.262
CUST1001260,2026-06,0.4187,0.1461,0.3767,0.2923,0.2565,0.1877
CUST1001261,2026-06,0.0849,0.0592,0.2056,0.1475,0.5219,0.1707
CUST1001262,2026-06,0.3648,0.3533,0.4049,0.4128,0.3108,0.1694
CUST1001263,2026-06,0.5645,0.4677,0.3974,0.407,0.4971,0.1101
CUST1001264,2026-06,0.3613,0.1821,0.2951,0.1397,0.4415,0.1824
CUST1001265,2026-06,0.4763,0.3427,0.3595,0.2455,0.3673,0.1156
CUST1001266,2026-06,0.4549,0.49,0.5892,0.1256,0.3078,0.01
CUST1001267,2026-06,0.5389,0.4426,0.8202,0.2095,0.3581,0.2729
CUST1001268,2026-06,0.4931,0.2467,0.4348,0.4993,0.1484,0.1909
CUST1001269,2026-06,0.6949,0.2663,0.3849,0.4899,0.2226,0.1387
CUST1001270,2026-06,0.6637,0.2424,0.4884,0.3925,0.0384,0.2101
CUST1001271,2026-06,0.3233,0.5706,0.4077,0.4399,0.5839,0.0526
CUST1001272,2026-06,0.5985,0.1479,0.4087,0.4116,0.2792,0.2085
CUST1001273,2026-06,0.3768,0.2799,0.3154,0.5036,0.1903,0.1006
CUST1001274,2026-06,0.5744,0.4272,0.5041,0.2958,0.4181,0.2804
CUST1001275,2026-06,0.5344,0.2094,0.3073,0.1572,0.5082,0.2629
CUST1001276,2026-06,0.0869,0.0536,0.2172,0.2702,0.2705,0.1848
CUST1001277,2026-06,0.1817,0.4584,0.1748,0.4233,0.4105,0.2531
CUST1001278,2026-06,0.6011,0.1186,0.4897,0.3875,0.3025,0.3026
CUST1001279,2026-06,0.2376,0.3089,0.1774,0.4279,0.2975,0.2412
CUST1001280,2026-06,0.6217,0.289,0.4503,0.6145,0.3783,0.1513
CUST1001281,2026-06,0.5827,0.4166,0.6274,0.3607,0.3699,0.1661
CUST1001282,2026-06,0.5249,0.418,0.4143,0.3889,0.3069,0.2824
CUST1001283,2026-06,0.4031,0.2182,0.4396,0.2578,0.445,0.2801
CUST1001284,2026-06,0.7144,0.406,0.3393,0.4324,0.3139,0.3411
CUST1001285,2026-06,0.2016,0.01,0.0167,0.3811,0.513,0.3856
CUST1001286,2026-06,0.1913,0.324,0.013,0.1552,0.4666,0.0612
CUST1001287,2026-06,0.1939,0.2059,0.1423,0.2606,0.3342,0.2079
CUST1001288,2026-06,0.3803,0.205,0.4819,0.515,0.4097,0.3009
CUST1001289,2026-06,0.3498,0.3109,0.4659,0.3433,0.4129,0.2846
CUST1001290,2026-06,0.4403,0.3505,0.3424,0.3492,0.2714,0.1765
CUST1001291,2026-06,0.5781,0.191,0.3931,0.3893,0.2964,0.3096
CUST1001292,2026-06,0.4052,0.2736,0.5163,0.1698,0.3386,0.1106
CUST1001293,2026-06,0.3602,0.2565,0.6371,0.3954,0.415,0.0507
CUST1001294,2026-06,0.371,0.2216,0.6709,0.2776,0.278,0.6895
CUST1001295,2026-06,0.5563,0.3886,0.5307,0.3965,0.1965,0.4948
CUST1001296,2026-06,0.2027,0.3772,0.3508,0.291,0.6025,0.2079
CUST1001297,2026-06,0.5388,0.1702,0.3042,0.3271,0.4002,0.0873
CUST1001298,2026-06,0.6373,0.1065,0.5567,0.2898,0.3085,0.1456
CUST1001299,2026-06,0.3178,0.0915,0.0381,0.2119,0.2223,0.1377
CUST1001300,2026-06,0.4536,0.2543,0.3799,0.0557,0.5926,0.3155
CUST1001301,2026-06,0.3678,0.5318,0.4366,0.4169,0.2049,0.0301
CUST1001302,2026-06,0.7444,0.0738999999999999,0.2937,0.0990999999999999,0.1249,0.0574
CUST1001303,2026-06,0.144,0.4556,0.0451,0.2302,0.3715,0.2152
CUST1001304,2026-06,0.4633,0.2028,0.2913,0.1005,0.4784,0.1725
CUST1001305,2026-06,0.4493,0.278,0.2464,0.316,0.3686,0.0649
CUST1001306,2026-06,0.7492,0.2265,0.6673,0.2724,0.2676,0.2333
CUST1001307,2026-06,0.2914,0.2993,0.1685,0.1369,0.3132,0.1868
CUST1001308,2026-06,0.3194,0.2252,0.2799,0.4338,0.4378,0.1946
CUST1001309,2026-06,0.5731,0.3202,0.5179,0.6573,0.2328,0.0648
CUST1001310,2026-06,0.3865,0.1861,0.5405,0.0995,0.2819,0.2855
CUST1001311,2026-06,0.7128,0.1838,0.6059,0.3986,0.4215,0.01
CUST1001312,2026-06,0.6006,0.4052,0.3731,0.3975,0.321,0.2331
CUST1001313,2026-06,0.1441,0.2466,0.1439,0.2167,0.5234,0.2033
CUST1001314,2026-06,0.4514,0.5259,0.4074,0.4195,0.5678,0.5907
CUST1001315,2026-06,0.4649,0.0403,0.1136,0.431,0.1136,0.3572
CUST1001316,2026-06,0.275,0.3913,0.2783,0.2247,0.38,0.2406
CUST1001317,2026-06,0.3075,0.0439,0.3091,0.2651,0.2048,0.0840999999999999
CUST1001318,2026-06,0.2921,0.2543,0.5317,0.0974,0.3204,0.222
CUST1001319,2026-06,0.515,0.4401,0.354,0.2913,0.4401,0.01
CUST1001320,2026-06,0.5467,0.3307,0.3833,0.487,0.4049,0.1268
CUST1001321,2026-06,0.3993,0.0963,0.1289,0.3,0.1055,0.6466
CUST1001322,2026-06,0.2521,0.3878,0.3148,0.2746,0.2679,0.494
CUST1001323,2026-06,0.3435,0.5178,0.4693,0.6028,0.4832,0.0222
CUST1001324,2026-06,0.6293,0.3694,0.6968,0.4446,0.4215,0.2085
CUST1001325,2026-06,0.2894,0.2485,0.0465,0.4502,0.3275,0.1887
CUST1001326,2026-06,0.4127,0.4627,0.5295,0.238,0.29,0.1527
CUST1001327,2026-06,0.3589,0.471,0.5891,0.3578,0.3376,0.4982
CUST1001328,2026-06,0.5732,0.4736,0.4639,0.3266,0.3655,0.01
CUST1001329,2026-06,0.2737,0.1141,0.1442,0.1286,0.5114,0.2027
CUST1001330,2026-06,0.502,0.2413,0.6257,0.3736,0.4779,0.2309
CUST1001331,2026-06,0.6103,0.1358,0.5267,0.2525,0.2115,0.2193
CUST1001332,2026-06,0.4852,0.4169,0.5499,0.5359,0.429,0.1364
CUST1001333,2026-06,0.281,0.1426,0.1238,0.3647,0.3725,0.2102
CUST1001334,2026-06,0.4764,0.3147,0.6483,0.3752,0.3802,0.3073
CUST1001335,2026-06,0.3316,0.2639,0.0373,0.3165,0.1828,0.2638
CUST1001336,2026-06,0.3792,0.1829,0.1768,0.4594,0.2706,0.2828
CUST1001337,2026-06,0.5201,0.0922999999999999,0.3667,0.3242,0.2719,0.2733
CUST1001338,2026-06,0.5,0.3477,0.4521,0.4131,0.3555,0.2092
CUST1001339,2026-06,0.576,0.3324,0.4392,0.5084,0.2821,0.1604
CUST1001340,2026-06,0.5337,0.4885,0.3997,0.375,0.4235,0.287
CUST1001341,2026-06,0.4039,0.2806,0.7028,0.2802,0.4271,0.2436
CUST1001342,2026-06,0.4425,0.4783,0.6453,0.2068,0.4727,0.0879
CUST1001343,2026-06,0.5125,0.1577,0.1598,0.3707,0.3235,0.2192
CUST1001344,2026-06,0.5589,0.3562,0.3059,0.2065,0.4039,0.151
CUST1001345,2026-06,0.3836,0.1153,0.2727,0.1152,0.2143,0.2191
CUST1001346,2026-06,0.4954,0.2244,0.4561,0.3704,0.6573,0.2413
CUST1001347,2026-06,0.2077,0.1357,0.2632,0.2814,0.2046,0.1553
CUST1001348,2026-06,0.3339,0.3746,0.5829,0.3295,0.3487,0.1419
CUST1001349,2026-06,0.1828,0.1876,0.1872,0.2626,0.4085,0.3132
CUST1001350,2026-06,0.6215,0.3703,0.5637,0.5451,0.2518,0.0221
CUST1001351,2026-06,0.01,0.1861,0.0731,0.3583,0.2762,0.6585
CUST1001352,2026-06,0.2576,0.2683,0.1295,0.1772,0.116,0.5188
CUST1001353,2026-06,0.6026,0.3223,0.464,0.4499,0.0588,0.2852
CUST1001354,2026-06,0.4903,0.2284,0.3994,0.4184,0.2253,0.293
CUST1001355,2026-06,0.2028,0.0221,0.2467,0.199,0.4699,0.0199
CUST1001356,2026-06,0.4363,0.4121,0.4805,0.3115,0.3413,0.1722
CUST1001357,2026-06,0.5583,0.4437,0.4256,0.3683,0.3503,0.1799
CUST1001358,2026-06,0.5446,0.4815,0.4989,0.5105,0.4124,0.3173
CUST1001359,2026-06,0.4486,0.5253,0.4783,0.1825,0.3225,0.1954
CUST1001360,2026-06,0.4588,0.4492,0.6023,0.4106,0.6649,0.1456
CUST1001361,2026-06,0.5608,0.2075,0.3941,0.2895,0.2078,0.1496
CUST1001362,2026-06,0.4482,0.4038,0.4381,0.5587,0.2256,0.2745
CUST1001363,2026-06,0.6947,0.2029,0.398,0.3327,0.2324,0.2403
CUST1001364,2026-06,0.3439,0.4499,0.2301,0.3311,0.3925,0.1865
CUST1001365,2026-06,0.4447,0.3465,0.4213,0.4106,0.4053,0.1755
CUST1001366,2026-06,0.4548,0.4514,0.6105,0.546,0.3816,0.2087
CUST1001367,2026-06,0.5699,0.4581,0.4181,0.357,0.5396,0.1369
CUST1001368,2026-06,0.5208,0.5333,0.445,0.4448,0.3878,0.2069
CUST1001369,2026-06,0.6223,0.4808,0.4392,0.6402,0.2066,0.1762
CUST1001370,2026-06,0.4673,0.4971,0.5715,0.1974,0.4217,0.1493
CUST1001371,2026-06,0.449,0.3768,0.5081,0.4009,0.4848,0.1239
CUST1001372,2026-06,0.1585,0.2343,0.294,0.2792,0.2122,0.1076
CUST1001373,2026-06,0.345,0.5011,0.5206,0.3726,0.3731,0.3004
CUST1001374,2026-06,0.6765,0.1916,0.4534,0.3873,0.3572,0.1884
CUST1001375,2026-06,0.3345,0.4748,0.4351,0.4969,0.3218,0.1739
CUST1001376,2026-06,0.4584,0.085,0.2983,0.044,0.3058,0.2098
CUST1001377,2026-06,0.6121,0.3207,0.2343,0.2898,0.5048,0.0809
CUST1001378,2026-06,0.325,0.4969,0.5702,0.4357,0.4522,0.1886
CUST1001379,2026-06,0.4901,0.2741,0.5805,0.414,0.4386,0.0959
CUST1001380,2026-06,0.3336,0.4533,0.3098,0.3229,0.3302,0.1256
CUST1001381,2026-06,0.5286,0.4767,0.4368,0.1642,0.3747,0.2002
CUST1001382,2026-06,0.4579,0.3507,0.2892,0.4657,0.4532,0.0913
CUST1001383,2026-06,0.2977,0.2701,0.2866,0.4522,0.3446,0.2273
CUST1001384,2026-06,0.3657,0.3634,0.4471,0.3714,0.294,0.1906
CUST1001385,2026-06,0.4014,0.1775,0.0917,0.2515,0.2739,0.0462
CUST1001386,2026-06,0.4986,0.399,0.4398,0.2914,0.4443,0.6429
CUST1001387,2026-06,0.4042,0.4771,0.6328,0.3571,0.5083,0.1795
CUST1001388,2026-06,0.5831,0.2764,0.392,0.4818,0.1437,0.1544
CUST1001389,2026-06,0.3339,0.1408,0.1402,0.0719999999999999,0.1894,0.1239
CUST1001390,2026-06,0.5856,0.1496,0.4,0.3438,0.2932,0.1674
CUST1001391,2026-06,0.3299,0.2694,0.3875,0.399,0.2647,0.2357
CUST1001392,2026-06,0.3562,0.5233,0.3495,0.6013,0.2805,0.2855
CUST1001393,2026-06,0.6849,0.423,0.5239,0.5073,0.2151,0.0446
CUST1001394,2026-06,0.586,0.1934,0.2389,0.3216,0.2749,0.2236
CUST1001395,2026-06,0.2622,0.5794,0.3176,0.3088,0.3495,0.0767
CUST1001396,2026-06,0.4482,0.3759,0.3876,0.3022,0.3373,0.2288
CUST1001397,2026-06,0.5172,0.4219,0.2277,0.4925,0.2646,0.0624
CUST1001398,2026-06,0.4733,0.1959,0.1953,0.609,0.1778,0.2065
CUST1001399,2026-06,0.3041,0.2677,0.1061,0.4399,0.3955,0.2582
CUST1001400,2026-06,0.6455,0.4774,0.4839,0.1432,0.2085,0.1112
CUST1001401,2026-06,0.4357,0.3987,0.3388,0.5971,0.4545,0.2119
CUST1001402,2026-06,0.2251,0.01,0.1201,0.363,0.4847,0.3324
CUST1001403,2026-06,0.4085,0.5697,0.4074,0.3076,0.4418,0.0985
CUST1001404,2026-06,0.4756,0.1921,0.4421,0.2209,0.3526,0.1291
CUST1001405,2026-06,0.2446,0.2419,0.145,0.3044,0.2217,0.2225
CUST1001406,2026-06,0.4194,0.1317,0.4546,0.181,0.4435,0.057
CUST1001407,2026-06,0.2658,0.2026,0.1092,0.3583,0.2818,0.1738
CUST1001408,2026-06,0.6141,0.6641,0.4516,0.6685,0.3375,0.1339
CUST1001409,2026-06,0.5906,0.474,0.5107,0.4089,0.3067,0.0774
CUST1001410,2026-06,0.3985,0.3625,0.4617,0.4591,0.4027,0.1595
CUST1001411,2026-06,0.4249,0.4817,0.4587,0.4157,0.4887,0.1453
CUST1001412,2026-06,0.594,0.4181,0.2628,0.27,0.3388,0.1895
CUST1001413,2026-06,0.3333,0.01,0.032,0.2948,0.3334,0.2672
CUST1001414,2026-06,0.5144,0.4093,0.3984,0.5078,0.6001,0.2296
CUST1001415,2026-06,0.01,0.01,0.1624,0.1672,0.5319,0.1499
CUST1001416,2026-06,0.7014,0.083,0.3437,0.1527,0.3003,0.2841
CUST1001417,2026-06,0.3273,0.2828,0.5636,0.406,0.416,0.0533
CUST1001418,2026-06,0.1343,0.0733,0.1048,0.3818,0.2015,0.2037
CUST1001419,2026-06,0.5763,0.489,0.5362,0.3836,0.3866,0.0916
CUST1001420,2026-06,0.6994,0.4036,0.5032,0.5469,0.6761,0.0347
CUST1001421,2026-06,0.3988,0.0165,0.1729,0.2624,0.247,0.3035
CUST1001422,2026-06,0.296,0.4385,0.5278,0.2997,0.4396,0.2863
CUST1001423,2026-06,0.1819,0.3184,0.2654,0.3528,0.3325,0.1966
CUST1001424,2026-06,0.2898,0.01,0.1607,0.5536,0.1891,0.1962
CUST1001425,2026-06,0.5055,0.0523,0.1293,0.281,0.2444,0.224
CUST1001426,2026-06,0.4431,0.4022,0.4409,0.5938,0.2934,0.2512
CUST1001427,2026-06,0.7879,0.3896,0.5997,0.563,0.1705,0.2016
CUST1001428,2026-06,0.2056,0.2555,0.2224,0.2345,0.4262,0.0511
CUST1001429,2026-06,0.3638,0.4696,0.4287,0.3698,0.3716,0.1223
CUST1001430,2026-06,0.3839,0.4908,0.3946,0.3973,0.2864,0.2073
CUST1001431,2026-06,0.5683,0.427,0.4175,0.2165,0.225,0.2428
CUST1001432,2026-06,0.7222,0.1405,0.4026,0.4058,0.3623,0.1534
CUST1001433,2026-06,0.2818,0.2993,0.1226,0.2167,0.3982,0.2944
CUST1001434,2026-06,0.0469,0.2706,0.1626,0.1121,0.3685,0.2082
CUST1001435,2026-06,0.5418,0.3262,0.3467,0.5242,0.2133,0.0963
CUST1001436,2026-06,0.4492,0.1548,0.5252,0.4515,0.4717,0.2562
CUST1001437,2026-06,0.6624,0.2137,0.5686,0.3025,0.2747,0.1912
CUST1001438,2026-06,0.1179,0.3603,0.3264,0.1619,0.3224,0.1902
CUST1001439,2026-06,0.3419,0.2941,0.4049,0.2299,0.4796,0.2123
CUST1001440,2026-06,0.6669,0.4999,0.4747,0.4978,0.3057,0.1158
CUST1001441,2026-06,0.4385,0.01,0.2086,0.2908,0.2433,0.2306
CUST1001442,2026-06,0.5228,0.4385,0.3932,0.4703,0.2468,0.2181
CUST1001443,2026-06,0.5213,0.377,0.6539,0.3677,0.4773,0.2935
CUST1001444,2026-06,0.1305,0.2933,0.2093,0.2519,0.1509,0.4737
CUST1001445,2026-06,0.4577,0.1327,0.8,0.3511,0.4568,0.2469
CUST1001446,2026-06,0.4797,0.4673,0.3093,0.4073,0.4473,0.1645
CUST1001447,2026-06,0.1671,0.3161,0.094,0.4385,0.3218,0.0714999999999999
CUST1001448,2026-06,0.3473,0.4492,0.4893,0.374,0.0869999999999999,0.0723
CUST1001449,2026-06,0.3446,0.3373,0.5388,0.5409,0.2883,0.3307
CUST1001450,2026-06,0.3833,0.3403,0.6329,0.4323,0.3313,0.0675999999999999
CUST1001451,2026-06,0.6876,0.0164,0.572,0.3837,0.0537,0.1729
CUST1001452,2026-06,0.4858,0.5,0.4493,0.582,0.5522,0.1305
CUST1001453,2026-06,0.5777,0.3701,0.4175,0.5614,0.1825,0.226
CUST1001454,2026-06,0.5464,0.1011,0.3591,0.2285,0.1749,0.1923
CUST1001455,2026-06,0.716,0.2978,0.374,0.3341,0.3239,0.2166
CUST1001456,2026-06,0.5929,0.3003,0.5453,0.2729,0.2615,0.2649
CUST1001457,2026-06,0.3511,0.2386,0.061,0.4953,0.5171,0.5593
CUST1001458,2026-06,0.5626,0.3518,0.4318,0.6397,0.4064,0.3034
CUST1001459,2026-06,0.1458,0.1547,0.1463,0.2141,0.4154,0.1826
CUST1001460,2026-06,0.5364,0.01,0.1381,0.4242,0.3335,0.137
CUST1001461,2026-06,0.1069,0.2757,0.1011,0.1871,0.3883,0.1407
CUST1001462,2026-06,0.5684,0.3535,0.3254,0.6803,0.1594,0.2322
CUST1001463,2026-06,0.54,0.4444,0.422,0.436,0.3782,0.1521
CUST1001464,2026-06,0.5349,0.0731,0.2475,0.363,0.351,0.0683
CUST1001465,2026-06,0.4465,0.2222,0.48,0.0989,0.5062,0.1149
CUST1001466,2026-06,0.6622,0.4246,0.7378,0.3716,0.2717,0.2568
CUST1001467,2026-06,0.3812,0.4439,0.5689,0.2787,0.3501,0.299
CUST1001468,2026-06,0.4494,0.01,0.179,0.1239,0.2702,0.2643
CUST1001469,2026-06,0.4341,0.3692,0.2541,0.3086,0.3469,0.2184
CUST1001470,2026-06,0.4284,0.3117,0.5208,0.4457,0.3778,0.1842
CUST1001471,2026-06,0.6143,0.4527,0.5136,0.5049,0.2434,0.1551
CUST1001472,2026-06,0.5821,0.464,0.3864,0.2707,0.3506,0.0488
CUST1001473,2026-06,0.4852,0.3144,0.4948,0.3606,0.6076,0.2611
CUST1001474,2026-06,0.4489,0.1237,0.431,0.221,0.3613,0.0966
CUST1001475,2026-06,0.0714999999999999,0.1047,0.1535,0.1917,0.4871,0.232
CUST1001476,2026-06,0.3857,0.01,0.281,0.2629,0.2207,0.3119
CUST1001477,2026-06,0.2715,0.546,0.5831,0.1257,0.2936,0.1385
CUST1001478,2026-06,0.3352,0.4277,0.6763,0.3799,0.3574,0.148
CUST1001479,2026-06,0.2143,0.046,0.2065,0.1487,0.397,0.2584
CUST1001480,2026-06,0.3573,0.3366,0.0755,0.4656,0.4413,0.6522
CUST1001481,2026-06,0.6568,0.2424,0.5228,0.445,0.4608,0.2734
CUST1001482,2026-06,0.1297,0.4092,0.0653,0.2737,0.2272,0.2416
CUST1001483,2026-06,0.3399,0.3075,0.5031,0.3353,0.3217,0.2253
CUST1001484,2026-06,0.528,0.197,0.1973,0.0956,0.2826,0.032
CUST1001485,2026-06,0.2092,0.3137,0.2448,0.409,0.4038,0.1759
CUST1001486,2026-06,0.1994,0.2374,0.3333,0.1738,0.3069,0.2187
CUST1001487,2026-06,0.3993,0.409,0.6488,0.2825,0.2888,0.1771
CUST1001488,2026-06,0.1197,0.3779,0.2144,0.2833,0.1665,0.2868
CUST1001489,2026-06,0.1998,0.1659,0.1446,0.3199,0.321,0.174
CUST1001490,2026-06,0.5384,0.0143,0.2165,0.3011,0.3512,0.2174
CUST1001491,2026-06,0.6394,0.3689,0.2664,0.575,0.398,0.2073
CUST1001492,2026-06,0.6694,0.3277,0.2216,0.4366,0.3178,0.2777
CUST1001493,2026-06,0.4397,0.417,0.4403,0.5257,0.2605,0.1555
CUST1001494,2026-06,0.2769,0.2063,0.2551,0.4246,0.5299,0.153
CUST1001495,2026-06,0.7128,0.4554,0.4382,0.5685,0.3218,0.01
CUST1001496,2026-06,0.2191,0.2084,0.2354,0.2644,0.2511,0.1613
CUST1001497,2026-06,0.4088,0.2631,0.2823,0.3369,0.5997,0.2707
CUST1001498,2026-06,0.6186,0.3052,0.5702,0.4318,0.212,0.2322
CUST1001499,2026-06,0.5638,0.0766,0.1641,0.4364,0.1811,0.2719
CUST1001500,2026-06,0.203,0.1059,0.1167,0.2944,0.2541,0.1235
CUST1001501,2026-06,0.5037,0.5906,0.5067,0.469,0.2563,0.3066
CUST1001502,2026-06,0.7916,0.3422,0.5342,0.3647,0.146,0.2102
CUST1001503,2026-06,0.4841,0.2478,0.3025,0.3488,0.6768,0.1782
CUST1001504,2026-06,0.1216,0.4244,0.0987,0.408,0.4632,0.1905
CUST1001505,2026-06,0.3059,0.2851,0.1018,0.3403,0.3341,0.152
CUST1001506,2026-06,0.3246,0.2609,0.4472,0.3685,0.3708,0.1967
CUST1001507,2026-06,0.3175,0.4915,0.1968,0.1809,0.3519,0.1885
CUST1001508,2026-06,0.4159,0.4639,0.2756,0.3977,0.3334,0.1898
CUST1001509,2026-06,0.5435,0.2832,0.4645,0.2768,0.3254,0.2095
CUST1001510,2026-06,0.3862,0.1894,0.2216,0.2375,0.2116,0.1848
CUST1001511,2026-06,0.3049,0.0893999999999999,0.2249,0.2392,0.2829,0.2689
CUST1001512,2026-06,0.2687,0.323,0.3092,0.2861,0.6207,0.1383
CUST1001513,2026-06,0.4741,0.1057,0.1245,0.3985,0.2225,0.3325
CUST1001514,2026-06,0.5191,0.2693,0.4231,0.4388,0.4363,0.18
CUST1001515,2026-06,0.479,0.5399,0.6302,0.4625,0.3836,0.2049
CUST1001516,2026-06,0.4175,0.0584,0.1453,0.2338,0.228,0.1222
CUST1001517,2026-06,0.4691,0.1424,0.3474,0.3776,0.3412,0.0125
CUST1001518,2026-06,0.01,0.2589,0.1334,0.2025,0.4229,0.2707
CUST1001519,2026-06,0.5689,0.4633,0.4849,0.5005,0.4817,0.2114
CUST1001520,2026-06,0.4772,0.1997,0.5603,0.4044,0.3918,0.1939
CUST1001521,2026-06,0.4481,0.1838,0.6171,0.311,0.3032,0.2195
CUST1001522,2026-06,0.4516,0.3315,0.3928,0.5722,0.1997,0.2175
CUST1001523,2026-06,0.4558,0.3904,0.5362,0.3874,0.4449,0.2475
CUST1001524,2026-06,0.3939,0.182,0.3256,0.1237,0.6356,0.2319
CUST1001525,2026-06,0.597,0.2354,0.4846,0.3354,0.4376,0.2675
CUST1001526,2026-06,0.4809,0.5076,0.4914,0.479,0.3565,0.151
CUST1001527,2026-06,0.2993,0.0552,0.193,0.239,0.222,0.2865
CUST1001528,2026-06,0.648,0.1248,0.5041,0.6201,0.1178,0.2295
CUST1001529,2026-06,0.4297,0.4535,0.4236,0.2801,0.325,0.2467
CUST1001530,2026-06,0.3082,0.112,0.1941,0.2951,0.4141,0.281
CUST1001531,2026-06,0.3884,0.2149,0.1441,0.1396,0.3727,0.1663
CUST1001532,2026-06,0.3636,0.1975,0.0729,0.5076,0.3407,0.1276
CUST1001533,2026-06,0.4358,0.4048,0.5182,0.5232,0.3639,0.2387
CUST1001534,2026-06,0.2141,0.305,0.4071,0.1899,0.3331,0.2406
CUST1001535,2026-06,0.7153,0.3799,0.3079,0.5798,0.2839,0.1467
CUST1001536,2026-06,0.2751,0.2061,0.1968,0.3772,0.4222,0.1445
CUST1001537,2026-06,0.3936,0.32,0.5108,0.3085,0.3988,0.0671
CUST1001538,2026-06,0.5963,0.1937,0.346,0.2509,0.1248,0.4937
CUST1001539,2026-06,0.4786,0.1736,0.4957,0.1771,0.2218,0.2474
CUST1001540,2026-06,0.6209,0.217,0.4232,0.4695,0.3403,0.367
CUST1001541,2026-06,0.3647,0.01,0.1657,0.1555,0.2872,0.125
CUST1001542,2026-06,0.4098,0.3248,0.4775,0.2898,0.4125,0.054
CUST1001543,2026-06,0.3337,0.5502,0.5179,0.4071,0.204,0.4759
CUST1001544,2026-06,0.5513,0.395,0.2865,0.3541,0.5093,0.1265
CUST1001545,2026-06,0.3005,0.3003,0.228,0.3511,0.3573,0.0674
CUST1001546,2026-06,0.2425,0.4079,0.5206,0.3165,0.3377,0.1408
CUST1001547,2026-06,0.2862,0.1672,0.1968,0.1049,0.3525,0.2862
CUST1001548,2026-06,0.1985,0.1969,0.1881,0.2255,0.3374,0.2879
CUST1001549,2026-06,0.5013,0.01,0.3447,0.5899,0.2463,0.1193
CUST1001550,2026-06,0.326,0.5585,0.683,0.3056,0.3878,0.1095
CUST1001551,2026-06,0.5829,0.3696,0.3302,0.5831,0.2996,0.257
CUST1001552,2026-06,0.6073,0.2092,0.3362,0.2412,0.2782,0.4026
CUST1001553,2026-06,0.631,0.3746,0.4056,0.4265,0.3107,0.2164
CUST1001554,2026-06,0.586,0.2124,0.64,0.2901,0.2464,0.1842
CUST1001555,2026-06,0.3767,0.4528,0.4295,0.4977,0.3904,0.0869999999999999
CUST1001556,2026-06,0.5374,0.0372,0.4534,0.1721,0.2176,0.118
CUST1001557,2026-06,0.3433,0.2865,0.383,0.2496,0.5697,0.0873
CUST1001558,2026-06,0.3293,0.15,0.3247,0.339,0.191,0.6133
CUST1001559,2026-06,0.3296,0.1009,0.2895,0.2471,0.1764,0.1824
CUST1001560,2026-06,0.3536,0.4853,0.3426,0.3075,0.4478,0.3047
CUST1001561,2026-06,0.2884,0.01,0.1735,0.3086,0.5159,0.1675
CUST1001562,2026-06,0.3821,0.4498,0.348,0.4338,0.379,0.1944
CUST1001563,2026-06,0.5568,0.5165,0.6671,0.6059,0.3397,0.1332
CUST1001564,2026-06,0.1985,0.1323,0.1686,0.278,0.5058,0.1498
CUST1001565,2026-06,0.4703,0.3968,0.4439,0.1054,0.4463,0.1194
CUST1001566,2026-06,0.3789,0.5878,0.3537,0.401,0.1652,0.1966
CUST1001567,2026-06,0.1569,0.2395,0.1005,0.3169,0.204,0.28
CUST1001568,2026-06,0.6339,0.074,0.4171,0.3578,0.2659,0.2217
CUST1001569,2026-06,0.5024,0.2628,0.4852,0.3935,0.226,0.217
CUST1001570,2026-06,0.2523,0.0774,0.1175,0.1633,0.0979,0.6325
CUST1001571,2026-06,0.7516,0.1858,0.4248,0.6128,0.1995,0.2562
CUST1001572,2026-06,0.2336,0.01,0.01,0.2506,0.0753999999999999,0.5717
CUST1001573,2026-06,0.5847,0.2588,0.231,0.434,0.1348,0.5942
CUST1001574,2026-06,0.8505,0.1077,0.3426,0.3571,0.3124,0.2733
CUST1001575,2026-06,0.6661,0.2705,0.3738,0.2581,0.22,0.2605
CUST1001576,2026-06,0.5681,0.4118,0.5154,0.2636,0.3017,0.079
CUST1001577,2026-06,0.6387,0.0687,0.4524,0.4573,0.3274,0.1943
CUST1001578,2026-06,0.48,0.2564,0.1689,0.1889,0.1692,0.1372
CUST1001579,2026-06,0.3555,0.2812,0.0649,0.3828,0.4333,0.1025
CUST1001580,2026-06,0.5819,0.3924,0.413,0.281,0.427,0.3107
CUST1001581,2026-06,0.1747,0.5053,0.0861,0.4534,0.3324,0.1661
CUST1001582,2026-06,0.6129,0.2237,0.3415,0.6258,0.2002,0.1038
CUST1001583,2026-06,0.6295,0.3237,0.4192,0.43,0.1399,0.1001
CUST1001584,2026-06,0.3221,0.2638,0.1546,0.5415,0.3498,0.2075
CUST1001585,2026-06,0.4642,0.01,0.1394,0.185,0.3614,0.1069
CUST1001586,2026-06,0.2757,0.01,0.0379,0.6137,0.2741,0.2242
CUST1001587,2026-06,0.5194,0.1725,0.1556,0.4487,0.2527,0.2813
CUST1001588,2026-06,0.2749,0.0593,0.3576,0.3582,0.2193,0.2066
CUST1001589,2026-06,0.5857,0.3413,0.4067,0.2831,0.2393,0.2083
CUST1001590,2026-06,0.5275,0.2069,0.2513,0.4038,0.2055,0.2246
CUST1001591,2026-06,0.1382,0.01,0.0788,0.0398,0.2576,0.1638
CUST1001592,2026-06,0.4511,0.356,0.5844,0.4676,0.3763,0.1921
CUST1001593,2026-06,0.4731,0.3441,0.5921,0.3653,0.4157,0.15
CUST1001594,2026-06,0.5227,0.3252,0.7482,0.3913,0.485,0.1133
CUST1001595,2026-06,0.3592,0.4556,0.4706,0.2144,0.3248,0.3851
CUST1001596,2026-06,0.5904,0.5123,0.3449,0.5623,0.1435,0.113
CUST1001597,2026-06,0.583,0.3775,0.4305,0.3803,0.3034,0.2756
CUST1001598,2026-06,0.5995,0.2351,0.3793,0.3934,0.3092,0.33
CUST1001599,2026-06,0.53,0.1539,0.3429,0.1989,0.4193,0.3126
CUST1001600,2026-06,0.6666,0.2365,0.4577,0.3082,0.24,0.2421
CUST1001601,2026-06,0.5939,0.3428,0.5473,0.4451,0.3229,0.1519
CUST1001602,2026-06,0.562,0.467,0.4284,0.4745,0.3079,0.1828
CUST1001603,2026-06,0.361,0.3794,0.3643,0.2074,0.3893,0.1895
CUST1001604,2026-06,0.5358,0.4833,0.182,0.5008,0.3267,0.1305
CUST1001605,2026-06,0.4345,0.5703,0.5874,0.3207,0.3716,0.3141
CUST1001606,2026-06,0.5101,0.1235,0.3057,0.1379,0.1245,0.1966
CUST1001607,2026-06,0.6078,0.1688,0.2776,0.3241,0.1781,0.6242
CUST1001608,2026-06,0.2945,0.1441,0.1752,0.4023,0.2793,0.1591
CUST1001609,2026-06,0.4231,0.2969,0.7145,0.5563,0.3344,0.202
CUST1001610,2026-06,0.3424,0.0685,0.2031,0.4989,0.5345,0.2575
CUST1001611,2026-06,0.6086,0.238,0.5205,0.2942,0.1144,0.2109
CUST1001612,2026-06,0.272,0.5148,0.4612,0.2137,0.2437,0.5869
CUST1001613,2026-06,0.6183,0.4464,0.5474,0.4561,0.1747,0.15
CUST1001614,2026-06,0.7367,0.1734,0.3316,0.5122,0.2527,0.1401
CUST1001615,2026-06,0.4439,0.2436,0.2827,0.2802,0.3536,0.2269
CUST1001616,2026-06,0.3305,0.0497,0.289,0.3177,0.373,0.1507
CUST1001617,2026-06,0.3972,0.2269,0.3514,0.5409,0.5273,0.1445
CUST1001618,2026-06,0.5954,0.1804,0.4812,0.4533,0.3217,0.1776
CUST1001619,2026-06,0.6411,0.5168,0.549,0.402,0.0934,0.0195
CUST1001620,2026-06,0.3137,0.4181,0.2669,0.3499,0.2501,0.674
CUST1001621,2026-06,0.1528,0.3317,0.3283,0.159,0.2763,0.1423
CUST1001622,2026-06,0.4392,0.01,0.1155,0.5282,0.3236,0.6245
CUST1001623,2026-06,0.421,0.4232,0.5835,0.3015,0.4026,0.2291
CUST1001624,2026-06,0.4268,0.4185,0.4388,0.6556,0.623,0.1823
CUST1001625,2026-06,0.2872,0.1079,0.4111,0.2362,0.2787,0.1926
CUST1001626,2026-06,0.2383,0.0951,0.1265,0.0751,0.3379,0.1724
CUST1001627,2026-06,0.2257,0.3043,0.1533,0.4031,0.2742,0.1574
CUST1001628,2026-06,0.6394,0.1692,0.4425,0.4474,0.2635,0.1264
CUST1001629,2026-06,0.3809,0.2828,0.2747,0.2954,0.5188,0.0738999999999999
CUST1001630,2026-06,0.4226,0.5097,0.4203,0.3867,0.4182,0.2881
CUST1001631,2026-06,0.5364,0.1262,0.313,0.2687,0.2678,0.2281
CUST1001632,2026-06,0.551,0.4103,0.4952,0.3482,0.3248,0.1278
CUST1001633,2026-06,0.4673,0.2028,0.3903,0.4409,0.2958,0.2253
CUST1001634,2026-06,0.4194,0.4524,0.4164,0.4394,0.5483,0.0806
CUST1001635,2026-06,0.4151,0.2303,0.3383,0.13,0.4967,0.2272
CUST1001636,2026-06,0.3714,0.2772,0.0839,0.2291,0.1267,0.2624
CUST1001637,2026-06,0.4429,0.388,0.4775,0.4824,0.3962,0.2211
CUST1001638,2026-06,0.5328,0.2504,0.5733,0.5777,0.295,0.2415
CUST1001639,2026-06,0.4924,0.2405,0.3559,0.443,0.5226,0.1656
CUST1001640,2026-06,0.4705,0.2622,0.0811,0.433,0.3968,0.1627
CUST1001641,2026-06,0.5296,0.3797,0.3211,0.4683,0.306,0.1822
CUST1001642,2026-06,0.5238,0.3571,0.4581,0.5085,0.3607,0.2378
CUST1001643,2026-06,0.3342,0.01,0.0765,0.4368,0.01,0.4333
CUST1001644,2026-06,0.2968,0.2182,0.3049,0.3272,0.4662,0.0934
CUST1001645,2026-06,0.6072,0.1208,0.2428,0.4493,0.3113,0.0488
CUST1001646,2026-06,0.6059,0.2656,0.4199,0.3944,0.3131,0.2317
CUST1001647,2026-06,0.4755,0.3843,0.3495,0.1667,0.3453,0.027
CUST1001648,2026-06,0.5866,0.221,0.2714,0.585,0.1539,0.1823
CUST1001649,2026-06,0.487,0.5305,0.3841,0.6179,0.3091,0.1666
CUST1001650,2026-06,0.3224,0.01,0.0738,0.2484,0.0833,0.1191
CUST1001651,2026-06,0.3715,0.1892,0.01,0.124,0.5247,0.0324
CUST1001652,2026-06,0.3776,0.4049,0.5823,0.5169,0.2616,0.0703
CUST1001653,2026-06,0.3722,0.5019,0.5228,0.1218,0.465,0.2831
CUST1001654,2026-06,0.4247,0.2929,0.4826,0.3001,0.1168,0.5822
CUST1001655,2026-06,0.5201,0.392,0.5575,0.1789,0.3506,0.1389
CUST1001656,2026-06,0.6665,0.3013,0.2746,0.427,0.355,0.1024
CUST1001657,2026-06,0.4177,0.545,0.4655,0.3507,0.504,0.0414
CUST1001658,2026-06,0.0364,0.0671,0.1744,0.2478,0.3464,0.1943
CUST1001659,2026-06,0.4846,0.0605,0.1043,0.2232,0.2448,0.3095
CUST1001660,2026-06,0.3259,0.01,0.1776,0.0918,0.3103,0.3117
CUST1001661,2026-06,0.4811,0.1299,0.2186,0.3284,0.3166,0.2274
CUST1001662,2026-06,0.6146,0.3269,0.4588,0.4653,0.4111,0.1536
CUST1001663,2026-06,0.3908,0.4695,0.4742,0.2959,0.4368,0.0695
CUST1001664,2026-06,0.356,0.2919,0.5812,0.4129,0.2604,0.1781
CUST1001665,2026-06,0.5312,0.4822,0.5097,0.2282,0.2854,0.1638
CUST1001666,2026-06,0.5074,0.3134,0.4037,0.2738,0.5151,0.1433
CUST1001667,2026-06,0.5646,0.2587,0.3259,0.3519,0.4683,0.1648
CUST1001668,2026-06,0.5113,0.2514,0.3492,0.3014,0.31,0.219
CUST1001669,2026-06,0.4207,0.4925,0.2647,0.2236,0.383,0.2641
CUST1001670,2026-06,0.4594,0.024,0.149,0.3116,0.1579,0.0879
CUST1001671,2026-06,0.5154,0.4311,0.2324,0.5604,0.4143,0.1575
CUST1001672,2026-06,0.5645,0.331,0.2835,0.3801,0.4426,0.101
CUST1001673,2026-06,0.4615,0.331,0.4261,0.6022,0.3472,0.1658
CUST1001674,2026-06,0.3788,0.01,0.2217,0.1162,0.5408,0.1191
CUST1001675,2026-06,0.7012,0.4264,0.1551,0.2932,0.1485,0.1961
CUST1001676,2026-06,0.5431,0.4292,0.4574,0.2587,0.3274,0.1787
CUST1001677,2026-06,0.4761,0.3082,0.4232,0.1722,0.2877,0.2938
CUST1001678,2026-06,0.5447,0.49,0.489,0.0325,0.2953,0.338
CUST1001679,2026-06,0.7108,0.1363,0.5302,0.4089,0.2353,0.2456
CUST1001680,2026-06,0.2885,0.2523,0.2999,0.169,0.1917,0.2649
CUST1001681,2026-06,0.3835,0.01,0.2077,0.3797,0.0588,0.335
CUST1001682,2026-06,0.1334,0.226,0.131,0.1634,0.2866,0.2632
CUST1001683,2026-06,0.6797,0.4437,0.5564,0.4914,0.5056,0.1077
CUST1001684,2026-06,0.3608,0.1513,0.3046,0.2813,0.4045,0.1218
CUST1001685,2026-06,0.4761,0.2092,0.5049,0.5423,0.6311,0.324
CUST1001686,2026-06,0.6217,0.2618,0.3626,0.4056,0.1023,0.1843
CUST1001687,2026-06,0.4234,0.3257,0.4768,0.2877,0.3343,0.2278
CUST1001688,2026-06,0.6259,0.4293,0.579,0.3148,0.2612,0.0462
CUST1001689,2026-06,0.374,0.5054,0.235,0.2494,0.2524,0.6342
CUST1001690,2026-06,0.327,0.2344,0.1863,0.4111,0.5466,0.1638
CUST1001691,2026-06,0.4677,0.3599,0.3676,0.1806,0.3332,0.0362
CUST1001692,2026-06,0.3716,0.3097,0.0838,0.1458,0.3182,0.1005
CUST1001693,2026-06,0.2458,0.2623,0.2473,0.3149,0.4632,0.1674
CUST1001694,2026-06,0.2751,0.2429,0.1062,0.2514,0.3625,0.0518
CUST1001695,2026-06,0.2695,0.2167,0.2111,0.3403,0.4133,0.2037
CUST1001696,2026-06,0.0762,0.0638,0.1463,0.4024,0.302,0.1644
CUST1001697,2026-06,0.5184,0.5426,0.5747,0.388,0.2998,0.246
CUST1001698,2026-06,0.5835,0.5168,0.5701,0.5896,0.2499,0.183
CUST1001699,2026-06,0.4756,0.2332,0.3302,0.3898,0.3393,0.2382
CUST1001700,2026-06,0.6991,0.2289,0.4426,0.4907,0.3692,0.01
CUST1001701,2026-06,0.3458,0.5003,0.5688,0.4605,0.2055,0.2035
CUST1001702,2026-06,0.3491,0.4227,0.4609,0.2799,0.3549,0.0709999999999999
CUST1001703,2026-06,0.083,0.3493,0.3342,0.2367,0.3458,0.1101
CUST1001704,2026-06,0.4469,0.3633,0.4906,0.1839,0.2615,0.1478
CUST1001705,2026-06,0.4714,0.1016,0.1903,0.6156,0.2766,0.0482
CUST1001706,2026-06,0.3089,0.081,0.01,0.2654,0.2706,0.5152
CUST1001707,2026-06,0.628,0.3669,0.5329,0.2273,0.2913,0.1257
CUST1001708,2026-06,0.5669,0.1913,0.4694,0.5077,0.261,0.3574
CUST1001709,2026-06,0.0825,0.01,0.1378,0.1795,0.2866,0.5716
CUST1001710,2026-06,0.3186,0.3177,0.4513,0.2377,0.4651,0.2375
CUST1001711,2026-06,0.2702,0.0922999999999999,0.1156,0.1916,0.2332,0.2051
CUST1001712,2026-06,0.4817,0.0723,0.0937,0.5218,0.2796,0.1859
CUST1001713,2026-06,0.4407,0.5682,0.1917,0.3674,0.3067,0.1528
CUST1001714,2026-06,0.5826,0.4126,0.3189,0.3347,0.4251,0.2735
CUST1001715,2026-06,0.5775,0.3969,0.4291,0.3838,0.2666,0.3161
CUST1001716,2026-06,0.6166,0.36,0.2588,0.3186,0.4273,0.0912
CUST1001717,2026-06,0.5225,0.063,0.8098,0.2869,0.2867,0.2196
CUST1001718,2026-06,0.502,0.2955,0.2221,0.2537,0.2582,0.2055
CUST1001719,2026-06,0.3376,0.3913,0.3727,0.4749,0.3879,0.0995999999999999
CUST1001720,2026-06,0.4898,0.4535,0.42,0.3847,0.6527,0.1563
CUST1001721,2026-06,0.566,0.5417,0.294,0.4142,0.2591,0.054
CUST1001722,2026-06,0.5448,0.6036,0.2417,0.1957,0.1665,0.1165
CUST1001723,2026-06,0.4007,0.4813,0.4751,0.5515,0.7336,0.2005
CUST1001724,2026-06,0.6205,0.4202,0.4855,0.4849,0.2628,0.1372
CUST1001725,2026-06,0.4084,0.0677,0.202,0.4415,0.271,0.1831
CUST1001726,2026-06,0.4579,0.3047,0.5319,0.3688,0.3408,0.1833
CUST1001727,2026-06,0.47,0.2621,0.3497,0.5373,0.2451,0.2719
CUST1001728,2026-06,0.3358,0.01,0.2726,0.3483,0.2443,0.0762
CUST1001729,2026-06,0.42,0.3768,0.4305,0.2375,0.2583,0.1101
CUST1001730,2026-06,0.1566,0.2962,0.1865,0.1646,0.4597,0.0354
CUST1001731,2026-06,0.2416,0.2698,0.0902,0.1848,0.4603,0.1573
CUST1001732,2026-06,0.5609,0.4426,0.4667,0.3147,0.4409,0.1105
CUST1001733,2026-06,0.5047,0.5807,0.361,0.4256,0.2796,0.1757
CUST1001734,2026-06,0.3556,0.2852,0.3979,0.2472,0.5214,0.1154
CUST1001735,2026-06,0.2908,0.01,0.0563,0.2163,0.3604,0.0888
CUST1001736,2026-06,0.3563,0.1639,0.3156,0.3182,0.3665,0.2526
CUST1001737,2026-06,0.7071,0.4477,0.6617,0.5329,0.2326,0.0479
CUST1001738,2026-06,0.3842,0.4299,0.2838,0.5772,0.3666,0.2957
CUST1001739,2026-06,0.3975,0.3212,0.3816,0.6236,0.4876,0.3294
CUST1001740,2026-06,0.2637,0.3089,0.2754,0.2786,0.2516,0.1539
CUST1001741,2026-06,0.6082,0.1463,0.1804,0.3551,0.0319,0.2473
CUST1001742,2026-06,0.553,0.3904,0.609,0.487,0.5157,0.0789
CUST1001743,2026-06,0.5583,0.2786,0.4526,0.3668,0.2025,0.1117
CUST1001744,2026-06,0.4927,0.2968,0.4266,0.2995,0.3844,0.178
CUST1001745,2026-06,0.628,0.3673,0.4061,0.3665,0.5545,0.1903
CUST1001746,2026-06,0.4649,0.588,0.3884,0.4876,0.5119,0.1843
CUST1001747,2026-06,0.4018,0.4298,0.4991,0.6444,0.1953,0.2018
CUST1001748,2026-06,0.2676,0.3977,0.5624,0.3395,0.3305,0.2754
CUST1001749,2026-06,0.6084,0.2993,0.3518,0.1777,0.3593,0.2693
CUST1001750,2026-06,0.1669,0.1859,0.1208,0.3319,0.2878,0.2939
CUST1001751,2026-06,0.4455,0.3298,0.336,0.3253,0.2841,0.2054
CUST1001752,2026-06,0.5261,0.4129,0.374,0.1323,0.3035,0.2011
CUST1001753,2026-06,0.4833,0.3714,0.3936,0.2818,0.5098,0.2009
CUST1001754,2026-06,0.2688,0.3785,0.1504,0.3627,0.3098,0.674
CUST1001755,2026-06,0.1959,0.2814,0.1489,0.4428,0.6077,0.3159
CUST1001756,2026-06,0.4615,0.5196,0.5251,0.4454,0.4121,0.1547
CUST1001757,2026-06,0.2411,0.0602,0.246,0.1301,0.3919,0.1467
CUST1001758,2026-06,0.4119,0.4561,0.662,0.5055,0.3943,0.0926
CUST1001759,2026-06,0.1127,0.0167,0.2767,0.3198,0.3575,0.0968
CUST1001760,2026-06,0.4878,0.367,0.4764,0.2497,0.3201,0.1302
CUST1001761,2026-06,0.292,0.223,0.1439,0.0932999999999999,0.2333,0.534
CUST1001762,2026-06,0.558,0.5281,0.5614,0.5064,0.3444,0.2838
CUST1001763,2026-06,0.722,0.06,0.348,0.4714,0.3013,0.2769
CUST1001764,2026-06,0.3348,0.1958,0.5331,0.274,0.3124,0.1465
CUST1001765,2026-06,0.358,0.2713,0.4635,0.2341,0.4025,0.1311
CUST1001766,2026-06,0.5475,0.0594,0.136,0.3696,0.3555,0.2287
CUST1001767,2026-06,0.1691,0.4151,0.3012,0.399,0.3406,0.2683
CUST1001768,2026-06,0.4897,0.4884,0.5036,0.3434,0.2007,0.1095
CUST1001769,2026-06,0.6515,0.2098,0.3046,0.1891,0.2869,0.1256
CUST1001770,2026-06,0.3353,0.3878,0.3708,0.2715,0.3715,0.2097
CUST1001771,2026-06,0.1942,0.2569,0.197,0.3544,0.3867,0.01
CUST1001772,2026-06,0.5242,0.3751,0.3609,0.4479,0.4116,0.1217
CUST1001773,2026-06,0.2642,0.0932,0.2026,0.2535,0.3455,0.1959
CUST1001774,2026-06,0.1517,0.1187,0.1264,0.1972,0.5398,0.1114
CUST1001775,2026-06,0.6571,0.1308,0.5894,0.3712,0.2437,0.0609
CUST1001776,2026-06,0.4025,0.3051,0.4673,0.3069,0.417,0.1415
CUST1001777,2026-06,0.5501,0.4718,0.6644,0.1989,0.2128,0.0804
CUST1001778,2026-06,0.4232,0.3913,0.681,0.4333,0.377,0.1182
CUST1001779,2026-06,0.4578,0.4056,0.5288,0.2326,0.5048,0.0606
CUST1001780,2026-06,0.4227,0.409,0.455,0.4471,0.4895,0.1554
CUST1001781,2026-06,0.6572,0.1103,0.5151,0.3862,0.2732,0.4047
CUST1001782,2026-06,0.1924,0.01,0.0314,0.1196,0.4121,0.3677
CUST1001783,2026-06,0.4381,0.3832,0.5194,0.4217,0.2775,0.1767
CUST1001784,2026-06,0.2044,0.1389,0.21,0.4277,0.3254,0.1214
CUST1001785,2026-06,0.5489,0.3443,0.5937,0.3181,0.323,0.1806
CUST1001786,2026-06,0.5734,0.1288,0.4958,0.4448,0.546,0.2668
CUST1001787,2026-06,0.6898,0.3089,0.4965,0.3776,0.1933,0.1186
CUST1001788,2026-06,0.3818,0.3492,0.3629,0.2671,0.4028,0.0757
CUST1001789,2026-06,0.6749,0.398,0.3691,0.5046,0.3075,0.1408
CUST1001790,2026-06,0.4711,0.1595,0.5671,0.2106,0.3703,0.2056
CUST1001791,2026-06,0.0796999999999999,0.359,0.1858,0.29,0.2888,0.1247
CUST1001792,2026-06,0.4159,0.313,0.2255,0.4859,0.1392,0.1445
CUST1001793,2026-06,0.6438,0.4649,0.4383,0.1411,0.3495,0.1082
CUST1001794,2026-06,0.7634,0.5758,0.3961,0.4877,0.221,0.2689
CUST1001795,2026-06,0.2417,0.3272,0.0636,0.2062,0.4335,0.1698
CUST1001796,2026-06,0.1462,0.1356,0.157,0.4821,0.4342,0.1294
CUST1001797,2026-06,0.4964,0.4192,0.3035,0.3701,0.2658,0.222
CUST1001798,2026-06,0.4974,0.3507,0.3508,0.3297,0.1187,0.2787
CUST1001799,2026-06,0.4734,0.4687,0.597,0.5987,0.2914,0.5013
CUST1001800,2026-06,0.4759,0.2563,0.4274,0.3317,0.6009,0.2801
CUST1001801,2026-06,0.7198,0.3868,0.4339,0.4307,0.2134,0.1127
CUST1001802,2026-06,0.6424,0.3036,0.341,0.1834,0.2216,0.1881
CUST1001803,2026-06,0.3082,0.1024,0.2488,0.062,0.2446,0.1216
CUST1001804,2026-06,0.7172,0.4587,0.4035,0.3453,0.2533,0.2014
CUST1001805,2026-06,0.6621,0.3961,0.4158,0.6104,0.4085,0.1599
CUST1001806,2026-06,0.6367,0.5174,0.5298,0.5499,0.5359,0.2638
CUST1001807,2026-06,0.3689,0.2986,0.0612,0.3504,0.2566,0.3544
CUST1001808,2026-06,0.2115,0.01,0.1825,0.0683,0.0713,0.166
CUST1001809,2026-06,0.3039,0.01,0.2836,0.2115,0.2674,0.3425
CUST1001810,2026-06,0.3445,0.292,0.1858,0.3933,0.3002,0.2074
CUST1001811,2026-06,0.5661,0.3997,0.4061,0.1379,0.2514,0.331
CUST1001812,2026-06,0.1571,0.3187,0.2829,0.3213,0.3118,0.0613
CUST1001813,2026-06,0.6914,0.2771,0.4111,0.1333,0.3612,0.2132
CUST1001814,2026-06,0.0779,0.0545,0.2485,0.0811,0.5594,0.2773
CUST1001815,2026-06,0.4397,0.2386,0.2316,0.2186,0.2955,0.16
CUST1001816,2026-06,0.4748,0.4067,0.552,0.5323,0.2939,0.2305
CUST1001817,2026-06,0.4584,0.3905,0.375,0.2667,0.228,0.2389
CUST1001818,2026-06,0.4357,0.3399,0.3874,0.4455,0.5838,0.1288
CUST1001819,2026-06,0.5064,0.3511,0.4505,0.3159,0.4158,0.1831
CUST1001820,2026-06,0.4181,0.3558,0.6278,0.3098,0.3212,0.1732
CUST1001821,2026-06,0.4222,0.01,0.0387,0.4776,0.299,0.1084
CUST1001822,2026-06,0.4394,0.179,0.445,0.382,0.2551,0.0803
CUST1001823,2026-06,0.1103,0.1958,0.149,0.2142,0.1937,0.1915
CUST1001824,2026-06,0.2059,0.1405,0.2212,0.1756,0.3212,0.188
CUST1001825,2026-06,0.7167,0.3602,0.6633,0.4105,0.13,0.2536
CUST1001826,2026-06,0.3724,0.4619,0.4806,0.4744,0.0699,0.28
CUST1001827,2026-06,0.1443,0.1971,0.1557,0.3181,0.7042,0.01
CUST1001828,2026-06,0.5276,0.3443,0.4025,0.202,0.2636,0.1591
CUST1001829,2026-06,0.4993,0.2751,0.2423,0.243,0.6566,0.0172
CUST1001830,2026-06,0.4497,0.4468,0.5116,0.3662,0.413,0.1396
CUST1001831,2026-06,0.404,0.2903,0.4353,0.5321,0.3841,0.1165
CUST1001832,2026-06,0.7365,0.2133,0.4917,0.2838,0.1489,0.2421
CUST1001833,2026-06,0.4766,0.4269,0.4872,0.4048,0.4645,0.127
CUST1001834,2026-06,0.3887,0.3978,0.2036,0.3002,0.2615,0.7145
CUST1001835,2026-06,0.3816,0.3489,0.5406,0.261,0.3324,0.1882
CUST1001836,2026-06,0.1893,0.3245,0.1866,0.5865,0.3129,0.1478
CUST1001837,2026-06,0.4786,0.314,0.7781,0.531,0.4074,0.0572
CUST1001838,2026-06,0.3747,0.356,0.3686,0.4775,0.3843,0.2235
CUST1001839,2026-06,0.4197,0.317,0.5196,0.4523,0.3563,0.2953
CUST1001840,2026-06,0.5073,0.4912,0.4501,0.2954,0.342,0.1953
CUST1001841,2026-06,0.4319,0.1873,0.0711,0.4761,0.4923,0.3158
CUST1001842,2026-06,0.5939,0.4044,0.2843,0.3292,0.5193,0.1936
CUST1001843,2026-06,0.1057,0.2762,0.1223,0.3742,0.2304,0.069
CUST1001844,2026-06,0.4609,0.2902,0.4919,0.3219,0.201,0.0973
CUST1001845,2026-06,0.5341,0.3179,0.6429,0.294,0.4108,0.2342
CUST1001846,2026-06,0.7658,0.1472,0.4369,0.3397,0.2707,0.0677
CUST1001847,2026-06,0.3641,0.3454,0.1781,0.5049,0.3597,0.1394
CUST1001848,2026-06,0.0718,0.2875,0.1385,0.3769,0.3438,0.0995
CUST1001849,2026-06,0.6355,0.3693,0.5007,0.5459,0.4142,0.2195
CUST1001850,2026-06,0.3895,0.1434,0.2117,0.3935,0.451,0.3955
CUST1001851,2026-06,0.2563,0.128,0.1353,0.3138,0.2891,0.1322
CUST1001852,2026-06,0.6573,0.3243,0.434,0.4627,0.3136,0.0711
CUST1001853,2026-06,0.3088,0.01,0.3066,0.1703,0.3101,0.2373
CUST1001854,2026-06,0.3517,0.01,0.2829,0.2678,0.2358,0.2263
CUST1001855,2026-06,0.4117,0.5593,0.6153,0.5021,0.3203,0.1722
CUST1001856,2026-06,0.135,0.2754,0.01,0.336,0.4374,0.1505
CUST1001857,2026-06,0.6324,0.2693,0.3872,0.4053,0.2394,0.2412
CUST1001858,2026-06,0.3104,0.1345,0.0866,0.4104,0.4716,0.1542
CUST1001859,2026-06,0.4377,0.4941,0.4649,0.2305,0.2872,0.1788
CUST1001860,2026-06,0.5451,0.313,0.3947,0.2467,0.314,0.2213
CUST1001861,2026-06,0.641,0.3779,0.4394,0.5386,0.2272,0.1211
CUST1001862,2026-06,0.5287,0.1389,0.1389,0.4441,0.1871,0.0973
CUST1001863,2026-06,0.521,0.5957,0.4742,0.4851,0.604,0.2723
CUST1001864,2026-06,0.2284,0.2101,0.2469,0.3023,0.2705,0.1283
CUST1001865,2026-06,0.1383,0.1858,0.1752,0.01,0.5961,0.1248
CUST1001866,2026-06,0.5244,0.5296,0.371,0.4287,0.2582,0.1979
CUST1001867,2026-06,0.1836,0.1922,0.01,0.3069,0.3928,0.01
CUST1001868,2026-06,0.564,0.6148,0.7019,0.2093,0.2793,0.2677
CUST1001869,2026-06,0.5416,0.3308,0.401,0.1541,0.2138,0.166
CUST1001870,2026-06,0.456,0.4621,0.4865,0.51,0.317,0.0378
CUST1001871,2026-06,0.6993,0.4234,0.2426,0.2728,0.2806,0.2225
CUST1001872,2026-06,0.4629,0.3548,0.4623,0.2693,0.4458,0.1152
CUST1001873,2026-06,0.6086,0.344,0.3778,0.46,0.2554,0.6088
CUST1001874,2026-06,0.0648,0.4325,0.3362,0.3205,0.4094,0.1016
CUST1001875,2026-06,0.5626,0.2153,0.6337,0.3222,0.3728,0.1182
CUST1001876,2026-06,0.4387,0.4503,0.4399,0.3881,0.3968,0.2761
CUST1001877,2026-06,0.6881,0.2476,0.409,0.3797,0.1897,0.1644
CUST1001878,2026-06,0.5054,0.0509,0.3234,0.3158,0.2532,0.0990999999999999
CUST1001879,2026-06,0.3923,0.3905,0.3301,0.2416,0.4201,0.0859999999999999
CUST1001880,2026-06,0.5794,0.3659,0.4296,0.4383,0.3086,0.1544
CUST1001881,2026-06,0.4438,0.4032,0.4741,0.4023,0.3874,0.1419
CUST1001882,2026-06,0.6917,0.2692,0.4,0.0206,0.3432,0.1819
CUST1001883,2026-06,0.7511,0.4056,0.5307,0.334,0.2916,0.2591
CUST1001884,2026-06,0.3399,0.3103,0.0263,0.4715,0.2806,0.2029
CUST1001885,2026-06,0.5302,0.2589,0.4638,0.4504,0.2689,0.1899
CUST1001886,2026-06,0.6905,0.1057,0.3057,0.2603,0.3551,0.2056
CUST1001887,2026-06,0.5883,0.146,0.4142,0.4369,0.3071,0.2741
CUST1001888,2026-06,0.3298,0.2049,0.01,0.256,0.4311,0.1178
CUST1001889,2026-06,0.4303,0.4387,0.4249,0.3246,0.4002,0.01
CUST1001890,2026-06,0.4312,0.4214,0.6482,0.2909,0.4024,0.2344
CUST1001891,2026-06,0.3493,0.3645,0.4916,0.4094,0.1931,0.1669
CUST1001892,2026-06,0.5472,0.4287,0.5025,0.3617,0.4569,0.0954
CUST1001893,2026-06,0.4641,0.3679,0.6034,0.1803,0.303,0.2107
CUST1001894,2026-06,0.5384,0.3434,0.7373,0.4664,0.3859,0.1041
CUST1001895,2026-06,0.599,0.01,0.0294,0.448,0.1992,0.3381
CUST1001896,2026-06,0.3623,0.1893,0.4507,0.0851,0.2826,0.2331
CUST1001897,2026-06,0.7023,0.259,0.4217,0.5901,0.3506,0.1265
CUST1001898,2026-06,0.4073,0.3571,0.4487,0.2006,0.4792,0.2324
CUST1001899,2026-06,0.2629,0.3188,0.2285,0.3984,0.3455,0.2818
CUST1001900,2026-06,0.7342,0.3654,0.4852,0.347,0.3506,0.2068
CUST1001901,2026-06,0.2232,0.3182,0.01,0.2935,0.3503,0.2147
CUST1001902,2026-06,0.6287,0.2762,0.43,0.1976,0.4277,0.1747
CUST1001903,2026-06,0.0293,0.3886,0.3037,0.229,0.4046,0.01
CUST1001904,2026-06,0.3417,0.01,0.0389,0.0598,0.1226,0.3567
CUST1001905,2026-06,0.4589,0.6683,0.6175,0.3348,0.3381,0.3505
CUST1001906,2026-06,0.4073,0.3296,0.471,0.456,0.503,0.104
CUST1001907,2026-06,0.2249,0.3045,0.0644,0.2875,0.3263,0.1841
CUST1001908,2026-06,0.381,0.2486,0.4858,0.3553,0.2454,0.1353
CUST1001909,2026-06,0.6279,0.4882,0.6096,0.4326,0.1756,0.2758
CUST1001910,2026-06,0.26,0.277,0.1769,0.4557,0.4567,0.2791
CUST1001911,2026-06,0.6013,0.3997,0.3285,0.446,0.4439,0.2625
CUST1001912,2026-06,0.2567,0.3729,0.4052,0.1134,0.334,0.1881
CUST1001913,2026-06,0.301,0.3456,0.2043,0.4375,0.6485,0.1724
CUST1001914,2026-06,0.2234,0.2413,0.2153,0.3255,0.3855,0.1025
CUST1001915,2026-06,0.5352,0.1095,0.1175,0.1945,0.3424,0.2088
CUST1001916,2026-06,0.4468,0.4126,0.3861,0.5151,0.2917,0.6117
CUST1001917,2026-06,0.1919,0.1399,0.0429,0.2826,0.3458,0.1408
CUST1001918,2026-06,0.628,0.2812,0.3675,0.4219,0.3256,0.0659
CUST1001919,2026-06,0.3626,0.1971,0.3679,0.4796,0.4222,0.1101
CUST1001920,2026-06,0.3634,0.4969,0.4081,0.5822,0.6763,0.248
CUST1001921,2026-06,0.4505,0.3887,0.3761,0.2424,0.4755,0.0840999999999999
CUST1001922,2026-06,0.4104,0.4889,0.4232,0.4582,0.4285,0.2681
CUST1001923,2026-06,0.5911,0.3529,0.4778,0.3429,0.3756,0.1741
CUST1001924,2026-06,0.5692,0.456,0.3821,0.5124,0.324,0.2901
CUST1001925,2026-06,0.4718,0.2532,0.3175,0.304,0.3467,0.2874
CUST1001926,2026-06,0.6475,0.2202,0.2162,0.4788,0.2962,0.1694
CUST1001927,2026-06,0.6281,0.3601,0.4589,0.5764,0.302,0.1599
CUST1001928,2026-06,0.4575,0.4558,0.6048,0.3365,0.3795,0.1917
CUST1001929,2026-06,0.3952,0.3625,0.6099,0.572,0.5181,0.1152
CUST1001930,2026-06,0.4229,0.2937,0.5627,0.2954,0.4453,0.0835
CUST1001931,2026-06,0.3375,0.2331,0.3052,0.1368,0.407,0.1687
CUST1001932,2026-06,0.3441,0.2834,0.4033,0.0934,0.3291,0.2141
CUST1001933,2026-06,0.7233,0.1221,0.458,0.4214,0.3192,0.0961999999999999
CUST1001934,2026-06,0.3759,0.3025,0.4146,0.3592,0.364,0.2809
CUST1001935,2026-06,0.1153,0.1528,0.2046,0.3609,0.3464,0.1786
CUST1001936,2026-06,0.2425,0.1846,0.3689,0.2756,0.349,0.1693
CUST1001937,2026-06,0.4748,0.4765,0.2768,0.2655,0.543,0.1931
CUST1001938,2026-06,0.203,0.4803,0.5822,0.1611,0.2877,0.1517
CUST1001939,2026-06,0.2978,0.1982,0.3507,0.2457,0.669,0.1713
CUST1001940,2026-06,0.2378,0.1792,0.0919,0.2331,0.1859,0.7033
CUST1001941,2026-06,0.4688,0.3395,0.4477,0.5328,0.178,0.6254
CUST1001942,2026-06,0.3539,0.3117,0.0602,0.5359,0.609,0.1519
CUST1001943,2026-06,0.6841,0.4379,0.3413,0.4674,0.2079,0.2414
CUST1001944,2026-06,0.4728,0.4292,0.4541,0.4494,0.3677,0.173
CUST1001945,2026-06,0.1397,0.2933,0.0782999999999999,0.3335,0.3739,0.1263
CUST1001946,2026-06,0.141,0.1699,0.1008,0.3051,0.5299,0.2477
CUST1001947,2026-06,0.4528,0.4284,0.5044,0.2739,0.3432,0.2601
CUST1001948,2026-06,0.61,0.3205,0.6534,0.3513,0.2634,0.2025
CUST1001949,2026-06,0.2303,0.3426,0.1718,0.4566,0.3549,0.1052
CUST1001950,2026-06,0.5113,0.3245,0.4559,0.4011,0.3851,0.1696
CUST1001951,2026-06,0.3699,0.4399,0.4749,0.1665,0.3426,0.2546
CUST1001952,2026-06,0.4683,0.3806,0.5305,0.4666,0.5378,0.2769
CUST1001953,2026-06,0.8011,0.0369,0.3668,0.3677,0.2513,0.1177
CUST1001954,2026-06,0.579,0.4022,0.4714,0.4267,0.3541,0.2151
CUST1001955,2026-06,0.5918,0.1816,0.5568,0.2929,0.5951,0.1379
CUST1001956,2026-06,0.3014,0.01,0.078,0.2273,0.3938,0.1502
CUST1001957,2026-06,0.4188,0.3535,0.5171,0.3729,0.4484,0.4702
CUST1001958,2026-06,0.2778,0.3677,0.4255,0.4913,0.4519,0.2243
CUST1001959,2026-06,0.3382,0.4112,0.7537,0.4793,0.1338,0.2389
CUST1001960,2026-06,0.5357,0.2725,0.318,0.4714,0.4873,0.1298
CUST1001961,2026-06,0.2485,0.4446,0.3647,0.4041,0.4121,0.2304
CUST1001962,2026-06,0.2335,0.2838,0.231,0.3452,0.5351,0.175
CUST1001963,2026-06,0.5064,0.5204,0.5479,0.5267,0.2507,0.1568
CUST1001964,2026-06,0.697,0.4807,0.3357,0.3901,0.1476,0.1283
CUST1001965,2026-06,0.381,0.1676,0.01,0.4438,0.4798,0.7153
CUST1001966,2026-06,0.3896,0.1919,0.216,0.2335,0.3316,0.2936
CUST1001967,2026-06,0.7074,0.0344,0.3789,0.0959,0.3214,0.2135
CUST1001968,2026-06,0.5045,0.4099,0.5801,0.4533,0.4438,0.3109
CUST1001969,2026-06,0.4825,0.2939,0.4192,0.3529,0.3923,0.2338
CUST1001970,2026-06,0.6337,0.1579,0.4165,0.4766,0.2797,0.2681
CUST1001971,2026-06,0.444,0.5416,0.5853,0.5143,0.3896,0.238
CUST1001972,2026-06,0.5133,0.2851,0.4017,0.3874,0.2338,0.2394
CUST1001973,2026-06,0.1473,0.3866,0.2307,0.7062,0.3167,0.191
CUST1001974,2026-06,0.6536,0.4101,0.5829,0.3697,0.3573,0.1046
CUST1001975,2026-06,0.5553,0.35,0.3325,0.2981,0.2124,0.4472
CUST1001976,2026-06,0.467,0.3637,0.4803,0.3177,0.3256,0.1212
CUST1001977,2026-06,0.3994,0.3902,0.3491,0.289,0.2717,0.2778
CUST1001978,2026-06,0.1467,0.248,0.1433,0.2775,0.2969,0.1201
CUST1001979,2026-06,0.3839,0.353,0.298,0.3015,0.4623,0.2153
CUST1001980,2026-06,0.6344,0.0677,0.4672,0.438,0.1761,0.2408
CUST1001981,2026-06,0.491,0.3157,0.3363,0.3538,0.4574,0.2007
CUST1001982,2026-06,0.5128,0.4333,0.5286,0.5712,0.3185,0.1436
CUST1001983,2026-06,0.4666,0.3314,0.5268,0.5697,0.6683,0.2542
CUST1001984,2026-06,0.3379,0.2761,0.0879999999999999,0.5597,0.1949,0.2276
CUST1001985,2026-06,0.5206,0.3848,0.6317,0.4936,0.4111,0.1027
CUST1001986,2026-06,0.3113,0.2909,0.5701,0.0712,0.2287,0.1747
CUST1001987,2026-06,0.2123,0.208,0.362,0.2376,0.2891,0.2045
CUST1001988,2026-06,0.5974,0.4634,0.4674,0.6018,0.3483,0.1576
CUST1001989,2026-06,0.587,0.1853,0.3849,0.3081,0.3425,0.283
CUST1001990,2026-06,0.7757,0.1191,0.5324,0.2168,0.4369,0.3341
CUST1001991,2026-06,0.5695,0.4383,0.6577,0.3699,0.2325,0.2854
CUST1001992,2026-06,0.5499,0.2668,0.5277,0.4053,0.3801,0.1691
CUST1001993,2026-06,0.3991,0.5109,0.4729,0.5653,0.3043,0.1716
CUST1001994,2026-06,0.6109,0.371,0.4739,0.3302,0.2506,0.0645
CUST1001995,2026-06,0.4782,0.3727,0.3951,0.1548,0.2961,0.1151
CUST1001996,2026-06,0.5056,0.353,0.428,0.3859,0.2946,0.0868
CUST1001997,2026-06,0.6478,0.446,0.186,0.7058,0.142,0.5201
CUST1001998,2026-06,0.4385,0.3485,0.174,0.3575,0.4216,0.1789
CUST1001999,2026-06,0.3395,0.4021,0.6863,0.4685,0.3439,0.1284
CUST1002000,2026-06,0.5754,0.3451,0.3784,0.1533,0.3962,0.1842
CUST1002001,2026-06,0.5455,0.6531,0.5932,0.4161,0.1477,0.6849
CUST1002002,2026-06,0.3489,0.2004,0.01,0.2224,0.3181,0.2235
CUST1002003,2026-06,0.148,0.1007,0.1714,0.2405,0.3111,0.0563
CUST1002004,2026-06,0.4261,0.4525,0.49,0.2121,0.4113,0.1417
CUST1002005,2026-06,0.5121,0.5403,0.4726,0.1517,0.2583,0.2045
CUST1002006,2026-06,0.3456,0.01,0.0945,0.4998,0.2944,0.0769
CUST1002007,2026-06,0.5945,0.4352,0.4419,0.4307,0.2671,0.1911
CUST1002008,2026-06,0.4772,0.3123,0.3284,0.6112,0.2833,0.2395
CUST1002009,2026-06,0.7303,0.1949,0.2718,0.3597,0.2825,0.2234
CUST1002010,2026-06,0.2449,0.136,0.1488,0.3811,0.6032,0.3263
CUST1002011,2026-06,0.3995,0.3302,0.0703,0.4475,0.4715,0.1356
CUST1002012,2026-06,0.4151,0.1089,0.4978,0.4412,0.3727,0.108
CUST1002013,2026-06,0.01,0.01,0.0265,0.1812,0.6427,0.1721
CUST1002014,2026-06,0.3047,0.3195,0.101,0.3387,0.3844,0.1786
CUST1002015,2026-06,0.5392,0.235,0.4294,0.5614,0.3071,0.2936
CUST1002016,2026-06,0.2519,0.3033,0.255,0.5233,0.5476,0.1793
CUST1002017,2026-06,0.2474,0.2372,0.2528,0.6118,0.236,0.7088
CUST1002018,2026-06,0.2964,0.2172,0.1087,0.6276,0.475,0.01
CUST1002019,2026-06,0.3735,0.1678,0.1709,0.3209,0.186,0.1966
CUST1002020,2026-06,0.316,0.2748,0.4637,0.2539,0.2837,0.0426
CUST1002021,2026-06,0.5065,0.4862,0.208,0.3192,0.3634,0.2264
CUST1002022,2026-06,0.3439,0.2548,0.2132,0.3014,0.3534,0.1602
CUST1002023,2026-06,0.3802,0.5028,0.5999,0.5102,0.062,0.5078
CUST1002024,2026-06,0.1971,0.0961999999999999,0.01,0.3203,0.3961,0.232
CUST1002025,2026-06,0.7511,0.2598,0.5175,0.5361,0.3567,0.2063
CUST1002026,2026-06,0.5467,0.3581,0.6529,0.5548,0.3671,0.1169
CUST1002027,2026-06,0.4406,0.5422,0.4573,0.4609,0.5352,0.1426
CUST1002028,2026-06,0.389,0.352,0.4016,0.4898,0.335,0.2301
CUST1002029,2026-06,0.1672,0.1426,0.2424,0.2146,0.314,0.3162
CUST1002030,2026-06,0.7058,0.0990999999999999,0.4275,0.1464,0.2136,0.1616
CUST1002031,2026-06,0.1222,0.2763,0.3193,0.2243,0.5835,0.0701
CUST1002032,2026-06,0.5744,0.2395,0.3514,0.2731,0.2202,0.2938
CUST1002033,2026-06,0.4974,0.242,0.2907,0.416,0.2211,0.2821
CUST1002034,2026-06,0.6964,0.2195,0.4823,0.4665,0.4141,0.2421
CUST1002035,2026-06,0.6981,0.3399,0.5437,0.5138,0.0838,0.1342
CUST1002036,2026-06,0.3749,0.4269,0.3461,0.3103,0.3944,0.01
CUST1002037,2026-06,0.2583,0.1631,0.2887,0.2229,0.2817,0.0737
CUST1002038,2026-06,0.283,0.3448,0.3147,0.2815,0.2162,0.0654
CUST1002039,2026-06,0.4077,0.3353,0.4907,0.2191,0.3908,0.0357
CUST1002040,2026-06,0.436,0.1663,0.3747,0.0514,0.4198,0.2075
CUST1002041,2026-06,0.3332,0.2891,0.4529,0.596,0.3304,0.222
CUST1002042,2026-06,0.2868,0.0315,0.2539,0.3266,0.0195,0.1703
CUST1002043,2026-06,0.4222,0.3667,0.536,0.4146,0.4028,0.1629
CUST1002044,2026-06,0.6535,0.5389,0.3993,0.3274,0.2017,0.1934
CUST1002045,2026-06,0.4235,0.4516,0.485,0.0755,0.2813,0.1892
CUST1002046,2026-06,0.1361,0.3666,0.3661,0.5087,0.6016,0.073
CUST1002047,2026-06,0.5039,0.5792,0.3952,0.4496,0.4159,0.1457
CUST1002048,2026-06,0.4342,0.4954,0.7048,0.3442,0.2954,0.0743
CUST1002049,2026-06,0.4398,0.4996,0.7315,0.3311,0.2238,0.1378
CUST1002050,2026-06,0.3471,0.3586,0.6924,0.5745,0.4389,0.1602
CUST1002051,2026-06,0.147,0.2993,0.2107,0.3132,0.441,0.0811999999999999
CUST1002052,2026-06,0.5608,0.1257,0.6551,0.3829,0.0994,0.097
CUST1002053,2026-06,0.4775,0.1771,0.1834,0.5597,0.1937,0.156
CUST1002054,2026-06,0.6489,0.417,0.4363,0.4373,0.2139,0.3045
CUST1002055,2026-06,0.5213,0.4649,0.4227,0.3563,0.1076,0.2094
CUST1002056,2026-06,0.413,0.4887,0.4305,0.2757,0.3454,0.3064
CUST1002057,2026-06,0.3938,0.2037,0.2733,0.1907,0.3744,0.2597
CUST1002058,2026-06,0.5025,0.4987,0.4771,0.4449,0.4106,0.1249
CUST1002059,2026-06,0.148,0.2747,0.01,0.1753,0.3264,0.3458
CUST1002060,2026-06,0.1961,0.01,0.1833,0.0796999999999999,0.2273,0.184
CUST1002061,2026-06,0.1939,0.3098,0.4725,0.2231,0.3451,0.3316
CUST1002062,2026-06,0.6474,0.2583,0.4506,0.377,0.2351,0.0318
CUST1002063,2026-06,0.4392,0.01,0.108,0.371,0.2917,0.2964
CUST1002064,2026-06,0.3487,0.4906,0.5862,0.1464,0.1529,0.1178
CUST1002065,2026-06,0.4902,0.3488,0.4847,0.1112,0.4533,0.318
CUST1002066,2026-06,0.434,0.01,0.378,0.4891,0.2407,0.2451
CUST1002067,2026-06,0.4628,0.01,0.1802,0.2537,0.6188,0.1851
CUST1002068,2026-06,0.3709,0.3782,0.382,0.5782,0.3852,0.2161
CUST1002069,2026-06,0.2544,0.6995,0.3923,0.5816,0.475,0.2929
CUST1002070,2026-06,0.5002,0.4176,0.4511,0.6222,0.4,0.0271
CUST1002071,2026-06,0.3486,0.1793,0.1546,0.267,0.0723,0.2094
CUST1002072,2026-06,0.467,0.1685,0.01,0.2008,0.3252,0.1778
CUST1002073,2026-06,0.4662,0.2669,0.57,0.3537,0.316,0.2323
CUST1002074,2026-06,0.4478,0.3899,0.4697,0.3693,0.4206,0.1097
CUST1002075,2026-06,0.1396,0.01,0.1536,0.064,0.3197,0.2252
CUST1002076,2026-06,0.495,0.1478,0.2235,0.3827,0.5064,0.2101
CUST1002077,2026-06,0.6525,0.4649,0.57,0.3568,0.2863,0.0433
CUST1002078,2026-06,0.4028,0.4499,0.4244,0.3878,0.4223,0.0489
CUST1002079,2026-06,0.3749,0.4579,0.7128,0.3531,0.4353,0.0136
CUST1002080,2026-06,0.2559,0.1557,0.0236,0.2384,0.4122,0.1695
CUST1002081,2026-06,0.7196,0.0908999999999999,0.3041,0.356,0.1587,0.0485
CUST1002082,2026-06,0.4613,0.2387,0.2653,0.1358,0.2237,0.1693
CUST1002083,2026-06,0.2449,0.1814,0.2982,0.3457,0.4608,0.2098
CUST1002084,2026-06,0.6008,0.0327,0.6145,0.5413,0.163,0.1823
CUST1002085,2026-06,0.7113,0.2546,0.3673,0.4013,0.3016,0.3188
CUST1002086,2026-06,0.1934,0.1062,0.1039,0.1059,0.2141,0.1045
CUST1002087,2026-06,0.3071,0.1089,0.0327,0.471,0.1182,0.1289
CUST1002088,2026-06,0.4787,0.1645,0.4725,0.5759,0.6462,0.1872
CUST1002089,2026-06,0.5812,0.328,0.3522,0.5283,0.3252,0.2168
CUST1002090,2026-06,0.4715,0.349,0.3253,0.2562,0.3726,0.221
CUST1002091,2026-06,0.4358,0.3471,0.6089,0.2695,0.4869,0.1945
CUST1002092,2026-06,0.1855,0.1467,0.1456,0.1211,0.5772,0.2836
CUST1002093,2026-06,0.4609,0.3179,0.4301,0.1587,0.406,0.2688
CUST1002094,2026-06,0.4219,0.3957,0.3775,0.3853,0.4337,0.1607
CUST1002095,2026-06,0.2303,0.3165,0.2485,0.1704,0.3998,0.1136
CUST1002096,2026-06,0.4989,0.4222,0.6116,0.3769,0.4441,0.1169
CUST1002097,2026-06,0.293,0.2534,0.4025,0.5437,0.285,0.214
CUST1002098,2026-06,0.3865,0.2857,0.4584,0.2739,0.2068,0.2283
CUST1002099,2026-06,0.3499,0.4181,0.448,0.3725,0.3929,0.0934
CUST1002100,2026-06,0.0312,0.3024,0.244,0.3299,0.327,0.1279
CUST1002101,2026-06,0.7117,0.1836,0.1356,0.5465,0.2491,0.065
CUST1002102,2026-06,0.6191,0.2716,0.348,0.227,0.2903,0.2045
CUST1002103,2026-06,0.6475,0.0966999999999999,0.1492,0.344,0.3532,0.1395
CUST1002104,2026-06,0.3909,0.135,0.1145,0.574,0.1503,0.0471
CUST1002105,2026-06,0.2994,0.2513,0.2402,0.5249,0.3155,0.1645
CUST1002106,2026-06,0.1693,0.1115,0.1841,0.3221,0.2995,0.1224
CUST1002107,2026-06,0.526,0.1905,0.3492,0.2907,0.5915,0.3091
CUST1002108,2026-06,0.2409,0.1639,0.1325,0.491,0.2875,0.1331
CUST1002109,2026-06,0.4741,0.4165,0.5193,0.2627,0.4324,0.2129
CUST1002110,2026-06,0.3864,0.2132,0.4999,0.4343,0.2754,0.2732
CUST1002111,2026-06,0.7448,0.4582,0.5985,0.4765,0.2751,0.1966
CUST1002112,2026-06,0.6812,0.4914,0.4071,0.595,0.2348,0.2314
CUST1002113,2026-06,0.3519,0.3618,0.3631,0.2515,0.4647,0.1419
CUST1002114,2026-06,0.3476,0.3728,0.5898,0.3377,0.1928,0.1613
CUST1002115,2026-06,0.3228,0.149,0.2253,0.2917,0.5299,0.1933
CUST1002116,2026-06,0.3194,0.01,0.4033,0.1332,0.2856,0.1836
CUST1002117,2026-06,0.3408,0.4781,0.3435,0.4728,0.3243,0.4987
CUST1002118,2026-06,0.3378,0.4591,0.7043,0.3514,0.2299,0.0892
CUST1002119,2026-06,0.4604,0.5093,0.5368,0.428,0.5496,0.2354
CUST1002120,2026-06,0.2865,0.205,0.428,0.3102,0.2577,0.1984
CUST1002121,2026-06,0.1837,0.2994,0.0497,0.3358,0.1492,0.622
CUST1002122,2026-06,0.2492,0.1292,0.0255,0.4441,0.2136,0.0677
CUST1002123,2026-06,0.4718,0.3729,0.2286,0.2922,0.2925,0.1226
CUST1002124,2026-06,0.4892,0.2331,0.3254,0.5574,0.4501,0.316
CUST1002125,2026-06,0.419,0.43,0.5914,0.5133,0.3051,0.1055
CUST1002126,2026-06,0.7596,0.3689,0.2886,0.5112,0.5918,0.2993
CUST1002127,2026-06,0.4246,0.1756,0.4738,0.4356,0.3304,0.2108
CUST1002128,2026-06,0.3099,0.0687,0.0524,0.3278,0.4477,0.1081
CUST1002129,2026-06,0.6882,0.2419,0.4022,0.2861,0.3911,0.2401
CUST1002130,2026-06,0.5344,0.5084,0.4483,0.2684,0.3953,0.01
CUST1002131,2026-06,0.4014,0.4193,0.59,0.3936,0.3248,0.1885
CUST1002132,2026-06,0.5196,0.2173,0.3628,0.3485,0.6213,0.2955
CUST1002133,2026-06,0.4072,0.3266,0.1809,0.2653,0.3775,0.1717
CUST1002134,2026-06,0.2299,0.1505,0.1131,0.4309,0.5953,0.1356
CUST1002135,2026-06,0.3878,0.6098,0.3109,0.3968,0.4236,0.2426
CUST1002136,2026-06,0.5207,0.2397,0.1549,0.2831,0.3098,0.1144
CUST1002137,2026-06,0.5207,0.4434,0.4646,0.5237,0.4847,0.0322
CUST1002138,2026-06,0.252,0.2653,0.4685,0.2326,0.3916,0.3027
CUST1002139,2026-06,0.5325,0.3873,0.4234,0.3257,0.281,0.0782
CUST1002140,2026-06,0.2693,0.3807,0.1909,0.429,0.4864,0.2701
CUST1002141,2026-06,0.3874,0.0296,0.1484,0.1033,0.2511,0.3333
CUST1002142,2026-06,0.6802,0.3447,0.308,0.5631,0.4216,0.2439
CUST1002143,2026-06,0.4539,0.2203,0.6839,0.4022,0.2932,0.0422
CUST1002144,2026-06,0.1378,0.1745,0.1294,0.1669,0.2512,0.3374
CUST1002145,2026-06,0.5002,0.01,0.2346,0.2555,0.1829,0.1258
CUST1002146,2026-06,0.7227,0.5364,0.4107,0.4678,0.3465,0.3175
CUST1002147,2026-06,0.3103,0.2113,0.3468,0.4967,0.2614,0.1917
CUST1002148,2026-06,0.6446,0.3862,0.4772,0.3032,0.2716,0.0551
CUST1002149,2026-06,0.6198,0.362,0.3703,0.5757,0.3161,0.2314
CUST1002150,2026-06,0.8092,0.4265,0.2441,0.5532,0.1963,0.0547
CUST1002151,2026-06,0.4726,0.3242,0.3598,0.4975,0.3232,0.2901
CUST1002152,2026-06,0.5387,0.3674,0.4392,0.1841,0.3423,0.1906
CUST1002153,2026-06,0.3686,0.1541,0.124,0.4756,0.3268,0.2508
CUST1002154,2026-06,0.2191,0.234,0.3835,0.2454,0.4575,0.0644
CUST1002155,2026-06,0.2286,0.0332,0.0803,0.2919,0.5402,0.1855
CUST1002156,2026-06,0.4226,0.3007,0.1529,0.4764,0.2626,0.2086
CUST1002157,2026-06,0.1848,0.1852,0.1163,0.3717,0.3556,0.597
CUST1002158,2026-06,0.3697,0.5972,0.6684,0.1202,0.2792,0.1141
CUST1002159,2026-06,0.1517,0.2115,0.1695,0.2802,0.1394,0.0687
CUST1002160,2026-06,0.6311,0.274,0.3167,0.4075,0.0722,0.6718
CUST1002161,2026-06,0.725,0.3011,0.4244,0.2077,0.2983,0.2223
CUST1002162,2026-06,0.486,0.3243,0.5974,0.2103,0.407,0.2511
CUST1002163,2026-06,0.4646,0.4598,0.4327,0.3541,0.308,0.2697
CUST1002164,2026-06,0.4658,0.617,0.8455,0.4768,0.3407,0.1874
CUST1002165,2026-06,0.396,0.4107,0.6156,0.2584,0.3257,0.2518
CUST1002166,2026-06,0.5492,0.5372,0.4876,0.4592,0.4678,0.129
CUST1002167,2026-06,0.22,0.1711,0.2265,0.3057,0.4091,0.2111
CUST1002168,2026-06,0.5196,0.2567,0.3428,0.2874,0.4408,0.145
CUST1002169,2026-06,0.2655,0.5696,0.5197,0.2982,0.1868,0.1822
CUST1002170,2026-06,0.7306,0.0461,0.4862,0.4107,0.0545,0.1155
CUST1002171,2026-06,0.4734,0.4726,0.2212,0.315,0.2551,0.2418
CUST1002172,2026-06,0.426,0.4051,0.3517,0.3728,0.2924,0.2023
CUST1002173,2026-06,0.5593,0.4688,0.3592,0.5746,0.3105,0.1472
CUST1002174,2026-06,0.4263,0.4962,0.6094,0.442,0.3389,0.1788
CUST1002175,2026-06,0.3603,0.3571,0.433,0.513,0.3453,0.1471
CUST1002176,2026-06,0.6025,0.2198,0.4556,0.3047,0.2235,0.1168
CUST1002177,2026-06,0.191,0.2528,0.1649,0.3424,0.3109,0.257
CUST1002178,2026-06,0.4398,0.463,0.3371,0.3415,0.2523,0.1487
CUST1002179,2026-06,0.2387,0.1666,0.244,0.2634,0.614,0.0965
CUST1002180,2026-06,0.697,0.3366,0.4039,0.3563,0.307,0.2758
CUST1002181,2026-06,0.6502,0.2298,0.4082,0.4796,0.335,0.239
CUST1002182,2026-06,0.7967,0.5138,0.3667,0.4798,0.4156,0.1891
CUST1002183,2026-06,0.4884,0.4364,0.4497,0.3333,0.3642,0.1011
CUST1002184,2026-06,0.4388,0.364,0.3594,0.6031,0.5087,0.1418
CUST1002185,2026-06,0.3478,0.4797,0.493,0.341,0.4169,0.2045
CUST1002186,2026-06,0.3009,0.2022,0.2413,0.3387,0.4013,0.2127
CUST1002187,2026-06,0.3562,0.2751,0.1545,0.1937,0.4771,0.1683
CUST1002188,2026-06,0.246,0.1656,0.3687,0.2633,0.3314,0.3167
CUST1002189,2026-06,0.3505,0.1963,0.1343,0.3726,0.018,0.2954
CUST1002190,2026-06,0.6073,0.398,0.2514,0.5015,0.1974,0.158
CUST1002191,2026-06,0.3439,0.3156,0.5345,0.3669,0.3182,0.17
CUST1002192,2026-06,0.5394,0.4366,0.4924,0.1525,0.365,0.2647
CUST1002193,2026-06,0.5372,0.3395,0.6701,0.3025,0.4733,0.2122
CUST1002194,2026-06,0.647,0.5009,0.3144,0.0983,0.2809,0.0532
CUST1002195,2026-06,0.5459,0.2105,0.3562,0.1432,0.2218,0.3469
CUST1002196,2026-06,0.4535,0.4901,0.2316,0.4986,0.4304,0.0376
CUST1002197,2026-06,0.2427,0.0824,0.0935,0.1325,0.1213,0.204
CUST1002198,2026-06,0.3334,0.01,0.2255,0.01,0.1218,0.1636
CUST1002199,2026-06,0.2391,0.1192,0.0842,0.2567,0.2819,0.1592
CUST1002200,2026-06,0.3536,0.2931,0.2773,0.5935,0.4526,0.1214
CUST1002201,2026-06,0.3186,0.3168,0.3922,0.1878,0.3624,0.1241
CUST1002202,2026-06,0.3517,0.3586,0.499,0.3516,0.5022,0.1743
CUST1002203,2026-06,0.3622,0.1989,0.1474,0.408,0.14,0.1981
CUST1002204,2026-06,0.4909,0.4619,0.3568,0.2933,0.2778,0.2937
CUST1002205,2026-06,0.5378,0.4352,0.3704,0.1708,0.3704,0.1826
CUST1002206,2026-06,0.4716,0.4038,0.4725,0.5852,0.383,0.2834
CUST1002207,2026-06,0.3451,0.2798,0.7134,0.5027,0.3684,0.328
CUST1002208,2026-06,0.6154,0.2201,0.4073,0.2603,0.2271,0.1992
CUST1002209,2026-06,0.4902,0.3267,0.3438,0.4494,0.3743,0.5538
CUST1002210,2026-06,0.5305,0.115,0.3972,0.3118,0.2879,0.108
CUST1002211,2026-06,0.7369,0.4002,0.5433,0.4348,0.1059,0.1286
CUST1002212,2026-06,0.7445,0.105,0.4556,0.3766,0.4059,0.3022
CUST1002213,2026-06,0.3976,0.5065,0.6526,0.4015,0.3915,0.0655
CUST1002214,2026-06,0.3025,0.3929,0.6043,0.1658,0.3804,0.2517
CUST1002215,2026-06,0.503,0.199,0.532,0.193,0.3961,0.1605
CUST1002216,2026-06,0.4202,0.0913,0.1034,0.122,0.2284,0.3009
CUST1002217,2026-06,0.8129,0.3681,0.3167,0.1896,0.3009,0.1231
CUST1002218,2026-06,0.7092,0.2634,0.5217,0.4307,0.1549,0.1168
CUST1002219,2026-06,0.6476,0.5451,0.3525,0.4483,0.1851,0.2536
CUST1002220,2026-06,0.6054,0.01,0.1894,0.4108,0.1595,0.2303
CUST1002221,2026-06,0.3086,0.1322,0.0435,0.3058,0.3061,0.2422
CUST1002222,2026-06,0.187,0.4354,0.1478,0.3137,0.4248,0.1609
CUST1002223,2026-06,0.6055,0.0398,0.3511,0.4408,0.2878,0.2487
CUST1002224,2026-06,0.2187,0.1952,0.1105,0.2856,0.4554,0.3149
CUST1002225,2026-06,0.6587,0.2821,0.4775,0.2704,0.2371,0.2212
CUST1002226,2026-06,0.6822,0.424,0.4189,0.5249,0.4882,0.2497
CUST1002227,2026-06,0.6806,0.2129,0.5014,0.4985,0.2998,0.1719
CUST1002228,2026-06,0.3819,0.3103,0.0902,0.2872,0.5164,0.1889
CUST1002229,2026-06,0.3591,0.3029,0.4783,0.5071,0.2616,0.1075
CUST1002230,2026-06,0.5913,0.3981,0.3226,0.5794,0.2721,0.0218
CUST1002231,2026-06,0.2988,0.2273,0.2495,0.343,0.5008,0.6746
CUST1002232,2026-06,0.3319,0.0154,0.0772,0.0536,0.3907,0.0769
CUST1002233,2026-06,0.4103,0.4863,0.6852,0.2344,0.4873,0.1671
CUST1002234,2026-06,0.6251,0.1674,0.3811,0.09,0.2519,0.1772
CUST1002235,2026-06,0.3671,0.5972,0.6475,0.6086,0.4132,0.315
CUST1002236,2026-06,0.1839,0.2222,0.2617,0.1116,0.4678,0.0935
CUST1002237,2026-06,0.3115,0.2718,0.4752,0.601,0.5018,0.1258
CUST1002238,2026-06,0.6551,0.4687,0.4036,0.1588,0.3441,0.2621
CUST1002239,2026-06,0.248,0.01,0.2041,0.01,0.2985,0.1211
CUST1002240,2026-06,0.5219,0.4812,0.5764,0.3792,0.4444,0.1384
CUST1002241,2026-06,0.5604,0.4448,0.4666,0.3231,0.435,0.2432
CUST1002242,2026-06,0.286,0.4918,0.561,0.2444,0.3384,0.1426
CUST1002243,2026-06,0.3602,0.3499,0.4265,0.5384,0.4333,0.1544
CUST1002244,2026-06,0.4013,0.3265,0.491,0.3074,0.4274,0.3156
CUST1002245,2026-06,0.1918,0.1985,0.312,0.4342,0.3331,0.0531
CUST1002246,2026-06,0.4222,0.221,0.3851,0.3316,0.3701,0.1909
CUST1002247,2026-06,0.3629,0.3275,0.5982,0.3055,0.2742,0.1443
CUST1002248,2026-06,0.6964,0.3962,0.4193,0.5134,0.5063,0.2524
CUST1002249,2026-06,0.3962,0.3666,0.6398,0.479,0.3468,0.0388
CUST1002250,2026-06,0.0692,0.0788,0.0835999999999999,0.2872,0.1132,0.3037
CUST1002251,2026-06,0.6067,0.1234,0.278,0.4919,0.3454,0.2605
CUST1002252,2026-06,0.3507,0.3995,0.4651,0.3176,0.3045,0.1246
CUST1002253,2026-06,0.4566,0.4839,0.6266,0.1238,0.3879,0.039
CUST1002254,2026-06,0.4417,0.3915,0.3273,0.4964,0.2805,0.0958
CUST1002255,2026-06,0.4735,0.4772,0.5292,0.2948,0.469,0.1147
CUST1002256,2026-06,0.4073,0.4161,0.34,0.4594,0.1958,0.2462
CUST1002257,2026-06,0.4517,0.01,0.317,0.3592,0.3635,0.1943
CUST1002258,2026-06,0.506,0.17,0.3219,0.437,0.3126,0.1259
CUST1002259,2026-06,0.2329,0.1656,0.0445,0.2093,0.4973,0.641
CUST1002260,2026-06,0.19,0.01,0.0908,0.1169,0.2222,0.2701
CUST1002261,2026-06,0.5847,0.4485,0.3726,0.6182,0.3114,0.0298
CUST1002262,2026-06,0.4121,0.5799,0.3577,0.3284,0.413,0.2579
CUST1002263,2026-06,0.5234,0.2747,0.6299,0.2984,0.3335,0.1367
CUST1002264,2026-06,0.5436,0.3537,0.3353,0.4008,0.2127,0.1896
CUST1002265,2026-06,0.4824,0.5642,0.4401,0.7164,0.3682,0.1696
CUST1002266,2026-06,0.2064,0.2812,0.0651,0.2806,0.5984,0.32
CUST1002267,2026-06,0.4398,0.1905,0.2101,0.5322,0.4204,0.154
CUST1002268,2026-06,0.4755,0.3633,0.4688,0.2196,0.1953,0.2484
CUST1002269,2026-06,0.4615,0.4434,0.504,0.5429,0.317,0.2042
CUST1002270,2026-06,0.6254,0.2776,0.5011,0.4176,0.4282,0.0947
CUST1002271,2026-06,0.2066,0.4447,0.3442,0.2747,0.3423,0.2183
CUST1002272,2026-06,0.4729,0.1566,0.0687,0.4131,0.6767,0.1848
CUST1002273,2026-06,0.4624,0.6164,0.2811,0.3457,0.4869,0.2025
CUST1002274,2026-06,0.4537,0.2248,0.14,0.0845,0.3268,0.2151
CUST1002275,2026-06,0.5496,0.0201,0.4893,0.2006,0.1278,0.2463
CUST1002276,2026-06,0.5584,0.3591,0.0987,0.525,0.2453,0.1553
CUST1002277,2026-06,0.3569,0.4474,0.4791,0.4179,0.3721,0.2421
CUST1002278,2026-06,0.4847,0.5818,0.5314,0.283,0.3303,0.226
CUST1002279,2026-06,0.2728,0.4004,0.5102,0.4539,0.3998,0.2283
CUST1002280,2026-06,0.3922,0.4076,0.3025,0.4497,0.4661,0.1955
CUST1002281,2026-06,0.5076,0.4473,0.4295,0.2201,0.1916,0.1384
CUST1002282,2026-06,0.6296,0.01,0.1964,0.3925,0.2941,0.3458
CUST1002283,2026-06,0.395,0.2687,0.5741,0.1868,0.3967,0.1323
CUST1002284,2026-06,0.4051,0.5719,0.496,0.5203,0.5649,0.265
CUST1002285,2026-06,0.2979,0.2914,0.0704,0.2683,0.1809,0.1111
CUST1002286,2026-06,0.2651,0.2824,0.2166,0.4909,0.6994,0.2058
CUST1002287,2026-06,0.5562,0.5187,0.4928,0.4905,0.1814,0.1559
CUST1002288,2026-06,0.4977,0.6165,0.7432,0.3874,0.1667,0.1894
CUST1002289,2026-06,0.3204,0.3608,0.0793,0.2612,0.5315,0.0521
CUST1002290,2026-06,0.5667,0.2536,0.5444,0.2113,0.3247,0.1592
CUST1002291,2026-06,0.452,0.2453,0.6352,0.5247,0.2806,0.1796
CUST1002292,2026-06,0.3386,0.3699,0.3539,0.2261,0.2608,0.1359
CUST1002293,2026-06,0.4966,0.0663,0.3422,0.3624,0.2738,0.1942
CUST1002294,2026-06,0.5766,0.2219,0.552,0.3278,0.2293,0.3482
CUST1002295,2026-06,0.3283,0.0146,0.3158,0.5159,0.3308,0.1774
CUST1002296,2026-06,0.4687,0.4171,0.591,0.4707,0.415,0.1542
CUST1002297,2026-06,0.1589,0.0937,0.2003,0.0794,0.2963,0.273
CUST1002298,2026-06,0.684,0.2651,0.3584,0.4038,0.211,0.1941
CUST1002299,2026-06,0.6155,0.2366,0.2439,0.4554,0.3586,0.3192
CUST1002300,2026-06,0.5232,0.4326,0.6235,0.4567,0.4348,0.3336
CUST1002301,2026-06,0.6548,0.4047,0.4013,0.3703,0.2956,0.1405
CUST1002302,2026-06,0.4734,0.6087,0.3887,0.485,0.4084,0.7517
CUST1002303,2026-06,0.5233,0.3197,0.5427,0.2595,0.2531,0.1243
CUST1002304,2026-06,0.3277,0.01,0.2207,0.1098,0.5193,0.1853
CUST1002305,2026-06,0.5052,0.4585,0.482,0.495,0.8254,0.1833
CUST1002306,2026-06,0.2134,0.3894,0.2283,0.6108,0.492,0.0696
CUST1002307,2026-06,0.6286,0.2072,0.6263,0.4455,0.2729,0.1407
CUST1002308,2026-06,0.3273,0.365,0.27,0.5541,0.3497,0.0969
CUST1002309,2026-06,0.171,0.01,0.0246,0.4779,0.2877,0.145
CUST1002310,2026-06,0.4506,0.2946,0.309,0.0601,0.2464,0.2835
CUST1002311,2026-06,0.3397,0.5139,0.5542,0.4096,0.4085,0.1851
CUST1002312,2026-06,0.5419,0.4513,0.5041,0.1229,0.3337,0.0456
CUST1002313,2026-06,0.1228,0.1208,0.2634,0.1446,0.4634,0.1247
CUST1002314,2026-06,0.4108,0.2078,0.1529,0.4206,0.5188,0.0911
CUST1002315,2026-06,0.3398,0.483,0.5424,0.1733,0.3171,0.5486
CUST1002316,2026-06,0.2517,0.5121,0.3534,0.237,0.3377,0.1072
CUST1002317,2026-06,0.4205,0.3877,0.2926,0.3095,0.2972,0.1377
CUST1002318,2026-06,0.4335,0.1259,0.3814,0.2073,0.2639,0.3031
CUST1002319,2026-06,0.2608,0.5479,0.3755,0.4324,0.5268,0.2286
CUST1002320,2026-06,0.6667,0.3207,0.3801,0.4284,0.4206,0.1207
CUST1002321,2026-06,0.4911,0.6053,0.3535,0.0924,0.413,0.2466
CUST1002322,2026-06,0.6405,0.3295,0.3933,0.4275,0.1981,0.1758
CUST1002323,2026-06,0.3512,0.3621,0.3467,0.5373,0.3476,0.226
CUST1002324,2026-06,0.5006,0.2596,0.3277,0.4167,0.244,0.1453
CUST1002325,2026-06,0.536,0.3555,0.308,0.3104,0.4251,0.2908
CUST1002326,2026-06,0.6483,0.2663,0.4508,0.2576,0.1627,0.1129
CUST1002327,2026-06,0.2104,0.01,0.2639,0.4573,0.2617,0.1608
CUST1002328,2026-06,0.1053,0.2771,0.0958,0.3239,0.2447,0.0488
CUST1002329,2026-06,0.7323,0.3159,0.4829,0.4124,0.3901,0.2031
CUST1002330,2026-06,0.767,0.2472,0.3821,0.4711,0.2409,0.0975
CUST1002331,2026-06,0.5461,0.4835,0.2566,0.5153,0.31,0.1178
CUST1002332,2026-06,0.2857,0.0815,0.0811999999999999,0.2056,0.1713,0.1572
CUST1002333,2026-06,0.3041,0.029,0.3917,0.1667,0.1796,0.315
CUST1002334,2026-06,0.311,0.3948,0.3219,0.3075,0.3284,0.2138
CUST1002335,2026-06,0.4999,0.5018,0.4021,0.2974,0.422,0.1277
CUST1002336,2026-06,0.625,0.2401,0.5077,0.2931,0.2331,0.3319
CUST1002337,2026-06,0.4408,0.2152,0.3961,0.093,0.2538,0.0263
CUST1002338,2026-06,0.5323,0.4598,0.2864,0.4587,0.4189,0.2655
CUST1002339,2026-06,0.3798,0.2534,0.2353,0.1713,0.5085,0.01
CUST1002340,2026-06,0.4737,0.4363,0.4041,0.1412,0.215,0.1578
CUST1002341,2026-06,0.6639,0.296,0.3087,0.3226,0.1934,0.1794
CUST1002342,2026-06,0.566,0.32,0.2582,0.5738,0.2222,0.0908
CUST1002343,2026-06,0.4164,0.3113,0.3906,0.306,0.3088,0.2506
CUST1002344,2026-06,0.4416,0.5078,0.3756,0.4686,0.4463,0.1597
CUST1002345,2026-06,0.5189,0.2274,0.2941,0.2055,0.1597,0.2438
CUST1002346,2026-06,0.2974,0.1157,0.1506,0.132,0.5104,0.0572
CUST1002347,2026-06,0.5054,0.5548,0.4989,0.2563,0.5294,0.139
CUST1002348,2026-06,0.3265,0.4557,0.6341,0.4496,0.3171,0.01
CUST1002349,2026-06,0.3177,0.2184,0.2275,0.4659,0.7261,0.1313
CUST1002350,2026-06,0.2345,0.1504,0.2069,0.0548,0.0651,0.0755
CUST1002351,2026-06,0.701,0.4075,0.3831,0.2272,0.3619,0.1023
CUST1002352,2026-06,0.558,0.3989,0.2961,0.4789,0.2898,0.36
CUST1002353,2026-06,0.137,0.1096,0.1633,0.1729,0.5581,0.1951
CUST1002354,2026-06,0.4613,0.3369,0.3848,0.5561,0.3851,0.1784
CUST1002355,2026-06,0.4474,0.3672,0.563,0.3728,0.3522,0.3002
CUST1002356,2026-06,0.3383,0.4868,0.3496,0.4284,0.4937,0.1795
CUST1002357,2026-06,0.536,0.6261,0.5922,0.4669,0.3631,0.2051
CUST1002358,2026-06,0.2103,0.2822,0.095,0.4284,0.3863,0.1436
CUST1002359,2026-06,0.6862,0.1534,0.5301,0.2816,0.2261,0.0511
CUST1002360,2026-06,0.1944,0.1028,0.3715,0.217,0.5435,0.2416
CUST1002361,2026-06,0.6277,0.5121,0.3806,0.2381,0.3135,0.2563
CUST1002362,2026-06,0.4071,0.5665,0.2968,0.1888,0.3643,0.0835999999999999
CUST1002363,2026-06,0.504,0.0714,0.4598,0.2444,0.2412,0.2148
CUST1002364,2026-06,0.5756,0.1657,0.2885,0.2486,0.4111,0.3526
CUST1002365,2026-06,0.5891,0.361,0.6761,0.4385,0.1184,0.0467
CUST1002366,2026-06,0.5743,0.5023,0.4641,0.4485,0.5632,0.2413
CUST1002367,2026-06,0.6604,0.4684,0.5755,0.4741,0.2537,0.1411
CUST1002368,2026-06,0.7046,0.2255,0.5694,0.4315,0.2423,0.1934
CUST1002369,2026-06,0.0855,0.3546,0.2484,0.2879,0.5361,0.0415
CUST1002370,2026-06,0.2973,0.5556,0.2351,0.3565,0.2796,0.2686
CUST1002371,2026-06,0.3071,0.4436,0.2808,0.26,0.3983,0.1326
CUST1002372,2026-06,0.317,0.0936,0.0368,0.225,0.0891,0.2419
CUST1002373,2026-06,0.7701,0.2834,0.4866,0.4575,0.1752,0.181
CUST1002374,2026-06,0.4345,0.4779,0.0892,0.3806,0.3476,0.0863
CUST1002375,2026-06,0.1819,0.0264,0.1604,0.2259,0.5751,0.1426
CUST1002376,2026-06,0.4575,0.39,0.422,0.0966999999999999,0.2359,0.1482
CUST1002377,2026-06,0.4843,0.301,0.3835,0.4342,0.6543,0.0995999999999999
CUST1002378,2026-06,0.4277,0.4833,0.4499,0.4249,0.6191,0.1548
CUST1002379,2026-06,0.1244,0.4217,0.035,0.6722,0.556,0.1374
CUST1002380,2026-06,0.5239,0.082,0.3206,0.2253,0.2814,0.1726
CUST1002381,2026-06,0.474,0.2533,0.3646,0.1386,0.3569,0.6492
CUST1002382,2026-06,0.2043,0.2119,0.1676,0.1857,0.3792,0.3318
CUST1002383,2026-06,0.3755,0.2631,0.0408,0.1831,0.4307,0.57
CUST1002384,2026-06,0.1527,0.2781,0.1113,0.2282,0.3137,0.1402
CUST1002385,2026-06,0.6754,0.1222,0.3391,0.3423,0.3689,0.2489
CUST1002386,2026-06,0.6114,0.3996,0.451,0.4046,0.4435,0.091
CUST1002387,2026-06,0.4825,0.3699,0.2613,0.218,0.2983,0.2333
CUST1002388,2026-06,0.2649,0.2468,0.1819,0.1779,0.3522,0.3028
CUST1002389,2026-06,0.5118,0.5797,0.2345,0.01,0.461,0.2365
CUST1002390,2026-06,0.4234,0.3106,0.428,0.1679,0.3191,0.0462
CUST1002391,2026-06,0.7696,0.2708,0.4688,0.3999,0.1734,0.0965
CUST1002392,2026-06,0.4374,0.3957,0.3324,0.3869,0.4851,0.1805
CUST1002393,2026-06,0.2987,0.2747,0.5445,0.2324,0.5194,0.2998
CUST1002394,2026-06,0.1314,0.01,0.2241,0.3306,0.1032,0.168
CUST1002395,2026-06,0.355,0.444,0.6879,0.2987,0.4262,0.1526
CUST1002396,2026-06,0.2333,0.3736,0.568,0.2509,0.3485,0.1645
CUST1002397,2026-06,0.161,0.01,0.2357,0.0944,0.0922999999999999,0.1703
CUST1002398,2026-06,0.5413,0.5267,0.5443,0.4959,0.19,0.2628
CUST1002399,2026-06,0.6788,0.4733,0.3912,0.649,0.2488,0.2704
CUST1002400,2026-06,0.5668,0.6142,0.389,0.3945,0.3377,0.1616
CUST1002401,2026-06,0.7259,0.283,0.4426,0.2696,0.3091,0.1559
CUST1002402,2026-06,0.5538,0.2902,0.2838,0.4882,0.3092,0.1746
CUST1002403,2026-06,0.3253,0.3633,0.4871,0.3377,0.265,0.3256
CUST1002404,2026-06,0.3644,0.2167,0.216,0.1549,0.2731,0.6311
CUST1002405,2026-06,0.135,0.01,0.1975,0.2662,0.4393,0.0613
CUST1002406,2026-06,0.6056,0.01,0.5647,0.3017,0.3058,0.3263
CUST1002407,2026-06,0.6834,0.3945,0.7095,0.4904,0.4139,0.1078
CUST1002408,2026-06,0.6259,0.2331,0.405,0.476,0.3473,0.2379
CUST1002409,2026-06,0.5455,0.01,0.3234,0.3952,0.2561,0.3101
CUST1002410,2026-06,0.7047,0.438,0.323,0.2967,0.2617,0.1578
CUST1002411,2026-06,0.0759,0.01,0.0386,0.2535,0.4355,0.1209
CUST1002412,2026-06,0.5132,0.5184,0.5131,0.4052,0.4547,0.1274
CUST1002413,2026-06,0.5379,0.01,0.2472,0.6239,0.3667,0.1342
CUST1002414,2026-06,0.6632,0.3406,0.4506,0.3802,0.3538,0.4067
CUST1002415,2026-06,0.1662,0.2484,0.5191,0.3245,0.383,0.2843
CUST1002416,2026-06,0.4953,0.1385,0.1054,0.4448,0.2376,0.0289
CUST1002417,2026-06,0.3129,0.2323,0.01,0.3453,0.3656,0.1817
CUST1002418,2026-06,0.202,0.0912,0.226,0.6011,0.6244,0.1101
CUST1002419,2026-06,0.6362,0.257,0.4596,0.4533,0.2857,0.2769
CUST1002420,2026-06,0.3548,0.3684,0.3604,0.4987,0.3426,0.175
CUST1002421,2026-06,0.3694,0.2315,0.119,0.2812,0.3104,0.0784
CUST1002422,2026-06,0.6975,0.3241,0.5342,0.6106,0.3302,0.2133
CUST1002423,2026-06,0.3853,0.3153,0.2066,0.2856,0.2811,0.0725
CUST1002424,2026-06,0.5475,0.1916,0.4257,0.3435,0.3646,0.0563
CUST1002425,2026-06,0.6882,0.3538,0.4511,0.4671,0.473,0.0942
CUST1002426,2026-06,0.7176,0.3038,0.4613,0.4219,0.4324,0.2894
CUST1002427,2026-06,0.0858,0.373,0.0726,0.2359,0.2443,0.2474
CUST1002428,2026-06,0.4865,0.4244,0.2389,0.4683,0.3949,0.1923
CUST1002429,2026-06,0.5572,0.5348,0.405,0.2792,0.4642,0.0434
CUST1002430,2026-06,0.1915,0.01,0.068,0.2143,0.4919,0.2014
CUST1002431,2026-06,0.7181,0.1867,0.4198,0.3016,0.3056,0.2074
CUST1002432,2026-06,0.5959,0.4208,0.3002,0.1018,0.4297,0.1484
CUST1002433,2026-06,0.6182,0.1029,0.2042,0.2445,0.2359,0.1279
CUST1002434,2026-06,0.153,0.1227,0.2854,0.3318,0.5184,0.2006
CUST1002435,2026-06,0.3779,0.2267,0.0827,0.2973,0.303,0.1226
CUST1002436,2026-06,0.3657,0.3503,0.3521,0.3508,0.3743,0.6413
CUST1002437,2026-06,0.4746,0.4979,0.2449,0.4399,0.3071,0.1841
CUST1002438,2026-06,0.2372,0.1499,0.2362,0.3342,0.1921,0.1229
CUST1002439,2026-06,0.5125,0.0851,0.3619,0.2865,0.2769,0.2583
CUST1002440,2026-06,0.3754,0.197,0.1835,0.5166,0.3458,0.3059
CUST1002441,2026-06,0.6234,0.3887,0.4949,0.5404,0.5055,0.1803
CUST1002442,2026-06,0.3441,0.01,0.1775,0.4784,0.3941,0.2158
CUST1002443,2026-06,0.4289,0.3437,0.4611,0.3224,0.2964,0.2543
CUST1002444,2026-06,0.4876,0.3888,0.2848,0.6568,0.38,0.11
CUST1002445,2026-06,0.6158,0.5285,0.5376,0.3406,0.3913,0.01
CUST1002446,2026-06,0.4042,0.2751,0.4104,0.2684,0.3509,0.1869
CUST1002447,2026-06,0.5337,0.4977,0.5641,0.4762,0.3956,0.1911
CUST1002448,2026-06,0.7057,0.2326,0.32,0.1856,0.3578,0.1337
CUST1002449,2026-06,0.4669,0.1059,0.2769,0.3925,0.2649,0.3867
CUST1002450,2026-06,0.3511,0.2513,0.5058,0.2685,0.2607,0.1905
CUST1002451,2026-06,0.4173,0.2184,0.155,0.6383,0.5755,0.2435
CUST1002452,2026-06,0.2077,0.2801,0.2672,0.389,0.388,0.2745
CUST1002453,2026-06,0.5048,0.3955,0.3667,0.4147,0.2333,0.2712
CUST1002454,2026-06,0.4621,0.1137,0.3214,0.5893,0.2658,0.1386
CUST1002455,2026-06,0.377,0.4126,0.3759,0.4648,0.2777,0.1766
CUST1002456,2026-06,0.7383,0.4842,0.4364,0.5066,0.3915,0.1565
CUST1002457,2026-06,0.5849,0.4185,0.4416,0.3091,0.3753,0.0396
CUST1002458,2026-06,0.4204,0.2747,0.4464,0.4215,0.1786,0.5438
CUST1002459,2026-06,0.3769,0.0559,0.2507,0.0482,0.2091,0.2613
CUST1002460,2026-06,0.4192,0.3874,0.3006,0.2768,0.2486,0.1609
CUST1002461,2026-06,0.2615,0.4489,0.6557,0.1679,0.3523,0.293
CUST1002462,2026-06,0.4003,0.3916,0.4092,0.4006,0.3159,0.5738
CUST1002463,2026-06,0.6448,0.1905,0.4494,0.2799,0.3282,0.2592
CUST1002464,2026-06,0.5132,0.4252,0.6302,0.5458,0.0141,0.465
CUST1002465,2026-06,0.3978,0.3991,0.2893,0.5516,0.3682,0.4854
CUST1002466,2026-06,0.3627,0.1478,0.2302,0.2198,0.3652,0.1694
CUST1002467,2026-06,0.1458,0.2409,0.01,0.5332,0.297,0.1256
CUST1002468,2026-06,0.6736,0.1414,0.0595,0.4162,0.224,0.4828
CUST1002469,2026-06,0.4473,0.3785,0.4172,0.4431,0.3018,0.1468
CUST1002470,2026-06,0.4181,0.3943,0.433,0.4285,0.2502,0.1476
CUST1002471,2026-06,0.1216,0.207,0.1461,0.2011,0.3182,0.259
CUST1002472,2026-06,0.3934,0.417,0.5346,0.4343,0.3946,0.1369
CUST1002473,2026-06,0.4338,0.3132,0.074,0.4615,0.2186,0.5161
CUST1002474,2026-06,0.7398,0.3022,0.4221,0.6784,0.2142,0.3371
CUST1002475,2026-06,0.555,0.13,0.4972,0.3034,0.4355,0.1864
CUST1002476,2026-06,0.0917,0.2628,0.2684,0.2661,0.2574,0.1215
CUST1002477,2026-06,0.2222,0.197,0.1093,0.1466,0.4991,0.3138
CUST1002478,2026-06,0.6153,0.1303,0.1684,0.3952,0.2063,0.0753999999999999
CUST1002479,2026-06,0.3861,0.478,0.1189,0.3125,0.324,0.2623
CUST1002480,2026-06,0.5824,0.1659,0.0655,0.3151,0.2348,0.1852
CUST1002481,2026-06,0.694,0.3659,0.3321,0.3448,0.3103,0.1462
CUST1002482,2026-06,0.2744,0.2992,0.1907,0.1972,0.4057,0.2933
CUST1002483,2026-06,0.4771,0.2638,0.3298,0.6397,0.2714,0.2907
CUST1002484,2026-06,0.5878,0.2246,0.3788,0.4247,0.3025,0.223
CUST1002485,2026-06,0.5729,0.333,0.1715,0.445,0.4212,0.1822
CUST1002486,2026-06,0.3767,0.5079,0.4031,0.5636,0.4699,0.2969
CUST1002487,2026-06,0.4388,0.3501,0.5434,0.206,0.2856,0.1319
CUST1002488,2026-06,0.3051,0.021,0.0493,0.2881,0.2651,0.1537
CUST1002489,2026-06,0.4534,0.3678,0.643,0.509,0.3227,0.1742
CUST1002490,2026-06,0.3889,0.2814,0.5904,0.2436,0.2613,0.2932
CUST1002491,2026-06,0.7565,0.1217,0.373,0.3063,0.3262,0.295
CUST1002492,2026-06,0.5465,0.2792,0.2937,0.3676,0.3762,0.5201
CUST1002493,2026-06,0.4504,0.2261,0.2871,0.4829,0.3825,0.3366
CUST1002494,2026-06,0.3657,0.345,0.7142,0.327,0.3057,0.056
CUST1002495,2026-06,0.6301,0.4929,0.4389,0.4607,0.4473,0.1296
CUST1002496,2026-06,0.1636,0.01,0.0577,0.01,0.1945,0.1556
CUST1002497,2026-06,0.2599,0.3816,0.0363,0.5085,0.1672,0.1019
CUST1002498,2026-06,0.6213,0.1149,0.3544,0.318,0.3256,0.2397
CUST1002499,2026-06,0.3124,0.4011,0.4944,0.1685,0.3654,0.1854
CUST1002500,2026-06,0.5191,0.3902,0.444,0.5047,0.4472,0.1392
CUST1002501,2026-06,0.4346,0.1109,0.2099,0.4202,0.2222,0.0746
CUST1002502,2026-06,0.5103,0.01,0.0741,0.537,0.3046,0.11
CUST1002503,2026-06,0.3344,0.3315,0.5964,0.4858,0.3264,0.1553
CUST1002504,2026-06,0.5239,0.3021,0.3206,0.4355,0.1225,0.1666
CUST1002505,2026-06,0.2978,0.189,0.1993,0.4346,0.1569,0.2484
CUST1002506,2026-06,0.231,0.3344,0.1777,0.5017,0.6347,0.3075
CUST1002507,2026-06,0.5245,0.2309,0.4118,0.2295,0.2921,0.3125
CUST1002508,2026-06,0.6825,0.1275,0.3628,0.4063,0.2783,0.2073
CUST1002509,2026-06,0.3645,0.4059,0.673,0.2449,0.4756,0.2293
CUST1002510,2026-06,0.4172,0.3413,0.358,0.5153,0.3475,0.0725
CUST1002511,2026-06,0.7852,0.1797,0.2627,0.2944,0.2139,0.2052
CUST1002512,2026-06,0.3515,0.0931,0.2017,0.3519,0.3106,0.2453
CUST1002513,2026-06,0.5907,0.3654,0.4758,0.4038,0.3772,0.2338
CUST1002514,2026-06,0.3713,0.3755,0.6082,0.3639,0.264,0.2781
CUST1002515,2026-06,0.412,0.027,0.3045,0.4573,0.1626,0.2821
CUST1002516,2026-06,0.5765,0.3868,0.413,0.4202,0.3111,0.1386
CUST1002517,2026-06,0.2778,0.2169,0.1386,0.2648,0.455,0.1436
CUST1002518,2026-06,0.4712,0.1623,0.4772,0.2443,0.1038,0.1435
CUST1002519,2026-06,0.6223,0.3439,0.1721,0.0506,0.3394,0.2742
CUST1002520,2026-06,0.4344,0.01,0.2145,0.2394,0.4047,0.1891
CUST1002521,2026-06,0.461,0.1623,0.1402,0.4735,0.2162,0.3061
CUST1002522,2026-06,0.6016,0.2192,0.3908,0.3392,0.3463,0.126
CUST1002523,2026-06,0.3909,0.2329,0.2872,0.6682,0.2494,0.0627999999999999
CUST1002524,2026-06,0.5499,0.1595,0.3281,0.3722,0.3398,0.2125
CUST1002525,2026-06,0.4552,0.3597,0.6065,0.1292,0.4222,0.1677
CUST1002526,2026-06,0.3205,0.3476,0.2866,0.3273,0.426,0.2323
CUST1002527,2026-06,0.1542,0.1565,0.1259,0.3484,0.2837,0.0249
CUST1002528,2026-06,0.1518,0.2923,0.3232,0.2022,0.3152,0.3273
CUST1002529,2026-06,0.1471,0.1789,0.4098,0.3211,0.4143,0.0258
CUST1002530,2026-06,0.2351,0.0966999999999999,0.154,0.4505,0.6921,0.1945
CUST1002531,2026-06,0.4839,0.3877,0.5169,0.4495,0.3587,0.1169
CUST1002532,2026-06,0.2723,0.2361,0.4307,0.2945,0.3053,0.1179
CUST1002533,2026-06,0.2499,0.4447,0.3483,0.0969,0.3442,0.2141
CUST1002534,2026-06,0.5627,0.4379,0.4694,0.584,0.2938,0.0995999999999999
CUST1002535,2026-06,0.3372,0.6377,0.6936,0.3547,0.4303,0.0714999999999999
CUST1002536,2026-06,0.1806,0.261,0.1009,0.1224,0.3686,0.3548
CUST1002537,2026-06,0.181,0.2565,0.2503,0.3031,0.546,0.0838
CUST1002538,2026-06,0.1519,0.2182,0.1199,0.1438,0.346,0.1706
CUST1002539,2026-06,0.5113,0.3339,0.4393,0.1408,0.3354,0.1572
CUST1002540,2026-06,0.4807,0.3301,0.4284,0.3517,0.2464,0.1755
CUST1002541,2026-06,0.7417,0.1483,0.3683,0.4662,0.1142,0.244
CUST1002542,2026-06,0.5888,0.3184,0.3512,0.3944,0.2779,0.3022
CUST1002543,2026-06,0.5407,0.1676,0.0795,0.4409,0.3599,0.283
CUST1002544,2026-06,0.422,0.5234,0.3736,0.2437,0.289,0.0948
CUST1002545,2026-06,0.8531,0.2725,0.4828,0.5334,0.1309,0.2524
CUST1002546,2026-06,0.6706,0.1178,0.4283,0.3919,0.2901,0.1356
CUST1002547,2026-06,0.4422,0.4421,0.5618,0.3758,0.3966,0.0274
CUST1002548,2026-06,0.3578,0.5169,0.5322,0.3415,0.434,0.1832
CUST1002549,2026-06,0.4405,0.6624,0.5166,0.3634,0.3544,0.1736
CUST1002550,2026-06,0.495,0.1896,0.4378,0.1734,0.3252,0.1181
CUST1002551,2026-06,0.6401,0.2951,0.3677,0.3174,0.3085,0.1562
CUST1002552,2026-06,0.4405,0.3399,0.2676,0.3857,0.4105,0.1051
CUST1002553,2026-06,0.3317,0.1426,0.1795,0.2406,0.3611,0.1212
CUST1002554,2026-06,0.4702,0.416,0.2923,0.2204,0.4238,0.0912
CUST1002555,2026-06,0.5959,0.2963,0.1618,0.4753,0.255,0.169
CUST1002556,2026-06,0.7106,0.3168,0.4522,0.5805,0.348,0.0833
CUST1002557,2026-06,0.2189,0.1866,0.1067,0.1876,0.3718,0.2435
CUST1002558,2026-06,0.6338,0.2076,0.4561,0.3402,0.2282,0.0771
CUST1002559,2026-06,0.2781,0.1269,0.3665,0.434,0.3974,0.1171
CUST1002560,2026-06,0.2272,0.162,0.01,0.4672,0.5541,0.2187
CUST1002561,2026-06,0.2832,0.2689,0.3313,0.5094,0.3718,0.5082
CUST1002562,2026-06,0.2075,0.2709,0.01,0.355,0.3927,0.2887
CUST1002563,2026-06,0.4325,0.4785,0.579,0.2516,0.3244,0.1694
CUST1002564,2026-06,0.157,0.2508,0.04,0.2562,0.2587,0.1623
CUST1002565,2026-06,0.3095,0.1803,0.138,0.1528,0.2173,0.2009
CUST1002566,2026-06,0.3829,0.5029,0.3608,0.54,0.4781,0.1998
CUST1002567,2026-06,0.6083,0.357,0.4359,0.4614,0.1981,0.1415
CUST1002568,2026-06,0.625,0.2339,0.5473,0.3383,0.3923,0.1342
CUST1002569,2026-06,0.2202,0.3424,0.1917,0.2276,0.3667,0.1373
CUST1002570,2026-06,0.1731,0.2292,0.5571,0.4057,0.3693,0.0548
CUST1002571,2026-06,0.2388,0.4396,0.5285,0.2231,0.3176,0.2785
CUST1002572,2026-06,0.0835999999999999,0.1524,0.1154,0.4695,0.3347,0.1415
CUST1002573,2026-06,0.3012,0.2533,0.1425,0.3808,0.3264,0.1816
CUST1002574,2026-06,0.4464,0.4875,0.1114,0.3847,0.1748,0.0186
CUST1002575,2026-06,0.6555,0.4732,0.59,0.4392,0.2371,0.0323
CUST1002576,2026-06,0.5411,0.1986,0.3497,0.2622,0.1979,0.3259
CUST1002577,2026-06,0.4425,0.3976,0.4431,0.1058,0.4521,0.0323
CUST1002578,2026-06,0.5482,0.5038,0.399,0.5329,0.3767,0.1274
CUST1002579,2026-06,0.2692,0.4258,0.6807,0.3655,0.3908,0.2681
CUST1002580,2026-06,0.241,0.041,0.1952,0.1245,0.3266,0.1835
CUST1002581,2026-06,0.7038,0.3104,0.4698,0.5082,0.2163,0.0735
CUST1002582,2026-06,0.2633,0.354,0.3615,0.2874,0.3633,0.1013
CUST1002583,2026-06,0.4617,0.5374,0.4457,0.2256,0.4597,0.1578
CUST1002584,2026-06,0.2934,0.4252,0.2433,0.3329,0.484,0.2996
CUST1002585,2026-06,0.6922,0.2173,0.5791,0.3714,0.1918,0.222
CUST1002586,2026-06,0.2827,0.3391,0.01,0.3685,0.2234,0.1855
CUST1002587,2026-06,0.4306,0.0432,0.4555,0.4057,0.5709,0.0674
CUST1002588,2026-06,0.3985,0.3466,0.3468,0.3884,0.1716,0.1329
CUST1002589,2026-06,0.3702,0.2743,0.1945,0.5611,0.3931,0.1072
CUST1002590,2026-06,0.2874,0.2507,0.103,0.3676,0.2817,0.2173
CUST1002591,2026-06,0.4214,0.312,0.5729,0.493,0.4184,0.0755
CUST1002592,2026-06,0.4653,0.4024,0.5142,0.2631,0.3268,0.1148
CUST1002593,2026-06,0.6079,0.4602,0.3852,0.4587,0.371,0.2049
CUST1002594,2026-06,0.4167,0.4072,0.3489,0.296,0.3948,0.1562
CUST1002595,2026-06,0.5912,0.2248,0.4755,0.4215,0.4947,0.2132
CUST1002596,2026-06,0.7879,0.124,0.3523,0.2886,0.3786,0.1769
CUST1002597,2026-06,0.5457,0.014,0.1471,0.4357,0.3344,0.2028
CUST1002598,2026-06,0.6021,0.2183,0.1417,0.2499,0.2868,0.0428
CUST1002599,2026-06,0.4116,0.1368,0.2017,0.1009,0.1367,0.3495
CUST1002600,2026-06,0.6989,0.4288,0.6321,0.3191,0.0607,0.245
CUST1002601,2026-06,0.4397,0.3673,0.421,0.4169,0.5229,0.1412
CUST1002602,2026-06,0.4585,0.484,0.5748,0.3669,0.5419,0.2275
CUST1002603,2026-06,0.4753,0.1043,0.0690999999999999,0.3752,0.383,0.2758
CUST1002604,2026-06,0.3866,0.3945,0.1244,0.3163,0.2225,0.2066
CUST1002605,2026-06,0.4234,0.2165,0.5442,0.4101,0.592,0.1727
CUST1002606,2026-06,0.3902,0.3266,0.4285,0.4067,0.3578,0.1875
CUST1002607,2026-06,0.4081,0.3002,0.4471,0.3728,0.535,0.2765
CUST1002608,2026-06,0.4948,0.2281,0.4664,0.1408,0.2798,0.1707
CUST1002609,2026-06,0.3714,0.0582,0.0895,0.1689,0.302,0.1921
CUST1002610,2026-06,0.1155,0.0581,0.3288,0.179,0.3098,0.0876
CUST1002611,2026-06,0.6985,0.3748,0.4457,0.2246,0.2329,0.1937
CUST1002612,2026-06,0.5256,0.3595,0.3775,0.3719,0.461,0.0507
CUST1002613,2026-06,0.5123,0.3801,0.3366,0.5746,0.0889,0.1619
CUST1002614,2026-06,0.5933,0.3139,0.5666,0.4743,0.3107,0.2705
CUST1002615,2026-06,0.4958,0.4964,0.4634,0.5547,0.2004,0.1126
CUST1002616,2026-06,0.179,0.1455,0.01,0.2043,0.2322,0.1992
CUST1002617,2026-06,0.5331,0.394,0.5706,0.3629,0.2307,0.6092
CUST1002618,2026-06,0.6861,0.054,0.2918,0.4147,0.3328,0.3284
CUST1002619,2026-06,0.4569,0.34,0.3829,0.268,0.1987,0.1661
CUST1002620,2026-06,0.5684,0.4418,0.4716,0.3313,0.4063,0.3531
CUST1002621,2026-06,0.4968,0.4668,0.4732,0.3353,0.2907,0.1811
CUST1002622,2026-06,0.2525,0.3417,0.2098,0.2951,0.3904,0.7619
CUST1002623,2026-06,0.844,0.4938,0.5766,0.5351,0.3129,0.1662
CUST1002624,2026-06,0.3861,0.2589,0.4489,0.2587,0.5385,0.1129
CUST1002625,2026-06,0.3603,0.3779,0.5367,0.2526,0.4155,0.1065
CUST1002626,2026-06,0.338,0.3405,0.3318,0.4911,0.4226,0.1424
CUST1002627,2026-06,0.3187,0.3108,0.0468,0.2257,0.371,0.1153
CUST1002628,2026-06,0.3969,0.2254,0.2181,0.4241,0.4447,0.1193
CUST1002629,2026-06,0.255,0.0937,0.2123,0.0267,0.4716,0.2049
CUST1002630,2026-06,0.4517,0.5134,0.4854,0.5348,0.4344,0.1741
CUST1002631,2026-06,0.4442,0.3004,0.3591,0.2774,0.386,0.2072
CUST1002632,2026-06,0.4833,0.3298,0.4638,0.6229,0.413,0.327
CUST1002633,2026-06,0.381,0.5106,0.5602,0.3527,0.3546,0.01
CUST1002634,2026-06,0.4899,0.4782,0.6492,0.3788,0.3855,0.2429
CUST1002635,2026-06,0.4362,0.2646,0.454,0.1727,0.3672,0.092
CUST1002636,2026-06,0.4099,0.2122,0.422,0.3469,0.4589,0.1573
CUST1002637,2026-06,0.5064,0.213,0.3502,0.4002,0.2336,0.1427
CUST1002638,2026-06,0.1982,0.3473,0.5124,0.2404,0.4209,0.7016
CUST1002639,2026-06,0.3976,0.297,0.4129,0.2447,0.4041,0.0864
CUST1002640,2026-06,0.486,0.2985,0.6307,0.3925,0.219,0.1907
CUST1002641,2026-06,0.4546,0.5072,0.5812,0.5891,0.2531,0.0784
CUST1002642,2026-06,0.3892,0.2648,0.5975,0.5457,0.4925,0.1879
CUST1002643,2026-06,0.2874,0.3483,0.0677,0.22,0.2794,0.0447
CUST1002644,2026-06,0.5759,0.4628,0.3733,0.2558,0.4219,0.2544
CUST1002645,2026-06,0.4206,0.4006,0.4972,0.5564,0.3118,0.2474
CUST1002646,2026-06,0.4068,0.0297,0.2816,0.4132,0.3679,0.2448
CUST1002647,2026-06,0.6836,0.2681,0.4763,0.438,0.293,0.2465
CUST1002648,2026-06,0.4692,0.4554,0.4139,0.1854,0.3605,0.2805
CUST1002649,2026-06,0.427,0.313,0.255,0.0690999999999999,0.4919,0.1415
CUST1002650,2026-06,0.3822,0.3149,0.4281,0.2743,0.3182,0.3199
CUST1002651,2026-06,0.3956,0.2042,0.3693,0.3251,0.3211,0.1761
CUST1002652,2026-06,0.5016,0.5402,0.5814,0.2561,0.4011,0.1381
CUST1002653,2026-06,0.4406,0.3239,0.0821,0.5146,0.1695,0.01
CUST1002654,2026-06,0.4315,0.1615,0.2559,0.4555,0.5413,0.1499
CUST1002655,2026-06,0.5305,0.4532,0.3188,0.1968,0.2906,0.0602
CUST1002656,2026-06,0.3643,0.4747,0.6149,0.3971,0.3886,0.217
CUST1002657,2026-06,0.4179,0.5524,0.5037,0.1457,0.282,0.1885
CUST1002658,2026-06,0.3254,0.4722,0.3281,0.3591,0.5246,0.1664
CUST1002659,2026-06,0.2692,0.1174,0.2265,0.2877,0.3054,0.01
CUST1002660,2026-06,0.5067,0.4548,0.144,0.5047,0.6002,0.1544
CUST1002661,2026-06,0.3811,0.4201,0.4011,0.3242,0.5371,0.0857
CUST1002662,2026-06,0.5635,0.2196,0.4728,0.3204,0.4794,0.2491
CUST1002663,2026-06,0.2015,0.0883,0.1141,0.3086,0.0714999999999999,0.1638
CUST1002664,2026-06,0.3339,0.545,0.4916,0.3827,0.4205,0.2069
CUST1002665,2026-06,0.224,0.2545,0.2521,0.4064,0.5501,0.3197
CUST1002666,2026-06,0.642,0.076,0.4231,0.3278,0.1907,0.2354
CUST1002667,2026-06,0.41,0.3807,0.2956,0.3081,0.4088,0.2422
CUST1002668,2026-06,0.4908,0.2017,0.5859,0.3069,0.2907,0.1363
CUST1002669,2026-06,0.2668,0.4595,0.3723,0.3112,0.2427,0.66
CUST1002670,2026-06,0.3211,0.378,0.4752,0.3343,0.2445,0.1863
CUST1002671,2026-06,0.7834,0.2166,0.3291,0.4891,0.2385,0.1925
CUST1002672,2026-06,0.379,0.4065,0.8001,0.4547,0.3903,0.1432
CUST1002673,2026-06,0.6413,0.3527,0.3916,0.572,0.1522,0.1363
CUST1002674,2026-06,0.5971,0.1894,0.2762,0.1608,0.3784,0.1652
CUST1002675,2026-06,0.4362,0.1279,0.3628,0.2686,0.485,0.0966
CUST1002676,2026-06,0.5327,0.3482,0.4857,0.1478,0.5728,0.2542
CUST1002677,2026-06,0.4562,0.4135,0.5488,0.5177,0.2904,0.1667
CUST1002678,2026-06,0.5574,0.0690999999999999,0.4162,0.424,0.5768,0.2367
CUST1002679,2026-06,0.4324,0.5132,0.5389,0.2379,0.2649,0.3602
CUST1002680,2026-06,0.3288,0.1694,0.146,0.4252,0.2572,0.1376
CUST1002681,2026-06,0.4732,0.01,0.2146,0.1944,0.0903,0.1096
CUST1002682,2026-06,0.5342,0.3836,0.6041,0.4114,0.4084,0.2187
CUST1002683,2026-06,0.3132,0.15,0.01,0.3282,0.3554,0.0539
CUST1002684,2026-06,0.3647,0.5542,0.5818,0.2485,0.3817,0.1505
CUST1002685,2026-06,0.6589,0.389,0.3972,0.3279,0.2594,0.1993
CUST1002686,2026-06,0.6202,0.2694,0.3705,0.5047,0.1012,0.0879999999999999
CUST1002687,2026-06,0.4493,0.5266,0.2678,0.3873,0.3539,0.5847
CUST1002688,2026-06,0.1896,0.18,0.2563,0.3572,0.2842,0.3098
CUST1002689,2026-06,0.1777,0.3678,0.1949,0.3778,0.3434,0.1154
CUST1002690,2026-06,0.631,0.3247,0.3969,0.4798,0.2147,0.238
CUST1002691,2026-06,0.4347,0.1984,0.1116,0.5038,0.4946,0.1247
CUST1002692,2026-06,0.5523,0.01,0.0983,0.3679,0.2604,0.264
CUST1002693,2026-06,0.5174,0.488,0.5646,0.5214,0.3868,0.2246
CUST1002694,2026-06,0.464,0.4281,0.5404,0.51,0.4344,0.2321
CUST1002695,2026-06,0.1834,0.1025,0.1638,0.3221,0.4628,0.2532
CUST1002696,2026-06,0.6853,0.4668,0.3123,0.3676,0.2744,0.1589
CUST1002697,2026-06,0.4191,0.2403,0.2444,0.6192,0.5529,0.2254
CUST1002698,2026-06,0.5848,0.2572,0.5756,0.246,0.3304,0.01
CUST1002699,2026-06,0.4346,0.5087,0.3912,0.4309,0.2542,0.1531
CUST1002700,2026-06,0.357,0.0184,0.6056,0.4776,0.3553,0.2075
CUST1002701,2026-06,0.7004,0.2804,0.6464,0.3595,0.3818,0.2007
CUST1002702,2026-06,0.4847,0.4718,0.5637,0.6044,0.2213,0.2289
CUST1002703,2026-06,0.718,0.2722,0.4009,0.5293,0.3858,0.1202
CUST1002704,2026-06,0.3121,0.4396,0.5475,0.4741,0.3092,0.1177
CUST1002705,2026-06,0.1656,0.3273,0.3054,0.2166,0.2966,0.1025
CUST1002706,2026-06,0.4384,0.1058,0.4592,0.3567,0.5682,0.2868
CUST1002707,2026-06,0.2199,0.2776,0.2181,0.37,0.2241,0.1158
CUST1002708,2026-06,0.192,0.01,0.2501,0.2311,0.0632,0.2862
CUST1002709,2026-06,0.1543,0.0223,0.1141,0.169,0.3769,0.1658
CUST1002710,2026-06,0.0934,0.1732,0.3006,0.0665,0.2346,0.0559
CUST1002711,2026-06,0.2224,0.4693,0.3431,0.3473,0.2649,0.2589
CUST1002712,2026-06,0.3873,0.3959,0.4156,0.4699,0.2184,0.3817
CUST1002713,2026-06,0.2698,0.451,0.2329,0.1726,0.308,0.221
CUST1002714,2026-06,0.471,0.544,0.7168,0.4876,0.3626,0.1192
CUST1002715,2026-06,0.5708,0.4918,0.5439,0.2912,0.248,0.1413
CUST1002716,2026-06,0.5623,0.242,0.1029,0.451,0.354,0.2347
CUST1002717,2026-06,0.2709,0.0439,0.0291,0.0987,0.3308,0.1736
CUST1002718,2026-06,0.3859,0.01,0.0505,0.325,0.2031,0.3283
CUST1002719,2026-06,0.1748,0.2132,0.1627,0.3535,0.2114,0.2368
CUST1002720,2026-06,0.49,0.41,0.4616,0.3034,0.1579,0.1883
CUST1002721,2026-06,0.7535,0.1847,0.631,0.4834,0.4007,0.1824
CUST1002722,2026-06,0.4164,0.1206,0.0209,0.2948,0.1752,0.4849
CUST1002723,2026-06,0.2189,0.2674,0.171,0.2368,0.2431,0.2346
CUST1002724,2026-06,0.3105,0.1498,0.0988,0.2603,0.3958,0.1675
CUST1002725,2026-06,0.6195,0.1271,0.4309,0.2882,0.2971,0.1944
CUST1002726,2026-06,0.1469,0.1381,0.2832,0.3118,0.4515,0.0922
CUST1002727,2026-06,0.3992,0.01,0.01,0.1233,0.1602,0.513
CUST1002728,2026-06,0.5251,0.1945,0.396,0.4126,0.2609,0.164
CUST1002729,2026-06,0.4859,0.1413,0.0472,0.5768,0.2249,0.2967
CUST1002730,2026-06,0.3903,0.0755,0.3848,0.2836,0.293,0.2961
CUST1002731,2026-06,0.5379,0.494,0.4928,0.4703,0.3011,0.1679
CUST1002732,2026-06,0.4677,0.0473,0.139,0.434,0.2191,0.2989
CUST1002733,2026-06,0.4489,0.3024,0.3938,0.1567,0.3293,0.632
CUST1002734,2026-06,0.6483,0.2691,0.3543,0.1842,0.3781,0.2208
CUST1002735,2026-06,0.2215,0.5363,0.413,0.3225,0.3474,0.1138
CUST1002736,2026-06,0.4242,0.0527,0.0975,0.3649,0.3293,0.1362
CUST1002737,2026-06,0.5976,0.4539,0.336,0.4503,0.4223,0.1094
CUST1002738,2026-06,0.3548,0.3689,0.376,0.3174,0.2204,0.0835
CUST1002739,2026-06,0.4434,0.3804,0.3065,0.4312,0.4724,0.1883
CUST1002740,2026-06,0.5647,0.4757,0.6066,0.4484,0.209,0.0791
CUST1002741,2026-06,0.6478,0.2454,0.5667,0.1764,0.1909,0.1775
CUST1002742,2026-06,0.5185,0.2738,0.4612,0.3549,0.1293,0.1973
CUST1002743,2026-06,0.4712,0.546,0.2878,0.351,0.6451,0.1366
CUST1002744,2026-06,0.6987,0.1327,0.3272,0.4194,0.2579,0.2505
CUST1002745,2026-06,0.6368,0.3692,0.3503,0.5205,0.3022,0.4642
CUST1002746,2026-06,0.6457,0.2206,0.361,0.2644,0.2864,0.0822
CUST1002747,2026-06,0.3434,0.282,0.2616,0.2843,0.5696,0.2589
CUST1002748,2026-06,0.4159,0.3978,0.6815,0.2921,0.4312,0.1513
CUST1002749,2026-06,0.7257,0.1328,0.3257,0.3304,0.2677,0.2769
CUST1002750,2026-06,0.2415,0.3353,0.1874,0.3554,0.2368,0.1666
CUST1002751,2026-06,0.4646,0.5152,0.4768,0.29,0.4431,0.3258
CUST1002752,2026-06,0.3237,0.4105,0.5554,0.4411,0.3138,0.5263
CUST1002753,2026-06,0.2521,0.104,0.185,0.1008,0.5334,0.2555
CUST1002754,2026-06,0.366,0.6029,0.374,0.3823,0.0975,0.2116
CUST1002755,2026-06,0.4109,0.1648,0.1632,0.4491,0.3485,0.1941
CUST1002756,2026-06,0.6742,0.3701,0.5808,0.4099,0.2929,0.2224
CUST1002757,2026-06,0.2659,0.1825,0.01,0.5295,0.3617,0.2127
CUST1002758,2026-06,0.4017,0.2773,0.4457,0.3421,0.3659,0.1483
CUST1002759,2026-06,0.2999,0.4226,0.5494,0.2565,0.3902,0.2604
CUST1002760,2026-06,0.4476,0.2355,0.5141,0.3807,0.3601,0.0799
CUST1002761,2026-06,0.5977,0.4738,0.4809,0.4702,0.3482,0.2138
CUST1002762,2026-06,0.6464,0.0854,0.4112,0.2752,0.1164,0.1939
CUST1002763,2026-06,0.6776,0.1255,0.6778,0.2696,0.2451,0.16
CUST1002764,2026-06,0.5621,0.4117,0.5352,0.3925,0.3325,0.283
CUST1002765,2026-06,0.4383,0.3482,0.4343,0.4115,0.3874,0.2176
CUST1002766,2026-06,0.3991,0.4597,0.3459,0.1613,0.4005,0.1886
CUST1002767,2026-06,0.6189,0.2904,0.2628,0.4147,0.2406,0.1575
CUST1002768,2026-06,0.3456,0.2562,0.2916,0.4402,0.4118,0.1296
CUST1002769,2026-06,0.1257,0.4012,0.2567,0.1632,0.2426,0.1152
CUST1002770,2026-06,0.31,0.3418,0.2497,0.3851,0.2049,0.0558
CUST1002771,2026-06,0.559,0.5276,0.6281,0.4493,0.364,0.1375
CUST1002772,2026-06,0.4137,0.3914,0.6257,0.4155,0.3433,0.2081
CUST1002773,2026-06,0.5291,0.0339,0.2358,0.3742,0.182,0.0952
CUST1002774,2026-06,0.4482,0.4604,0.5185,0.2478,0.3666,0.0298
CUST1002775,2026-06,0.4659,0.3401,0.5965,0.323,0.1722,0.1235
CUST1002776,2026-06,0.3934,0.2918,0.3615,0.1215,0.5431,0.0916
CUST1002777,2026-06,0.2071,0.2292,0.2234,0.1079,0.5105,0.1417
CUST1002778,2026-06,0.2641,0.1218,0.191,0.3825,0.5416,0.1733
CUST1002779,2026-06,0.6414,0.3872,0.2657,0.4534,0.2794,0.0132
CUST1002780,2026-06,0.7957,0.1074,0.4899,0.4131,0.2679,0.1669
CUST1002781,2026-06,0.2581,0.1441,0.1715,0.4039,0.4928,0.1727
CUST1002782,2026-06,0.5971,0.4073,0.4262,0.3693,0.2125,0.1864
CUST1002783,2026-06,0.218,0.1477,0.2165,0.4799,0.1739,0.2635
CUST1002784,2026-06,0.5911,0.4566,0.5983,0.3967,0.4232,0.2021
CUST1002785,2026-06,0.5238,0.2346,0.3876,0.2439,0.2415,0.3125
CUST1002786,2026-06,0.3461,0.3717,0.2838,0.4242,0.2606,0.1097
CUST1002787,2026-06,0.6979,0.262,0.5145,0.3945,0.3214,0.1995
CUST1002788,2026-06,0.7746,0.4788,0.4382,0.1712,0.3004,0.2429
CUST1002789,2026-06,0.1212,0.273,0.1192,0.1671,0.5187,0.276
CUST1002790,2026-06,0.6731,0.4134,0.2175,0.4567,0.4041,0.1748
CUST1002791,2026-06,0.4536,0.2126,0.7027,0.4087,0.3905,0.2834
CUST1002792,2026-06,0.2679,0.3854,0.3593,0.212,0.2903,0.2093
CUST1002793,2026-06,0.4099,0.4126,0.628,0.3535,0.3031,0.3204
CUST1002794,2026-06,0.1715,0.01,0.01,0.2236,0.5466,0.1383
CUST1002795,2026-06,0.4824,0.5226,0.3469,0.4355,0.4456,0.0811
CUST1002796,2026-06,0.4534,0.484,0.5847,0.4357,0.4824,0.1466
CUST1002797,2026-06,0.5955,0.2058,0.3586,0.4389,0.1755,0.1512
CUST1002798,2026-06,0.5865,0.1719,0.4283,0.5406,0.2379,0.2403
CUST1002799,2026-06,0.4225,0.1826,0.417,0.1797,0.2726,0.2223
CUST1002800,2026-06,0.4819,0.2871,0.3694,0.4646,0.3909,0.0333
CUST1002801,2026-06,0.084,0.3087,0.2966,0.2272,0.3099,0.1354
CUST1002802,2026-06,0.7117,0.609,0.4184,0.3055,0.3004,0.4789
CUST1002803,2026-06,0.4286,0.1881,0.3549,0.3637,0.0285,0.6111
CUST1002804,2026-06,0.7173,0.4975,0.4012,0.4834,0.4806,0.1519
CUST1002805,2026-06,0.3871,0.2857,0.3105,0.2727,0.4619,0.1275
CUST1002806,2026-06,0.6769,0.2457,0.5098,0.0685999999999999,0.281,0.1273
CUST1002807,2026-06,0.7475,0.0844,0.3776,0.3753,0.2103,0.0808
CUST1002808,2026-06,0.661,0.4133,0.5769,0.3489,0.3814,0.01
CUST1002809,2026-06,0.5398,0.0901,0.2878,0.4143,0.4568,0.2769
CUST1002810,2026-06,0.2536,0.0696,0.1632,0.2541,0.4475,0.1878
CUST1002811,2026-06,0.2073,0.01,0.4694,0.2652,0.2086,0.2049
CUST1002812,2026-06,0.5392,0.2933,0.3,0.4313,0.5096,0.1423
CUST1002813,2026-06,0.1623,0.2577,0.1038,0.1397,0.3679,0.227
CUST1002814,2026-06,0.5009,0.421,0.3246,0.3703,0.3226,0.1226
CUST1002815,2026-06,0.6114,0.026,0.4144,0.1861,0.262,0.4376
CUST1002816,2026-06,0.3569,0.3299,0.4595,0.2409,0.3861,0.2483
CUST1002817,2026-06,0.3961,0.5377,0.5635,0.2449,0.3334,0.3064
CUST1002818,2026-06,0.5982,0.2159,0.6667,0.4706,0.2544,0.1426
CUST1002819,2026-06,0.207,0.1598,0.1334,0.3538,0.362,0.2899
CUST1002820,2026-06,0.4548,0.2264,0.1428,0.4221,0.4046,0.1575
CUST1002821,2026-06,0.4526,0.01,0.2535,0.3703,0.2444,0.0613
CUST1002822,2026-06,0.2823,0.4148,0.5288,0.3665,0.249,0.2013
CUST1002823,2026-06,0.5307,0.3759,0.3865,0.3611,0.335,0.2217
CUST1002824,2026-06,0.1953,0.0956999999999999,0.0729,0.4239,0.231,0.2158
CUST1002825,2026-06,0.5399,0.3661,0.1408,0.0601,0.2897,0.0104
CUST1002826,2026-06,0.2772,0.4179,0.2928,0.149,0.4183,0.1353
CUST1002827,2026-06,0.2271,0.3379,0.0767999999999999,0.3759,0.2231,0.3091
CUST1002828,2026-06,0.4912,0.0358,0.1655,0.3038,0.4854,0.241
CUST1002829,2026-06,0.6731,0.2014,0.3977,0.4335,0.4426,0.1967
CUST1002830,2026-06,0.2148,0.2489,0.2707,0.3912,0.3701,0.1393
CUST1002831,2026-06,0.4404,0.3832,0.5093,0.4586,0.6062,0.2882
CUST1002832,2026-06,0.3955,0.3864,0.4191,0.2223,0.2461,0.2207
CUST1002833,2026-06,0.3792,0.01,0.0688,0.535,0.3424,0.1265
CUST1002834,2026-06,0.7005,0.1378,0.4269,0.3387,0.3343,0.1034
CUST1002835,2026-06,0.5613,0.2583,0.2321,0.1358,0.1684,0.181
CUST1002836,2026-06,0.1603,0.2567,0.1912,0.1141,0.3376,0.1191
CUST1002837,2026-06,0.5824,0.0795,0.2014,0.1847,0.3254,0.2479
CUST1002838,2026-06,0.4939,0.5447,0.5266,0.2984,0.3421,0.273
CUST1002839,2026-06,0.0618,0.1945,0.3863,0.3928,0.4396,0.1391
CUST1002840,2026-06,0.3559,0.2794,0.2974,0.3922,0.3554,0.0952
CUST1002841,2026-06,0.7527,0.2597,0.4963,0.3201,0.2016,0.1406
CUST1002842,2026-06,0.512,0.3592,0.4849,0.4047,0.2283,0.1976
CUST1002843,2026-06,0.4236,0.4191,0.4601,0.3289,0.4427,0.2117
CUST1002844,2026-06,0.5265,0.1343,0.6016,0.128,0.3354,0.1892
CUST1002845,2026-06,0.4871,0.3919,0.3474,0.4475,0.4073,0.0852
CUST1002846,2026-06,0.3319,0.493,0.3944,0.269,0.2855,0.3028
CUST1002847,2026-06,0.2261,0.1208,0.2082,0.2081,0.3094,0.1911
CUST1002848,2026-06,0.3173,0.4387,0.4552,0.1594,0.0451,0.6497
CUST1002849,2026-06,0.3964,0.2087,0.6463,0.1945,0.2944,0.1886
CUST1002850,2026-06,0.6232,0.2623,0.4673,0.3383,0.329,0.1533
CUST1002851,2026-06,0.4275,0.4985,0.5734,0.151,0.2557,0.1119
CUST1002852,2026-06,0.2068,0.4156,0.6299,0.4256,0.4404,0.0847
CUST1002853,2026-06,0.2949,0.1925,0.0704,0.3253,0.2788,0.0545
CUST1002854,2026-06,0.4541,0.2836,0.4338,0.5979,0.3397,0.26
CUST1002855,2026-06,0.7203,0.1944,0.3797,0.3804,0.2543,0.2332
CUST1002856,2026-06,0.2201,0.1541,0.2367,0.2038,0.2626,0.2821
CUST1002857,2026-06,0.5491,0.202,0.5499,0.1163,0.3485,0.3017
CUST1002858,2026-06,0.5211,0.3637,0.6492,0.3365,0.3386,0.1229
CUST1002859,2026-06,0.4407,0.3512,0.3054,0.4418,0.3488,0.1737
CUST1002860,2026-06,0.4066,0.5732,0.6672,0.3347,0.1491,0.136
CUST1002861,2026-06,0.373,0.4214,0.0978,0.1142,0.2953,0.1979
CUST1002862,2026-06,0.583,0.1933,0.2969,0.2988,0.3537,0.1305
CUST1002863,2026-06,0.5393,0.5626,0.3464,0.5088,0.2814,0.0552
CUST1002864,2026-06,0.4487,0.4614,0.4316,0.2445,0.4419,0.1087
CUST1002865,2026-06,0.3883,0.01,0.2401,0.2518,0.241,0.2166
CUST1002866,2026-06,0.7143,0.0169,0.0668,0.4826,0.2387,0.0867
CUST1002867,2026-06,0.4691,0.4392,0.5948,0.5303,0.4208,0.1424
CUST1002868,2026-06,0.5456,0.3567,0.5293,0.3082,0.2371,0.1755
CUST1002869,2026-06,0.3887,0.6029,0.4098,0.2138,0.4263,0.1045
CUST1002870,2026-06,0.3842,0.1738,0.0843,0.3459,0.3107,0.2607
CUST1002871,2026-06,0.2223,0.01,0.01,0.1312,0.2353,0.3237
CUST1002872,2026-06,0.5232,0.2663,0.5558,0.1334,0.2887,0.3016
CUST1002873,2026-06,0.6258,0.2422,0.3363,0.2683,0.3379,0.185
CUST1002874,2026-06,0.2109,0.1482,0.1325,0.1518,0.5307,0.11
CUST1002875,2026-06,0.4024,0.5698,0.5236,0.4038,0.4042,0.2161
CUST1002876,2026-06,0.3659,0.3546,0.4596,0.3025,0.2986,0.3011
CUST1002877,2026-06,0.6632,0.2061,0.3737,0.4578,0.0712,0.1858
CUST1002878,2026-06,0.4564,0.4781,0.43,0.6439,0.3102,0.1689
CUST1002879,2026-06,0.5893,0.0735,0.4909,0.0639,0.3514,0.2384
CUST1002880,2026-06,0.544,0.2066,0.3959,0.4073,0.1074,0.2591
CUST1002881,2026-06,0.4844,0.4305,0.6398,0.2991,0.3651,0.0988
CUST1002882,2026-06,0.5955,0.5173,0.3797,0.4456,0.3157,0.1124
CUST1002883,2026-06,0.3911,0.1959,0.2667,0.3399,0.351,0.0259
CUST1002884,2026-06,0.519,0.1914,0.3239,0.2891,0.3855,0.037
CUST1002885,2026-06,0.2734,0.4969,0.4716,0.4655,0.3383,0.5887
CUST1002886,2026-06,0.4613,0.3563,0.4989,0.2532,0.1719,0.2186
CUST1002887,2026-06,0.4168,0.1326,0.3767,0.431,0.4754,0.125
CUST1002888,2026-06,0.3619,0.2702,0.5088,0.4561,0.6296,0.0989
CUST1002889,2026-06,0.4453,0.4404,0.5167,0.5106,0.4171,0.0584
CUST1002890,2026-06,0.3961,0.5388,0.3965,0.5301,0.3029,0.0834
CUST1002891,2026-06,0.4582,0.4552,0.5534,0.3455,0.4926,0.1208
CUST1002892,2026-06,0.3333,0.3219,0.6116,0.3698,0.4507,0.3051
CUST1002893,2026-06,0.3919,0.01,0.1519,0.377,0.2212,0.1363
CUST1002894,2026-06,0.6349,0.1754,0.2711,0.2369,0.2816,0.2363
CUST1002895,2026-06,0.5025,0.4044,0.5442,0.438,0.3374,0.0202
CUST1002896,2026-06,0.3923,0.3558,0.6744,0.3764,0.3198,0.1205
CUST1002897,2026-06,0.2154,0.1218,0.33,0.2149,0.4005,0.1627
CUST1002898,2026-06,0.5597,0.2201,0.2206,0.3325,0.273,0.6472
CUST1002899,2026-06,0.4416,0.4179,0.4789,0.5159,0.3904,0.1591
CUST1002900,2026-06,0.7032,0.3707,0.4861,0.0916,0.3395,0.1823
CUST1002901,2026-06,0.0864999999999999,0.2619,0.0966999999999999,0.1892,0.2239,0.2505
CUST1002902,2026-06,0.7392,0.4128,0.4664,0.4475,0.3818,0.1273
CUST1002903,2026-06,0.5205,0.5658,0.286,0.2886,0.4214,0.1023
CUST1002904,2026-06,0.7672,0.4397,0.5906,0.3724,0.4178,0.2943
CUST1002905,2026-06,0.2001,0.2808,0.0862,0.3154,0.2296,0.1003
CUST1002906,2026-06,0.2442,0.2418,0.0982,0.3393,0.4848,0.1787
CUST1002907,2026-06,0.2808,0.01,0.1382,0.2291,0.4341,0.1689
CUST1002908,2026-06,0.4065,0.4111,0.6309,0.2988,0.3936,0.1152
CUST1002909,2026-06,0.2773,0.3411,0.1374,0.1593,0.501,0.1149
CUST1002910,2026-06,0.2715,0.278,0.1681,0.4369,0.6093,0.3059
CUST1002911,2026-06,0.1429,0.0677,0.1474,0.2236,0.2338,0.335
CUST1002912,2026-06,0.2192,0.2615,0.4144,0.4449,0.2781,0.2114
CUST1002913,2026-06,0.5941,0.1793,0.4823,0.3185,0.1948,0.1989
CUST1002914,2026-06,0.751,0.1656,0.5121,0.25,0.3164,0.1473
CUST1002915,2026-06,0.7331,0.3928,0.4666,0.5047,0.507,0.1997
CUST1002916,2026-06,0.3054,0.4661,0.3617,0.1931,0.4706,0.1564
CUST1002917,2026-06,0.4752,0.5608,0.7534,0.2816,0.4374,0.1436
CUST1002918,2026-06,0.3026,0.0226,0.2273,0.4546,0.3658,0.2538
CUST1002919,2026-06,0.3666,0.0965,0.2564,0.1781,0.3055,0.2613
CUST1002920,2026-06,0.2648,0.4536,0.4647,0.2521,0.4234,0.0966
CUST1002921,2026-06,0.4758,0.3981,0.2733,0.242,0.4054,0.0666
CUST1002922,2026-06,0.1939,0.4274,0.01,0.3136,0.449,0.1436
CUST1002923,2026-06,0.3798,0.2597,0.2184,0.3753,0.3633,0.1762
CUST1002924,2026-06,0.5954,0.5173,0.2669,0.5449,0.3485,0.0725
CUST1002925,2026-06,0.0546,0.2749,0.0126,0.3188,0.5538,0.1299
CUST1002926,2026-06,0.2701,0.4047,0.035,0.351,0.3486,0.1705
CUST1002927,2026-06,0.5161,0.4072,0.6865,0.3453,0.3141,0.1578
CUST1002928,2026-06,0.4512,0.4361,0.3514,0.3933,0.3596,0.1405
CUST1002929,2026-06,0.426,0.3077,0.4947,0.3808,0.2701,0.2405
CUST1002930,2026-06,0.377,0.332,0.3632,0.3385,0.4085,0.2568
CUST1002931,2026-06,0.3407,0.01,0.1649,0.158,0.2496,0.1646
CUST1002932,2026-06,0.1719,0.1657,0.0966999999999999,0.208,0.3126,0.1059
CUST1002933,2026-06,0.2261,0.1229,0.2121,0.3332,0.4323,0.1612
CUST1002934,2026-06,0.5679,0.1787,0.4532,0.2028,0.3369,0.2205
CUST1002935,2026-06,0.5436,0.3088,0.37,0.319,0.4197,0.2514
CUST1002936,2026-06,0.7581,0.2836,0.5099,0.2578,0.2239,0.2089
CUST1002937,2026-06,0.3114,0.5529,0.1949,0.2051,0.2837,0.4707
CUST1002938,2026-06,0.7434,0.3222,0.5774,0.5996,0.3099,0.1568
CUST1002939,2026-06,0.3376,0.1973,0.541,0.231,0.2886,0.0959
CUST1002940,2026-06,0.282,0.3255,0.5714,0.1364,0.163,0.1031
CUST1002941,2026-06,0.4489,0.3837,0.5637,0.4434,0.4083,0.1624
CUST1002942,2026-06,0.332,0.4769,0.5233,0.4,0.3422,0.2151
CUST1002943,2026-06,0.5033,0.3905,0.4227,0.5128,0.6162,0.2142
CUST1002944,2026-06,0.1373,0.1704,0.1095,0.3892,0.4851,0.1439
CUST1002945,2026-06,0.3748,0.2205,0.4425,0.2906,0.6426,0.1677
CUST1002946,2026-06,0.1073,0.4077,0.323,0.2275,0.3784,0.1482
CUST1002947,2026-06,0.3518,0.1707,0.2362,0.4888,0.1998,0.2491
CUST1002948,2026-06,0.412,0.3013,0.6133,0.3601,0.3922,0.2806
CUST1002949,2026-06,0.5635,0.5344,0.5526,0.3044,0.532,0.1709
CUST1002950,2026-06,0.5118,0.3647,0.5302,0.2884,0.2754,0.2379
CUST1002951,2026-06,0.5562,0.3459,0.4483,0.2793,0.3592,0.2487
CUST1002952,2026-06,0.2614,0.4948,0.4103,0.3439,0.2958,0.0769
CUST1002953,2026-06,0.2223,0.2289,0.0832,0.2853,0.2431,0.2728
CUST1002954,2026-06,0.385,0.4848,0.5404,0.3883,0.4224,0.2054
CUST1002955,2026-06,0.222,0.01,0.2525,0.1608,0.3049,0.1874
CUST1002956,2026-06,0.0146,0.3799,0.2779,0.1755,0.4628,0.3835
CUST1002957,2026-06,0.4662,0.171,0.3182,0.2175,0.2905,0.1912
CUST1002958,2026-06,0.3235,0.0387,0.5028,0.1272,0.3524,0.3087
CUST1002959,2026-06,0.168,0.2705,0.2183,0.1795,0.2973,0.225
CUST1002960,2026-06,0.479,0.2874,0.5838,0.2421,0.2569,0.3267
CUST1002961,2026-06,0.3406,0.4387,0.5602,0.356,0.4443,0.204
CUST1002962,2026-06,0.3231,0.0271,0.1558,0.2342,0.5307,0.1048
CUST1002963,2026-06,0.2092,0.2916,0.2448,0.2272,0.266,0.1546
CUST1002964,2026-06,0.5657,0.4886,0.5366,0.242,0.2953,0.0781
CUST1002965,2026-06,0.4631,0.3898,0.4443,0.2946,0.3211,0.1928
CUST1002966,2026-06,0.6512,0.2531,0.3733,0.201,0.3499,0.2763
CUST1002967,2026-06,0.4156,0.3187,0.3225,0.3197,0.1371,0.5702
CUST1002968,2026-06,0.6641,0.1758,0.4036,0.1465,0.2724,0.2397
CUST1002969,2026-06,0.8427,0.3548,0.7622,0.4802,0.1102,0.188
CUST1002970,2026-06,0.3516,0.2105,0.1859,0.436,0.2449,0.2017
CUST1002971,2026-06,0.4338,0.0706,0.2483,0.488,0.2276,0.0847
CUST1002972,2026-06,0.2694,0.1147,0.0851,0.161,0.3693,0.1335
CUST1002973,2026-06,0.1866,0.1912,0.2562,0.3915,0.3538,0.01
CUST1002974,2026-06,0.562,0.059,0.3139,0.4112,0.3447,0.1207
CUST1002975,2026-06,0.5966,0.0433,0.2329,0.3197,0.341,0.3124
CUST1002976,2026-06,0.4287,0.0809,0.07,0.4882,0.3212,0.2624
CUST1002977,2026-06,0.2417,0.4079,0.6586,0.0586,0.3737,0.3461
CUST1002978,2026-06,0.415,0.2131,0.1629,0.239,0.4482,0.143
CUST1002979,2026-06,0.5613,0.2055,0.52,0.3825,0.4149,0.1223
CUST1002980,2026-06,0.3002,0.1293,0.1339,0.1892,0.3829,0.2641
CUST1002981,2026-06,0.7071,0.3568,0.4941,0.541,0.4223,0.1291
CUST1002982,2026-06,0.4909,0.3675,0.5453,0.5002,0.2124,0.2498
CUST1002983,2026-06,0.4849,0.1908,0.1759,0.462,0.3201,0.2638
CUST1002984,2026-06,0.3395,0.3293,0.4021,0.4293,0.3462,0.0885
CUST1002985,2026-06,0.3189,0.5639,0.5847,0.4509,0.3013,0.1463
CUST1002986,2026-06,0.4322,0.1848,0.2509,0.4411,0.2366,0.1797
CUST1002987,2026-06,0.2638,0.3949,0.1689,0.6395,0.5896,0.1142
CUST1002988,2026-06,0.1909,0.4193,0.4321,0.3459,0.4242,0.157
CUST1002989,2026-06,0.2461,0.0429,0.1782,0.1168,0.3422,0.3137
CUST1002990,2026-06,0.3295,0.3965,0.5009,0.3309,0.3759,0.1446
CUST1002991,2026-06,0.4408,0.0964,0.1144,0.2735,0.394,0.1096
CUST1002992,2026-06,0.4529,0.2304,0.6261,0.4171,0.4056,0.1179
CUST1002993,2026-06,0.6098,0.3167,0.5638,0.4024,0.3293,0.2373
CUST1002994,2026-06,0.5635,0.3608,0.4552,0.3899,0.4392,0.2867
CUST1002995,2026-06,0.0327,0.2448,0.0945,0.4758,0.4373,0.0179
CUST1002996,2026-06,0.5802,0.2265,0.562,0.548,0.1813,0.0353
CUST1002997,2026-06,0.3282,0.3907,0.3129,0.1744,0.1888,0.1896
CUST1002998,2026-06,0.2716,0.0682,0.0627,0.2873,0.524,0.2287
CUST1002999,2026-06,0.6195,0.5933,0.4503,0.4806,0.3871,0.1038
CUST1003000,2026-06,0.4435,0.2565,0.6561,0.5328,0.2547,0.0794
CUST1003001,2026-06,0.2313,0.3548,0.4698,0.223,0.3133,0.7134
CUST1003002,2026-06,0.2678,0.3171,0.3633,0.1362,0.3184,0.1834
CUST1003003,2026-06,0.7035,0.0629,0.3005,0.4001,0.336,0.0898999999999999
CUST1003004,2026-06,0.5349,0.2305,0.3514,0.192,0.3823,0.1741
CUST1003005,2026-06,0.4724,0.4121,0.466,0.2201,0.3823,0.201
CUST1003006,2026-06,0.6209,0.1528,0.5009,0.5214,0.4599,0.1003
CUST1003007,2026-06,0.3463,0.3657,0.3811,0.0402,0.3915,0.1883
CUST1003008,2026-06,0.524,0.2988,0.3159,0.5803,0.3892,0.204
CUST1003009,2026-06,0.0786,0.3661,0.1057,0.2132,0.5135,0.1445
CUST1003010,2026-06,0.3541,0.1029,0.1281,0.5329,0.2066,0.6039
CUST1003011,2026-06,0.4219,0.069,0.1311,0.5313,0.6178,0.1658
CUST1003012,2026-06,0.4295,0.3478,0.4658,0.4503,0.6127,0.6753
CUST1003013,2026-06,0.0878,0.4202,0.2502,0.2363,0.1239,0.2379
CUST1003014,2026-06,0.6362,0.3566,0.2983,0.3577,0.2435,0.266
CUST1003015,2026-06,0.6928,0.3852,0.3288,0.5793,0.3507,0.1045
CUST1003016,2026-06,0.5301,0.01,0.1443,0.1587,0.2453,0.1107
CUST1003017,2026-06,0.5496,0.1968,0.4446,0.214,0.3118,0.1351
CUST1003018,2026-06,0.4986,0.441,0.5665,0.1805,0.3443,0.1084
CUST1003019,2026-06,0.2782,0.2859,0.1539,0.2775,0.2015,0.2334
CUST1003020,2026-06,0.5017,0.2581,0.423,0.2893,0.288,0.01
CUST1003021,2026-06,0.0586,0.2462,0.3395,0.1992,0.4127,0.239
CUST1003022,2026-06,0.6003,0.3492,0.4036,0.25,0.2875,0.1528
CUST1003023,2026-06,0.2744,0.3971,0.3756,0.1981,0.4424,0.1851
CUST1003024,2026-06,0.547,0.2976,0.3839,0.3586,0.4624,0.206
CUST1003025,2026-06,0.5045,0.4105,0.4871,0.2462,0.2188,0.1947
CUST1003026,2026-06,0.6536,0.4793,0.5258,0.4042,0.2021,0.1298
CUST1003027,2026-06,0.6606,0.4003,0.3244,0.4098,0.318,0.0349
CUST1003028,2026-06,0.6245,0.301,0.2798,0.4181,0.2212,0.2311
CUST1003029,2026-06,0.406,0.066,0.3604,0.3778,0.4031,0.2489
CUST1003030,2026-06,0.4833,0.5849,0.4141,0.487,0.2738,0.0995
CUST1003031,2026-06,0.4426,0.0149,0.2066,0.2641,0.2831,0.0665
CUST1003032,2026-06,0.3229,0.4537,0.4409,0.4575,0.4684,0.1298
CUST1003033,2026-06,0.5776,0.4926,0.5059,0.4403,0.4637,0.0383
CUST1003034,2026-06,0.6583,0.2475,0.2867,0.2027,0.1928,0.2411
CUST1003035,2026-06,0.4313,0.1495,0.1678,0.2339,0.2305,0.2726
CUST1003036,2026-06,0.2523,0.4078,0.3575,0.3382,0.553,0.1432
CUST1003037,2026-06,0.5997,0.1282,0.5138,0.4485,0.316,0.3195
CUST1003038,2026-06,0.6096,0.1385,0.1978,0.5026,0.2901,0.0233
CUST1003039,2026-06,0.4587,0.2853,0.4356,0.4598,0.3346,0.2776
CUST1003040,2026-06,0.7217,0.4007,0.4236,0.5459,0.2222,0.0829
CUST1003041,2026-06,0.3001,0.3823,0.5402,0.2667,0.3337,0.287
CUST1003042,2026-06,0.2057,0.4245,0.0961999999999999,0.3531,0.3938,0.285
CUST1003043,2026-06,0.5043,0.3775,0.4488,0.374,0.3342,0.1412
CUST1003044,2026-06,0.4318,0.4434,0.5536,0.4145,0.2119,0.1044
CUST1003045,2026-06,0.5988,0.5403,0.6027,0.4335,0.3999,0.1378
CUST1003046,2026-06,0.2651,0.3738,0.6449,0.2882,0.2965,0.5016
CUST1003047,2026-06,0.4875,0.4974,0.3098,0.5283,0.2664,0.6361
CUST1003048,2026-06,0.3353,0.429,0.278,0.3357,0.3209,0.1025
CUST1003049,2026-06,0.1048,0.1346,0.1132,0.2256,0.2125,0.1863
CUST1003050,2026-06,0.4443,0.2455,0.4916,0.4638,0.2885,0.0593
CUST1003051,2026-06,0.2064,0.1622,0.0937999999999999,0.173,0.1904,0.2309
CUST1003052,2026-06,0.3051,0.3718,0.2316,0.381,0.4805,0.1797
CUST1003053,2026-06,0.2421,0.1367,0.0766,0.5453,0.4377,0.0966999999999999
CUST1003054,2026-06,0.1235,0.2478,0.3137,0.1652,0.4132,0.0231
CUST1003055,2026-06,0.417,0.4862,0.4473,0.2975,0.3989,0.2204
CUST1003056,2026-06,0.1173,0.01,0.1178,0.0688,0.2455,0.2157
CUST1003057,2026-06,0.4592,0.1635,0.1327,0.4916,0.3538,0.2498
CUST1003058,2026-06,0.3828,0.4972,0.5014,0.3629,0.5113,0.3024
CUST1003059,2026-06,0.6291,0.4298,0.7331,0.5857,0.1279,0.4127
CUST1003060,2026-06,0.7697,0.1251,0.3235,0.4021,0.295,0.2275
CUST1003061,2026-06,0.2786,0.257,0.1944,0.2277,0.5041,0.206
CUST1003062,2026-06,0.6411,0.3437,0.5101,0.2977,0.3639,0.2032
CUST1003063,2026-06,0.0606,0.2323,0.29,0.269,0.4233,0.2746
CUST1003064,2026-06,0.2534,0.1721,0.4128,0.4372,0.3332,0.0545
CUST1003065,2026-06,0.4951,0.2872,0.424,0.4144,0.3176,0.2151
CUST1003066,2026-06,0.1478,0.3035,0.1076,0.2381,0.3732,0.1331
CUST1003067,2026-06,0.6495,0.4374,0.218,0.2728,0.2799,0.291
CUST1003068,2026-06,0.4366,0.4804,0.5784,0.385,0.4151,0.2684
CUST1003069,2026-06,0.6939,0.1801,0.3756,0.221,0.2659,0.2461
CUST1003070,2026-06,0.1703,0.3229,0.3105,0.2944,0.3605,0.0845
CUST1003071,2026-06,0.2388,0.1226,0.3546,0.3376,0.3716,0.0421
CUST1003072,2026-06,0.5438,0.1886,0.4228,0.188,0.5749,0.2365
CUST1003073,2026-06,0.6212,0.2925,0.4704,0.4118,0.3684,0.2022
CUST1003074,2026-06,0.5464,0.01,0.2487,0.6059,0.2127,0.0719999999999999
CUST1003075,2026-06,0.3641,0.0218,0.01,0.4969,0.2359,0.8196
CUST1003076,2026-06,0.596,0.3576,0.4851,0.2312,0.426,0.1345
CUST1003077,2026-06,0.01,0.1578,0.1954,0.4806,0.3667,0.1776
CUST1003078,2026-06,0.4832,0.01,0.153,0.3224,0.358,0.309
CUST1003079,2026-06,0.2348,0.3387,0.1068,0.2627,0.2997,0.1441
CUST1003080,2026-06,0.3269,0.2251,0.1238,0.1195,0.2649,0.1686
CUST1003081,2026-06,0.3725,0.2557,0.4783,0.4359,0.4848,0.2247
CUST1003082,2026-06,0.6112,0.3199,0.5297,0.2368,0.3321,0.1491
CUST1003083,2026-06,0.5579,0.357,0.4191,0.2088,0.491,0.1885
CUST1003084,2026-06,0.5547,0.4495,0.715,0.5175,0.3784,0.248
CUST1003085,2026-06,0.2968,0.3107,0.1858,0.1097,0.4232,0.2666
CUST1003086,2026-06,0.1739,0.3839,0.2617,0.4854,0.4738,0.6134
CUST1003087,2026-06,0.3457,0.4054,0.3136,0.3427,0.366,0.2592
CUST1003088,2026-06,0.1794,0.1562,0.1681,0.2973,0.4235,0.1221
CUST1003089,2026-06,0.3687,0.1353,0.2038,0.2704,0.2463,0.1556
CUST1003090,2026-06,0.5909,0.1897,0.432,0.4562,0.3038,0.3282
CUST1003091,2026-06,0.4875,0.5744,0.5083,0.3595,0.2251,0.2794
CUST1003092,2026-06,0.2271,0.2154,0.2108,0.3174,0.2836,0.0584
CUST1003093,2026-06,0.7358,0.4099,0.3275,0.2225,0.387,0.41
CUST1003094,2026-06,0.3754,0.2555,0.0685999999999999,0.5164,0.2744,0.2068
CUST1003095,2026-06,0.01,0.3481,0.1348,0.4246,0.4014,0.2902
CUST1003096,2026-06,0.5304,0.4033,0.2619,0.4493,0.2543,0.5567
CUST1003097,2026-06,0.2272,0.3418,0.2973,0.3138,0.2775,0.175
CUST1003098,2026-06,0.3875,0.3256,0.4737,0.4425,0.3894,0.2274
CUST1003099,2026-06,0.7255,0.2186,0.5721,0.3287,0.1799,0.3568
CUST1003100,2026-06,0.5407,0.1489,0.2788,0.4519,0.3631,0.1535
CUST1003101,2026-06,0.7366,0.2456,0.5364,0.3993,0.0429,0.1588
CUST1003102,2026-06,0.1719,0.2217,0.1726,0.1915,0.3927,0.2374
CUST1003103,2026-06,0.3466,0.5298,0.4892,0.4684,0.306,0.2633
CUST1003104,2026-06,0.604,0.3543,0.539,0.3064,0.3617,0.2359
CUST1003105,2026-06,0.4517,0.5173,0.6941,0.5682,0.4291,0.2188
CUST1003106,2026-06,0.329,0.4938,0.4514,0.3859,0.245,0.1819
CUST1003107,2026-06,0.2683,0.0283,0.2206,0.3073,0.4524,0.1657
CUST1003108,2026-06,0.5085,0.4438,0.6423,0.4442,0.4345,0.0792
CUST1003109,2026-06,0.5405,0.1649,0.1943,0.233,0.2738,0.2304
CUST1003110,2026-06,0.4295,0.3722,0.6379,0.4233,0.4127,0.2931
CUST1003111,2026-06,0.2949,0.2998,0.2064,0.1984,0.334,0.1092
CUST1003112,2026-06,0.279,0.3084,0.623,0.2303,0.3031,0.1604
CUST1003113,2026-06,0.5393,0.0471,0.3152,0.225,0.2046,0.0971
CUST1003114,2026-06,0.5219,0.0914,0.1248,0.1481,0.3648,0.1431
CUST1003115,2026-06,0.2499,0.27,0.1191,0.4285,0.3893,0.3052
CUST1003116,2026-06,0.6643,0.3883,0.4029,0.482,0.2131,0.1762
CUST1003117,2026-06,0.412,0.4123,0.4582,0.4928,0.3707,0.1159
CUST1003118,2026-06,0.347,0.3134,0.0961999999999999,0.4162,0.3526,0.0407
CUST1003119,2026-06,0.7878,0.3834,0.578,0.4945,0.2247,0.3308
CUST1003120,2026-06,0.279,0.614,0.2188,0.2164,0.2763,0.1765
CUST1003121,2026-06,0.4126,0.2853,0.5087,0.4093,0.271,0.1371
CUST1003122,2026-06,0.2572,0.2596,0.4411,0.4386,0.3566,0.1722
CUST1003123,2026-06,0.4784,0.4289,0.4366,0.378,0.4438,0.1659
CUST1003124,2026-06,0.6782,0.4663,0.4064,0.4153,0.4211,0.1448
CUST1003125,2026-06,0.2245,0.2389,0.0116,0.4562,0.2838,0.3162
CUST1003126,2026-06,0.419,0.4575,0.3697,0.3328,0.3767,0.137
CUST1003127,2026-06,0.5746,0.3779,0.4924,0.4177,0.1536,0.1948
CUST1003128,2026-06,0.276,0.4257,0.5494,0.529,0.1922,0.6089
CUST1003129,2026-06,0.7193,0.5217,0.5064,0.3685,0.2215,0.0649
CUST1003130,2026-06,0.6389,0.1583,0.4518,0.4082,0.3078,0.2812
CUST1003131,2026-06,0.7446,0.2373,0.3633,0.3776,0.1239,0.0219
CUST1003132,2026-06,0.5225,0.2908,0.404,0.5095,0.3086,0.1786
CUST1003133,2026-06,0.4009,0.4159,0.3589,0.3283,0.3731,0.1787
CUST1003134,2026-06,0.1376,0.1848,0.2237,0.2264,0.4044,0.0784
CUST1003135,2026-06,0.6738,0.1974,0.3009,0.5947,0.2709,0.2949
CUST1003136,2026-06,0.1815,0.1835,0.2201,0.2464,0.3508,0.1967
CUST1003137,2026-06,0.2698,0.1001,0.217,0.5026,0.4094,0.3473
CUST1003138,2026-06,0.5493,0.2558,0.5874,0.4,0.1078,0.0251
CUST1003139,2026-06,0.348,0.3925,0.4734,0.4094,0.3469,0.1467
CUST1003140,2026-06,0.5254,0.3715,0.7681,0.343,0.2501,0.1938
CUST1003141,2026-06,0.2895,0.2527,0.1613,0.5091,0.3748,0.0569
CUST1003142,2026-06,0.5694,0.4191,0.569,0.4971,0.4143,0.2374
CUST1003143,2026-06,0.4162,0.3362,0.4328,0.4247,0.447,0.1201
CUST1003144,2026-06,0.2238,0.2382,0.0856,0.4013,0.4465,0.2613
CUST1003145,2026-06,0.1495,0.1197,0.2617,0.2255,0.3598,0.1667
CUST1003146,2026-06,0.4428,0.0839,0.1294,0.4591,0.3117,0.2047
CUST1003147,2026-06,0.1098,0.3863,0.1918,0.3321,0.4165,0.0873
CUST1003148,2026-06,0.2712,0.0693,0.314,0.2385,0.2525,0.1947
CUST1003149,2026-06,0.6079,0.4167,0.4925,0.4515,0.3788,0.2233
CUST1003150,2026-06,0.8066,0.3893,0.3376,0.6004,0.1868,0.2197
CUST1003151,2026-06,0.5657,0.01,0.1072,0.3642,0.334,0.2016
CUST1003152,2026-06,0.4885,0.4044,0.2873,0.3715,0.1831,0.0556
CUST1003153,2026-06,0.2658,0.0699,0.084,0.14,0.18,0.6622
CUST1003154,2026-06,0.4118,0.452,0.6464,0.3748,0.4245,0.182
CUST1003155,2026-06,0.7337,0.2266,0.3831,0.2223,0.0752,0.1986
CUST1003156,2026-06,0.3512,0.1971,0.3662,0.533,0.5381,0.1514
CUST1003157,2026-06,0.4431,0.4847,0.6802,0.2331,0.2865,0.1585
CUST1003158,2026-06,0.1725,0.4206,0.2617,0.3448,0.3315,0.098
CUST1003159,2026-06,0.4507,0.2694,0.1092,0.3306,0.1997,0.1928
CUST1003160,2026-06,0.6667,0.1369,0.5097,0.0154,0.2507,0.328
CUST1003161,2026-06,0.4652,0.4211,0.3749,0.4933,0.4442,0.1251
CUST1003162,2026-06,0.5265,0.01,0.0990999999999999,0.441,0.3472,0.1613
CUST1003163,2026-06,0.518,0.2389,0.4106,0.3433,0.2621,0.2827
CUST1003164,2026-06,0.4838,0.3734,0.361,0.4277,0.3767,0.1128
CUST1003165,2026-06,0.5818,0.2919,0.3967,0.2235,0.1405,0.0912
CUST1003166,2026-06,0.583,0.4083,0.3208,0.6121,0.5001,0.1265
CUST1003167,2026-06,0.4052,0.4188,0.4648,0.329,0.4362,0.1093
CUST1003168,2026-06,0.3118,0.3042,0.1219,0.1986,0.1487,0.5846
CUST1003169,2026-06,0.5284,0.5139,0.367,0.5728,0.2474,0.1594
CUST1003170,2026-06,0.4501,0.1409,0.3482,0.1294,0.2768,0.1874
CUST1003171,2026-06,0.7542,0.4456,0.4312,0.3646,0.267,0.137
CUST1003172,2026-06,0.7771,0.1808,0.1726,0.2255,0.311,0.1727
CUST1003173,2026-06,0.5037,0.358,0.3722,0.2475,0.3547,0.2306
CUST1003174,2026-06,0.4582,0.5183,0.3307,0.3483,0.3286,0.1075
CUST1003175,2026-06,0.3722,0.3609,0.0592,0.4873,0.3731,0.1283
CUST1003176,2026-06,0.6989,0.1874,0.5306,0.4072,0.2284,0.1616
CUST1003177,2026-06,0.6039,0.3216,0.4423,0.4052,0.3153,0.2104
CUST1003178,2026-06,0.4864,0.01,0.4265,0.3898,0.3307,0.1923
CUST1003179,2026-06,0.6783,0.054,0.4467,0.4144,0.2098,0.0926
CUST1003180,2026-06,0.5016,0.1582,0.1939,0.3794,0.2136,0.4741
CUST1003181,2026-06,0.3823,0.1192,0.0222,0.2737,0.2115,0.1259
CUST1003182,2026-06,0.4521,0.2028,0.3513,0.1991,0.5307,0.1228
CUST1003183,2026-06,0.391,0.4702,0.402,0.4018,0.3584,0.2128
CUST1003184,2026-06,0.5295,0.1995,0.2098,0.2755,0.2475,0.2546
CUST1003185,2026-06,0.4376,0.3503,0.5962,0.5003,0.0942,0.2864
CUST1003186,2026-06,0.6688,0.1862,0.2294,0.5918,0.4033,0.1964
CUST1003187,2026-06,0.5204,0.4108,0.4514,0.5657,0.3393,0.0765
CUST1003188,2026-06,0.6101,0.0386,0.2691,0.478,0.2016,0.2209
CUST1003189,2026-06,0.376,0.4258,0.4948,0.2923,0.2436,0.1547
CUST1003190,2026-06,0.6726,0.2544,0.4023,0.3553,0.2699,0.2928
CUST1003191,2026-06,0.6765,0.3471,0.4141,0.5633,0.1563,0.2591
CUST1003192,2026-06,0.427,0.372,0.4617,0.4333,0.3036,0.199
CUST1003193,2026-06,0.5032,0.473,0.3431,0.4339,0.3084,0.2894
CUST1003194,2026-06,0.4244,0.3361,0.5915,0.12,0.2574,0.5451
CUST1003195,2026-06,0.554,0.3459,0.321,0.2183,0.2977,0.1747
CUST1003196,2026-06,0.6009,0.4036,0.4413,0.4238,0.2975,0.1305
CUST1003197,2026-06,0.3315,0.2647,0.3565,0.5182,0.5402,0.1833
CUST1003198,2026-06,0.5815,0.4009,0.533,0.5424,0.377,0.148
CUST1003199,2026-06,0.4117,0.4756,0.4801,0.3143,0.452,0.1125
CUST1003200,2026-06,0.3915,0.4118,0.1872,0.2335,0.4339,0.2114
CUST1003201,2026-06,0.3643,0.3964,0.5017,0.3509,0.4151,0.151
CUST1003202,2026-06,0.3908,0.5213,0.2107,0.4162,0.5501,0.097
CUST1003203,2026-06,0.4939,0.3661,0.5844,0.4493,0.3776,0.2328
CUST1003204,2026-06,0.2213,0.2336,0.1307,0.535,0.3375,0.2298
CUST1003205,2026-06,0.4666,0.2327,0.6029,0.2861,0.3512,0.1451
CUST1003206,2026-06,0.1184,0.3364,0.246,0.2232,0.3142,0.2268
CUST1003207,2026-06,0.3882,0.0152,0.3628,0.319,0.4081,0.2198
CUST1003208,2026-06,0.4762,0.2763,0.4014,0.431,0.5194,0.0164
CUST1003209,2026-06,0.4323,0.01,0.1949,0.5216,0.3684,0.1463
CUST1003210,2026-06,0.4448,0.2382,0.1751,0.3097,0.287,0.1523
CUST1003211,2026-06,0.4774,0.4458,0.3554,0.5203,0.3698,0.2662
CUST1003212,2026-06,0.2485,0.2575,0.0606,0.1854,0.4161,0.1085
CUST1003213,2026-06,0.3088,0.2062,0.4422,0.0553,0.3851,0.0466
CUST1003214,2026-06,0.5304,0.1929,0.2933,0.1071,0.2189,0.1732
CUST1003215,2026-06,0.7149,0.2498,0.207,0.0902,0.3333,0.2454
CUST1003216,2026-06,0.2917,0.2835,0.4217,0.3887,0.4074,0.2445
CUST1003217,2026-06,0.3713,0.5649,0.7051,0.5007,0.438,0.1936
CUST1003218,2026-06,0.3338,0.5136,0.3772,0.2051,0.4139,0.2332
CUST1003219,2026-06,0.235,0.4672,0.3388,0.3386,0.5019,0.0703
CUST1003220,2026-06,0.3373,0.3542,0.6219,0.241,0.2318,0.0961999999999999
CUST1003221,2026-06,0.3201,0.4018,0.2843,0.3712,0.4338,0.3274
CUST1003222,2026-06,0.5119,0.3185,0.6023,0.2431,0.2487,0.0538
CUST1003223,2026-06,0.648,0.5723,0.537,0.4187,0.2646,0.1314
CUST1003224,2026-06,0.4331,0.1763,0.6387,0.2825,0.1511,0.3117
CUST1003225,2026-06,0.5172,0.0533,0.1178,0.4518,0.3103,0.1342
CUST1003226,2026-06,0.2685,0.4501,0.6261,0.3535,0.3428,0.0595
CUST1003227,2026-06,0.3325,0.1912,0.2777,0.2829,0.1937,0.233
CUST1003228,2026-06,0.6152,0.5181,0.4227,0.2363,0.2731,0.2801
CUST1003229,2026-06,0.751,0.2285,0.2944,0.5491,0.2182,0.1801
CUST1003230,2026-06,0.6213,0.1859,0.504,0.2553,0.1639,0.3005
CUST1003231,2026-06,0.4376,0.404,0.7174,0.5039,0.3684,0.4897
CUST1003232,2026-06,0.7052,0.4387,0.5244,0.2895,0.3409,0.1067
CUST1003233,2026-06,0.4508,0.1136,0.3982,0.01,0.2894,0.2358
CUST1003234,2026-06,0.195,0.0721,0.0756,0.2359,0.4168,0.1926
CUST1003235,2026-06,0.6083,0.188,0.4651,0.1658,0.3189,0.2603
CUST1003236,2026-06,0.4078,0.3283,0.239,0.5204,0.2624,0.1715
CUST1003237,2026-06,0.413,0.4047,0.4801,0.6077,0.3593,0.2993
CUST1003238,2026-06,0.4505,0.2996,0.1619,0.4236,0.6089,0.1959
CUST1003239,2026-06,0.12,0.0825,0.2099,0.3629,0.2741,0.2193
CUST1003240,2026-06,0.4692,0.3824,0.2955,0.4267,0.2825,0.2222
CUST1003241,2026-06,0.7273,0.3947,0.3829,0.4786,0.2604,0.3065
CUST1003242,2026-06,0.6042,0.4158,0.4889,0.3794,0.2989,0.2524
CUST1003243,2026-06,0.488,0.496,0.3065,0.3974,0.4795,0.1294
CUST1003244,2026-06,0.3733,0.351,0.3173,0.4405,0.3339,0.01
CUST1003245,2026-06,0.1092,0.3405,0.1246,0.2769,0.4203,0.1575
CUST1003246,2026-06,0.3981,0.3738,0.4617,0.4955,0.3593,0.0373
CUST1003247,2026-06,0.4273,0.5029,0.3037,0.4687,0.4355,0.2518
CUST1003248,2026-06,0.3411,0.3949,0.1632,0.2427,0.2542,0.146
CUST1003249,2026-06,0.4223,0.4371,0.5482,0.4235,0.3183,0.1522
CUST1003250,2026-06,0.5598,0.01,0.1756,0.2473,0.2624,0.3099
CUST1003251,2026-06,0.0474,0.0742,0.0806999999999999,0.3792,0.5025,0.1137
CUST1003252,2026-06,0.5653,0.442,0.4584,0.433,0.4981,0.2253
CUST1003253,2026-06,0.2999,0.4112,0.3532,0.2586,0.4121,0.1917
CUST1003254,2026-06,0.5772,0.1636,0.5393,0.44,0.312,0.1675
CUST1003255,2026-06,0.152,0.3516,0.1472,0.4881,0.3445,0.1647
CUST1003256,2026-06,0.7153,0.0814,0.4133,0.4219,0.1579,0.1451
CUST1003257,2026-06,0.6791,0.3764,0.4924,0.5706,0.6349,0.2245
CUST1003258,2026-06,0.6103,0.01,0.3722,0.19,0.3177,0.1708
CUST1003259,2026-06,0.5335,0.1137,0.3348,0.2943,0.1549,0.1644
CUST1003260,2026-06,0.5291,0.419,0.4658,0.5342,0.3128,0.2618
CUST1003261,2026-06,0.3206,0.2128,0.2735,0.2057,0.2962,0.1422
CUST1003262,2026-06,0.7035,0.1671,0.3637,0.3404,0.237,0.0794
CUST1003263,2026-06,0.3071,0.01,0.3822,0.1088,0.1686,0.2308
CUST1003264,2026-06,0.1965,0.2289,0.1436,0.2644,0.3323,0.1803
CUST1003265,2026-06,0.3255,0.3029,0.3813,0.6045,0.4714,0.0853
CUST1003266,2026-06,0.7317,0.0632,0.7682,0.2399,0.2919,0.1798
CUST1003267,2026-06,0.5182,0.4759,0.3638,0.5332,0.3366,0.0711
CUST1003268,2026-06,0.4782,0.3867,0.3687,0.4577,0.5827,0.0714
CUST1003269,2026-06,0.3576,0.3557,0.3677,0.4077,0.4751,0.3385
CUST1003270,2026-06,0.4269,0.2957,0.3911,0.2529,0.2758,0.3268
CUST1003271,2026-06,0.3288,0.3797,0.3871,0.3105,0.3712,0.1743
CUST1003272,2026-06,0.2878,0.3829,0.2544,0.2931,0.2503,0.1157
CUST1003273,2026-06,0.3095,0.391,0.1221,0.2658,0.2008,0.3161
CUST1003274,2026-06,0.5495,0.3679,0.4181,0.4823,0.1281,0.6569
CUST1003275,2026-06,0.1713,0.4135,0.6667,0.351,0.2841,0.6122
CUST1003276,2026-06,0.2672,0.01,0.2003,0.2006,0.3611,0.01
CUST1003277,2026-06,0.2927,0.3456,0.6075,0.3148,0.2939,0.2256
CUST1003278,2026-06,0.4565,0.409,0.3128,0.6163,0.4274,0.3009
CUST1003279,2026-06,0.2883,0.3085,0.235,0.4344,0.5245,0.1141
CUST1003280,2026-06,0.2104,0.1759,0.5449,0.2187,0.3492,0.2123
CUST1003281,2026-06,0.4348,0.47,0.4278,0.4376,0.3023,0.0982
CUST1003282,2026-06,0.4045,0.2288,0.3924,0.3637,0.4132,0.1752
CUST1003283,2026-06,0.5656,0.4117,0.4488,0.3879,0.4022,0.0305
CUST1003284,2026-06,0.4622,0.4326,0.7328,0.3896,0.4529,0.1427
CUST1003285,2026-06,0.3694,0.3496,0.4359,0.4799,0.4976,0.0549
CUST1003286,2026-06,0.33,0.2601,0.1661,0.4026,0.356,0.1843
CUST1003287,2026-06,0.2368,0.2733,0.233,0.5036,0.2625,0.2136
CUST1003288,2026-06,0.3245,0.2326,0.54,0.1662,0.3251,0.2925
CUST1003289,2026-06,0.7461,0.3645,0.4818,0.4725,0.1949,0.1795
CUST1003290,2026-06,0.2539,0.3326,0.2408,0.3167,0.3632,0.1768
CUST1003291,2026-06,0.2479,0.01,0.1958,0.038,0.4457,0.1264
CUST1003292,2026-06,0.5151,0.1679,0.1681,0.433,0.2167,0.0209
CUST1003293,2026-06,0.2363,0.3103,0.0251,0.392,0.456,0.2454
CUST1003294,2026-06,0.2755,0.2717,0.4977,0.2376,0.3673,0.4793
CUST1003295,2026-06,0.2569,0.1493,0.1281,0.2629,0.41,0.1223
CUST1003296,2026-06,0.7482,0.222,0.6558,0.5387,0.2803,0.154
CUST1003297,2026-06,0.8327,0.3533,0.3696,0.4732,0.2502,0.0568
CUST1003298,2026-06,0.5319,0.2028,0.1194,0.4415,0.4183,0.3286
CUST1003299,2026-06,0.21,0.01,0.01,0.2584,0.5337,0.0711
CUST1003300,2026-06,0.4797,0.3403,0.5249,0.315,0.2391,0.1714
CUST1003301,2026-06,0.7079,0.43,0.4674,0.1418,0.3063,0.2015
CUST1003302,2026-06,0.4138,0.3019,0.069,0.2149,0.1424,0.2833
CUST1003303,2026-06,0.1163,0.0646,0.1404,0.2554,0.4421,0.3511
CUST1003304,2026-06,0.2716,0.064,0.4209,0.3638,0.4045,0.0292
CUST1003305,2026-06,0.3242,0.5715,0.3593,0.3729,0.5028,0.203
CUST1003306,2026-06,0.2271,0.2815,0.2388,0.1348,0.4603,0.2209
CUST1003307,2026-06,0.2921,0.3585,0.0806,0.2671,0.5463,0.1588
CUST1003308,2026-06,0.3328,0.2223,0.2521,0.2247,0.2898,0.0742
CUST1003309,2026-06,0.2557,0.0146,0.0966,0.2269,0.4892,0.3009
CUST1003310,2026-06,0.2968,0.5113,0.4641,0.5687,0.3897,0.4955
CUST1003311,2026-06,0.3845,0.01,0.1652,0.462,0.1753,0.1308
CUST1003312,2026-06,0.5593,0.2571,0.7152,0.1092,0.3407,0.4152
CUST1003313,2026-06,0.3311,0.1302,0.1675,0.2723,0.4204,0.3245
CUST1003314,2026-06,0.1993,0.2874,0.114,0.1127,0.5969,0.0148
CUST1003315,2026-06,0.7017,0.5987,0.5958,0.4173,0.4515,0.1697
CUST1003316,2026-06,0.2259,0.3911,0.1958,0.0839,0.3612,0.2421
CUST1003317,2026-06,0.4846,0.3669,0.4431,0.0934,0.1139,0.6342
CUST1003318,2026-06,0.7512,0.5825,0.2837,0.3555,0.2379,0.2854
CUST1003319,2026-06,0.4938,0.5776,0.4686,0.4025,0.5168,0.2152
CUST1003320,2026-06,0.3476,0.3391,0.4162,0.2692,0.417,0.2067
CUST1003321,2026-06,0.4581,0.3135,0.4514,0.1019,0.3334,0.2471
CUST1003322,2026-06,0.2968,0.4453,0.4527,0.2465,0.348,0.0629
CUST1003323,2026-06,0.6619,0.5105,0.6757,0.2061,0.2945,0.1385
CUST1003324,2026-06,0.3208,0.1382,0.1255,0.0382,0.4369,0.3082
CUST1003325,2026-06,0.3317,0.4306,0.4033,0.2886,0.367,0.0113
CUST1003326,2026-06,0.3843,0.01,0.171,0.5066,0.0608,0.1235
CUST1003327,2026-06,0.5018,0.5149,0.6549,0.369,0.5134,0.1415
CUST1003328,2026-06,0.4583,0.1962,0.6075,0.2957,0.1651,0.01
CUST1003329,2026-06,0.3642,0.3195,0.3354,0.2702,0.3956,0.3115
CUST1003330,2026-06,0.2773,0.3158,0.1526,0.4262,0.3073,0.1946
CUST1003331,2026-06,0.2785,0.0872,0.2004,0.4312,0.6531,0.2269
CUST1003332,2026-06,0.5078,0.1552,0.4746,0.1365,0.3376,0.1445
CUST1003333,2026-06,0.4072,0.5791,0.5039,0.3063,0.3458,0.1574
CUST1003334,2026-06,0.4845,0.2542,0.4139,0.2118,0.2263,0.307
CUST1003335,2026-06,0.3575,0.4556,0.6136,0.4335,0.1923,0.1095
CUST1003336,2026-06,0.4869,0.318,0.4858,0.363,0.2912,0.0936
CUST1003337,2026-06,0.3695,0.4536,0.3512,0.4851,0.3553,0.0668
CUST1003338,2026-06,0.5146,0.2733,0.3525,0.1109,0.2731,0.1759
CUST1003339,2026-06,0.5009,0.2712,0.3818,0.5762,0.2515,0.2815
CUST1003340,2026-06,0.5882,0.351,0.3726,0.3741,0.3282,0.312
CUST1003341,2026-06,0.65,0.113,0.4246,0.4787,0.3224,0.1079
CUST1003342,2026-06,0.5285,0.2947,0.4906,0.1448,0.326,0.2002
CUST1003343,2026-06,0.638,0.4484,0.4663,0.4197,0.4721,0.2967
CUST1003344,2026-06,0.29,0.317,0.3635,0.4657,0.3496,0.2013
CUST1003345,2026-06,0.2993,0.5734,0.4075,0.2579,0.3929,0.1952
CUST1003346,2026-06,0.6272,0.1812,0.302,0.3213,0.3389,0.0509
CUST1003347,2026-06,0.3014,0.2925,0.3809,0.5708,0.3782,0.2167
CUST1003348,2026-06,0.29,0.083,0.0801,0.1919,0.4912,0.1328
CUST1003349,2026-06,0.3553,0.4971,0.3028,0.4461,0.3184,0.2357
CUST1003350,2026-06,0.225,0.1593,0.142,0.1933,0.2523,0.1599
CUST1003351,2026-06,0.1216,0.4144,0.2288,0.2481,0.4149,0.1864
CUST1003352,2026-06,0.2862,0.1403,0.132,0.1837,0.336,0.1834
CUST1003353,2026-06,0.583,0.4142,0.3391,0.5122,0.3109,0.1193
CUST1003354,2026-06,0.0467,0.2387,0.1646,0.4081,0.4203,0.2703
CUST1003355,2026-06,0.3364,0.4475,0.2617,0.5397,0.4485,0.0666
CUST1003356,2026-06,0.3532,0.0598,0.2165,0.3281,0.1723,0.2671
CUST1003357,2026-06,0.3486,0.2153,0.2403,0.039,0.5769,0.0622
CUST1003358,2026-06,0.5398,0.3521,0.317,0.397,0.4651,0.0714999999999999
CUST1003359,2026-06,0.4993,0.2743,0.3844,0.5155,0.3871,0.1116
CUST1003360,2026-06,0.1867,0.3169,0.2934,0.2021,0.3978,0.219
CUST1003361,2026-06,0.2849,0.3197,0.2355,0.4826,0.3355,0.1501
CUST1003362,2026-06,0.3909,0.5103,0.3946,0.4983,0.4685,0.1325
CUST1003363,2026-06,0.2364,0.252,0.0237,0.1397,0.4138,0.0488
CUST1003364,2026-06,0.4047,0.4222,0.391,0.3834,0.3812,0.266
CUST1003365,2026-06,0.2792,0.1588,0.01,0.3625,0.0698,0.558
CUST1003366,2026-06,0.6038,0.2404,0.5503,0.5321,0.1629,0.1069
CUST1003367,2026-06,0.4719,0.465,0.4776,0.428,0.2825,0.0753999999999999
CUST1003368,2026-06,0.5174,0.1927,0.2145,0.4875,0.4493,0.104
CUST1003369,2026-06,0.4579,0.4669,0.6403,0.4411,0.3352,0.5407
CUST1003370,2026-06,0.4254,0.5676,0.5874,0.2962,0.3608,0.077
CUST1003371,2026-06,0.6658,0.3991,0.4337,0.675,0.2442,0.2885
CUST1003372,2026-06,0.1355,0.4932,0.2059,0.3277,0.2728,0.1324
CUST1003373,2026-06,0.4896,0.01,0.4893,0.3234,0.5991,0.3583
CUST1003374,2026-06,0.2854,0.1619,0.1624,0.3212,0.4662,0.2362
CUST1003375,2026-06,0.4233,0.5019,0.5057,0.4674,0.4219,0.1006
CUST1003376,2026-06,0.6838,0.3042,0.3505,0.474,0.1834,0.2706
CUST1003377,2026-06,0.0821,0.01,0.1105,0.2912,0.5865,0.1
CUST1003378,2026-06,0.5258,0.4155,0.5152,0.2642,0.3511,0.089
CUST1003379,2026-06,0.2247,0.4265,0.2769,0.1127,0.3326,0.2537
CUST1003380,2026-06,0.541,0.2127,0.501,0.2413,0.3143,0.1685
CUST1003381,2026-06,0.4246,0.1776,0.3867,0.2779,0.5574,0.1279
CUST1003382,2026-06,0.4331,0.3507,0.5021,0.4182,0.3135,0.3064
CUST1003383,2026-06,0.5073,0.2958,0.3418,0.4329,0.3333,0.3277
CUST1003384,2026-06,0.1671,0.2985,0.202,0.5651,0.4002,0.0206
CUST1003385,2026-06,0.504,0.3753,0.5142,0.4975,0.3104,0.1826
CUST1003386,2026-06,0.6333,0.2396,0.2719,0.4742,0.1826,0.2759
CUST1003387,2026-06,0.4175,0.01,0.1593,0.3369,0.2524,0.1164
CUST1003388,2026-06,0.6582,0.4692,0.5689,0.4558,0.2856,0.2578
CUST1003389,2026-06,0.6885,0.4363,0.382,0.4484,0.303,0.227
CUST1003390,2026-06,0.6382,0.2836,0.4391,0.3481,0.1553,0.2195
CUST1003391,2026-06,0.3856,0.4892,0.2851,0.5208,0.5593,0.1303
CUST1003392,2026-06,0.5803,0.4184,0.4236,0.4882,0.3025,0.1648
CUST1003393,2026-06,0.1883,0.01,0.1926,0.1825,0.4445,0.6439
CUST1003394,2026-06,0.614,0.5001,0.5828,0.4702,0.4616,0.1366
CUST1003395,2026-06,0.3805,0.0893,0.1454,0.3935,0.5753,0.2112
CUST1003396,2026-06,0.1477,0.2088,0.2762,0.21,0.5036,0.3518
CUST1003397,2026-06,0.382,0.01,0.2118,0.3826,0.3877,0.1658
CUST1003398,2026-06,0.3605,0.3528,0.2413,0.3689,0.6356,0.1288
CUST1003399,2026-06,0.4566,0.4342,0.5828,0.3395,0.5272,0.2702
CUST1003400,2026-06,0.6022,0.2491,0.4196,0.3345,0.3043,0.2066
CUST1003401,2026-06,0.4315,0.2681,0.1441,0.4527,0.3703,0.1744
CUST1003402,2026-06,0.4079,0.1724,0.2842,0.0622,0.4153,0.2792
CUST1003403,2026-06,0.1269,0.0607,0.1249,0.1142,0.1674,0.2587
CUST1003404,2026-06,0.5534,0.3205,0.2733,0.1778,0.2575,0.2384
CUST1003405,2026-06,0.6077,0.1149,0.4716,0.1912,0.3134,0.2679
CUST1003406,2026-06,0.7685,0.0629,0.4168,0.4895,0.2938,0.2939
CUST1003407,2026-06,0.1367,0.2238,0.0784,0.416,0.6712,0.1695
CUST1003408,2026-06,0.5165,0.1875,0.4542,0.3121,0.3878,0.2475
CUST1003409,2026-06,0.3089,0.01,0.01,0.3942,0.282,0.6524
CUST1003410,2026-06,0.4144,0.3629,0.4698,0.5476,0.3795,0.1078
CUST1003411,2026-06,0.5009,0.0462,0.061,0.1785,0.2953,0.1279
CUST1003412,2026-06,0.4655,0.1402,0.2585,0.1845,0.1534,0.2076
CUST1003413,2026-06,0.458,0.5532,0.3654,0.3834,0.4071,0.1024
CUST1003414,2026-06,0.6067,0.3046,0.5202,0.3657,0.223,0.1376
CUST1003415,2026-06,0.6583,0.4617,0.3156,0.4142,0.4507,0.2362
CUST1003416,2026-06,0.783,0.3938,0.5309,0.3719,0.2626,0.1398
CUST1003417,2026-06,0.3376,0.2821,0.2191,0.2902,0.4416,0.1717
CUST1003418,2026-06,0.3839,0.2822,0.245,0.3004,0.2316,0.1898
CUST1003419,2026-06,0.3428,0.5674,0.4841,0.2286,0.207,0.2249
CUST1003420,2026-06,0.5965,0.1975,0.2525,0.2769,0.1346,0.0246
CUST1003421,2026-06,0.3014,0.2984,0.2463,0.3811,0.2706,0.6093
CUST1003422,2026-06,0.2193,0.3025,0.0421,0.223,0.4526,0.5417
CUST1003423,2026-06,0.4823,0.5156,0.7296,0.336,0.4492,0.1048
CUST1003424,2026-06,0.3842,0.3326,0.5155,0.4491,0.3373,0.3377
CUST1003425,2026-06,0.8287,0.4137,0.457,0.5551,0.3052,0.2848
CUST1003426,2026-06,0.0547,0.01,0.3666,0.2699,0.2599,0.2571
CUST1003427,2026-06,0.4433,0.4616,0.334,0.2719,0.3355,0.2071
CUST1003428,2026-06,0.4935,0.3232,0.445,0.2935,0.3218,0.2453
CUST1003429,2026-06,0.5712,0.218,0.1544,0.4797,0.2345,0.566
CUST1003430,2026-06,0.5208,0.4465,0.4273,0.2265,0.4943,0.1874
CUST1003431,2026-06,0.1031,0.2574,0.1581,0.3962,0.3634,0.1892
CUST1003432,2026-06,0.3371,0.1956,0.667,0.3967,0.3769,0.0488
CUST1003433,2026-06,0.6437,0.496,0.5167,0.3547,0.2612,0.2087
CUST1003434,2026-06,0.2871,0.3554,0.1987,0.1972,0.4257,0.0559
CUST1003435,2026-06,0.454,0.4661,0.3851,0.4646,0.4744,0.065
CUST1003436,2026-06,0.6774,0.4191,0.2638,0.5551,0.3941,0.2379
CUST1003437,2026-06,0.5255,0.2204,0.4046,0.3653,0.6952,0.2228
CUST1003438,2026-06,0.5572,0.4446,0.464,0.2822,0.3478,0.2739
CUST1003439,2026-06,0.5199,0.5336,0.3496,0.2329,0.2802,0.1479
CUST1003440,2026-06,0.3574,0.5431,0.4165,0.2995,0.2539,0.2166
CUST1003441,2026-06,0.1908,0.01,0.1652,0.2735,0.3577,0.2773
CUST1003442,2026-06,0.209,0.2561,0.3186,0.1958,0.5827,0.2195
CUST1003443,2026-06,0.3648,0.3603,0.5076,0.2429,0.1936,0.0322
CUST1003444,2026-06,0.3898,0.2181,0.3545,0.2143,0.6492,0.1261
CUST1003445,2026-06,0.0692,0.01,0.1102,0.0847,0.2497,0.0782
CUST1003446,2026-06,0.4929,0.4359,0.3034,0.4068,0.2102,0.1186
CUST1003447,2026-06,0.1449,0.3069,0.0975,0.1431,0.3231,0.1851
CUST1003448,2026-06,0.3468,0.4828,0.3557,0.3044,0.3825,0.337
CUST1003449,2026-06,0.7005,0.2237,0.3723,0.5343,0.1641,0.2506
CUST1003450,2026-06,0.6043,0.0693,0.4463,0.273,0.178,0.1859
CUST1003451,2026-06,0.6149,0.4328,0.4346,0.5038,0.2585,0.1662
CUST1003452,2026-06,0.3666,0.3287,0.2966,0.4764,0.2994,0.2276
CUST1003453,2026-06,0.1806,0.2416,0.107,0.1741,0.2472,0.1538
CUST1003454,2026-06,0.4634,0.1324,0.1732,0.2286,0.1242,0.1966
CUST1003455,2026-06,0.4543,0.4793,0.2961,0.5061,0.5375,0.1916
CUST1003456,2026-06,0.6469,0.1966,0.4507,0.4774,0.2914,0.2858
CUST1003457,2026-06,0.4281,0.4259,0.5017,0.3149,0.3152,0.0881
CUST1003458,2026-06,0.6499,0.3428,0.3279,0.4964,0.3566,0.01
CUST1003459,2026-06,0.2073,0.01,0.1248,0.3076,0.4743,0.3171
CUST1003460,2026-06,0.3063,0.5238,0.4578,0.4579,0.2131,0.1227
CUST1003461,2026-06,0.206,0.1414,0.2071,0.2179,0.5779,0.1201
CUST1003462,2026-06,0.3986,0.5771,0.3549,0.3931,0.4946,0.1747
CUST1003463,2026-06,0.3455,0.3025,0.4536,0.3838,0.2981,0.1337
CUST1003464,2026-06,0.7394,0.1314,0.3571,0.3096,0.4503,0.2522
CUST1003465,2026-06,0.7184,0.1384,0.4306,0.3533,0.3799,0.1735
CUST1003466,2026-06,0.4819,0.2634,0.3668,0.2088,0.3014,0.0156
CUST1003467,2026-06,0.3524,0.4577,0.3828,0.4255,0.2486,0.2092
CUST1003468,2026-06,0.4605,0.2098,0.1451,0.3618,0.4149,0.1881
CUST1003469,2026-06,0.1868,0.2792,0.095,0.222,0.6,0.3721
CUST1003470,2026-06,0.4346,0.4516,0.4365,0.2465,0.4382,0.1318
CUST1003471,2026-06,0.6571,0.4872,0.6029,0.4425,0.2486,0.4717
CUST1003472,2026-06,0.6691,0.3582,0.3897,0.3265,0.3127,0.1897
CUST1003473,2026-06,0.6546,0.01,0.4972,0.2483,0.3577,0.2192
CUST1003474,2026-06,0.7094,0.3913,0.2128,0.5944,0.2561,0.0658
CUST1003475,2026-06,0.6662,0.4697,0.5862,0.2671,0.427,0.7653
CUST1003476,2026-06,0.3091,0.01,0.1992,0.1433,0.298,0.2756
CUST1003477,2026-06,0.6885,0.1951,0.2128,0.363,0.3326,0.1945
CUST1003478,2026-06,0.495,0.4258,0.3688,0.4902,0.2557,0.1937
CUST1003479,2026-06,0.2606,0.31,0.306,0.3615,0.2463,0.4726
CUST1003480,2026-06,0.1584,0.01,0.0998,0.0748,0.5765,0.233
CUST1003481,2026-06,0.4727,0.4339,0.2803,0.2377,0.4362,0.1353
CUST1003482,2026-06,0.7525,0.4388,0.3161,0.428,0.3752,0.1215
CUST1003483,2026-06,0.4305,0.2409,0.3236,0.5555,0.2883,0.1298
CUST1003484,2026-06,0.0828,0.3867,0.1406,0.24,0.3314,0.0971999999999999
CUST1003485,2026-06,0.6335,0.3838,0.5261,0.5491,0.6004,0.2359
CUST1003486,2026-06,0.4266,0.4035,0.4226,0.4512,0.4628,0.1913
CUST1003487,2026-06,0.4657,0.2735,0.7479,0.2336,0.2852,0.223
CUST1003488,2026-06,0.2253,0.5444,0.3712,0.4043,0.1637,0.279
CUST1003489,2026-06,0.1591,0.0708,0.483,0.1125,0.3599,0.1516
CUST1003490,2026-06,0.8828,0.5673,0.2832,0.4811,0.3752,0.1864
CUST1003491,2026-06,0.5797,0.1029,0.2665,0.1293,0.1262,0.2513
CUST1003492,2026-06,0.5631,0.441,0.3506,0.4561,0.2748,0.2058
CUST1003493,2026-06,0.5123,0.2007,0.3201,0.2529,0.4086,0.2282
CUST1003494,2026-06,0.5531,0.4954,0.3024,0.3258,0.4004,0.1617
CUST1003495,2026-06,0.3643,0.0427,0.1709,0.4758,0.4797,0.1849
CUST1003496,2026-06,0.4588,0.408,0.5988,0.2794,0.328,0.01
CUST1003497,2026-06,0.1944,0.2108,0.1447,0.2132,0.3794,0.2529
CUST1003498,2026-06,0.5148,0.0985999999999999,0.5268,0.3894,0.4088,0.1671
CUST1003499,2026-06,0.3964,0.1266,0.2601,0.2548,0.2987,0.0884
CUST1003500,2026-06,0.2078,0.01,0.1199,0.1836,0.4936,0.1568
CUST1003501,2026-06,0.7546,0.2845,0.4059,0.367,0.2199,0.1473
CUST1003502,2026-06,0.4538,0.3266,0.4743,0.3014,0.1636,0.2002
CUST1003503,2026-06,0.7106,0.2193,0.5601,0.5894,0.1862,0.3876
CUST1003504,2026-06,0.1508,0.2745,0.1182,0.2699,0.3527,0.0704
CUST1003505,2026-06,0.3724,0.321,0.58,0.2467,0.361,0.2943
CUST1003506,2026-06,0.4124,0.3663,0.4636,0.5581,0.479,0.2954
CUST1003507,2026-06,0.4872,0.5642,0.4293,0.2618,0.5228,0.1644
CUST1003508,2026-06,0.4695,0.2694,0.4692,0.3612,0.7267,0.2513
CUST1003509,2026-06,0.4063,0.1073,0.2481,0.2133,0.2834,0.3105
CUST1003510,2026-06,0.4248,0.01,0.01,0.2829,0.1499,0.5629
CUST1003511,2026-06,0.2226,0.2387,0.1377,0.3796,0.5739,0.2183
CUST1003512,2026-06,0.7657,0.3291,0.3672,0.3044,0.2543,0.1959
CUST1003513,2026-06,0.5766,0.1948,0.4318,0.0407,0.5138,0.0369
CUST1003514,2026-06,0.5356,0.0507,0.2212,0.3155,0.2803,0.153
CUST1003515,2026-06,0.2448,0.4653,0.3486,0.2474,0.3184,0.1671
CUST1003516,2026-06,0.1133,0.3392,0.3048,0.2449,0.2542,0.151
CUST1003517,2026-06,0.4918,0.3956,0.4235,0.3232,0.2972,0.3402
CUST1003518,2026-06,0.1411,0.01,0.2437,0.1466,0.4088,0.1549
CUST1003519,2026-06,0.2904,0.1238,0.1331,0.2222,0.358,0.0958
CUST1003520,2026-06,0.4665,0.3387,0.6075,0.3276,0.3897,0.1948
CUST1003521,2026-06,0.1542,0.1819,0.2181,0.1661,0.2243,0.2081
CUST1003522,2026-06,0.2076,0.4225,0.3894,0.3916,0.3673,0.1358
CUST1003523,2026-06,0.4809,0.052,0.1079,0.6015,0.3122,0.174
CUST1003524,2026-06,0.2741,0.4378,0.5357,0.2468,0.3326,0.2698
CUST1003525,2026-06,0.5148,0.4485,0.5897,0.1842,0.4377,0.1937
CUST1003526,2026-06,0.2594,0.433,0.3534,0.3808,0.2547,0.1296
CUST1003527,2026-06,0.6345,0.1563,0.4951,0.322,0.2919,0.0408
CUST1003528,2026-06,0.4656,0.3406,0.1763,0.501,0.3488,0.1718
CUST1003529,2026-06,0.4888,0.2729,0.4018,0.3064,0.4378,0.6288
CUST1003530,2026-06,0.6568,0.2489,0.5617,0.4246,0.294,0.1479
CUST1003531,2026-06,0.6083,0.4743,0.5974,0.4046,0.3159,0.04
CUST1003532,2026-06,0.449,0.3497,0.6305,0.416,0.3652,0.146
CUST1003533,2026-06,0.6734,0.3867,0.2984,0.2709,0.3573,0.246
CUST1003534,2026-06,0.3855,0.2198,0.5208,0.1946,0.728,0.1313
CUST1003535,2026-06,0.3578,0.3673,0.4115,0.2045,0.3084,0.2422
CUST1003536,2026-06,0.7719,0.3365,0.6754,0.3588,0.2033,0.0241
CUST1003537,2026-06,0.6089,0.3021,0.5591,0.4771,0.1708,0.1871
CUST1003538,2026-06,0.7574,0.2547,0.2721,0.5486,0.1905,0.1353
CUST1003539,2026-06,0.2163,0.2036,0.0935,0.1814,0.4661,0.1958
CUST1003540,2026-06,0.3189,0.4526,0.2838,0.1717,0.2783,0.1327
CUST1003541,2026-06,0.5131,0.401,0.3481,0.4159,0.2916,0.1922
CUST1003542,2026-06,0.0806999999999999,0.1824,0.1902,0.3315,0.2627,0.2448
CUST1003543,2026-06,0.2816,0.2394,0.2916,0.2571,0.1881,0.057
CUST1003544,2026-06,0.4223,0.4626,0.5364,0.3353,0.3565,0.074
CUST1003545,2026-06,0.5047,0.4881,0.3412,0.3667,0.3921,0.2672
CUST1003546,2026-06,0.4824,0.281,0.3191,0.5614,0.3738,0.1518
CUST1003547,2026-06,0.4552,0.549,0.4224,0.3069,0.2225,0.1632
CUST1003548,2026-06,0.3626,0.1178,0.3203,0.2559,0.3929,0.01
CUST1003549,2026-06,0.4192,0.4947,0.4597,0.4378,0.4178,0.2514
CUST1003550,2026-06,0.4148,0.2561,0.3134,0.2926,0.2671,0.2593
CUST1003551,2026-06,0.3784,0.3275,0.4416,0.2768,0.2864,0.1358
CUST1003552,2026-06,0.3548,0.2837,0.1621,0.5126,0.7295,0.2173
CUST1003553,2026-06,0.4063,0.2438,0.4625,0.4126,0.5677,0.048
CUST1003554,2026-06,0.3534,0.4036,0.5238,0.2166,0.3717,0.1744
CUST1003555,2026-06,0.6055,0.2794,0.2345,0.471,0.1952,0.1301
CUST1003556,2026-06,0.4823,0.508,0.4497,0.424,0.3889,0.1853
CUST1003557,2026-06,0.2694,0.2584,0.2802,0.1869,0.377,0.2193
CUST1003558,2026-06,0.2847,0.345,0.2471,0.2454,0.3743,0.1169
CUST1003559,2026-06,0.4382,0.3935,0.3427,0.2753,0.2775,0.1776
CUST1003560,2026-06,0.3412,0.3326,0.1785,0.5202,0.5492,0.2939
CUST1003561,2026-06,0.4626,0.3698,0.4084,0.3546,0.4532,0.2421
CUST1003562,2026-06,0.0772999999999999,0.3663,0.1524,0.4389,0.2243,0.1124
CUST1003563,2026-06,0.3553,0.1695,0.1433,0.4561,0.2022,0.1031
CUST1003564,2026-06,0.6022,0.3383,0.5267,0.4896,0.4945,0.3196
CUST1003565,2026-06,0.5277,0.2863,0.4294,0.4873,0.3143,0.2586
CUST1003566,2026-06,0.3941,0.2948,0.4084,0.2259,0.4032,0.0441
CUST1003567,2026-06,0.5289,0.352,0.4576,0.3679,0.379,0.0185
CUST1003568,2026-06,0.6536,0.1158,0.3497,0.3682,0.2367,0.1948
CUST1003569,2026-06,0.1148,0.2507,0.0547,0.3539,0.1832,0.2387
CUST1003570,2026-06,0.1806,0.2135,0.1747,0.2738,0.472,0.1793
CUST1003571,2026-06,0.1666,0.4226,0.3662,0.3592,0.3356,0.5451
CUST1003572,2026-06,0.8605,0.4649,0.4248,0.4112,0.4447,0.2387
CUST1003573,2026-06,0.4809,0.4087,0.5494,0.3067,0.4155,0.0404
CUST1003574,2026-06,0.3231,0.4588,0.2265,0.4257,0.3459,0.2061
CUST1003575,2026-06,0.5524,0.4283,0.411,0.363,0.3189,0.0134
CUST1003576,2026-06,0.4437,0.4878,0.3996,0.2874,0.3964,0.4221
CUST1003577,2026-06,0.2214,0.01,0.0824,0.1125,0.2124,0.1634
CUST1003578,2026-06,0.7089,0.1295,0.4198,0.1415,0.1218,0.3224
CUST1003579,2026-06,0.1559,0.2445,0.1842,0.3272,0.3003,0.0645
CUST1003580,2026-06,0.1994,0.1642,0.321,0.2461,0.2607,0.2941
CUST1003581,2026-06,0.2961,0.1729,0.249,0.3576,0.3179,0.1169
CUST1003582,2026-06,0.1981,0.2776,0.0985999999999999,0.2755,0.3793,0.0208
CUST1003583,2026-06,0.3035,0.4778,0.4504,0.2913,0.3426,0.2163
CUST1003584,2026-06,0.4465,0.3066,0.5165,0.4512,0.2559,0.1949
CUST1003585,2026-06,0.616,0.3731,0.303,0.4206,0.3463,0.2184
CUST1003586,2026-06,0.1296,0.1811,0.0554,0.2542,0.212,0.5434
CUST1003587,2026-06,0.5651,0.4102,0.2417,0.2024,0.4734,0.2243
CUST1003588,2026-06,0.2064,0.01,0.2612,0.1723,0.4048,0.2322
CUST1003589,2026-06,0.3496,0.01,0.1415,0.2252,0.129,0.6009
CUST1003590,2026-06,0.6911,0.2131,0.5933,0.3133,0.2042,0.0853
CUST1003591,2026-06,0.598,0.3715,0.3473,0.151,0.335,0.175
CUST1003592,2026-06,0.217,0.1138,0.4165,0.2259,0.2993,0.08
CUST1003593,2026-06,0.3343,0.1572,0.2747,0.1995,0.141,0.5851
CUST1003594,2026-06,0.1972,0.01,0.1795,0.1314,0.5467,0.1676
CUST1003595,2026-06,0.3921,0.4447,0.4189,0.025,0.3425,0.3301
CUST1003596,2026-06,0.4876,0.01,0.1575,0.4748,0.195,0.1136
CUST1003597,2026-06,0.6093,0.4033,0.2728,0.4679,0.4061,0.1623
CUST1003598,2026-06,0.6261,0.5351,0.4267,0.4175,0.3674,0.3915
CUST1003599,2026-06,0.6126,0.396,0.3313,0.6159,0.4101,0.0816999999999999
CUST1003600,2026-06,0.5393,0.194,0.5772,0.324,0.6583,0.2478
CUST1003601,2026-06,0.1797,0.2954,0.01,0.5222,0.2328,0.5266
CUST1003602,2026-06,0.3311,0.01,0.01,0.4388,0.301,0.2529
CUST1003603,2026-06,0.3017,0.1054,0.134,0.3859,0.4909,0.2099
CUST1003604,2026-06,0.4371,0.3431,0.5309,0.4789,0.4392,0.2606
CUST1003605,2026-06,0.255,0.2518,0.1751,0.3346,0.4802,0.0961999999999999
CUST1003606,2026-06,0.5106,0.1282,0.4321,0.3915,0.289,0.0725
CUST1003607,2026-06,0.2666,0.3899,0.597,0.2946,0.3451,0.185
CUST1003608,2026-06,0.3748,0.0548,0.1384,0.1737,0.2253,0.229
CUST1003609,2026-06,0.4617,0.5094,0.3437,0.3789,0.4701,0.2134
CUST1003610,2026-06,0.1702,0.1123,0.1449,0.5693,0.2419,0.6118
CUST1003611,2026-06,0.3798,0.3085,0.2764,0.5393,0.5775,0.1776
CUST1003612,2026-06,0.4178,0.6163,0.6876,0.1724,0.3166,0.12
CUST1003613,2026-06,0.5109,0.2224,0.3149,0.2178,0.1881,0.0766
CUST1003614,2026-06,0.2836,0.1938,0.2682,0.1935,0.4067,0.1091
CUST1003615,2026-06,0.0445,0.1302,0.0568,0.2201,0.361,0.2466
CUST1003616,2026-06,0.4605,0.4713,0.411,0.6156,0.3385,0.2779
CUST1003617,2026-06,0.6025,0.1065,0.5385,0.103,0.324,0.2535
CUST1003618,2026-06,0.3773,0.4718,0.6172,0.3531,0.282,0.2703
CUST1003619,2026-06,0.534,0.4618,0.3114,0.6393,0.5436,0.2325
CUST1003620,2026-06,0.4592,0.4636,0.4938,0.2531,0.4634,0.1104
CUST1003621,2026-06,0.1512,0.3795,0.2006,0.2263,0.2426,0.2138
CUST1003622,2026-06,0.4182,0.4182,0.5276,0.3511,0.4597,0.1149
CUST1003623,2026-06,0.4503,0.3081,0.5639,0.404,0.3706,0.2827
CUST1003624,2026-06,0.4641,0.5447,0.6234,0.3,0.1743,0.1459
CUST1003625,2026-06,0.4184,0.0718,0.1353,0.5969,0.3086,0.1745
CUST1003626,2026-06,0.5116,0.3672,0.4388,0.3945,0.2776,0.2472
CUST1003627,2026-06,0.5772,0.199,0.4046,0.3678,0.2803,0.1898
CUST1003628,2026-06,0.3395,0.1938,0.1812,0.3912,0.2872,0.3138
CUST1003629,2026-06,0.3246,0.3846,0.4877,0.1868,0.3835,0.2012
CUST1003630,2026-06,0.2111,0.4999,0.6296,0.3035,0.1913,0.0427
CUST1003631,2026-06,0.3959,0.5015,0.5202,0.3447,0.2715,0.1557
CUST1003632,2026-06,0.2061,0.1568,0.2363,0.1383,0.3585,0.262
CUST1003633,2026-06,0.3367,0.0927999999999999,0.1906,0.2209,0.2139,0.3055
CUST1003634,2026-06,0.1785,0.2058,0.1045,0.2004,0.3725,0.1176
CUST1003635,2026-06,0.726,0.4411,0.5238,0.5172,0.2791,0.1929
CUST1003636,2026-06,0.4252,0.4266,0.3023,0.2737,0.5828,0.1043
CUST1003637,2026-06,0.4147,0.3111,0.2439,0.1917,0.3124,0.0675999999999999
CUST1003638,2026-06,0.393,0.3919,0.3699,0.1882,0.3003,0.0786
CUST1003639,2026-06,0.1515,0.2629,0.2159,0.0874,0.4633,0.188
CUST1003640,2026-06,0.7166,0.3634,0.488,0.3769,0.2368,0.2465
CUST1003641,2026-06,0.2417,0.5497,0.4806,0.3733,0.4259,0.2528
CUST1003642,2026-06,0.2128,0.3345,0.0694,0.3505,0.2272,0.1775
CUST1003643,2026-06,0.4173,0.1772,0.4249,0.3841,0.5616,0.2039
CUST1003644,2026-06,0.2644,0.301,0.211,0.4961,0.2763,0.2377
CUST1003645,2026-06,0.0433,0.0840999999999999,0.1582,0.2028,0.1672,0.2361
CUST1003646,2026-06,0.1734,0.01,0.1536,0.2374,0.4052,0.3705
CUST1003647,2026-06,0.7898,0.4257,0.4499,0.3752,0.2294,0.0828
CUST1003648,2026-06,0.5297,0.4246,0.4196,0.4023,0.3418,0.1237
CUST1003649,2026-06,0.6203,0.567,0.3668,0.1998,0.3096,0.2362
CUST1003650,2026-06,0.6146,0.3211,0.466,0.4478,0.3199,0.1963
CUST1003651,2026-06,0.7231,0.472,0.3445,0.432,0.2131,0.1475
CUST1003652,2026-06,0.5235,0.1169,0.3897,0.2041,0.359,0.2452
CUST1003653,2026-06,0.4348,0.4554,0.3505,0.3297,0.3751,0.136
CUST1003654,2026-06,0.3096,0.2786,0.3899,0.4217,0.4315,0.2087
CUST1003655,2026-06,0.1125,0.1716,0.2814,0.2451,0.5102,0.3783
CUST1003656,2026-06,0.2978,0.24,0.1173,0.3547,0.226,0.1597
CUST1003657,2026-06,0.2886,0.3749,0.1199,0.1616,0.3582,0.2664
CUST1003658,2026-06,0.4635,0.3344,0.3984,0.6106,0.5072,0.1259
CUST1003659,2026-06,0.0811,0.3091,0.4139,0.2201,0.1316,0.1325
CUST1003660,2026-06,0.721,0.2241,0.4004,0.3742,0.2852,0.2074
CUST1003661,2026-06,0.5276,0.075,0.1294,0.1832,0.3288,0.0608
CUST1003662,2026-06,0.4641,0.1996,0.22,0.4696,0.2348,0.0964
CUST1003663,2026-06,0.7355,0.1078,0.3999,0.1174,0.384,0.1922
CUST1003664,2026-06,0.4324,0.4831,0.3104,0.1902,0.3885,0.2738
CUST1003665,2026-06,0.2325,0.2212,0.01,0.2487,0.4402,0.1494
CUST1003666,2026-06,0.5359,0.5178,0.7855,0.3009,0.4167,0.1367
CUST1003667,2026-06,0.2653,0.01,0.0456,0.2162,0.2708,0.1892
CUST1003668,2026-06,0.1574,0.1684,0.1039,0.2729,0.3242,0.1821
CUST1003669,2026-06,0.3339,0.01,0.1316,0.408,0.3703,0.1608
CUST1003670,2026-06,0.4332,0.404,0.5043,0.3218,0.4254,0.1206
CUST1003671,2026-06,0.2327,0.2673,0.1429,0.1499,0.51,0.13
CUST1003672,2026-06,0.4255,0.4682,0.3329,0.2856,0.3178,0.1828
CUST1003673,2026-06,0.5965,0.4682,0.2767,0.486,0.1894,0.2033
CUST1003674,2026-06,0.7187,0.4818,0.3263,0.307,0.2467,0.0673
CUST1003675,2026-06,0.789,0.2138,0.3544,0.5842,0.1838,0.0343
CUST1003676,2026-06,0.5522,0.308,0.4548,0.4175,0.3872,0.2755
CUST1003677,2026-06,0.639,0.3295,0.4599,0.4238,0.1601,0.3251
CUST1003678,2026-06,0.8452,0.1192,0.2878,0.5412,0.115,0.1269
CUST1003679,2026-06,0.1902,0.01,0.1189,0.1514,0.468,0.3289
CUST1003680,2026-06,0.4703,0.01,0.1835,0.2067,0.2669,0.022
CUST1003681,2026-06,0.2489,0.4626,0.3804,0.3066,0.3541,0.0452
CUST1003682,2026-06,0.2433,0.1634,0.3723,0.4999,0.3529,0.3192
CUST1003683,2026-06,0.2068,0.1941,0.1627,0.3109,0.3278,0.0573
CUST1003684,2026-06,0.163,0.1279,0.2396,0.22,0.4268,0.1346
CUST1003685,2026-06,0.6104,0.1945,0.3424,0.2763,0.2516,0.1586
CUST1003686,2026-06,0.4665,0.2184,0.5079,0.2839,0.2754,0.1737
CUST1003687,2026-06,0.3967,0.0498,0.1398,0.1947,0.1651,0.1083
CUST1003688,2026-06,0.3324,0.1291,0.4084,0.3912,0.372,0.2171
CUST1003689,2026-06,0.4766,0.3468,0.2044,0.2157,0.5823,0.2625
CUST1003690,2026-06,0.5034,0.432,0.6178,0.2192,0.3085,0.309
CUST1003691,2026-06,0.6663,0.4144,0.3403,0.3443,0.3885,0.1589
CUST1003692,2026-06,0.2532,0.3199,0.0497,0.1839,0.3195,0.1631
CUST1003693,2026-06,0.5117,0.1231,0.2689,0.5753,0.2846,0.2463
CUST1003694,2026-06,0.2086,0.211,0.0308,0.1539,0.4246,0.0714
CUST1003695,2026-06,0.4125,0.0507,0.1432,0.4806,0.3385,0.2229
CUST1003696,2026-06,0.5113,0.4411,0.2418,0.166,0.4218,0.0961
CUST1003697,2026-06,0.323,0.4153,0.5596,0.3811,0.4908,0.1869
CUST1003698,2026-06,0.0701,0.4732,0.1339,0.2909,0.6446,0.1142
CUST1003699,2026-06,0.7589,0.515,0.4674,0.5237,0.3294,0.13
CUST1003700,2026-06,0.5778,0.2749,0.4683,0.4556,0.3256,0.2918
CUST1003701,2026-06,0.6717,0.1762,0.3638,0.1678,0.1273,0.6853
CUST1003702,2026-06,0.4822,0.4942,0.63,0.1981,0.3212,0.1259
CUST1003703,2026-06,0.658,0.2497,0.6365,0.2154,0.2726,0.2746
CUST1003704,2026-06,0.5242,0.3562,0.3224,0.4519,0.2567,0.1532
CUST1003705,2026-06,0.4557,0.0466,0.279,0.2968,0.605,0.3478
CUST1003706,2026-06,0.3984,0.2918,0.6232,0.3599,0.3158,0.3222
CUST1003707,2026-06,0.01,0.2555,0.133,0.1526,0.4703,0.0617
CUST1003708,2026-06,0.5052,0.3592,0.5186,0.4101,0.3145,0.217
CUST1003709,2026-06,0.6696,0.5093,0.3213,0.3766,0.2929,0.1279
CUST1003710,2026-06,0.4455,0.2801,0.672,0.2907,0.3039,0.2488
CUST1003711,2026-06,0.2011,0.4297,0.4891,0.3043,0.3676,0.6256
CUST1003712,2026-06,0.2386,0.1976,0.1914,0.0436,0.276,0.1809
CUST1003713,2026-06,0.1205,0.0409,0.0566,0.2794,0.3378,0.1466
CUST1003714,2026-06,0.4009,0.3921,0.4751,0.2405,0.2061,0.5158
CUST1003715,2026-06,0.58,0.3868,0.4827,0.429,0.2892,0.0381
CUST1003716,2026-06,0.8925,0.2605,0.5422,0.345,0.3101,0.1514
CUST1003717,2026-06,0.6494,0.5224,0.6533,0.3621,0.3417,0.1154
CUST1003718,2026-06,0.6676,0.1534,0.2861,0.2811,0.2461,0.148
CUST1003719,2026-06,0.4179,0.1773,0.2365,0.1935,0.2852,0.2047
CUST1003720,2026-06,0.3686,0.3784,0.3901,0.4533,0.3944,0.076
CUST1003721,2026-06,0.4128,0.4207,0.4297,0.2943,0.2778,0.1911
CUST1003722,2026-06,0.4094,0.3459,0.5079,0.2271,0.3809,0.1272
CUST1003723,2026-06,0.447,0.2491,0.0932999999999999,0.5036,0.4851,0.2423
CUST1003724,2026-06,0.469,0.5387,0.5076,0.3523,0.434,0.1323
CUST1003725,2026-06,0.2486,0.2091,0.1296,0.2073,0.319,0.1031
CUST1003726,2026-06,0.2455,0.2659,0.1905,0.3596,0.4767,0.1769
CUST1003727,2026-06,0.1684,0.1663,0.0838,0.2769,0.3312,0.2505
CUST1003728,2026-06,0.5692,0.1596,0.378,0.1972,0.2452,0.2647
CUST1003729,2026-06,0.2454,0.389,0.5673,0.1702,0.4534,0.2597
CUST1003730,2026-06,0.6606,0.2863,0.5089,0.4511,0.2164,0.2278
CUST1003731,2026-06,0.4903,0.3383,0.5415,0.5154,0.1723,0.4801
CUST1003732,2026-06,0.7653,0.226,0.3185,0.4626,0.1785,0.01
CUST1003733,2026-06,0.4054,0.01,0.063,0.0546,0.5675,0.1553
CUST1003734,2026-06,0.2764,0.3697,0.4378,0.4201,0.2531,0.1824
CUST1003735,2026-06,0.6342,0.3907,0.5511,0.5496,0.2077,0.6129
CUST1003736,2026-06,0.4186,0.4576,0.3696,0.2811,0.4451,0.1899
CUST1003737,2026-06,0.4535,0.2269,0.5271,0.1942,0.2977,0.2262
CUST1003738,2026-06,0.5799,0.3552,0.2667,0.4091,0.3644,0.3109
CUST1003739,2026-06,0.6882,0.1861,0.3927,0.4827,0.3601,0.0690999999999999
CUST1003740,2026-06,0.3994,0.0696,0.4875,0.1409,0.4097,0.1976
CUST1003741,2026-06,0.388,0.287,0.4541,0.3047,0.4133,0.2723
CUST1003742,2026-06,0.4931,0.3019,0.5148,0.4576,0.3707,0.2845
CUST1003743,2026-06,0.6046,0.2587,0.2834,0.255,0.2826,0.2539
CUST1003744,2026-06,0.4025,0.4779,0.5873,0.139,0.282,0.1329
CUST1003745,2026-06,0.5391,0.5018,0.5556,0.4182,0.2702,0.0254
CUST1003746,2026-06,0.3071,0.01,0.0228,0.1029,0.3574,0.6237
CUST1003747,2026-06,0.4827,0.4364,0.6998,0.4659,0.2849,0.1472
CUST1003748,2026-06,0.4736,0.2052,0.3348,0.187,0.2291,0.1129
CUST1003749,2026-06,0.3551,0.4683,0.4841,0.4006,0.153,0.163
CUST1003750,2026-06,0.3976,0.2659,0.1626,0.405,0.3218,0.0787
CUST1003751,2026-06,0.01,0.299,0.1912,0.2127,0.2719,0.1726
CUST1003752,2026-06,0.3624,0.2954,0.3388,0.2905,0.378,0.1626
CUST1003753,2026-06,0.4496,0.2844,0.3304,0.555,0.3193,0.2143
CUST1003754,2026-06,0.2431,0.1228,0.0474,0.4935,0.5239,0.1063
CUST1003755,2026-06,0.2211,0.2966,0.1876,0.3997,0.4448,0.2111
CUST1003756,2026-06,0.3456,0.4066,0.5136,0.1521,0.3944,0.1782
CUST1003757,2026-06,0.5687,0.2762,0.4088,0.4649,0.3337,0.2517
CUST1003758,2026-06,0.6301,0.5779,0.4837,0.3732,0.2061,0.2322
CUST1003759,2026-06,0.3094,0.4371,0.3975,0.2533,0.2468,0.2202
CUST1003760,2026-06,0.2241,0.12,0.117,0.3601,0.3479,0.1865
CUST1003761,2026-06,0.6929,0.3039,0.5028,0.0515,0.2668,0.2559
CUST1003762,2026-06,0.593,0.3051,0.431,0.6156,0.3123,0.3021
CUST1003763,2026-06,0.3008,0.2926,0.1867,0.5027,0.3362,0.01
CUST1003764,2026-06,0.6791,0.2419,0.4805,0.163,0.2514,0.1726
CUST1003765,2026-06,0.3527,0.4037,0.4952,0.3541,0.3116,0.0455
CUST1003766,2026-06,0.3486,0.454,0.5418,0.2323,0.317,0.3185
CUST1003767,2026-06,0.2957,0.5389,0.2657,0.3652,0.2206,0.6079
CUST1003768,2026-06,0.6091,0.4747,0.4322,0.5593,0.2559,0.1594
CUST1003769,2026-06,0.345,0.3917,0.19,0.2515,0.2817,0.1387
CUST1003770,2026-06,0.2866,0.3314,0.0635,0.4747,0.2288,0.1634
CUST1003771,2026-06,0.6017,0.3749,0.4755,0.5202,0.3209,0.2628
CUST1003772,2026-06,0.6965,0.4441,0.4834,0.4218,0.2546,0.2041
CUST1003773,2026-06,0.3476,0.5406,0.4235,0.3699,0.3103,0.1693
CUST1003774,2026-06,0.3282,0.4647,0.6108,0.1752,0.4025,0.3291
CUST1003775,2026-06,0.1453,0.2586,0.1375,0.1783,0.2787,0.1051
CUST1003776,2026-06,0.3373,0.1224,0.1375,0.196,0.2223,0.1654
CUST1003777,2026-06,0.7542,0.2751,0.3409,0.3973,0.4656,0.2277
CUST1003778,2026-06,0.5104,0.2539,0.4435,0.15,0.4639,0.2094
CUST1003779,2026-06,0.4809,0.4947,0.3982,0.3778,0.4668,0.2136
CUST1003780,2026-06,0.6827,0.5101,0.4039,0.6361,0.2235,0.1722
CUST1003781,2026-06,0.4349,0.3957,0.0497,0.2839,0.3734,0.1795
CUST1003782,2026-06,0.0487,0.239,0.3539,0.3261,0.2969,0.2532
CUST1003783,2026-06,0.5511,0.5367,0.912,0.4808,0.2292,0.1908
CUST1003784,2026-06,0.4745,0.0857,0.108,0.5489,0.3872,0.1112
CUST1003785,2026-06,0.6322,0.4705,0.5935,0.6382,0.1937,0.2587
CUST1003786,2026-06,0.5169,0.4257,0.4655,0.7142,0.3242,0.1221
CUST1003787,2026-06,0.3976,0.1809,0.2243,0.2645,0.4695,0.0951
CUST1003788,2026-06,0.4139,0.3104,0.4589,0.475,0.2126,0.1157
CUST1003789,2026-06,0.1963,0.4533,0.3373,0.36,0.3458,0.1752
CUST1003790,2026-06,0.5841,0.5028,0.3266,0.2736,0.2716,0.1179
CUST1003791,2026-06,0.5062,0.3006,0.5109,0.3714,0.3583,0.2263
CUST1003792,2026-06,0.4004,0.5029,0.5053,0.3648,0.3682,0.01
CUST1003793,2026-06,0.4545,0.4929,0.4313,0.4417,0.4667,0.01
CUST1003794,2026-06,0.0885,0.2831,0.0893,0.3305,0.3077,0.2329
CUST1003795,2026-06,0.1184,0.1919,0.2681,0.2096,0.4174,0.0839
CUST1003796,2026-06,0.5436,0.2464,0.3702,0.2276,0.2401,0.2642
CUST1003797,2026-06,0.4699,0.4303,0.4947,0.3419,0.3989,0.1556
CUST1003798,2026-06,0.4798,0.2779,0.2284,0.5494,0.3528,0.2916
CUST1003799,2026-06,0.105,0.1997,0.0793,0.2205,0.2212,0.1955
CUST1003800,2026-06,0.5513,0.4846,0.3061,0.6411,0.6787,0.116
CUST1003801,2026-06,0.7429,0.3261,0.2954,0.5526,0.2661,0.2879
CUST1003802,2026-06,0.5166,0.3296,0.3618,0.2068,0.4086,0.1609
CUST1003803,2026-06,0.5868,0.3903,0.34,0.4841,0.3462,0.1123
CUST1003804,2026-06,0.1185,0.4424,0.187,0.3316,0.2794,0.5369
CUST1003805,2026-06,0.4666,0.5175,0.6019,0.3176,0.4743,0.1154
CUST1003806,2026-06,0.4691,0.5787,0.4868,0.1912,0.3779,0.0669
CUST1003807,2026-06,0.3914,0.3265,0.3997,0.4002,0.3192,0.3734
CUST1003808,2026-06,0.3207,0.4919,0.5124,0.2809,0.3199,0.1523
CUST1003809,2026-06,0.2108,0.336,0.1541,0.4131,0.6142,0.1763
CUST1003810,2026-06,0.3536,0.4348,0.6152,0.2053,0.2188,0.1864
CUST1003811,2026-06,0.1848,0.0854,0.0465,0.4527,0.5546,0.1666
CUST1003812,2026-06,0.4692,0.515,0.3767,0.486,0.3521,0.1868
CUST1003813,2026-06,0.3285,0.5018,0.7059,0.5325,0.406,0.2248
CUST1003814,2026-06,0.2751,0.1419,0.1106,0.2629,0.1793,0.3224
CUST1003815,2026-06,0.1054,0.3852,0.065,0.2937,0.4705,0.0729
CUST1003816,2026-06,0.5686,0.5407,0.2912,0.4343,0.4068,0.1492
CUST1003817,2026-06,0.4473,0.0615,0.1453,0.289,0.2261,0.1752
CUST1003818,2026-06,0.489,0.4952,0.5065,0.1914,0.2276,0.1467
CUST1003819,2026-06,0.2591,0.4637,0.5728,0.0848,0.2809,0.4288
CUST1003820,2026-06,0.3476,0.01,0.1711,0.3696,0.4211,0.2912
CUST1003821,2026-06,0.6473,0.5629,0.3347,0.5755,0.4789,0.1201
CUST1003822,2026-06,0.5933,0.2943,0.4472,0.4542,0.4108,0.325
CUST1003823,2026-06,0.5958,0.0673,0.3333,0.3567,0.256,0.121
CUST1003824,2026-06,0.3623,0.1337,0.2326,0.01,0.246,0.2244
CUST1003825,2026-06,0.2522,0.4684,0.5203,0.226,0.523,0.0303
CUST1003826,2026-06,0.5603,0.3869,0.4876,0.4507,0.2699,0.2
CUST1003827,2026-06,0.3251,0.5425,0.441,0.4834,0.3319,0.0966
CUST1003828,2026-06,0.4044,0.2289,0.4925,0.3742,0.2929,0.1408
CUST1003829,2026-06,0.1884,0.01,0.4316,0.3044,0.261,0.5293
CUST1003830,2026-06,0.429,0.2461,0.5754,0.0333,0.211,0.0412
CUST1003831,2026-06,0.3805,0.5132,0.35,0.3595,0.3537,0.2507
CUST1003832,2026-06,0.4198,0.4223,0.4394,0.3464,0.2241,0.0236
CUST1003833,2026-06,0.3171,0.1619,0.1401,0.3497,0.3525,0.037
CUST1003834,2026-06,0.0936,0.3064,0.01,0.1007,0.1951,0.5398
CUST1003835,2026-06,0.6805,0.279,0.2349,0.1336,0.2508,0.0608
CUST1003836,2026-06,0.4051,0.1487,0.2463,0.5068,0.3182,0.2116
CUST1003837,2026-06,0.5732,0.3348,0.3827,0.4727,0.4211,0.1841
CUST1003838,2026-06,0.535,0.2934,0.4806,0.264,0.3478,0.1542
CUST1003839,2026-06,0.2886,0.3746,0.2246,0.3301,0.2595,0.2306
CUST1003840,2026-06,0.3924,0.3998,0.5179,0.35,0.416,0.2362
CUST1003841,2026-06,0.8434,0.3467,0.4826,0.4754,0.2551,0.2295
CUST1003842,2026-06,0.4232,0.3921,0.4279,0.4574,0.3115,0.1504
CUST1003843,2026-06,0.4295,0.3694,0.4677,0.537,0.3378,0.095
CUST1003844,2026-06,0.6686,0.1591,0.4339,0.52,0.2467,0.1341
CUST1003845,2026-06,0.2164,0.0698,0.0487,0.0685999999999999,0.4853,0.0838
CUST1003846,2026-06,0.4367,0.2129,0.2892,0.1572,0.2398,0.3859
CUST1003847,2026-06,0.362,0.4719,0.3822,0.4993,0.4392,0.0353
CUST1003848,2026-06,0.4595,0.4806,0.7389,0.4947,0.3442,0.0481
CUST1003849,2026-06,0.2196,0.2358,0.1312,0.5123,0.3998,0.174
CUST1003850,2026-06,0.4862,0.2956,0.2446,0.4741,0.5866,0.2645
CUST1003851,2026-06,0.4164,0.4951,0.5698,0.4313,0.3722,0.1534
CUST1003852,2026-06,0.4244,0.4079,0.4539,0.306,0.4159,0.1021
CUST1003853,2026-06,0.5022,0.0194,0.0826,0.3001,0.3043,0.302
CUST1003854,2026-06,0.7794,0.3983,0.6064,0.4928,0.4113,0.2195
CUST1003855,2026-06,0.0888,0.019,0.034,0.1808,0.4794,0.279
CUST1003856,2026-06,0.1944,0.01,0.1627,0.18,0.489,0.1358
CUST1003857,2026-06,0.6149,0.33,0.5124,0.471,0.4259,0.0995
CUST1003858,2026-06,0.666,0.4519,0.2196,0.5169,0.2077,0.1392
CUST1003859,2026-06,0.3925,0.0596,0.1653,0.3615,0.1881,0.2696
CUST1003860,2026-06,0.721,0.2985,0.3214,0.3565,0.2049,0.3055
CUST1003861,2026-06,0.3058,0.1502,0.6252,0.3955,0.2895,0.355
CUST1003862,2026-06,0.5097,0.3593,0.3882,0.4653,0.2595,0.1574
CUST1003863,2026-06,0.5209,0.2736,0.3574,0.4691,0.3906,0.2267
CUST1003864,2026-06,0.5095,0.466,0.3324,0.457,0.4063,0.234
CUST1003865,2026-06,0.4405,0.0157,0.1292,0.3496,0.0198,0.2322
CUST1003866,2026-06,0.2595,0.2561,0.1592,0.2966,0.5046,0.1912
CUST1003867,2026-06,0.6194,0.2359,0.2734,0.4585,0.2678,0.1047
CUST1003868,2026-06,0.4466,0.2616,0.4231,0.3755,0.6083,0.158
CUST1003869,2026-06,0.319,0.0287,0.0971999999999999,0.4132,0.171,0.2611
CUST1003870,2026-06,0.3153,0.4317,0.4415,0.4421,0.3915,0.2065
CUST1003871,2026-06,0.7121,0.4188,0.356,0.1022,0.2805,0.1332
CUST1003872,2026-06,0.3334,0.2692,0.1983,0.4351,0.489,0.1492
CUST1003873,2026-06,0.2803,0.1822,0.2038,0.1301,0.1143,0.1418
CUST1003874,2026-06,0.4372,0.3965,0.4981,0.4693,0.369,0.1303
CUST1003875,2026-06,0.3948,0.5728,0.3782,0.1976,0.4667,0.0222
CUST1003876,2026-06,0.2137,0.2929,0.2871,0.4661,0.2905,0.1898
CUST1003877,2026-06,0.2352,0.01,0.248,0.2472,0.1477,0.066
CUST1003878,2026-06,0.7433,0.5059,0.5389,0.4528,0.1862,0.041
CUST1003879,2026-06,0.161,0.0109,0.1398,0.2615,0.2727,0.2283
CUST1003880,2026-06,0.2311,0.2411,0.3501,0.1279,0.4078,0.046
CUST1003881,2026-06,0.5752,0.2127,0.2374,0.527,0.4052,0.2468
CUST1003882,2026-06,0.4612,0.3048,0.425,0.4694,0.3107,0.1459
CUST1003883,2026-06,0.5206,0.5219,0.2443,0.5324,0.4129,0.2772
CUST1003884,2026-06,0.3377,0.3234,0.4357,0.4072,0.4355,0.1436
CUST1003885,2026-06,0.2728,0.0516,0.1945,0.2088,0.3436,0.1366
CUST1003886,2026-06,0.2407,0.2492,0.1598,0.4011,0.3954,0.049
CUST1003887,2026-06,0.3181,0.4244,0.5063,0.3135,0.395,0.2161
CUST1003888,2026-06,0.6184,0.3702,0.2927,0.5432,0.302,0.1073
CUST1003889,2026-06,0.3721,0.3077,0.0804,0.4992,0.5559,0.0806999999999999
CUST1003890,2026-06,0.7462,0.1084,0.01,0.3156,0.1328,0.2833
CUST1003891,2026-06,0.2342,0.2981,0.1473,0.363,0.4123,0.0407
CUST1003892,2026-06,0.6941,0.2988,0.5447,0.5338,0.2514,0.0822
CUST1003893,2026-06,0.5303,0.1939,0.3946,0.3521,0.2822,0.1664
CUST1003894,2026-06,0.3442,0.1122,0.0406,0.2147,0.1272,0.0882
CUST1003895,2026-06,0.6802,0.5217,0.7654,0.3927,0.3491,0.2347
CUST1003896,2026-06,0.6536,0.1995,0.403,0.4578,0.3432,0.5753
CUST1003897,2026-06,0.5125,0.2577,0.5975,0.211,0.2213,0.1042
CUST1003898,2026-06,0.5967,0.5005,0.453,0.3159,0.266,0.01
CUST1003899,2026-06,0.3558,0.1017,0.2181,0.1451,0.3341,0.1173
CUST1003900,2026-06,0.1603,0.0583,0.1645,0.048,0.4844,0.2332
CUST1003901,2026-06,0.1527,0.01,0.01,0.0484,0.2271,0.0741
CUST1003902,2026-06,0.245,0.2649,0.1453,0.2489,0.2426,0.1906
CUST1003903,2026-06,0.3812,0.3894,0.6409,0.3559,0.3546,0.2804
CUST1003904,2026-06,0.1255,0.3555,0.1915,0.3647,0.2342,0.01
CUST1003905,2026-06,0.5757,0.1761,0.4476,0.276,0.1406,0.01
CUST1003906,2026-06,0.6325,0.1037,0.4087,0.5361,0.4083,0.0908999999999999
CUST1003907,2026-06,0.8236,0.3754,0.4874,0.603,0.2353,0.2163
CUST1003908,2026-06,0.1869,0.2797,0.3327,0.2692,0.3236,0.1339
CUST1003909,2026-06,0.3775,0.1707,0.226,0.361,0.5299,0.1637
CUST1003910,2026-06,0.4217,0.4185,0.4912,0.5435,0.4364,0.073
CUST1003911,2026-06,0.2982,0.0891,0.0716,0.2377,0.1685,0.0835999999999999
CUST1003912,2026-06,0.3571,0.3785,0.4619,0.3067,0.3285,0.1887
CUST1003913,2026-06,0.4812,0.5159,0.3448,0.4308,0.2995,0.1566
CUST1003914,2026-06,0.6471,0.2202,0.4237,0.4988,0.2439,0.1642
CUST1003915,2026-06,0.517,0.4642,0.5451,0.259,0.3876,0.2159
CUST1003916,2026-06,0.376,0.0937,0.01,0.297,0.1013,0.2309
CUST1003917,2026-06,0.4436,0.2547,0.3436,0.3612,0.2358,0.2144
CUST1003918,2026-06,0.5802,0.4903,0.3484,0.4096,0.3433,0.2697
CUST1003919,2026-06,0.266,0.1646,0.2912,0.131,0.318,0.1148
CUST1003920,2026-06,0.1306,0.2921,0.4019,0.4969,0.4389,0.1939
CUST1003921,2026-06,0.5062,0.3696,0.548,0.2297,0.4183,0.0693
CUST1003922,2026-06,0.3969,0.414,0.5669,0.1699,0.4085,0.189
CUST1003923,2026-06,0.5221,0.4736,0.5874,0.4515,0.3587,0.1198
CUST1003924,2026-06,0.2968,0.291,0.2529,0.3879,0.6129,0.1566
CUST1003925,2026-06,0.2826,0.6575,0.427,0.2873,0.133,0.2333
CUST1003926,2026-06,0.6763,0.2645,0.6506,0.1604,0.4831,0.1019
CUST1003927,2026-06,0.6567,0.3635,0.4389,0.4575,0.3036,0.1463
CUST1003928,2026-06,0.1332,0.01,0.3052,0.3458,0.2486,0.0154
CUST1003929,2026-06,0.4081,0.1666,0.1411,0.4879,0.432,0.1077
CUST1003930,2026-06,0.5027,0.1986,0.4008,0.2245,0.1783,0.0884
CUST1003931,2026-06,0.1763,0.3631,0.1779,0.193,0.3895,0.2426
CUST1003932,2026-06,0.4959,0.4512,0.3218,0.4926,0.3657,0.0497
CUST1003933,2026-06,0.6761,0.1517,0.3682,0.3037,0.1246,0.1044
CUST1003934,2026-06,0.5386,0.0811999999999999,0.3587,0.0905,0.2261,0.141
CUST1003935,2026-06,0.4896,0.397,0.5817,0.3787,0.4723,0.1497
CUST1003936,2026-06,0.7408,0.1293,0.554,0.4051,0.129,0.1537
CUST1003937,2026-06,0.3353,0.4358,0.5166,0.553,0.3313,0.2416
CUST1003938,2026-06,0.5886,0.3593,0.4614,0.2725,0.4401,0.1239
CUST1003939,2026-06,0.4984,0.0388,0.5064,0.1412,0.4081,0.2608
CUST1003940,2026-06,0.6138,0.2615,0.5722,0.3794,0.1288,0.2569
CUST1003941,2026-06,0.4133,0.1121,0.4604,0.2101,0.4174,0.3386
CUST1003942,2026-06,0.3269,0.2722,0.3052,0.3918,0.2582,0.2268
CUST1003943,2026-06,0.5546,0.3928,0.5922,0.4004,0.5129,0.1863
CUST1003944,2026-06,0.4607,0.3155,0.5717,0.2497,0.4362,0.2188
CUST1003945,2026-06,0.5195,0.5386,0.5738,0.4083,0.3497,0.2044
CUST1003946,2026-06,0.6772,0.2319,0.3214,0.3959,0.2048,0.2149
CUST1003947,2026-06,0.765,0.3061,0.2658,0.4495,0.3187,0.2322
CUST1003948,2026-06,0.0477,0.01,0.0653,0.268,0.5281,0.2685
CUST1003949,2026-06,0.5671,0.3876,0.2716,0.2387,0.3894,0.5147
CUST1003950,2026-06,0.4654,0.2647,0.2042,0.4713,0.6156,0.01
CUST1003951,2026-06,0.5975,0.4163,0.4624,0.5213,0.2779,0.0956999999999999
CUST1003952,2026-06,0.6507,0.4385,0.383,0.2199,0.33,0.1223
CUST1003953,2026-06,0.6435,0.2941,0.4032,0.3632,0.2351,0.1622
CUST1003954,2026-06,0.3374,0.2672,0.1303,0.1216,0.214,0.1525
CUST1003955,2026-06,0.5306,0.5035,0.5973,0.5139,0.3731,0.2698
CUST1003956,2026-06,0.3959,0.2632,0.4357,0.4796,0.3565,0.2329
CUST1003957,2026-06,0.6446,0.1945,0.5525,0.3271,0.2206,0.2444
CUST1003958,2026-06,0.2738,0.2997,0.314,0.2493,0.3432,0.0283
CUST1003959,2026-06,0.3866,0.4055,0.2868,0.4728,0.5306,0.1283
CUST1003960,2026-06,0.2615,0.2129,0.0482,0.3998,0.4726,0.2683
CUST1003961,2026-06,0.4208,0.3102,0.2739,0.5024,0.4052,0.2975
CUST1003962,2026-06,0.3302,0.2838,0.5728,0.3922,0.1055,0.2409
CUST1003963,2026-06,0.5688,0.1179,0.4568,0.4268,0.1397,0.2376
CUST1003964,2026-06,0.5977,0.2538,0.4885,0.4074,0.207,0.1456
CUST1003965,2026-06,0.4342,0.4803,0.3146,0.5178,0.3186,0.1205
CUST1003966,2026-06,0.3446,0.3869,0.4268,0.2782,0.4111,0.1067
CUST1003967,2026-06,0.4364,0.2856,0.4176,0.4293,0.5203,0.2524
CUST1003968,2026-06,0.65,0.7169,0.3739,0.2503,0.5506,0.1413
CUST1003969,2026-06,0.5947,0.1707,0.4031,0.4816,0.3715,0.283
CUST1003970,2026-06,0.2663,0.3801,0.5784,0.4936,0.2222,0.2601
CUST1003971,2026-06,0.1686,0.0748,0.3463,0.3504,0.3639,0.1961
CUST1003972,2026-06,0.5495,0.3389,0.4114,0.5397,0.4047,0.0987
CUST1003973,2026-06,0.6507,0.3111,0.4813,0.1715,0.2034,0.6028
CUST1003974,2026-06,0.5019,0.4709,0.5611,0.5069,0.253,0.1504
CUST1003975,2026-06,0.449,0.3779,0.3596,0.3199,0.3648,0.1867
CUST1003976,2026-06,0.4778,0.3714,0.4119,0.295,0.3879,0.2427
CUST1003977,2026-06,0.3608,0.4943,0.2931,0.3194,0.1486,0.1885
CUST1003978,2026-06,0.5451,0.01,0.2948,0.4688,0.3153,0.3165
CUST1003979,2026-06,0.3378,0.2949,0.2977,0.2247,0.3419,0.2968
CUST1003980,2026-06,0.4901,0.48,0.2753,0.6376,0.4838,0.1177
CUST1003981,2026-06,0.47,0.207,0.4786,0.2585,0.4075,0.1181
CUST1003982,2026-06,0.5702,0.1349,0.1457,0.3509,0.2303,0.0882
CUST1003983,2026-06,0.5122,0.4085,0.4446,0.3781,0.5092,0.0677
CUST1003984,2026-06,0.3051,0.2197,0.0451,0.1865,0.1915,0.0884
CUST1003985,2026-06,0.3048,0.5946,0.3592,0.5198,0.2676,0.4724
CUST1003986,2026-06,0.5354,0.028,0.2657,0.2664,0.3267,0.1704
CUST1003987,2026-06,0.5617,0.2695,0.4005,0.4462,0.2347,0.162
CUST1003988,2026-06,0.4837,0.5556,0.4499,0.6297,0.3138,0.1318
CUST1003989,2026-06,0.3542,0.4109,0.7412,0.5134,0.2597,0.1926
CUST1003990,2026-06,0.7295,0.431,0.3303,0.5591,0.2408,0.2038
CUST1003991,2026-06,0.4491,0.4104,0.7175,0.3629,0.3444,0.1574
CUST1003992,2026-06,0.5668,0.2587,0.3635,0.4897,0.3695,0.1277
CUST1003993,2026-06,0.4632,0.3494,0.6176,0.3312,0.4325,0.01
CUST1003994,2026-06,0.4863,0.409,0.1962,0.386,0.4015,0.2175
CUST1003995,2026-06,0.4138,0.5189,0.501,0.4656,0.4414,0.1074
CUST1003996,2026-06,0.4906,0.2019,0.3344,0.3871,0.4605,0.6805
CUST1003997,2026-06,0.5203,0.4758,0.4169,0.5589,0.3699,0.2818
CUST1003998,2026-06,0.6807,0.4611,0.4851,0.5156,0.31,0.0915
CUST1003999,2026-06,0.4931,0.3353,0.4225,0.3006,0.375,0.1838
CUST1004000,2026-06,0.4359,0.2752,0.4654,0.4037,0.4008,0.2558
CUST1004001,2026-06,0.3294,0.5401,0.6967,0.5133,0.2034,0.5046
CUST1004002,2026-06,0.6072,0.1338,0.346,0.3026,0.178,0.2727
CUST1004003,2026-06,0.3212,0.1094,0.114,0.139,0.483,0.2302
CUST1004004,2026-06,0.5254,0.1764,0.353,0.4101,0.2771,0.5933
CUST1004005,2026-06,0.4439,0.5955,0.4561,0.2478,0.3506,0.2141
CUST1004006,2026-06,0.3476,0.1713,0.0562,0.2606,0.3692,0.092
CUST1004007,2026-06,0.2444,0.3492,0.5594,0.1967,0.3442,0.1611
CUST1004008,2026-06,0.259,0.3183,0.176,0.3574,0.4585,0.1704
CUST1004009,2026-06,0.3308,0.2588,0.3579,0.2987,0.4634,0.2519
CUST1004010,2026-06,0.2125,0.422,0.2115,0.1703,0.4681,0.2809
CUST1004011,2026-06,0.3894,0.1455,0.4588,0.2025,0.3083,0.2356
CUST1004012,2026-06,0.525,0.3067,0.3119,0.3199,0.2668,0.1961
CUST1004013,2026-06,0.1533,0.3325,0.247,0.1897,0.492,0.1254
CUST1004014,2026-06,0.3315,0.533,0.5184,0.3125,0.3783,0.1947
CUST1004015,2026-06,0.4529,0.2146,0.0302,0.363,0.486,0.1164
CUST1004016,2026-06,0.2663,0.227,0.3995,0.2171,0.4946,0.1105
CUST1004017,2026-06,0.4326,0.4304,0.2805,0.373,0.3532,0.1427
CUST1004018,2026-06,0.2877,0.2381,0.01,0.2154,0.2818,0.2122
CUST1004019,2026-06,0.3118,0.6606,0.5285,0.2722,0.295,0.0331
CUST1004020,2026-06,0.3174,0.4627,0.5093,0.325,0.2651,0.2068
CUST1004021,2026-06,0.7428,0.2047,0.4745,0.2243,0.3561,0.2317
CUST1004022,2026-06,0.1985,0.4377,0.0575,0.2308,0.4858,0.1161
CUST1004023,2026-06,0.0792,0.3712,0.2421,0.1,0.1916,0.107
CUST1004024,2026-06,0.6701,0.3311,0.393,0.2486,0.3182,0.1731
CUST1004025,2026-06,0.4347,0.2036,0.0518,0.5024,0.3005,0.2272
CUST1004026,2026-06,0.7949,0.4932,0.4671,0.4383,0.433,0.1124
CUST1004027,2026-06,0.3301,0.5795,0.4803,0.5102,0.4169,0.297
CUST1004028,2026-06,0.3695,0.2042,0.2172,0.2863,0.3511,0.2121
CUST1004029,2026-06,0.3554,0.0455,0.3412,0.3474,0.1516,0.5316
CUST1004030,2026-06,0.3692,0.2473,0.1695,0.36,0.3221,0.1493
CUST1004031,2026-06,0.4214,0.3289,0.3203,0.2683,0.306,0.1501
CUST1004032,2026-06,0.4249,0.438,0.4872,0.1023,0.404,0.2239
CUST1004033,2026-06,0.4426,0.2076,0.405,0.4066,0.339,0.1159
CUST1004034,2026-06,0.3645,0.4629,0.4896,0.3431,0.4433,0.1569
CUST1004035,2026-06,0.3842,0.5286,0.3504,0.3515,0.3456,0.01
CUST1004036,2026-06,0.2534,0.264,0.0509,0.1945,0.2681,0.7237
CUST1004037,2026-06,0.4844,0.01,0.0964,0.5844,0.4153,0.1379
CUST1004038,2026-06,0.3596,0.1389,0.3685,0.3327,0.6566,0.2322
CUST1004039,2026-06,0.1649,0.2959,0.3092,0.3008,0.5124,0.293
CUST1004040,2026-06,0.504,0.3632,0.56,0.5296,0.4673,0.2043
CUST1004041,2026-06,0.617,0.3315,0.2335,0.2485,0.2882,0.5424
CUST1004042,2026-06,0.4804,0.1563,0.4177,0.3208,0.2291,0.138
CUST1004043,2026-06,0.7097,0.2536,0.5606,0.175,0.2017,0.1225
CUST1004044,2026-06,0.4692,0.4886,0.5333,0.5231,0.2854,0.0504
CUST1004045,2026-06,0.4727,0.5453,0.6549,0.3429,0.287,0.4391
CUST1004046,2026-06,0.4354,0.6343,0.4344,0.3196,0.3164,0.0680999999999999
CUST1004047,2026-06,0.4579,0.285,0.3582,0.5299,0.374,0.0637
CUST1004048,2026-06,0.4353,0.0633,0.1344,0.4854,0.2121,0.2555
CUST1004049,2026-06,0.0435,0.0885,0.1858,0.2591,0.2849,0.2134
CUST1004050,2026-06,0.1552,0.2102,0.01,0.4215,0.3785,0.1881
CUST1004051,2026-06,0.3187,0.188,0.1185,0.3943,0.2922,0.1459
CUST1004052,2026-06,0.6057,0.3943,0.6887,0.4615,0.1851,0.2327
CUST1004053,2026-06,0.1469,0.4146,0.1125,0.2279,0.2428,0.1896
CUST1004054,2026-06,0.4339,0.01,0.2652,0.6656,0.3007,0.1564
CUST1004055,2026-06,0.422,0.3087,0.4718,0.1647,0.2757,0.0469
CUST1004056,2026-06,0.466,0.1163,0.0625,0.3062,0.1973,0.2344
CUST1004057,2026-06,0.2027,0.2299,0.01,0.209,0.3759,0.0821
CUST1004058,2026-06,0.1752,0.2485,0.3202,0.293,0.281,0.2619
CUST1004059,2026-06,0.1259,0.3105,0.3777,0.2252,0.4495,0.221
CUST1004060,2026-06,0.6434,0.2867,0.4905,0.364,0.3244,0.2011
CUST1004061,2026-06,0.449,0.391,0.4191,0.5692,0.3522,0.01
CUST1004062,2026-06,0.3285,0.4272,0.3076,0.3756,0.4536,0.2805
CUST1004063,2026-06,0.3129,0.2733,0.4655,0.2742,0.4319,0.2883
CUST1004064,2026-06,0.3003,0.3039,0.163,0.2587,0.3891,0.2593
CUST1004065,2026-06,0.3762,0.3205,0.4409,0.2752,0.2804,0.1305
CUST1004066,2026-06,0.5398,0.3376,0.4073,0.5413,0.2467,0.0341
CUST1004067,2026-06,0.4142,0.2668,0.4026,0.2205,0.5126,0.2526
CUST1004068,2026-06,0.4084,0.362,0.5637,0.1403,0.425,0.2113
CUST1004069,2026-06,0.6745,0.4354,0.3868,0.4726,0.4184,0.2318
CUST1004070,2026-06,0.5942,0.01,0.2725,0.4494,0.4589,0.0952
CUST1004071,2026-06,0.414,0.3057,0.4271,0.4457,0.3265,0.1055
CUST1004072,2026-06,0.5925,0.1991,0.3426,0.4998,0.2449,0.01
CUST1004073,2026-06,0.3288,0.3241,0.01,0.5393,0.5705,0.2489
CUST1004074,2026-06,0.5642,0.5547,0.3274,0.4377,0.4693,0.241
CUST1004075,2026-06,0.3444,0.1289,0.0971999999999999,0.0838,0.2296,0.2462
CUST1004076,2026-06,0.0842,0.2719,0.3601,0.4642,0.5385,0.0443
CUST1004077,2026-06,0.3989,0.4964,0.4659,0.3817,0.4062,0.0133
CUST1004078,2026-06,0.2213,0.5445,0.2548,0.1292,0.4302,0.141
CUST1004079,2026-06,0.4101,0.3787,0.5814,0.324,0.4707,0.2687
CUST1004080,2026-06,0.6193,0.35,0.4048,0.3423,0.2698,0.1911
CUST1004081,2026-06,0.5499,0.6296,0.6143,0.454,0.2151,0.1213
CUST1004082,2026-06,0.2128,0.3257,0.2627,0.3841,0.3817,0.01
CUST1004083,2026-06,0.3195,0.3895,0.1971,0.2899,0.3468,0.1895
CUST1004084,2026-06,0.4634,0.2569,0.4683,0.3606,0.1427,0.2194
CUST1004085,2026-06,0.4554,0.3101,0.4294,0.2592,0.268,0.1226
CUST1004086,2026-06,0.3522,0.01,0.1235,0.3967,0.4109,0.1532
CUST1004087,2026-06,0.2436,0.321,0.2074,0.4454,0.3569,0.1839
CUST1004088,2026-06,0.5961,0.0287,0.4783,0.3742,0.2596,0.1427
CUST1004089,2026-06,0.4011,0.2102,0.2209,0.4843,0.4795,0.181
CUST1004090,2026-06,0.4791,0.2926,0.3455,0.2351,0.1588,0.6849
CUST1004091,2026-06,0.3112,0.3254,0.4485,0.3056,0.3843,0.2205
CUST1004092,2026-06,0.4246,0.4421,0.3108,0.224,0.4097,0.1833
CUST1004093,2026-06,0.6551,0.236,0.3744,0.3681,0.2788,0.122
CUST1004094,2026-06,0.3812,0.4555,0.5742,0.4308,0.4242,0.2639
CUST1004095,2026-06,0.5076,0.109,0.4861,0.4413,0.2304,0.1959
CUST1004096,2026-06,0.5859,0.3158,0.3112,0.5161,0.4064,0.2757
CUST1004097,2026-06,0.3458,0.4465,0.5112,0.4685,0.5785,0.1387
CUST1004098,2026-06,0.5808,0.3467,0.7267,0.4553,0.1856,0.1303
CUST1004099,2026-06,0.5102,0.224,0.395,0.4794,0.334,0.3085
CUST1004100,2026-06,0.3393,0.3385,0.495,0.4387,0.3507,0.251
CUST1004101,2026-06,0.5522,0.3435,0.4092,0.3757,0.3539,0.2457
CUST1004102,2026-06,0.3388,0.1229,0.1469,0.4653,0.3042,0.1716
CUST1004103,2026-06,0.6766,0.3461,0.3975,0.5786,0.2479,0.0594
CUST1004104,2026-06,0.3835,0.3262,0.1649,0.5284,0.597,0.0712
CUST1004105,2026-06,0.1105,0.01,0.1783,0.1259,0.1653,0.6872
CUST1004106,2026-06,0.5025,0.3021,0.5945,0.3181,0.3518,0.0158
CUST1004107,2026-06,0.2123,0.2633,0.0199,0.172,0.2517,0.01
CUST1004108,2026-06,0.1234,0.2681,0.2951,0.2337,0.1903,0.3355
CUST1004109,2026-06,0.2159,0.0576,0.2103,0.0569,0.4027,0.2192
CUST1004110,2026-06,0.5204,0.1638,0.3918,0.2558,0.2508,0.1904
CUST1004111,2026-06,0.8689,0.4306,0.5603,0.4311,0.422,0.1872
CUST1004112,2026-06,0.1868,0.229,0.1637,0.2691,0.4216,0.1296
CUST1004113,2026-06,0.187,0.3048,0.3952,0.3677,0.3648,0.1928
CUST1004114,2026-06,0.3203,0.2126,0.1258,0.1486,0.2927,0.2587
CUST1004115,2026-06,0.5112,0.379,0.3738,0.4034,0.3842,0.144
CUST1004116,2026-06,0.5294,0.4298,0.3906,0.3024,0.4092,0.181
CUST1004117,2026-06,0.2429,0.1964,0.2626,0.3206,0.4502,0.1073
CUST1004118,2026-06,0.3465,0.3787,0.6109,0.1748,0.435,0.2973
CUST1004119,2026-06,0.3691,0.3877,0.5533,0.336,0.3639,0.2277
CUST1004120,2026-06,0.3129,0.3772,0.3578,0.5572,0.4249,0.109
CUST1004121,2026-06,0.4501,0.1957,0.4027,0.1629,0.2991,0.1522
CUST1004122,2026-06,0.6413,0.193,0.4677,0.2918,0.3394,0.3181
CUST1004123,2026-06,0.4989,0.4917,0.4649,0.264,0.3742,0.1172
CUST1004124,2026-06,0.3979,0.3012,0.3586,0.2889,0.511,0.0197
CUST1004125,2026-06,0.5214,0.5204,0.4541,0.3069,0.4383,0.1737
CUST1004126,2026-06,0.4495,0.1304,0.4183,0.2712,0.0641999999999999,0.1949
CUST1004127,2026-06,0.2939,0.3083,0.3416,0.2622,0.278,0.2135
CUST1004128,2026-06,0.1982,0.01,0.2393,0.1662,0.2001,0.0366
CUST1004129,2026-06,0.2945,0.1291,0.2293,0.2927,0.2376,0.2625
CUST1004130,2026-06,0.357,0.1693,0.4483,0.254,0.472,0.2338
CUST1004131,2026-06,0.369,0.01,0.0441,0.4393,0.3252,0.2667
CUST1004132,2026-06,0.4047,0.1364,0.2458,0.2125,0.2736,0.2457
CUST1004133,2026-06,0.5059,0.4378,0.3869,0.4497,0.4311,0.1904
CUST1004134,2026-06,0.4711,0.1988,0.3135,0.2228,0.4662,0.2103
CUST1004135,2026-06,0.1896,0.1427,0.3501,0.4329,0.5268,0.1834
CUST1004136,2026-06,0.1523,0.3534,0.1856,0.221,0.3633,0.0816999999999999
CUST1004137,2026-06,0.5021,0.0574,0.3247,0.397,0.2103,0.4795
CUST1004138,2026-06,0.5122,0.3005,0.3887,0.414,0.2995,0.1394
CUST1004139,2026-06,0.139,0.1302,0.1962,0.1859,0.4093,0.0948
CUST1004140,2026-06,0.6371,0.3405,0.3184,0.3365,0.4825,0.3394
CUST1004141,2026-06,0.2234,0.1707,0.3543,0.1721,0.284,0.2519
CUST1004142,2026-06,0.5857,0.285,0.5628,0.2629,0.2899,0.2499
CUST1004143,2026-06,0.4027,0.1196,0.4361,0.5571,0.4566,0.0805
CUST1004144,2026-06,0.1841,0.245,0.2306,0.2484,0.2515,0.167
CUST1004145,2026-06,0.796,0.4378,0.4834,0.3867,0.2438,0.2276
CUST1004146,2026-06,0.6686,0.3905,0.4644,0.43,0.3314,0.257
CUST1004147,2026-06,0.0818,0.4335,0.1544,0.3722,0.2868,0.2306
CUST1004148,2026-06,0.2797,0.3562,0.1093,0.5161,0.3922,0.1035
CUST1004149,2026-06,0.4448,0.1916,0.2574,0.3638,0.3415,0.1015
CUST1004150,2026-06,0.4597,0.2467,0.5528,0.1955,0.3097,0.22
CUST1004151,2026-06,0.5021,0.286,0.4736,0.462,0.228,0.2768
CUST1004152,2026-06,0.4509,0.4221,0.4007,0.3944,0.2679,0.1578
CUST1004153,2026-06,0.6288,0.5336,0.4193,0.4704,0.3532,0.1695
CUST1004154,2026-06,0.4538,0.4859,0.6453,0.1276,0.2848,0.1331
CUST1004155,2026-06,0.7412,0.2491,0.3582,0.3543,0.3989,0.1486
CUST1004156,2026-06,0.423,0.4122,0.4503,0.496,0.176,0.2768
CUST1004157,2026-06,0.4186,0.4283,0.3918,0.4992,0.5018,0.1672
CUST1004158,2026-06,0.7575,0.1424,0.1283,0.2812,0.4752,0.1217
CUST1004159,2026-06,0.7163,0.2456,0.333,0.4573,0.3372,0.1
CUST1004160,2026-06,0.197,0.307,0.1778,0.2725,0.2831,0.1992
CUST1004161,2026-06,0.5533,0.4185,0.4001,0.2702,0.2008,0.2899
CUST1004162,2026-06,0.77,0.2765,0.3949,0.5081,0.1635,0.2894
CUST1004163,2026-06,0.5351,0.3279,0.3155,0.4518,0.3601,0.2973
CUST1004164,2026-06,0.257,0.1496,0.4694,0.0666,0.2619,0.2319
CUST1004165,2026-06,0.3223,0.1356,0.2621,0.3469,0.474,0.2216
CUST1004166,2026-06,0.5844,0.54,0.209,0.2078,0.3124,0.2418
CUST1004167,2026-06,0.4757,0.2987,0.1215,0.4663,0.4421,0.2174
CUST1004168,2026-06,0.5381,0.2531,0.3037,0.4993,0.2461,0.0763
CUST1004169,2026-06,0.3646,0.1488,0.3202,0.4272,0.5452,0.2354
CUST1004170,2026-06,0.3139,0.4087,0.4476,0.4795,0.3951,0.2777
CUST1004171,2026-06,0.3784,0.5944,0.331,0.4663,0.2342,0.3005
CUST1004172,2026-06,0.3788,0.0932,0.0207,0.5419,0.5173,0.1724
CUST1004173,2026-06,0.3523,0.3826,0.4581,0.365,0.2441,0.1184
CUST1004174,2026-06,0.5563,0.6372,0.3849,0.3875,0.1625,0.1114
CUST1004175,2026-06,0.761,0.2926,0.2666,0.4213,0.2617,0.4835
CUST1004176,2026-06,0.075,0.0771,0.2956,0.2561,0.4732,0.266
CUST1004177,2026-06,0.7323,0.128,0.3204,0.502,0.201,0.0618
CUST1004178,2026-06,0.7546,0.4574,0.7812,0.4193,0.3219,0.2369
CUST1004179,2026-06,0.4126,0.5864,0.4425,0.4409,0.2468,0.2211
CUST1004180,2026-06,0.5152,0.1945,0.2707,0.1504,0.6365,0.1943
CUST1004181,2026-06,0.639,0.1251,0.3027,0.5214,0.1877,0.1683
CUST1004182,2026-06,0.4561,0.3442,0.6301,0.2574,0.3748,0.1504
CUST1004183,2026-06,0.6871,0.2826,0.3063,0.4988,0.243,0.3106
CUST1004184,2026-06,0.4404,0.3866,0.5994,0.4081,0.5108,0.115
CUST1004185,2026-06,0.5801,0.2379,0.6131,0.4062,0.3009,0.158
CUST1004186,2026-06,0.347,0.2987,0.1796,0.3327,0.5181,0.1196
CUST1004187,2026-06,0.1684,0.3505,0.257,0.1326,0.4485,0.334
CUST1004188,2026-06,0.1223,0.01,0.2196,0.0824,0.368,0.5229
CUST1004189,2026-06,0.2557,0.3417,0.6922,0.3949,0.244,0.1956
CUST1004190,2026-06,0.1121,0.3483,0.2174,0.2142,0.4291,0.3343
CUST1004191,2026-06,0.445,0.4504,0.4307,0.4201,0.2608,0.0882
CUST1004192,2026-06,0.3441,0.3726,0.5558,0.4763,0.4748,0.0908
CUST1004193,2026-06,0.6077,0.0442,0.3451,0.4667,0.2455,0.1359
CUST1004194,2026-06,0.2945,0.303,0.1952,0.571,0.3437,0.247
CUST1004195,2026-06,0.3916,0.3352,0.5618,0.2187,0.3663,0.214
CUST1004196,2026-06,0.2613,0.2502,0.2024,0.4941,0.3482,0.0815
CUST1004197,2026-06,0.1568,0.01,0.1113,0.2363,0.5026,0.1528
CUST1004198,2026-06,0.2897,0.516,0.3588,0.1764,0.4622,0.2076
CUST1004199,2026-06,0.2601,0.111,0.0801999999999999,0.2722,0.4002,0.202
CUST1004200,2026-06,0.4662,0.3853,0.615,0.2258,0.4473,0.2139
CUST1004201,2026-06,0.6834,0.492,0.4928,0.5426,0.0969,0.1024
CUST1004202,2026-06,0.4634,0.3439,0.1666,0.5556,0.3273,0.3151
CUST1004203,2026-06,0.2721,0.3756,0.471,0.2857,0.321,0.0823
CUST1004204,2026-06,0.2586,0.0658,0.2725,0.1085,0.3775,0.1424
CUST1004205,2026-06,0.2714,0.2817,0.2027,0.5385,0.4646,0.136
CUST1004206,2026-06,0.3122,0.2938,0.3316,0.3997,0.3051,0.01
CUST1004207,2026-06,0.1315,0.3829,0.0502,0.1229,0.2637,0.2023
CUST1004208,2026-06,0.3078,0.5005,0.3903,0.2868,0.5752,0.1395
CUST1004209,2026-06,0.5573,0.1777,0.3686,0.1508,0.2871,0.2865
CUST1004210,2026-06,0.443,0.1758,0.3457,0.4383,0.585,0.1925
CUST1004211,2026-06,0.6066,0.5024,0.5626,0.3122,0.3064,0.2149
CUST1004212,2026-06,0.7051,0.4966,0.2717,0.4683,0.5895,0.2049
CUST1004213,2026-06,0.0995,0.01,0.0668,0.1476,0.3934,0.2378
CUST1004214,2026-06,0.3789,0.2288,0.1247,0.375,0.3936,0.2573
CUST1004215,2026-06,0.6054,0.4281,0.3473,0.3403,0.2945,0.1598
CUST1004216,2026-06,0.3187,0.2942,0.4283,0.3529,0.0956,0.1919
CUST1004217,2026-06,0.5803,0.297,0.7279,0.5939,0.4214,0.0579
CUST1004218,2026-06,0.692,0.2871,0.5344,0.4913,0.1387,0.1755
CUST1004219,2026-06,0.3246,0.307,0.1908,0.4851,0.4523,0.0129
CUST1004220,2026-06,0.1994,0.3795,0.1543,0.3987,0.4436,0.0178
CUST1004221,2026-06,0.2606,0.01,0.1374,0.2368,0.2348,0.2637
CUST1004222,2026-06,0.2199,0.1633,0.0867,0.2087,0.5005,0.116
CUST1004223,2026-06,0.0955,0.129,0.2254,0.1389,0.5573,0.2496
CUST1004224,2026-06,0.4367,0.5181,0.4512,0.4263,0.561,0.1743
CUST1004225,2026-06,0.3762,0.3422,0.3983,0.5949,0.3336,0.2371
CUST1004226,2026-06,0.5683,0.4589,0.3907,0.4428,0.3174,0.201
CUST1004227,2026-06,0.428,0.01,0.2816,0.3009,0.2754,0.2301
CUST1004228,2026-06,0.3521,0.4245,0.4133,0.1952,0.3165,0.2292
CUST1004229,2026-06,0.2859,0.4481,0.649,0.5574,0.4113,0.1737
CUST1004230,2026-06,0.4984,0.4911,0.419,0.4695,0.3056,0.1744
CUST1004231,2026-06,0.5305,0.5619,0.3003,0.4048,0.3485,0.3317
CUST1004232,2026-06,0.6646,0.12,0.5065,0.3177,0.36,0.1832
CUST1004233,2026-06,0.1719,0.082,0.3498,0.2718,0.3837,0.1139
CUST1004234,2026-06,0.3278,0.6409,0.4102,0.577,0.4105,0.2639
CUST1004235,2026-06,0.316,0.01,0.1545,0.1764,0.1456,0.0619
CUST1004236,2026-06,0.2913,0.01,0.0666,0.4593,0.4413,0.3701
CUST1004237,2026-06,0.6275,0.3707,0.4599,0.3371,0.2036,0.1011
CUST1004238,2026-06,0.4783,0.5861,0.4794,0.5416,0.4067,0.1604
CUST1004239,2026-06,0.2997,0.2389,0.2197,0.5547,0.403,0.28
CUST1004240,2026-06,0.3945,0.0274,0.0302,0.1775,0.3655,0.2531
CUST1004241,2026-06,0.4084,0.3498,0.246,0.2271,0.2539,0.1723
CUST1004242,2026-06,0.4026,0.035,0.1972,0.2599,0.316,0.0508
CUST1004243,2026-06,0.4962,0.4889,0.339,0.3745,0.2533,0.1287
CUST1004244,2026-06,0.5018,0.4033,0.6302,0.4011,0.233,0.1652
CUST1004245,2026-06,0.5537,0.0725,0.2937,0.0449,0.3264,0.3171
CUST1004246,2026-06,0.6113,0.2997,0.2752,0.3582,0.4455,0.139
CUST1004247,2026-06,0.2871,0.2159,0.2723,0.2955,0.4442,0.1021
CUST1004248,2026-06,0.4443,0.4259,0.4526,0.4273,0.3293,0.2724
CUST1004249,2026-06,0.3226,0.2487,0.0693,0.3732,0.312,0.129
CUST1004250,2026-06,0.702,0.4598,0.6954,0.5006,0.2646,0.2321
CUST1004251,2026-06,0.4705,0.1313,0.3604,0.4287,0.5192,0.1122
CUST1004252,2026-06,0.5003,0.5257,0.3383,0.3872,0.2732,0.4639
CUST1004253,2026-06,0.2769,0.1802,0.0414,0.5301,0.1403,0.639
CUST1004254,2026-06,0.2731,0.3414,0.5072,0.2806,0.4165,0.1654
CUST1004255,2026-06,0.3026,0.2475,0.1862,0.2731,0.2406,0.2618
CUST1004256,2026-06,0.3088,0.3783,0.2781,0.1935,0.3753,0.6876
CUST1004257,2026-06,0.7,0.1692,0.4269,0.3844,0.2172,0.2424
CUST1004258,2026-06,0.3124,0.01,0.0876,0.01,0.4915,0.1488
CUST1004259,2026-06,0.6253,0.1817,0.407,0.1928,0.2862,0.407
CUST1004260,2026-06,0.6065,0.3851,0.2774,0.3806,0.3653,0.2432
CUST1004261,2026-06,0.6652,0.3055,0.2525,0.4829,0.3396,0.3755
CUST1004262,2026-06,0.5906,0.1759,0.4312,0.3631,0.2521,0.1905
CUST1004263,2026-06,0.3124,0.3034,0.4442,0.2484,0.2073,0.5169
CUST1004264,2026-06,0.474,0.3918,0.3245,0.3494,0.1754,0.2503
CUST1004265,2026-06,0.3339,0.0577,0.2742,0.5957,0.2332,0.24
CUST1004266,2026-06,0.4879,0.3932,0.4499,0.4727,0.3455,0.082
CUST1004267,2026-06,0.4754,0.5515,0.41,0.4904,0.3552,0.0503
CUST1004268,2026-06,0.36,0.5407,0.3765,0.244,0.1751,0.0696
CUST1004269,2026-06,0.4838,0.5503,0.846,0.4565,0.3088,0.01
CUST1004270,2026-06,0.5172,0.3282,0.4493,0.4685,0.3615,0.2418
CUST1004271,2026-06,0.5819,0.4199,0.4628,0.4019,0.2809,0.1415
CUST1004272,2026-06,0.4972,0.01,0.3018,0.1691,0.2353,0.186
CUST1004273,2026-06,0.7035,0.1767,0.5853,0.4866,0.1486,0.1784
CUST1004274,2026-06,0.3207,0.3882,0.3123,0.4133,0.441,0.2127
CUST1004275,2026-06,0.4747,0.2837,0.4497,0.3835,0.1528,0.2347
CUST1004276,2026-06,0.461,0.3262,0.1462,0.4372,0.3031,0.212
CUST1004277,2026-06,0.5814,0.316,0.2851,0.528,0.1264,0.157
CUST1004278,2026-06,0.3885,0.4719,0.5649,0.4118,0.3122,0.1149
CUST1004279,2026-06,0.3367,0.4519,0.5897,0.4671,0.6818,0.1163
CUST1004280,2026-06,0.7339,0.0155,0.3724,0.241,0.3299,0.6627
CUST1004281,2026-06,0.5541,0.5705,0.3555,0.4553,0.5025,0.2151
CUST1004282,2026-06,0.6027,0.253,0.3642,0.4342,0.4012,0.1883
CUST1004283,2026-06,0.6864,0.4659,0.3548,0.2395,0.3354,0.2089
CUST1004284,2026-06,0.3985,0.324,0.342,0.3,0.1791,0.3725
CUST1004285,2026-06,0.5901,0.4091,0.5814,0.1451,0.285,0.01
CUST1004286,2026-06,0.4894,0.3975,0.3463,0.4658,0.2765,0.1319
CUST1004287,2026-06,0.5689,0.5026,0.4364,0.1579,0.3035,0.1372
CUST1004288,2026-06,0.5256,0.5894,0.4968,0.4859,0.4696,0.155
CUST1004289,2026-06,0.5873,0.2938,0.5329,0.4401,0.1427,0.1922
CUST1004290,2026-06,0.5036,0.2637,0.3798,0.3938,0.6009,0.1924
CUST1004291,2026-06,0.418,0.4631,0.5333,0.3229,0.2525,0.6486
CUST1004292,2026-06,0.4853,0.4061,0.5328,0.3856,0.2629,0.1205
CUST1004293,2026-06,0.6849,0.3078,0.4876,0.4303,0.2967,0.1102
CUST1004294,2026-06,0.4408,0.3828,0.5966,0.1259,0.4364,0.126
CUST1004295,2026-06,0.2814,0.4817,0.5366,0.3115,0.2029,0.6955
CUST1004296,2026-06,0.6093,0.2233,0.2515,0.4691,0.3221,0.0651999999999999
CUST1004297,2026-06,0.585,0.2542,0.3189,0.2751,0.2789,0.1588
CUST1004298,2026-06,0.3253,0.2168,0.0863,0.136,0.2489,0.1776
CUST1004299,2026-06,0.5395,0.1437,0.2885,0.2837,0.2883,0.3244
CUST1004300,2026-06,0.01,0.2456,0.2277,0.1952,0.3162,0.2566
CUST1004301,2026-06,0.4971,0.1157,0.1236,0.4772,0.3517,0.1669
CUST1004302,2026-06,0.5241,0.4628,0.5829,0.4751,0.5074,0.0743999999999999
CUST1004303,2026-06,0.6034,0.3596,0.4446,0.3893,0.2267,0.1686
CUST1004304,2026-06,0.6601,0.2885,0.4412,0.491,0.2101,0.1937
CUST1004305,2026-06,0.7081,0.2172,0.3797,0.4671,0.2893,0.1945
CUST1004306,2026-06,0.5331,0.3247,0.783,0.5066,0.3657,0.0946
CUST1004307,2026-06,0.6016,0.5278,0.6858,0.4525,0.3326,0.1836
CUST1004308,2026-06,0.6093,0.5362,0.2617,0.3424,0.3066,0.2461
CUST1004309,2026-06,0.7285,0.1911,0.3704,0.4737,0.2055,0.1927
CUST1004310,2026-06,0.2926,0.0626,0.356,0.2439,0.2753,0.0723
CUST1004311,2026-06,0.3824,0.388,0.5863,0.3117,0.4606,0.2979
CUST1004312,2026-06,0.5474,0.3167,0.5338,0.474,0.242,0.0249
CUST1004313,2026-06,0.5183,0.4661,0.6164,0.4831,0.4246,0.2627
CUST1004314,2026-06,0.472,0.3529,0.5426,0.373,0.2461,0.2121
CUST1004315,2026-06,0.3214,0.3814,0.1679,0.365,0.3983,0.5465
CUST1004316,2026-06,0.4562,0.0375,0.0111,0.1889,0.402,0.2845
CUST1004317,2026-06,0.5152,0.4243,0.4828,0.4735,0.5107,0.1161
CUST1004318,2026-06,0.5413,0.3342,0.2742,0.2454,0.223,0.3578
CUST1004319,2026-06,0.4955,0.1883,0.2922,0.4135,0.1651,0.4222
CUST1004320,2026-06,0.3329,0.3881,0.3814,0.4257,0.3478,0.0936
CUST1004321,2026-06,0.059,0.2059,0.2168,0.2286,0.6702,0.0493
CUST1004322,2026-06,0.1722,0.0717,0.3203,0.233,0.4936,0.1227
CUST1004323,2026-06,0.5233,0.5055,0.313,0.3657,0.6625,0.0761
CUST1004324,2026-06,0.1933,0.01,0.062,0.248,0.1083,0.5877
CUST1004325,2026-06,0.4607,0.4693,0.3276,0.497,0.5166,0.1145
CUST1004326,2026-06,0.4035,0.4176,0.4973,0.4469,0.2516,0.0859
CUST1004327,2026-06,0.6446,0.5231,0.7112,0.3916,0.1971,0.0616
CUST1004328,2026-06,0.6818,0.5368,0.4444,0.4258,0.5111,0.3322
CUST1004329,2026-06,0.5399,0.4223,0.5042,0.3971,0.3602,0.246
CUST1004330,2026-06,0.6809,0.1477,0.3207,0.5114,0.259,0.1084
CUST1004331,2026-06,0.4388,0.4286,0.4033,0.4854,0.2359,0.1899
CUST1004332,2026-06,0.2796,0.5384,0.3594,0.3991,0.4098,0.1825
CUST1004333,2026-06,0.2136,0.0432,0.1019,0.0172,0.3145,0.254
CUST1004334,2026-06,0.5363,0.2885,0.4347,0.5083,0.5891,0.1622
CUST1004335,2026-06,0.3625,0.4082,0.5339,0.4372,0.3933,0.1264
CUST1004336,2026-06,0.5713,0.4885,0.2446,0.6162,0.31,0.1985
CUST1004337,2026-06,0.3908,0.5603,0.428,0.6101,0.365,0.0922
CUST1004338,2026-06,0.1945,0.1409,0.1706,0.2701,0.3401,0.1883
CUST1004339,2026-06,0.4709,0.3223,0.3197,0.1496,0.268,0.1479
CUST1004340,2026-06,0.3495,0.5365,0.4483,0.3576,0.2574,0.1819
CUST1004341,2026-06,0.6518,0.3073,0.4125,0.5911,0.0789,0.1814
CUST1004342,2026-06,0.5018,0.4141,0.4899,0.3153,0.3867,0.1661
CUST1004343,2026-06,0.4925,0.4255,0.4271,0.6202,0.2624,0.1517
CUST1004344,2026-06,0.3437,0.0696,0.01,0.4486,0.5071,0.252
CUST1004345,2026-06,0.1275,0.0558,0.3601,0.2027,0.3502,0.249
CUST1004346,2026-06,0.1582,0.1009,0.2513,0.4662,0.4716,0.1143
CUST1004347,2026-06,0.519,0.2572,0.2623,0.1642,0.2946,0.5223
CUST1004348,2026-06,0.3863,0.1673,0.3794,0.1796,0.1474,0.1842
CUST1004349,2026-06,0.3121,0.3603,0.0885,0.4705,0.3374,0.1782
CUST1004350,2026-06,0.6686,0.2174,0.5057,0.4535,0.2475,0.2919
CUST1004351,2026-06,0.3586,0.2364,0.3694,0.3495,0.4622,0.0167
CUST1004352,2026-06,0.4703,0.4603,0.4645,0.4289,0.2019,0.1864
CUST1004353,2026-06,0.4871,0.3807,0.574,0.381,0.2913,0.2004
CUST1004354,2026-06,0.5342,0.1437,0.4032,0.1778,0.3686,0.1388
CUST1004355,2026-06,0.7188,0.3987,0.5011,0.5092,0.2787,0.2626
CUST1004356,2026-06,0.4294,0.1138,0.0983,0.4885,0.4104,0.1177
CUST1004357,2026-06,0.463,0.5097,0.6729,0.5523,0.3249,0.2255
CUST1004358,2026-06,0.184,0.173,0.5481,0.2377,0.3807,0.1253
CUST1004359,2026-06,0.2234,0.01,0.0675999999999999,0.1454,0.3634,0.155
CUST1004360,2026-06,0.4229,0.2469,0.6295,0.2531,0.3002,0.1282
CUST1004361,2026-06,0.5378,0.5559,0.6614,0.4608,0.1547,0.1592
CUST1004362,2026-06,0.3774,0.4842,0.5223,0.4479,0.3145,0.1007
CUST1004363,2026-06,0.6028,0.1921,0.5175,0.2359,0.2405,0.0952
CUST1004364,2026-06,0.4755,0.01,0.2695,0.4656,0.3502,0.1496
CUST1004365,2026-06,0.4367,0.3361,0.358,0.325,0.3072,0.6707
CUST1004366,2026-06,0.6903,0.4413,0.3882,0.5137,0.2952,0.0634
CUST1004367,2026-06,0.2013,0.2529,0.3189,0.1549,0.5955,0.2844
CUST1004368,2026-06,0.4018,0.2857,0.4733,0.3297,0.3961,0.277
CUST1004369,2026-06,0.4708,0.5428,0.5875,0.4466,0.312,0.1471
CUST1004370,2026-06,0.3773,0.4291,0.5165,0.3018,0.3126,0.1401
CUST1004371,2026-06,0.6395,0.1191,0.7323,0.2737,0.163,0.1614
CUST1004372,2026-06,0.4689,0.407,0.3661,0.2562,0.313,0.1828
CUST1004373,2026-06,0.7289,0.4732,0.4358,0.4742,0.5157,0.2621
CUST1004374,2026-06,0.4947,0.0952,0.384,0.2853,0.5389,0.089
CUST1004375,2026-06,0.5848,0.3755,0.5292,0.2606,0.2689,0.2027
CUST1004376,2026-06,0.3781,0.0901,0.0332,0.2276,0.102,0.695
CUST1004377,2026-06,0.5619,0.2466,0.3602,0.1477,0.2976,0.2077
CUST1004378,2026-06,0.2123,0.345,0.1589,0.2454,0.3928,0.1958
CUST1004379,2026-06,0.1149,0.1795,0.2524,0.2806,0.3428,0.0719
CUST1004380,2026-06,0.01,0.0273,0.2304,0.1982,0.4208,0.6585
CUST1004381,2026-06,0.4309,0.1811,0.4853,0.35,0.5855,0.3212
CUST1004382,2026-06,0.3778,0.4196,0.3926,0.4007,0.4214,0.1893
CUST1004383,2026-06,0.3675,0.3555,0.5075,0.379,0.3955,0.1253
CUST1004384,2026-06,0.1172,0.4075,0.0745,0.2694,0.3081,0.0605
CUST1004385,2026-06,0.6056,0.1911,0.3202,0.5265,0.1961,0.126
CUST1004386,2026-06,0.5334,0.4355,0.5902,0.5274,0.3117,0.2094
CUST1004387,2026-06,0.6935,0.2126,0.4303,0.1499,0.01,0.2907
CUST1004388,2026-06,0.491,0.1507,0.5156,0.369,0.3456,0.1126
CUST1004389,2026-06,0.3339,0.0746,0.1112,0.2238,0.4839,0.2799
CUST1004390,2026-06,0.5466,0.4911,0.5867,0.4155,0.1597,0.3666
CUST1004391,2026-06,0.2879,0.3531,0.124,0.1689,0.2968,0.1972
CUST1004392,2026-06,0.4733,0.0767999999999999,0.321,0.4625,0.3155,0.1643
CUST1004393,2026-06,0.514,0.382,0.1133,0.3686,0.1654,0.1258
CUST1004394,2026-06,0.258,0.2109,0.4882,0.2319,0.2864,0.1356
CUST1004395,2026-06,0.4418,0.3333,0.3594,0.3996,0.2125,0.2759
CUST1004396,2026-06,0.7337,0.0825,0.4252,0.4831,0.2925,0.1935
CUST1004397,2026-06,0.3225,0.1314,0.3552,0.2351,0.3873,0.16
CUST1004398,2026-06,0.4653,0.3561,0.6017,0.2606,0.3866,0.2683
CUST1004399,2026-06,0.4349,0.3992,0.4971,0.2875,0.3372,0.1149
CUST1004400,2026-06,0.6366,0.1593,0.3128,0.1353,0.3805,0.2688
CUST1004401,2026-06,0.393,0.3397,0.3198,0.3515,0.2953,0.2873
CUST1004402,2026-06,0.3439,0.4442,0.3063,0.2543,0.4045,0.2472
CUST1004403,2026-06,0.4319,0.3195,0.6031,0.4731,0.3997,0.01
CUST1004404,2026-06,0.4006,0.428,0.5463,0.2963,0.4698,0.3534
CUST1004405,2026-06,0.0405,0.1196,0.0799,0.2269,0.176,0.143
CUST1004406,2026-06,0.4624,0.2817,0.3891,0.4181,0.1589,0.5644
CUST1004407,2026-06,0.3506,0.2665,0.3517,0.32,0.6494,0.2345
CUST1004408,2026-06,0.5213,0.3832,0.4656,0.3669,0.4566,0.01
CUST1004409,2026-06,0.4193,0.3693,0.2865,0.4946,0.3743,0.1378
CUST1004410,2026-06,0.5242,0.1611,0.4269,0.3084,0.4736,0.2029
CUST1004411,2026-06,0.4046,0.4544,0.469,0.4933,0.4726,0.0508
CUST1004412,2026-06,0.5874,0.2562,0.5178,0.2188,0.2062,0.0114
CUST1004413,2026-06,0.3793,0.3631,0.4745,0.4236,0.5359,0.136
CUST1004414,2026-06,0.4431,0.2612,0.4245,0.1065,0.3966,0.1924
CUST1004415,2026-06,0.0936,0.1014,0.114,0.4528,0.1828,0.1254
CUST1004416,2026-06,0.5906,0.4223,0.2836,0.4486,0.3777,0.2112
CUST1004417,2026-06,0.4201,0.4832,0.5236,0.3245,0.3523,0.1872
CUST1004418,2026-06,0.0152,0.0955,0.1892,0.2869,0.1968,0.2482
CUST1004419,2026-06,0.2578,0.073,0.2745,0.3863,0.2561,0.3275
CUST1004420,2026-06,0.6082,0.3016,0.3952,0.4968,0.4472,0.3088
CUST1004421,2026-06,0.5027,0.483,0.6346,0.5136,0.3359,0.1961
CUST1004422,2026-06,0.5663,0.3959,0.3471,0.4856,0.3441,0.1133
CUST1004423,2026-06,0.5011,0.298,0.6355,0.2344,0.3267,0.1101
CUST1004424,2026-06,0.1242,0.1629,0.1861,0.2954,0.1474,0.1569
CUST1004425,2026-06,0.6017,0.2357,0.4152,0.4546,0.1313,0.685
CUST1004426,2026-06,0.4881,0.2318,0.275,0.1024,0.4646,0.1583
CUST1004427,2026-06,0.4104,0.3537,0.3162,0.1916,0.3104,0.0532
CUST1004428,2026-06,0.3297,0.3043,0.4901,0.4098,0.4157,0.0282
CUST1004429,2026-06,0.6334,0.3034,0.2443,0.3837,0.4193,0.1134
CUST1004430,2026-06,0.2429,0.0801,0.2638,0.3248,0.2652,0.0675
CUST1004431,2026-06,0.7898,0.4992,0.5481,0.3689,0.3308,0.1431
CUST1004432,2026-06,0.3705,0.1972,0.3346,0.4582,0.5263,0.1372
CUST1004433,2026-06,0.4764,0.01,0.09,0.0843,0.2889,0.1972
CUST1004434,2026-06,0.3857,0.1408,0.2591,0.259,0.2937,0.257
CUST1004435,2026-06,0.3229,0.3814,0.3406,0.5632,0.3007,0.1911
CUST1004436,2026-06,0.4867,0.2058,0.2196,0.163,0.2286,0.2323
CUST1004437,2026-06,0.1793,0.1116,0.177,0.2965,0.2032,0.1678
CUST1004438,2026-06,0.2075,0.1816,0.0945,0.3016,0.2248,0.1978
CUST1004439,2026-06,0.0971,0.4486,0.1404,0.3287,0.4299,0.2981
CUST1004440,2026-06,0.4989,0.1458,0.3722,0.3686,0.4261,0.2554
CUST1004441,2026-06,0.4487,0.2853,0.3895,0.1414,0.2658,0.1135
CUST1004442,2026-06,0.4068,0.4993,0.6182,0.3755,0.4421,0.3115
CUST1004443,2026-06,0.531,0.3619,0.4865,0.47,0.4285,0.032
CUST1004444,2026-06,0.5269,0.4423,0.5292,0.3199,0.3912,0.2612
CUST1004445,2026-06,0.5416,0.1938,0.1755,0.3566,0.3486,0.1379
CUST1004446,2026-06,0.3332,0.2983,0.5848,0.2919,0.3335,0.1137
CUST1004447,2026-06,0.5331,0.4269,0.4085,0.4888,0.3654,0.2482
CUST1004448,2026-06,0.3049,0.5235,0.3788,0.4433,0.2338,0.1655
CUST1004449,2026-06,0.4535,0.3769,0.3902,0.4676,0.3919,0.068
CUST1004450,2026-06,0.2903,0.5809,0.3684,0.7021,0.2963,0.1784
CUST1004451,2026-06,0.397,0.6059,0.4288,0.6669,0.5721,0.1522
CUST1004452,2026-06,0.5613,0.5179,0.7897,0.4746,0.3071,0.0207
CUST1004453,2026-06,0.2921,0.0734,0.1759,0.2231,0.2854,0.3273
CUST1004454,2026-06,0.3722,0.4975,0.5527,0.2251,0.2901,0.2454
CUST1004455,2026-06,0.3825,0.3885,0.4395,0.2338,0.2605,0.1046
CUST1004456,2026-06,0.4267,0.5423,0.4839,0.4477,0.4383,0.2133
CUST1004457,2026-06,0.5309,0.5084,0.4676,0.482,0.3103,0.3031
CUST1004458,2026-06,0.5572,0.3622,0.4267,0.5624,0.3427,0.2265
CUST1004459,2026-06,0.3988,0.3831,0.5177,0.6026,0.5258,0.279
CUST1004460,2026-06,0.2409,0.1899,0.2444,0.3883,0.2735,0.1556
CUST1004461,2026-06,0.4346,0.2136,0.2017,0.3117,0.2641,0.236
CUST1004462,2026-06,0.5704,0.0471,0.35,0.3471,0.3511,0.3015
CUST1004463,2026-06,0.3108,0.1351,0.0939,0.2323,0.1789,0.2179
CUST1004464,2026-06,0.3444,0.2977,0.1644,0.5985,0.6585,0.1339
CUST1004465,2026-06,0.432,0.6281,0.3942,0.4127,0.3205,0.1827
CUST1004466,2026-06,0.5105,0.01,0.2146,0.5409,0.1298,0.2182
CUST1004467,2026-06,0.7934,0.1206,0.4233,0.1337,0.3274,0.3337
CUST1004468,2026-06,0.3939,0.496,0.489,0.5405,0.3453,0.1236
CUST1004469,2026-06,0.513,0.01,0.01,0.4533,0.2879,0.2456
CUST1004470,2026-06,0.0976,0.2873,0.2114,0.2244,0.2738,0.1077
CUST1004471,2026-06,0.6781,0.2864,0.3086,0.2981,0.2319,0.133
CUST1004472,2026-06,0.3823,0.3064,0.3833,0.3202,0.4371,0.1173
CUST1004473,2026-06,0.7218,0.3053,0.5208,0.5803,0.5025,0.1715
CUST1004474,2026-06,0.3741,0.49,0.5456,0.5347,0.3868,0.1267
CUST1004475,2026-06,0.6091,0.2919,0.6707,0.347,0.0816999999999999,0.175
CUST1004476,2026-06,0.4113,0.3335,0.5579,0.3831,0.4597,0.1181
CUST1004477,2026-06,0.4617,0.4984,0.5501,0.3767,0.2926,0.2542
CUST1004478,2026-06,0.4581,0.1144,0.4797,0.0656999999999999,0.5323,0.0511
CUST1004479,2026-06,0.4847,0.2373,0.5993,0.3003,0.5982,0.1732
CUST1004480,2026-06,0.2603,0.53,0.5602,0.3952,0.3485,0.1969
CUST1004481,2026-06,0.6097,0.2666,0.3596,0.2858,0.2959,0.3114
CUST1004482,2026-06,0.3099,0.3131,0.1924,0.3978,0.3114,0.1221
CUST1004483,2026-06,0.7146,0.3127,0.3949,0.1592,0.1772,0.2717
CUST1004484,2026-06,0.5253,0.4631,0.4561,0.4644,0.3071,0.1365
CUST1004485,2026-06,0.3957,0.4871,0.4824,0.3773,0.4079,0.1387
CUST1004486,2026-06,0.2509,0.3919,0.1993,0.376,0.2937,0.1007
CUST1004487,2026-06,0.3523,0.4393,0.5574,0.4005,0.2858,0.4438
CUST1004488,2026-06,0.5917,0.2186,0.7542,0.2985,0.3947,0.2327
CUST1004489,2026-06,0.6314,0.3857,0.5332,0.459,0.3771,0.2335
CUST1004490,2026-06,0.2233,0.0203,0.2681,0.2287,0.2762,0.2218
CUST1004491,2026-06,0.286,0.3938,0.4312,0.3501,0.2056,0.2431
CUST1004492,2026-06,0.2134,0.3087,0.0627999999999999,0.266,0.3309,0.1652
CUST1004493,2026-06,0.719,0.2625,0.4624,0.4751,0.2271,0.1402
CUST1004494,2026-06,0.6739,0.1587,0.3737,0.2009,0.3568,0.1626
CUST1004495,2026-06,0.5243,0.143,0.5441,0.2561,0.5072,0.1194
CUST1004496,2026-06,0.4336,0.0552,0.3102,0.4534,0.2577,0.5672
CUST1004497,2026-06,0.6698,0.4865,0.4399,0.5421,0.408,0.2391
CUST1004498,2026-06,0.5676,0.2597,0.4645,0.2803,0.3414,0.3002
CUST1004499,2026-06,0.6854,0.5333,0.656,0.5371,0.2964,0.1156
CUST1004500,2026-06,0.294,0.4,0.3491,0.3976,0.3268,0.2833
CUST1004501,2026-06,0.6967,0.5024,0.3531,0.2314,0.1297,0.2258
CUST1004502,2026-06,0.3812,0.3299,0.1936,0.3967,0.2525,0.2272
CUST1004503,2026-06,0.4619,0.2761,0.5273,0.3383,0.3172,0.1703
CUST1004504,2026-06,0.5259,0.3286,0.3762,0.5065,0.3354,0.1487
CUST1004505,2026-06,0.6937,0.2827,0.4643,0.4631,0.4011,0.0764
CUST1004506,2026-06,0.3656,0.2108,0.2503,0.5896,0.3177,0.2242
CUST1004507,2026-06,0.2733,0.2085,0.2466,0.1628,0.1933,0.0866
CUST1004508,2026-06,0.714,0.4088,0.5502,0.5968,0.2211,0.2336
CUST1004509,2026-06,0.3489,0.1462,0.1731,0.2511,0.481,0.1484
CUST1004510,2026-06,0.3981,0.4328,0.7446,0.137,0.422,0.2295
CUST1004511,2026-06,0.6065,0.2403,0.2179,0.1665,0.16,0.2334
CUST1004512,2026-06,0.3709,0.4914,0.4794,0.3289,0.2941,0.2295
CUST1004513,2026-06,0.288,0.2204,0.6068,0.1364,0.2701,0.2529
CUST1004514,2026-06,0.3976,0.4995,0.5717,0.2987,0.468,0.0757
CUST1004515,2026-06,0.2532,0.3814,0.588,0.3535,0.3244,0.0571
CUST1004516,2026-06,0.4269,0.4035,0.5616,0.538,0.5471,0.212
CUST1004517,2026-06,0.4891,0.0253,0.1877,0.4539,0.3095,0.0907
CUST1004518,2026-06,0.3316,0.2108,0.3642,0.1835,0.3553,0.232
CUST1004519,2026-06,0.1245,0.3866,0.1577,0.2082,0.3104,0.135
CUST1004520,2026-06,0.1735,0.2203,0.1107,0.3878,0.3137,0.1022
CUST1004521,2026-06,0.3044,0.3459,0.2944,0.3647,0.2997,0.25
CUST1004522,2026-06,0.4969,0.26,0.5555,0.4923,0.3828,0.1893
CUST1004523,2026-06,0.5423,0.3434,0.408,0.5149,0.22,0.1865
CUST1004524,2026-06,0.2538,0.3474,0.0122,0.2874,0.2894,0.648
CUST1004525,2026-06,0.3166,0.1706,0.2317,0.2425,0.3275,0.1873
CUST1004526,2026-06,0.4467,0.4581,0.4423,0.2507,0.1615,0.2337
CUST1004527,2026-06,0.4714,0.2546,0.3714,0.3986,0.2917,0.1316
CUST1004528,2026-06,0.221,0.2504,0.467,0.2542,0.273,0.2576
CUST1004529,2026-06,0.382,0.1242,0.4089,0.1312,0.3252,0.1302
CUST1004530,2026-06,0.1831,0.3353,0.314,0.462,0.2355,0.1765
CUST1004531,2026-06,0.368,0.5063,0.4534,0.3315,0.3628,0.2192
CUST1004532,2026-06,0.7685,0.2739,0.3781,0.359,0.0998,0.0966999999999999
CUST1004533,2026-06,0.5659,0.254,0.3088,0.4023,0.2323,0.5802
CUST1004534,2026-06,0.3333,0.2539,0.1281,0.6279,0.0824,0.2737
CUST1004535,2026-06,0.3943,0.106,0.2792,0.459,0.1531,0.0389
CUST1004536,2026-06,0.5208,0.4223,0.5486,0.5581,0.2495,0.1574
CUST1004537,2026-06,0.3467,0.133,0.3337,0.2221,0.4124,0.5261
CUST1004538,2026-06,0.4839,0.5232,0.7186,0.4387,0.4267,0.1747
CUST1004539,2026-06,0.5577,0.0527,0.4886,0.1439,0.3559,0.1149
CUST1004540,2026-06,0.48,0.4034,0.4679,0.4587,0.3173,0.407
CUST1004541,2026-06,0.427,0.2373,0.0471,0.47,0.2618,0.0916
CUST1004542,2026-06,0.3607,0.4027,0.4743,0.1673,0.351,0.0445
CUST1004543,2026-06,0.2451,0.24,0.2332,0.2549,0.4682,0.3157
CUST1004544,2026-06,0.7293,0.2007,0.4634,0.5215,0.2442,0.1174
CUST1004545,2026-06,0.1689,0.1241,0.1676,0.1639,0.5384,0.0575
CUST1004546,2026-06,0.2677,0.2178,0.289,0.1111,0.3751,0.0757
CUST1004547,2026-06,0.3402,0.1344,0.0964,0.2278,0.3326,0.3045
CUST1004548,2026-06,0.2906,0.3869,0.5808,0.5224,0.2193,0.2318
CUST1004549,2026-06,0.6848,0.1506,0.3431,0.3769,0.3502,0.2184
CUST1004550,2026-06,0.5984,0.0919,0.3442,0.4917,0.2765,0.1678
CUST1004551,2026-06,0.1955,0.1298,0.3093,0.54,0.3029,0.2158
CUST1004552,2026-06,0.5582,0.2789,0.4359,0.5731,0.0714,0.0685
CUST1004553,2026-06,0.5033,0.2421,0.5026,0.4414,0.3138,0.1598
CUST1004554,2026-06,0.4553,0.4148,0.4241,0.5014,0.3543,0.1976
CUST1004555,2026-06,0.3363,0.5012,0.376,0.378,0.4641,0.1867
CUST1004556,2026-06,0.5149,0.4202,0.4745,0.4875,0.2012,0.1692
CUST1004557,2026-06,0.5354,0.4667,0.2985,0.58,0.4008,0.4346
CUST1004558,2026-06,0.4334,0.6317,0.746,0.3505,0.3905,0.1485
CUST1004559,2026-06,0.4832,0.503,0.4172,0.2455,0.235,0.2205
CUST1004560,2026-06,0.5814,0.4834,0.4375,0.3468,0.1877,0.2382
CUST1004561,2026-06,0.6463,0.6052,0.5091,0.6078,0.1476,0.0939
CUST1004562,2026-06,0.4167,0.3539,0.4607,0.1403,0.2716,0.1422
CUST1004563,2026-06,0.1671,0.2691,0.4659,0.3318,0.2006,0.1242
CUST1004564,2026-06,0.3438,0.1287,0.6391,0.0154,0.196,0.2922
CUST1004565,2026-06,0.1669,0.2734,0.104,0.1184,0.4018,0.1095
CUST1004566,2026-06,0.2704,0.0173,0.1826,0.1853,0.3311,0.2132
CUST1004567,2026-06,0.3365,0.2793,0.164,0.4107,0.098,0.4432
CUST1004568,2026-06,0.2893,0.5714,0.4958,0.2449,0.3325,0.2746
CUST1004569,2026-06,0.6886,0.5523,0.4511,0.37,0.385,0.1306
CUST1004570,2026-06,0.4069,0.3166,0.4216,0.1586,0.2917,0.1749
CUST1004571,2026-06,0.4318,0.0631,0.2861,0.3882,0.2968,0.0981
CUST1004572,2026-06,0.4599,0.5863,0.5025,0.2923,0.338,0.3032
CUST1004573,2026-06,0.7347,0.4626,0.439,0.2218,0.3135,0.2049
CUST1004574,2026-06,0.3954,0.5139,0.4271,0.4212,0.3437,0.1018
CUST1004575,2026-06,0.5217,0.4735,0.2217,0.4203,0.2764,0.1274
CUST1004576,2026-06,0.2966,0.0859999999999999,0.01,0.1648,0.4878,0.1935
CUST1004577,2026-06,0.3954,0.4778,0.2746,0.4421,0.3117,0.2176
CUST1004578,2026-06,0.7868,0.4317,0.5225,0.4219,0.3224,0.3083
CUST1004579,2026-06,0.5989,0.3288,0.4091,0.2665,0.3067,0.01
CUST1004580,2026-06,0.3032,0.3777,0.7123,0.3611,0.4003,0.2399
CUST1004581,2026-06,0.56,0.4306,0.4827,0.1,0.479,0.1313
CUST1004582,2026-06,0.4205,0.402,0.2412,0.3363,0.3822,0.1112
CUST1004583,2026-06,0.1314,0.3013,0.2527,0.3235,0.2932,0.2306
CUST1004584,2026-06,0.4332,0.4398,0.7785,0.4675,0.3156,0.0272
CUST1004585,2026-06,0.2649,0.4364,0.3306,0.3167,0.2511,0.2934
CUST1004586,2026-06,0.4942,0.3384,0.3613,0.3874,0.4292,0.1423
CUST1004587,2026-06,0.2866,0.2953,0.5027,0.2054,0.3694,0.2483
CUST1004588,2026-06,0.262,0.1411,0.1611,0.1939,0.4272,0.1085
CUST1004589,2026-06,0.3887,0.5097,0.5335,0.4823,0.4263,0.3522
CUST1004590,2026-06,0.5228,0.1375,0.21,0.5841,0.1707,0.678
CUST1004591,2026-06,0.1633,0.2209,0.2562,0.3062,0.3063,0.142
CUST1004592,2026-06,0.4308,0.3471,0.478,0.2835,0.4951,0.0457
CUST1004593,2026-06,0.2907,0.3838,0.5372,0.3261,0.4104,0.2668
CUST1004594,2026-06,0.5459,0.469,0.438,0.3382,0.3503,0.2592
CUST1004595,2026-06,0.4918,0.0204,0.0587,0.275,0.1709,0.2656
CUST1004596,2026-06,0.7848,0.2929,0.5404,0.1845,0.2862,0.2294
CUST1004597,2026-06,0.5437,0.4369,0.6097,0.2944,0.2111,0.3407
CUST1004598,2026-06,0.1928,0.2973,0.1303,0.5443,0.3404,0.1419
CUST1004599,2026-06,0.4616,0.4496,0.288,0.4719,0.4556,0.1516
CUST1004600,2026-06,0.4638,0.4508,0.3118,0.4918,0.2833,0.0717
CUST1004601,2026-06,0.5052,0.1531,0.4897,0.363,0.2691,0.2858
CUST1004602,2026-06,0.4332,0.0707,0.0646999999999999,0.0653,0.1809,0.0505
CUST1004603,2026-06,0.1626,0.01,0.0736,0.1823,0.3306,0.1701
CUST1004604,2026-06,0.3297,0.1544,0.193,0.4133,0.5735,0.0786
CUST1004605,2026-06,0.3186,0.4038,0.2173,0.4426,0.4474,0.1555
CUST1004606,2026-06,0.1288,0.3107,0.3382,0.3158,0.331,0.2197
CUST1004607,2026-06,0.3988,0.3309,0.4344,0.3458,0.5201,0.01
CUST1004608,2026-06,0.6939,0.4939,0.5369,0.507,0.246,0.1109
CUST1004609,2026-06,0.3507,0.3452,0.4443,0.3372,0.5155,0.1109
CUST1004610,2026-06,0.5903,0.3679,0.6332,0.3532,0.2676,0.1249
CUST1004611,2026-06,0.4447,0.2955,0.6247,0.0532,0.2601,0.1183
CUST1004612,2026-06,0.56,0.2153,0.4923,0.1936,0.2969,0.1212
CUST1004613,2026-06,0.4585,0.2309,0.4964,0.53,0.5489,0.2286
CUST1004614,2026-06,0.3482,0.3567,0.3649,0.6105,0.3283,0.1344
CUST1004615,2026-06,0.3901,0.0463,0.01,0.153,0.3122,0.689
CUST1004616,2026-06,0.636,0.4479,0.3846,0.5666,0.1997,0.256
CUST1004617,2026-06,0.1686,0.1624,0.3422,0.3737,0.275,0.2577
CUST1004618,2026-06,0.1563,0.0419,0.1423,0.1931,0.3994,0.1769
CUST1004619,2026-06,0.178,0.269,0.0866,0.2429,0.2535,0.2112
CUST1004620,2026-06,0.5694,0.3421,0.3937,0.3324,0.4263,0.1284
CUST1004621,2026-06,0.5063,0.3919,0.8149,0.3846,0.2372,0.2788
CUST1004622,2026-06,0.1635,0.3293,0.2394,0.2831,0.4072,0.1205
CUST1004623,2026-06,0.7335,0.3389,0.6861,0.264,0.2101,0.1043
CUST1004624,2026-06,0.7234,0.2155,0.5015,0.3368,0.497,0.0937
CUST1004625,2026-06,0.1691,0.3452,0.01,0.2426,0.3047,0.2697
CUST1004626,2026-06,0.3985,0.0637,0.1654,0.2643,0.1143,0.1648
CUST1004627,2026-06,0.6482,0.5785,0.5676,0.2747,0.5177,0.3172
CUST1004628,2026-06,0.6401,0.1746,0.2115,0.1006,0.3582,0.0849
CUST1004629,2026-06,0.7006,0.01,0.4044,0.2658,0.2385,0.3133
CUST1004630,2026-06,0.5351,0.4116,0.3111,0.4988,0.2065,0.7478
CUST1004631,2026-06,0.2559,0.0682,0.0186,0.2405,0.2569,0.2207
CUST1004632,2026-06,0.4329,0.4265,0.372,0.3774,0.4933,0.1226
CUST1004633,2026-06,0.1273,0.1014,0.1476,0.201,0.3582,0.0979
CUST1004634,2026-06,0.5596,0.3182,0.3824,0.1771,0.4041,0.1943
CUST1004635,2026-06,0.706,0.1,0.3465,0.52,0.1836,0.1649
CUST1004636,2026-06,0.3558,0.5858,0.4602,0.5123,0.3471,0.2329
CUST1004637,2026-06,0.4321,0.2983,0.5322,0.3597,0.2828,0.1308
CUST1004638,2026-06,0.2263,0.0183,0.1818,0.2166,0.1507,0.4293
CUST1004639,2026-06,0.4733,0.5462,0.4044,0.4537,0.3244,0.2275
CUST1004640,2026-06,0.4617,0.3565,0.4081,0.3687,0.2933,0.1899
CUST1004641,2026-06,0.2241,0.2981,0.2884,0.3978,0.2498,0.2297
CUST1004642,2026-06,0.7016,0.3604,0.374,0.3811,0.3727,0.1415
CUST1004643,2026-06,0.6978,0.232,0.4495,0.4324,0.2815,0.1227
CUST1004644,2026-06,0.5937,0.485,0.515,0.1774,0.5481,0.0711
CUST1004645,2026-06,0.6296,0.1789,0.3075,0.5836,0.2639,0.053
CUST1004646,2026-06,0.5931,0.3997,0.3336,0.3249,0.2876,0.3157
CUST1004647,2026-06,0.2168,0.4308,0.01,0.3624,0.5233,0.2161
CUST1004648,2026-06,0.4706,0.3705,0.4051,0.4636,0.3588,0.0699
CUST1004649,2026-06,0.446,0.01,0.259,0.1398,0.3012,0.1221
CUST1004650,2026-06,0.2448,0.2927,0.1782,0.4542,0.5358,0.01
CUST1004651,2026-06,0.2245,0.1254,0.1814,0.133,0.6413,0.0902
CUST1004652,2026-06,0.4662,0.4511,0.4403,0.2789,0.5245,0.2346
CUST1004653,2026-06,0.3353,0.01,0.2823,0.2623,0.3097,0.2379
CUST1004654,2026-06,0.4812,0.0526,0.0722,0.3686,0.2197,0.5528
CUST1004655,2026-06,0.2041,0.2139,0.127,0.4217,0.3816,0.3552
CUST1004656,2026-06,0.4538,0.295,0.4337,0.1258,0.2701,0.2529
CUST1004657,2026-06,0.4768,0.3525,0.5579,0.3025,0.3287,0.1244
CUST1004658,2026-06,0.1582,0.2923,0.1583,0.2833,0.3255,0.1645
CUST1004659,2026-06,0.3967,0.3263,0.1347,0.3818,0.4252,0.0365
CUST1004660,2026-06,0.5264,0.1573,0.1989,0.5542,0.2724,0.1614
CUST1004661,2026-06,0.0457,0.2643,0.0567,0.3698,0.2905,0.1464
CUST1004662,2026-06,0.1896,0.1021,0.3231,0.4511,0.453,0.1345
CUST1004663,2026-06,0.51,0.642,0.5328,0.5133,0.5448,0.0623
CUST1004664,2026-06,0.5766,0.4223,0.5152,0.4678,0.4351,0.1415
CUST1004665,2026-06,0.1991,0.1807,0.143,0.3297,0.3629,0.2232
CUST1004666,2026-06,0.7534,0.2542,0.4157,0.4153,0.3867,0.2413
CUST1004667,2026-06,0.4771,0.4867,0.5517,0.5072,0.4851,0.2205
CUST1004668,2026-06,0.6677,0.5251,0.4705,0.2424,0.1775,0.245
CUST1004669,2026-06,0.3651,0.0651,0.1169,0.1532,0.2833,0.1538
CUST1004670,2026-06,0.3918,0.01,0.205,0.1217,0.4519,0.2691
CUST1004671,2026-06,0.6503,0.3729,0.3827,0.7142,0.418,0.2714
CUST1004672,2026-06,0.6589,0.2202,0.3782,0.0843,0.2256,0.1885
CUST1004673,2026-06,0.5137,0.2933,0.5299,0.3021,0.2349,0.0494
CUST1004674,2026-06,0.5288,0.4399,0.3316,0.3064,0.3653,0.1773
CUST1004675,2026-06,0.0914,0.0169,0.4304,0.2103,0.2888,0.183
CUST1004676,2026-06,0.4224,0.5327,0.6726,0.2363,0.2382,0.143
CUST1004677,2026-06,0.5128,0.1689,0.2898,0.4768,0.2976,0.3105
CUST1004678,2026-06,0.3907,0.2615,0.2613,0.3064,0.568,0.2003
CUST1004679,2026-06,0.6954,0.4045,0.2801,0.3082,0.3833,0.2684
CUST1004680,2026-06,0.5731,0.2635,0.3208,0.1488,0.3666,0.1504
CUST1004681,2026-06,0.5033,0.4547,0.6676,0.4498,0.4344,0.1756
CUST1004682,2026-06,0.3551,0.1506,0.5888,0.01,0.3195,0.3997
CUST1004683,2026-06,0.3988,0.0434,0.2372,0.5429,0.395,0.2084
CUST1004684,2026-06,0.5124,0.3924,0.3399,0.5268,0.3205,0.0687
CUST1004685,2026-06,0.6383,0.3397,0.4325,0.1528,0.3061,0.1989
CUST1004686,2026-06,0.1668,0.202,0.2443,0.3174,0.3711,0.1829
CUST1004687,2026-06,0.5817,0.2467,0.3319,0.2133,0.2358,0.2434
CUST1004688,2026-06,0.3286,0.4627,0.4992,0.4108,0.3478,0.1421
CUST1004689,2026-06,0.3274,0.641,0.4162,0.3423,0.4279,0.2003
CUST1004690,2026-06,0.2128,0.0578,0.285,0.5156,0.3059,0.321
CUST1004691,2026-06,0.594,0.4509,0.579,0.4402,0.4422,0.01
CUST1004692,2026-06,0.5958,0.5014,0.2514,0.367,0.4596,0.081
CUST1004693,2026-06,0.4676,0.5236,0.5506,0.4095,0.2547,0.1709
CUST1004694,2026-06,0.3348,0.4581,0.285,0.4094,0.1126,0.5789
CUST1004695,2026-06,0.4452,0.4994,0.4013,0.3852,0.3548,0.1281
CUST1004696,2026-06,0.3749,0.3457,0.352,0.4722,0.316,0.181
CUST1004697,2026-06,0.5174,0.48,0.5364,0.3817,0.3884,0.1782
CUST1004698,2026-06,0.2549,0.2506,0.0556,0.146,0.2594,0.2727
CUST1004699,2026-06,0.5915,0.2778,0.1781,0.57,0.4869,0.2544
CUST1004700,2026-06,0.3957,0.3446,0.5379,0.3425,0.3109,0.0415
CUST1004701,2026-06,0.5566,0.2594,0.4286,0.4673,0.2198,0.2817
CUST1004702,2026-06,0.4892,0.2039,0.677,0.3765,0.27,0.185
CUST1004703,2026-06,0.5086,0.0487,0.2921,0.4834,0.2238,0.7119
CUST1004704,2026-06,0.4384,0.3689,0.61,0.1093,0.3728,0.1924
CUST1004705,2026-06,0.1465,0.01,0.193,0.2238,0.2075,0.3028
CUST1004706,2026-06,0.1374,0.01,0.0743999999999999,0.3908,0.3952,0.2709
CUST1004707,2026-06,0.4297,0.1882,0.1879,0.3904,0.2695,0.2085
CUST1004708,2026-06,0.4744,0.4697,0.3823,0.4292,0.2797,0.0971
CUST1004709,2026-06,0.1647,0.0771,0.1945,0.1569,0.3581,0.0903999999999999
CUST1004710,2026-06,0.2376,0.4556,0.3121,0.2424,0.3464,0.1974
CUST1004711,2026-06,0.2136,0.4484,0.2758,0.2692,0.433,0.5792
CUST1004712,2026-06,0.4641,0.5539,0.3537,0.5124,0.251,0.555
CUST1004713,2026-06,0.4058,0.01,0.0562,0.3476,0.4221,0.1713
CUST1004714,2026-06,0.2103,0.01,0.1637,0.3136,0.5814,0.5019
CUST1004715,2026-06,0.73,0.3213,0.4682,0.303,0.1974,0.155
CUST1004716,2026-06,0.1679,0.2215,0.3063,0.4166,0.5339,0.2293
CUST1004717,2026-06,0.3054,0.2022,0.587,0.3259,0.3566,0.3072
CUST1004718,2026-06,0.357,0.1552,0.1026,0.286,0.2498,0.2145
CUST1004719,2026-06,0.52,0.4451,0.4214,0.5788,0.5606,0.1126
CUST1004720,2026-06,0.5301,0.5204,0.3749,0.4271,0.4378,0.0799
CUST1004721,2026-06,0.5473,0.0897,0.3536,0.4966,0.2569,0.1344
CUST1004722,2026-06,0.5797,0.1973,0.3364,0.4479,0.3886,0.285
CUST1004723,2026-06,0.0809,0.01,0.1717,0.3767,0.2617,0.1175
CUST1004724,2026-06,0.6973,0.3484,0.3678,0.2002,0.5827,0.1915
CUST1004725,2026-06,0.4829,0.422,0.5766,0.368,0.3746,0.237
CUST1004726,2026-06,0.0154,0.269,0.1199,0.1687,0.5166,0.1099
CUST1004727,2026-06,0.6564,0.3766,0.3797,0.4183,0.2292,0.1474
CUST1004728,2026-06,0.3742,0.3095,0.0918,0.3287,0.4471,0.0495
CUST1004729,2026-06,0.3353,0.2388,0.1955,0.287,0.1856,0.0791
CUST1004730,2026-06,0.34,0.123,0.275,0.1595,0.197,0.01
CUST1004731,2026-06,0.6529,0.4922,0.3862,0.4206,0.1535,0.3536
CUST1004732,2026-06,0.2943,0.223,0.01,0.1806,0.2931,0.2171
CUST1004733,2026-06,0.5568,0.2988,0.4708,0.4876,0.3148,0.0532
CUST1004734,2026-06,0.3823,0.3081,0.5418,0.3862,0.4421,0.2055
CUST1004735,2026-06,0.7405,0.1503,0.3817,0.5334,0.1294,0.2858
CUST1004736,2026-06,0.4538,0.3692,0.3761,0.377,0.4459,0.1396
CUST1004737,2026-06,0.426,0.2781,0.5223,0.4355,0.383,0.2008
CUST1004738,2026-06,0.5391,0.3426,0.3196,0.3458,0.2832,0.1584
CUST1004739,2026-06,0.6932,0.2041,0.3854,0.1862,0.4212,0.1207
CUST1004740,2026-06,0.533,0.4267,0.6977,0.4906,0.3194,0.1566
CUST1004741,2026-06,0.4099,0.4337,0.5774,0.2633,0.3658,0.0481
CUST1004742,2026-06,0.5171,0.1015,0.3919,0.2353,0.2622,0.2023
CUST1004743,2026-06,0.2043,0.01,0.1791,0.3575,0.639,0.1148
CUST1004744,2026-06,0.4311,0.4258,0.2423,0.1751,0.3867,0.2988
CUST1004745,2026-06,0.6788,0.5001,0.3082,0.4205,0.4361,0.1043
CUST1004746,2026-06,0.4427,0.1023,0.3985,0.4963,0.5805,0.1862
CUST1004747,2026-06,0.5866,0.3486,0.288,0.4178,0.3154,0.1251
CUST1004748,2026-06,0.6792,0.4103,0.4402,0.3954,0.399,0.2529
CUST1004749,2026-06,0.4987,0.173,0.4957,0.1225,0.2219,0.0321
CUST1004750,2026-06,0.5588,0.5127,0.3997,0.4281,0.3188,0.0939
CUST1004751,2026-06,0.4325,0.2672,0.6363,0.0927,0.1772,0.2341
CUST1004752,2026-06,0.2611,0.2771,0.0627,0.2935,0.5208,0.1706
CUST1004753,2026-06,0.3857,0.4642,0.6274,0.1824,0.3096,0.1186
CUST1004754,2026-06,0.5931,0.3318,0.3513,0.3047,0.2684,0.1357
CUST1004755,2026-06,0.1868,0.1508,0.1041,0.2704,0.3462,0.1257
CUST1004756,2026-06,0.5591,0.3277,0.3297,0.3399,0.3667,0.3182
CUST1004757,2026-06,0.4167,0.3495,0.359,0.382,0.3144,0.135
CUST1004758,2026-06,0.6702,0.2748,0.3035,0.5542,0.1744,0.2195
CUST1004759,2026-06,0.3784,0.01,0.0925,0.1231,0.2621,0.2321
CUST1004760,2026-06,0.057,0.2596,0.181,0.2738,0.2881,0.1885
CUST1004761,2026-06,0.5997,0.2561,0.8025,0.4977,0.2941,0.2968
CUST1004762,2026-06,0.4128,0.4086,0.6383,0.4919,0.4292,0.01
CUST1004763,2026-06,0.4588,0.076,0.1604,0.346,0.3406,0.1556
CUST1004764,2026-06,0.2322,0.0518,0.2075,0.226,0.2436,0.1127
CUST1004765,2026-06,0.6061,0.4619,0.6582,0.4738,0.2789,0.2631
CUST1004766,2026-06,0.4509,0.4717,0.6844,0.465,0.4026,0.1954
CUST1004767,2026-06,0.4773,0.512,0.598,0.4042,0.3337,0.1851
CUST1004768,2026-06,0.5283,0.3753,0.5449,0.3854,0.2791,0.2492
CUST1004769,2026-06,0.5563,0.2274,0.5246,0.1975,0.2919,0.3728
CUST1004770,2026-06,0.5772,0.2051,0.3894,0.3853,0.323,0.2841
CUST1004771,2026-06,0.4856,0.6398,0.3448,0.5143,0.3755,0.2733
CUST1004772,2026-06,0.7238,0.1707,0.3266,0.5167,0.2417,0.1929
CUST1004773,2026-06,0.5464,0.2709,0.3624,0.3981,0.3146,0.0392
CUST1004774,2026-06,0.5057,0.1472,0.4489,0.2189,0.5419,0.2443
CUST1004775,2026-06,0.6121,0.6386,0.3789,0.273,0.4422,0.0614
CUST1004776,2026-06,0.6113,0.2043,0.4225,0.3595,0.2965,0.1441
CUST1004777,2026-06,0.4765,0.1399,0.4512,0.3084,0.5242,0.1889
CUST1004778,2026-06,0.1454,0.3848,0.1042,0.3768,0.3309,0.2902
CUST1004779,2026-06,0.4166,0.2571,0.2621,0.3167,0.4011,0.1716
CUST1004780,2026-06,0.6111,0.0973,0.4114,0.4731,0.324,0.2531
CUST1004781,2026-06,0.2882,0.293,0.3089,0.2242,0.5391,0.0758
CUST1004782,2026-06,0.6407,0.027,0.489,0.3932,0.2556,0.3365
CUST1004783,2026-06,0.3638,0.1081,0.2015,0.1299,0.2459,0.1223
CUST1004784,2026-06,0.5511,0.4152,0.5193,0.5197,0.2872,0.1304
CUST1004785,2026-06,0.6289,0.5002,0.3747,0.332,0.196,0.2614
CUST1004786,2026-06,0.2595,0.1002,0.1164,0.3482,0.3388,0.2112
CUST1004787,2026-06,0.6367,0.4507,0.4283,0.1945,0.3223,0.2925
CUST1004788,2026-06,0.6886,0.5639,0.4208,0.5622,0.3216,0.3427
CUST1004789,2026-06,0.4799,0.2739,0.4022,0.159,0.15,0.2749
CUST1004790,2026-06,0.4572,0.4587,0.503,0.4066,0.5172,0.3116
CUST1004791,2026-06,0.4932,0.4551,0.4891,0.5167,0.4124,0.2398
CUST1004792,2026-06,0.3448,0.256,0.16,0.5792,0.5116,0.01
CUST1004793,2026-06,0.2133,0.0407,0.1643,0.1111,0.634,0.1993
CUST1004794,2026-06,0.1108,0.1158,0.3037,0.2565,0.34,0.0927
CUST1004795,2026-06,0.3168,0.3568,0.0803,0.4571,0.2502,0.2199
CUST1004796,2026-06,0.5453,0.1995,0.3757,0.1948,0.3279,0.01
CUST1004797,2026-06,0.6394,0.2349,0.4121,0.498,0.308,0.1881
CUST1004798,2026-06,0.0593,0.1547,0.3941,0.2931,0.3627,0.2927
CUST1004799,2026-06,0.4531,0.3955,0.5292,0.5261,0.6541,0.1055
CUST1004800,2026-06,0.657,0.1501,0.3673,0.1252,0.3178,0.2808
CUST1004801,2026-06,0.4508,0.278,0.576,0.4415,0.4029,0.1816
CUST1004802,2026-06,0.6247,0.1791,0.4003,0.3879,0.2505,0.3039
CUST1004803,2026-06,0.4664,0.2177,0.2293,0.51,0.2009,0.2283
CUST1004804,2026-06,0.4364,0.2987,0.4479,0.4966,0.3282,0.2748
CUST1004805,2026-06,0.47,0.3001,0.5012,0.2741,0.472,0.2863
CUST1004806,2026-06,0.3778,0.4049,0.5542,0.452,0.3714,0.0792
CUST1004807,2026-06,0.2929,0.197,0.3347,0.2871,0.1806,0.2191
CUST1004808,2026-06,0.6806,0.1776,0.592,0.2335,0.1237,0.1669
CUST1004809,2026-06,0.0966999999999999,0.2352,0.1358,0.2255,0.3336,0.2265
CUST1004810,2026-06,0.0835999999999999,0.0213,0.1156,0.1407,0.0761,0.1301
CUST1004811,2026-06,0.5107,0.3865,0.587,0.4499,0.2514,0.194
CUST1004812,2026-06,0.3674,0.5543,0.3666,0.488,0.1863,0.0333
CUST1004813,2026-06,0.5304,0.5252,0.3626,0.3967,0.3352,0.46
CUST1004814,2026-06,0.3342,0.332,0.5062,0.3781,0.3544,0.2038
CUST1004815,2026-06,0.4202,0.1772,0.2258,0.4385,0.21,0.1753
CUST1004816,2026-06,0.6823,0.1729,0.655,0.5622,0.3141,0.1341
CUST1004817,2026-06,0.4792,0.01,0.4641,0.0837,0.1406,0.2996
CUST1004818,2026-06,0.5252,0.3549,0.5488,0.3716,0.6346,0.1671
CUST1004819,2026-06,0.7936,0.3545,0.4689,0.5411,0.4989,0.2004
CUST1004820,2026-06,0.6287,0.2591,0.4802,0.2974,0.1306,0.1627
CUST1004821,2026-06,0.3252,0.4135,0.0317,0.2733,0.2807,0.5703
CUST1004822,2026-06,0.3291,0.2519,0.111,0.3114,0.3673,0.156
CUST1004823,2026-06,0.0839,0.2177,0.0814,0.1724,0.4418,0.6587
CUST1004824,2026-06,0.1682,0.2162,0.2459,0.2058,0.507,0.3135
CUST1004825,2026-06,0.2144,0.01,0.1207,0.1268,0.119,0.1574
CUST1004826,2026-06,0.2535,0.01,0.0404,0.3291,0.132,0.0758
CUST1004827,2026-06,0.3701,0.4906,0.4772,0.3847,0.2654,0.0753
CUST1004828,2026-06,0.7137,0.3529,0.2982,0.3782,0.2607,0.1174
CUST1004829,2026-06,0.4429,0.3182,0.5413,0.233,0.3645,0.1901
CUST1004830,2026-06,0.4026,0.2883,0.3736,0.1452,0.5022,0.1804
CUST1004831,2026-06,0.7746,0.4273,0.3365,0.4386,0.4408,0.0682
CUST1004832,2026-06,0.406,0.3191,0.3861,0.2295,0.3974,0.1863
CUST1004833,2026-06,0.1717,0.4184,0.1382,0.2896,0.2696,0.5994
CUST1004834,2026-06,0.1026,0.0999,0.2997,0.038,0.3922,0.2124
CUST1004835,2026-06,0.8461,0.1846,0.4625,0.3888,0.2353,0.1434
CUST1004836,2026-06,0.4583,0.3938,0.5134,0.4,0.3258,0.2785
CUST1004837,2026-06,0.392,0.4288,0.3426,0.1796,0.2137,0.0548
CUST1004838,2026-06,0.3932,0.3316,0.2394,0.3418,0.1171,0.1358
CUST1004839,2026-06,0.5596,0.2979,0.252,0.5186,0.3737,0.1736
CUST1004840,2026-06,0.4143,0.4619,0.4902,0.505,0.4195,0.1646
CUST1004841,2026-06,0.4991,0.3951,0.4001,0.2623,0.2246,0.0953
CUST1004842,2026-06,0.3486,0.3359,0.4504,0.4479,0.4331,0.1037
CUST1004843,2026-06,0.5435,0.4076,0.4117,0.5563,0.3062,0.1137
CUST1004844,2026-06,0.5496,0.1327,0.2619,0.4043,0.2289,0.5619
CUST1004845,2026-06,0.4729,0.0903999999999999,0.1712,0.1491,0.1563,0.1368
CUST1004846,2026-06,0.4603,0.4387,0.7022,0.5396,0.5645,0.2194
CUST1004847,2026-06,0.4895,0.5067,0.3834,0.5789,0.5741,0.2904
CUST1004848,2026-06,0.2726,0.01,0.0264,0.3023,0.3519,0.2681
CUST1004849,2026-06,0.5557,0.3763,0.3831,0.5442,0.3989,0.1141
CUST1004850,2026-06,0.2887,0.164,0.6298,0.0487,0.4924,0.0872
CUST1004851,2026-06,0.4118,0.2185,0.1187,0.4192,0.2231,0.4837
CUST1004852,2026-06,0.1675,0.2968,0.195,0.2605,0.3851,0.226
CUST1004853,2026-06,0.6768,0.198,0.4186,0.3431,0.1551,0.1623
CUST1004854,2026-06,0.52,0.0361,0.121,0.4905,0.2935,0.1911
CUST1004855,2026-06,0.4964,0.2148,0.3798,0.2761,0.4375,0.0929
CUST1004856,2026-06,0.1266,0.2783,0.1878,0.1448,0.3346,0.2542
CUST1004857,2026-06,0.4462,0.1461,0.2216,0.4597,0.1781,0.0149
CUST1004858,2026-06,0.4843,0.01,0.3178,0.4626,0.3584,0.0603
CUST1004859,2026-06,0.4483,0.3515,0.3715,0.4558,0.3718,0.222
CUST1004860,2026-06,0.4613,0.01,0.2031,0.4414,0.2068,0.2139
CUST1004861,2026-06,0.4694,0.3873,0.2321,0.6176,0.5577,0.1272
CUST1004862,2026-06,0.5028,0.4,0.6204,0.2745,0.4438,0.2545
CUST1004863,2026-06,0.4402,0.4869,0.4739,0.2522,0.3499,0.2498
CUST1004864,2026-06,0.4871,0.4469,0.4227,0.5043,0.3097,0.2066
CUST1004865,2026-06,0.4218,0.3614,0.1578,0.1223,0.3891,0.0252
CUST1004866,2026-06,0.3683,0.3386,0.4209,0.4102,0.4304,0.1947
CUST1004867,2026-06,0.2647,0.3456,0.1557,0.2613,0.3614,0.1541
CUST1004868,2026-06,0.4344,0.3359,0.4787,0.4942,0.3213,0.0937999999999999
CUST1004869,2026-06,0.5057,0.1756,0.3993,0.2085,0.4988,0.1568
CUST1004870,2026-06,0.2619,0.5123,0.5009,0.3244,0.2781,0.1252
CUST1004871,2026-06,0.6327,0.1132,0.4475,0.3197,0.4047,0.1794
CUST1004872,2026-06,0.6104,0.4344,0.5268,0.428,0.3861,0.0697
CUST1004873,2026-06,0.8088,0.2835,0.12,0.3339,0.1586,0.1811
CUST1004874,2026-06,0.2591,0.3066,0.3015,0.3984,0.4296,0.1743
CUST1004875,2026-06,0.4617,0.4154,0.2946,0.419,0.2307,0.2328
CUST1004876,2026-06,0.1537,0.01,0.3507,0.0712,0.1891,0.1915
CUST1004877,2026-06,0.3252,0.438,0.2891,0.4601,0.5175,0.2585
CUST1004878,2026-06,0.5433,0.01,0.1145,0.2872,0.3885,0.1849
CUST1004879,2026-06,0.299,0.0399,0.1519,0.1789,0.0808,0.2801
CUST1004880,2026-06,0.5345,0.2709,0.371,0.3434,0.1141,0.5773
CUST1004881,2026-06,0.6436,0.1463,0.4195,0.4616,0.2929,0.0223
CUST1004882,2026-06,0.3405,0.0925,0.01,0.1531,0.3944,0.1015
CUST1004883,2026-06,0.4096,0.3537,0.4853,0.597,0.4136,0.2868
CUST1004884,2026-06,0.5257,0.4699,0.2466,0.3559,0.344,0.0105
CUST1004885,2026-06,0.3853,0.2421,0.2211,0.2767,0.2379,0.0843
CUST1004886,2026-06,0.4499,0.3944,0.2938,0.1937,0.2155,0.2174
CUST1004887,2026-06,0.2636,0.3357,0.5272,0.3714,0.4273,0.26
CUST1004888,2026-06,0.2545,0.1246,0.108,0.3334,0.614,0.1879
CUST1004889,2026-06,0.5275,0.4074,0.4547,0.466,0.5059,0.1287
CUST1004890,2026-06,0.3904,0.179,0.3119,0.226,0.1929,0.5723
CUST1004891,2026-06,0.5503,0.2608,0.2028,0.1699,0.4029,0.1181
CUST1004892,2026-06,0.4798,0.4509,0.4892,0.5913,0.272,0.3056
CUST1004893,2026-06,0.2913,0.1843,0.0325,0.2096,0.2166,0.0486
CUST1004894,2026-06,0.3033,0.4392,0.6435,0.4972,0.4125,0.1247
CUST1004895,2026-06,0.38,0.1361,0.2717,0.4946,0.2811,0.1009
CUST1004896,2026-06,0.5031,0.3324,0.4747,0.5087,0.2977,0.2388
CUST1004897,2026-06,0.6905,0.3958,0.4535,0.5671,0.2913,0.314
CUST1004898,2026-06,0.3201,0.2839,0.096,0.5243,0.3747,0.1952
CUST1004899,2026-06,0.3987,0.5438,0.608,0.2321,0.4295,0.0614
CUST1004900,2026-06,0.4752,0.01,0.1878,0.3359,0.2626,0.1583
CUST1004901,2026-06,0.2918,0.4847,0.5063,0.2933,0.4129,0.2145
CUST1004902,2026-06,0.3998,0.3726,0.2837,0.5032,0.2132,0.0474
CUST1004903,2026-06,0.5525,0.4635,0.4371,0.3495,0.2215,0.238
CUST1004904,2026-06,0.5046,0.6901,0.4544,0.5359,0.2776,0.01
CUST1004905,2026-06,0.6882,0.2848,0.5733,0.3433,0.2938,0.1283
CUST1004906,2026-06,0.2684,0.0319,0.1738,0.3565,0.2115,0.1325
CUST1004907,2026-06,0.098,0.2053,0.1144,0.3645,0.2715,0.1959
CUST1004908,2026-06,0.5791,0.4403,0.2304,0.2852,0.3941,0.1384
CUST1004909,2026-06,0.6642,0.4536,0.425,0.4732,0.3272,0.1781
CUST1004910,2026-06,0.3382,0.316,0.1604,0.5115,0.481,0.0452
CUST1004911,2026-06,0.6873,0.2808,0.4513,0.7109,0.2828,0.2197
CUST1004912,2026-06,0.4046,0.3632,0.5517,0.2677,0.5228,0.2464
CUST1004913,2026-06,0.1576,0.2558,0.01,0.349,0.2575,0.1427
CUST1004914,2026-06,0.5035,0.5101,0.6101,0.334,0.4108,0.1372
CUST1004915,2026-06,0.3543,0.497,0.6607,0.1849,0.2056,0.2605
CUST1004916,2026-06,0.4974,0.2164,0.6184,0.4498,0.3573,0.254
CUST1004917,2026-06,0.1975,0.1112,0.2412,0.2582,0.2389,0.01
CUST1004918,2026-06,0.3785,0.01,0.2707,0.3048,0.369,0.1439
CUST1004919,2026-06,0.3044,0.415,0.4733,0.5392,0.361,0.1529
CUST1004920,2026-06,0.5206,0.2767,0.4162,0.4846,0.5099,0.1585
CUST1004921,2026-06,0.4937,0.01,0.0573,0.3466,0.1277,0.2301
CUST1004922,2026-06,0.4846,0.01,0.0713,0.3435,0.1859,0.3396
CUST1004923,2026-06,0.4914,0.3027,0.401,0.2054,0.3298,0.2108
CUST1004924,2026-06,0.3721,0.3604,0.4043,0.4167,0.2816,0.0353
CUST1004925,2026-06,0.6171,0.4396,0.4513,0.099,0.4304,0.147
CUST1004926,2026-06,0.4333,0.1881,0.1439,0.2923,0.2837,0.0458
CUST1004927,2026-06,0.4023,0.4601,0.3865,0.3714,0.3432,0.01
CUST1004928,2026-06,0.2835,0.4713,0.3757,0.2937,0.4508,0.251
CUST1004929,2026-06,0.2405,0.2668,0.175,0.2665,0.5998,0.1193
CUST1004930,2026-06,0.5286,0.4691,0.5206,0.4592,0.4644,0.2265
CUST1004931,2026-06,0.5803,0.3043,0.3888,0.2664,0.1142,0.1909
CUST1004932,2026-06,0.6671,0.5554,0.6868,0.3867,0.2815,0.2097
CUST1004933,2026-06,0.3284,0.3096,0.1398,0.3886,0.5082,0.1638
CUST1004934,2026-06,0.2489,0.2946,0.1578,0.2194,0.2699,0.0791
CUST1004935,2026-06,0.3842,0.218,0.43,0.3751,0.2291,0.2657
CUST1004936,2026-06,0.3061,0.5183,0.4121,0.2661,0.4878,0.2389
CUST1004937,2026-06,0.4661,0.1673,0.2663,0.55,0.3794,0.1923
CUST1004938,2026-06,0.3459,0.2363,0.3175,0.4233,0.3371,0.1893
CUST1004939,2026-06,0.4409,0.2362,0.0955,0.4922,0.5678,0.123
CUST1004940,2026-06,0.4908,0.3899,0.3377,0.3827,0.5016,0.1973
CUST1004941,2026-06,0.3613,0.2695,0.4986,0.5161,0.5503,0.1502
CUST1004942,2026-06,0.3249,0.3717,0.1809,0.4625,0.2792,0.1686
CUST1004943,2026-06,0.4133,0.4061,0.3496,0.1761,0.3209,0.2307
CUST1004944,2026-06,0.2771,0.01,0.1948,0.066,0.1957,0.1901
CUST1004945,2026-06,0.3927,0.1759,0.2853,0.4632,0.2599,0.1771
CUST1004946,2026-06,0.2764,0.3234,0.0468,0.4976,0.4773,0.01
CUST1004947,2026-06,0.4554,0.3542,0.3612,0.3026,0.2859,0.0718
CUST1004948,2026-06,0.7271,0.3335,0.4423,0.4952,0.1906,0.2155
CUST1004949,2026-06,0.4653,0.5496,0.5415,0.3523,0.4751,0.2256
CUST1004950,2026-06,0.3964,0.2341,0.3622,0.4189,0.2518,0.285
CUST1004951,2026-06,0.4452,0.4408,0.4156,0.3905,0.2391,0.1756
CUST1004952,2026-06,0.661,0.5251,0.3533,0.5668,0.3319,0.252
CUST1004953,2026-06,0.5232,0.1671,0.2598,0.2191,0.3992,0.1841
CUST1004954,2026-06,0.5712,0.1319,0.3037,0.2264,0.0472,0.5946
CUST1004955,2026-06,0.6766,0.5082,0.4723,0.531,0.3598,0.1884
CUST1004956,2026-06,0.4379,0.4364,0.6692,0.4972,0.3652,0.1784
CUST1004957,2026-06,0.4115,0.3471,0.5256,0.419,0.4152,0.2087
CUST1004958,2026-06,0.3968,0.01,0.1602,0.27,0.1637,0.1098
CUST1004959,2026-06,0.3693,0.5291,0.5107,0.0937,0.3562,0.1604
CUST1004960,2026-06,0.3997,0.408,0.4718,0.2544,0.3095,0.01
CUST1004961,2026-06,0.2351,0.3122,0.1545,0.2892,0.1718,0.2747
CUST1004962,2026-06,0.3367,0.4426,0.4384,0.2386,0.3411,0.2121
CUST1004963,2026-06,0.3324,0.0598,0.03,0.2767,0.2878,0.1538
CUST1004964,2026-06,0.2146,0.2988,0.2632,0.1528,0.5015,0.1172
CUST1004965,2026-06,0.5774,0.4217,0.3943,0.2017,0.2222,0.2358
CUST1004966,2026-06,0.5482,0.3441,0.3498,0.4659,0.3277,0.0969
CUST1004967,2026-06,0.5671,0.4109,0.2799,0.5477,0.5812,0.2503
CUST1004968,2026-06,0.5164,0.2402,0.0478,0.4059,0.2958,0.1566
CUST1004969,2026-06,0.4867,0.5391,0.3969,0.5154,0.4524,0.0748999999999999
CUST1004970,2026-06,0.2452,0.01,0.446,0.2181,0.2288,0.2707
CUST1004971,2026-06,0.4085,0.043,0.2537,0.1382,0.1967,0.3067
CUST1004972,2026-06,0.5394,0.4101,0.5134,0.2903,0.2693,0.2681
CUST1004973,2026-06,0.3255,0.2914,0.23,0.4428,0.4841,0.0626
CUST1004974,2026-06,0.4832,0.4628,0.2868,0.3014,0.3416,0.1532
CUST1004975,2026-06,0.4591,0.2745,0.3281,0.3241,0.3339,0.2369
CUST1004976,2026-06,0.4083,0.1977,0.076,0.3903,0.2951,0.1598
CUST1004977,2026-06,0.1111,0.2561,0.1782,0.3297,0.4154,0.3394
CUST1004978,2026-06,0.2695,0.211,0.4534,0.0971,0.3737,0.0572
CUST1004979,2026-06,0.4331,0.01,0.3213,0.0584,0.3463,0.2185
CUST1004980,2026-06,0.411,0.5539,0.3715,0.299,0.2068,0.655
CUST1004981,2026-06,0.4121,0.463,0.3206,0.4589,0.3498,0.1671
CUST1004982,2026-06,0.4251,0.4074,0.3039,0.3854,0.1962,0.4828
CUST1004983,2026-06,0.3981,0.5049,0.5319,0.3754,0.3016,0.2642
CUST1004984,2026-06,0.7429,0.2481,0.4654,0.4345,0.234,0.2996
CUST1004985,2026-06,0.4646,0.3849,0.3519,0.2305,0.4601,0.2702
CUST1004986,2026-06,0.3814,0.3874,0.3768,0.449,0.6289,0.1358
CUST1004987,2026-06,0.2999,0.172,0.0847,0.4696,0.2617,0.1829
CUST1004988,2026-06,0.4231,0.4651,0.4333,0.5211,0.6165,0.2503
CUST1004989,2026-06,0.3656,0.4057,0.4081,0.5041,0.4074,0.1984
CUST1004990,2026-06,0.4834,0.01,0.2755,0.4846,0.1844,0.3354
CUST1004991,2026-06,0.399,0.01,0.0562,0.1859,0.1704,0.1845
CUST1004992,2026-06,0.3751,0.4686,0.2473,0.2072,0.4665,0.0847
CUST1004993,2026-06,0.6587,0.1669,0.3915,0.3851,0.3365,0.2379
CUST1004994,2026-06,0.3564,0.5014,0.7482,0.2689,0.2481,0.2455
CUST1004995,2026-06,0.4306,0.4926,0.1297,0.3033,0.454,0.1271
CUST1004996,2026-06,0.561,0.2725,0.3481,0.1674,0.2304,0.1721
CUST1004997,2026-06,0.4961,0.2439,0.2754,0.4036,0.1693,0.6211
CUST1004998,2026-06,0.4926,0.3646,0.3852,0.3395,0.5169,0.0172
CUST1004999,2026-06,0.4836,0.2856,0.3063,0.3204,0.1918,0.1208
CUST1005000,2026-06,0.5986,0.3249,0.2106,0.2719,0.2234,0.5844
CUST1005001,2026-06,0.7041,0.4461,0.2547,0.4026,0.1936,0.1978
CUST1005002,2026-06,0.3253,0.3902,0.0857,0.5968,0.4081,0.2333
CUST1005003,2026-06,0.456,0.4296,0.3543,0.2884,0.5417,0.0331
CUST1005004,2026-06,0.3336,0.4874,0.3522,0.3052,0.4472,0.1769
CUST1005005,2026-06,0.488,0.3297,0.2595,0.2309,0.3799,0.2057
CUST1005006,2026-06,0.236,0.2953,0.3225,0.2116,0.2943,0.2057
CUST1005007,2026-06,0.3147,0.273,0.3934,0.4434,0.5414,0.0735
CUST1005008,2026-06,0.5035,0.01,0.1081,0.2534,0.2572,0.0108
CUST1005009,2026-06,0.3867,0.2041,0.353,0.2697,0.3368,0.1013
CUST1005010,2026-06,0.216,0.262,0.01,0.3875,0.4416,0.2564
CUST1005011,2026-06,0.6742,0.525,0.4408,0.5103,0.4534,0.2016
CUST1005012,2026-06,0.4273,0.4358,0.2795,0.2218,0.5484,0.2479
CUST1005013,2026-06,0.4882,0.3933,0.6395,0.284,0.3911,0.2255
CUST1005014,2026-06,0.293,0.1277,0.1129,0.2974,0.2836,0.1869
CUST1005015,2026-06,0.2463,0.5129,0.3497,0.3095,0.4895,0.3793
CUST1005016,2026-06,0.6238,0.266,0.2419,0.3351,0.4646,0.2041
CUST1005017,2026-06,0.5114,0.4681,0.4172,0.5247,0.346,0.098
CUST1005018,2026-06,0.5877,0.2446,0.6271,0.4191,0.3097,0.2149
CUST1005019,2026-06,0.2453,0.01,0.0345,0.0293,0.291,0.1783
CUST1005020,2026-06,0.2907,0.2512,0.1449,0.4696,0.6581,0.2527
CUST1005021,2026-06,0.3549,0.4386,0.2462,0.5526,0.487,0.1381
CUST1005022,2026-06,0.4862,0.4364,0.4892,0.3077,0.4497,0.2546
CUST1005023,2026-06,0.5384,0.2838,0.3775,0.4303,0.503,0.0661
CUST1005024,2026-06,0.3674,0.4836,0.4483,0.3198,0.3098,0.1029
CUST1005025,2026-06,0.2348,0.1611,0.1824,0.1228,0.4637,0.1784
CUST1005026,2026-06,0.5757,0.2493,0.555,0.264,0.1745,0.1013
CUST1005027,2026-06,0.5198,0.4003,0.5013,0.5639,0.3557,0.1218
CUST1005028,2026-06,0.4426,0.0688,0.7129,0.4029,0.2908,0.0775
CUST1005029,2026-06,0.3871,0.2766,0.4237,0.3077,0.3539,0.2483
CUST1005030,2026-06,0.4442,0.2644,0.3252,0.2624,0.361,0.2411
CUST1005031,2026-06,0.2854,0.3071,0.6003,0.1834,0.3098,0.1758
CUST1005032,2026-06,0.48,0.3824,0.014,0.5582,0.4722,0.1215
CUST1005033,2026-06,0.1979,0.0811,0.3597,0.2286,0.4555,0.0416
CUST1005034,2026-06,0.6413,0.2153,0.2389,0.4753,0.0995,0.06
CUST1005035,2026-06,0.7295,0.2076,0.4135,0.4979,0.2036,0.115
CUST1005036,2026-06,0.2112,0.2314,0.3546,0.0385,0.1678,0.0835999999999999
CUST1005037,2026-06,0.558,0.2603,0.33,0.3455,0.4215,0.1942
CUST1005038,2026-06,0.5491,0.3963,0.6119,0.3863,0.5111,0.3849
CUST1005039,2026-06,0.2835,0.1437,0.01,0.3678,0.4656,0.204
CUST1005040,2026-06,0.4504,0.4937,0.478,0.5041,0.5137,0.1242
CUST1005041,2026-06,0.5518,0.3842,0.6259,0.3953,0.4175,0.2027
CUST1005042,2026-06,0.5161,0.4116,0.4027,0.2549,0.4615,0.2792
CUST1005043,2026-06,0.4262,0.3505,0.32,0.4238,0.3243,0.2097
CUST1005044,2026-06,0.539,0.3186,0.4031,0.1649,0.4162,0.0663
CUST1005045,2026-06,0.3019,0.5362,0.4492,0.2238,0.3524,0.2921
CUST1005046,2026-06,0.499,0.0264,0.1013,0.4535,0.2792,0.0271
CUST1005047,2026-06,0.1754,0.1861,0.1867,0.3458,0.2881,0.1674
CUST1005048,2026-06,0.672,0.1909,0.3841,0.4557,0.2723,0.3768
CUST1005049,2026-06,0.3965,0.4708,0.5502,0.2428,0.455,0.2395
CUST1005050,2026-06,0.3877,0.4723,0.4041,0.0203,0.3694,0.2081
CUST1005051,2026-06,0.5079,0.4346,0.6158,0.3638,0.3376,0.2259
CUST1005052,2026-06,0.1839,0.2973,0.0889,0.2412,0.361,0.1333
CUST1005053,2026-06,0.5226,0.5888,0.4283,0.488,0.4325,0.1991
CUST1005054,2026-06,0.4917,0.4366,0.3304,0.2507,0.1825,0.2618
CUST1005055,2026-06,0.2317,0.4101,0.4134,0.3437,0.2386,0.1832
CUST1005056,2026-06,0.4897,0.4455,0.3621,0.266,0.5067,0.0976
CUST1005057,2026-06,0.545,0.4461,0.5531,0.4968,0.4387,0.0125
CUST1005058,2026-06,0.3073,0.2775,0.6341,0.3174,0.2188,0.1908
CUST1005059,2026-06,0.6215,0.2209,0.2831,0.3071,0.2735,0.6363
CUST1005060,2026-06,0.1211,0.01,0.2195,0.1714,0.1387,0.4843
CUST1005061,2026-06,0.5194,0.1999,0.4589,0.2903,0.3632,0.1782
CUST1005062,2026-06,0.508,0.4344,0.327,0.5152,0.4425,0.2092
CUST1005063,2026-06,0.5416,0.1224,0.1629,0.2765,0.3014,0.1643
CUST1005064,2026-06,0.5083,0.3415,0.1646,0.5674,0.1923,0.01
CUST1005065,2026-06,0.4642,0.1434,0.4496,0.2756,0.5619,0.1514
CUST1005066,2026-06,0.3831,0.2236,0.2561,0.0639,0.3102,0.137
CUST1005067,2026-06,0.4019,0.5158,0.4462,0.4116,0.2217,0.138
CUST1005068,2026-06,0.4199,0.4294,0.3489,0.4787,0.3283,0.3064
CUST1005069,2026-06,0.4669,0.2246,0.3929,0.4974,0.4057,0.0107
CUST1005070,2026-06,0.174,0.1204,0.2844,0.3103,0.2475,0.2157
CUST1005071,2026-06,0.6929,0.3667,0.4448,0.5815,0.4938,0.2776
CUST1005072,2026-06,0.5506,0.3719,0.4116,0.2588,0.228,0.1418
CUST1005073,2026-06,0.1422,0.1743,0.1311,0.0447,0.5842,0.2182
CUST1005074,2026-06,0.555,0.2798,0.266,0.4875,0.3909,0.0217
CUST1005075,2026-06,0.1326,0.2999,0.2668,0.3193,0.4673,0.2565
CUST1005076,2026-06,0.4435,0.4742,0.3961,0.4355,0.3499,0.1221
CUST1005077,2026-06,0.4225,0.3537,0.3884,0.5941,0.5156,0.1636
CUST1005078,2026-06,0.539,0.0905,0.4796,0.3326,0.2658,0.1455
CUST1005079,2026-06,0.484,0.2633,0.5171,0.3958,0.3394,0.2268
CUST1005080,2026-06,0.5478,0.5003,0.5127,0.4664,0.6195,0.2228
CUST1005081,2026-06,0.5815,0.2631,0.4402,0.4991,0.1599,0.1854
CUST1005082,2026-06,0.4534,0.4777,0.3988,0.476,0.3771,0.2258
CUST1005083,2026-06,0.6079,0.5696,0.2199,0.5205,0.2524,0.1805
CUST1005084,2026-06,0.3351,0.3804,0.5826,0.235,0.4663,0.0718
CUST1005085,2026-06,0.5522,0.4571,0.7366,0.3452,0.3512,0.138
CUST1005086,2026-06,0.638,0.0578,0.6558,0.3035,0.3365,0.1726
CUST1005087,2026-06,0.5458,0.4645,0.5334,0.4245,0.3836,0.254
CUST1005088,2026-06,0.2306,0.351,0.1007,0.5346,0.2967,0.1972
CUST1005089,2026-06,0.1963,0.1893,0.2965,0.2473,0.5809,0.2065
CUST1005090,2026-06,0.3731,0.1563,0.3928,0.4414,0.5062,0.1163
CUST1005091,2026-06,0.5678,0.3735,0.4605,0.5228,0.2735,0.1967
CUST1005092,2026-06,0.4356,0.0823,0.2897,0.4976,0.2942,0.5824
CUST1005093,2026-06,0.4442,0.2967,0.5017,0.3734,0.3522,0.203
CUST1005094,2026-06,0.7434,0.309,0.4502,0.1347,0.1638,0.3385
CUST1005095,2026-06,0.4464,0.0487,0.2037,0.2647,0.1151,0.0809
CUST1005096,2026-06,0.4971,0.3558,0.3984,0.5333,0.3221,0.2646
CUST1005097,2026-06,0.278,0.2912,0.3688,0.2387,0.453,0.5625
CUST1005098,2026-06,0.653,0.1328,0.2405,0.2774,0.1761,0.1157
CUST1005099,2026-06,0.1422,0.4365,0.2181,0.1585,0.2711,0.1758
CUST1005100,2026-06,0.1452,0.01,0.0172,0.2951,0.5039,0.0913
CUST1005101,2026-06,0.4484,0.477,0.4293,0.5841,0.2414,0.1865
CUST1005102,2026-06,0.3099,0.4874,0.5168,0.4316,0.3336,0.162
CUST1005103,2026-06,0.1653,0.2432,0.1189,0.3135,0.3364,0.2221
CUST1005104,2026-06,0.7022,0.2153,0.4587,0.3764,0.2675,0.2168
CUST1005105,2026-06,0.3431,0.388,0.1253,0.3703,0.1731,0.6984
CUST1005106,2026-06,0.636,0.379,0.6411,0.5477,0.3241,0.212
CUST1005107,2026-06,0.5655,0.2711,0.7026,0.5999,0.1921,0.206
CUST1005108,2026-06,0.3454,0.4927,0.3756,0.3523,0.2988,0.0746
CUST1005109,2026-06,0.2952,0.2066,0.0971,0.5662,0.4214,0.2501
CUST1005110,2026-06,0.4281,0.3874,0.4092,0.2672,0.3169,0.5331
CUST1005111,2026-06,0.4123,0.406,0.198,0.5484,0.5894,0.1324
CUST1005112,2026-06,0.3583,0.3125,0.7099,0.2234,0.3325,0.2133
CUST1005113,2026-06,0.3924,0.1466,0.3762,0.0975,0.3725,0.1887
CUST1005114,2026-06,0.4856,0.3376,0.4074,0.3744,0.3066,0.178
CUST1005115,2026-06,0.7172,0.2162,0.4527,0.4949,0.2204,0.2616
CUST1005116,2026-06,0.5789,0.266,0.4521,0.6382,0.2125,0.5063
CUST1005117,2026-06,0.4176,0.3729,0.5733,0.3573,0.1549,0.3648
CUST1005118,2026-06,0.7205,0.1843,0.466,0.3654,0.3284,0.408
CUST1005119,2026-06,0.4522,0.1748,0.3204,0.3009,0.5396,0.1857
CUST1005120,2026-06,0.6727,0.2035,0.4362,0.2796,0.2597,0.1896
CUST1005121,2026-06,0.5537,0.2625,0.2825,0.1357,0.1115,0.2455
CUST1005122,2026-06,0.5001,0.1748,0.3149,0.3468,0.4196,0.3224
CUST1005123,2026-06,0.3821,0.4258,0.2902,0.3269,0.174,0.1273
CUST1005124,2026-06,0.6493,0.2943,0.4332,0.4741,0.3991,0.044
CUST1005125,2026-06,0.6588,0.3764,0.5397,0.4873,0.2417,0.2075
CUST1005126,2026-06,0.6391,0.3003,0.5209,0.2942,0.1484,0.2766
CUST1005127,2026-06,0.5476,0.01,0.1608,0.3408,0.2646,0.1191
CUST1005128,2026-06,0.5301,0.1839,0.6767,0.3614,0.2514,0.2228
CUST1005129,2026-06,0.3731,0.1665,0.1303,0.491,0.4025,0.1306
CUST1005130,2026-06,0.4488,0.477,0.4578,0.183,0.4279,0.1403
CUST1005131,2026-06,0.3722,0.1282,0.1466,0.5226,0.5026,0.1817
CUST1005132,2026-06,0.5262,0.2422,0.1665,0.4977,0.2661,0.1733
CUST1005133,2026-06,0.1601,0.2326,0.0978,0.4175,0.2694,0.1019
CUST1005134,2026-06,0.2758,0.2775,0.4674,0.1516,0.4195,0.0690999999999999
CUST1005135,2026-06,0.602,0.1967,0.4973,0.6023,0.2487,0.2194
CUST1005136,2026-06,0.5157,0.5411,0.6554,0.5878,0.212,0.2496
CUST1005137,2026-06,0.5729,0.5459,0.4512,0.5002,0.5194,0.1281
CUST1005138,2026-06,0.4122,0.5743,0.5168,0.2998,0.4183,0.2486
CUST1005139,2026-06,0.3962,0.1485,0.2562,0.3383,0.2375,0.2694
CUST1005140,2026-06,0.6114,0.329,0.5165,0.4153,0.368,0.278
CUST1005141,2026-06,0.4609,0.4256,0.4427,0.4764,0.4137,0.2132
CUST1005142,2026-06,0.4781,0.4201,0.6643,0.3193,0.5446,0.0212
CUST1005143,2026-06,0.3812,0.5544,0.6845,0.3277,0.3812,0.262
CUST1005144,2026-06,0.1457,0.0623,0.0379,0.0984,0.5026,0.2299
CUST1005145,2026-06,0.1393,0.1916,0.1417,0.3156,0.5448,0.3056
CUST1005146,2026-06,0.4659,0.4437,0.4981,0.3127,0.4641,0.1508
CUST1005147,2026-06,0.62,0.1586,0.3353,0.0767999999999999,0.1388,0.2311
CUST1005148,2026-06,0.3404,0.1022,0.1428,0.4735,0.5532,0.1495
CUST1005149,2026-06,0.5582,0.2725,0.1459,0.4012,0.3058,0.6013
CUST1005150,2026-06,0.6365,0.4471,0.2873,0.4369,0.2949,0.1038
CUST1005151,2026-06,0.3616,0.3805,0.0716,0.2945,0.3852,0.1442
CUST1005152,2026-06,0.5995,0.2106,0.5877,0.01,0.2357,0.2117
CUST1005153,2026-06,0.6914,0.0688,0.3944,0.0954,0.0454,0.1218
CUST1005154,2026-06,0.4286,0.2054,0.5556,0.1548,0.2963,0.274
CUST1005155,2026-06,0.5794,0.4225,0.6875,0.6016,0.4463,0.1626
CUST1005156,2026-06,0.3389,0.0882,0.4907,0.3195,0.1723,0.0611
CUST1005157,2026-06,0.2406,0.313,0.0861,0.3704,0.1199,0.2148
CUST1005158,2026-06,0.1561,0.346,0.2411,0.1818,0.196,0.3457
CUST1005159,2026-06,0.777,0.2253,0.3748,0.4984,0.3145,0.2717
CUST1005160,2026-06,0.7288,0.2953,0.486,0.3966,0.1674,0.0757
CUST1005161,2026-06,0.7125,0.1483,0.3807,0.1203,0.3649,0.2494
CUST1005162,2026-06,0.3308,0.2898,0.2734,0.0211,0.2259,0.2491
CUST1005163,2026-06,0.6134,0.3142,0.3666,0.3212,0.2879,0.2051
CUST1005164,2026-06,0.2433,0.3355,0.0963,0.4811,0.3724,0.2548
CUST1005165,2026-06,0.3633,0.2606,0.2478,0.5014,0.2929,0.6606
CUST1005166,2026-06,0.6971,0.5486,0.4075,0.3249,0.4717,0.01
CUST1005167,2026-06,0.4571,0.2177,0.1339,0.2908,0.2598,0.1738
CUST1005168,2026-06,0.8117,0.3754,0.2378,0.5262,0.3639,0.1581
CUST1005169,2026-06,0.3642,0.3727,0.01,0.5407,0.1871,0.289
CUST1005170,2026-06,0.1473,0.3262,0.2205,0.3387,0.2951,0.2244
CUST1005171,2026-06,0.3647,0.01,0.254,0.01,0.1557,0.1297
CUST1005172,2026-06,0.3891,0.3647,0.7214,0.4522,0.4444,0.0796
CUST1005173,2026-06,0.6431,0.263,0.2316,0.1954,0.3231,0.238
CUST1005174,2026-06,0.4288,0.2236,0.2945,0.3007,0.5132,0.0922
CUST1005175,2026-06,0.5638,0.1237,0.5321,0.3063,0.2432,0.159
CUST1005176,2026-06,0.5492,0.2345,0.387,0.3242,0.2282,0.2459
CUST1005177,2026-06,0.4146,0.2935,0.5478,0.2431,0.3644,0.1585
CUST1005178,2026-06,0.1582,0.0818,0.0243,0.0518,0.4552,0.1045
CUST1005179,2026-06,0.4129,0.4303,0.4826,0.3486,0.53,0.164
CUST1005180,2026-06,0.555,0.2767,0.3055,0.33,0.2902,0.0185
CUST1005181,2026-06,0.6574,0.5585,0.6356,0.392,0.3537,0.1457
CUST1005182,2026-06,0.6085,0.2746,0.2542,0.248,0.2791,0.1361
CUST1005183,2026-06,0.4321,0.0688,0.3605,0.3172,0.294,0.2902
CUST1005184,2026-06,0.543,0.4008,0.1672,0.531,0.3764,0.1094
CUST1005185,2026-06,0.4528,0.3882,0.4976,0.3819,0.4298,0.2084
CUST1005186,2026-06,0.7274,0.275,0.5321,0.7353,0.2827,0.1735
CUST1005187,2026-06,0.5655,0.01,0.1747,0.3123,0.2802,0.2462
CUST1005188,2026-06,0.2434,0.153,0.2532,0.0752,0.2926,0.0684
CUST1005189,2026-06,0.4463,0.3704,0.2802,0.3649,0.5264,0.2047
CUST1005190,2026-06,0.4775,0.0202,0.4351,0.2593,0.262,0.1604
CUST1005191,2026-06,0.3183,0.0322,0.0886,0.1264,0.222,0.1287
CUST1005192,2026-06,0.3165,0.3462,0.39,0.3363,0.0746,0.1653
CUST1005193,2026-06,0.0877,0.053,0.1334,0.3203,0.4628,0.2589
CUST1005194,2026-06,0.3957,0.4063,0.1793,0.5675,0.2459,0.3434
CUST1005195,2026-06,0.2781,0.5016,0.3558,0.2525,0.3719,0.5458
CUST1005196,2026-06,0.3782,0.3258,0.0598,0.2512,0.2387,0.0114
CUST1005197,2026-06,0.3699,0.5492,0.5394,0.029,0.3116,0.0574
CUST1005198,2026-06,0.2766,0.01,0.4575,0.2092,0.4429,0.1776
CUST1005199,2026-06,0.4798,0.5049,0.4853,0.2487,0.2578,0.143
CUST1005200,2026-06,0.4948,0.3744,0.3194,0.3502,0.3558,0.1691
CUST1005201,2026-06,0.8063,0.3524,0.5317,0.5137,0.2116,0.1
CUST1005202,2026-06,0.2485,0.4699,0.5787,0.2679,0.3538,0.1641
CUST1005203,2026-06,0.6892,0.4031,0.3459,0.4031,0.243,0.1033
CUST1005204,2026-06,0.1221,0.0782,0.0221,0.1528,0.628,0.1613
CUST1005205,2026-06,0.3414,0.1179,0.3337,0.3518,0.483,0.2452
CUST1005206,2026-06,0.5656,0.1849,0.2427,0.2131,0.4123,0.289
CUST1005207,2026-06,0.2818,0.01,0.2332,0.2696,0.186,0.1472
CUST1005208,2026-06,0.3737,0.39,0.5255,0.3685,0.2911,0.1795
CUST1005209,2026-06,0.6973,0.303,0.2514,0.2921,0.1159,0.1407
CUST1005210,2026-06,0.2288,0.1386,0.2052,0.1302,0.2956,0.5647
CUST1005211,2026-06,0.6595,0.3264,0.357,0.4897,0.3169,0.0591
CUST1005212,2026-06,0.5222,0.132,0.1121,0.5015,0.2552,0.1614
CUST1005213,2026-06,0.5148,0.4497,0.3436,0.0617,0.3847,0.1463
CUST1005214,2026-06,0.619,0.5944,0.2093,0.5844,0.6613,0.2386
CUST1005215,2026-06,0.4054,0.01,0.01,0.1525,0.1571,0.6373
CUST1005216,2026-06,0.4145,0.3306,0.5907,0.3805,0.452,0.1599
CUST1005217,2026-06,0.5651,0.1943,0.2025,0.3624,0.1733,0.0536
CUST1005218,2026-06,0.1073,0.2653,0.01,0.2126,0.4915,0.2693
CUST1005219,2026-06,0.6742,0.4376,0.3684,0.5266,0.3233,0.111
CUST1005220,2026-06,0.5152,0.2154,0.4215,0.4466,0.3232,0.1097
CUST1005221,2026-06,0.2406,0.3328,0.1953,0.2138,0.3196,0.2194
CUST1005222,2026-06,0.6788,0.3775,0.3082,0.4918,0.2337,0.1501
CUST1005223,2026-06,0.4371,0.3991,0.5292,0.3937,0.3913,0.1844
CUST1005224,2026-06,0.3672,0.1117,0.6618,0.1732,0.4879,0.1061
CUST1005225,2026-06,0.1312,0.2542,0.1959,0.1669,0.1787,0.1149
CUST1005226,2026-06,0.5928,0.1002,0.2979,0.2447,0.2147,0.2513
CUST1005227,2026-06,0.5726,0.289,0.4226,0.3399,0.2393,0.1353
CUST1005228,2026-06,0.5179,0.362,0.4781,0.5176,0.517,0.098
CUST1005229,2026-06,0.3311,0.5146,0.7461,0.3867,0.3453,0.2195
CUST1005230,2026-06,0.5853,0.4592,0.499,0.4013,0.5955,0.1374
CUST1005231,2026-06,0.3958,0.3056,0.3555,0.1275,0.6052,0.1296
CUST1005232,2026-06,0.5295,0.3985,0.491,0.439,0.2867,0.2729
CUST1005233,2026-06,0.29,0.2731,0.0879999999999999,0.2522,0.5898,0.1846
CUST1005234,2026-06,0.4959,0.3737,0.3388,0.2986,0.5694,0.1909
CUST1005235,2026-06,0.3059,0.01,0.1393,0.4067,0.3807,0.1491
CUST1005236,2026-06,0.2245,0.2245,0.0586,0.3448,0.3173,0.2155
CUST1005237,2026-06,0.3912,0.1183,0.1375,0.5827,0.2916,0.01
CUST1005238,2026-06,0.1991,0.3739,0.1738,0.4364,0.4928,0.0714999999999999
CUST1005239,2026-06,0.3596,0.1775,0.1396,0.2545,0.2821,0.1718
CUST1005240,2026-06,0.1255,0.2283,0.0545,0.3131,0.5799,0.1025
CUST1005241,2026-06,0.4762,0.5383,0.7009,0.3819,0.4627,0.1322
CUST1005242,2026-06,0.5879,0.1748,0.4624,0.2858,0.1139,0.1383
CUST1005243,2026-06,0.644,0.359,0.2428,0.4196,0.3845,0.1961
CUST1005244,2026-06,0.4005,0.4561,0.4879,0.5435,0.2719,0.2232
CUST1005245,2026-06,0.578,0.2415,0.5043,0.3696,0.3829,0.0973
CUST1005246,2026-06,0.3348,0.2802,0.4874,0.2219,0.3294,0.7361
CUST1005247,2026-06,0.2428,0.1361,0.1105,0.4783,0.2304,0.1068
CUST1005248,2026-06,0.4017,0.439,0.507,0.5521,0.6766,0.1227
CUST1005249,2026-06,0.2811,0.1254,0.2153,0.2475,0.4877,0.2128
CUST1005250,2026-06,0.373,0.5111,0.5188,0.1678,0.379,0.0473
CUST1005251,2026-06,0.5098,0.2501,0.3062,0.2734,0.32,0.1541
CUST1005252,2026-06,0.6271,0.3871,0.4106,0.5039,0.441,0.2102
CUST1005253,2026-06,0.13,0.2687,0.116,0.215,0.3315,0.229
CUST1005254,2026-06,0.3672,0.2239,0.5647,0.458,0.4945,0.2607
CUST1005255,2026-06,0.4487,0.4003,0.3391,0.5567,0.5474,0.1692
CUST1005256,2026-06,0.1319,0.3817,0.2591,0.1832,0.3993,0.1765
CUST1005257,2026-06,0.6282,0.34,0.4884,0.4587,0.3607,0.2311
CUST1005258,2026-06,0.5306,0.4888,0.775,0.4095,0.471,0.0613
CUST1005259,2026-06,0.3764,0.5304,0.3888,0.52,0.5442,0.1895
CUST1005260,2026-06,0.4694,0.5361,0.3291,0.0945,0.4089,0.192
CUST1005261,2026-06,0.2336,0.0897,0.093,0.1359,0.4599,0.3439
CUST1005262,2026-06,0.2483,0.3346,0.1844,0.3937,0.4191,0.1495
CUST1005263,2026-06,0.5264,0.402,0.4417,0.5466,0.4878,0.1581
CUST1005264,2026-06,0.113,0.0781,0.1589,0.3874,0.3347,0.1367
CUST1005265,2026-06,0.5734,0.2322,0.505,0.5886,0.1912,0.3128
CUST1005266,2026-06,0.4238,0.4836,0.6373,0.5188,0.3943,0.0949
CUST1005267,2026-06,0.3408,0.5308,0.3884,0.2347,0.3869,0.1078
CUST1005268,2026-06,0.3848,0.3682,0.6757,0.3742,0.2447,0.1728
CUST1005269,2026-06,0.1735,0.3705,0.2001,0.1842,0.3947,0.1714
CUST1005270,2026-06,0.534,0.4387,0.2119,0.2566,0.4552,0.2175
CUST1005271,2026-06,0.1036,0.0177,0.1301,0.1004,0.4771,0.214
CUST1005272,2026-06,0.5002,0.2827,0.5502,0.4661,0.299,0.0946
CUST1005273,2026-06,0.3125,0.1412,0.4527,0.4114,0.5228,0.2722
CUST1005274,2026-06,0.2159,0.3713,0.01,0.131,0.1483,0.6737
CUST1005275,2026-06,0.5462,0.1399,0.7321,0.3996,0.2419,0.3224
CUST1005276,2026-06,0.5667,0.3978,0.3213,0.3789,0.3585,0.1589
CUST1005277,2026-06,0.2798,0.2948,0.1829,0.3241,0.2855,0.1771
CUST1005278,2026-06,0.5128,0.1827,0.2733,0.2402,0.3205,0.3273
CUST1005279,2026-06,0.4088,0.2407,0.4993,0.2155,0.4274,0.2603
CUST1005280,2026-06,0.452,0.3731,0.5217,0.4828,0.3639,0.181
CUST1005281,2026-06,0.7103,0.1802,0.5259,0.2912,0.0785,0.4995
CUST1005282,2026-06,0.4403,0.2673,0.6391,0.1206,0.2765,0.3241
CUST1005283,2026-06,0.7293,0.1825,0.3918,0.4859,0.3224,0.2987
CUST1005284,2026-06,0.1591,0.3203,0.1145,0.3241,0.3164,0.2714
CUST1005285,2026-06,0.3775,0.4072,0.5206,0.5778,0.3467,0.2308
CUST1005286,2026-06,0.4869,0.2698,0.497,0.343,0.6813,0.1764
CUST1005287,2026-06,0.421,0.2083,0.0765,0.3284,0.2682,0.0362
CUST1005288,2026-06,0.2011,0.2778,0.1203,0.2172,0.3892,0.2331
CUST1005289,2026-06,0.2771,0.3707,0.5522,0.1198,0.3952,0.1575
CUST1005290,2026-06,0.1214,0.3816,0.0623,0.2773,0.3261,0.3073
CUST1005291,2026-06,0.426,0.479,0.3674,0.5439,0.2935,0.2198
CUST1005292,2026-06,0.6657,0.1776,0.4305,0.3336,0.1617,0.0661
CUST1005293,2026-06,0.4885,0.0353,0.207,0.2652,0.1732,0.3202
CUST1005294,2026-06,0.4915,0.4786,0.2793,0.5299,0.3566,0.1861
CUST1005295,2026-06,0.4726,0.1525,0.0602,0.3552,0.3668,0.1638
CUST1005296,2026-06,0.1173,0.2802,0.0888,0.2533,0.4348,0.1792
CUST1005297,2026-06,0.5179,0.6089,0.3822,0.4734,0.3026,0.0906
CUST1005298,2026-06,0.5833,0.2607,0.3599,0.5729,0.3058,0.1315
CUST1005299,2026-06,0.5263,0.3208,0.1338,0.1709,0.4175,0.2342
CUST1005300,2026-06,0.6044,0.3139,0.3538,0.5646,0.2608,0.2048
CUST1005301,2026-06,0.488,0.4404,0.5027,0.2713,0.3958,0.1222
CUST1005302,2026-06,0.1125,0.1953,0.1284,0.4029,0.386,0.1116
CUST1005303,2026-06,0.5173,0.01,0.1017,0.2622,0.254,0.187
CUST1005304,2026-06,0.135,0.1309,0.3613,0.3644,0.513,0.1689
CUST1005305,2026-06,0.7187,0.3727,0.3321,0.4059,0.247,0.1624
CUST1005306,2026-06,0.5144,0.075,0.2172,0.5016,0.4289,0.2321
CUST1005307,2026-06,0.4257,0.5052,0.3338,0.4124,0.4382,0.0932999999999999
CUST1005308,2026-06,0.4068,0.5536,0.5936,0.3867,0.1563,0.532
CUST1005309,2026-06,0.5354,0.4049,0.5013,0.4226,0.4031,0.169
CUST1005310,2026-06,0.1575,0.1279,0.2225,0.2555,0.5413,0.0698
CUST1005311,2026-06,0.5977,0.4351,0.3883,0.3606,0.3561,0.0796
CUST1005312,2026-06,0.6293,0.3034,0.4168,0.5537,0.3467,0.1703
CUST1005313,2026-06,0.5005,0.4218,0.2611,0.6236,0.4037,0.219
CUST1005314,2026-06,0.23,0.4253,0.458,0.3046,0.4059,0.1519
CUST1005315,2026-06,0.4345,0.368,0.6296,0.4311,0.3279,0.2227
CUST1005316,2026-06,0.6596,0.1833,0.4532,0.4766,0.3194,0.1718
CUST1005317,2026-06,0.7501,0.4473,0.5987,0.4047,0.2203,0.2866
CUST1005318,2026-06,0.4125,0.3913,0.3854,0.0338,0.5467,0.1238
CUST1005319,2026-06,0.6341,0.125,0.315,0.2624,0.239,0.2244
CUST1005320,2026-06,0.4074,0.3651,0.4476,0.5461,0.7175,0.1854
CUST1005321,2026-06,0.327,0.3476,0.4856,0.3265,0.4266,0.1449
CUST1005322,2026-06,0.263,0.2645,0.2063,0.1525,0.6031,0.1289
CUST1005323,2026-06,0.5009,0.1848,0.6979,0.3076,0.1254,0.1666
CUST1005324,2026-06,0.6608,0.1738,0.5786,0.2714,0.1922,0.1713
CUST1005325,2026-06,0.448,0.5239,0.4865,0.4228,0.4019,0.1792
CUST1005326,2026-06,0.7008,0.2872,0.3161,0.4869,0.2444,0.1439
CUST1005327,2026-06,0.4182,0.5406,0.3277,0.541,0.3518,0.175
CUST1005328,2026-06,0.4455,0.3363,0.3889,0.2361,0.3669,0.1513
CUST1005329,2026-06,0.5767,0.2694,0.3223,0.4264,0.2452,0.3094
CUST1005330,2026-06,0.4044,0.4674,0.5767,0.3218,0.3268,0.2971
CUST1005331,2026-06,0.5779,0.3468,0.4095,0.4468,0.4203,0.244
CUST1005332,2026-06,0.425,0.3874,0.5819,0.392,0.4862,0.2353
CUST1005333,2026-06,0.4782,0.2021,0.0649,0.2995,0.1374,0.1037
CUST1005334,2026-06,0.2597,0.2603,0.3202,0.3157,0.2312,0.0434
CUST1005335,2026-06,0.2976,0.3094,0.1018,0.5506,0.494,0.2631
CUST1005336,2026-06,0.6495,0.1868,0.3658,0.514,0.3089,0.1365
CUST1005337,2026-06,0.7492,0.1903,0.6014,0.5302,0.2999,0.1594
CUST1005338,2026-06,0.6234,0.305,0.5395,0.4294,0.1658,0.1957
CUST1005339,2026-06,0.3236,0.2358,0.4198,0.4565,0.2998,0.6289
CUST1005340,2026-06,0.3113,0.01,0.2073,0.2967,0.2572,0.0878
CUST1005341,2026-06,0.3005,0.3248,0.4307,0.2907,0.4831,0.1237
CUST1005342,2026-06,0.619,0.2698,0.4926,0.2041,0.4831,0.2092
CUST1005343,2026-06,0.366,0.192,0.0746,0.5778,0.3759,0.0864999999999999
CUST1005344,2026-06,0.3721,0.2546,0.3438,0.1834,0.3211,0.0947
CUST1005345,2026-06,0.5452,0.4952,0.4886,0.3342,0.3252,0.1415
CUST1005346,2026-06,0.4516,0.4627,0.4522,0.2865,0.4559,0.2288
CUST1005347,2026-06,0.2382,0.2953,0.2054,0.2012,0.295,0.426
CUST1005348,2026-06,0.2927,0.5279,0.3715,0.3147,0.3205,0.1993
CUST1005349,2026-06,0.7666,0.2007,0.4565,0.4288,0.2488,0.353
CUST1005350,2026-06,0.4613,0.322,0.01,0.4031,0.3511,0.6701
CUST1005351,2026-06,0.2773,0.1995,0.1264,0.3479,0.3227,0.3098
CUST1005352,2026-06,0.2915,0.0203,0.01,0.2489,0.3108,0.01
CUST1005353,2026-06,0.4358,0.4647,0.5284,0.1209,0.3759,0.2158
CUST1005354,2026-06,0.3565,0.3257,0.1619,0.6318,0.2699,0.053
CUST1005355,2026-06,0.4293,0.402,0.4454,0.4821,0.3141,0.0799
CUST1005356,2026-06,0.5083,0.2869,0.1792,0.2811,0.2985,0.2442
CUST1005357,2026-06,0.4049,0.057,0.146,0.3283,0.2313,0.1539
CUST1005358,2026-06,0.2552,0.2955,0.2623,0.3981,0.483,0.7445
CUST1005359,2026-06,0.3335,0.4102,0.3029,0.3299,0.2961,0.2325
CUST1005360,2026-06,0.3731,0.389,0.3941,0.331,0.3734,0.1753
CUST1005361,2026-06,0.3291,0.2962,0.1206,0.2714,0.349,0.146
CUST1005362,2026-06,0.3029,0.5132,0.3598,0.3699,0.3465,0.6026
CUST1005363,2026-06,0.5077,0.01,0.1196,0.3753,0.2469,0.2007
CUST1005364,2026-06,0.5754,0.2366,0.3165,0.3026,0.2137,0.1152
CUST1005365,2026-06,0.4268,0.5315,0.3701,0.5217,0.3181,0.1013
CUST1005366,2026-06,0.1346,0.3455,0.151,0.3719,0.3552,0.1681
CUST1005367,2026-06,0.5779,0.3046,0.4035,0.2492,0.184,0.1427
CUST1005368,2026-06,0.4221,0.3081,0.1738,0.4162,0.3266,0.4966
CUST1005369,2026-06,0.6418,0.4991,0.5785,0.3939,0.4437,0.1918
CUST1005370,2026-06,0.1123,0.2858,0.0432,0.3788,0.3255,0.2296
CUST1005371,2026-06,0.5951,0.2042,0.353,0.4453,0.3731,0.1262
CUST1005372,2026-06,0.4715,0.3014,0.448,0.2738,0.2653,0.1627
CUST1005373,2026-06,0.4635,0.5055,0.3446,0.3404,0.2099,0.0608
CUST1005374,2026-06,0.5133,0.3368,0.3537,0.4521,0.5505,0.2043
CUST1005375,2026-06,0.281,0.1848,0.239,0.6069,0.3503,0.1872
CUST1005376,2026-06,0.5891,0.4192,0.374,0.2441,0.309,0.2223
CUST1005377,2026-06,0.6817,0.1619,0.3431,0.344,0.2773,0.1003
CUST1005378,2026-06,0.2714,0.4207,0.5681,0.1737,0.2485,0.1532
CUST1005379,2026-06,0.5936,0.1994,0.3302,0.2097,0.2691,0.2096
CUST1005380,2026-06,0.4923,0.4936,0.6388,0.1857,0.4844,0.1896
CUST1005381,2026-06,0.5817,0.4002,0.5623,0.5903,0.2649,0.0977
CUST1005382,2026-06,0.7276,0.2726,0.3861,0.3951,0.3225,0.191
CUST1005383,2026-06,0.7379,0.2278,0.3679,0.4187,0.193,0.2281
CUST1005384,2026-06,0.6081,0.2753,0.3841,0.2031,0.2875,0.2643
CUST1005385,2026-06,0.4587,0.0463,0.0787,0.0927,0.2523,0.1834
CUST1005386,2026-06,0.6064,0.5152,0.2493,0.5381,0.3981,0.1926
CUST1005387,2026-06,0.0656,0.1176,0.3573,0.261,0.0606,0.192
CUST1005388,2026-06,0.5059,0.5959,0.4791,0.5018,0.3835,0.1661
CUST1005389,2026-06,0.5841,0.2318,0.4891,0.1946,0.1443,0.3866
CUST1005390,2026-06,0.57,0.5308,0.4304,0.4975,0.6004,0.1846
CUST1005391,2026-06,0.3648,0.01,0.1448,0.4642,0.3675,0.1906
CUST1005392,2026-06,0.4063,0.3441,0.3181,0.3157,0.3101,0.1639
CUST1005393,2026-06,0.5156,0.4806,0.4011,0.2113,0.4891,0.0955
CUST1005394,2026-06,0.7428,0.4287,0.645,0.5507,0.305,0.2852
CUST1005395,2026-06,0.4934,0.2885,0.3639,0.5051,0.3769,0.01
CUST1005396,2026-06,0.146,0.1832,0.1541,0.2574,0.3238,0.6267
CUST1005397,2026-06,0.3663,0.1919,0.4387,0.3625,0.162,0.0884
CUST1005398,2026-06,0.6056,0.194,0.3487,0.2877,0.3278,0.3147
CUST1005399,2026-06,0.4703,0.3206,0.4274,0.271,0.2059,0.1492
CUST1005400,2026-06,0.3503,0.0801,0.443,0.2333,0.3085,0.0767
CUST1005401,2026-06,0.3753,0.3649,0.3932,0.3568,0.3124,0.1733
CUST1005402,2026-06,0.5254,0.2614,0.4412,0.5207,0.2798,0.7751
CUST1005403,2026-06,0.8295,0.3763,0.3887,0.4384,0.4112,0.1522
CUST1005404,2026-06,0.3241,0.333,0.4885,0.54,0.3249,0.5753
CUST1005405,2026-06,0.6022,0.4672,0.5311,0.2652,0.5136,0.3208
CUST1005406,2026-06,0.2653,0.1036,0.1892,0.3225,0.3461,0.01
CUST1005407,2026-06,0.7385,0.2679,0.5858,0.2952,0.3495,0.2042
CUST1005408,2026-06,0.5494,0.2987,0.3959,0.4418,0.4373,0.061
CUST1005409,2026-06,0.4951,0.2412,0.4544,0.3497,0.3482,0.3004
CUST1005410,2026-06,0.2749,0.0645,0.0793,0.1144,0.5083,0.2019
CUST1005411,2026-06,0.2335,0.01,0.2006,0.2209,0.2317,0.1582
CUST1005412,2026-06,0.368,0.3649,0.3883,0.3937,0.4077,0.0864
CUST1005413,2026-06,0.3021,0.4378,0.5538,0.4493,0.3107,0.1587
CUST1005414,2026-06,0.1247,0.1441,0.1271,0.281,0.455,0.1329
CUST1005415,2026-06,0.0931,0.01,0.0777,0.4716,0.1626,0.2352
CUST1005416,2026-06,0.6704,0.4318,0.3973,0.5271,0.2345,0.2661
CUST1005417,2026-06,0.3208,0.2308,0.2945,0.4826,0.3665,0.1087
CUST1005418,2026-06,0.6185,0.3646,0.4547,0.4714,0.3927,0.228
CUST1005419,2026-06,0.7939,0.2159,0.2198,0.6293,0.3053,0.6389
CUST1005420,2026-06,0.5347,0.2831,0.4208,0.2885,0.3227,0.291
CUST1005421,2026-06,0.5938,0.4318,0.3795,0.4966,0.4404,0.0728
CUST1005422,2026-06,0.7035,0.1536,0.3991,0.2879,0.1086,0.1183
CUST1005423,2026-06,0.4455,0.288,0.3849,0.4427,0.3237,0.0718
CUST1005424,2026-06,0.3139,0.0462,0.0922999999999999,0.09,0.1598,0.2632
CUST1005425,2026-06,0.5102,0.451,0.3277,0.3984,0.3797,0.1368
CUST1005426,2026-06,0.077,0.1869,0.1023,0.1183,0.3348,0.1248
CUST1005427,2026-06,0.3919,0.6075,0.475,0.5587,0.5312,0.1443
CUST1005428,2026-06,0.645,0.3757,0.4148,0.4979,0.1887,0.2872
CUST1005429,2026-06,0.4515,0.1519,0.4012,0.29,0.567,0.2014
CUST1005430,2026-06,0.3532,0.0502,0.051,0.1002,0.4122,0.331
CUST1005431,2026-06,0.7885,0.3073,0.2815,0.5652,0.1901,0.3774
CUST1005432,2026-06,0.5202,0.2874,0.3538,0.4293,0.4331,0.0606
CUST1005433,2026-06,0.475,0.4397,0.6388,0.3288,0.3713,0.1968
CUST1005434,2026-06,0.2359,0.01,0.1919,0.2704,0.3884,0.1173
CUST1005435,2026-06,0.0999,0.0712,0.01,0.1489,0.1958,0.6499
CUST1005436,2026-06,0.7428,0.4485,0.4541,0.1528,0.2535,0.1331
CUST1005437,2026-06,0.5555,0.1854,0.2944,0.2531,0.5308,0.0918
CUST1005438,2026-06,0.1948,0.0359,0.213,0.0998,0.4039,0.0816
CUST1005439,2026-06,0.4457,0.3734,0.1707,0.5418,0.1173,0.0782999999999999
CUST1005440,2026-06,0.3344,0.2936,0.2969,0.2154,0.2794,0.197
CUST1005441,2026-06,0.4678,0.4337,0.6201,0.3925,0.3024,0.1448
CUST1005442,2026-06,0.457,0.132,0.124,0.5295,0.3411,0.2599
CUST1005443,2026-06,0.4632,0.2436,0.3842,0.4283,0.5953,0.0805
CUST1005444,2026-06,0.5266,0.3898,0.2925,0.5265,0.2339,0.2438
CUST1005445,2026-06,0.5261,0.0685999999999999,0.0272,0.0507,0.3029,0.0117
CUST1005446,2026-06,0.2301,0.1862,0.33,0.3194,0.5746,0.2427
CUST1005447,2026-06,0.5141,0.5416,0.343,0.4236,0.321,0.147
CUST1005448,2026-06,0.7447,0.0966999999999999,0.4558,0.5967,0.2292,0.1883
CUST1005449,2026-06,0.5249,0.0234,0.2097,0.3302,0.2,0.1439
CUST1005450,2026-06,0.3209,0.0446,0.1491,0.5634,0.6614,0.1569
CUST1005451,2026-06,0.6816,0.2077,0.3677,0.4776,0.3184,0.3405
CUST1005452,2026-06,0.3406,0.1712,0.1533,0.3657,0.2881,0.1943
CUST1005453,2026-06,0.4755,0.2024,0.3959,0.1899,0.2787,0.1861
CUST1005454,2026-06,0.573,0.251,0.4111,0.238,0.6323,0.2405
CUST1005455,2026-06,0.3851,0.01,0.288,0.1052,0.4894,0.2471
CUST1005456,2026-06,0.2646,0.118,0.3536,0.4251,0.4644,0.1952
CUST1005457,2026-06,0.1856,0.4703,0.3491,0.3037,0.3608,0.1265
CUST1005458,2026-06,0.1753,0.183,0.253,0.1745,0.4093,0.1185
CUST1005459,2026-06,0.4677,0.1057,0.2674,0.6279,0.2297,0.2193
CUST1005460,2026-06,0.3356,0.5538,0.5426,0.4931,0.5488,0.1822
CUST1005461,2026-06,0.3712,0.1493,0.0502,0.3338,0.3341,0.1435
CUST1005462,2026-06,0.5591,0.363,0.7304,0.5912,0.4833,0.2788
CUST1005463,2026-06,0.4917,0.2304,0.4414,0.4496,0.442,0.2191
CUST1005464,2026-06,0.2092,0.3958,0.3207,0.2105,0.4771,0.3254
CUST1005465,2026-06,0.742,0.1992,0.3236,0.2296,0.382,0.1219
CUST1005466,2026-06,0.4142,0.4701,0.3448,0.5637,0.3535,0.1747
CUST1005467,2026-06,0.6594,0.2764,0.3854,0.3846,0.4152,0.2434
CUST1005468,2026-06,0.4229,0.3684,0.3258,0.4541,0.3883,0.0671
CUST1005469,2026-06,0.4161,0.4056,0.5292,0.4186,0.4574,0.1214
CUST1005470,2026-06,0.4561,0.2708,0.4473,0.4272,0.3767,0.2517
CUST1005471,2026-06,0.421,0.1984,0.4731,0.3093,0.57,0.01
CUST1005472,2026-06,0.567,0.3733,0.3716,0.3874,0.1446,0.1412
CUST1005473,2026-06,0.5991,0.3643,0.4031,0.5502,0.2395,0.1546
CUST1005474,2026-06,0.5835,0.3809,0.3636,0.4306,0.5014,0.1166
CUST1005475,2026-06,0.6135,0.5166,0.4486,0.4411,0.3115,0.1752
CUST1005476,2026-06,0.3718,0.1817,0.2116,0.4039,0.3707,0.168
CUST1005477,2026-06,0.1412,0.3042,0.3288,0.3548,0.3297,0.2301
CUST1005478,2026-06,0.5617,0.3965,0.4375,0.5402,0.2421,0.1798
CUST1005479,2026-06,0.6156,0.3232,0.5112,0.3877,0.3444,0.1538
CUST1005480,2026-06,0.1561,0.3596,0.1284,0.3091,0.6277,0.3337
CUST1005481,2026-06,0.6418,0.2393,0.459,0.4358,0.2366,0.1125
CUST1005482,2026-06,0.3062,0.2529,0.1925,0.211,0.2149,0.1939
CUST1005483,2026-06,0.3755,0.5628,0.4192,0.5269,0.2528,0.2101
CUST1005484,2026-06,0.5833,0.2888,0.2456,0.3584,0.1885,0.1621
CUST1005485,2026-06,0.4325,0.5159,0.3241,0.4341,0.4893,0.2781
CUST1005486,2026-06,0.5859,0.4008,0.4764,0.4321,0.2778,0.1653
CUST1005487,2026-06,0.199,0.2233,0.01,0.4033,0.2104,0.6904
CUST1005488,2026-06,0.4855,0.3506,0.3086,0.553,0.2967,0.1569
CUST1005489,2026-06,0.2206,0.3534,0.1696,0.1016,0.3028,0.1228
CUST1005490,2026-06,0.4537,0.474,0.2563,0.1717,0.2062,0.2747
CUST1005491,2026-06,0.4787,0.1449,0.1886,0.6773,0.3348,0.1339
CUST1005492,2026-06,0.574,0.2496,0.4832,0.5063,0.5674,0.0312
CUST1005493,2026-06,0.3291,0.2039,0.1582,0.4346,0.257,0.3596
CUST1005494,2026-06,0.5908,0.1409,0.5397,0.3289,0.1345,0.3865
CUST1005495,2026-06,0.2497,0.3464,0.3176,0.01,0.4044,0.2092
CUST1005496,2026-06,0.4913,0.3861,0.3613,0.588,0.4918,0.0499
CUST1005497,2026-06,0.4152,0.2351,0.3682,0.4058,0.5767,0.2667
CUST1005498,2026-06,0.2264,0.1287,0.3348,0.1109,0.2535,0.2955
CUST1005499,2026-06,0.5051,0.3157,0.4873,0.1931,0.4067,0.359
CUST1005500,2026-06,0.3509,0.5265,0.6101,0.1405,0.4756,0.1702
CUST1005501,2026-06,0.312,0.0667,0.1038,0.4873,0.6476,0.1745
CUST1005502,2026-06,0.2599,0.1193,0.14,0.4733,0.3257,0.1303
CUST1005503,2026-06,0.6693,0.2677,0.3132,0.3985,0.322,0.1538
CUST1005504,2026-06,0.6562,0.1474,0.4864,0.3847,0.3612,0.1934
CUST1005505,2026-06,0.228,0.3369,0.1946,0.2976,0.2312,0.1833
CUST1005506,2026-06,0.6401,0.5309,0.3275,0.4223,0.4122,0.1733
CUST1005507,2026-06,0.3634,0.01,0.01,0.01,0.1084,0.2829
CUST1005508,2026-06,0.5151,0.01,0.1801,0.1852,0.1818,0.1752
CUST1005509,2026-06,0.3256,0.437,0.6893,0.4473,0.2467,0.0602
CUST1005510,2026-06,0.3483,0.0234,0.1999,0.2673,0.3609,0.3403
CUST1005511,2026-06,0.4985,0.2071,0.2804,0.3711,0.5203,0.1218
CUST1005512,2026-06,0.4076,0.2242,0.0368,0.1235,0.1281,0.5627
CUST1005513,2026-06,0.4105,0.4693,0.2647,0.331,0.2529,0.1288
CUST1005514,2026-06,0.4693,0.3968,0.4345,0.4872,0.2868,0.187
CUST1005515,2026-06,0.2298,0.273,0.5056,0.4893,0.2022,0.148
CUST1005516,2026-06,0.4049,0.0711,0.4773,0.4979,0.2332,0.5651
CUST1005517,2026-06,0.1096,0.2443,0.207,0.1826,0.3265,0.1326
CUST1005518,2026-06,0.7839,0.3342,0.5032,0.5009,0.3061,0.1498
CUST1005519,2026-06,0.0762,0.1875,0.0366,0.2445,0.2322,0.1588
CUST1005520,2026-06,0.1972,0.1784,0.0563,0.3321,0.226,0.3194
CUST1005521,2026-06,0.5969,0.4914,0.4059,0.5259,0.365,0.1373
CUST1005522,2026-06,0.4718,0.4648,0.3267,0.2113,0.2981,0.0509
CUST1005523,2026-06,0.401,0.2928,0.562,0.1186,0.176,0.1431
CUST1005524,2026-06,0.4839,0.1987,0.4955,0.155,0.3149,0.2411
CUST1005525,2026-06,0.5824,0.2328,0.3429,0.3645,0.5373,0.2187
CUST1005526,2026-06,0.3833,0.0324,0.103,0.2647,0.5484,0.1532
CUST1005527,2026-06,0.4616,0.2906,0.2812,0.4258,0.3745,0.1469
CUST1005528,2026-06,0.2231,0.1834,0.01,0.2106,0.5301,0.1796
CUST1005529,2026-06,0.5444,0.2278,0.411,0.3775,0.6185,0.2376
CUST1005530,2026-06,0.4639,0.3802,0.2961,0.3915,0.3018,0.0709999999999999
CUST1005531,2026-06,0.5031,0.01,0.1509,0.4546,0.1834,0.2985
CUST1005532,2026-06,0.659,0.3942,0.4891,0.4585,0.3464,0.0977
CUST1005533,2026-06,0.4954,0.2491,0.3382,0.5153,0.3358,0.2205
CUST1005534,2026-06,0.5402,0.6061,0.5754,0.3727,0.2739,0.07
CUST1005535,2026-06,0.5405,0.5124,0.537,0.4525,0.4013,0.2765
CUST1005536,2026-06,0.1559,0.2789,0.1237,0.1487,0.3966,0.1546
CUST1005537,2026-06,0.6627,0.3305,0.3969,0.5445,0.3103,0.0901
CUST1005538,2026-06,0.4716,0.432,0.5105,0.2119,0.2698,0.327
CUST1005539,2026-06,0.7535,0.4929,0.4607,0.4318,0.4289,0.3219
CUST1005540,2026-06,0.2012,0.2679,0.1132,0.4258,0.3651,0.2514
CUST1005541,2026-06,0.2293,0.3301,0.0834,0.5466,0.3224,0.1534
CUST1005542,2026-06,0.2307,0.1679,0.4044,0.1936,0.4312,0.2191
CUST1005543,2026-06,0.6517,0.2092,0.3616,0.4442,0.2962,0.1403
CUST1005544,2026-06,0.6884,0.4512,0.6656,0.4811,0.1165,0.012
CUST1005545,2026-06,0.6222,0.5563,0.4121,0.5655,0.353,0.1452
CUST1005546,2026-06,0.4677,0.0788,0.0185,0.2179,0.3604,0.2277
CUST1005547,2026-06,0.584,0.3898,0.521,0.391,0.4596,0.0384
CUST1005548,2026-06,0.4175,0.4334,0.4085,0.2019,0.2494,0.2282
CUST1005549,2026-06,0.5151,0.3035,0.2874,0.1389,0.2397,0.1642
CUST1005550,2026-06,0.4411,0.01,0.1356,0.2965,0.3415,0.1523
CUST1005551,2026-06,0.7219,0.3847,0.2915,0.0982,0.3744,0.1561
CUST1005552,2026-06,0.1924,0.3342,0.059,0.5503,0.4785,0.1357
CUST1005553,2026-06,0.6353,0.4479,0.32,0.5611,0.2061,0.1519
CUST1005554,2026-06,0.0937,0.0312,0.0117,0.188,0.5282,0.1399
CUST1005555,2026-06,0.5493,0.2029,0.3997,0.2232,0.1316,0.3341
CUST1005556,2026-06,0.1792,0.2111,0.2649,0.1701,0.593,0.3081
CUST1005557,2026-06,0.5778,0.2808,0.2812,0.3203,0.3574,0.1777
CUST1005558,2026-06,0.2679,0.3385,0.6781,0.3589,0.2979,0.266
CUST1005559,2026-06,0.5435,0.3079,0.3237,0.4178,0.3756,0.01
CUST1005560,2026-06,0.1926,0.2536,0.1382,0.3401,0.3651,0.1787
CUST1005561,2026-06,0.0995999999999999,0.2746,0.1691,0.3633,0.2713,0.2277
CUST1005562,2026-06,0.609,0.4961,0.5745,0.4597,0.1531,0.1762
CUST1005563,2026-06,0.2866,0.1854,0.0107,0.1346,0.3578,0.2209
CUST1005564,2026-06,0.4249,0.3285,0.2731,0.521,0.366,0.0507
CUST1005565,2026-06,0.4298,0.3867,0.5545,0.3814,0.3377,0.1535
CUST1005566,2026-06,0.3643,0.3663,0.7839,0.5299,0.3686,0.1449
CUST1005567,2026-06,0.2087,0.3384,0.1181,0.1913,0.5435,0.0614
CUST1005568,2026-06,0.5672,0.1988,0.7475,0.4382,0.2866,0.1845
CUST1005569,2026-06,0.409,0.2986,0.3827,0.1712,0.2101,0.0588
CUST1005570,2026-06,0.5724,0.2348,0.5367,0.4713,0.341,0.094
CUST1005571,2026-06,0.4143,0.1489,0.36,0.39,0.3444,0.1637
CUST1005572,2026-06,0.1285,0.2972,0.204,0.1514,0.3422,0.1604
CUST1005573,2026-06,0.3842,0.3146,0.137,0.5482,0.3434,0.1775
CUST1005574,2026-06,0.1704,0.3704,0.0825,0.3575,0.3431,0.1605
CUST1005575,2026-06,0.4625,0.5777,0.5387,0.3699,0.2432,0.1761
CUST1005576,2026-06,0.4468,0.4871,0.4909,0.3247,0.1936,0.1231
CUST1005577,2026-06,0.2311,0.2273,0.1519,0.0646,0.3145,0.2598
CUST1005578,2026-06,0.0659,0.3542,0.0366,0.3102,0.3128,0.5886
CUST1005579,2026-06,0.2567,0.3413,0.0879999999999999,0.5109,0.365,0.2625
CUST1005580,2026-06,0.5298,0.3644,0.5576,0.3078,0.2589,0.4132
CUST1005581,2026-06,0.6689,0.0908999999999999,0.4497,0.3746,0.3033,0.05
CUST1005582,2026-06,0.4837,0.3182,0.0536,0.1883,0.318,0.2336
CUST1005583,2026-06,0.6372,0.2236,0.4513,0.219,0.597,0.1222
CUST1005584,2026-06,0.3661,0.0896,0.2181,0.4035,0.3093,0.01
CUST1005585,2026-06,0.3042,0.3558,0.4846,0.3474,0.5242,0.1022
CUST1005586,2026-06,0.5121,0.5189,0.5028,0.2454,0.2457,0.7505
CUST1005587,2026-06,0.3334,0.01,0.1858,0.2341,0.1624,0.2499
CUST1005588,2026-06,0.3679,0.3114,0.4922,0.3446,0.3845,0.1932
CUST1005589,2026-06,0.3646,0.18,0.316,0.3311,0.349,0.1693
CUST1005590,2026-06,0.4031,0.01,0.1208,0.3283,0.3823,0.1982
CUST1005591,2026-06,0.1157,0.2172,0.2311,0.3504,0.3594,0.24
CUST1005592,2026-06,0.5235,0.4168,0.4018,0.3565,0.4064,0.3035
CUST1005593,2026-06,0.479,0.1979,0.3573,0.1787,0.6437,0.0638
CUST1005594,2026-06,0.5333,0.2292,0.4381,0.5013,0.2353,0.1303
CUST1005595,2026-06,0.4791,0.3587,0.4856,0.5073,0.3517,0.1807
CUST1005596,2026-06,0.4133,0.5451,0.5881,0.3588,0.4895,0.1498
CUST1005597,2026-06,0.2778,0.284,0.4374,0.1954,0.1881,0.0458
CUST1005598,2026-06,0.513,0.2521,0.4602,0.4873,0.2932,0.1379
CUST1005599,2026-06,0.4428,0.2629,0.6833,0.3045,0.1074,0.3281
CUST1005600,2026-06,0.4314,0.4484,0.5224,0.2633,0.3776,0.0937999999999999
CUST1005601,2026-06,0.2605,0.4043,0.2701,0.0262,0.2391,0.1709
CUST1005602,2026-06,0.4283,0.0515,0.3329,0.2368,0.3089,0.4596
CUST1005603,2026-06,0.1434,0.3364,0.1251,0.3016,0.3799,0.1044
CUST1005604,2026-06,0.508,0.444,0.4211,0.2385,0.4273,0.195
CUST1005605,2026-06,0.5543,0.3305,0.2713,0.3387,0.2286,0.2959
CUST1005606,2026-06,0.1176,0.2198,0.023,0.2439,0.5177,0.0926
CUST1005607,2026-06,0.5238,0.2197,0.426,0.4083,0.4186,0.2096
CUST1005608,2026-06,0.3469,0.0333,0.3292,0.2323,0.2566,0.2474
CUST1005609,2026-06,0.3853,0.4817,0.5416,0.4764,0.1787,0.1225
CUST1005610,2026-06,0.5446,0.4401,0.524,0.1771,0.1103,0.0921
CUST1005611,2026-06,0.5127,0.1289,0.1002,0.3431,0.226,0.3792
CUST1005612,2026-06,0.3738,0.4973,0.295,0.4305,0.3844,0.0771
CUST1005613,2026-06,0.3927,0.01,0.2206,0.1765,0.3568,0.3199
CUST1005614,2026-06,0.5864,0.2255,0.3976,0.4571,0.4472,0.01
CUST1005615,2026-06,0.3041,0.3933,0.1532,0.4524,0.4403,0.1823
CUST1005616,2026-06,0.5784,0.3001,0.2987,0.2906,0.3124,0.2802
CUST1005617,2026-06,0.0926,0.2201,0.2379,0.3408,0.428,0.2432
CUST1005618,2026-06,0.4381,0.0693,0.1889,0.273,0.4014,0.1994
CUST1005619,2026-06,0.5263,0.3898,0.3791,0.4709,0.2136,0.2342
CUST1005620,2026-06,0.1871,0.151,0.1033,0.2153,0.3054,0.1494
CUST1005621,2026-06,0.5192,0.4742,0.3069,0.4325,0.3275,0.5728
CUST1005622,2026-06,0.4819,0.3797,0.583,0.5267,0.3225,0.3416
CUST1005623,2026-06,0.536,0.2658,0.4716,0.2447,0.3381,0.1705
CUST1005624,2026-06,0.2335,0.1973,0.3149,0.34,0.241,0.1412
CUST1005625,2026-06,0.6001,0.5006,0.474,0.4459,0.3475,0.1922
CUST1005626,2026-06,0.1378,0.2477,0.2253,0.1351,0.5766,0.154
CUST1005627,2026-06,0.2128,0.3191,0.1777,0.4679,0.2753,0.261
CUST1005628,2026-06,0.1881,0.0821,0.2134,0.276,0.2402,0.3157
CUST1005629,2026-06,0.4214,0.1038,0.2235,0.2487,0.3986,0.2235
CUST1005630,2026-06,0.459,0.3274,0.5434,0.5474,0.2928,0.2719
CUST1005631,2026-06,0.3121,0.3359,0.4125,0.2612,0.3094,0.2027
CUST1005632,2026-06,0.6611,0.3941,0.5171,0.436,0.417,0.1382
CUST1005633,2026-06,0.2925,0.2184,0.1541,0.59,0.2281,0.6719
CUST1005634,2026-06,0.1301,0.1862,0.0559,0.3529,0.5307,0.1309
CUST1005635,2026-06,0.2054,0.0651,0.336,0.3618,0.5598,0.1882
CUST1005636,2026-06,0.312,0.1487,0.01,0.4677,0.3791,0.2699
CUST1005637,2026-06,0.4663,0.1515,0.4156,0.175,0.2726,0.1969
CUST1005638,2026-06,0.3785,0.3487,0.2941,0.017,0.4125,0.063
CUST1005639,2026-06,0.5539,0.4798,0.3269,0.444,0.3791,0.2121
CUST1005640,2026-06,0.3881,0.4262,0.5465,0.394,0.3945,0.1142
CUST1005641,2026-06,0.3226,0.491,0.461,0.2126,0.3026,0.1623
CUST1005642,2026-06,0.3433,0.3866,0.4905,0.2873,0.1907,0.428
CUST1005643,2026-06,0.6921,0.3775,0.5734,0.5024,0.2197,0.1938
CUST1005644,2026-06,0.5559,0.3197,0.5026,0.2015,0.356,0.1865
CUST1005645,2026-06,0.4692,0.4727,0.548,0.2054,0.3073,0.1852
CUST1005646,2026-06,0.4442,0.5066,0.3544,0.4492,0.3498,0.0955
CUST1005647,2026-06,0.2517,0.2518,0.2091,0.3475,0.2946,0.1189
CUST1005648,2026-06,0.4709,0.3579,0.5631,0.3066,0.3346,0.2221
CUST1005649,2026-06,0.1395,0.1894,0.1771,0.462,0.3033,0.2273
CUST1005650,2026-06,0.4696,0.01,0.1806,0.2073,0.1932,0.1792
CUST1005651,2026-06,0.2796,0.3784,0.2389,0.5312,0.2541,0.5807
CUST1005652,2026-06,0.7337,0.3859,0.3749,0.4741,0.341,0.2156
CUST1005653,2026-06,0.3286,0.2836,0.5581,0.3838,0.305,0.3025
CUST1005654,2026-06,0.6453,0.4319,0.555,0.5576,0.2071,0.2871
CUST1005655,2026-06,0.4543,0.5205,0.4029,0.3819,0.5333,0.2394
CUST1005656,2026-06,0.5251,0.2023,0.5746,0.4679,0.1961,0.2231
CUST1005657,2026-06,0.5774,0.32,0.3774,0.0314,0.2447,0.1242
CUST1005658,2026-06,0.3929,0.4863,0.4593,0.1652,0.3677,0.1714
CUST1005659,2026-06,0.6528,0.1871,0.5454,0.1027,0.2935,0.2609
CUST1005660,2026-06,0.4757,0.0558,0.1924,0.01,0.1834,0.2456
CUST1005661,2026-06,0.6536,0.4368,0.3545,0.5046,0.4901,0.1671
CUST1005662,2026-06,0.4121,0.4794,0.408,0.2466,0.39,0.0665
CUST1005663,2026-06,0.6899,0.3093,0.494,0.4428,0.3085,0.0353
CUST1005664,2026-06,0.4744,0.1834,0.5238,0.2273,0.4111,0.1846
CUST1005665,2026-06,0.4456,0.4964,0.2636,0.4744,0.3633,0.193
CUST1005666,2026-06,0.5716,0.274,0.4226,0.5685,0.2144,0.0893
CUST1005667,2026-06,0.3343,0.01,0.1327,0.3763,0.5433,0.163
CUST1005668,2026-06,0.6403,0.4304,0.3631,0.1853,0.375,0.1483
CUST1005669,2026-06,0.6784,0.4165,0.3992,0.2796,0.3561,0.2119
CUST1005670,2026-06,0.7486,0.4892,0.2903,0.23,0.2079,0.0168
CUST1005671,2026-06,0.5973,0.304,0.3163,0.4234,0.2186,0.2969
CUST1005672,2026-06,0.4589,0.2061,0.4222,0.2832,0.369,0.1533
CUST1005673,2026-06,0.2685,0.3632,0.1993,0.5608,0.243,0.1469
CUST1005674,2026-06,0.4461,0.2406,0.4057,0.3061,0.4121,0.1768
CUST1005675,2026-06,0.1525,0.1532,0.2052,0.1092,0.3262,0.2017
CUST1005676,2026-06,0.1883,0.0543,0.1875,0.2881,0.2186,0.0488
CUST1005677,2026-06,0.6894,0.2316,0.4862,0.3498,0.1797,0.2101
CUST1005678,2026-06,0.5703,0.2509,0.6476,0.3738,0.2391,0.1014
CUST1005679,2026-06,0.4611,0.3895,0.532,0.4569,0.4419,0.2274
CUST1005680,2026-06,0.5152,0.1938,0.3772,0.2185,0.4131,0.1692
CUST1005681,2026-06,0.4685,0.369,0.4912,0.4367,0.0911,0.1242
CUST1005682,2026-06,0.3652,0.5555,0.2568,0.3247,0.3753,0.1346
CUST1005683,2026-06,0.3335,0.3037,0.2618,0.3551,0.4977,0.1322
CUST1005684,2026-06,0.3798,0.4085,0.6221,0.3958,0.4021,0.0734
CUST1005685,2026-06,0.5439,0.4839,0.229,0.3995,0.3828,0.0942999999999999
CUST1005686,2026-06,0.2931,0.3899,0.4656,0.2237,0.3559,0.1647
CUST1005687,2026-06,0.4451,0.096,0.2259,0.3493,0.1266,0.1235
CUST1005688,2026-06,0.4279,0.2245,0.1068,0.5236,0.5311,0.2988
CUST1005689,2026-06,0.3706,0.394,0.3354,0.2759,0.2948,0.1701
CUST1005690,2026-06,0.4967,0.4213,0.3089,0.4966,0.5139,0.1036
CUST1005691,2026-06,0.3447,0.469,0.5445,0.3787,0.5091,0.2071
CUST1005692,2026-06,0.2801,0.2977,0.0895,0.5112,0.4264,0.2063
CUST1005693,2026-06,0.4567,0.4649,0.4911,0.2625,0.2289,0.1513
CUST1005694,2026-06,0.7266,0.4472,0.2472,0.4731,0.2238,0.3085
CUST1005695,2026-06,0.6742,0.01,0.2548,0.3812,0.1577,0.1693
CUST1005696,2026-06,0.2195,0.2014,0.3137,0.4056,0.3476,0.2169
CUST1005697,2026-06,0.7605,0.2851,0.5135,0.4664,0.1951,0.12
CUST1005698,2026-06,0.61,0.2373,0.413,0.4082,0.3548,0.3522
CUST1005699,2026-06,0.6774,0.2943,0.2634,0.3624,0.2243,0.1709
CUST1005700,2026-06,0.3312,0.4856,0.483,0.4146,0.4159,0.0323
CUST1005701,2026-06,0.5696,0.5603,0.5183,0.4583,0.2242,0.1468
CUST1005702,2026-06,0.4882,0.2962,0.4048,0.3594,0.2805,0.2102
CUST1005703,2026-06,0.3267,0.1874,0.2742,0.4979,0.3677,0.1811
CUST1005704,2026-06,0.528,0.5346,0.6177,0.4398,0.4315,0.1233
CUST1005705,2026-06,0.4566,0.3029,0.0702,0.4494,0.5551,0.1541
CUST1005706,2026-06,0.4353,0.01,0.3272,0.1453,0.2823,0.3777
CUST1005707,2026-06,0.2198,0.1506,0.0701,0.2627,0.3531,0.2277
CUST1005708,2026-06,0.4797,0.4097,0.4841,0.4104,0.4846,0.3187
CUST1005709,2026-06,0.415,0.5257,0.4864,0.49,0.6558,0.1722
CUST1005710,2026-06,0.2938,0.1789,0.0818,0.3232,0.3201,0.2179
CUST1005711,2026-06,0.4337,0.4249,0.4109,0.2963,0.2736,0.2014
CUST1005712,2026-06,0.4534,0.3698,0.5347,0.3899,0.4661,0.1503
CUST1005713,2026-06,0.477,0.5159,0.4889,0.2402,0.5386,0.2091
CUST1005714,2026-06,0.0663,0.1835,0.4228,0.155,0.2382,0.1042
CUST1005715,2026-06,0.2421,0.3656,0.0616,0.3566,0.2773,0.2678
CUST1005716,2026-06,0.3232,0.01,0.303,0.3988,0.1599,0.2365
CUST1005717,2026-06,0.1361,0.01,0.1675,0.199,0.2083,0.1456
CUST1005718,2026-06,0.3584,0.5624,0.6241,0.29,0.3859,0.3944
CUST1005719,2026-06,0.1681,0.3468,0.2421,0.342,0.3369,0.0201
CUST1005720,2026-06,0.7322,0.3287,0.4217,0.5,0.2327,0.1471
CUST1005721,2026-06,0.4762,0.1756,0.2265,0.2655,0.5097,0.2074
CUST1005722,2026-06,0.577,0.571,0.4291,0.5441,0.5038,0.2118
CUST1005723,2026-06,0.6574,0.4294,0.4083,0.496,0.3883,0.0796
CUST1005724,2026-06,0.1551,0.1309,0.2463,0.3047,0.3873,0.2426
CUST1005725,2026-06,0.5224,0.1799,0.3036,0.4054,0.1681,0.2654
CUST1005726,2026-06,0.5737,0.4528,0.3357,0.5604,0.3585,0.3758
CUST1005727,2026-06,0.3051,0.3213,0.6726,0.1686,0.4829,0.1597
CUST1005728,2026-06,0.2821,0.4491,0.5112,0.1995,0.1872,0.0565
CUST1005729,2026-06,0.4306,0.359,0.4763,0.4304,0.4849,0.1361
CUST1005730,2026-06,0.5561,0.4008,0.5078,0.5055,0.3231,0.2408
CUST1005731,2026-06,0.5919,0.3769,0.4388,0.5018,0.2228,0.1231
CUST1005732,2026-06,0.678,0.3864,0.3886,0.5845,0.2524,0.1562
CUST1005733,2026-06,0.5995,0.1786,0.4408,0.0474,0.176,0.1143
CUST1005734,2026-06,0.3661,0.597,0.4238,0.3179,0.3892,0.1605
CUST1005735,2026-06,0.4076,0.6433,0.6739,0.2857,0.4186,0.1842
CUST1005736,2026-06,0.5234,0.3227,0.4257,0.3907,0.3133,0.1543
CUST1005737,2026-06,0.417,0.181,0.6601,0.1769,0.477,0.1744
CUST1005738,2026-06,0.1746,0.131,0.1422,0.2153,0.6449,0.1031
CUST1005739,2026-06,0.6775,0.2829,0.3434,0.3501,0.4979,0.2584
CUST1005740,2026-06,0.0619,0.2343,0.0722,0.2633,0.2401,0.1026
CUST1005741,2026-06,0.6531,0.1558,0.3411,0.2961,0.1537,0.2689
CUST1005742,2026-06,0.2489,0.01,0.1816,0.393,0.4276,0.2751
CUST1005743,2026-06,0.2404,0.1889,0.4627,0.2558,0.6523,0.0912
CUST1005744,2026-06,0.01,0.3308,0.1874,0.2977,0.3252,0.1903
CUST1005745,2026-06,0.2045,0.081,0.0879999999999999,0.5053,0.4295,0.1681
CUST1005746,2026-06,0.347,0.0951,0.2434,0.172,0.3072,0.0809
CUST1005747,2026-06,0.5169,0.5768,0.487,0.3723,0.4974,0.2008
CUST1005748,2026-06,0.4379,0.1988,0.1815,0.5166,0.2701,0.0574
CUST1005749,2026-06,0.4494,0.3938,0.3556,0.4684,0.2785,0.1877
CUST1005750,2026-06,0.3233,0.2689,0.2404,0.442,0.3445,0.1118
CUST1005751,2026-06,0.3857,0.3622,0.2374,0.3167,0.3801,0.0874
CUST1005752,2026-06,0.6678,0.1719,0.3634,0.487,0.3116,0.2615
CUST1005753,2026-06,0.4341,0.2899,0.4248,0.5029,0.4792,0.1433
CUST1005754,2026-06,0.3156,0.239,0.3863,0.346,0.1722,0.177
CUST1005755,2026-06,0.732,0.2813,0.273,0.3558,0.241,0.1758
CUST1005756,2026-06,0.3602,0.143,0.4362,0.2324,0.4828,0.1515
CUST1005757,2026-06,0.2423,0.2291,0.3297,0.5268,0.4881,0.3441
CUST1005758,2026-06,0.5554,0.01,0.4707,0.1064,0.2805,0.2805
CUST1005759,2026-06,0.2255,0.372,0.2492,0.5626,0.4081,0.3558
CUST1005760,2026-06,0.6267,0.0747,0.2843,0.5413,0.3545,0.1398
CUST1005761,2026-06,0.0519,0.0806,0.1206,0.1289,0.5614,0.1397
CUST1005762,2026-06,0.1366,0.2674,0.049,0.514,0.3551,0.5692
CUST1005763,2026-06,0.462,0.0399,0.4376,0.1363,0.3788,0.095
CUST1005764,2026-06,0.7387,0.2992,0.3841,0.2206,0.3381,0.3143
CUST1005765,2026-06,0.3611,0.3146,0.4643,0.3743,0.2404,0.0915
CUST1005766,2026-06,0.4654,0.4386,0.5403,0.3044,0.2961,0.1229
CUST1005767,2026-06,0.2532,0.2456,0.7635,0.3392,0.2655,0.3125
CUST1005768,2026-06,0.3978,0.27,0.2568,0.3395,0.2637,0.5316
CUST1005769,2026-06,0.541,0.2128,0.1667,0.379,0.1251,0.1639
CUST1005770,2026-06,0.6998,0.339,0.2694,0.4427,0.3719,0.1718
CUST1005771,2026-06,0.5167,0.4274,0.5896,0.38,0.414,0.1656
CUST1005772,2026-06,0.2412,0.1428,0.0669,0.2857,0.2754,0.1982
CUST1005773,2026-06,0.3197,0.5263,0.3404,0.6924,0.3066,0.1642
CUST1005774,2026-06,0.353,0.2234,0.3738,0.3854,0.6352,0.2122
CUST1005775,2026-06,0.7203,0.2038,0.4307,0.3985,0.2067,0.1736
CUST1005776,2026-06,0.4279,0.2751,0.3441,0.4085,0.2732,0.01
CUST1005777,2026-06,0.3111,0.5749,0.6095,0.2324,0.4505,0.2591
CUST1005778,2026-06,0.148,0.3351,0.3458,0.0527,0.4284,0.174
CUST1005779,2026-06,0.4972,0.2057,0.1942,0.2482,0.5616,0.6137
CUST1005780,2026-06,0.4178,0.3788,0.3345,0.4141,0.4194,0.1616
CUST1005781,2026-06,0.2587,0.2477,0.3127,0.2868,0.2632,0.2918
CUST1005782,2026-06,0.7091,0.2927,0.4313,0.1751,0.389,0.2713
CUST1005783,2026-06,0.2367,0.3296,0.1707,0.3455,0.4907,0.0919
CUST1005784,2026-06,0.5914,0.01,0.1051,0.4476,0.2951,0.1107
CUST1005785,2026-06,0.5513,0.425,0.2748,0.4449,0.4251,0.0502
CUST1005786,2026-06,0.4139,0.01,0.01,0.5502,0.2331,0.6914
CUST1005787,2026-06,0.4092,0.5288,0.3477,0.3473,0.4515,0.2223
CUST1005788,2026-06,0.2665,0.01,0.01,0.1956,0.4918,0.1487
CUST1005789,2026-06,0.6079,0.5706,0.6273,0.4512,0.3359,0.1224
CUST1005790,2026-06,0.4203,0.0945,0.1665,0.2789,0.231,0.3175
CUST1005791,2026-06,0.6232,0.1578,0.3124,0.3728,0.2339,0.0822
CUST1005792,2026-06,0.5114,0.3623,0.1298,0.4466,0.4868,0.134
CUST1005793,2026-06,0.4857,0.0185,0.1019,0.2274,0.2127,0.1542
CUST1005794,2026-06,0.5949,0.3312,0.4871,0.4346,0.2853,0.3831
CUST1005795,2026-06,0.4235,0.2012,0.2013,0.3882,0.3253,0.1477
CUST1005796,2026-06,0.3898,0.01,0.2345,0.1318,0.2377,0.2519
CUST1005797,2026-06,0.6501,0.1744,0.4039,0.2551,0.2494,0.1376
CUST1005798,2026-06,0.5875,0.4402,0.3069,0.5388,0.1469,0.1447
CUST1005799,2026-06,0.3609,0.5104,0.2765,0.3832,0.2655,0.2492
CUST1005800,2026-06,0.487,0.4908,0.4583,0.4782,0.4056,0.0431
CUST1005801,2026-06,0.3858,0.125,0.0985999999999999,0.3883,0.2852,0.2511
CUST1005802,2026-06,0.4386,0.0683,0.1207,0.4675,0.1667,0.8732
CUST1005803,2026-06,0.3757,0.4166,0.64,0.4908,0.2965,0.18
CUST1005804,2026-06,0.1417,0.01,0.4432,0.1746,0.2477,0.2043
CUST1005805,2026-06,0.5399,0.5203,0.3741,0.4518,0.301,0.064
CUST1005806,2026-06,0.4535,0.4366,0.6154,0.5172,0.6106,0.01
CUST1005807,2026-06,0.4791,0.2993,0.4226,0.4038,0.4296,0.0738999999999999
CUST1005808,2026-06,0.4111,0.4253,0.6247,0.4024,0.3596,0.2004
CUST1005809,2026-06,0.1738,0.01,0.1268,0.2033,0.3769,0.1662
CUST1005810,2026-06,0.2393,0.2756,0.5303,0.1889,0.3732,0.2474
CUST1005811,2026-06,0.4262,0.3711,0.4926,0.3165,0.2719,0.1682
CUST1005812,2026-06,0.1181,0.1228,0.1362,0.164,0.5154,0.3144
CUST1005813,2026-06,0.5614,0.3097,0.3163,0.5282,0.3536,0.1676
CUST1005814,2026-06,0.5369,0.3614,0.5705,0.2176,0.3223,0.1651
CUST1005815,2026-06,0.5404,0.4268,0.4406,0.269,0.2668,0.249
CUST1005816,2026-06,0.4949,0.3115,0.4735,0.4349,0.3896,0.1737
CUST1005817,2026-06,0.1215,0.2543,0.3862,0.2864,0.6706,0.2301
CUST1005818,2026-06,0.4522,0.2918,0.6212,0.4032,0.3975,0.0617
CUST1005819,2026-06,0.4841,0.1131,0.2885,0.4055,0.1547,0.1169
CUST1005820,2026-06,0.3539,0.239,0.3815,0.4346,0.3246,0.236
CUST1005821,2026-06,0.3621,0.1581,0.1979,0.2064,0.3118,0.1593
CUST1005822,2026-06,0.5446,0.3473,0.378,0.4205,0.3877,0.1278
CUST1005823,2026-06,0.6351,0.344,0.484,0.5778,0.5217,0.1027
CUST1005824,2026-06,0.4025,0.3361,0.3397,0.3383,0.2141,0.0257
CUST1005825,2026-06,0.3473,0.2428,0.1841,0.4516,0.5649,0.1556
CUST1005826,2026-06,0.0977,0.3102,0.0643,0.2266,0.4156,0.1471
CUST1005827,2026-06,0.7018,0.4019,0.4817,0.3521,0.2711,0.2938
CUST1005828,2026-06,0.763,0.1464,0.4566,0.4995,0.3401,0.2
CUST1005829,2026-06,0.5941,0.5744,0.4725,0.4496,0.4036,0.1757
CUST1005830,2026-06,0.6014,0.0141,0.543,0.2818,0.1736,0.6461
CUST1005831,2026-06,0.4106,0.5451,0.5674,0.456,0.5918,0.173
CUST1005832,2026-06,0.1661,0.1743,0.2812,0.151,0.3297,0.0892
CUST1005833,2026-06,0.6058,0.266,0.454,0.4828,0.502,0.2367
CUST1005834,2026-06,0.4292,0.3642,0.0916,0.5175,0.259,0.6037
CUST1005835,2026-06,0.4844,0.6025,0.4248,0.3345,0.4988,0.2053
CUST1005836,2026-06,0.2888,0.2844,0.4101,0.3113,0.4815,0.167
CUST1005837,2026-06,0.498,0.042,0.4496,0.2185,0.1236,0.2356
CUST1005838,2026-06,0.3942,0.25,0.3621,0.4368,0.1956,0.6411
CUST1005839,2026-06,0.6994,0.1157,0.2639,0.3708,0.2598,0.823
CUST1005840,2026-06,0.2064,0.0968,0.144,0.0908,0.4387,0.1766
CUST1005841,2026-06,0.465,0.363,0.4151,0.4303,0.4135,0.1541
CUST1005842,2026-06,0.6314,0.2294,0.324,0.6019,0.3373,0.1685
CUST1005843,2026-06,0.6389,0.3301,0.4933,0.3289,0.3011,0.0835
CUST1005844,2026-06,0.5787,0.2735,0.6891,0.2947,0.2782,0.2917
CUST1005845,2026-06,0.62,0.4578,0.3248,0.2651,0.3759,0.0656
CUST1005846,2026-06,0.2741,0.2167,0.1388,0.3673,0.2369,0.0767999999999999
CUST1005847,2026-06,0.3872,0.4053,0.3277,0.5777,0.3176,0.6661
CUST1005848,2026-06,0.725,0.1958,0.4023,0.534,0.4056,0.1998
CUST1005849,2026-06,0.4977,0.4828,0.5919,0.4933,0.2177,0.1092
CUST1005850,2026-06,0.4651,0.1596,0.1062,0.5909,0.3507,0.2555
CUST1005851,2026-06,0.4876,0.4045,0.6217,0.272,0.5354,0.2645
CUST1005852,2026-06,0.4896,0.2066,0.4077,0.5411,0.2751,0.2875
CUST1005853,2026-06,0.4983,0.4199,0.3495,0.5091,0.3401,0.01
CUST1005854,2026-06,0.4384,0.367,0.3962,0.4262,0.2166,0.1291
CUST1005855,2026-06,0.4053,0.3776,0.2411,0.4327,0.181,0.5055
CUST1005856,2026-06,0.3157,0.2549,0.6661,0.4906,0.5108,0.2164
CUST1005857,2026-06,0.4092,0.1954,0.0771,0.2607,0.0393,0.3176
CUST1005858,2026-06,0.3657,0.4111,0.357,0.2158,0.2371,0.2031
CUST1005859,2026-06,0.7021,0.2734,0.378,0.463,0.2116,0.1103
CUST1005860,2026-06,0.5916,0.1035,0.4938,0.4689,0.3009,0.1376
CUST1005861,2026-06,0.4156,0.4009,0.5279,0.1294,0.2607,0.3259
CUST1005862,2026-06,0.457,0.3919,0.5923,0.2746,0.2939,0.1278
CUST1005863,2026-06,0.6899,0.0942999999999999,0.3885,0.2247,0.324,0.3018
CUST1005864,2026-06,0.6073,0.3389,0.5437,0.1281,0.0374,0.1711
CUST1005865,2026-06,0.2678,0.034,0.1876,0.3902,0.2341,0.2846
CUST1005866,2026-06,0.1716,0.2531,0.3143,0.2941,0.601,0.1708
CUST1005867,2026-06,0.4078,0.0237,0.0343,0.174,0.1118,0.187
CUST1005868,2026-06,0.54,0.2679,0.4812,0.428,0.1659,0.0172
CUST1005869,2026-06,0.4174,0.3766,0.3991,0.3241,0.403,0.1176
CUST1005870,2026-06,0.4115,0.5396,0.5757,0.3707,0.4046,0.0225
CUST1005871,2026-06,0.5579,0.3572,0.3822,0.442,0.2118,0.1066
CUST1005872,2026-06,0.3067,0.487,0.4112,0.5153,0.4234,0.1859
CUST1005873,2026-06,0.4569,0.2483,0.3139,0.3765,0.4869,0.1351
CUST1005874,2026-06,0.362,0.2122,0.0903,0.2973,0.2971,0.1895
CUST1005875,2026-06,0.3015,0.0786,0.1544,0.2272,0.398,0.2042
CUST1005876,2026-06,0.7738,0.1629,0.3828,0.2886,0.1865,0.204
CUST1005877,2026-06,0.7996,0.1635,0.3337,0.509,0.3014,0.0498
CUST1005878,2026-06,0.2979,0.4846,0.5435,0.412,0.3647,0.01
CUST1005879,2026-06,0.1583,0.3409,0.266,0.4639,0.1315,0.1639
CUST1005880,2026-06,0.3637,0.5106,0.5897,0.303,0.2142,0.3375
CUST1005881,2026-06,0.8008,0.4527,0.3139,0.5161,0.1497,0.0963
CUST1005882,2026-06,0.4244,0.0707,0.3374,0.3499,0.4307,0.133
CUST1005883,2026-06,0.0948,0.2429,0.1297,0.443,0.3215,0.136
CUST1005884,2026-06,0.6878,0.1478,0.466,0.5113,0.2481,0.2383
CUST1005885,2026-06,0.7542,0.2574,0.5983,0.1084,0.0179,0.1648
CUST1005886,2026-06,0.1715,0.2931,0.3318,0.1173,0.3838,0.2822
CUST1005887,2026-06,0.1664,0.1602,0.1287,0.1391,0.0746,0.0927
CUST1005888,2026-06,0.3411,0.3909,0.182,0.4484,0.331,0.0339
CUST1005889,2026-06,0.3784,0.5129,0.3746,0.1443,0.4359,0.1665
CUST1005890,2026-06,0.1996,0.2336,0.1048,0.305,0.1156,0.293
CUST1005891,2026-06,0.7556,0.4865,0.352,0.5066,0.4493,0.1644
CUST1005892,2026-06,0.6844,0.4802,0.5846,0.2069,0.3101,0.3511
CUST1005893,2026-06,0.5946,0.4513,0.6362,0.375,0.1805,0.01
CUST1005894,2026-06,0.3264,0.1233,0.2823,0.3338,0.3216,0.2711
CUST1005895,2026-06,0.5529,0.2881,0.2061,0.3504,0.4016,0.38
CUST1005896,2026-06,0.2045,0.188,0.1329,0.1485,0.4558,0.1944
CUST1005897,2026-06,0.4675,0.4194,0.4011,0.2595,0.4069,0.0995
CUST1005898,2026-06,0.6472,0.1429,0.3773,0.3912,0.317,0.2977
CUST1005899,2026-06,0.4429,0.2696,0.4481,0.1674,0.3869,0.2514
CUST1005900,2026-06,0.2779,0.1762,0.2415,0.5054,0.3257,0.1046
CUST1005901,2026-06,0.3206,0.1436,0.01,0.0551,0.3243,0.2276
CUST1005902,2026-06,0.4191,0.3319,0.5491,0.5557,0.3853,0.1929
CUST1005903,2026-06,0.2626,0.3742,0.424,0.5302,0.3971,0.1656
CUST1005904,2026-06,0.5829,0.4614,0.573,0.3663,0.3022,0.2248
CUST1005905,2026-06,0.3843,0.403,0.4253,0.2271,0.4685,0.1926
CUST1005906,2026-06,0.3188,0.2244,0.5714,0.1218,0.3627,0.3136
CUST1005907,2026-06,0.5273,0.01,0.2997,0.5093,0.1979,0.4073
CUST1005908,2026-06,0.2962,0.3231,0.2069,0.3493,0.2867,0.0867
CUST1005909,2026-06,0.32,0.5171,0.325,0.4127,0.3395,0.1102
CUST1005910,2026-06,0.5058,0.4838,0.7106,0.4648,0.3193,0.1077
CUST1005911,2026-06,0.3587,0.0775,0.144,0.1267,0.1863,0.2495
CUST1005912,2026-06,0.7129,0.2006,0.2931,0.3779,0.211,0.2598
CUST1005913,2026-06,0.3243,0.2443,0.1797,0.4075,0.3994,0.1132
CUST1005914,2026-06,0.4105,0.01,0.2839,0.4173,0.0406,0.6306
CUST1005915,2026-06,0.4615,0.5314,0.3462,0.4341,0.3902,0.1715
CUST1005916,2026-06,0.3888,0.4108,0.3761,0.3246,0.3849,0.2114
CUST1005917,2026-06,0.283,0.01,0.1787,0.0505,0.189,0.2498
CUST1005918,2026-06,0.2859,0.3042,0.219,0.548,0.4722,0.192
CUST1005919,2026-06,0.2626,0.01,0.1541,0.1199,0.1131,0.1849
CUST1005920,2026-06,0.4724,0.0680999999999999,0.1537,0.5635,0.2741,0.178
CUST1005921,2026-06,0.7029,0.4613,0.2998,0.361,0.3193,0.0759
CUST1005922,2026-06,0.5075,0.1862,0.3332,0.1901,0.383,0.5433
CUST1005923,2026-06,0.2085,0.292,0.2617,0.3547,0.5298,0.3165
CUST1005924,2026-06,0.5556,0.1948,0.4755,0.4829,0.3333,0.3221
CUST1005925,2026-06,0.1428,0.1935,0.2413,0.3524,0.2143,0.1469
CUST1005926,2026-06,0.6224,0.419,0.5908,0.2185,0.4519,0.1555
CUST1005927,2026-06,0.2141,0.3368,0.1258,0.4424,0.1558,0.1842
CUST1005928,2026-06,0.4863,0.4718,0.6458,0.4693,0.4,0.2274
CUST1005929,2026-06,0.7519,0.2256,0.5737,0.4083,0.2967,0.1268
CUST1005930,2026-06,0.5698,0.5302,0.7819,0.4505,0.3319,0.1344
CUST1005931,2026-06,0.3182,0.4026,0.4189,0.348,0.2822,0.1389
CUST1005932,2026-06,0.3157,0.4314,0.5227,0.5935,0.4454,0.1041
CUST1005933,2026-06,0.3429,0.4798,0.4705,0.1926,0.3002,0.0671
CUST1005934,2026-06,0.2199,0.0348,0.2927,0.1034,0.4716,0.1806
CUST1005935,2026-06,0.6341,0.4822,0.6214,0.3489,0.2831,0.1999
CUST1005936,2026-06,0.3753,0.6784,0.5194,0.3615,0.2324,0.1449
CUST1005937,2026-06,0.4931,0.4093,0.4884,0.3564,0.0830999999999999,0.2639
CUST1005938,2026-06,0.5277,0.5022,0.4396,0.2825,0.3418,0.2359
CUST1005939,2026-06,0.5502,0.5761,0.338,0.2582,0.2915,0.2208
CUST1005940,2026-06,0.7045,0.4604,0.2547,0.4701,0.3374,0.1532
CUST1005941,2026-06,0.6252,0.2595,0.6866,0.0498,0.2918,0.2176
CUST1005942,2026-06,0.4714,0.3189,0.5654,0.3297,0.307,0.2328
CUST1005943,2026-06,0.055,0.2972,0.0435,0.205,0.3519,0.1583
CUST1005944,2026-06,0.4271,0.3138,0.4897,0.5136,0.3573,0.1243
CUST1005945,2026-06,0.4954,0.5051,0.4833,0.4343,0.2857,0.0946
CUST1005946,2026-06,0.6281,0.4143,0.2812,0.2875,0.1593,0.3024
CUST1005947,2026-06,0.4145,0.0307,0.0251,0.2672,0.1695,0.1224
CUST1005948,2026-06,0.5532,0.3717,0.5118,0.4841,0.471,0.2945
CUST1005949,2026-06,0.5616,0.4089,0.562,0.3525,0.3776,0.223
CUST1005950,2026-06,0.527,0.2994,0.1554,0.1635,0.3753,0.1144
CUST1005951,2026-06,0.6015,0.3815,0.2789,0.3692,0.422,0.0175
CUST1005952,2026-06,0.3388,0.1782,0.1911,0.5168,0.2948,0.1643
CUST1005953,2026-06,0.4684,0.2161,0.5708,0.3758,0.4803,0.1163
CUST1005954,2026-06,0.5443,0.233,0.3716,0.4264,0.304,0.1457
CUST1005955,2026-06,0.5877,0.3856,0.5237,0.4094,0.3674,0.2336
CUST1005956,2026-06,0.2765,0.0871,0.1541,0.0614,0.3771,0.3185
CUST1005957,2026-06,0.3279,0.3456,0.6884,0.2703,0.2878,0.2166
CUST1005958,2026-06,0.3928,0.5066,0.6564,0.4029,0.4391,0.2995
CUST1005959,2026-06,0.2377,0.2624,0.2968,0.2996,0.3919,0.2031
CUST1005960,2026-06,0.5395,0.4316,0.5363,0.4036,0.4752,0.1756
CUST1005961,2026-06,0.6413,0.1685,0.3707,0.3541,0.4149,0.3411
CUST1005962,2026-06,0.7099,0.4315,0.3197,0.44,0.2933,0.316
CUST1005963,2026-06,0.4588,0.1076,0.1054,0.1857,0.2246,0.1847
CUST1005964,2026-06,0.264,0.2758,0.0903,0.2418,0.4435,0.1696
CUST1005965,2026-06,0.2166,0.2195,0.215,0.1426,0.5124,0.1126
CUST1005966,2026-06,0.5238,0.4164,0.3645,0.4309,0.3111,0.1324
CUST1005967,2026-06,0.4976,0.4346,0.5617,0.2169,0.43,0.1935
CUST1005968,2026-06,0.6954,0.2459,0.2417,0.485,0.3232,0.1458
CUST1005969,2026-06,0.5733,0.1923,0.4031,0.5139,0.2795,0.3121
CUST1005970,2026-06,0.1676,0.1745,0.3507,0.2917,0.305,0.0936
CUST1005971,2026-06,0.4992,0.5435,0.7171,0.5083,0.198,0.3059
CUST1005972,2026-06,0.3559,0.2422,0.1069,0.2711,0.5406,0.1795
CUST1005973,2026-06,0.5489,0.445,0.3457,0.5012,0.3934,0.2024
CUST1005974,2026-06,0.6237,0.4465,0.6399,0.3592,0.2142,0.159
CUST1005975,2026-06,0.5473,0.066,0.2265,0.5375,0.2775,0.0599
CUST1005976,2026-06,0.229,0.0952,0.0952,0.2996,0.3668,0.2482
CUST1005977,2026-06,0.5695,0.1728,0.2374,0.544,0.1812,0.2158
CUST1005978,2026-06,0.6266,0.1559,0.3992,0.3178,0.306,0.0169
CUST1005979,2026-06,0.4021,0.0989,0.0703,0.3148,0.2401,0.1181
CUST1005980,2026-06,0.5103,0.1123,0.2002,0.5267,0.1924,0.0777
CUST1005981,2026-06,0.6131,0.0445,0.2713,0.2774,0.2289,0.2113
CUST1005982,2026-06,0.3263,0.0893999999999999,0.0786,0.2805,0.3152,0.2248
CUST1005983,2026-06,0.3165,0.0579,0.1352,0.3519,0.3167,0.244
CUST1005984,2026-06,0.01,0.01,0.152,0.3039,0.4311,0.2031
CUST1005985,2026-06,0.2361,0.0269,0.1087,0.3372,0.2877,0.1664
CUST1005986,2026-06,0.5637,0.4207,0.4308,0.3924,0.1384,0.2321
CUST1005987,2026-06,0.4097,0.4568,0.4347,0.4137,0.2873,0.122
CUST1005988,2026-06,0.3009,0.4612,0.3289,0.5062,0.6142,0.2502
CUST1005989,2026-06,0.6779,0.1779,0.438,0.3596,0.1908,0.2084
CUST1005990,2026-06,0.1851,0.0956999999999999,0.097,0.2497,0.5497,0.1334
CUST1005991,2026-06,0.2044,0.4559,0.38,0.2602,0.4099,0.1433
CUST1005992,2026-06,0.506,0.342,0.4401,0.292,0.1111,0.5238
CUST1005993,2026-06,0.8535,0.4027,0.2258,0.4416,0.3205,0.3086
CUST1005994,2026-06,0.4901,0.0409,0.1685,0.367,0.3124,0.2063
CUST1005995,2026-06,0.4199,0.066,0.1494,0.5376,0.3116,0.1561
CUST1005996,2026-06,0.355,0.4179,0.3571,0.2068,0.2173,0.1715
CUST1005997,2026-06,0.3071,0.1795,0.224,0.2557,0.5741,0.1546
CUST1005998,2026-06,0.5353,0.26,0.3834,0.2586,0.1548,0.5893
CUST1005999,2026-06,0.3531,0.5427,0.6841,0.2153,0.3101,0.2152
CUST1006000,2026-06,0.4397,0.2863,0.3362,0.3993,0.6087,0.0593
CUST1006001,2026-06,0.634,0.4061,0.4551,0.5372,0.3161,0.0152
CUST1006002,2026-06,0.4679,0.3638,0.4788,0.4354,0.3689,0.1997
CUST1006003,2026-06,0.4315,0.4332,0.4711,0.5516,0.3333,0.2909
CUST1006004,2026-06,0.5202,0.5083,0.646,0.1246,0.3955,0.2036
CUST1006005,2026-06,0.0212,0.135,0.1053,0.2036,0.42,0.1318
CUST1006006,2026-06,0.6348,0.3405,0.4802,0.3328,0.2095,0.0574
CUST1006007,2026-06,0.6661,0.1305,0.3465,0.2268,0.2084,0.1787
CUST1006008,2026-06,0.7232,0.4065,0.446,0.3629,0.197,0.1826
CUST1006009,2026-06,0.3797,0.0446,0.4186,0.3532,0.2286,0.0965
CUST1006010,2026-06,0.6825,0.3695,0.592,0.408,0.2979,0.1095
CUST1006011,2026-06,0.469,0.3418,0.4249,0.5098,0.3786,0.1507
CUST1006012,2026-06,0.466,0.4306,0.6025,0.5764,0.3784,0.1701
CUST1006013,2026-06,0.5865,0.326,0.3852,0.2993,0.2236,0.2141
CUST1006014,2026-06,0.4508,0.1499,0.146,0.4528,0.187,0.1906
CUST1006015,2026-06,0.4396,0.3928,0.3952,0.2258,0.1234,0.5283
CUST1006016,2026-06,0.4543,0.4101,0.5062,0.4952,0.4135,0.3149
CUST1006017,2026-06,0.1281,0.1918,0.2468,0.3007,0.1976,0.6275
CUST1006018,2026-06,0.1032,0.2353,0.2978,0.0697,0.2977,0.1172
CUST1006019,2026-06,0.2109,0.2623,0.0685999999999999,0.2455,0.3104,0.1635
CUST1006020,2026-06,0.1466,0.2084,0.2344,0.3029,0.2102,0.543
CUST1006021,2026-06,0.4165,0.3385,0.4034,0.3277,0.3911,0.0990999999999999
CUST1006022,2026-06,0.3344,0.4866,0.4408,0.3103,0.3661,0.1594
CUST1006023,2026-06,0.3521,0.3252,0.4311,0.425,0.264,0.3416
CUST1006024,2026-06,0.3557,0.1518,0.1277,0.309,0.3559,0.0701
CUST1006025,2026-06,0.2562,0.2318,0.13,0.1396,0.3482,0.3248
CUST1006026,2026-06,0.3603,0.4921,0.5094,0.0829,0.367,0.0448
CUST1006027,2026-06,0.5718,0.1634,0.3914,0.3456,0.2208,0.1733
CUST1006028,2026-06,0.6753,0.4386,0.4463,0.5481,0.3594,0.261
CUST1006029,2026-06,0.6696,0.226,0.4937,0.3448,0.1218,0.1238
CUST1006030,2026-06,0.3547,0.01,0.3555,0.1982,0.3089,0.164
CUST1006031,2026-06,0.4044,0.3595,0.48,0.3734,0.284,0.3804
CUST1006032,2026-06,0.4633,0.4278,0.4229,0.4414,0.6065,0.1732
CUST1006033,2026-06,0.5142,0.1256,0.5032,0.4496,0.3126,0.325
CUST1006034,2026-06,0.384,0.1483,0.2334,0.4597,0.4411,0.1072
CUST1006035,2026-06,0.6261,0.3192,0.4421,0.3711,0.2865,0.2364
CUST1006036,2026-06,0.3763,0.3076,0.1271,0.4793,0.1187,0.1388
CUST1006037,2026-06,0.3091,0.2808,0.1978,0.5119,0.3838,0.0217
CUST1006038,2026-06,0.472,0.1448,0.7508,0.3098,0.4581,0.1469
CUST1006039,2026-06,0.3899,0.1894,0.4257,0.1414,0.3786,0.0646999999999999
CUST1006040,2026-06,0.1873,0.2836,0.217,0.2286,0.3377,0.3466
CUST1006041,2026-06,0.3597,0.01,0.2746,0.1873,0.2701,0.1892
CUST1006042,2026-06,0.5663,0.3372,0.5312,0.3623,0.2856,0.1761
CUST1006043,2026-06,0.2166,0.3256,0.0497,0.1128,0.2359,0.1948
CUST1006044,2026-06,0.588,0.2585,0.6573,0.4062,0.4974,0.2019
CUST1006045,2026-06,0.5699,0.1612,0.49,0.3991,0.1658,0.1664
CUST1006046,2026-06,0.4019,0.431,0.7722,0.3287,0.3631,0.1377
CUST1006047,2026-06,0.1734,0.0845,0.1838,0.0856,0.5325,0.1993
CUST1006048,2026-06,0.2894,0.1783,0.4362,0.3326,0.5476,0.4222
CUST1006049,2026-06,0.77,0.3047,0.307,0.3063,0.2411,0.2832
CUST1006050,2026-06,0.3217,0.0665,0.0191,0.1811,0.4096,0.2739
CUST1006051,2026-06,0.4875,0.469,0.1459,0.2192,0.5005,0.0966999999999999
CUST1006052,2026-06,0.518,0.2734,0.0547,0.4418,0.4768,0.2461
CUST1006053,2026-06,0.4458,0.5618,0.5556,0.5047,0.3399,0.0549
CUST1006054,2026-06,0.2264,0.025,0.0588,0.2904,0.5885,0.2931
CUST1006055,2026-06,0.4886,0.182,0.7731,0.3322,0.2903,0.0422
CUST1006056,2026-06,0.7048,0.1624,0.4384,0.495,0.3946,0.0363
CUST1006057,2026-06,0.099,0.2455,0.191,0.6413,0.4791,0.1124
CUST1006058,2026-06,0.519,0.0163,0.092,0.1799,0.3691,0.1397
CUST1006059,2026-06,0.1019,0.0992,0.1939,0.4162,0.4338,0.2735
CUST1006060,2026-06,0.167,0.1416,0.2781,0.053,0.4327,0.2604
CUST1006061,2026-06,0.5228,0.1205,0.0867,0.2514,0.4268,0.0984
CUST1006062,2026-06,0.5406,0.5165,0.39,0.3018,0.2516,0.2351
CUST1006063,2026-06,0.4578,0.2479,0.0874,0.537,0.1602,0.6777
CUST1006064,2026-06,0.4063,0.4616,0.5134,0.4954,0.2612,0.191
CUST1006065,2026-06,0.6379,0.3417,0.3858,0.3462,0.2351,0.2262
CUST1006066,2026-06,0.4397,0.4283,0.4007,0.4663,0.5134,0.0884
CUST1006067,2026-06,0.2328,0.01,0.1055,0.3894,0.254,0.2995
CUST1006068,2026-06,0.0863,0.01,0.0777999999999999,0.2133,0.2948,0.3172
CUST1006069,2026-06,0.4936,0.3473,0.1727,0.0598,0.4699,0.2968
CUST1006070,2026-06,0.3996,0.0262,0.01,0.3585,0.3979,0.2852
CUST1006071,2026-06,0.5818,0.3805,0.4876,0.5511,0.3752,0.2165
CUST1006072,2026-06,0.6677,0.4059,0.4327,0.4273,0.3107,0.0558
CUST1006073,2026-06,0.3874,0.3226,0.0852,0.3245,0.4051,0.1306
CUST1006074,2026-06,0.2002,0.1904,0.1321,0.5008,0.2686,0.0292
CUST1006075,2026-06,0.499,0.1513,0.363,0.2563,0.2412,0.2521
CUST1006076,2026-06,0.3903,0.1504,0.1128,0.4776,0.3122,0.2161
CUST1006077,2026-06,0.667,0.3074,0.4603,0.4815,0.276,0.1867
CUST1006078,2026-06,0.3446,0.2636,0.3329,0.2457,0.1863,0.4826
CUST1006079,2026-06,0.2721,0.481,0.0569,0.5205,0.467,0.0908
CUST1006080,2026-06,0.3452,0.4195,0.4254,0.5441,0.2734,0.0835
CUST1006081,2026-06,0.3942,0.2524,0.2235,0.2672,0.6002,0.1608
CUST1006082,2026-06,0.4523,0.0685,0.3143,0.4378,0.5336,0.1267
CUST1006083,2026-06,0.6469,0.4423,0.7004,0.3157,0.1756,0.1885
CUST1006084,2026-06,0.5012,0.3604,0.6473,0.3771,0.3912,0.1728
CUST1006085,2026-06,0.2877,0.2005,0.174,0.3158,0.2335,0.6994
CUST1006086,2026-06,0.3704,0.2667,0.5929,0.2833,0.328,0.2261
CUST1006087,2026-06,0.4168,0.3811,0.7591,0.2662,0.4439,0.1991
CUST1006088,2026-06,0.6141,0.341,0.3203,0.5356,0.2789,0.2046
CUST1006089,2026-06,0.3234,0.4371,0.4018,0.5173,0.4446,0.0995999999999999
CUST1006090,2026-06,0.4539,0.1783,0.233,0.206,0.4422,0.1586
CUST1006091,2026-06,0.1881,0.3595,0.1976,0.2085,0.215,0.1798
CUST1006092,2026-06,0.1983,0.3301,0.1527,0.342,0.3115,0.1687
CUST1006093,2026-06,0.5342,0.4492,0.6416,0.5557,0.0709999999999999,0.183
CUST1006094,2026-06,0.5645,0.3595,0.4916,0.2775,0.2354,0.3033
CUST1006095,2026-06,0.5301,0.2365,0.3206,0.4457,0.18,0.2477
CUST1006096,2026-06,0.2255,0.01,0.3769,0.1958,0.2077,0.1279
CUST1006097,2026-06,0.5572,0.2756,0.3266,0.5012,0.2514,0.0419
CUST1006098,2026-06,0.1517,0.0811999999999999,0.3421,0.1653,0.2379,0.2361
CUST1006099,2026-06,0.3688,0.1708,0.1181,0.5059,0.3298,0.4725
CUST1006100,2026-06,0.5158,0.4134,0.4722,0.5127,0.3532,0.2019
CUST1006101,2026-06,0.1566,0.2923,0.0413,0.0499,0.3283,0.1944
CUST1006102,2026-06,0.4806,0.4799,0.4352,0.3017,0.3303,0.1444
CUST1006103,2026-06,0.6465,0.3135,0.4328,0.5975,0.2393,0.1903
CUST1006104,2026-06,0.392,0.2601,0.5103,0.5633,0.3528,0.2152
CUST1006105,2026-06,0.3353,0.3398,0.4512,0.3964,0.2346,0.1038
CUST1006106,2026-06,0.5934,0.5442,0.4997,0.3663,0.299,0.0693
CUST1006107,2026-06,0.4921,0.2954,0.3182,0.4136,0.2107,0.1485
CUST1006108,2026-06,0.424,0.229,0.5708,0.0582,0.6867,0.1902
CUST1006109,2026-06,0.4793,0.1344,0.0616,0.3951,0.16,0.0756
CUST1006110,2026-06,0.4945,0.2646,0.4856,0.5945,0.2974,0.1901
CUST1006111,2026-06,0.076,0.3279,0.1459,0.3296,0.3204,0.3779
CUST1006112,2026-06,0.7589,0.4553,0.3796,0.4092,0.3921,0.0685
CUST1006113,2026-06,0.2736,0.357,0.5128,0.4294,0.339,0.01
CUST1006114,2026-06,0.5068,0.1888,0.4486,0.3836,0.5831,0.2647
CUST1006115,2026-06,0.2767,0.1001,0.1159,0.319,0.2411,0.2379
CUST1006116,2026-06,0.2839,0.01,0.01,0.276,0.1977,0.1158
CUST1006117,2026-06,0.8221,0.2308,0.4051,0.3547,0.2172,0.1995
CUST1006118,2026-06,0.1842,0.0851,0.405,0.3069,0.421,0.171
CUST1006119,2026-06,0.3585,0.2763,0.3903,0.1237,0.3677,0.2559
CUST1006120,2026-06,0.1477,0.1234,0.2063,0.3993,0.4773,0.1598
CUST1006121,2026-06,0.4955,0.4962,0.4695,0.2895,0.3948,0.1791
CUST1006122,2026-06,0.3812,0.0954,0.2195,0.5233,0.2776,0.0975
CUST1006123,2026-06,0.6897,0.3681,0.6129,0.4276,0.3551,0.01
CUST1006124,2026-06,0.2671,0.2332,0.5447,0.4888,0.2177,0.2175
CUST1006125,2026-06,0.3087,0.1147,0.129,0.1898,0.2509,0.1693
CUST1006126,2026-06,0.143,0.1011,0.2717,0.3525,0.4287,0.0915
CUST1006127,2026-06,0.3769,0.2546,0.1204,0.2899,0.5384,0.185
CUST1006128,2026-06,0.1709,0.3642,0.0781,0.6584,0.2975,0.4517
CUST1006129,2026-06,0.4361,0.4176,0.2897,0.453,0.3152,0.2666
CUST1006130,2026-06,0.4651,0.34,0.6137,0.343,0.4076,0.1459
CUST1006131,2026-06,0.4001,0.0331,0.1849,0.5807,0.3005,0.3069
CUST1006132,2026-06,0.3659,0.0917,0.2676,0.267,0.4155,0.1838
CUST1006133,2026-06,0.4682,0.4117,0.5126,0.3245,0.2028,0.1876
CUST1006134,2026-06,0.6064,0.5254,0.5394,0.3185,0.3755,0.0990999999999999
CUST1006135,2026-06,0.3877,0.2895,0.0886,0.4786,0.2823,0.0448
CUST1006136,2026-06,0.3549,0.1867,0.3724,0.068,0.5507,0.2366
CUST1006137,2026-06,0.268,0.01,0.2595,0.2025,0.1694,0.3185
CUST1006138,2026-06,0.4654,0.3247,0.4409,0.6638,0.218,0.3241
CUST1006139,2026-06,0.288,0.3237,0.147,0.4477,0.5486,0.1211
CUST1006140,2026-06,0.7282,0.0594,0.4042,0.5316,0.2794,0.5823
CUST1006141,2026-06,0.6682,0.3889,0.6169,0.4365,0.228,0.4599
CUST1006142,2026-06,0.5786,0.1884,0.5087,0.368,0.3261,0.2185
CUST1006143,2026-06,0.3251,0.2954,0.4446,0.575,0.3846,0.2189
CUST1006144,2026-06,0.3832,0.4152,0.3055,0.3065,0.2948,0.0382
CUST1006145,2026-06,0.7347,0.1971,0.4284,0.5254,0.1962,0.1126
CUST1006146,2026-06,0.4333,0.1434,0.1323,0.4911,0.2935,0.2571
CUST1006147,2026-06,0.4624,0.4137,0.6127,0.2216,0.3733,0.3614
CUST1006148,2026-06,0.3616,0.3485,0.4112,0.5052,0.2994,0.1165
CUST1006149,2026-06,0.5743,0.3537,0.4419,0.373,0.4363,0.1707
CUST1006150,2026-06,0.6124,0.2253,0.4753,0.4178,0.2797,0.21
CUST1006151,2026-06,0.4969,0.1744,0.1174,0.2293,0.1865,0.3325
CUST1006152,2026-06,0.4498,0.4724,0.3851,0.3744,0.3545,0.2203
CUST1006153,2026-06,0.4997,0.2915,0.3545,0.2608,0.2894,0.1201
CUST1006154,2026-06,0.4796,0.1425,0.2387,0.2511,0.271,0.1595
CUST1006155,2026-06,0.0805,0.2657,0.0576,0.3434,0.135,0.6134
CUST1006156,2026-06,0.5724,0.4952,0.5026,0.4397,0.3879,0.1215
CUST1006157,2026-06,0.2143,0.2412,0.0444,0.4216,0.4366,0.1504
CUST1006158,2026-06,0.3951,0.2223,0.4618,0.4122,0.561,0.1046
CUST1006159,2026-06,0.2563,0.2902,0.2448,0.4198,0.2763,0.1076
CUST1006160,2026-06,0.7352,0.1492,0.4886,0.5724,0.2415,0.1883
CUST1006161,2026-06,0.1375,0.4555,0.2837,0.2092,0.3006,0.0235
CUST1006162,2026-06,0.3623,0.369,0.3612,0.2365,0.2718,0.1864
CUST1006163,2026-06,0.588,0.6007,0.22,0.4954,0.3481,0.3197
CUST1006164,2026-06,0.2786,0.2753,0.6354,0.4981,0.2501,0.2554
CUST1006165,2026-06,0.4418,0.4507,0.3096,0.1149,0.2699,0.2273
CUST1006166,2026-06,0.6439,0.2202,0.5692,0.3818,0.18,0.1314
CUST1006167,2026-06,0.4635,0.3312,0.2618,0.1301,0.2287,0.428
CUST1006168,2026-06,0.2412,0.3411,0.4359,0.3355,0.1807,0.01
CUST1006169,2026-06,0.5277,0.3881,0.3178,0.3478,0.3275,0.1341
CUST1006170,2026-06,0.1231,0.1812,0.1127,0.2556,0.3737,0.01
CUST1006171,2026-06,0.1781,0.3847,0.2904,0.3406,0.4682,0.1826
CUST1006172,2026-06,0.38,0.3414,0.3437,0.3722,0.4606,0.1886
CUST1006173,2026-06,0.296,0.0599,0.1502,0.1397,0.2515,0.0898999999999999
CUST1006174,2026-06,0.3237,0.2941,0.1285,0.2638,0.2365,0.2507
CUST1006175,2026-06,0.2578,0.5596,0.4965,0.3862,0.2703,0.5222
CUST1006176,2026-06,0.5442,0.2936,0.4632,0.0661,0.4644,0.0816999999999999
CUST1006177,2026-06,0.4628,0.1928,0.4037,0.4961,0.2412,0.0786
CUST1006178,2026-06,0.4555,0.4286,0.3516,0.2265,0.3667,0.1348
CUST1006179,2026-06,0.4157,0.3468,0.6661,0.3022,0.2633,0.4205
CUST1006180,2026-06,0.443,0.4726,0.3132,0.2223,0.4144,0.1645
CUST1006181,2026-06,0.1982,0.2464,0.1224,0.4233,0.5167,0.2557
CUST1006182,2026-06,0.4133,0.439,0.4895,0.5506,0.3568,0.0298
CUST1006183,2026-06,0.237,0.4234,0.3521,0.3173,0.2896,0.0481
CUST1006184,2026-06,0.169,0.2674,0.3041,0.3266,0.4386,0.0999
CUST1006185,2026-06,0.4416,0.1594,0.1959,0.3766,0.3005,0.0791
CUST1006186,2026-06,0.5482,0.0942,0.1582,0.1355,0.1853,0.0767999999999999
CUST1006187,2026-06,0.1866,0.257,0.1227,0.1678,0.5012,0.0757
CUST1006188,2026-06,0.2117,0.3456,0.1938,0.3012,0.4442,0.229
CUST1006189,2026-06,0.1916,0.2075,0.106,0.3342,0.2091,0.1749
CUST1006190,2026-06,0.4201,0.1574,0.1435,0.2863,0.2832,0.1465
CUST1006191,2026-06,0.552,0.2664,0.3778,0.3764,0.303,0.0482
CUST1006192,2026-06,0.5105,0.6824,0.2953,0.4802,0.4725,0.1967
CUST1006193,2026-06,0.5695,0.3696,0.3994,0.5638,0.2645,0.1504
CUST1006194,2026-06,0.3735,0.4878,0.4559,0.4817,0.4231,0.0737
CUST1006195,2026-06,0.1995,0.1966,0.1077,0.3836,0.2943,0.1699
CUST1006196,2026-06,0.4393,0.4304,0.5536,0.4364,0.479,0.2543
CUST1006197,2026-06,0.5611,0.2879,0.3738,0.2093,0.1608,0.1111
CUST1006198,2026-06,0.4896,0.5039,0.4742,0.1266,0.2699,0.162
CUST1006199,2026-06,0.3537,0.2006,0.3135,0.3475,0.3146,0.1851
CUST1006200,2026-06,0.2338,0.3264,0.2044,0.3854,0.4262,0.1781
CUST1006201,2026-06,0.5236,0.2849,0.4728,0.4006,0.4287,0.2367
CUST1006202,2026-06,0.4457,0.3855,0.4611,0.4844,0.2471,0.1842
CUST1006203,2026-06,0.5603,0.3109,0.0932999999999999,0.5516,0.0671,0.5937
CUST1006204,2026-06,0.2804,0.1703,0.1643,0.3667,0.1452,0.1505
CUST1006205,2026-06,0.5349,0.5356,0.6424,0.4503,0.3826,0.01
CUST1006206,2026-06,0.3497,0.01,0.0878,0.1126,0.2794,0.2476
CUST1006207,2026-06,0.6758,0.3221,0.4508,0.4516,0.2543,0.0735
CUST1006208,2026-06,0.794,0.3191,0.4471,0.5187,0.1402,0.2677
CUST1006209,2026-06,0.1716,0.2259,0.1115,0.5597,0.3016,0.0916
CUST1006210,2026-06,0.4161,0.3572,0.2553,0.2811,0.2949,0.2595
CUST1006211,2026-06,0.2369,0.3799,0.0276,0.2187,0.2763,0.1756
CUST1006212,2026-06,0.3931,0.4175,0.337,0.356,0.4207,0.1737
CUST1006213,2026-06,0.5718,0.3403,0.7343,0.4302,0.1098,0.0125
CUST1006214,2026-06,0.6236,0.5085,0.5718,0.4033,0.234,0.2725
CUST1006215,2026-06,0.7239,0.2757,0.5097,0.5991,0.2521,0.1703
CUST1006216,2026-06,0.572,0.2093,0.4584,0.4176,0.2524,0.3914
CUST1006217,2026-06,0.3731,0.3861,0.3266,0.3688,0.2764,0.1422
CUST1006218,2026-06,0.4125,0.3489,0.4907,0.3679,0.3132,0.2341
CUST1006219,2026-06,0.3866,0.3997,0.1648,0.4661,0.3321,0.2392
CUST1006220,2026-06,0.1444,0.1301,0.1293,0.348,0.536,0.2715
CUST1006221,2026-06,0.3645,0.3223,0.3473,0.2515,0.374,0.1505
CUST1006222,2026-06,0.7226,0.444,0.613,0.4301,0.3033,0.2041
CUST1006223,2026-06,0.2054,0.284,0.2036,0.3505,0.2812,0.1671
CUST1006224,2026-06,0.4167,0.2174,0.2282,0.2524,0.352,0.2465
CUST1006225,2026-06,0.1972,0.1062,0.1789,0.158,0.1735,0.2493
CUST1006226,2026-06,0.3809,0.2944,0.3129,0.1554,0.3272,0.1784
CUST1006227,2026-06,0.5098,0.435,0.4099,0.4224,0.3573,0.241
CUST1006228,2026-06,0.4985,0.1045,0.336,0.3115,0.2757,0.2626
CUST1006229,2026-06,0.4397,0.4894,0.4916,0.4542,0.4083,0.1184
CUST1006230,2026-06,0.2811,0.438,0.5648,0.3102,0.5486,0.0299
CUST1006231,2026-06,0.5034,0.3837,0.3106,0.4071,0.3575,0.1003
CUST1006232,2026-06,0.0582,0.2196,0.3827,0.2575,0.4912,0.2986
CUST1006233,2026-06,0.3723,0.368,0.6567,0.2056,0.4632,0.0753
CUST1006234,2026-06,0.1388,0.4052,0.2803,0.1251,0.3354,0.1563
CUST1006235,2026-06,0.6102,0.5223,0.396,0.2264,0.3859,0.1078
CUST1006236,2026-06,0.6398,0.2716,0.4945,0.4504,0.3486,0.2357
CUST1006237,2026-06,0.308,0.1337,0.1451,0.524,0.362,0.1465
CUST1006238,2026-06,0.4074,0.4515,0.2223,0.3404,0.3688,0.0543
CUST1006239,2026-06,0.6317,0.1887,0.3816,0.2973,0.33,0.2198
CUST1006240,2026-06,0.4408,0.4638,0.3236,0.3099,0.3751,0.1883
CUST1006241,2026-06,0.5263,0.4737,0.5483,0.3688,0.437,0.4286
CUST1006242,2026-06,0.2463,0.0804,0.2365,0.2149,0.5049,0.2027
CUST1006243,2026-06,0.4274,0.2438,0.2519,0.3354,0.498,0.2294
CUST1006244,2026-06,0.5286,0.1577,0.2535,0.223,0.3426,0.3498
CUST1006245,2026-06,0.4532,0.2005,0.3106,0.2709,0.2315,0.2152
CUST1006246,2026-06,0.5567,0.1958,0.3243,0.141,0.3954,0.2969
CUST1006247,2026-06,0.4703,0.4499,0.376,0.2515,0.3111,0.1287
CUST1006248,2026-06,0.7204,0.4542,0.396,0.5164,0.2215,0.1098
CUST1006249,2026-06,0.4851,0.4983,0.3641,0.4434,0.4286,0.176
CUST1006250,2026-06,0.4047,0.4141,0.3243,0.2964,0.349,0.1068
CUST1006251,2026-06,0.4475,0.4783,0.6657,0.2374,0.5514,0.263
CUST1006252,2026-06,0.1974,0.3301,0.1891,0.373,0.4614,0.01
CUST1006253,2026-06,0.255,0.2787,0.3115,0.2349,0.318,0.1078
CUST1006254,2026-06,0.331,0.1877,0.3706,0.3527,0.4031,0.1084
CUST1006255,2026-06,0.2789,0.4208,0.3157,0.454,0.4526,0.3313
CUST1006256,2026-06,0.24,0.2351,0.1524,0.4396,0.5303,0.1787
CUST1006257,2026-06,0.4787,0.1299,0.1228,0.2132,0.3299,0.2333
CUST1006258,2026-06,0.6845,0.1304,0.4253,0.3375,0.3884,0.2232
CUST1006259,2026-06,0.7347,0.236,0.6316,0.1883,0.3042,0.2703
CUST1006260,2026-06,0.1275,0.3709,0.2382,0.429,0.3196,0.1401
CUST1006261,2026-06,0.674,0.2147,0.3935,0.3167,0.2881,0.2123
CUST1006262,2026-06,0.5934,0.1855,0.6014,0.1728,0.325,0.1025
CUST1006263,2026-06,0.3652,0.2403,0.229,0.4611,0.2168,0.2259
CUST1006264,2026-06,0.3523,0.4555,0.3042,0.5458,0.5474,0.3679
CUST1006265,2026-06,0.5492,0.5219,0.549,0.4413,0.3232,0.268
CUST1006266,2026-06,0.5617,0.2439,0.4064,0.4375,0.2704,0.076
CUST1006267,2026-06,0.4409,0.4449,0.6252,0.1952,0.3905,0.2547
CUST1006268,2026-06,0.5423,0.234,0.4385,0.48,0.2667,0.3133
CUST1006269,2026-06,0.4041,0.2088,0.296,0.5387,0.3661,0.2918
CUST1006270,2026-06,0.5973,0.2534,0.341,0.2766,0.56,0.1872
CUST1006271,2026-06,0.4457,0.4647,0.7161,0.3288,0.3587,0.1625
CUST1006272,2026-06,0.4866,0.3467,0.2889,0.2606,0.2388,0.2671
CUST1006273,2026-06,0.4855,0.01,0.4169,0.2586,0.6036,0.2556
CUST1006274,2026-06,0.6379,0.1814,0.4131,0.185,0.3099,0.2767
CUST1006275,2026-06,0.3594,0.4309,0.2558,0.3849,0.5851,0.2262
CUST1006276,2026-06,0.3487,0.3038,0.5404,0.3175,0.3383,0.2956
CUST1006277,2026-06,0.8742,0.1591,0.3964,0.4468,0.1647,0.2078
CUST1006278,2026-06,0.5077,0.01,0.2002,0.1098,0.2845,0.1814
CUST1006279,2026-06,0.2262,0.2779,0.0695,0.3616,0.3843,0.2147
CUST1006280,2026-06,0.6836,0.3213,0.4439,0.4017,0.2128,0.1694
CUST1006281,2026-06,0.64,0.4989,0.5153,0.5685,0.3229,0.0881
CUST1006282,2026-06,0.6457,0.1237,0.4185,0.3951,0.4213,0.2452
CUST1006283,2026-06,0.7528,0.278,0.4383,0.2376,0.3174,0.2486
CUST1006284,2026-06,0.498,0.1561,0.1323,0.4541,0.2642,0.2189
CUST1006285,2026-06,0.5308,0.4873,0.4188,0.55,0.6296,0.1602
CUST1006286,2026-06,0.4676,0.162,0.4219,0.4009,0.3904,0.0561
CUST1006287,2026-06,0.3629,0.323,0.538,0.3996,0.2936,0.1792
CUST1006288,2026-06,0.4813,0.1445,0.3814,0.1041,0.1943,0.2517
CUST1006289,2026-06,0.551,0.1309,0.2478,0.3487,0.1017,0.1103
CUST1006290,2026-06,0.4645,0.5527,0.3608,0.4532,0.368,0.2048
CUST1006291,2026-06,0.4436,0.4313,0.5084,0.3275,0.2416,0.224
CUST1006292,2026-06,0.2281,0.0229,0.2151,0.2394,0.3339,0.2187
CUST1006293,2026-06,0.566,0.4241,0.7275,0.2456,0.3314,0.2039
CUST1006294,2026-06,0.2539,0.592,0.5326,0.2995,0.1687,0.1244
CUST1006295,2026-06,0.4429,0.3998,0.4058,0.3595,0.6266,0.1189
CUST1006296,2026-06,0.2568,0.0602,0.1681,0.01,0.3088,0.7645
CUST1006297,2026-06,0.3467,0.2825,0.5076,0.2519,0.3754,0.0951
CUST1006298,2026-06,0.3778,0.4146,0.3804,0.3757,0.6953,0.1757
CUST1006299,2026-06,0.472,0.2209,0.5297,0.4771,0.4389,0.2229
CUST1006300,2026-06,0.5026,0.3311,0.2469,0.279,0.1605,0.5508
CUST1006301,2026-06,0.6596,0.2437,0.368,0.3366,0.3802,0.2657
CUST1006302,2026-06,0.3269,0.0992,0.1188,0.091,0.0738999999999999,0.1401
CUST1006303,2026-06,0.2041,0.1672,0.1483,0.3267,0.2667,0.2274
CUST1006304,2026-06,0.2906,0.1982,0.0402,0.2568,0.3384,0.1938
CUST1006305,2026-06,0.1848,0.01,0.1214,0.0234,0.5722,0.1597
CUST1006306,2026-06,0.3236,0.215,0.3322,0.506,0.5573,0.2206
CUST1006307,2026-06,0.158,0.2632,0.3203,0.2664,0.3385,0.1246
CUST1006308,2026-06,0.4304,0.2828,0.2134,0.5362,0.3299,0.0958
CUST1006309,2026-06,0.3424,0.2199,0.1726,0.4719,0.3632,0.2982
CUST1006310,2026-06,0.084,0.3401,0.0617,0.4323,0.1685,0.5262
CUST1006311,2026-06,0.3375,0.2242,0.171,0.3305,0.2868,0.1776
CUST1006312,2026-06,0.6266,0.3683,0.3774,0.4296,0.5027,0.6583
CUST1006313,2026-06,0.4205,0.3629,0.4315,0.3924,0.2618,0.0756
CUST1006314,2026-06,0.3238,0.3868,0.5025,0.3047,0.3299,0.2195
CUST1006315,2026-06,0.2725,0.0747,0.2327,0.5163,0.4338,0.2897
CUST1006316,2026-06,0.2701,0.4311,0.3128,0.3857,0.3224,0.1193
CUST1006317,2026-06,0.5368,0.5645,0.4043,0.4589,0.2445,0.12
CUST1006318,2026-06,0.3989,0.1324,0.4304,0.4088,0.3738,0.3343
CUST1006319,2026-06,0.4361,0.404,0.6103,0.2863,0.3215,0.0153
CUST1006320,2026-06,0.2796,0.0925,0.2504,0.2402,0.1738,0.2057
CUST1006321,2026-06,0.3577,0.069,0.1042,0.2584,0.4084,0.3333
CUST1006322,2026-06,0.5813,0.2549,0.4639,0.2897,0.2414,0.2203
CUST1006323,2026-06,0.3767,0.4469,0.4256,0.4628,0.3303,0.2198
CUST1006324,2026-06,0.4221,0.0854,0.2802,0.1628,0.325,0.1094
CUST1006325,2026-06,0.4228,0.3453,0.2386,0.4055,0.3052,0.1979
CUST1006326,2026-06,0.4616,0.3385,0.492,0.3182,0.4494,0.321
CUST1006327,2026-06,0.4681,0.5142,0.4526,0.4788,0.4325,0.1304
CUST1006328,2026-06,0.5323,0.2841,0.2498,0.5059,0.3113,0.2704
CUST1006329,2026-06,0.8206,0.2184,0.5054,0.1319,0.252,0.1583
CUST1006330,2026-06,0.3187,0.4248,0.01,0.476,0.5794,0.1388
CUST1006331,2026-06,0.1307,0.2846,0.2953,0.3921,0.2901,0.298
CUST1006332,2026-06,0.3894,0.3879,0.3346,0.2957,0.4045,0.1724
CUST1006333,2026-06,0.1902,0.3181,0.0964,0.296,0.2942,0.035
CUST1006334,2026-06,0.1973,0.3465,0.1202,0.0837,0.4729,0.2315
CUST1006335,2026-06,0.6266,0.2839,0.5494,0.1332,0.2401,0.232
CUST1006336,2026-06,0.446,0.427,0.455,0.4128,0.2537,0.1738
CUST1006337,2026-06,0.2487,0.2876,0.0153,0.2956,0.4741,0.244
CUST1006338,2026-06,0.3578,0.4321,0.45,0.4557,0.2852,0.2548
CUST1006339,2026-06,0.6644,0.1484,0.4242,0.4947,0.3315,0.2936
CUST1006340,2026-06,0.5007,0.0226,0.0753,0.5728,0.3882,0.0527
CUST1006341,2026-06,0.3377,0.2476,0.5542,0.2186,0.2102,0.1933
CUST1006342,2026-06,0.611,0.3549,0.4256,0.6211,0.2179,0.1609
CUST1006343,2026-06,0.7242,0.2177,0.4079,0.2983,0.283,0.3291
CUST1006344,2026-06,0.4909,0.3251,0.5175,0.3717,0.3569,0.292
CUST1006345,2026-06,0.5893,0.01,0.2086,0.314,0.1971,0.3255
CUST1006346,2026-06,0.3936,0.3629,0.5013,0.3714,0.4375,0.2649
CUST1006347,2026-06,0.2881,0.5217,0.4728,0.3438,0.2589,0.1869
CUST1006348,2026-06,0.678,0.2993,0.4775,0.4066,0.2593,0.1281
CUST1006349,2026-06,0.4149,0.26,0.5364,0.4289,0.5625,0.1531
CUST1006350,2026-06,0.5048,0.398,0.4604,0.366,0.1561,0.2815
CUST1006351,2026-06,0.4499,0.3782,0.2842,0.4921,0.5176,0.2326
CUST1006352,2026-06,0.3932,0.01,0.2109,0.2529,0.2592,0.1696
CUST1006353,2026-06,0.4809,0.3551,0.2199,0.3121,0.3536,0.1239
CUST1006354,2026-06,0.2709,0.4555,0.8204,0.4665,0.4165,0.3054
CUST1006355,2026-06,0.4515,0.3023,0.537,0.4932,0.2756,0.1098
CUST1006356,2026-06,0.7506,0.4295,0.3156,0.2841,0.2048,0.255
CUST1006357,2026-06,0.6006,0.5203,0.3929,0.4488,0.3129,0.0693
CUST1006358,2026-06,0.578,0.0405,0.0399,0.3196,0.3628,0.2658
CUST1006359,2026-06,0.2799,0.3257,0.6523,0.1926,0.3068,0.1014
CUST1006360,2026-06,0.5045,0.3484,0.3379,0.3795,0.4135,0.1577
CUST1006361,2026-06,0.2098,0.2234,0.1173,0.1302,0.5759,0.3665
CUST1006362,2026-06,0.4004,0.4381,0.4524,0.4063,0.3233,0.12
CUST1006363,2026-06,0.6204,0.2985,0.4221,0.2013,0.3988,0.0522
CUST1006364,2026-06,0.4778,0.2682,0.5638,0.4471,0.3443,0.312
CUST1006365,2026-06,0.4828,0.5013,0.7506,0.4714,0.4032,0.1495
CUST1006366,2026-06,0.8377,0.0329,0.3665,0.3286,0.2249,0.282
CUST1006367,2026-06,0.511,0.6319,0.5715,0.3963,0.3829,0.1124
CUST1006368,2026-06,0.6113,0.3768,0.5087,0.4099,0.5719,0.1703
CUST1006369,2026-06,0.249,0.0506,0.2744,0.3869,0.3708,0.1633
CUST1006370,2026-06,0.5347,0.3553,0.4921,0.4161,0.418,0.0473
CUST1006371,2026-06,0.4619,0.4937,0.3628,0.2184,0.3811,0.1427
CUST1006372,2026-06,0.3706,0.0118,0.2313,0.3849,0.3639,0.1226
CUST1006373,2026-06,0.5467,0.3447,0.4329,0.2536,0.5195,0.2396
CUST1006374,2026-06,0.4368,0.4533,0.4127,0.4824,0.3572,0.025
CUST1006375,2026-06,0.2353,0.2284,0.1331,0.2723,0.3219,0.0685
CUST1006376,2026-06,0.497,0.3733,0.6483,0.3767,0.2916,0.0982
CUST1006377,2026-06,0.3246,0.4173,0.1645,0.2916,0.3083,0.138
CUST1006378,2026-06,0.321,0.4997,0.6862,0.3822,0.3659,0.1714
CUST1006379,2026-06,0.5346,0.4172,0.3424,0.4474,0.4413,0.1451
CUST1006380,2026-06,0.1746,0.2422,0.3099,0.4724,0.3406,0.224
CUST1006381,2026-06,0.4557,0.5244,0.431,0.3925,0.3243,0.2386
CUST1006382,2026-06,0.5959,0.2408,0.3693,0.4784,0.5192,0.1666
CUST1006383,2026-06,0.6201,0.3534,0.5774,0.4669,0.4229,0.2117
CUST1006384,2026-06,0.8215,0.3527,0.3302,0.391,0.3229,0.1127
CUST1006385,2026-06,0.6414,0.296,0.5292,0.5404,0.2704,0.01
CUST1006386,2026-06,0.4864,0.3941,0.6467,0.4499,0.3606,0.1552
CUST1006387,2026-06,0.5579,0.1689,0.3891,0.2568,0.2454,0.6002
CUST1006388,2026-06,0.4321,0.3016,0.34,0.2196,0.4031,0.1327
CUST1006389,2026-06,0.5108,0.0602,0.3324,0.2387,0.4688,0.2478
CUST1006390,2026-06,0.3255,0.3616,0.6413,0.3046,0.2327,0.1957
CUST1006391,2026-06,0.677,0.4711,0.5378,0.5634,0.236,0.289
CUST1006392,2026-06,0.181,0.3341,0.0952,0.2617,0.4646,0.0525
CUST1006393,2026-06,0.4558,0.5987,0.6381,0.1576,0.3253,0.1692
CUST1006394,2026-06,0.3622,0.4339,0.3614,0.2742,0.3868,0.1047
CUST1006395,2026-06,0.6368,0.3182,0.479,0.4874,0.2981,0.0721
CUST1006396,2026-06,0.5663,0.1952,0.352,0.2961,0.2918,0.1405
CUST1006397,2026-06,0.5695,0.4088,0.4704,0.3323,0.2915,0.1683
CUST1006398,2026-06,0.7336,0.0709,0.1889,0.2875,0.4011,0.2707
CUST1006399,2026-06,0.4871,0.32,0.1929,0.2588,0.3304,0.1739
CUST1006400,2026-06,0.609,0.1435,0.4601,0.1295,0.3894,0.2196
CUST1006401,2026-06,0.6445,0.397,0.5771,0.281,0.1701,0.0167
CUST1006402,2026-06,0.5588,0.3587,0.2904,0.4916,0.2775,0.0557
CUST1006403,2026-06,0.3152,0.2269,0.1737,0.6622,0.3875,0.2548
CUST1006404,2026-06,0.6174,0.5131,0.4152,0.4073,0.2291,0.0712
CUST1006405,2026-06,0.2843,0.0277,0.3073,0.225,0.1279,0.286
CUST1006406,2026-06,0.3367,0.035,0.2477,0.1953,0.2978,0.2164
CUST1006407,2026-06,0.4512,0.4155,0.4368,0.5159,0.3066,0.162
CUST1006408,2026-06,0.4596,0.0539,0.2811,0.276,0.441,0.1688
CUST1006409,2026-06,0.6665,0.1049,0.3191,0.1994,0.1867,0.5474
CUST1006410,2026-06,0.5072,0.1717,0.4043,0.3965,0.2049,0.2487
CUST1006411,2026-06,0.2666,0.4345,0.1664,0.4651,0.6617,0.1862
CUST1006412,2026-06,0.5285,0.5276,0.614,0.1441,0.3794,0.2481
CUST1006413,2026-06,0.6262,0.2002,0.3015,0.279,0.4121,0.1961
CUST1006414,2026-06,0.5938,0.1834,0.3395,0.3195,0.4295,0.2384
CUST1006415,2026-06,0.3038,0.3622,0.6588,0.2385,0.2968,0.1059
CUST1006416,2026-06,0.7528,0.3548,0.4005,0.5533,0.1572,0.1326
CUST1006417,2026-06,0.4476,0.5155,0.4203,0.4921,0.3745,0.0771
CUST1006418,2026-06,0.1258,0.3996,0.1498,0.2642,0.2254,0.0461
CUST1006419,2026-06,0.4918,0.4949,0.5168,0.5132,0.3176,0.2823
CUST1006420,2026-06,0.261,0.3449,0.0357,0.2592,0.5603,0.2428
CUST1006421,2026-06,0.6138,0.4066,0.3934,0.4519,0.1777,0.1273
CUST1006422,2026-06,0.1554,0.2616,0.01,0.5012,0.2325,0.573
CUST1006423,2026-06,0.3437,0.4327,0.6274,0.3876,0.2851,0.1618
CUST1006424,2026-06,0.3401,0.364,0.5348,0.4828,0.3621,0.1914
CUST1006425,2026-06,0.4086,0.4704,0.4921,0.2357,0.3575,0.2284
CUST1006426,2026-06,0.4115,0.1386,0.0315,0.4194,0.5582,0.01
CUST1006427,2026-06,0.3289,0.0908,0.27,0.4898,0.3624,0.1192
CUST1006428,2026-06,0.4091,0.3612,0.3942,0.2756,0.3393,0.1905
CUST1006429,2026-06,0.3427,0.4178,0.1459,0.3886,0.398,0.2956
CUST1006430,2026-06,0.218,0.01,0.0939,0.1737,0.3251,0.1103
CUST1006431,2026-06,0.5165,0.3387,0.3998,0.0226,0.206,0.1448
CUST1006432,2026-06,0.5629,0.4615,0.5059,0.1689,0.3556,0.1764
CUST1006433,2026-06,0.5811,0.1696,0.6735,0.5494,0.3037,0.3292
CUST1006434,2026-06,0.5013,0.3844,0.7544,0.4302,0.3907,0.2821
CUST1006435,2026-06,0.6403,0.1976,0.4982,0.3401,0.4361,0.1301
CUST1006436,2026-06,0.5081,0.2811,0.3968,0.4631,0.3258,0.2689
CUST1006437,2026-06,0.6071,0.163,0.3731,0.4421,0.3149,0.1633
CUST1006438,2026-06,0.4269,0.0319,0.4241,0.392,0.2842,0.3186
CUST1006439,2026-06,0.3319,0.1334,0.2805,0.4845,0.3534,0.2172
CUST1006440,2026-06,0.3287,0.4425,0.2825,0.4104,0.5629,0.2745
CUST1006441,2026-06,0.2624,0.4607,0.4288,0.2666,0.1643,0.226
CUST1006442,2026-06,0.4484,0.4727,0.4127,0.1345,0.3736,0.1261
CUST1006443,2026-06,0.3748,0.4595,0.3149,0.4145,0.4059,0.292
CUST1006444,2026-06,0.4709,0.4767,0.4322,0.526,0.3542,0.1282
CUST1006445,2026-06,0.7464,0.3306,0.4539,0.3974,0.4278,0.2744
CUST1006446,2026-06,0.3683,0.2106,0.036,0.4782,0.2244,0.6006
CUST1006447,2026-06,0.5781,0.2757,0.3675,0.3106,0.1808,0.1649
CUST1006448,2026-06,0.7611,0.01,0.3508,0.1217,0.268,0.1597
CUST1006449,2026-06,0.2374,0.1624,0.1531,0.5002,0.3353,0.1362
CUST1006450,2026-06,0.4007,0.4628,0.5152,0.2615,0.4717,0.2668
CUST1006451,2026-06,0.4829,0.3218,0.3196,0.1891,0.3429,0.1458
CUST1006452,2026-06,0.5097,0.383,0.532,0.2794,0.315,0.1509
CUST1006453,2026-06,0.5641,0.4704,0.8076,0.4245,0.3182,0.1846
CUST1006454,2026-06,0.1893,0.2595,0.7606,0.3083,0.2192,0.1571
CUST1006455,2026-06,0.4589,0.2999,0.5223,0.3867,0.3654,0.2671
CUST1006456,2026-06,0.5798,0.5093,0.1153,0.4127,0.3617,0.1691
CUST1006457,2026-06,0.3601,0.4589,0.7705,0.476,0.3123,0.1656
CUST1006458,2026-06,0.4135,0.3293,0.4059,0.3067,0.3255,0.1614
CUST1006459,2026-06,0.3436,0.0929,0.2168,0.5747,0.426,0.1511
CUST1006460,2026-06,0.1941,0.1843,0.1421,0.3348,0.3266,0.1452
CUST1006461,2026-06,0.1359,0.3477,0.0855,0.0577,0.3942,0.2526
CUST1006462,2026-06,0.3285,0.3456,0.4115,0.4176,0.3605,0.0995999999999999
CUST1006463,2026-06,0.5573,0.4492,0.616,0.4887,0.5019,0.1511
CUST1006464,2026-06,0.6437,0.5603,0.4805,0.6124,0.4007,0.2083
CUST1006465,2026-06,0.3132,0.267,0.3313,0.3154,0.3279,0.2179
CUST1006466,2026-06,0.3707,0.3478,0.4674,0.2037,0.308,0.1289
CUST1006467,2026-06,0.5765,0.3579,0.4647,0.3427,0.4506,0.1936
CUST1006468,2026-06,0.2423,0.01,0.0559,0.2062,0.6153,0.2833
CUST1006469,2026-06,0.7091,0.2501,0.4953,0.5106,0.1739,0.0206
CUST1006470,2026-06,0.7245,0.3265,0.5312,0.5372,0.3277,0.105
CUST1006471,2026-06,0.4818,0.1463,0.4062,0.3373,0.5611,0.1615
CUST1006472,2026-06,0.5833,0.2328,0.4435,0.2403,0.3323,0.3369
CUST1006473,2026-06,0.0853,0.2866,0.1791,0.3569,0.2992,0.0649
CUST1006474,2026-06,0.5227,0.1076,0.5531,0.2675,0.1597,0.2236
CUST1006475,2026-06,0.6867,0.2843,0.622,0.3806,0.4517,0.2429
CUST1006476,2026-06,0.3859,0.324,0.4175,0.4138,0.3064,0.0157
CUST1006477,2026-06,0.307,0.307,0.5229,0.1797,0.1801,0.4696
CUST1006478,2026-06,0.45,0.2543,0.449,0.2138,0.385,0.01
CUST1006479,2026-06,0.5254,0.5919,0.289,0.3492,0.3351,0.1321
CUST1006480,2026-06,0.6275,0.3684,0.2584,0.3828,0.368,0.1972
CUST1006481,2026-06,0.347,0.4061,0.2691,0.4242,0.3329,0.236
CUST1006482,2026-06,0.2378,0.01,0.1163,0.1208,0.6783,0.0830999999999999
CUST1006483,2026-06,0.2187,0.0561,0.064,0.1876,0.3013,0.0941
CUST1006484,2026-06,0.2884,0.2686,0.4016,0.0839,0.4201,0.1879
CUST1006485,2026-06,0.436,0.3087,0.387,0.5374,0.3383,0.1054
CUST1006486,2026-06,0.7645,0.321,0.1982,0.4872,0.1909,0.2212
CUST1006487,2026-06,0.2003,0.2825,0.5394,0.221,0.3407,0.01
CUST1006488,2026-06,0.6047,0.01,0.1073,0.4735,0.2317,0.2271
CUST1006489,2026-06,0.3907,0.3127,0.3416,0.425,0.3804,0.0989
CUST1006490,2026-06,0.5231,0.2667,0.3379,0.6279,0.4446,0.1763
CUST1006491,2026-06,0.3054,0.2986,0.01,0.3549,0.3874,0.1515
CUST1006492,2026-06,0.319,0.3767,0.4522,0.5915,0.1813,0.1273
CUST1006493,2026-06,0.5446,0.2291,0.5982,0.3856,0.2262,0.3013
CUST1006494,2026-06,0.633,0.4059,0.5497,0.4364,0.2757,0.3113
CUST1006495,2026-06,0.494,0.5064,0.5734,0.4395,0.3708,0.2324
CUST1006496,2026-06,0.5342,0.4158,0.2962,0.4162,0.2903,0.201
CUST1006497,2026-06,0.1813,0.1149,0.025,0.3139,0.3465,0.0737
CUST1006498,2026-06,0.4161,0.4343,0.5429,0.513,0.3797,0.1879
CUST1006499,2026-06,0.1666,0.1545,0.1744,0.1942,0.2647,0.2374
CUST1006500,2026-06,0.4215,0.3776,0.1804,0.2802,0.5372,0.0619
CUST1006501,2026-06,0.3323,0.2699,0.3464,0.1207,0.4474,0.1308
CUST1006502,2026-06,0.6678,0.1183,0.403,0.5045,0.3129,0.058
CUST1006503,2026-06,0.3402,0.2931,0.0738,0.5186,0.3958,0.2326
CUST1006504,2026-06,0.1104,0.1977,0.3866,0.3328,0.2789,0.1545
CUST1006505,2026-06,0.4185,0.3958,0.4966,0.4642,0.4877,0.1832
CUST1006506,2026-06,0.5334,0.2535,0.3664,0.2333,0.4066,0.0341
CUST1006507,2026-06,0.6402,0.2962,0.4295,0.3708,0.2335,0.2373
CUST1006508,2026-06,0.124,0.1671,0.1279,0.5429,0.2701,0.4528
CUST1006509,2026-06,0.4575,0.347,0.6028,0.5697,0.5297,0.0974
CUST1006510,2026-06,0.4388,0.3214,0.3045,0.3164,0.2175,0.2179
CUST1006511,2026-06,0.2436,0.06,0.3822,0.2568,0.2087,0.1456
CUST1006512,2026-06,0.4491,0.5199,0.3136,0.3362,0.4378,0.2688
CUST1006513,2026-06,0.564,0.4723,0.5849,0.2398,0.1092,0.1514
CUST1006514,2026-06,0.445,0.5031,0.6136,0.2326,0.478,0.143
CUST1006515,2026-06,0.5086,0.2425,0.4681,0.2277,0.2993,0.1832
CUST1006516,2026-06,0.5804,0.4677,0.3878,0.3587,0.4562,0.1865
CUST1006517,2026-06,0.2338,0.2138,0.0267,0.2034,0.4397,0.1264
CUST1006518,2026-06,0.6338,0.5109,0.5847,0.3632,0.2664,0.0862
CUST1006519,2026-06,0.6836,0.4174,0.4511,0.4993,0.2753,0.0908
CUST1006520,2026-06,0.4341,0.3768,0.4811,0.4859,0.3767,0.0566
CUST1006521,2026-06,0.5898,0.4491,0.3209,0.2732,0.365,0.1259
CUST1006522,2026-06,0.5974,0.4533,0.415,0.5782,0.3761,0.1501
CUST1006523,2026-06,0.1196,0.0301,0.18,0.4231,0.6287,0.0813
CUST1006524,2026-06,0.3411,0.3236,0.1251,0.4822,0.6659,0.4688
CUST1006525,2026-06,0.3166,0.5418,0.6189,0.2753,0.4868,0.058
CUST1006526,2026-06,0.4482,0.2147,0.2471,0.3743,0.3462,0.1609
CUST1006527,2026-06,0.5657,0.5692,0.369,0.4084,0.2888,0.0233
CUST1006528,2026-06,0.5652,0.1488,0.407,0.1161,0.2598,0.2937
CUST1006529,2026-06,0.4837,0.2758,0.6325,0.3733,0.3923,0.0348
CUST1006530,2026-06,0.1644,0.2073,0.0941,0.2406,0.3335,0.267
CUST1006531,2026-06,0.3695,0.315,0.6646,0.2819,0.2762,0.0635
CUST1006532,2026-06,0.3881,0.2088,0.1422,0.3895,0.24,0.0363
CUST1006533,2026-06,0.2071,0.2191,0.1608,0.3426,0.3441,0.2872
CUST1006534,2026-06,0.168,0.3191,0.01,0.2191,0.2879,0.3011
CUST1006535,2026-06,0.08,0.3183,0.2523,0.451,0.3458,0.2025
CUST1006536,2026-06,0.2015,0.2695,0.2842,0.1213,0.4218,0.2085
CUST1006537,2026-06,0.5162,0.2001,0.4434,0.2188,0.162,0.1836
CUST1006538,2026-06,0.5241,0.2974,0.3973,0.0714999999999999,0.2619,0.3181
CUST1006539,2026-06,0.5245,0.2929,0.3242,0.2492,0.4065,0.094
CUST1006540,2026-06,0.544,0.2077,0.4349,0.1349,0.1041,0.3183
CUST1006541,2026-06,0.4268,0.2535,0.4502,0.3008,0.5836,0.2704
CUST1006542,2026-06,0.5262,0.3714,0.323,0.343,0.4422,0.0891
CUST1006543,2026-06,0.5399,0.4399,0.4621,0.2191,0.2787,0.1937
CUST1006544,2026-06,0.5387,0.1654,0.3251,0.2902,0.1308,0.2131
CUST1006545,2026-06,0.261,0.2372,0.076,0.3098,0.1479,0.2509
CUST1006546,2026-06,0.6731,0.2775,0.3315,0.2325,0.191,0.3209
CUST1006547,2026-06,0.6495,0.3168,0.712,0.3361,0.2908,0.0366
CUST1006548,2026-06,0.4284,0.1273,0.1752,0.3788,0.2042,0.5412
CUST1006549,2026-06,0.5661,0.398,0.4271,0.4768,0.2628,0.2934
CUST1006550,2026-06,0.4021,0.2467,0.3882,0.386,0.1489,0.6388
CUST1006551,2026-06,0.3817,0.3635,0.2685,0.163,0.3364,0.4996
CUST1006552,2026-06,0.4247,0.5213,0.4397,0.0889,0.2742,0.136
CUST1006553,2026-06,0.2303,0.3539,0.2427,0.503,0.3864,0.1828
CUST1006554,2026-06,0.1113,0.2707,0.1914,0.2511,0.2599,0.1518
CUST1006555,2026-06,0.2561,0.1072,0.1039,0.3521,0.573,0.1629
CUST1006556,2026-06,0.6597,0.1949,0.3495,0.2773,0.1771,0.3835
CUST1006557,2026-06,0.4098,0.2852,0.5838,0.3556,0.2783,0.3447
CUST1006558,2026-06,0.3491,0.2714,0.3906,0.3845,0.2847,0.0793
CUST1006559,2026-06,0.2396,0.3278,0.4719,0.1774,0.2809,0.0971999999999999
CUST1006560,2026-06,0.4425,0.4731,0.4692,0.1988,0.3128,0.15
CUST1006561,2026-06,0.6529,0.341,0.4816,0.2528,0.3928,0.1196
CUST1006562,2026-06,0.3839,0.4064,0.5366,0.4661,0.6412,0.2501
CUST1006563,2026-06,0.4378,0.1839,0.1319,0.3217,0.4221,0.1128
CUST1006564,2026-06,0.4216,0.149,0.2213,0.1842,0.1646,0.2439
CUST1006565,2026-06,0.4365,0.3348,0.3464,0.5718,0.4584,0.0582
CUST1006566,2026-06,0.1374,0.3061,0.277,0.27,0.4859,0.1774
CUST1006567,2026-06,0.5043,0.4047,0.6264,0.4452,0.2482,0.1782
CUST1006568,2026-06,0.3892,0.6366,0.353,0.4807,0.4573,0.2473
CUST1006569,2026-06,0.4079,0.2314,0.7329,0.3544,0.3798,0.1905
CUST1006570,2026-06,0.113,0.278,0.1128,0.2355,0.5218,0.1159
CUST1006571,2026-06,0.6567,0.3793,0.4791,0.4404,0.2019,0.1756
CUST1006572,2026-06,0.2146,0.1032,0.0351,0.1245,0.2928,0.2319
CUST1006573,2026-06,0.5495,0.3566,0.5164,0.5464,0.576,0.1574
CUST1006574,2026-06,0.1631,0.2801,0.1598,0.3188,0.2462,0.5984
CUST1006575,2026-06,0.3517,0.016,0.1237,0.3385,0.3811,0.2572
CUST1006576,2026-06,0.5923,0.2649,0.2838,0.3859,0.2703,0.2318
CUST1006577,2026-06,0.6383,0.2957,0.5884,0.5251,0.3684,0.0479
CUST1006578,2026-06,0.5043,0.1701,0.06,0.2647,0.1699,0.2105
CUST1006579,2026-06,0.2921,0.3553,0.3666,0.5447,0.213,0.0932
CUST1006580,2026-06,0.4797,0.2311,0.515,0.2234,0.3946,0.2483
CUST1006581,2026-06,0.6816,0.332,0.5061,0.4283,0.2528,0.248
CUST1006582,2026-06,0.4536,0.0855,0.7028,0.2882,0.2416,0.2333
CUST1006583,2026-06,0.5015,0.2105,0.5702,0.3294,0.3675,0.2862
CUST1006584,2026-06,0.4607,0.3655,0.7072,0.3088,0.0253,0.1206
CUST1006585,2026-06,0.4433,0.3491,0.3558,0.2485,0.43,0.1249
CUST1006586,2026-06,0.4871,0.01,0.01,0.4593,0.2634,0.0467
CUST1006587,2026-06,0.4043,0.2123,0.3929,0.2237,0.3668,0.2633
CUST1006588,2026-06,0.311,0.242,0.2604,0.475,0.5306,0.0654
CUST1006589,2026-06,0.5491,0.2474,0.4166,0.3047,0.1196,0.1449
CUST1006590,2026-06,0.2582,0.2948,0.2557,0.2147,0.3136,0.2179
CUST1006591,2026-06,0.3462,0.01,0.01,0.2736,0.193,0.1162
CUST1006592,2026-06,0.3969,0.1093,0.0926,0.5448,0.3053,0.2253
CUST1006593,2026-06,0.2838,0.062,0.1444,0.2325,0.5404,0.2223
CUST1006594,2026-06,0.5826,0.2148,0.4509,0.4418,0.2836,0.2603
CUST1006595,2026-06,0.6038,0.1178,0.5655,0.2165,0.1797,0.2753
CUST1006596,2026-06,0.3901,0.1365,0.1698,0.3129,0.2282,0.1436
CUST1006597,2026-06,0.4966,0.0597,0.1175,0.3065,0.2669,0.1081
CUST1006598,2026-06,0.2309,0.1712,0.0606,0.2536,0.2499,0.5283
CUST1006599,2026-06,0.4047,0.3367,0.4882,0.4452,0.6131,0.1824
CUST1006600,2026-06,0.4559,0.5391,0.8457,0.3515,0.3735,0.1816
CUST1006601,2026-06,0.2918,0.2445,0.3801,0.3727,0.3056,0.0818
CUST1006602,2026-06,0.559,0.5307,0.3518,0.4416,0.4948,0.1054
CUST1006603,2026-06,0.3306,0.4809,0.3309,0.3999,0.3331,0.1293
CUST1006604,2026-06,0.2446,0.343,0.4637,0.33,0.259,0.6266
CUST1006605,2026-06,0.5412,0.3321,0.5518,0.38,0.233,0.2142
CUST1006606,2026-06,0.1744,0.4538,0.4908,0.1805,0.3565,0.1912
CUST1006607,2026-06,0.6441,0.5359,0.4893,0.3138,0.3521,0.0774
CUST1006608,2026-06,0.373,0.01,0.1571,0.5716,0.3197,0.2088
CUST1006609,2026-06,0.3547,0.5119,0.4047,0.1414,0.4027,0.2222
CUST1006610,2026-06,0.2823,0.3001,0.6872,0.382,0.4632,0.1346
CUST1006611,2026-06,0.4588,0.3669,0.4048,0.4455,0.3518,0.2331
CUST1006612,2026-06,0.5212,0.3892,0.2471,0.2651,0.3445,0.4073
CUST1006613,2026-06,0.6619,0.2098,0.4362,0.4868,0.4996,0.3006
CUST1006614,2026-06,0.2479,0.2987,0.2943,0.2321,0.3554,0.1804
CUST1006615,2026-06,0.7655,0.5498,0.3476,0.5133,0.2528,0.117
CUST1006616,2026-06,0.3513,0.4269,0.0798,0.1883,0.3853,0.149
CUST1006617,2026-06,0.5123,0.2991,0.5117,0.5072,0.3711,0.0541
CUST1006618,2026-06,0.6044,0.5979,0.3661,0.2353,0.2416,0.1755
CUST1006619,2026-06,0.4692,0.5257,0.5822,0.299,0.3662,0.2559
CUST1006620,2026-06,0.6997,0.1571,0.2304,0.3525,0.398,0.2391
CUST1006621,2026-06,0.747,0.01,0.3999,0.3444,0.142,0.0935
CUST1006622,2026-06,0.4861,0.3269,0.2972,0.6117,0.4176,0.01
CUST1006623,2026-06,0.5101,0.4777,0.3094,0.4549,0.5087,0.1546
CUST1006624,2026-06,0.3285,0.1348,0.1799,0.3128,0.2941,0.2821
CUST1006625,2026-06,0.2412,0.1961,0.0126,0.3811,0.3001,0.1944
CUST1006626,2026-06,0.7063,0.4677,0.373,0.4437,0.2756,0.078
CUST1006627,2026-06,0.1477,0.3905,0.4657,0.2416,0.3148,0.1622
CUST1006628,2026-06,0.5486,0.2163,0.2878,0.2627,0.2231,0.1188
CUST1006629,2026-06,0.4477,0.4038,0.2448,0.2332,0.4299,0.2374
CUST1006630,2026-06,0.2598,0.5113,0.2761,0.1843,0.3181,0.4689
CUST1006631,2026-06,0.6843,0.4253,0.4127,0.3865,0.2589,0.1304
CUST1006632,2026-06,0.4536,0.3692,0.3483,0.5893,0.2096,0.2807
CUST1006633,2026-06,0.4439,0.4575,0.4869,0.3274,0.3175,0.2797
CUST1006634,2026-06,0.3097,0.2423,0.1959,0.4706,0.2026,0.1288
CUST1006635,2026-06,0.0618,0.0939,0.2168,0.3413,0.2834,0.1679
CUST1006636,2026-06,0.6775,0.1522,0.295,0.2264,0.1044,0.1872
CUST1006637,2026-06,0.2219,0.2397,0.1399,0.3603,0.5109,0.1615
CUST1006638,2026-06,0.64,0.1838,0.602,0.3035,0.2279,0.1496
CUST1006639,2026-06,0.4579,0.2352,0.4304,0.3972,0.5401,0.2113
CUST1006640,2026-06,0.7547,0.2539,0.4353,0.517,0.358,0.1911
CUST1006641,2026-06,0.7254,0.2531,0.2964,0.2939,0.3415,0.2101
CUST1006642,2026-06,0.1946,0.3884,0.4358,0.217,0.4256,0.01
CUST1006643,2026-06,0.6517,0.4563,0.6089,0.6107,0.4044,0.0827
CUST1006644,2026-06,0.6417,0.3305,0.48,0.6155,0.3476,0.1518
CUST1006645,2026-06,0.3767,0.2507,0.0794,0.4866,0.2222,0.1442
CUST1006646,2026-06,0.1741,0.1799,0.1354,0.476,0.344,0.1384
CUST1006647,2026-06,0.5314,0.6486,0.5409,0.3535,0.2424,0.203
CUST1006648,2026-06,0.1535,0.2793,0.1343,0.0859,0.4898,0.2203
CUST1006649,2026-06,0.586,0.4648,0.4229,0.3332,0.3719,0.586
CUST1006650,2026-06,0.253,0.2341,0.4983,0.2325,0.2504,0.1741
CUST1006651,2026-06,0.2195,0.1812,0.2755,0.493,0.2801,0.2828
CUST1006652,2026-06,0.1711,0.3258,0.1578,0.2957,0.4183,0.124
CUST1006653,2026-06,0.4607,0.4127,0.4597,0.3645,0.3602,0.3846
CUST1006654,2026-06,0.7531,0.3517,0.6263,0.6775,0.2071,0.3198
CUST1006655,2026-06,0.6584,0.3719,0.2936,0.3139,0.1947,0.0822
CUST1006656,2026-06,0.3767,0.2699,0.4944,0.3956,0.5466,0.2276
CUST1006657,2026-06,0.322,0.4586,0.5567,0.2452,0.3226,0.1448
CUST1006658,2026-06,0.7095,0.2705,0.3804,0.3443,0.3066,0.2045
CUST1006659,2026-06,0.5255,0.1531,0.4427,0.3197,0.1851,0.1941
CUST1006660,2026-06,0.6968,0.2381,0.405,0.6141,0.1783,0.0784
CUST1006661,2026-06,0.641,0.292,0.3509,0.2633,0.378,0.397
CUST1006662,2026-06,0.578,0.3436,0.5676,0.4624,0.4076,0.1703
CUST1006663,2026-06,0.5556,0.4131,0.4677,0.3478,0.5004,0.0922999999999999
CUST1006664,2026-06,0.5413,0.5625,0.3543,0.5811,0.4108,0.1274
CUST1006665,2026-06,0.5597,0.2516,0.3673,0.2423,0.2789,0.2046
CUST1006666,2026-06,0.5655,0.1075,0.4058,0.5141,0.1551,0.2551
CUST1006667,2026-06,0.5715,0.3397,0.251,0.2311,0.2137,0.132
CUST1006668,2026-06,0.4052,0.01,0.2248,0.3278,0.5445,0.3338
CUST1006669,2026-06,0.5836,0.2631,0.6515,0.4553,0.291,0.1934
CUST1006670,2026-06,0.4912,0.4119,0.4145,0.3092,0.2726,0.1582
CUST1006671,2026-06,0.7453,0.1558,0.4376,0.3185,0.2513,0.2465
CUST1006672,2026-06,0.1319,0.1746,0.0168,0.01,0.563,0.1947
CUST1006673,2026-06,0.3632,0.4118,0.2576,0.2632,0.39,0.1993
CUST1006674,2026-06,0.459,0.4786,0.5773,0.274,0.3175,0.1367
CUST1006675,2026-06,0.4803,0.4078,0.384,0.4568,0.3092,0.1003
CUST1006676,2026-06,0.4415,0.3475,0.1824,0.3657,0.5576,0.1477
CUST1006677,2026-06,0.6869,0.3741,0.4483,0.4326,0.3737,0.2132
CUST1006678,2026-06,0.5139,0.2436,0.7275,0.4102,0.3185,0.1078
CUST1006679,2026-06,0.4994,0.5074,0.527,0.3304,0.2396,0.0925
CUST1006680,2026-06,0.5223,0.01,0.0698,0.3088,0.2771,0.1676
CUST1006681,2026-06,0.6089,0.1418,0.4905,0.3367,0.2222,0.1873
CUST1006682,2026-06,0.4771,0.2787,0.6739,0.3571,0.4397,0.2527
CUST1006683,2026-06,0.1377,0.3803,0.0403,0.3428,0.3187,0.2684
CUST1006684,2026-06,0.5128,0.3659,0.7058,0.4182,0.1314,0.3312
CUST1006685,2026-06,0.5329,0.5275,0.4821,0.1293,0.3667,0.1143
CUST1006686,2026-06,0.6332,0.1721,0.4909,0.3449,0.1802,0.2956
CUST1006687,2026-06,0.6155,0.5105,0.5008,0.2639,0.2543,0.0879999999999999
CUST1006688,2026-06,0.7199,0.4336,0.4725,0.384,0.1032,0.1456
CUST1006689,2026-06,0.5887,0.23,0.1335,0.5071,0.543,0.2603
CUST1006690,2026-06,0.5089,0.4551,0.3649,0.4798,0.2594,0.2234
CUST1006691,2026-06,0.3487,0.442,0.5159,0.3936,0.328,0.1491
CUST1006692,2026-06,0.4429,0.5017,0.4697,0.2761,0.3581,0.1922
CUST1006693,2026-06,0.4599,0.5733,0.3883,0.3709,0.2991,0.17
CUST1006694,2026-06,0.2388,0.3757,0.1386,0.2663,0.2551,0.1672
CUST1006695,2026-06,0.7508,0.2316,0.1839,0.3281,0.299,0.1626
CUST1006696,2026-06,0.6685,0.3877,0.4889,0.48,0.1351,0.2999
CUST1006697,2026-06,0.3303,0.3461,0.1897,0.4092,0.4034,0.187
CUST1006698,2026-06,0.4719,0.3039,0.4995,0.4742,0.2771,0.1491
CUST1006699,2026-06,0.2486,0.2038,0.2327,0.4439,0.4418,0.0442
CUST1006700,2026-06,0.4177,0.4038,0.384,0.3043,0.4919,0.2233
CUST1006701,2026-06,0.5296,0.4368,0.6256,0.26,0.4228,0.3051
CUST1006702,2026-06,0.3836,0.2924,0.2897,0.4168,0.4642,0.1766
CUST1006703,2026-06,0.585,0.1875,0.4653,0.4283,0.2625,0.2552
CUST1006704,2026-06,0.1146,0.01,0.2669,0.0585,0.5262,0.1264
CUST1006705,2026-06,0.6405,0.453,0.6007,0.3165,0.2392,0.1376
CUST1006706,2026-06,0.7462,0.2926,0.3542,0.2678,0.2373,0.2713
CUST1006707,2026-06,0.449,0.2977,0.3928,0.5562,0.3943,0.235
CUST1006708,2026-06,0.4872,0.0296,0.1344,0.0732,0.175,0.1781
CUST1006709,2026-06,0.8464,0.4203,0.5434,0.356,0.3778,0.1937
CUST1006710,2026-06,0.5383,0.211,0.4571,0.6263,0.3432,0.2126
CUST1006711,2026-06,0.2865,0.1422,0.0645,0.0859999999999999,0.2799,0.6033
CUST1006712,2026-06,0.387,0.4663,0.4716,0.3785,0.3957,0.01
CUST1006713,2026-06,0.2301,0.3559,0.0743,0.4459,0.4685,0.149
CUST1006714,2026-06,0.3755,0.4215,0.3914,0.2605,0.4289,0.331
CUST1006715,2026-06,0.3155,0.4162,0.246,0.4324,0.6025,0.245
CUST1006716,2026-06,0.4456,0.5534,0.4405,0.3352,0.3197,0.3022
CUST1006717,2026-06,0.449,0.5039,0.3862,0.4021,0.3087,0.1156
CUST1006718,2026-06,0.4499,0.2101,0.4977,0.2957,0.3082,0.1679
CUST1006719,2026-06,0.4072,0.3856,0.01,0.3802,0.4273,0.0665
CUST1006720,2026-06,0.1606,0.2994,0.1623,0.0599,0.4729,0.2049
CUST1006721,2026-06,0.4188,0.0995999999999999,0.2214,0.2171,0.2958,0.2295
CUST1006722,2026-06,0.5255,0.522,0.4586,0.4709,0.268,0.7193
CUST1006723,2026-06,0.5845,0.4804,0.639,0.6073,0.3944,0.1297
CUST1006724,2026-06,0.0596,0.225,0.1808,0.2549,0.3461,0.1231
CUST1006725,2026-06,0.5944,0.277,0.5989,0.4005,0.3942,0.1094
CUST1006726,2026-06,0.5533,0.2163,0.5621,0.4031,0.3264,0.2496
CUST1006727,2026-06,0.2869,0.0864999999999999,0.0129,0.1337,0.01,0.3661
CUST1006728,2026-06,0.5269,0.4768,0.2393,0.6724,0.4853,0.1955
CUST1006729,2026-06,0.6282,0.1776,0.5828,0.325,0.2911,0.1718
CUST1006730,2026-06,0.2536,0.0362,0.3238,0.2801,0.3257,0.2199
CUST1006731,2026-06,0.3401,0.3579,0.566,0.413,0.4101,0.2212
CUST1006732,2026-06,0.4045,0.5942,0.5188,0.3721,0.3728,0.1742
CUST1006733,2026-06,0.4363,0.3423,0.423,0.2358,0.4272,0.0267
CUST1006734,2026-06,0.577,0.3842,0.5645,0.6583,0.3151,0.2489
CUST1006735,2026-06,0.4399,0.274,0.2058,0.5887,0.3394,0.2268
CUST1006736,2026-06,0.4004,0.5209,0.5386,0.404,0.2857,0.133
CUST1006737,2026-06,0.7116,0.4284,0.2773,0.5118,0.2715,0.24
CUST1006738,2026-06,0.4503,0.4542,0.6187,0.4767,0.4566,0.1144
CUST1006739,2026-06,0.454,0.5163,0.2909,0.37,0.3257,0.3567
CUST1006740,2026-06,0.4588,0.4655,0.5409,0.306,0.399,0.1129
CUST1006741,2026-06,0.2507,0.2594,0.2086,0.4613,0.3943,0.3595
CUST1006742,2026-06,0.4647,0.3639,0.3044,0.3963,0.2246,0.1937
CUST1006743,2026-06,0.4514,0.3237,0.5094,0.1959,0.4778,0.0272
CUST1006744,2026-06,0.5707,0.01,0.3839,0.5411,0.2171,0.2677
CUST1006745,2026-06,0.4826,0.3612,0.4089,0.4479,0.5469,0.2881
CUST1006746,2026-06,0.3193,0.1085,0.0489,0.2678,0.4297,0.0716
CUST1006747,2026-06,0.5198,0.3652,0.4527,0.5537,0.417,0.0823
CUST1006748,2026-06,0.5385,0.1342,0.2624,0.5112,0.3887,0.176
CUST1006749,2026-06,0.3092,0.1727,0.2544,0.4736,0.5016,0.2606
CUST1006750,2026-06,0.3243,0.0519,0.4829,0.4286,0.378,0.109
CUST1006751,2026-06,0.5159,0.2486,0.4466,0.2012,0.4315,0.1649
CUST1006752,2026-06,0.424,0.5206,0.331,0.3974,0.6132,0.0847
CUST1006753,2026-06,0.7968,0.2377,0.364,0.3378,0.1799,0.1844
CUST1006754,2026-06,0.5187,0.4349,0.4541,0.4148,0.4062,0.1125
CUST1006755,2026-06,0.3893,0.39,0.424,0.205,0.2337,0.1783
CUST1006756,2026-06,0.4053,0.3559,0.3054,0.4845,0.3032,0.243
CUST1006757,2026-06,0.714,0.3743,0.4005,0.3886,0.2804,0.1357
CUST1006758,2026-06,0.4697,0.1198,0.1471,0.4023,0.2596,0.3304
CUST1006759,2026-06,0.0624,0.2304,0.199,0.2015,0.5241,0.191
CUST1006760,2026-06,0.6913,0.2017,0.2977,0.3284,0.4569,0.1665
CUST1006761,2026-06,0.5543,0.5677,0.2728,0.2747,0.2098,0.2137
CUST1006762,2026-06,0.7086,0.1669,0.3409,0.4737,0.0913,0.0451
CUST1006763,2026-06,0.4705,0.2951,0.5736,0.5428,0.3153,0.1587
CUST1006764,2026-06,0.1704,0.3418,0.1825,0.3389,0.1522,0.2038
CUST1006765,2026-06,0.5651,0.1982,0.3441,0.0944,0.0878,0.0588
CUST1006766,2026-06,0.618,0.263,0.4434,0.3941,0.36,0.2086
CUST1006767,2026-06,0.7081,0.578,0.7316,0.2966,0.1656,0.2048
CUST1006768,2026-06,0.285,0.01,0.2389,0.01,0.1705,0.1732
CUST1006769,2026-06,0.5565,0.5239,0.5048,0.4238,0.3132,0.186
CUST1006770,2026-06,0.5274,0.3163,0.3033,0.5085,0.4718,0.1265
CUST1006771,2026-06,0.4877,0.2217,0.3591,0.3073,0.3482,0.1495
CUST1006772,2026-06,0.4197,0.01,0.1648,0.1418,0.1242,0.0988
CUST1006773,2026-06,0.414,0.3951,0.0832,0.2374,0.2562,0.143
CUST1006774,2026-06,0.5509,0.3955,0.5572,0.4584,0.3022,0.096
CUST1006775,2026-06,0.1368,0.096,0.0806,0.4777,0.2459,0.0648
CUST1006776,2026-06,0.316,0.5256,0.3921,0.442,0.3832,0.1614
CUST1006777,2026-06,0.4974,0.5496,0.2068,0.4714,0.5965,0.1499
CUST1006778,2026-06,0.603,0.1811,0.2856,0.0586,0.3029,0.2962
CUST1006779,2026-06,0.3116,0.2957,0.0498,0.5557,0.5035,0.2318
CUST1006780,2026-06,0.3861,0.2758,0.3318,0.3637,0.503,0.1536
CUST1006781,2026-06,0.3124,0.3104,0.319,0.1497,0.2933,0.5395
CUST1006782,2026-06,0.4282,0.3134,0.4702,0.4801,0.4208,0.2187
CUST1006783,2026-06,0.3328,0.1545,0.3964,0.065,0.3402,0.1913
CUST1006784,2026-06,0.4955,0.3768,0.6196,0.2071,0.4404,0.1673
CUST1006785,2026-06,0.3999,0.4072,0.651,0.2392,0.4217,0.1799
CUST1006786,2026-06,0.6159,0.4114,0.5148,0.3932,0.3011,0.2636
CUST1006787,2026-06,0.6038,0.2188,0.4936,0.2644,0.2001,0.2817
CUST1006788,2026-06,0.3421,0.5021,0.3281,0.536,0.2864,0.0956999999999999
CUST1006789,2026-06,0.1163,0.3853,0.0661999999999999,0.2551,0.3871,0.2571
CUST1006790,2026-06,0.3322,0.01,0.1533,0.0961,0.4548,0.1818
CUST1006791,2026-06,0.0728,0.3622,0.01,0.2622,0.2192,0.0927999999999999
CUST1006792,2026-06,0.3245,0.0557,0.1481,0.403,0.5844,0.2457
CUST1006793,2026-06,0.1796,0.3119,0.2728,0.5301,0.5146,0.3745
CUST1006794,2026-06,0.3244,0.1981,0.2743,0.0412,0.2666,0.7043
CUST1006795,2026-06,0.6074,0.332,0.369,0.3577,0.2814,0.2615
CUST1006796,2026-06,0.6306,0.103,0.4411,0.3798,0.1696,0.6047
CUST1006797,2026-06,0.3244,0.0725,0.2219,0.2718,0.2754,0.2417
CUST1006798,2026-06,0.2409,0.2015,0.1385,0.2922,0.2751,0.6727
CUST1006799,2026-06,0.35,0.6045,0.439,0.4804,0.2566,0.2069
CUST1006800,2026-06,0.0761,0.2695,0.0993,0.293,0.349,0.14
CUST1006801,2026-06,0.3897,0.4228,0.5638,0.3384,0.4799,0.354
CUST1006802,2026-06,0.374,0.3147,0.3573,0.416,0.3282,0.0462
CUST1006803,2026-06,0.5445,0.1497,0.7431,0.609,0.3334,0.0794
CUST1006804,2026-06,0.3008,0.3396,0.2471,0.4753,0.4334,0.2768
CUST1006805,2026-06,0.2374,0.4377,0.297,0.3998,0.4302,0.4951
CUST1006806,2026-06,0.6802,0.3105,0.3155,0.5084,0.1933,0.3116
CUST1006807,2026-06,0.6841,0.3927,0.4135,0.1931,0.4217,0.213
CUST1006808,2026-06,0.7363,0.1134,0.5082,0.3338,0.2033,0.2735
CUST1006809,2026-06,0.3205,0.1843,0.2168,0.5391,0.2609,0.477
CUST1006810,2026-06,0.3626,0.1787,0.3525,0.1423,0.3943,0.2453
CUST1006811,2026-06,0.338,0.5607,0.4252,0.3113,0.216,0.1534
CUST1006812,2026-06,0.354,0.0717,0.1816,0.2575,0.1938,0.0830999999999999
CUST1006813,2026-06,0.654,0.2214,0.3013,0.3023,0.0389,0.1156
CUST1006814,2026-06,0.5645,0.3266,0.4388,0.3796,0.1434,0.2055
CUST1006815,2026-06,0.5716,0.3532,0.575,0.3793,0.3734,0.1411
CUST1006816,2026-06,0.5899,0.108,0.3248,0.311,0.2661,0.01
CUST1006817,2026-06,0.3722,0.4511,0.4296,0.554,0.3701,0.2911
CUST1006818,2026-06,0.718,0.3229,0.3254,0.4382,0.1973,0.3143
CUST1006819,2026-06,0.3136,0.5451,0.4893,0.4519,0.409,0.2218
CUST1006820,2026-06,0.6185,0.2197,0.3421,0.1207,0.265,0.2178
CUST1006821,2026-06,0.5475,0.1981,0.4549,0.4698,0.5319,0.174
CUST1006822,2026-06,0.3989,0.5636,0.6532,0.201,0.3004,0.1557
CUST1006823,2026-06,0.2956,0.3144,0.5896,0.3774,0.4964,0.0513
CUST1006824,2026-06,0.1177,0.3088,0.2991,0.4252,0.3423,0.2439
CUST1006825,2026-06,0.7384,0.3438,0.4613,0.617,0.183,0.0712
CUST1006826,2026-06,0.5771,0.01,0.3403,0.4182,0.1947,0.2862
CUST1006827,2026-06,0.4323,0.2089,0.2504,0.506,0.2637,0.048
CUST1006828,2026-06,0.7057,0.4162,0.4502,0.5284,0.2487,0.2935
CUST1006829,2026-06,0.7001,0.1513,0.4113,0.3366,0.113,0.618
CUST1006830,2026-06,0.3895,0.3973,0.5892,0.3978,0.4404,0.1889
CUST1006831,2026-06,0.6691,0.3381,0.4187,0.3789,0.1808,0.1063
CUST1006832,2026-06,0.5008,0.2449,0.4228,0.4068,0.3896,0.1143
CUST1006833,2026-06,0.3617,0.2924,0.1387,0.3405,0.2534,0.2925
CUST1006834,2026-06,0.5087,0.4715,0.336,0.5037,0.5797,0.1186
CUST1006835,2026-06,0.4097,0.01,0.2849,0.4299,0.3378,0.1848
CUST1006836,2026-06,0.1652,0.2322,0.1752,0.4871,0.1959,0.4862
CUST1006837,2026-06,0.1489,0.2542,0.5189,0.444,0.4229,0.5656
CUST1006838,2026-06,0.5122,0.6165,0.4338,0.2016,0.1173,0.2273
CUST1006839,2026-06,0.1657,0.1544,0.3107,0.091,0.4626,0.0553
CUST1006840,2026-06,0.4633,0.1646,0.2666,0.5635,0.4259,0.1665
CUST1006841,2026-06,0.5829,0.251,0.4733,0.2939,0.4324,0.213
CUST1006842,2026-06,0.5355,0.3163,0.4101,0.5621,0.2696,0.2042
CUST1006843,2026-06,0.307,0.5226,0.235,0.2046,0.4715,0.0421
CUST1006844,2026-06,0.0795,0.2553,0.0869999999999999,0.3732,0.3009,0.1065
CUST1006845,2026-06,0.4398,0.4852,0.2781,0.6417,0.2489,0.1872
CUST1006846,2026-06,0.248,0.2956,0.1593,0.3202,0.0722,0.2389
CUST1006847,2026-06,0.4359,0.3626,0.4601,0.722,0.2533,0.1218
CUST1006848,2026-06,0.7295,0.1658,0.3232,0.1465,0.1835,0.2103
CUST1006849,2026-06,0.6792,0.0878,0.3339,0.4577,0.2085,0.2064
CUST1006850,2026-06,0.557,0.4126,0.4172,0.3255,0.4649,0.2488
CUST1006851,2026-06,0.5125,0.2562,0.4995,0.3318,0.3335,0.1465
CUST1006852,2026-06,0.3345,0.3951,0.2113,0.2863,0.3228,0.1373
CUST1006853,2026-06,0.3516,0.01,0.0862,0.4638,0.3204,0.2695
CUST1006854,2026-06,0.5828,0.511,0.5782,0.4373,0.2298,0.4399
CUST1006855,2026-06,0.4726,0.3708,0.4529,0.2682,0.4114,0.2522
CUST1006856,2026-06,0.6622,0.5564,0.6288,0.2652,0.4586,0.01
CUST1006857,2026-06,0.4706,0.3929,0.3277,0.1485,0.4199,0.3629
CUST1006858,2026-06,0.3507,0.4232,0.4532,0.1662,0.2575,0.0795
CUST1006859,2026-06,0.5706,0.476,0.6157,0.2697,0.2846,0.2602
CUST1006860,2026-06,0.4518,0.4719,0.3955,0.4933,0.3829,0.0893
CUST1006861,2026-06,0.5611,0.4039,0.2892,0.2585,0.4962,0.1269
CUST1006862,2026-06,0.4007,0.5306,0.4072,0.3572,0.5543,0.01
CUST1006863,2026-06,0.1671,0.3275,0.0214,0.196,0.2251,0.1059
CUST1006864,2026-06,0.708,0.4356,0.3964,0.1757,0.3137,0.2227
CUST1006865,2026-06,0.4637,0.3106,0.1382,0.4203,0.1374,0.1953
CUST1006866,2026-06,0.4674,0.4734,0.5745,0.3593,0.4122,0.1568
CUST1006867,2026-06,0.4592,0.1521,0.116,0.3881,0.3305,0.2307
CUST1006868,2026-06,0.4213,0.3259,0.2595,0.311,0.0895,0.1335
CUST1006869,2026-06,0.2257,0.1718,0.0680999999999999,0.2505,0.0927999999999999,0.2768
CUST1006870,2026-06,0.5228,0.2426,0.3035,0.5134,0.4707,0.2961
CUST1006871,2026-06,0.1792,0.2835,0.3461,0.3531,0.399,0.2344
CUST1006872,2026-06,0.2463,0.6223,0.7071,0.3548,0.4067,0.1422
CUST1006873,2026-06,0.3384,0.3812,0.5168,0.5006,0.3239,0.1124
CUST1006874,2026-06,0.5105,0.3968,0.4856,0.3989,0.4277,0.2478
CUST1006875,2026-06,0.5657,0.4343,0.521,0.5392,0.3198,0.5021
CUST1006876,2026-06,0.541,0.1753,0.3773,0.1513,0.3031,0.2994
CUST1006877,2026-06,0.5606,0.4089,0.239,0.3053,0.3338,0.2181
CUST1006878,2026-06,0.5537,0.0969,0.4205,0.2933,0.1749,0.2733
CUST1006879,2026-06,0.1429,0.2967,0.1229,0.3557,0.3727,0.2446
CUST1006880,2026-06,0.5171,0.2149,0.3025,0.3348,0.5718,0.1565
CUST1006881,2026-06,0.5617,0.296,0.4694,0.543,0.1648,0.1507
CUST1006882,2026-06,0.418,0.5356,0.2823,0.5656,0.5325,0.5597
CUST1006883,2026-06,0.5597,0.1917,0.4553,0.4172,0.2403,0.2979
CUST1006884,2026-06,0.3187,0.0441,0.1964,0.1936,0.1948,0.1828
CUST1006885,2026-06,0.4744,0.1832,0.4371,0.2776,0.5887,0.1313
CUST1006886,2026-06,0.576,0.4453,0.5649,0.2615,0.2786,0.2817
CUST1006887,2026-06,0.2965,0.459,0.4453,0.3126,0.3395,0.0411
CUST1006888,2026-06,0.5069,0.01,0.0872,0.3578,0.1571,0.3169
CUST1006889,2026-06,0.701,0.4271,0.556,0.4322,0.4382,0.2411
CUST1006890,2026-06,0.6053,0.4211,0.4449,0.4993,0.4341,0.0883
CUST1006891,2026-06,0.2936,0.0995,0.2095,0.304,0.2631,0.1402
CUST1006892,2026-06,0.1896,0.3143,0.1746,0.3827,0.358,0.2183
CUST1006893,2026-06,0.3963,0.3735,0.2816,0.5907,0.4691,0.2105
CUST1006894,2026-06,0.6128,0.4021,0.6788,0.3703,0.2736,0.1372
CUST1006895,2026-06,0.1519,0.2172,0.0703,0.2461,0.3315,0.2317
CUST1006896,2026-06,0.5366,0.3459,0.5048,0.2829,0.584,0.219
CUST1006897,2026-06,0.6045,0.2378,0.4172,0.5159,0.4137,0.1563
CUST1006898,2026-06,0.4612,0.0789,0.01,0.4017,0.2038,0.1727
CUST1006899,2026-06,0.4943,0.0151,0.1554,0.3674,0.2768,0.0868
CUST1006900,2026-06,0.4279,0.01,0.1766,0.3893,0.1613,0.1536
CUST1006901,2026-06,0.2559,0.2831,0.1431,0.3498,0.1785,0.2038
CUST1006902,2026-06,0.2506,0.4309,0.3302,0.24,0.3178,0.1059
CUST1006903,2026-06,0.2589,0.04,0.0525,0.0898999999999999,0.1443,0.5107
CUST1006904,2026-06,0.4987,0.4414,0.538,0.4369,0.1476,0.1856
CUST1006905,2026-06,0.3658,0.3014,0.0518,0.5555,0.1997,0.3951
CUST1006906,2026-06,0.4769,0.4794,0.5347,0.3686,0.4261,0.1596
CUST1006907,2026-06,0.623,0.6058,0.3351,0.4624,0.3476,0.1784
CUST1006908,2026-06,0.1674,0.0625,0.1296,0.1985,0.2342,0.216
CUST1006909,2026-06,0.6082,0.4099,0.3296,0.2902,0.2903,0.2265
CUST1006910,2026-06,0.2044,0.1666,0.0995999999999999,0.2184,0.3638,0.108
CUST1006911,2026-06,0.3752,0.4011,0.4374,0.3445,0.3888,0.2329
CUST1006912,2026-06,0.4401,0.3273,0.3567,0.3635,0.3957,0.2405
CUST1006913,2026-06,0.4916,0.3124,0.494,0.0599,0.2798,0.0844
CUST1006914,2026-06,0.3716,0.4553,0.6494,0.4595,0.4605,0.0687
CUST1006915,2026-06,0.4847,0.4404,0.527,0.4241,0.3817,0.2344
CUST1006916,2026-06,0.5396,0.4394,0.2228,0.5834,0.2536,0.1638
CUST1006917,2026-06,0.4655,0.6036,0.4128,0.4068,0.4521,0.1173
CUST1006918,2026-06,0.3661,0.01,0.3702,0.4243,0.2328,0.1754
CUST1006919,2026-06,0.3022,0.3332,0.1094,0.1595,0.3478,0.1825
CUST1006920,2026-06,0.2501,0.2994,0.2937,0.5224,0.3704,0.2093
CUST1006921,2026-06,0.5722,0.3905,0.5981,0.488,0.3248,0.0971
CUST1006922,2026-06,0.5273,0.3305,0.2463,0.2141,0.325,0.2334
CUST1006923,2026-06,0.3175,0.0964,0.1475,0.3333,0.5342,0.1395
CUST1006924,2026-06,0.3795,0.3455,0.5769,0.3448,0.4029,0.2467
CUST1006925,2026-06,0.5221,0.0292,0.2202,0.3377,0.2301,0.3791
CUST1006926,2026-06,0.6613,0.4394,0.6073,0.4522,0.3719,0.1766
CUST1006927,2026-06,0.4829,0.3849,0.4216,0.33,0.232,0.1661
CUST1006928,2026-06,0.4265,0.4427,0.5622,0.2734,0.3246,0.1849
CUST1006929,2026-06,0.4862,0.5702,0.4059,0.5441,0.3832,0.1379
CUST1006930,2026-06,0.5527,0.5088,0.2473,0.5504,0.275,0.1424
CUST1006931,2026-06,0.0396,0.1546,0.5279,0.3965,0.2943,0.2013
CUST1006932,2026-06,0.6323,0.2798,0.8124,0.2034,0.1422,0.1006
CUST1006933,2026-06,0.693,0.4359,0.665,0.4173,0.4513,0.1511
CUST1006934,2026-06,0.2562,0.0946,0.1275,0.2675,0.1921,0.0808
CUST1006935,2026-06,0.4853,0.4056,0.3907,0.5074,0.2881,0.1918
CUST1006936,2026-06,0.3609,0.2674,0.5664,0.4387,0.412,0.1331
CUST1006937,2026-06,0.3969,0.0843,0.1584,0.1453,0.2289,0.2564
CUST1006938,2026-06,0.4883,0.2459,0.1414,0.4089,0.5538,0.2111
CUST1006939,2026-06,0.0275,0.1686,0.01,0.3423,0.4805,0.2233
CUST1006940,2026-06,0.6445,0.26,0.4243,0.2732,0.1934,0.1734
CUST1006941,2026-06,0.6083,0.1346,0.3912,0.2701,0.2821,0.2659
CUST1006942,2026-06,0.313,0.0472,0.251,0.2823,0.3967,0.0335
CUST1006943,2026-06,0.4769,0.3873,0.5057,0.5601,0.2276,0.2271
CUST1006944,2026-06,0.4083,0.4344,0.3499,0.2872,0.3388,0.2633
CUST1006945,2026-06,0.4294,0.3156,0.5701,0.1424,0.3516,0.2538
CUST1006946,2026-06,0.533,0.3827,0.4823,0.1815,0.4558,0.1337
CUST1006947,2026-06,0.478,0.3237,0.2739,0.3975,0.4832,0.1791
CUST1006948,2026-06,0.5425,0.4089,0.235,0.4753,0.331,0.4991
CUST1006949,2026-06,0.3822,0.6319,0.4865,0.3351,0.3756,0.2877
CUST1006950,2026-06,0.4686,0.5825,0.1494,0.48,0.5726,0.1711
CUST1006951,2026-06,0.3043,0.1673,0.4471,0.4839,0.6178,0.164
CUST1006952,2026-06,0.4027,0.2703,0.5278,0.2563,0.3084,0.2439
CUST1006953,2026-06,0.2043,0.3465,0.0709999999999999,0.5176,0.3861,0.2578
CUST1006954,2026-06,0.434,0.0737,0.1588,0.3236,0.4165,0.276
CUST1006955,2026-06,0.5228,0.3314,0.4156,0.2151,0.4266,0.204
CUST1006956,2026-06,0.4674,0.2753,0.4089,0.6648,0.5087,0.3152
CUST1006957,2026-06,0.3145,0.3653,0.5265,0.4612,0.3498,0.1963
CUST1006958,2026-06,0.4634,0.3706,0.2495,0.3595,0.4376,0.668
CUST1006959,2026-06,0.4039,0.0419,0.2001,0.2664,0.1994,0.2461
CUST1006960,2026-06,0.5751,0.5806,0.4614,0.5211,0.1142,0.4452
CUST1006961,2026-06,0.5063,0.3817,0.3724,0.2533,0.3227,0.1035
CUST1006962,2026-06,0.5291,0.3218,0.2801,0.372,0.4975,0.0879999999999999
CUST1006963,2026-06,0.1771,0.01,0.2141,0.0197,0.4193,0.1116
CUST1006964,2026-06,0.4765,0.4137,0.3666,0.393,0.2488,0.113
CUST1006965,2026-06,0.4894,0.4601,0.5452,0.3903,0.3635,0.2747
CUST1006966,2026-06,0.2973,0.594,0.4349,0.391,0.4995,0.1486
CUST1006967,2026-06,0.5782,0.2664,0.0484,0.5712,0.1973,0.1412
CUST1006968,2026-06,0.5888,0.2231,0.415,0.1768,0.1956,0.1601
CUST1006969,2026-06,0.6609,0.6029,0.3016,0.513,0.2654,0.0621
CUST1006970,2026-06,0.2326,0.3,0.1902,0.3174,0.3867,0.2309
CUST1006971,2026-06,0.3546,0.5479,0.4117,0.2564,0.4807,0.1588
CUST1006972,2026-06,0.7098,0.5038,0.341,0.4043,0.3179,0.2442
CUST1006973,2026-06,0.2995,0.2939,0.0661999999999999,0.3335,0.1115,0.2995
CUST1006974,2026-06,0.5333,0.2423,0.5184,0.2698,0.4863,0.2408
CUST1006975,2026-06,0.601,0.4122,0.4446,0.3724,0.3109,0.1406
CUST1006976,2026-06,0.3312,0.1996,0.2693,0.3722,0.3376,0.1279
CUST1006977,2026-06,0.5704,0.3068,0.3722,0.5289,0.2971,0.2117
CUST1006978,2026-06,0.1597,0.1813,0.1376,0.1937,0.3069,0.3262
CUST1006979,2026-06,0.5646,0.4975,0.1966,0.5224,0.3115,0.225
CUST1006980,2026-06,0.328,0.3145,0.307,0.1599,0.4711,0.3094
CUST1006981,2026-06,0.4369,0.0141,0.1616,0.3011,0.1833,0.2491
CUST1006982,2026-06,0.3732,0.1698,0.2505,0.4657,0.2834,0.1322
CUST1006983,2026-06,0.3544,0.4305,0.7529,0.2555,0.2834,0.2164
CUST1006984,2026-06,0.3593,0.3117,0.2358,0.4596,0.4388,0.161
CUST1006985,2026-06,0.616,0.4682,0.4556,0.6037,0.2066,0.0743999999999999
CUST1006986,2026-06,0.5855,0.1632,0.484,0.2394,0.2087,0.1989
CUST1006987,2026-06,0.3938,0.5471,0.3985,0.4663,0.3021,0.1342
CUST1006988,2026-06,0.4623,0.427,0.606,0.4401,0.4421,0.0955
CUST1006989,2026-06,0.3759,0.5904,0.3236,0.3988,0.539,0.1565
CUST1006990,2026-06,0.4515,0.2864,0.2565,0.2739,0.108,0.619
CUST1006991,2026-06,0.5347,0.3798,0.6036,0.4545,0.2776,0.1831
CUST1006992,2026-06,0.5466,0.5412,0.6086,0.4589,0.3456,0.1171
CUST1006993,2026-06,0.467,0.5348,0.534,0.581,0.2044,0.2628
CUST1006994,2026-06,0.6887,0.5349,0.1591,0.4918,0.3894,0.2727
CUST1006995,2026-06,0.4613,0.3006,0.1613,0.01,0.3231,0.1947
CUST1006996,2026-06,0.1792,0.0282,0.1934,0.3185,0.3344,0.1173
CUST1006997,2026-06,0.648,0.3054,0.4138,0.3912,0.2692,0.1784
CUST1006998,2026-06,0.6733,0.1226,0.4364,0.4683,0.2983,0.1287
CUST1006999,2026-06,0.6662,0.5271,0.5085,0.5652,0.0554,0.2322
CUST1007000,2026-06,0.4722,0.2872,0.3242,0.4491,0.4565,0.0281
CUST1007001,2026-06,0.3722,0.4711,0.7688,0.4522,0.311,0.0576
CUST1007002,2026-06,0.3809,0.2424,0.7754,0.2834,0.334,0.0796
CUST1007003,2026-06,0.3972,0.467,0.587,0.3569,0.204,0.0958
CUST1007004,2026-06,0.4237,0.01,0.2996,0.2742,0.2352,0.2169
CUST1007005,2026-06,0.6843,0.5764,0.4709,0.4425,0.4291,0.2441
CUST1007006,2026-06,0.1956,0.3155,0.1025,0.1072,0.2361,0.29
CUST1007007,2026-06,0.609,0.308,0.3741,0.512,0.2718,0.2541
CUST1007008,2026-06,0.1778,0.3474,0.4832,0.4269,0.2626,0.2465
CUST1007009,2026-06,0.5295,0.0249,0.2901,0.1325,0.2597,0.2766
CUST1007010,2026-06,0.7822,0.2963,0.4177,0.4539,0.1616,0.1913
CUST1007011,2026-06,0.3202,0.3988,0.1106,0.3726,0.4676,0.1022
CUST1007012,2026-06,0.3109,0.1979,0.4508,0.3405,0.4545,0.0795
CUST1007013,2026-06,0.3888,0.3652,0.395,0.4235,0.2851,0.6008
CUST1007014,2026-06,0.5943,0.0953,0.3144,0.3072,0.6138,0.2038
CUST1007015,2026-06,0.7396,0.2636,0.5102,0.2794,0.2516,0.1203
CUST1007016,2026-06,0.4814,0.227,0.1932,0.5051,0.1766,0.234
CUST1007017,2026-06,0.4963,0.4235,0.4992,0.2987,0.4327,0.2214
CUST1007018,2026-06,0.3542,0.5136,0.5933,0.4815,0.3691,0.0883
CUST1007019,2026-06,0.4375,0.2241,0.1613,0.5239,0.3102,0.2438
CUST1007020,2026-06,0.4566,0.3808,0.4137,0.4063,0.3843,0.2497
CUST1007021,2026-06,0.6108,0.314,0.2129,0.4249,0.1196,0.1525
CUST1007022,2026-06,0.1178,0.3154,0.01,0.4577,0.4251,0.5182
CUST1007023,2026-06,0.3863,0.3673,0.4742,0.4061,0.2791,0.1464
CUST1007024,2026-06,0.5251,0.3431,0.5692,0.1822,0.4852,0.2942
CUST1007025,2026-06,0.501,0.2819,0.4234,0.2102,0.4513,0.1302
CUST1007026,2026-06,0.4108,0.3668,0.4272,0.3357,0.5198,0.0243
CUST1007027,2026-06,0.5652,0.491,0.596,0.4996,0.426,0.258
CUST1007028,2026-06,0.2557,0.01,0.3218,0.4869,0.293,0.1232
CUST1007029,2026-06,0.3819,0.4028,0.3408,0.189,0.4923,0.1376
CUST1007030,2026-06,0.5404,0.4068,0.7156,0.4955,0.3241,0.2418
CUST1007031,2026-06,0.5031,0.5695,0.5713,0.4617,0.4496,0.0395
CUST1007032,2026-06,0.2399,0.3645,0.3779,0.2251,0.6271,0.3486
CUST1007033,2026-06,0.1904,0.1798,0.1428,0.0273,0.276,0.2281
CUST1007034,2026-06,0.3899,0.542,0.632,0.4179,0.3476,0.176
CUST1007035,2026-06,0.7559,0.1928,0.3603,0.1339,0.3519,0.3297
CUST1007036,2026-06,0.387,0.524,0.2874,0.5634,0.5129,0.2245
CUST1007037,2026-06,0.4058,0.4327,0.3282,0.3294,0.4137,0.2655
CUST1007038,2026-06,0.4105,0.1409,0.0684,0.3804,0.4003,0.2061
CUST1007039,2026-06,0.674,0.0887,0.56,0.3662,0.1031,0.1749
CUST1007040,2026-06,0.4068,0.1924,0.3523,0.3134,0.5647,0.1816
CUST1007041,2026-06,0.5135,0.413,0.3391,0.4327,0.2244,0.254
CUST1007042,2026-06,0.1313,0.2819,0.0469,0.3551,0.3393,0.5073
CUST1007043,2026-06,0.1277,0.2743,0.0196,0.2954,0.6601,0.2013
CUST1007044,2026-06,0.6681,0.3855,0.4018,0.4479,0.2452,0.2657
CUST1007045,2026-06,0.2487,0.2033,0.0331,0.4659,0.3529,0.1176
CUST1007046,2026-06,0.4491,0.3185,0.5681,0.5283,0.3928,0.1048
CUST1007047,2026-06,0.4895,0.4783,0.614,0.5429,0.4014,0.1387
CUST1007048,2026-06,0.2495,0.2639,0.0774,0.5339,0.6207,0.1414
CUST1007049,2026-06,0.6776,0.2369,0.399,0.3957,0.4393,0.2366
CUST1007050,2026-06,0.7341,0.6542,0.2601,0.4071,0.1922,0.176
CUST1007051,2026-06,0.4685,0.5469,0.6213,0.6536,0.4304,0.2266
CUST1007052,2026-06,0.5504,0.4714,0.4124,0.4192,0.2968,0.0556
CUST1007053,2026-06,0.5224,0.6044,0.1525,0.4735,0.2741,0.1152
CUST1007054,2026-06,0.255,0.3609,0.2979,0.2907,0.3861,0.2765
CUST1007055,2026-06,0.2065,0.01,0.1099,0.2191,0.2537,0.1707
CUST1007056,2026-06,0.1797,0.4585,0.4415,0.1873,0.3748,0.2224
CUST1007057,2026-06,0.3451,0.4475,0.4588,0.2809,0.2753,0.1534
CUST1007058,2026-06,0.3247,0.243,0.0626,0.3034,0.4636,0.2056
CUST1007059,2026-06,0.5917,0.2163,0.7166,0.3002,0.3903,0.1607
CUST1007060,2026-06,0.6296,0.0421,0.157,0.3368,0.1308,0.0763
CUST1007061,2026-06,0.1606,0.0284,0.2978,0.3551,0.3534,0.0573
CUST1007062,2026-06,0.7054,0.3032,0.3562,0.3817,0.2198,0.2452
CUST1007063,2026-06,0.5751,0.1585,0.3252,0.1872,0.2937,0.3175
CUST1007064,2026-06,0.2564,0.01,0.1665,0.3524,0.581,0.2915
CUST1007065,2026-06,0.7179,0.1727,0.5574,0.4137,0.2081,0.1478
CUST1007066,2026-06,0.4047,0.2522,0.0675999999999999,0.3651,0.1738,0.1934
CUST1007067,2026-06,0.548,0.4344,0.5904,0.52,0.251,0.1223
CUST1007068,2026-06,0.4739,0.4762,0.4931,0.3964,0.3647,0.0626
CUST1007069,2026-06,0.6719,0.2038,0.504,0.3761,0.2238,0.2425
CUST1007070,2026-06,0.4185,0.3906,0.4181,0.2387,0.2907,0.01
CUST1007071,2026-06,0.4124,0.4644,0.5057,0.5125,0.5127,0.2233
CUST1007072,2026-06,0.4941,0.01,0.332,0.5046,0.3358,0.1986
CUST1007073,2026-06,0.482,0.4216,0.4577,0.6145,0.4111,0.2366
CUST1007074,2026-06,0.1595,0.2731,0.1828,0.2522,0.1297,0.1846
CUST1007075,2026-06,0.6652,0.2531,0.4387,0.485,0.2775,0.2261
CUST1007076,2026-06,0.507,0.2384,0.2251,0.5676,0.3867,0.1983
CUST1007077,2026-06,0.2926,0.4694,0.5495,0.4393,0.2105,0.2728
CUST1007078,2026-06,0.4944,0.4315,0.407,0.5393,0.5293,0.2181
CUST1007079,2026-06,0.3818,0.49,0.2117,0.4667,0.3624,0.1649
CUST1007080,2026-06,0.3917,0.3929,0.4262,0.5129,0.5981,0.3004
CUST1007081,2026-06,0.411,0.3281,0.4782,0.4242,0.3962,0.2031
CUST1007082,2026-06,0.6378,0.3909,0.4825,0.3847,0.4139,0.0627
CUST1007083,2026-06,0.2988,0.1725,0.4287,0.3032,0.2495,0.2086
CUST1007084,2026-06,0.356,0.0445,0.1842,0.2209,0.2274,0.0995999999999999
CUST1007085,2026-06,0.4972,0.4922,0.3745,0.4457,0.4611,0.0661
CUST1007086,2026-06,0.1138,0.336,0.1453,0.4112,0.3986,0.6016
CUST1007087,2026-06,0.396,0.01,0.2225,0.3715,0.368,0.2342
CUST1007088,2026-06,0.4507,0.2821,0.4705,0.409,0.3607,0.1437
CUST1007089,2026-06,0.411,0.3437,0.5149,0.3653,0.2469,0.031
CUST1007090,2026-06,0.2733,0.215,0.1587,0.5522,0.2991,0.0142
CUST1007091,2026-06,0.4927,0.5071,0.4414,0.4279,0.4172,0.2364
CUST1007092,2026-06,0.4443,0.2566,0.181,0.2616,0.2995,0.2875
CUST1007093,2026-06,0.2686,0.2127,0.4723,0.3309,0.3274,0.2289
CUST1007094,2026-06,0.4563,0.4291,0.6197,0.2491,0.4035,0.1828
CUST1007095,2026-06,0.6174,0.145,0.511,0.3829,0.2693,0.2392
CUST1007096,2026-06,0.3708,0.4503,0.597,0.3884,0.3846,0.1135
CUST1007097,2026-06,0.5946,0.386,0.4101,0.5353,0.4663,0.208
CUST1007098,2026-06,0.4795,0.4454,0.5475,0.0352,0.4274,0.1686
CUST1007099,2026-06,0.1101,0.2851,0.0672,0.2018,0.2263,0.3596
CUST1007100,2026-06,0.2361,0.0788,0.0995999999999999,0.3899,0.3675,0.5946
CUST1007101,2026-06,0.4599,0.3309,0.4547,0.3841,0.3139,0.2457
CUST1007102,2026-06,0.5947,0.1881,0.4208,0.2514,0.1635,0.1603
CUST1007103,2026-06,0.4336,0.0344,0.1075,0.3025,0.5568,0.1325
CUST1007104,2026-06,0.5742,0.2683,0.398,0.2786,0.1861,0.2759
CUST1007105,2026-06,0.6029,0.1733,0.5823,0.3685,0.391,0.0974
CUST1007106,2026-06,0.1323,0.0713,0.1645,0.2076,0.2797,0.1359
CUST1007107,2026-06,0.1936,0.3395,0.4489,0.5221,0.3146,0.3702
CUST1007108,2026-06,0.5433,0.1596,0.3652,0.366,0.3172,0.2938
CUST1007109,2026-06,0.3659,0.403,0.4801,0.4023,0.3909,0.1639
CUST1007110,2026-06,0.7382,0.1818,0.5115,0.5193,0.4539,0.2038
CUST1007111,2026-06,0.2296,0.3634,0.1673,0.2201,0.2117,0.1864
CUST1007112,2026-06,0.5266,0.2523,0.3836,0.6612,0.5371,0.1688
CUST1007113,2026-06,0.7451,0.2336,0.4047,0.1664,0.3064,0.1546
CUST1007114,2026-06,0.7761,0.479,0.6217,0.5156,0.2046,0.2276
CUST1007115,2026-06,0.4814,0.5446,0.5499,0.3199,0.4065,0.2326
CUST1007116,2026-06,0.5116,0.1779,0.4671,0.2384,0.1409,0.1939
CUST1007117,2026-06,0.3925,0.399,0.3654,0.4788,0.3461,0.0979
CUST1007118,2026-06,0.6018,0.3979,0.751,0.5073,0.337,0.3075
CUST1007119,2026-06,0.3105,0.1841,0.155,0.5244,0.279,0.6034
CUST1007120,2026-06,0.1989,0.2636,0.1436,0.1241,0.4578,0.1568
CUST1007121,2026-06,0.3976,0.4992,0.4125,0.2015,0.2166,0.0495
CUST1007122,2026-06,0.0553,0.1428,0.3487,0.1671,0.4147,0.0976
CUST1007123,2026-06,0.4167,0.5482,0.489,0.5433,0.1933,0.2332
CUST1007124,2026-06,0.3255,0.214,0.3511,0.3046,0.3181,0.2526
CUST1007125,2026-06,0.5773,0.5048,0.4488,0.3334,0.2893,0.1811
CUST1007126,2026-06,0.548,0.3433,0.3932,0.5506,0.3852,0.1277
CUST1007127,2026-06,0.745,0.5192,0.571,0.4143,0.4769,0.1274
CUST1007128,2026-06,0.2128,0.2499,0.1417,0.3356,0.1476,0.1646
CUST1007129,2026-06,0.4272,0.462,0.5086,0.4995,0.2558,0.1444
CUST1007130,2026-06,0.499,0.1292,0.5713,0.3521,0.6468,0.0477
CUST1007131,2026-06,0.2051,0.1152,0.1963,0.3305,0.4789,0.0327
CUST1007132,2026-06,0.0138,0.2334,0.093,0.271,0.4422,0.0439
CUST1007133,2026-06,0.4093,0.5568,0.5074,0.2297,0.1606,0.222
CUST1007134,2026-06,0.6207,0.4428,0.3083,0.5034,0.2524,0.1422
CUST1007135,2026-06,0.3488,0.2865,0.3053,0.4727,0.3839,0.0339
CUST1007136,2026-06,0.1581,0.2329,0.1064,0.264,0.3871,0.162
CUST1007137,2026-06,0.4552,0.0349,0.3335,0.0952,0.3218,0.1029
CUST1007138,2026-06,0.6397,0.1339,0.4496,0.2745,0.1789,0.216
CUST1007139,2026-06,0.5072,0.3737,0.2269,0.4966,0.1878,0.1612
CUST1007140,2026-06,0.6673,0.2272,0.4222,0.1913,0.2914,0.3011
CUST1007141,2026-06,0.1438,0.31,0.1935,0.1928,0.4369,0.0848
CUST1007142,2026-06,0.1901,0.2801,0.1012,0.1872,0.2841,0.1023
CUST1007143,2026-06,0.8027,0.1227,0.4215,0.4668,0.2563,0.2864
CUST1007144,2026-06,0.3028,0.01,0.1066,0.4541,0.6662,0.1489
CUST1007145,2026-06,0.3406,0.01,0.01,0.2721,0.5436,0.11
CUST1007146,2026-06,0.0824,0.141,0.01,0.3753,0.379,0.2363
CUST1007147,2026-06,0.5904,0.3399,0.5805,0.4585,0.134,0.1052
CUST1007148,2026-06,0.5323,0.4302,0.4912,0.4557,0.5623,0.1734
CUST1007149,2026-06,0.0272,0.3395,0.2618,0.2519,0.4625,0.1284
CUST1007150,2026-06,0.6089,0.2986,0.5143,0.3247,0.2729,0.2536
CUST1007151,2026-06,0.4436,0.4539,0.4612,0.3353,0.2719,0.3338
CUST1007152,2026-06,0.5496,0.268,0.345,0.3097,0.3827,0.1079
CUST1007153,2026-06,0.2791,0.2378,0.173,0.2688,0.2297,0.2352
CUST1007154,2026-06,0.4504,0.4027,0.384,0.2495,0.4787,0.2441
CUST1007155,2026-06,0.4823,0.3815,0.5608,0.0685,0.3049,0.2026
CUST1007156,2026-06,0.3691,0.3637,0.3153,0.6496,0.3597,0.2654
CUST1007157,2026-06,0.4188,0.1639,0.2298,0.615,0.3539,0.2519
CUST1007158,2026-06,0.4458,0.3949,0.3234,0.4272,0.4374,0.1628
CUST1007159,2026-06,0.5336,0.4483,0.458,0.45,0.7022,0.2034
CUST1007160,2026-06,0.4625,0.3625,0.411,0.4087,0.3534,0.3564
CUST1007161,2026-06,0.2111,0.4259,0.6423,0.151,0.5204,0.2294
CUST1007162,2026-06,0.2962,0.01,0.2868,0.1068,0.2963,0.2715
CUST1007163,2026-06,0.5562,0.5279,0.4634,0.2961,0.4388,0.1407
CUST1007164,2026-06,0.4817,0.3876,0.471,0.4938,0.4107,0.0983
CUST1007165,2026-06,0.3986,0.3718,0.44,0.5108,0.3948,0.3236
CUST1007166,2026-06,0.6442,0.3246,0.2425,0.0966,0.1005,0.2816
CUST1007167,2026-06,0.6724,0.3905,0.3602,0.2935,0.3092,0.3101
CUST1007168,2026-06,0.5291,0.4058,0.4723,0.5054,0.428,0.1481
CUST1007169,2026-06,0.5926,0.414,0.5384,0.3969,0.359,0.01
CUST1007170,2026-06,0.588,0.4041,0.4661,0.531,0.4261,0.0615
CUST1007171,2026-06,0.3711,0.3618,0.4838,0.3741,0.3928,0.1298
CUST1007172,2026-06,0.5893,0.3511,0.3516,0.6723,0.3426,0.2168
CUST1007173,2026-06,0.3506,0.121,0.1271,0.1708,0.3743,0.2839
CUST1007174,2026-06,0.3696,0.169,0.1818,0.2202,0.352,0.1813
CUST1007175,2026-06,0.3937,0.2698,0.0854,0.5092,0.5973,0.2967
CUST1007176,2026-06,0.0339,0.141,0.103,0.2218,0.517,0.3262
CUST1007177,2026-06,0.5356,0.437,0.3228,0.2226,0.3075,0.0561
CUST1007178,2026-06,0.5235,0.4694,0.5146,0.5001,0.3436,0.2254
CUST1007179,2026-06,0.5015,0.4261,0.4139,0.3412,0.4744,0.1047
CUST1007180,2026-06,0.3481,0.458,0.555,0.4293,0.1634,0.1149
CUST1007181,2026-06,0.5872,0.279,0.1921,0.5336,0.4424,0.249
CUST1007182,2026-06,0.4139,0.3768,0.3696,0.4339,0.3329,0.2954
CUST1007183,2026-06,0.311,0.2579,0.1784,0.3698,0.3556,0.2042
CUST1007184,2026-06,0.1843,0.1768,0.1745,0.3631,0.32,0.1732
CUST1007185,2026-06,0.6229,0.2694,0.414,0.383,0.3306,0.1328
CUST1007186,2026-06,0.268,0.01,0.1215,0.3033,0.4189,0.1961
CUST1007187,2026-06,0.3847,0.2126,0.5076,0.1717,0.0481,0.4685
CUST1007188,2026-06,0.5068,0.4144,0.2054,0.4864,0.3968,0.1401
CUST1007189,2026-06,0.2197,0.342,0.0723,0.2527,0.3555,0.3189
CUST1007190,2026-06,0.3382,0.1845,0.3831,0.4011,0.5076,0.2268
CUST1007191,2026-06,0.3703,0.01,0.1576,0.5547,0.3092,0.167
CUST1007192,2026-06,0.605,0.2505,0.4622,0.3802,0.3715,0.2134
CUST1007193,2026-06,0.3109,0.4589,0.3649,0.5134,0.2709,0.1671
CUST1007194,2026-06,0.7898,0.4845,0.517,0.5652,0.4226,0.043
CUST1007195,2026-06,0.4177,0.5658,0.5567,0.1556,0.2151,0.5659
CUST1007196,2026-06,0.4678,0.4028,0.2466,0.3957,0.3808,0.1514
CUST1007197,2026-06,0.6388,0.4481,0.6602,0.5949,0.2453,0.19
CUST1007198,2026-06,0.4314,0.1474,0.2036,0.4782,0.6452,0.2127
CUST1007199,2026-06,0.6928,0.221,0.3604,0.3635,0.3104,0.404
CUST1007200,2026-06,0.1027,0.1792,0.1786,0.0906,0.2384,0.2262
CUST1007201,2026-06,0.2391,0.0469,0.138,0.2711,0.4598,0.1862
CUST1007202,2026-06,0.4962,0.1413,0.6387,0.3854,0.3175,0.1947
CUST1007203,2026-06,0.2007,0.01,0.211,0.01,0.2883,0.1686
CUST1007204,2026-06,0.2708,0.456,0.4324,0.2354,0.4653,0.1969
CUST1007205,2026-06,0.3485,0.2963,0.3855,0.4013,0.505,0.0816
CUST1007206,2026-06,0.6512,0.2342,0.2843,0.6232,0.1963,0.1478
CUST1007207,2026-06,0.5059,0.3673,0.3166,0.2862,0.4407,0.1135
CUST1007208,2026-06,0.2974,0.1955,0.1854,0.5529,0.2317,0.1444
CUST1007209,2026-06,0.1617,0.4927,0.139,0.1784,0.3401,0.1106
CUST1007210,2026-06,0.3829,0.0794,0.01,0.2243,0.1988,0.168
CUST1007211,2026-06,0.4573,0.4741,0.3925,0.3334,0.252,0.1045
CUST1007212,2026-06,0.4091,0.1882,0.5121,0.3815,0.4446,0.2828
CUST1007213,2026-06,0.3555,0.6422,0.2093,0.5,0.4173,0.1832
CUST1007214,2026-06,0.4457,0.0274,0.1553,0.3722,0.3046,0.2001
CUST1007215,2026-06,0.2805,0.3442,0.1753,0.6293,0.117,0.6312
CUST1007216,2026-06,0.5971,0.4935,0.3676,0.4991,0.3167,0.222
CUST1007217,2026-06,0.4642,0.3345,0.2474,0.5193,0.3587,0.1619
CUST1007218,2026-06,0.7366,0.074,0.4208,0.4409,0.215,0.14
CUST1007219,2026-06,0.1967,0.2344,0.0985,0.01,0.3288,0.1866
CUST1007220,2026-06,0.4361,0.4064,0.3606,0.3898,0.58,0.2173
CUST1007221,2026-06,0.476,0.1288,0.0549,0.5435,0.3152,0.131
CUST1007222,2026-06,0.3191,0.5014,0.3848,0.1642,0.4083,0.208
CUST1007223,2026-06,0.6637,0.4208,0.4535,0.1813,0.4724,0.159
CUST1007224,2026-06,0.6412,0.4453,0.4377,0.2354,0.2784,0.2274
CUST1007225,2026-06,0.6192,0.213,0.5529,0.2074,0.4607,0.1034
CUST1007226,2026-06,0.3165,0.0535,0.1092,0.2471,0.1926,0.2294
CUST1007227,2026-06,0.6508,0.3032,0.2559,0.5917,0.3222,0.2033
CUST1007228,2026-06,0.5567,0.2789,0.3002,0.4346,0.3997,0.2027
CUST1007229,2026-06,0.5085,0.2273,0.1286,0.511,0.3188,0.045
CUST1007230,2026-06,0.4796,0.5507,0.5863,0.3172,0.419,0.1711
CUST1007231,2026-06,0.6398,0.295,0.2991,0.4973,0.3035,0.5895
CUST1007232,2026-06,0.4878,0.4053,0.6423,0.3915,0.279,0.2869
CUST1007233,2026-06,0.3022,0.2876,0.3978,0.2457,0.3226,0.2728
CUST1007234,2026-06,0.225,0.3966,0.2397,0.1757,0.2218,0.1679
CUST1007235,2026-06,0.5425,0.1964,0.2682,0.502,0.4119,0.145
CUST1007236,2026-06,0.6272,0.3569,0.5175,0.3609,0.1634,0.0851
CUST1007237,2026-06,0.3966,0.518,0.4357,0.5197,0.6558,0.1513
CUST1007238,2026-06,0.4543,0.3447,0.5172,0.2475,0.3597,0.1046
CUST1007239,2026-06,0.3968,0.1731,0.4256,0.1593,0.7661,0.2024
CUST1007240,2026-06,0.5887,0.2113,0.38,0.4726,0.242,0.1639
CUST1007241,2026-06,0.4593,0.4769,0.3564,0.3223,0.3876,0.117
CUST1007242,2026-06,0.4901,0.1554,0.1541,0.3858,0.2028,0.0729
CUST1007243,2026-06,0.3781,0.311,0.5336,0.0473,0.4975,0.1438
CUST1007244,2026-06,0.2868,0.2541,0.0947,0.3475,0.3692,0.2056
CUST1007245,2026-06,0.6626,0.4539,0.2073,0.4501,0.449,0.01
CUST1007246,2026-06,0.2856,0.4517,0.1381,0.2237,0.3899,0.1915
CUST1007247,2026-06,0.4652,0.4257,0.4317,0.3295,0.3227,0.1342
CUST1007248,2026-06,0.4491,0.3594,0.7358,0.2131,0.4313,0.2324
CUST1007249,2026-06,0.2518,0.2018,0.0946,0.309,0.3943,0.1997
CUST1007250,2026-06,0.0845,0.2111,0.2464,0.2062,0.3879,0.1817
CUST1007251,2026-06,0.4091,0.4349,0.3149,0.3675,0.4523,0.1528
CUST1007252,2026-06,0.3557,0.553,0.5184,0.5884,0.3505,0.2032
CUST1007253,2026-06,0.2949,0.1713,0.2576,0.2635,0.5689,0.2269
CUST1007254,2026-06,0.5523,0.6082,0.2861,0.5475,0.3608,0.2906
CUST1007255,2026-06,0.1677,0.1011,0.3495,0.3378,0.3774,0.1766
CUST1007256,2026-06,0.4422,0.4234,0.7186,0.4908,0.1924,0.0523
CUST1007257,2026-06,0.01,0.1664,0.2485,0.3371,0.4812,0.0301
CUST1007258,2026-06,0.555,0.4598,0.4318,0.2834,0.635,0.08
CUST1007259,2026-06,0.6096,0.3251,0.3242,0.4121,0.179,0.5511
CUST1007260,2026-06,0.3223,0.1451,0.0664,0.3594,0.4489,0.2669
CUST1007261,2026-06,0.4642,0.4147,0.5631,0.291,0.2484,0.1019
CUST1007262,2026-06,0.378,0.4633,0.5239,0.4359,0.3589,0.2274
CUST1007263,2026-06,0.5336,0.4932,0.6565,0.4333,0.3649,0.2455
CUST1007264,2026-06,0.4635,0.1665,0.2048,0.4137,0.5443,0.1555
CUST1007265,2026-06,0.3716,0.2947,0.6635,0.0951,0.3896,0.0583
CUST1007266,2026-06,0.4278,0.3935,0.24,0.1207,0.3575,0.0981
CUST1007267,2026-06,0.4035,0.3602,0.7138,0.5115,0.4804,0.1424
CUST1007268,2026-06,0.2806,0.415,0.3025,0.1906,0.3684,0.1602
CUST1007269,2026-06,0.4278,0.01,0.2331,0.2405,0.2365,0.1856
CUST1007270,2026-06,0.4199,0.38,0.3524,0.2994,0.4999,0.1589
CUST1007271,2026-06,0.1612,0.0879999999999999,0.2039,0.1851,0.3216,0.1606
CUST1007272,2026-06,0.4209,0.467,0.5308,0.4455,0.5746,0.1563
CUST1007273,2026-06,0.1886,0.2982,0.2131,0.32,0.4845,0.156
CUST1007274,2026-06,0.3952,0.3162,0.2574,0.322,0.4458,0.2147
CUST1007275,2026-06,0.6364,0.1105,0.3594,0.0941,0.2555,0.1897
CUST1007276,2026-06,0.2288,0.2242,0.1085,0.2804,0.5564,0.0202
CUST1007277,2026-06,0.3753,0.4142,0.4424,0.2819,0.0285,0.1565
CUST1007278,2026-06,0.6131,0.4267,0.1952,0.2282,0.2102,0.366
CUST1007279,2026-06,0.1936,0.4437,0.6423,0.0515,0.364,0.1774
CUST1007280,2026-06,0.674,0.2022,0.3874,0.4436,0.1879,0.1848
CUST1007281,2026-06,0.203,0.1975,0.1888,0.2488,0.4322,0.221
CUST1007282,2026-06,0.1471,0.01,0.2503,0.01,0.5341,0.2017
CUST1007283,2026-06,0.6586,0.3041,0.4838,0.5164,0.2149,0.1113
CUST1007284,2026-06,0.256,0.3942,0.4059,0.4515,0.4805,0.2182
CUST1007285,2026-06,0.728,0.4329,0.3946,0.5615,0.3706,0.1492
CUST1007286,2026-06,0.7101,0.502,0.3828,0.6495,0.309,0.2573
CUST1007287,2026-06,0.1069,0.0819,0.3371,0.4209,0.3268,0.2687
CUST1007288,2026-06,0.1757,0.01,0.3476,0.381,0.4715,0.0832
CUST1007289,2026-06,0.3909,0.3304,0.3468,0.0661999999999999,0.3666,0.2257
CUST1007290,2026-06,0.3592,0.4423,0.3367,0.4101,0.4208,0.2279
CUST1007291,2026-06,0.4214,0.3755,0.4351,0.2649,0.4112,0.1033
CUST1007292,2026-06,0.5954,0.27,0.715,0.0728,0.2113,0.0913
CUST1007293,2026-06,0.4963,0.4193,0.1311,0.2329,0.3789,0.154
CUST1007294,2026-06,0.4796,0.4144,0.6023,0.2699,0.2374,0.01
CUST1007295,2026-06,0.1135,0.2537,0.048,0.1598,0.2514,0.5804
CUST1007296,2026-06,0.1068,0.2985,0.5181,0.272,0.1872,0.1135
CUST1007297,2026-06,0.3625,0.2268,0.0701,0.3057,0.1793,0.2445
CUST1007298,2026-06,0.5255,0.4094,0.4002,0.604,0.3374,0.1161
CUST1007299,2026-06,0.665,0.2395,0.3333,0.4459,0.2913,0.1555
CUST1007300,2026-06,0.5445,0.4367,0.3943,0.1962,0.4824,0.1443
CUST1007301,2026-06,0.2409,0.0971999999999999,0.0714999999999999,0.3527,0.5932,0.1399
CUST1007302,2026-06,0.448,0.3247,0.3876,0.336,0.2443,0.2951
CUST1007303,2026-06,0.3818,0.3496,0.4112,0.4512,0.4748,0.0474
CUST1007304,2026-06,0.6198,0.3743,0.6022,0.5327,0.2963,0.2489
CUST1007305,2026-06,0.1,0.3515,0.1028,0.2806,0.323,0.2008
CUST1007306,2026-06,0.5328,0.0787,0.0907,0.3809,0.1987,0.2916
CUST1007307,2026-06,0.5572,0.2023,0.3406,0.4838,0.1067,0.2148
CUST1007308,2026-06,0.4091,0.4667,0.4573,0.2458,0.4068,0.2197
CUST1007309,2026-06,0.4495,0.2759,0.5384,0.3585,0.3163,0.2371
CUST1007310,2026-06,0.3594,0.1341,0.2996,0.4468,0.4175,0.1975
CUST1007311,2026-06,0.1508,0.0822,0.0971,0.5115,0.3521,0.093
CUST1007312,2026-06,0.6957,0.3106,0.2462,0.5076,0.3569,0.1069
CUST1007313,2026-06,0.5341,0.1514,0.4495,0.2546,0.3706,0.1553
CUST1007314,2026-06,0.3936,0.504,0.3262,0.4464,0.3752,0.093
CUST1007315,2026-06,0.4301,0.5504,0.6459,0.4876,0.3845,0.01
CUST1007316,2026-06,0.2598,0.0968,0.1223,0.3631,0.2854,0.2334
CUST1007317,2026-06,0.4507,0.4204,0.3108,0.4057,0.5751,0.1088
CUST1007318,2026-06,0.1044,0.1717,0.2111,0.0111,0.4777,0.0753
CUST1007319,2026-06,0.4529,0.2871,0.2252,0.332,0.4421,0.1752
CUST1007320,2026-06,0.5719,0.2538,0.2567,0.3582,0.2457,0.1669
CUST1007321,2026-06,0.5913,0.2065,0.4753,0.3952,0.3388,0.0554
CUST1007322,2026-06,0.7266,0.3083,0.3878,0.5059,0.4076,0.2431
CUST1007323,2026-06,0.4091,0.2578,0.0719,0.3661,0.4157,0.1567
CUST1007324,2026-06,0.5799,0.1853,0.3185,0.4968,0.2036,0.1038
CUST1007325,2026-06,0.2153,0.3766,0.192,0.4193,0.3854,0.2105
CUST1007326,2026-06,0.5346,0.3763,0.4008,0.2024,0.3488,0.1779
CUST1007327,2026-06,0.0385,0.3916,0.2836,0.2166,0.2967,0.1198
CUST1007328,2026-06,0.1202,0.01,0.1767,0.1497,0.406,0.3434
CUST1007329,2026-06,0.3751,0.5062,0.5814,0.3246,0.3249,0.1956
CUST1007330,2026-06,0.2804,0.2591,0.0649,0.3587,0.6026,0.14
CUST1007331,2026-06,0.4074,0.3418,0.3386,0.5439,0.3689,0.0338
CUST1007332,2026-06,0.2328,0.01,0.0822,0.114,0.2819,0.1825
CUST1007333,2026-06,0.322,0.4004,0.562,0.2207,0.3356,0.0673
CUST1007334,2026-06,0.1533,0.4012,0.01,0.5317,0.4133,0.215
CUST1007335,2026-06,0.4061,0.3633,0.6056,0.3815,0.5072,0.2653
CUST1007336,2026-06,0.5456,0.368,0.5541,0.4744,0.3108,0.3629
CUST1007337,2026-06,0.3943,0.4324,0.6223,0.215,0.3975,0.1665
CUST1007338,2026-06,0.2346,0.01,0.2579,0.0811,0.1597,0.171
CUST1007339,2026-06,0.4491,0.01,0.0459,0.4044,0.2734,0.01
CUST1007340,2026-06,0.4267,0.4694,0.7074,0.4943,0.4754,0.1666
CUST1007341,2026-06,0.4304,0.421,0.5852,0.3964,0.2872,0.1977
CUST1007342,2026-06,0.2128,0.1329,0.1413,0.4201,0.5508,0.1942
CUST1007343,2026-06,0.3187,0.0905,0.191,0.0729,0.3169,0.27
CUST1007344,2026-06,0.4493,0.4504,0.5884,0.4353,0.3105,0.2292
CUST1007345,2026-06,0.4079,0.239,0.38,0.2605,0.2543,0.2786
CUST1007346,2026-06,0.198,0.01,0.2227,0.2176,0.1621,0.0491
CUST1007347,2026-06,0.6192,0.3573,0.302,0.3917,0.2523,0.1525
CUST1007348,2026-06,0.5233,0.0125,0.0651999999999999,0.2424,0.1532,0.2921
CUST1007349,2026-06,0.4736,0.3733,0.4707,0.1531,0.2859,0.2406
CUST1007350,2026-06,0.3593,0.2606,0.1316,0.5705,0.3057,0.0859999999999999
CUST1007351,2026-06,0.4413,0.4267,0.5796,0.2946,0.3324,0.1551
CUST1007352,2026-06,0.502,0.2439,0.6281,0.2836,0.4445,0.1934
CUST1007353,2026-06,0.4298,0.4998,0.6808,0.339,0.2793,0.0835999999999999
CUST1007354,2026-06,0.1174,0.3648,0.17,0.1626,0.3103,0.284
CUST1007355,2026-06,0.4871,0.135,0.1689,0.5712,0.2246,0.0706
CUST1007356,2026-06,0.6478,0.1685,0.2944,0.4742,0.2751,0.1697
CUST1007357,2026-06,0.4519,0.4239,0.5457,0.2746,0.4463,0.2019
CUST1007358,2026-06,0.7942,0.4837,0.3744,0.4404,0.2976,0.158
CUST1007359,2026-06,0.3453,0.3411,0.3999,0.5316,0.3101,0.0975
CUST1007360,2026-06,0.5013,0.4487,0.439,0.2788,0.3229,0.0267
CUST1007361,2026-06,0.3032,0.4092,0.3085,0.3806,0.5551,0.5771
CUST1007362,2026-06,0.5264,0.4034,0.52,0.2488,0.251,0.1673
CUST1007363,2026-06,0.6795,0.4389,0.3732,0.4014,0.2897,0.21
CUST1007364,2026-06,0.4726,0.2725,0.3577,0.437,0.3561,0.214
CUST1007365,2026-06,0.4105,0.01,0.3091,0.3813,0.5299,0.1583
CUST1007366,2026-06,0.3455,0.4479,0.2219,0.4881,0.5599,0.1052
CUST1007367,2026-06,0.3835,0.1598,0.6675,0.1386,0.284,0.1472
CUST1007368,2026-06,0.3756,0.3084,0.5345,0.4582,0.3837,0.2683
CUST1007369,2026-06,0.485,0.2192,0.615,0.0776,0.1321,0.2656
CUST1007370,2026-06,0.2451,0.2782,0.1995,0.3347,0.2692,0.1074
CUST1007371,2026-06,0.3563,0.4757,0.488,0.2357,0.2534,0.01
CUST1007372,2026-06,0.6639,0.2495,0.4169,0.4365,0.2512,0.252
CUST1007373,2026-06,0.4638,0.4298,0.4116,0.6019,0.3422,0.1365
CUST1007374,2026-06,0.1211,0.2854,0.2048,0.2546,0.4412,0.0765
CUST1007375,2026-06,0.3113,0.1393,0.3046,0.5711,0.6711,0.194
CUST1007376,2026-06,0.5794,0.2311,0.1995,0.3757,0.2542,0.0953
CUST1007377,2026-06,0.4936,0.5395,0.4353,0.4118,0.3504,0.1667
CUST1007378,2026-06,0.5311,0.2534,0.4895,0.2204,0.4847,0.0901
CUST1007379,2026-06,0.4699,0.3848,0.408,0.1335,0.2655,0.1401
CUST1007380,2026-06,0.2275,0.4563,0.3125,0.5359,0.2824,0.1555
CUST1007381,2026-06,0.4135,0.216,0.5089,0.32,0.34,0.1588
CUST1007382,2026-06,0.3391,0.2684,0.11,0.1041,0.4404,0.132
CUST1007383,2026-06,0.4371,0.6121,0.5724,0.1127,0.3381,0.2113
CUST1007384,2026-06,0.2356,0.01,0.0709,0.144,0.531,0.1275
CUST1007385,2026-06,0.2095,0.3234,0.2529,0.3416,0.2506,0.1144
CUST1007386,2026-06,0.2832,0.5985,0.5541,0.2784,0.2925,0.2729
CUST1007387,2026-06,0.4026,0.4859,0.4888,0.4712,0.3615,0.0801999999999999
CUST1007388,2026-06,0.2376,0.1455,0.1156,0.2157,0.4194,0.1106
CUST1007389,2026-06,0.5528,0.4676,0.384,0.4139,0.3047,0.3162
CUST1007390,2026-06,0.3945,0.5374,0.4619,0.2221,0.4051,0.155
CUST1007391,2026-06,0.6246,0.1857,0.2425,0.1367,0.2907,0.2082
CUST1007392,2026-06,0.1128,0.2679,0.2373,0.523,0.2338,0.1372
CUST1007393,2026-06,0.4595,0.2032,0.1313,0.5129,0.4156,0.0541
CUST1007394,2026-06,0.2382,0.2945,0.2066,0.3041,0.2969,0.1769
CUST1007395,2026-06,0.5768,0.4945,0.6252,0.5164,0.4248,0.3672
CUST1007396,2026-06,0.5434,0.1772,0.1241,0.3678,0.1647,0.2854
CUST1007397,2026-06,0.2286,0.1502,0.1037,0.334,0.3529,0.0245
CUST1007398,2026-06,0.3313,0.5106,0.3795,0.3397,0.4592,0.2158
CUST1007399,2026-06,0.266,0.3192,0.3651,0.3628,0.4071,0.1802
CUST1007400,2026-06,0.233,0.4185,0.7555,0.2261,0.4095,0.1649
CUST1007401,2026-06,0.5867,0.3255,0.777,0.446,0.4404,0.0932
CUST1007402,2026-06,0.6318,0.0497,0.3843,0.2777,0.3375,0.2501
CUST1007403,2026-06,0.5822,0.2398,0.3143,0.3703,0.3064,0.0618
CUST1007404,2026-06,0.6155,0.5251,0.4525,0.5361,0.665,0.2419
CUST1007405,2026-06,0.4813,0.3828,0.2877,0.2786,0.7382,0.1538
CUST1007406,2026-06,0.4276,0.01,0.1226,0.434,0.2216,0.2242
CUST1007407,2026-06,0.6561,0.3102,0.2372,0.5211,0.2699,0.2952
CUST1007408,2026-06,0.6141,0.27,0.4179,0.417,0.2696,0.2868
CUST1007409,2026-06,0.5187,0.4672,0.3304,0.2097,0.3478,0.1672
CUST1007410,2026-06,0.436,0.3866,0.3937,0.2088,0.3726,0.2166
CUST1007411,2026-06,0.7202,0.2197,0.4937,0.1879,0.1269,0.1997
CUST1007412,2026-06,0.4252,0.0394,0.1072,0.204,0.1422,0.2601
CUST1007413,2026-06,0.4965,0.3103,0.3065,0.0721,0.4894,0.1085
CUST1007414,2026-06,0.3022,0.2515,0.2104,0.1896,0.6706,0.3173
CUST1007415,2026-06,0.5096,0.408,0.6142,0.3071,0.3045,0.2445
CUST1007416,2026-06,0.5458,0.3944,0.4495,0.3743,0.2516,0.1459
CUST1007417,2026-06,0.2711,0.2202,0.1283,0.2114,0.3659,0.078
CUST1007418,2026-06,0.3757,0.3843,0.5556,0.4172,0.315,0.0622
CUST1007419,2026-06,0.5435,0.01,0.2347,0.386,0.1848,0.1338
CUST1007420,2026-06,0.5518,0.5304,0.3245,0.5202,0.2726,0.3152
CUST1007421,2026-06,0.3173,0.1109,0.0674,0.1909,0.2823,0.1363
CUST1007422,2026-06,0.5344,0.4938,0.4024,0.4974,0.3627,0.2685
CUST1007423,2026-06,0.6157,0.5373,0.3685,0.4019,0.2656,0.3193
CUST1007424,2026-06,0.4721,0.2407,0.4097,0.3065,0.6496,0.1141
CUST1007425,2026-06,0.2905,0.0881,0.3651,0.3106,0.2032,0.2433
CUST1007426,2026-06,0.1287,0.2096,0.2537,0.344,0.2441,0.0801999999999999
CUST1007427,2026-06,0.4696,0.5229,0.443,0.4283,0.4991,0.1033
CUST1007428,2026-06,0.6656,0.2787,0.4078,0.3592,0.2712,0.2621
CUST1007429,2026-06,0.216,0.2842,0.2388,0.2857,0.5449,0.0496
CUST1007430,2026-06,0.0877,0.1355,0.136,0.043,0.4788,0.1633
CUST1007431,2026-06,0.4655,0.5259,0.4179,0.3398,0.3017,0.0979
CUST1007432,2026-06,0.2303,0.3895,0.1345,0.2455,0.2339,0.0529
CUST1007433,2026-06,0.478,0.489,0.5883,0.3545,0.3809,0.3235
CUST1007434,2026-06,0.3774,0.2378,0.3775,0.3182,0.2995,0.5868
CUST1007435,2026-06,0.0645,0.1974,0.0274,0.1964,0.113,0.5489
CUST1007436,2026-06,0.0781,0.2936,0.2741,0.4205,0.4581,0.1414
CUST1007437,2026-06,0.2961,0.01,0.2091,0.1123,0.2482,0.2597
CUST1007438,2026-06,0.6936,0.1832,0.3059,0.3823,0.1802,0.303
CUST1007439,2026-06,0.4853,0.1386,0.4961,0.4488,0.1722,0.1995
CUST1007440,2026-06,0.4271,0.3675,0.4365,0.5414,0.5776,0.1784
CUST1007441,2026-06,0.4983,0.2157,0.3523,0.3222,0.4834,0.1923
CUST1007442,2026-06,0.5266,0.363,0.4052,0.4298,0.3942,0.2602
CUST1007443,2026-06,0.5626,0.1303,0.5049,0.4283,0.2173,0.1952
CUST1007444,2026-06,0.5929,0.3859,0.5737,0.2369,0.3025,0.3468
CUST1007445,2026-06,0.2633,0.4912,0.4937,0.2217,0.4712,0.0336
CUST1007446,2026-06,0.5282,0.041,0.1695,0.3587,0.1503,0.2693
CUST1007447,2026-06,0.3582,0.3708,0.3846,0.3948,0.2499,0.2439
CUST1007448,2026-06,0.1828,0.2137,0.2443,0.381,0.2667,0.1642
CUST1007449,2026-06,0.175,0.2529,0.0574,0.1811,0.2196,0.268
CUST1007450,2026-06,0.5551,0.1457,0.4288,0.2341,0.3668,0.2202
CUST1007451,2026-06,0.5929,0.4408,0.5989,0.1775,0.317,0.1369
CUST1007452,2026-06,0.4133,0.3581,0.5422,0.3534,0.3746,0.2756
CUST1007453,2026-06,0.4557,0.0733,0.1651,0.3733,0.2233,0.1083
CUST1007454,2026-06,0.2816,0.6168,0.4525,0.578,0.2998,0.1249
CUST1007455,2026-06,0.6403,0.2254,0.4683,0.4078,0.2883,0.6632
CUST1007456,2026-06,0.4394,0.4376,0.6441,0.3627,0.3823,0.3001
CUST1007457,2026-06,0.2287,0.2884,0.2615,0.2916,0.2135,0.1923
CUST1007458,2026-06,0.6573,0.0675999999999999,0.453,0.1498,0.344,0.2811
CUST1007459,2026-06,0.3943,0.1244,0.1371,0.1971,0.1252,0.5896
CUST1007460,2026-06,0.4871,0.3209,0.5596,0.4264,0.3508,0.1985
CUST1007461,2026-06,0.425,0.4309,0.4557,0.4816,0.293,0.2964
CUST1007462,2026-06,0.5862,0.2424,0.2536,0.398,0.2193,0.3253
CUST1007463,2026-06,0.3319,0.0858,0.1995,0.4877,0.3988,0.1904
CUST1007464,2026-06,0.436,0.01,0.0688,0.4265,0.2404,0.1918
CUST1007465,2026-06,0.3496,0.2745,0.3953,0.5957,0.1935,0.5292
CUST1007466,2026-06,0.2233,0.2909,0.0486,0.2719,0.3407,0.1275
CUST1007467,2026-06,0.6353,0.3646,0.2689,0.399,0.1907,0.0615
CUST1007468,2026-06,0.4575,0.3737,0.4135,0.512,0.4313,0.1194
CUST1007469,2026-06,0.4879,0.069,0.4107,0.4061,0.2539,0.5721
CUST1007470,2026-06,0.4209,0.2567,0.3264,0.46,0.2497,0.2115
CUST1007471,2026-06,0.6883,0.2722,0.3328,0.5168,0.1473,0.2119
CUST1007472,2026-06,0.4138,0.4507,0.416,0.6164,0.5597,0.164
CUST1007473,2026-06,0.4244,0.3338,0.1869,0.4597,0.1629,0.6255
CUST1007474,2026-06,0.394,0.2125,0.0435,0.0565,0.2475,0.1527
CUST1007475,2026-06,0.4422,0.3344,0.3536,0.4754,0.303,0.1901
CUST1007476,2026-06,0.723,0.5326,0.349,0.536,0.2351,0.2149
CUST1007477,2026-06,0.5166,0.4002,0.5646,0.3569,0.2902,0.186
CUST1007478,2026-06,0.4559,0.1998,0.1289,0.3213,0.6323,0.2788
CUST1007479,2026-06,0.4076,0.4187,0.3102,0.2272,0.3464,0.1129
CUST1007480,2026-06,0.3116,0.2271,0.5663,0.0947,0.386,0.4664
CUST1007481,2026-06,0.7292,0.2845,0.4077,0.381,0.1625,0.1616
CUST1007482,2026-06,0.418,0.2712,0.4516,0.2141,0.2947,0.1305
CUST1007483,2026-06,0.6116,0.3637,0.6912,0.2536,0.215,0.1457
CUST1007484,2026-06,0.4921,0.0467,0.2519,0.4021,0.2381,0.2636
CUST1007485,2026-06,0.6472,0.4732,0.3874,0.51,0.5299,0.1938
CUST1007486,2026-06,0.6213,0.4476,0.4397,0.486,0.1589,0.4624
CUST1007487,2026-06,0.5288,0.4211,0.649,0.5318,0.3159,0.1149
CUST1007488,2026-06,0.4144,0.3439,0.75,0.3641,0.4521,0.1442
CUST1007489,2026-06,0.5021,0.5118,0.5774,0.2411,0.3811,0.0977
CUST1007490,2026-06,0.3909,0.4922,0.6391,0.3856,0.2814,0.1854
CUST1007491,2026-06,0.397,0.1412,0.0595,0.5541,0.4991,0.2433
CUST1007492,2026-06,0.6357,0.3414,0.5732,0.4284,0.2926,0.1086
CUST1007493,2026-06,0.2004,0.2144,0.1827,0.1944,0.3233,0.3368
CUST1007494,2026-06,0.2189,0.0656,0.1278,0.2014,0.2643,0.1373
CUST1007495,2026-06,0.4638,0.3827,0.3916,0.2538,0.3556,0.0369
CUST1007496,2026-06,0.6199,0.4602,0.4471,0.4086,0.2689,0.1567
CUST1007497,2026-06,0.1538,0.01,0.0505,0.0448,0.5146,0.0695
CUST1007498,2026-06,0.4495,0.2094,0.01,0.5097,0.0602,0.5576
CUST1007499,2026-06,0.2665,0.3357,0.2263,0.3356,0.3647,0.2009
CUST1007500,2026-06,0.4411,0.1847,0.3514,0.4422,0.2158,0.1636
CUST1007501,2026-06,0.1575,0.4009,0.2487,0.2912,0.3696,0.1978
CUST1007502,2026-06,0.5848,0.5257,0.2842,0.2311,0.24,0.2625
CUST1007503,2026-06,0.3469,0.4459,0.4527,0.4447,0.3341,0.1813
CUST1007504,2026-06,0.2005,0.3585,0.1132,0.2884,0.2019,0.356
CUST1007505,2026-06,0.508,0.4892,0.2923,0.4316,0.502,0.1929
CUST1007506,2026-06,0.5695,0.2253,0.4058,0.3768,0.1831,0.5071
CUST1007507,2026-06,0.6617,0.1246,0.511,0.4515,0.2961,0.1538
CUST1007508,2026-06,0.6202,0.1507,0.3057,0.1631,0.4177,0.3028
CUST1007509,2026-06,0.6682,0.276,0.6411,0.4847,0.2777,0.2743
CUST1007510,2026-06,0.4978,0.2198,0.4526,0.5726,0.4506,0.1928
CUST1007511,2026-06,0.4052,0.235,0.5231,0.3261,0.4037,0.1348
CUST1007512,2026-06,0.5779,0.1499,0.1687,0.5399,0.4049,0.0752
CUST1007513,2026-06,0.6969,0.3121,0.3646,0.4104,0.3272,0.0994
CUST1007514,2026-06,0.4232,0.4835,0.2901,0.417,0.3786,0.0678
CUST1007515,2026-06,0.6216,0.1736,0.3156,0.5015,0.359,0.2744
CUST1007516,2026-06,0.3545,0.1449,0.1844,0.2821,0.2728,0.0742
CUST1007517,2026-06,0.5255,0.2719,0.3437,0.2998,0.1559,0.3828
CUST1007518,2026-06,0.3525,0.5648,0.324,0.2225,0.3471,0.2387
CUST1007519,2026-06,0.471,0.3724,0.5008,0.3731,0.0723,0.2151
CUST1007520,2026-06,0.8402,0.4327,0.5153,0.1433,0.3056,0.2624
CUST1007521,2026-06,0.1957,0.01,0.1461,0.0475,0.2644,0.01
CUST1007522,2026-06,0.3187,0.2182,0.1479,0.3796,0.4116,0.0717
CUST1007523,2026-06,0.4136,0.4039,0.4919,0.5379,0.3591,0.2248
CUST1007524,2026-06,0.1508,0.3016,0.14,0.6036,0.4849,0.229
CUST1007525,2026-06,0.4309,0.2411,0.6335,0.2592,0.2564,0.3267
CUST1007526,2026-06,0.4186,0.3954,0.2846,0.2529,0.3458,0.1899
CUST1007527,2026-06,0.6819,0.1179,0.4744,0.0987,0.3489,0.2298
CUST1007528,2026-06,0.587,0.1429,0.2067,0.1967,0.0352,0.6512
CUST1007529,2026-06,0.4762,0.01,0.1837,0.2063,0.2577,0.1117
CUST1007530,2026-06,0.2815,0.0392,0.3077,0.4404,0.3815,0.2803
CUST1007531,2026-06,0.541,0.4616,0.4773,0.4004,0.3225,0.2908
CUST1007532,2026-06,0.3881,0.01,0.2039,0.3158,0.1644,0.2571
CUST1007533,2026-06,0.1482,0.2654,0.1983,0.2225,0.3968,0.2751
CUST1007534,2026-06,0.283,0.0223,0.01,0.3047,0.5564,0.0784
CUST1007535,2026-06,0.3677,0.2907,0.1528,0.3875,0.2814,0.6491
CUST1007536,2026-06,0.0866,0.2389,0.2529,0.2468,0.1709,0.038
CUST1007537,2026-06,0.8766,0.2644,0.5648,0.4183,0.2095,0.0499
CUST1007538,2026-06,0.4735,0.1689,0.6693,0.3943,0.3413,0.2481
CUST1007539,2026-06,0.3894,0.1707,0.6799,0.3233,0.4263,0.2464
CUST1007540,2026-06,0.3642,0.2025,0.2767,0.2543,0.3281,0.0666
CUST1007541,2026-06,0.7305,0.3426,0.3354,0.4803,0.4797,0.0874
CUST1007542,2026-06,0.5294,0.01,0.1188,0.2751,0.2397,0.2798
CUST1007543,2026-06,0.4972,0.4956,0.6228,0.4389,0.3443,0.2522
CUST1007544,2026-06,0.4728,0.3306,0.1607,0.0668,0.2639,0.01
CUST1007545,2026-06,0.6849,0.5683,0.4868,0.5272,0.3405,0.0982
CUST1007546,2026-06,0.2987,0.4867,0.3736,0.361,0.1525,0.2142
CUST1007547,2026-06,0.5658,0.3984,0.2684,0.2773,0.3855,0.2604
CUST1007548,2026-06,0.4872,0.4625,0.5343,0.6012,0.3696,0.1283
CUST1007549,2026-06,0.4691,0.3904,0.2128,0.2671,0.2475,0.1593
CUST1007550,2026-06,0.562,0.1346,0.3821,0.2751,0.4455,0.2321
CUST1007551,2026-06,0.2203,0.3011,0.1925,0.2954,0.6091,0.2323
CUST1007552,2026-06,0.6606,0.2731,0.3972,0.4471,0.3339,0.1827
CUST1007553,2026-06,0.7259,0.208,0.2637,0.5752,0.2769,0.211
CUST1007554,2026-06,0.3526,0.01,0.1755,0.3559,0.2723,0.2767
CUST1007555,2026-06,0.5321,0.4085,0.4507,0.4817,0.5187,0.2994
CUST1007556,2026-06,0.4936,0.4717,0.668,0.4902,0.3063,0.1952
CUST1007557,2026-06,0.0721,0.2623,0.1385,0.4309,0.3887,0.1115
CUST1007558,2026-06,0.3599,0.3138,0.2167,0.3933,0.4965,0.036
CUST1007559,2026-06,0.5967,0.3086,0.3152,0.3727,0.2058,0.1527
CUST1007560,2026-06,0.5129,0.1424,0.2811,0.5503,0.1557,0.0229
CUST1007561,2026-06,0.591,0.2624,0.7876,0.4069,0.3928,0.1443
CUST1007562,2026-06,0.5917,0.4051,0.4442,0.4991,0.281,0.1521
CUST1007563,2026-06,0.4204,0.422,0.2725,0.4557,0.1036,0.2682
CUST1007564,2026-06,0.714,0.2465,0.5089,0.5541,0.2783,0.247
CUST1007565,2026-06,0.6699,0.0576,0.3635,0.3693,0.3292,0.1979
CUST1007566,2026-06,0.4237,0.304,0.1825,0.5599,0.2169,0.1948
CUST1007567,2026-06,0.5219,0.2388,0.6188,0.3801,0.0925,0.2718
CUST1007568,2026-06,0.6524,0.4582,0.3742,0.5482,0.3555,0.1908
CUST1007569,2026-06,0.5219,0.3261,0.3681,0.3469,0.2737,0.192
CUST1007570,2026-06,0.4696,0.4786,0.3954,0.5849,0.6143,0.1398
CUST1007571,2026-06,0.37,0.3395,0.3042,0.5514,0.4273,0.0997
CUST1007572,2026-06,0.3113,0.3915,0.4763,0.4794,0.1782,0.2197
CUST1007573,2026-06,0.2151,0.3892,0.1681,0.1234,0.5796,0.0233
CUST1007574,2026-06,0.541,0.5022,0.4021,0.3979,0.3909,0.01
CUST1007575,2026-06,0.5739,0.2917,0.4808,0.0695,0.3927,0.4048
CUST1007576,2026-06,0.1525,0.3208,0.0898,0.2429,0.3374,0.1483
CUST1007577,2026-06,0.4487,0.2189,0.3676,0.2223,0.3437,0.2028
CUST1007578,2026-06,0.4596,0.3354,0.7057,0.216,0.4174,0.1314
CUST1007579,2026-06,0.7214,0.2426,0.363,0.4542,0.3004,0.2779
CUST1007580,2026-06,0.4856,0.3883,0.3733,0.475,0.5738,0.1013
CUST1007581,2026-06,0.4794,0.4448,0.2982,0.2507,0.4216,0.1889
CUST1007582,2026-06,0.2759,0.0443,0.2393,0.1628,0.2924,0.2717
CUST1007583,2026-06,0.4893,0.1129,0.5542,0.3814,0.392,0.1419
CUST1007584,2026-06,0.1915,0.2814,0.1027,0.5344,0.5243,0.2364
CUST1007585,2026-06,0.3576,0.4236,0.38,0.373,0.3962,0.1879
CUST1007586,2026-06,0.5364,0.3667,0.2711,0.2446,0.2038,0.1428
CUST1007587,2026-06,0.2179,0.01,0.1564,0.4102,0.5104,0.0975
CUST1007588,2026-06,0.523,0.4196,0.2714,0.4883,0.5059,0.1867
CUST1007589,2026-06,0.3338,0.01,0.1501,0.345,0.5746,0.2091
CUST1007590,2026-06,0.536,0.2889,0.6856,0.4469,0.1802,0.1546
CUST1007591,2026-06,0.5291,0.4578,0.487,0.467,0.4565,0.1974
CUST1007592,2026-06,0.6394,0.477,0.3146,0.3124,0.2725,0.1126
CUST1007593,2026-06,0.7503,0.3241,0.5445,0.5667,0.3061,0.1811
CUST1007594,2026-06,0.5665,0.4136,0.3046,0.3274,0.3375,0.1542
CUST1007595,2026-06,0.7634,0.3048,0.4924,0.0253,0.2357,0.2703
CUST1007596,2026-06,0.2564,0.2146,0.0824,0.3941,0.283,0.2387
CUST1007597,2026-06,0.4379,0.5156,0.4428,0.3331,0.3244,0.2175
CUST1007598,2026-06,0.5766,0.3076,0.7478,0.3542,0.3046,0.2408
CUST1007599,2026-06,0.5155,0.1465,0.6823,0.2716,0.2322,0.2221
CUST1007600,2026-06,0.4799,0.2769,0.4747,0.3387,0.3299,0.0955
CUST1007601,2026-06,0.5464,0.459,0.3036,0.3081,0.269,0.1326
CUST1007602,2026-06,0.3102,0.37,0.2415,0.4278,0.3954,0.1634
CUST1007603,2026-06,0.289,0.4848,0.3771,0.2864,0.2169,0.1132
CUST1007604,2026-06,0.218,0.2644,0.1697,0.1698,0.3155,0.1218
CUST1007605,2026-06,0.7275,0.1961,0.3848,0.4313,0.2755,0.2436
CUST1007606,2026-06,0.488,0.4568,0.4355,0.2787,0.3979,0.2061
CUST1007607,2026-06,0.5902,0.3936,0.5803,0.2998,0.1932,0.1947
CUST1007608,2026-06,0.1858,0.2744,0.1899,0.3449,0.4069,0.2189
CUST1007609,2026-06,0.4676,0.2594,0.1883,0.5538,0.4279,0.0995
CUST1007610,2026-06,0.7747,0.2438,0.4667,0.3634,0.3204,0.0906
CUST1007611,2026-06,0.6797,0.1059,0.4515,0.2114,0.3374,0.1625
CUST1007612,2026-06,0.3681,0.2654,0.6385,0.1649,0.3661,0.2388
CUST1007613,2026-06,0.4567,0.4004,0.5323,0.6413,0.4064,0.2261
CUST1007614,2026-06,0.4913,0.2672,0.5781,0.3567,0.3225,0.1964
CUST1007615,2026-06,0.1637,0.1962,0.0895,0.0929,0.1278,0.1787
CUST1007616,2026-06,0.1836,0.2132,0.1288,0.1238,0.4367,0.1487
CUST1007617,2026-06,0.6178,0.5439,0.4282,0.389,0.254,0.3074
CUST1007618,2026-06,0.599,0.4297,0.5085,0.4534,0.2611,0.2565
CUST1007619,2026-06,0.5374,0.1912,0.4285,0.2058,0.1712,0.2251
CUST1007620,2026-06,0.8145,0.3261,0.4253,0.2426,0.3679,0.2582
CUST1007621,2026-06,0.4603,0.5056,0.4519,0.1969,0.5115,0.1876
CUST1007622,2026-06,0.5167,0.4145,0.6035,0.5044,0.2224,0.2263
CUST1007623,2026-06,0.4993,0.231,0.4542,0.4666,0.5093,0.0251
CUST1007624,2026-06,0.491,0.2695,0.3537,0.2312,0.2214,0.1933
CUST1007625,2026-06,0.9103,0.3549,0.5659,0.4164,0.337,0.1755
CUST1007626,2026-06,0.6865,0.4294,0.4665,0.4953,0.2715,0.1223
CUST1007627,2026-06,0.492,0.36,0.5696,0.4977,0.4087,0.1105
CUST1007628,2026-06,0.4406,0.4276,0.4294,0.6617,0.4284,0.1559
CUST1007629,2026-06,0.4067,0.4914,0.2828,0.3499,0.3747,0.3539
CUST1007630,2026-06,0.4845,0.3293,0.6473,0.3638,0.3786,0.2379
CUST1007631,2026-06,0.5421,0.362,0.5301,0.4819,0.1365,0.2667
CUST1007632,2026-06,0.51,0.4349,0.4151,0.2164,0.4457,0.1884
CUST1007633,2026-06,0.2745,0.3834,0.4837,0.4787,0.395,0.1607
CUST1007634,2026-06,0.5346,0.6136,0.3396,0.3886,0.0845999999999999,0.644
CUST1007635,2026-06,0.3056,0.2941,0.3539,0.2278,0.181,0.2472
CUST1007636,2026-06,0.5364,0.01,0.5543,0.417,0.2689,0.2453
CUST1007637,2026-06,0.3321,0.3248,0.4523,0.3922,0.232,0.2225
CUST1007638,2026-06,0.3484,0.3831,0.3072,0.3693,0.5765,0.1611
CUST1007639,2026-06,0.3811,0.3961,0.3944,0.1841,0.242,0.5326
CUST1007640,2026-06,0.3395,0.01,0.2225,0.4146,0.311,0.0278
CUST1007641,2026-06,0.6223,0.2305,0.3161,0.3755,0.3918,0.1551
CUST1007642,2026-06,0.5711,0.4273,0.3445,0.2653,0.357,0.2627
CUST1007643,2026-06,0.1894,0.0695,0.1673,0.0888,0.4081,0.1208
CUST1007644,2026-06,0.2245,0.2656,0.1856,0.2727,0.1956,0.1196
CUST1007645,2026-06,0.521,0.0198,0.159,0.3738,0.2616,0.1495
CUST1007646,2026-06,0.6216,0.213,0.3329,0.4992,0.2789,0.1994
CUST1007647,2026-06,0.3106,0.3556,0.3556,0.3261,0.3941,0.1294
CUST1007648,2026-06,0.4362,0.4565,0.7071,0.3364,0.3801,0.3472
CUST1007649,2026-06,0.2992,0.3139,0.2002,0.6074,0.4278,0.0789
CUST1007650,2026-06,0.1683,0.3769,0.2615,0.3777,0.5173,0.1524
CUST1007651,2026-06,0.558,0.4908,0.3015,0.4706,0.3319,0.1644
CUST1007652,2026-06,0.4743,0.4519,0.4856,0.2345,0.2365,0.303
CUST1007653,2026-06,0.2239,0.3119,0.2248,0.5286,0.6478,0.1609
CUST1007654,2026-06,0.4723,0.4445,0.5057,0.2096,0.4108,0.1434
CUST1007655,2026-06,0.4664,0.1947,0.6844,0.4452,0.3283,0.0102
CUST1007656,2026-06,0.3871,0.5963,0.6045,0.0767,0.3399,0.6103
CUST1007657,2026-06,0.1871,0.3644,0.4119,0.3543,0.388,0.104
CUST1007658,2026-06,0.3219,0.2423,0.1671,0.3732,0.0646999999999999,0.0806999999999999
CUST1007659,2026-06,0.5985,0.2742,0.588,0.2566,0.1725,0.0629
CUST1007660,2026-06,0.4352,0.01,0.1404,0.276,0.1254,0.4969
CUST1007661,2026-06,0.4767,0.4292,0.3557,0.4475,0.3546,0.0282
CUST1007662,2026-06,0.4726,0.4557,0.3817,0.4806,0.3326,0.1179
CUST1007663,2026-06,0.5994,0.3818,0.408,0.3972,0.2823,0.265
CUST1007664,2026-06,0.3158,0.1147,0.0253,0.2412,0.2157,0.2118
CUST1007665,2026-06,0.4395,0.397,0.5869,0.3551,0.3429,0.3972
CUST1007666,2026-06,0.3073,0.4,0.3561,0.5631,0.4907,0.1002
CUST1007667,2026-06,0.387,0.4252,0.3191,0.4411,0.2933,0.1803
CUST1007668,2026-06,0.3253,0.1037,0.3322,0.2514,0.1299,0.2111
CUST1007669,2026-06,0.2307,0.5415,0.4283,0.465,0.0868,0.6047
CUST1007670,2026-06,0.4477,0.3729,0.5533,0.3925,0.3272,0.0163
CUST1007671,2026-06,0.3594,0.4741,0.3979,0.2747,0.3937,0.1778
CUST1007672,2026-06,0.8153,0.5031,0.2807,0.367,0.3352,0.1456
CUST1007673,2026-06,0.4894,0.1021,0.4126,0.2168,0.5551,0.1704
CUST1007674,2026-06,0.4742,0.2046,0.5992,0.3891,0.5294,0.2323
CUST1007675,2026-06,0.06,0.2475,0.2194,0.2073,0.4762,0.0845999999999999
CUST1007676,2026-06,0.4683,0.2048,0.7009,0.3155,0.2795,0.2783
CUST1007677,2026-06,0.1662,0.3268,0.2194,0.2133,0.4396,0.1729
CUST1007678,2026-06,0.4377,0.338,0.2171,0.484,0.2361,0.2329
CUST1007679,2026-06,0.3217,0.4477,0.4679,0.534,0.4137,0.0222
CUST1007680,2026-06,0.3445,0.4418,0.4053,0.3479,0.4328,0.3246
CUST1007681,2026-06,0.4941,0.3773,0.5262,0.616,0.3293,0.3628
CUST1007682,2026-06,0.5591,0.1591,0.3877,0.4504,0.2444,0.4012
CUST1007683,2026-06,0.4271,0.3119,0.3818,0.2883,0.4693,0.1455
CUST1007684,2026-06,0.544,0.3324,0.6539,0.4003,0.1827,0.07
CUST1007685,2026-06,0.39,0.535,0.3742,0.2917,0.3432,0.139
CUST1007686,2026-06,0.2748,0.5311,0.3995,0.3679,0.533,0.222
CUST1007687,2026-06,0.2947,0.1563,0.01,0.4462,0.4832,0.1761
CUST1007688,2026-06,0.3094,0.2018,0.2566,0.5629,0.5378,0.2351
CUST1007689,2026-06,0.4672,0.5166,0.3336,0.336,0.4486,0.2078
CUST1007690,2026-06,0.2919,0.2769,0.2421,0.2618,0.4108,0.2125
CUST1007691,2026-06,0.363,0.2526,0.0602,0.3246,0.4774,0.1981
CUST1007692,2026-06,0.405,0.3114,0.5246,0.467,0.3315,0.1881
CUST1007693,2026-06,0.2083,0.098,0.0624,0.1298,0.4384,0.1217
CUST1007694,2026-06,0.5369,0.0629,0.4266,0.5097,0.2705,0.2917
CUST1007695,2026-06,0.6684,0.4488,0.4711,0.4048,0.2639,0.01
CUST1007696,2026-06,0.7082,0.3996,0.2685,0.301,0.2189,0.1795
CUST1007697,2026-06,0.1866,0.2806,0.035,0.2947,0.6845,0.104
CUST1007698,2026-06,0.3233,0.3361,0.601,0.499,0.3972,0.285
CUST1007699,2026-06,0.4974,0.2247,0.3126,0.2051,0.2417,0.0209
CUST1007700,2026-06,0.5346,0.286,0.075,0.4409,0.2736,0.1862
CUST1007701,2026-06,0.4703,0.01,0.2219,0.4353,0.2137,0.2091
CUST1007702,2026-06,0.6963,0.0696,0.6059,0.3364,0.2763,0.1704
CUST1007703,2026-06,0.4669,0.4052,0.5303,0.4405,0.2736,0.4821
CUST1007704,2026-06,0.359,0.01,0.01,0.288,0.4571,0.3352
CUST1007705,2026-06,0.3669,0.5036,0.5772,0.3639,0.3252,0.1967
CUST1007706,2026-06,0.4596,0.3943,0.4849,0.3996,0.3387,0.5512
CUST1007707,2026-06,0.2887,0.2395,0.01,0.4198,0.2831,0.2302
CUST1007708,2026-06,0.2796,0.4264,0.6119,0.2811,0.44,0.2005
CUST1007709,2026-06,0.6902,0.3095,0.2312,0.6085,0.0714,0.2174
CUST1007710,2026-06,0.1638,0.2329,0.2745,0.3476,0.3122,0.0903999999999999
CUST1007711,2026-06,0.4211,0.6081,0.4731,0.3607,0.3301,0.0918
CUST1007712,2026-06,0.5593,0.017,0.133,0.3552,0.2909,0.2841
CUST1007713,2026-06,0.4378,0.2615,0.4817,0.4665,0.4763,0.2444
CUST1007714,2026-06,0.3559,0.724,0.5042,0.3697,0.4897,0.1595
CUST1007715,2026-06,0.6911,0.3008,0.3749,0.2962,0.2867,0.2881
CUST1007716,2026-06,0.473,0.1043,0.0879,0.4934,0.01,0.532
CUST1007717,2026-06,0.754,0.2932,0.4096,0.398,0.2264,0.336
CUST1007718,2026-06,0.3849,0.5251,0.6424,0.0548,0.286,0.1333
CUST1007719,2026-06,0.3997,0.4225,0.4057,0.3703,0.3658,0.2012
CUST1007720,2026-06,0.6182,0.1706,0.4768,0.4894,0.2097,0.348
CUST1007721,2026-06,0.5496,0.2754,0.1033,0.4641,0.3755,0.2552
CUST1007722,2026-06,0.4633,0.3178,0.7287,0.2404,0.3691,0.1171
CUST1007723,2026-06,0.0751,0.2799,0.2208,0.3371,0.5586,0.2176
CUST1007724,2026-06,0.6777,0.4688,0.4182,0.3539,0.3289,0.2344
CUST1007725,2026-06,0.2025,0.01,0.1274,0.1863,0.2458,0.1377
CUST1007726,2026-06,0.5274,0.358,0.4814,0.5234,0.2354,0.2139
CUST1007727,2026-06,0.2537,0.1573,0.2572,0.01,0.3334,0.0990999999999999
CUST1007728,2026-06,0.5304,0.1218,0.2756,0.4458,0.1711,0.058
CUST1007729,2026-06,0.1983,0.01,0.1687,0.159,0.3505,0.1069
CUST1007730,2026-06,0.2644,0.01,0.0375,0.4005,0.688,0.1665
CUST1007731,2026-06,0.5069,0.3844,0.5422,0.3902,0.3086,0.1843
CUST1007732,2026-06,0.4809,0.5889,0.3732,0.3665,0.2195,0.1327
CUST1007733,2026-06,0.396,0.3143,0.0589,0.277,0.3407,0.1791
CUST1007734,2026-06,0.355,0.4096,0.4251,0.2718,0.3446,0.2576
CUST1007735,2026-06,0.4849,0.475,0.582,0.5221,0.4684,0.1852
CUST1007736,2026-06,0.2206,0.2112,0.4137,0.3355,0.4439,0.2633
CUST1007737,2026-06,0.4133,0.2331,0.191,0.4639,0.3444,0.1858
CUST1007738,2026-06,0.3896,0.5433,0.5205,0.4947,0.4648,0.1904
CUST1007739,2026-06,0.5518,0.0990999999999999,0.2497,0.5179,0.3461,0.1611
CUST1007740,2026-06,0.4487,0.2932,0.3606,0.2413,0.2619,0.1936
CUST1007741,2026-06,0.5146,0.4652,0.3816,0.4121,0.4911,0.1185
CUST1007742,2026-06,0.5257,0.2119,0.0201,0.5124,0.2231,0.1858
CUST1007743,2026-06,0.1216,0.2479,0.0779,0.3983,0.4749,0.3527
CUST1007744,2026-06,0.1667,0.1578,0.4544,0.3023,0.3902,0.1499
CUST1007745,2026-06,0.6928,0.2763,0.4021,0.4053,0.209,0.2363
CUST1007746,2026-06,0.5441,0.4728,0.546,0.2836,0.3409,0.2253
CUST1007747,2026-06,0.555,0.243,0.3499,0.5355,0.3775,0.1276
CUST1007748,2026-06,0.5383,0.412,0.3955,0.4826,0.2299,0.1568
CUST1007749,2026-06,0.5915,0.1931,0.4089,0.5366,0.2924,0.2977
CUST1007750,2026-06,0.5517,0.4502,0.2142,0.4022,0.5398,0.1242
CUST1007751,2026-06,0.2163,0.3282,0.1255,0.4064,0.469,0.01
CUST1007752,2026-06,0.272,0.0649,0.069,0.3483,0.5095,0.175
CUST1007753,2026-06,0.6444,0.4634,0.4589,0.2879,0.3787,0.3063
CUST1007754,2026-06,0.6567,0.442,0.3995,0.5124,0.2174,0.0531
CUST1007755,2026-06,0.3367,0.5372,0.597,0.4375,0.3531,0.1758
CUST1007756,2026-06,0.4578,0.2434,0.463,0.4562,0.3475,0.2527
CUST1007757,2026-06,0.5096,0.3895,0.5576,0.3169,0.3551,0.0969
CUST1007758,2026-06,0.7912,0.1895,0.3206,0.4577,0.2551,0.2178
CUST1007759,2026-06,0.1447,0.2296,0.1488,0.3387,0.3439,0.3322
CUST1007760,2026-06,0.382,0.2595,0.3588,0.3218,0.2645,0.1492
CUST1007761,2026-06,0.4942,0.5008,0.2042,0.4714,0.332,0.1249
CUST1007762,2026-06,0.3037,0.1509,0.3394,0.311,0.4739,0.1855
CUST1007763,2026-06,0.3898,0.1978,0.6077,0.3282,0.2799,0.1393
CUST1007764,2026-06,0.5263,0.3853,0.483,0.428,0.2573,0.1585
CUST1007765,2026-06,0.5317,0.191,0.2423,0.1839,0.1792,0.1333
CUST1007766,2026-06,0.2604,0.3917,0.4403,0.2028,0.2013,0.5115
CUST1007767,2026-06,0.4955,0.4551,0.4784,0.5901,0.4306,0.2391
CUST1007768,2026-06,0.5155,0.1246,0.4442,0.4517,0.2988,0.2586
CUST1007769,2026-06,0.5009,0.1283,0.4523,0.4409,0.3862,0.2452
CUST1007770,2026-06,0.6565,0.4058,0.6468,0.2163,0.1997,0.1309
CUST1007771,2026-06,0.5309,0.2789,0.3998,0.4931,0.3922,0.1628
CUST1007772,2026-06,0.4748,0.4752,0.4339,0.5016,0.1665,0.2647
CUST1007773,2026-06,0.1855,0.1315,0.0216,0.2212,0.3919,0.1786
CUST1007774,2026-06,0.3879,0.3168,0.4426,0.258,0.4861,0.307
CUST1007775,2026-06,0.156,0.1156,0.0806999999999999,0.3469,0.2181,0.1817
CUST1007776,2026-06,0.3541,0.4909,0.386,0.3988,0.3151,0.1313
CUST1007777,2026-06,0.5578,0.304,0.4069,0.2248,0.1322,0.1408
CUST1007778,2026-06,0.4856,0.4061,0.438,0.2097,0.3074,0.1537
CUST1007779,2026-06,0.4815,0.3008,0.3932,0.5526,0.21,0.1673
CUST1007780,2026-06,0.7601,0.1848,0.4019,0.5548,0.1557,0.1698
CUST1007781,2026-06,0.2545,0.1861,0.01,0.3315,0.5288,0.1214
CUST1007782,2026-06,0.627,0.0567,0.044,0.4311,0.267,0.2163
CUST1007783,2026-06,0.6436,0.3443,0.3629,0.4829,0.2795,0.1979
CUST1007784,2026-06,0.2707,0.01,0.1765,0.2451,0.2951,0.1079
CUST1007785,2026-06,0.6115,0.321,0.7294,0.4036,0.2727,0.2101
CUST1007786,2026-06,0.4006,0.4525,0.5576,0.3464,0.3362,0.1529
CUST1007787,2026-06,0.6134,0.5858,0.4599,0.4347,0.2304,0.4923
CUST1007788,2026-06,0.567,0.435,0.4919,0.4628,0.3388,0.1823
CUST1007789,2026-06,0.5713,0.2722,0.3773,0.293,0.2393,0.1369
CUST1007790,2026-06,0.2228,0.2957,0.2457,0.2591,0.204,0.3515
CUST1007791,2026-06,0.485,0.4011,0.4597,0.4624,0.364,0.1767
CUST1007792,2026-06,0.5153,0.3157,0.3004,0.3507,0.1994,0.01
CUST1007793,2026-06,0.6105,0.4328,0.6809,0.2833,0.3797,0.0868
CUST1007794,2026-06,0.6251,0.2735,0.5399,0.5339,0.3455,0.1155
CUST1007795,2026-06,0.4931,0.3682,0.4364,0.5458,0.4262,0.3386
CUST1007796,2026-06,0.5191,0.3864,0.5947,0.3689,0.3442,0.0776
CUST1007797,2026-06,0.437,0.3771,0.4987,0.1851,0.4274,0.3145
CUST1007798,2026-06,0.5191,0.4836,0.5406,0.5342,0.2858,0.1442
CUST1007799,2026-06,0.4794,0.5099,0.3541,0.6551,0.4396,0.2623
CUST1007800,2026-06,0.511,0.145,0.515,0.2972,0.2498,0.1935
CUST1007801,2026-06,0.3857,0.3318,0.2487,0.2858,0.4677,0.1963
CUST1007802,2026-06,0.2943,0.035,0.0714,0.2162,0.3597,0.1225
CUST1007803,2026-06,0.5332,0.0383,0.0961999999999999,0.4171,0.1156,0.1862
CUST1007804,2026-06,0.7147,0.3533,0.4429,0.5187,0.2708,0.2126
CUST1007805,2026-06,0.4256,0.2287,0.4673,0.2709,0.4414,0.1121
CUST1007806,2026-06,0.6019,0.1173,0.5912,0.1993,0.3514,0.0799
CUST1007807,2026-06,0.5152,0.5003,0.4576,0.5039,0.2727,0.0765
CUST1007808,2026-06,0.4775,0.4789,0.5274,0.3927,0.2548,0.1188
CUST1007809,2026-06,0.4037,0.01,0.0606,0.3989,0.1374,0.5519
CUST1007810,2026-06,0.3694,0.3465,0.5683,0.3843,0.2704,0.0868
CUST1007811,2026-06,0.0959,0.1211,0.1212,0.3421,0.4442,0.196
CUST1007812,2026-06,0.2143,0.1434,0.0840999999999999,0.2574,0.3143,0.1539
CUST1007813,2026-06,0.5213,0.2959,0.3786,0.2634,0.3639,0.6562
CUST1007814,2026-06,0.2425,0.1311,0.2584,0.2097,0.4862,0.2538
CUST1007815,2026-06,0.2326,0.2688,0.4854,0.332,0.4076,0.133
CUST1007816,2026-06,0.4342,0.277,0.6708,0.2707,0.2883,0.1901
CUST1007817,2026-06,0.4686,0.4476,0.3796,0.2644,0.3585,0.2221
CUST1007818,2026-06,0.434,0.4789,0.7189,0.3994,0.2857,0.1446
CUST1007819,2026-06,0.3413,0.5867,0.553,0.2562,0.3628,0.2294
CUST1007820,2026-06,0.5291,0.378,0.3837,0.3527,0.4792,0.1236
CUST1007821,2026-06,0.2549,0.2033,0.103,0.4837,0.3603,0.2682
CUST1007822,2026-06,0.5416,0.0222,0.0992,0.5818,0.2558,0.2464
CUST1007823,2026-06,0.4472,0.1126,0.3258,0.3581,0.2239,0.1728
CUST1007824,2026-06,0.1769,0.3587,0.0956999999999999,0.4315,0.3235,0.139
CUST1007825,2026-06,0.6672,0.0948,0.4317,0.3824,0.2369,0.2508
CUST1007826,2026-06,0.3367,0.2261,0.2204,0.5183,0.451,0.1213
CUST1007827,2026-06,0.4528,0.5091,0.3008,0.4821,0.4634,0.1357
CUST1007828,2026-06,0.707,0.4538,0.3788,0.2955,0.1896,0.2969
CUST1007829,2026-06,0.4541,0.3213,0.6717,0.4501,0.4014,0.0651
CUST1007830,2026-06,0.4308,0.4227,0.6208,0.4564,0.4566,0.1423
CUST1007831,2026-06,0.5388,0.428,0.3962,0.1275,0.3306,0.1077
CUST1007832,2026-06,0.7078,0.4031,0.3395,0.5544,0.1028,0.2202
CUST1007833,2026-06,0.3955,0.4785,0.5486,0.4598,0.4266,0.1867
CUST1007834,2026-06,0.2339,0.2886,0.0441,0.1768,0.2523,0.1393
CUST1007835,2026-06,0.5041,0.383,0.2612,0.4974,0.3409,0.174
CUST1007836,2026-06,0.2988,0.2253,0.01,0.3341,0.3881,0.1064
CUST1007837,2026-06,0.2387,0.2718,0.2704,0.5481,0.4061,0.1264
CUST1007838,2026-06,0.245,0.122,0.2841,0.1117,0.3692,0.2501
CUST1007839,2026-06,0.3838,0.1971,0.6549,0.2742,0.2542,0.2785
CUST1007840,2026-06,0.4613,0.2634,0.4458,0.1502,0.5196,0.1569
CUST1007841,2026-06,0.525,0.3933,0.477,0.4027,0.4372,0.1936
CUST1007842,2026-06,0.3741,0.0481,0.01,0.2,0.1865,0.5623
CUST1007843,2026-06,0.248,0.4126,0.3293,0.1417,0.2712,0.0369
CUST1007844,2026-06,0.4374,0.3056,0.3827,0.3984,0.3454,0.201
CUST1007845,2026-06,0.3891,0.247,0.3539,0.1294,0.23,0.1529
CUST1007846,2026-06,0.539,0.5518,0.4296,0.219,0.3817,0.1113
CUST1007847,2026-06,0.3672,0.2546,0.671,0.3606,0.3415,0.1542
CUST1007848,2026-06,0.5526,0.3389,0.4134,0.3418,0.01,0.6384
CUST1007849,2026-06,0.5524,0.3638,0.3843,0.3798,0.331,0.2131
CUST1007850,2026-06,0.4759,0.2624,0.4631,0.2901,0.4498,0.1413
CUST1007851,2026-06,0.306,0.596,0.5805,0.3645,0.4027,0.145
CUST1007852,2026-06,0.3704,0.6698,0.3623,0.491,0.2601,0.0877
CUST1007853,2026-06,0.7365,0.4858,0.5487,0.4093,0.3189,0.1161
CUST1007854,2026-06,0.6479,0.4077,0.6144,0.4103,0.2803,0.226
CUST1007855,2026-06,0.3183,0.1645,0.1667,0.4357,0.4101,0.1126
CUST1007856,2026-06,0.5978,0.1445,0.5899,0.1809,0.3379,0.0687
CUST1007857,2026-06,0.4079,0.4771,0.5622,0.3658,0.2175,0.4564
CUST1007858,2026-06,0.4174,0.3459,0.5242,0.3296,0.4641,0.2673
CUST1007859,2026-06,0.474,0.5869,0.2728,0.1417,0.4339,0.2232
CUST1007860,2026-06,0.15,0.0742,0.0761,0.2067,0.5873,0.2075
CUST1007861,2026-06,0.3912,0.2468,0.4997,0.3938,0.2809,0.1438
CUST1007862,2026-06,0.7277,0.4039,0.5899,0.3787,0.4259,0.1343
CUST1007863,2026-06,0.2857,0.2686,0.1344,0.3247,0.5852,0.1473
CUST1007864,2026-06,0.729,0.4453,0.5229,0.5493,0.428,0.0682
CUST1007865,2026-06,0.3011,0.4577,0.4779,0.3354,0.2503,0.2869
CUST1007866,2026-06,0.6315,0.4568,0.3307,0.375,0.3226,0.1265
CUST1007867,2026-06,0.4875,0.3216,0.4425,0.4339,0.2871,0.016
CUST1007868,2026-06,0.5603,0.557,0.4163,0.4968,0.3583,0.1464
CUST1007869,2026-06,0.5027,0.2393,0.5291,0.0461,0.365,0.2529
CUST1007870,2026-06,0.6739,0.4704,0.4332,0.5106,0.3188,0.2322
CUST1007871,2026-06,0.5124,0.01,0.1606,0.3312,0.1711,0.3284
CUST1007872,2026-06,0.295,0.1323,0.1263,0.4933,0.6022,0.1107
CUST1007873,2026-06,0.6308,0.2934,0.3982,0.3655,0.3216,0.2677
CUST1007874,2026-06,0.3025,0.2591,0.4657,0.2873,0.4585,0.2119
CUST1007875,2026-06,0.5363,0.3543,0.3204,0.3951,0.4136,0.01
CUST1007876,2026-06,0.5098,0.0988,0.3431,0.0587,0.215,0.3247
CUST1007877,2026-06,0.553,0.3502,0.2221,0.3759,0.0818,0.1763
CUST1007878,2026-06,0.3619,0.2414,0.0984,0.3003,0.213,0.2173
CUST1007879,2026-06,0.476,0.5952,0.5206,0.5823,0.2383,0.154
CUST1007880,2026-06,0.4294,0.4219,0.5996,0.1748,0.2933,0.2094
CUST1007881,2026-06,0.1955,0.1032,0.0496,0.0814,0.2116,0.2646
CUST1007882,2026-06,0.6986,0.2165,0.6279,0.5363,0.2407,0.2166
CUST1007883,2026-06,0.2787,0.2689,0.3206,0.3644,0.6645,0.1469
CUST1007884,2026-06,0.5775,0.1563,0.5037,0.1575,0.31,0.0925
CUST1007885,2026-06,0.3374,0.0731,0.01,0.3444,0.2446,0.1849
CUST1007886,2026-06,0.4608,0.5795,0.3139,0.4584,0.5202,0.2119
CUST1007887,2026-06,0.4754,0.56,0.293,0.5427,0.2633,0.195
CUST1007888,2026-06,0.2011,0.3358,0.2083,0.336,0.3038,0.1701
CUST1007889,2026-06,0.2447,0.2407,0.5423,0.3154,0.2286,0.0690999999999999
CUST1007890,2026-06,0.5721,0.28,0.3267,0.2923,0.3074,0.3784
CUST1007891,2026-06,0.3073,0.417,0.0513,0.1713,0.2409,0.3076
CUST1007892,2026-06,0.5009,0.1876,0.4689,0.4003,0.1594,0.628
CUST1007893,2026-06,0.4711,0.1513,0.5078,0.2553,0.5557,0.1099
CUST1007894,2026-06,0.4193,0.2558,0.1739,0.3568,0.0941,0.1333
CUST1007895,2026-06,0.4702,0.4488,0.6369,0.4295,0.3108,0.2477
CUST1007896,2026-06,0.2625,0.1509,0.1367,0.2443,0.3566,0.2796
CUST1007897,2026-06,0.5255,0.3329,0.4813,0.4723,0.4438,0.1793
CUST1007898,2026-06,0.2635,0.1567,0.0643,0.4466,0.1731,0.5785
CUST1007899,2026-06,0.4327,0.1885,0.3392,0.4111,0.4246,0.2646
CUST1007900,2026-06,0.5461,0.051,0.2447,0.1311,0.361,0.2067
CUST1007901,2026-06,0.4211,0.3044,0.275,0.1636,0.2623,0.2718
CUST1007902,2026-06,0.4322,0.4709,0.2768,0.4028,0.3262,0.0763
CUST1007903,2026-06,0.4336,0.3954,0.4362,0.2347,0.3042,0.2119
CUST1007904,2026-06,0.7117,0.1581,0.425,0.2742,0.1563,0.1443
CUST1007905,2026-06,0.685,0.2477,0.6053,0.3457,0.1389,0.1341
CUST1007906,2026-06,0.3144,0.3824,0.6352,0.3759,0.2898,0.056
CUST1007907,2026-06,0.6689,0.0267,0.3669,0.3273,0.1665,0.1187
CUST1007908,2026-06,0.1921,0.141,0.3111,0.2952,0.365,0.1456
CUST1007909,2026-06,0.402,0.3629,0.5688,0.4761,0.4466,0.145
CUST1007910,2026-06,0.302,0.3041,0.5435,0.5041,0.2458,0.1327
CUST1007911,2026-06,0.6016,0.3565,0.2969,0.4208,0.161,0.6656
CUST1007912,2026-06,0.1198,0.2928,0.1975,0.2481,0.3188,0.2007
CUST1007913,2026-06,0.2835,0.3626,0.2187,0.2363,0.167,0.2158
CUST1007914,2026-06,0.6558,0.4813,0.5363,0.5078,0.1917,0.0761
CUST1007915,2026-06,0.5247,0.4275,0.4188,0.5598,0.3404,0.1091
CUST1007916,2026-06,0.6265,0.4251,0.2771,0.4361,0.3192,0.0702
CUST1007917,2026-06,0.4563,0.2708,0.5015,0.3738,0.3193,0.4626
CUST1007918,2026-06,0.3525,0.295,0.1129,0.545,0.3334,0.0969
CUST1007919,2026-06,0.4654,0.5194,0.7159,0.19,0.4241,0.1582
CUST1007920,2026-06,0.4239,0.38,0.449,0.3648,0.3194,0.4814
CUST1007921,2026-06,0.4013,0.4801,0.3391,0.4226,0.5795,0.5559
CUST1007922,2026-06,0.2295,0.2045,0.1344,0.2484,0.3132,0.1364
CUST1007923,2026-06,0.5276,0.2903,0.3143,0.4296,0.3687,0.2464
CUST1007924,2026-06,0.2884,0.3251,0.0231,0.4492,0.465,0.1159
CUST1007925,2026-06,0.3005,0.2122,0.4258,0.1715,0.174,0.01
CUST1007926,2026-06,0.444,0.2364,0.4191,0.4536,0.3776,0.1362
CUST1007927,2026-06,0.7017,0.3304,0.4037,0.2811,0.4917,0.159
CUST1007928,2026-06,0.4048,0.4403,0.5376,0.4746,0.3981,0.2405
CUST1007929,2026-06,0.3608,0.01,0.1031,0.2855,0.4935,0.089
CUST1007930,2026-06,0.7298,0.2978,0.2697,0.0779,0.213,0.1813
CUST1007931,2026-06,0.3838,0.2861,0.1625,0.4467,0.2022,0.065
CUST1007932,2026-06,0.4174,0.5908,0.6016,0.1722,0.3979,0.1884
CUST1007933,2026-06,0.4535,0.1915,0.1021,0.6575,0.4933,0.1303
CUST1007934,2026-06,0.4194,0.3535,0.3775,0.1221,0.324,0.3399
CUST1007935,2026-06,0.4208,0.2563,0.3622,0.2249,0.4753,0.1025
CUST1007936,2026-06,0.3768,0.5157,0.5686,0.3108,0.1668,0.18
CUST1007937,2026-06,0.3252,0.1839,0.3686,0.3229,0.4381,0.1709
CUST1007938,2026-06,0.4824,0.01,0.2675,0.3946,0.0803,0.5348
CUST1007939,2026-06,0.1419,0.1742,0.2019,0.2427,0.3579,0.271
CUST1007940,2026-06,0.392,0.4308,0.3296,0.4459,0.4507,0.1052
CUST1007941,2026-06,0.1924,0.4004,0.2452,0.2517,0.3451,0.1486
CUST1007942,2026-06,0.5851,0.2455,0.4712,0.476,0.0234,0.2828
CUST1007943,2026-06,0.6306,0.5524,0.2734,0.4318,0.5693,0.0837
CUST1007944,2026-06,0.2694,0.2264,0.3172,0.1883,0.3515,0.2243
CUST1007945,2026-06,0.3979,0.2262,0.3681,0.1842,0.3647,0.1441
CUST1007946,2026-06,0.315,0.3141,0.2426,0.3743,0.2593,0.135
CUST1007947,2026-06,0.4558,0.1461,0.6422,0.2804,0.2973,0.1767
CUST1007948,2026-06,0.1365,0.01,0.1258,0.241,0.2274,0.1677
CUST1007949,2026-06,0.4926,0.3648,0.5838,0.5103,0.4242,0.1923
CUST1007950,2026-06,0.0792,0.19,0.2553,0.3178,0.3896,0.2035
CUST1007951,2026-06,0.4362,0.4261,0.3986,0.4929,0.415,0.1994
CUST1007952,2026-06,0.262,0.3923,0.248,0.4659,0.333,0.1823
CUST1007953,2026-06,0.7538,0.5328,0.5389,0.6093,0.3265,0.2091
CUST1007954,2026-06,0.6877,0.2857,0.3001,0.4112,0.4436,0.1792
CUST1007955,2026-06,0.5678,0.3492,0.4869,0.3672,0.2037,0.01
CUST1007956,2026-06,0.4789,0.2588,0.3473,0.4621,0.5837,0.1159
CUST1007957,2026-06,0.3202,0.01,0.3958,0.2379,0.1531,0.2732
CUST1007958,2026-06,0.5921,0.3853,0.4796,0.528,0.4044,0.1086
CUST1007959,2026-06,0.3746,0.4753,0.6169,0.4818,0.3498,0.2111
CUST1007960,2026-06,0.3698,0.1779,0.4098,0.2007,0.4787,0.0811
CUST1007961,2026-06,0.2547,0.0717,0.2655,0.5119,0.3429,0.3302
CUST1007962,2026-06,0.4348,0.0879,0.2878,0.4094,0.209,0.1796
CUST1007963,2026-06,0.2308,0.1841,0.1528,0.2901,0.2358,0.105
CUST1007964,2026-06,0.4912,0.0714,0.1089,0.248,0.321,0.1684
CUST1007965,2026-06,0.6274,0.3395,0.4249,0.3994,0.2226,0.236
CUST1007966,2026-06,0.3516,0.3069,0.1193,0.2693,0.3673,0.3057
CUST1007967,2026-06,0.8197,0.3835,0.4359,0.4719,0.4053,0.0696
CUST1007968,2026-06,0.778,0.1057,0.3099,0.3795,0.3068,0.1508
CUST1007969,2026-06,0.7026,0.1803,0.5099,0.4042,0.1558,0.2878
CUST1007970,2026-06,0.7271,0.5024,0.461,0.167,0.3437,0.1541
CUST1007971,2026-06,0.4755,0.3865,0.3431,0.4432,0.569,0.1978
CUST1007972,2026-06,0.3421,0.2405,0.3743,0.3328,0.5935,0.12
CUST1007973,2026-06,0.6539,0.2311,0.2569,0.2048,0.1746,0.0937999999999999
CUST1007974,2026-06,0.5248,0.2038,0.3916,0.1565,0.5291,0.1329
CUST1007975,2026-06,0.6023,0.2417,0.5547,0.5934,0.3366,0.2193
CUST1007976,2026-06,0.4586,0.2893,0.3359,0.5307,0.3211,0.1744
CUST1007977,2026-06,0.3148,0.2982,0.1094,0.4118,0.3992,0.1797
CUST1007978,2026-06,0.6546,0.0144,0.3684,0.4819,0.3694,0.1825
CUST1007979,2026-06,0.1436,0.0441,0.125,0.1235,0.116,0.279
CUST1007980,2026-06,0.3512,0.1439,0.3717,0.2991,0.3537,0.218
CUST1007981,2026-06,0.6131,0.4673,0.4226,0.1258,0.3388,0.1109
CUST1007982,2026-06,0.5066,0.4666,0.4836,0.4326,0.3459,0.2748
CUST1007983,2026-06,0.2083,0.3864,0.158,0.1784,0.4655,0.2041
CUST1007984,2026-06,0.3485,0.2675,0.3839,0.4307,0.3883,0.0785
CUST1007985,2026-06,0.01,0.21,0.2338,0.3321,0.2241,0.1636
CUST1007986,2026-06,0.1788,0.0906,0.1909,0.213,0.2691,0.4017
CUST1007987,2026-06,0.4168,0.2011,0.3,0.2934,0.1841,0.1367
CUST1007988,2026-06,0.7183,0.3825,0.5135,0.2825,0.1957,0.2603
CUST1007989,2026-06,0.3275,0.4263,0.7128,0.2498,0.2482,0.1244
CUST1007990,2026-06,0.4491,0.2421,0.2665,0.2727,0.3096,0.2478
CUST1007991,2026-06,0.2896,0.3967,0.2189,0.5116,0.3733,0.1825
CUST1007992,2026-06,0.5221,0.3851,0.7471,0.1971,0.3164,0.1917
CUST1007993,2026-06,0.3483,0.4475,0.2632,0.639,0.3483,0.2821
CUST1007994,2026-06,0.6334,0.1736,0.6676,0.4328,0.2347,0.3228
CUST1007995,2026-06,0.44,0.5419,0.5298,0.3138,0.3905,0.2811
CUST1007996,2026-06,0.8734,0.3827,0.3931,0.5703,0.1605,0.1435
CUST1007997,2026-06,0.504,0.3197,0.598,0.4604,0.4358,0.0123
CUST1007998,2026-06,0.3515,0.2742,0.1499,0.2592,0.3411,0.215
CUST1007999,2026-06,0.7247,0.4143,0.3953,0.2965,0.4087,0.183
CUST1008000,2026-06,0.6428,0.3708,0.5337,0.01,0.1817,0.1703
CUST1008001,2026-06,0.1416,0.01,0.0988,0.1164,0.6121,0.1145
CUST1008002,2026-06,0.6459,0.225,0.4245,0.0246,0.3422,0.3146
CUST1008003,2026-06,0.4389,0.333,0.1858,0.1723,0.2381,0.1824
CUST1008004,2026-06,0.6175,0.2768,0.3976,0.5434,0.2016,0.049
CUST1008005,2026-06,0.389,0.1215,0.4084,0.4404,0.5413,0.2288
CUST1008006,2026-06,0.6522,0.1905,0.3401,0.4543,0.2677,0.1264
CUST1008007,2026-06,0.492,0.4022,0.4907,0.2,0.3898,0.2521
CUST1008008,2026-06,0.5449,0.389,0.6083,0.1847,0.2625,0.2397
CUST1008009,2026-06,0.4345,0.5671,0.5422,0.3191,0.2836,0.1292
CUST1008010,2026-06,0.412,0.0189,0.1658,0.2491,0.2701,0.3039
CUST1008011,2026-06,0.4461,0.2058,0.3578,0.2759,0.3292,0.1556
CUST1008012,2026-06,0.0471,0.1816,0.1107,0.01,0.4028,0.6391
CUST1008013,2026-06,0.3527,0.15,0.0203,0.2581,0.2055,0.2875
CUST1008014,2026-06,0.048,0.01,0.1386,0.1634,0.5031,0.2154
CUST1008015,2026-06,0.2145,0.3632,0.0776,0.4001,0.2595,0.0942
CUST1008016,2026-06,0.5749,0.3715,0.3626,0.307,0.3733,0.276
CUST1008017,2026-06,0.4146,0.343,0.7409,0.3814,0.3408,0.2163
CUST1008018,2026-06,0.4155,0.4346,0.5975,0.3684,0.3823,0.2207
CUST1008019,2026-06,0.1706,0.2791,0.1685,0.2277,0.2805,0.1416
CUST1008020,2026-06,0.6531,0.1133,0.5183,0.1667,0.2556,0.207
CUST1008021,2026-06,0.1759,0.1785,0.3114,0.3532,0.3308,0.2543
CUST1008022,2026-06,0.1624,0.2625,0.0491,0.3677,0.3561,0.0185
CUST1008023,2026-06,0.6192,0.1785,0.3891,0.2197,0.2137,0.1078
CUST1008024,2026-06,0.479,0.5249,0.3782,0.3662,0.3221,0.2083
CUST1008025,2026-06,0.3938,0.4969,0.5502,0.4374,0.6367,0.1534
CUST1008026,2026-06,0.4815,0.5294,0.413,0.2461,0.4182,0.0902
CUST1008027,2026-06,0.4443,0.459,0.5339,0.5165,0.5341,0.1191
CUST1008028,2026-06,0.235,0.2664,0.129,0.2749,0.345,0.351
CUST1008029,2026-06,0.261,0.581,0.3308,0.2335,0.3861,0.1209
CUST1008030,2026-06,0.436,0.5061,0.487,0.0257,0.3081,0.2903
CUST1008031,2026-06,0.4664,0.5366,0.4158,0.4781,0.3085,0.0541
CUST1008032,2026-06,0.3603,0.2331,0.24,0.472,0.4209,0.2739
CUST1008033,2026-06,0.5061,0.3575,0.2031,0.5646,0.6,0.148
CUST1008034,2026-06,0.4996,0.2603,0.5446,0.4962,0.3859,0.0576
CUST1008035,2026-06,0.4231,0.3283,0.4976,0.5036,0.2561,0.2869
CUST1008036,2026-06,0.4511,0.3699,0.4855,0.3107,0.406,0.0553
CUST1008037,2026-06,0.4511,0.3941,0.4663,0.5371,0.389,0.1404
CUST1008038,2026-06,0.5326,0.1525,0.3745,0.2874,0.5011,0.1425
CUST1008039,2026-06,0.3499,0.1155,0.1166,0.247,0.1874,0.1242
CUST1008040,2026-06,0.4711,0.2546,0.4898,0.408,0.5171,0.1084
CUST1008041,2026-06,0.4806,0.3654,0.5249,0.421,0.4813,0.1794
CUST1008042,2026-06,0.5502,0.3558,0.5596,0.4064,0.2679,0.0604
CUST1008043,2026-06,0.2558,0.1886,0.1307,0.2931,0.5045,0.1098
CUST1008044,2026-06,0.4476,0.1411,0.2443,0.5306,0.5437,0.2058
CUST1008045,2026-06,0.5732,0.4084,0.4942,0.4426,0.417,0.1913
CUST1008046,2026-06,0.2423,0.1449,0.244,0.1737,0.1992,0.1903
CUST1008047,2026-06,0.589,0.2366,0.5268,0.2172,0.2418,0.0617
CUST1008048,2026-06,0.5268,0.3659,0.153,0.3502,0.5077,0.149
CUST1008049,2026-06,0.7341,0.2453,0.4524,0.5214,0.184,0.1557
CUST1008050,2026-06,0.4924,0.4401,0.7322,0.3227,0.3052,0.1521
CUST1008051,2026-06,0.3314,0.01,0.0178,0.0519,0.2253,0.8158
CUST1008052,2026-06,0.3584,0.01,0.1704,0.3586,0.3967,0.2052
CUST1008053,2026-06,0.4548,0.3974,0.32,0.5279,0.4188,0.0961
CUST1008054,2026-06,0.3787,0.4601,0.4539,0.2908,0.2527,0.1535
CUST1008055,2026-06,0.5881,0.4519,0.6377,0.507,0.3837,0.2326
CUST1008056,2026-06,0.01,0.0412,0.0175,0.0706,0.1168,0.2286
CUST1008057,2026-06,0.4013,0.5546,0.4102,0.4108,0.459,0.2505
CUST1008058,2026-06,0.5644,0.5455,0.3866,0.2217,0.222,0.2657
CUST1008059,2026-06,0.4388,0.1054,0.2342,0.6392,0.4549,0.4596
CUST1008060,2026-06,0.5568,0.5418,0.4185,0.5976,0.2724,0.1942
CUST1008061,2026-06,0.2085,0.3335,0.0548,0.3728,0.3333,0.1748
CUST1008062,2026-06,0.4149,0.3166,0.3146,0.4151,0.3589,0.2977
CUST1008063,2026-06,0.4568,0.5648,0.6069,0.3904,0.4012,0.2487
CUST1008064,2026-06,0.3315,0.5125,0.843,0.2322,0.3747,0.1554
CUST1008065,2026-06,0.5504,0.3923,0.5218,0.4562,0.3617,0.0849
CUST1008066,2026-06,0.7549,0.3527,0.4188,0.482,0.2584,0.0998
CUST1008067,2026-06,0.4121,0.4106,0.4308,0.124,0.2871,0.1007
CUST1008068,2026-06,0.2142,0.4326,0.01,0.0862,0.5112,0.1353
CUST1008069,2026-06,0.1385,0.3442,0.2108,0.2542,0.3438,0.1445
CUST1008070,2026-06,0.5101,0.473,0.3549,0.5049,0.5738,0.2164
CUST1008071,2026-06,0.2234,0.4173,0.6297,0.3466,0.2661,0.2384
CUST1008072,2026-06,0.291,0.171,0.2802,0.1594,0.2529,0.123
CUST1008073,2026-06,0.648,0.5625,0.2477,0.4677,0.3065,0.3201
CUST1008074,2026-06,0.4562,0.2187,0.4453,0.5512,0.4693,0.1579
CUST1008075,2026-06,0.4438,0.1454,0.211,0.0912,0.4976,0.1646
CUST1008076,2026-06,0.6797,0.2765,0.4818,0.3899,0.2912,0.104
CUST1008077,2026-06,0.5469,0.0690999999999999,0.284,0.2527,0.5123,0.0753999999999999
CUST1008078,2026-06,0.8029,0.1586,0.4624,0.3877,0.3945,0.1711
CUST1008079,2026-06,0.5554,0.6331,0.3567,0.5439,0.4476,0.123
CUST1008080,2026-06,0.5756,0.3011,0.2789,0.4351,0.3505,0.01
CUST1008081,2026-06,0.7876,0.513,0.3396,0.2816,0.3203,0.0636
CUST1008082,2026-06,0.5427,0.3973,0.5929,0.3866,0.5522,0.2075
CUST1008083,2026-06,0.5856,0.3379,0.4347,0.4574,0.2347,0.2453
CUST1008084,2026-06,0.7125,0.3345,0.4218,0.5996,0.1544,0.1581
CUST1008085,2026-06,0.3671,0.5106,0.5842,0.3197,0.3477,0.2173
CUST1008086,2026-06,0.3449,0.4919,0.4615,0.2613,0.1919,0.2509
CUST1008087,2026-06,0.3805,0.4701,0.3781,0.1993,0.2348,0.1779
CUST1008088,2026-06,0.5076,0.2339,0.2918,0.4741,0.4554,0.067
CUST1008089,2026-06,0.3553,0.2328,0.0765,0.6078,0.3773,0.2013
CUST1008090,2026-06,0.4747,0.3433,0.5404,0.461,0.2353,0.1481
CUST1008091,2026-06,0.4074,0.2713,0.4688,0.3742,0.3314,0.2241
CUST1008092,2026-06,0.3668,0.2398,0.4424,0.2182,0.3585,0.163
CUST1008093,2026-06,0.5871,0.1354,0.3949,0.3041,0.2507,0.623
CUST1008094,2026-06,0.4712,0.4927,0.4873,0.3754,0.4513,0.1983
CUST1008095,2026-06,0.5873,0.2333,0.3929,0.4062,0.395,0.292
CUST1008096,2026-06,0.4513,0.4588,0.3894,0.6752,0.4155,0.1283
CUST1008097,2026-06,0.2888,0.12,0.1711,0.3992,0.2535,0.0945
CUST1008098,2026-06,0.4698,0.4579,0.4982,0.6064,0.2992,0.1462
CUST1008099,2026-06,0.4324,0.1954,0.4874,0.4546,0.2101,0.2687
CUST1008100,2026-06,0.4469,0.2682,0.4033,0.2775,0.5893,0.2575
CUST1008101,2026-06,0.3864,0.3475,0.4632,0.2765,0.3471,0.2114
CUST1008102,2026-06,0.7213,0.2547,0.5921,0.428,0.2024,0.0444
CUST1008103,2026-06,0.5972,0.2255,0.2741,0.5439,0.2716,0.1007
CUST1008104,2026-06,0.3658,0.455,0.4451,0.4283,0.1764,0.1767
CUST1008105,2026-06,0.5305,0.4476,0.4332,0.2508,0.4908,0.0329
CUST1008106,2026-06,0.1913,0.2362,0.4017,0.2822,0.31,0.1662
CUST1008107,2026-06,0.2724,0.1518,0.0591,0.355,0.2503,0.1643
CUST1008108,2026-06,0.7023,0.5111,0.377,0.3536,0.4832,0.1184
CUST1008109,2026-06,0.4991,0.2751,0.5763,0.1906,0.218,0.2396
CUST1008110,2026-06,0.6527,0.3673,0.3243,0.21,0.4335,0.1699
CUST1008111,2026-06,0.465,0.3205,0.0606,0.2347,0.2965,0.447
CUST1008112,2026-06,0.4719,0.1456,0.5499,0.2212,0.2206,0.1335
CUST1008113,2026-06,0.6208,0.2477,0.3734,0.4472,0.2818,0.258
CUST1008114,2026-06,0.6767,0.0595,0.388,0.2324,0.1289,0.2098
CUST1008115,2026-06,0.505,0.4363,0.6304,0.4803,0.2743,0.1842
CUST1008116,2026-06,0.51,0.2929,0.5489,0.5856,0.4552,0.1661
CUST1008117,2026-06,0.2977,0.2671,0.2107,0.4138,0.3176,0.1408
CUST1008118,2026-06,0.419,0.3161,0.5182,0.01,0.4601,0.2622
CUST1008119,2026-06,0.435,0.251,0.2071,0.6963,0.4579,0.1998
CUST1008120,2026-06,0.3891,0.5268,0.5089,0.3143,0.4442,0.1226
CUST1008121,2026-06,0.4898,0.5242,0.4152,0.5136,0.2086,0.1867
CUST1008122,2026-06,0.116,0.2297,0.0666,0.2952,0.2527,0.1502
CUST1008123,2026-06,0.4052,0.3371,0.3838,0.4148,0.3059,0.1906
CUST1008124,2026-06,0.525,0.4491,0.3416,0.3027,0.4048,0.185
CUST1008125,2026-06,0.6448,0.3146,0.4176,0.5455,0.3546,0.0794
CUST1008126,2026-06,0.3549,0.4768,0.6866,0.3854,0.3497,0.075
CUST1008127,2026-06,0.5455,0.3446,0.3143,0.298,0.1643,0.01
CUST1008128,2026-06,0.363,0.4855,0.5625,0.2325,0.2391,0.2482
CUST1008129,2026-06,0.5376,0.262,0.3674,0.3297,0.5832,0.2475
CUST1008130,2026-06,0.4833,0.2417,0.2877,0.1687,0.3022,0.2552
CUST1008131,2026-06,0.5595,0.1363,0.4043,0.2748,0.2643,0.2365
CUST1008132,2026-06,0.477,0.5319,0.3424,0.1684,0.3548,0.1315
CUST1008133,2026-06,0.583,0.4012,0.3029,0.2936,0.381,0.2479
CUST1008134,2026-06,0.4569,0.3429,0.5906,0.3472,0.3563,0.2612
CUST1008135,2026-06,0.6807,0.0561,0.3642,0.2266,0.3364,0.345
CUST1008136,2026-06,0.4868,0.1701,0.317,0.2962,0.313,0.2653
CUST1008137,2026-06,0.2974,0.1682,0.2374,0.5581,0.1661,0.5639
CUST1008138,2026-06,0.1124,0.2297,0.1021,0.1969,0.331,0.1502
CUST1008139,2026-06,0.2466,0.1721,0.1586,0.1022,0.2422,0.1016
CUST1008140,2026-06,0.3794,0.3739,0.5345,0.2806,0.3826,0.141
CUST1008141,2026-06,0.7177,0.4298,0.2809,0.406,0.3133,0.1631
CUST1008142,2026-06,0.6668,0.4747,0.405,0.5149,0.3716,0.0353
CUST1008143,2026-06,0.4977,0.01,0.1557,0.1563,0.2694,0.0587
CUST1008144,2026-06,0.3098,0.5223,0.5879,0.3582,0.3272,0.463
CUST1008145,2026-06,0.7901,0.4736,0.607,0.4445,0.2492,0.1216
CUST1008146,2026-06,0.425,0.3701,0.3032,0.219,0.2169,0.2952
CUST1008147,2026-06,0.1803,0.0161,0.1286,0.1575,0.544,0.0796
CUST1008148,2026-06,0.423,0.5728,0.355,0.3146,0.3767,0.3139
CUST1008149,2026-06,0.2619,0.5263,0.3545,0.1897,0.3111,0.3185
CUST1008150,2026-06,0.5974,0.3146,0.5919,0.3396,0.2269,0.2792
CUST1008151,2026-06,0.4866,0.2866,0.4156,0.4854,0.5722,0.01
CUST1008152,2026-06,0.5483,0.2955,0.349,0.1582,0.3401,0.1766
CUST1008153,2026-06,0.3271,0.3416,0.1271,0.4965,0.3111,0.4598
CUST1008154,2026-06,0.4516,0.18,0.2964,0.396,0.3802,0.1155
CUST1008155,2026-06,0.4681,0.0671,0.2852,0.4634,0.4133,0.2992
CUST1008156,2026-06,0.5813,0.1839,0.3381,0.3874,0.1641,0.1098
CUST1008157,2026-06,0.5215,0.3147,0.2852,0.3532,0.2208,0.2801
CUST1008158,2026-06,0.6349,0.4554,0.6076,0.5568,0.2579,0.1863
CUST1008159,2026-06,0.5646,0.3546,0.3956,0.4707,0.3288,0.1367
CUST1008160,2026-06,0.3156,0.4475,0.5015,0.3267,0.3412,0.2226
CUST1008161,2026-06,0.1415,0.231,0.1457,0.4177,0.269,0.0995
CUST1008162,2026-06,0.5988,0.5607,0.3886,0.3018,0.3373,0.1928
CUST1008163,2026-06,0.6591,0.2393,0.339,0.3683,0.284,0.1586
CUST1008164,2026-06,0.6377,0.1258,0.3565,0.4343,0.3108,0.2461
CUST1008165,2026-06,0.5057,0.3077,0.3245,0.488,0.3662,0.01
CUST1008166,2026-06,0.191,0.206,0.1189,0.2546,0.1945,0.1395
CUST1008167,2026-06,0.3376,0.4172,0.3463,0.3726,0.4906,0.2885
CUST1008168,2026-06,0.1405,0.01,0.1178,0.1609,0.5229,0.2411
CUST1008169,2026-06,0.4079,0.2661,0.2674,0.3968,0.3206,0.0952
CUST1008170,2026-06,0.2708,0.2426,0.0386,0.5845,0.4534,0.2151
CUST1008171,2026-06,0.232,0.0457,0.1779,0.2861,0.2695,0.1934
CUST1008172,2026-06,0.1614,0.2851,0.1215,0.1759,0.2191,0.2515
CUST1008173,2026-06,0.7338,0.202,0.5286,0.2613,0.2644,0.3409
CUST1008174,2026-06,0.3932,0.4888,0.4045,0.2413,0.4267,0.1633
CUST1008175,2026-06,0.3381,0.2823,0.1259,0.4238,0.388,0.2708
CUST1008176,2026-06,0.3697,0.3446,0.2898,0.3227,0.1644,0.193
CUST1008177,2026-06,0.5218,0.3548,0.4325,0.1687,0.1673,0.0835
CUST1008178,2026-06,0.5208,0.1083,0.4406,0.5613,0.3159,0.1611
CUST1008179,2026-06,0.259,0.2584,0.0294,0.4133,0.408,0.0349
CUST1008180,2026-06,0.4018,0.01,0.2738,0.3783,0.2104,0.2075
CUST1008181,2026-06,0.3411,0.01,0.01,0.548,0.0556,0.7062
CUST1008182,2026-06,0.7003,0.4327,0.3733,0.5002,0.2276,0.0913
CUST1008183,2026-06,0.505,0.557,0.4213,0.5299,0.3049,0.2065
CUST1008184,2026-06,0.4404,0.3707,0.6914,0.4316,0.4573,0.01
CUST1008185,2026-06,0.1611,0.147,0.199,0.0521,0.4262,0.2214
CUST1008186,2026-06,0.1573,0.0181,0.1634,0.0982,0.3861,0.2459
CUST1008187,2026-06,0.6185,0.3964,0.3651,0.5532,0.377,0.1585
CUST1008188,2026-06,0.4008,0.4998,0.5485,0.2335,0.271,0.2035
CUST1008189,2026-06,0.4182,0.3954,0.4936,0.4148,0.4682,0.1149
CUST1008190,2026-06,0.6358,0.1692,0.4588,0.493,0.2609,0.249
CUST1008191,2026-06,0.5576,0.4783,0.5579,0.583,0.4234,0.1092
CUST1008192,2026-06,0.5231,0.2996,0.5062,0.5162,0.2852,0.279
CUST1008193,2026-06,0.4913,0.4559,0.588,0.6793,0.2975,0.2304
CUST1008194,2026-06,0.6195,0.451,0.4646,0.4495,0.2329,0.2344
CUST1008195,2026-06,0.2913,0.2078,0.4217,0.1885,0.5414,0.1116
CUST1008196,2026-06,0.6297,0.2362,0.5015,0.343,0.3721,0.2106
CUST1008197,2026-06,0.4248,0.5104,0.7002,0.2032,0.2716,0.1995
CUST1008198,2026-06,0.6184,0.2701,0.4165,0.3729,0.3929,0.2522
CUST1008199,2026-06,0.8182,0.2014,0.4848,0.492,0.2806,0.2262
CUST1008200,2026-06,0.7142,0.1078,0.3102,0.4945,0.3064,0.2068
CUST1008201,2026-06,0.2205,0.339,0.2285,0.1876,0.2063,0.5538
CUST1008202,2026-06,0.5201,0.3417,0.4735,0.2997,0.6326,0.1939
CUST1008203,2026-06,0.5497,0.3273,0.5935,0.506,0.3363,0.2812
CUST1008204,2026-06,0.6274,0.3545,0.6865,0.3318,0.3267,0.2313
CUST1008205,2026-06,0.6066,0.3812,0.5269,0.4553,0.3239,0.123
CUST1008206,2026-06,0.2841,0.01,0.1458,0.2387,0.3218,0.2459
CUST1008207,2026-06,0.5334,0.3706,0.4794,0.479,0.6032,0.2041
CUST1008208,2026-06,0.4195,0.4002,0.3574,0.5617,0.2365,0.2772
CUST1008209,2026-06,0.7017,0.256,0.3068,0.4845,0.2853,0.1754
CUST1008210,2026-06,0.7579,0.5815,0.4969,0.3386,0.3123,0.1649
CUST1008211,2026-06,0.264,0.4146,0.5655,0.3219,0.4028,0.256
CUST1008212,2026-06,0.5697,0.2413,0.5428,0.3652,0.2517,0.0956999999999999
CUST1008213,2026-06,0.4747,0.4646,0.526,0.3891,0.2832,0.2412
CUST1008214,2026-06,0.488,0.3028,0.633,0.3055,0.3582,0.2553
CUST1008215,2026-06,0.473,0.2762,0.3831,0.3642,0.3543,0.2166
CUST1008216,2026-06,0.661,0.6107,0.5903,0.2502,0.2862,0.1961
CUST1008217,2026-06,0.6796,0.2131,0.4502,0.3827,0.2065,0.2668
CUST1008218,2026-06,0.5106,0.3496,0.3123,0.4196,0.3231,0.2595
CUST1008219,2026-06,0.6181,0.3292,0.4862,0.2472,0.4012,0.1449
CUST1008220,2026-06,0.2783,0.01,0.0851,0.2698,0.0968,0.0582
CUST1008221,2026-06,0.4312,0.4877,0.6435,0.4443,0.2118,0.2818
CUST1008222,2026-06,0.5598,0.3362,0.4877,0.4598,0.3839,0.1457
CUST1008223,2026-06,0.4698,0.3505,0.6342,0.3137,0.2905,0.1527
CUST1008224,2026-06,0.3945,0.2559,0.6074,0.2486,0.2138,0.1346
CUST1008225,2026-06,0.4098,0.3337,0.4536,0.3062,0.3655,0.2108
CUST1008226,2026-06,0.2491,0.4412,0.4685,0.4767,0.2108,0.576
CUST1008227,2026-06,0.5152,0.3175,0.2831,0.2045,0.4242,0.0901
CUST1008228,2026-06,0.4238,0.3988,0.2992,0.1366,0.2827,0.2507
CUST1008229,2026-06,0.2567,0.2878,0.1273,0.3014,0.4713,0.1477
CUST1008230,2026-06,0.5225,0.4579,0.3812,0.3702,0.3202,0.0886
CUST1008231,2026-06,0.5829,0.315,0.3091,0.5335,0.306,0.2674
CUST1008232,2026-06,0.4626,0.3516,0.1604,0.3789,0.2116,0.0571
CUST1008233,2026-06,0.4169,0.1025,0.134,0.2681,0.2988,0.1568
CUST1008234,2026-06,0.464,0.4225,0.5105,0.188,0.2868,0.1432
CUST1008235,2026-06,0.4085,0.2895,0.4698,0.3416,0.2919,0.2425
CUST1008236,2026-06,0.3657,0.3215,0.5303,0.4222,0.4339,0.1048
CUST1008237,2026-06,0.1942,0.4226,0.1107,0.2986,0.4214,0.1088
CUST1008238,2026-06,0.5285,0.4227,0.3815,0.3765,0.378,0.097
CUST1008239,2026-06,0.3801,0.3236,0.4099,0.2796,0.3278,0.2161
CUST1008240,2026-06,0.3628,0.5016,0.4905,0.3882,0.4763,0.2516
CUST1008241,2026-06,0.5871,0.4478,0.3936,0.3503,0.3834,0.0985999999999999
CUST1008242,2026-06,0.5623,0.4921,0.4441,0.4396,0.1873,0.2458
CUST1008243,2026-06,0.5067,0.3172,0.402,0.4026,0.2879,0.172
CUST1008244,2026-06,0.4448,0.5446,0.5226,0.4349,0.3828,0.1897
CUST1008245,2026-06,0.4827,0.2227,0.142,0.3928,0.281,0.2002
CUST1008246,2026-06,0.746,0.3545,0.5438,0.3583,0.2897,0.1327
CUST1008247,2026-06,0.5078,0.3322,0.2417,0.3119,0.2411,0.1678
CUST1008248,2026-06,0.5715,0.2527,0.5168,0.4031,0.3702,0.1987
CUST1008249,2026-06,0.1749,0.2406,0.2773,0.3378,0.5325,0.1504
CUST1008250,2026-06,0.3123,0.3723,0.2805,0.1454,0.0903,0.6558
CUST1008251,2026-06,0.2538,0.1231,0.1624,0.6024,0.1974,0.5313
CUST1008252,2026-06,0.1668,0.2466,0.0826,0.3514,0.3385,0.2594
CUST1008253,2026-06,0.1972,0.0727,0.2945,0.4144,0.01,0.527
CUST1008254,2026-06,0.3872,0.5469,0.356,0.2696,0.3526,0.2061
CUST1008255,2026-06,0.3692,0.109,0.0822,0.2804,0.2321,0.2515
CUST1008256,2026-06,0.1786,0.3615,0.1461,0.081,0.2504,0.1777
CUST1008257,2026-06,0.178,0.1737,0.2312,0.1948,0.4982,0.2505
CUST1008258,2026-06,0.2902,0.2969,0.5106,0.333,0.3641,0.2089
CUST1008259,2026-06,0.4511,0.3408,0.6785,0.1873,0.4024,0.2684
CUST1008260,2026-06,0.4202,0.3676,0.5482,0.4995,0.303,0.0883
CUST1008261,2026-06,0.3744,0.0946,0.0506,0.4798,0.3258,0.1951
CUST1008262,2026-06,0.7262,0.3098,0.3903,0.5079,0.0634,0.0833
CUST1008263,2026-06,0.2838,0.2612,0.3255,0.5994,0.2424,0.2077
CUST1008264,2026-06,0.4349,0.2196,0.4277,0.2908,0.4646,0.4162
CUST1008265,2026-06,0.4679,0.3096,0.403,0.1132,0.3419,0.2677
CUST1008266,2026-06,0.5525,0.1377,0.3836,0.3072,0.2753,0.2581
CUST1008267,2026-06,0.4776,0.0205,0.2201,0.4787,0.1653,0.2316
CUST1008268,2026-06,0.5511,0.3568,0.661,0.336,0.4173,0.0906
CUST1008269,2026-06,0.7463,0.4499,0.3504,0.4123,0.3729,0.2085
CUST1008270,2026-06,0.4396,0.4454,0.3425,0.3627,0.3993,0.2041
CUST1008271,2026-06,0.4308,0.405,0.3446,0.4082,0.2236,0.0512
CUST1008272,2026-06,0.2288,0.3218,0.2343,0.4143,0.583,0.0704999999999999
CUST1008273,2026-06,0.3714,0.1891,0.2993,0.3795,0.3515,0.2908
CUST1008274,2026-06,0.2187,0.01,0.0786,0.1705,0.2812,0.1303
CUST1008275,2026-06,0.6298,0.2201,0.2439,0.4918,0.2917,0.2099
CUST1008276,2026-06,0.4524,0.4194,0.3381,0.3227,0.3184,0.1682
CUST1008277,2026-06,0.3948,0.2341,0.0537,0.282,0.0626,0.2828
CUST1008278,2026-06,0.2551,0.0782,0.3389,0.2883,0.2222,0.687
CUST1008279,2026-06,0.381,0.204,0.1608,0.3131,0.1766,0.2086
CUST1008280,2026-06,0.1901,0.153,0.0387,0.1434,0.1598,0.0224
CUST1008281,2026-06,0.4418,0.3799,0.433,0.3778,0.2744,0.2559
CUST1008282,2026-06,0.5525,0.4818,0.2776,0.3216,0.3304,0.0840999999999999
CUST1008283,2026-06,0.3086,0.3218,0.0862,0.1483,0.1786,0.2196
CUST1008284,2026-06,0.5179,0.4777,0.4592,0.4747,0.3514,0.1422
CUST1008285,2026-06,0.3267,0.0959,0.1392,0.437,0.1453,0.1428
CUST1008286,2026-06,0.4446,0.2674,0.2205,0.3166,0.3974,0.3681
CUST1008287,2026-06,0.6092,0.5338,0.4511,0.3505,0.5895,0.1897
CUST1008288,2026-06,0.4622,0.4513,0.3658,0.5705,0.1541,0.1041
CUST1008289,2026-06,0.1952,0.2138,0.246,0.3477,0.2259,0.5935
CUST1008290,2026-06,0.2407,0.457,0.553,0.3766,0.4371,0.1951
CUST1008291,2026-06,0.0157,0.1604,0.0855,0.167,0.1247,0.505
CUST1008292,2026-06,0.2013,0.01,0.2495,0.3267,0.5117,0.0553
CUST1008293,2026-06,0.4325,0.4633,0.2852,0.3681,0.4449,0.0859999999999999
CUST1008294,2026-06,0.2744,0.199,0.1077,0.1973,0.442,0.1211
CUST1008295,2026-06,0.3883,0.2683,0.18,0.501,0.3863,0.1258
CUST1008296,2026-06,0.1144,0.2599,0.2101,0.3022,0.5366,0.08
CUST1008297,2026-06,0.4523,0.3865,0.4566,0.5264,0.5102,0.1469
CUST1008298,2026-06,0.6278,0.4702,0.5412,0.4589,0.3245,0.2736
CUST1008299,2026-06,0.3045,0.4191,0.2325,0.1743,0.491,0.1806
CUST1008300,2026-06,0.6316,0.1514,0.4786,0.4109,0.2866,0.216
CUST1008301,2026-06,0.2581,0.4826,0.4537,0.2614,0.3475,0.1007
CUST1008302,2026-06,0.4196,0.2802,0.3104,0.4683,0.3083,0.2488
CUST1008303,2026-06,0.3256,0.5038,0.3092,0.4915,0.5124,0.1651
CUST1008304,2026-06,0.1578,0.4257,0.4744,0.4032,0.2519,0.271
CUST1008305,2026-06,0.1148,0.1924,0.1597,0.3467,0.4525,0.159
CUST1008306,2026-06,0.5723,0.2105,0.5232,0.4502,0.3361,0.2338
CUST1008307,2026-06,0.1226,0.3548,0.01,0.4129,0.3628,0.2129
CUST1008308,2026-06,0.6344,0.3979,0.2596,0.2785,0.3009,0.1135
CUST1008309,2026-06,0.6029,0.4049,0.4579,0.4592,0.1589,0.0464
CUST1008310,2026-06,0.5709,0.3981,0.3874,0.4702,0.2901,0.0685999999999999
CUST1008311,2026-06,0.3971,0.2882,0.1735,0.4969,0.44,0.3764
CUST1008312,2026-06,0.4213,0.4228,0.416,0.308,0.2674,0.2963
CUST1008313,2026-06,0.2183,0.0743999999999999,0.1929,0.1128,0.6874,0.2098
CUST1008314,2026-06,0.6367,0.2018,0.4107,0.1681,0.3304,0.2798
CUST1008315,2026-06,0.4187,0.5566,0.1979,0.4891,0.3664,0.1481
CUST1008316,2026-06,0.6845,0.2333,0.4414,0.5034,0.2516,0.1178
CUST1008317,2026-06,0.6169,0.2677,0.598,0.4048,0.2928,0.2626
CUST1008318,2026-06,0.0714999999999999,0.14,0.0585,0.2044,0.2187,0.3812
CUST1008319,2026-06,0.3876,0.3397,0.6605,0.3547,0.396,0.2823
CUST1008320,2026-06,0.4145,0.4402,0.2978,0.3913,0.3468,0.2091
CUST1008321,2026-06,0.42,0.4222,0.6148,0.438,0.3607,0.2982
CUST1008322,2026-06,0.6707,0.3635,0.425,0.4511,0.3628,0.2013
CUST1008323,2026-06,0.6895,0.4842,0.4583,0.5656,0.2744,0.1635
CUST1008324,2026-06,0.5458,0.547,0.493,0.4834,0.3826,0.1204
CUST1008325,2026-06,0.6341,0.2528,0.3816,0.4136,0.249,0.243
CUST1008326,2026-06,0.6019,0.427,0.3496,0.3801,0.4418,0.179
CUST1008327,2026-06,0.3166,0.5123,0.4488,0.2908,0.4057,0.0918
CUST1008328,2026-06,0.2588,0.3838,0.2943,0.2782,0.4351,0.1863
CUST1008329,2026-06,0.3173,0.2232,0.5152,0.4106,0.5086,0.1248
CUST1008330,2026-06,0.5616,0.3154,0.3672,0.2146,0.4597,0.2217
CUST1008331,2026-06,0.5323,0.3189,0.4761,0.3743,0.4154,0.1586
CUST1008332,2026-06,0.6169,0.2534,0.5188,0.4973,0.3447,0.1861
CUST1008333,2026-06,0.375,0.3169,0.1156,0.331,0.3205,0.228
CUST1008334,2026-06,0.5766,0.3099,0.4451,0.4687,0.3986,0.114
CUST1008335,2026-06,0.3598,0.2604,0.5237,0.4466,0.4146,0.2902
CUST1008336,2026-06,0.5154,0.5377,0.3973,0.1417,0.3991,0.1834
CUST1008337,2026-06,0.74,0.2648,0.3877,0.4957,0.2863,0.2489
CUST1008338,2026-06,0.5005,0.0937999999999999,0.2411,0.417,0.6728,0.0563
CUST1008339,2026-06,0.4117,0.3999,0.3743,0.6489,0.1944,0.5588
CUST1008340,2026-06,0.3451,0.5953,0.3707,0.1894,0.2709,0.1348
CUST1008341,2026-06,0.4987,0.4723,0.5982,0.2837,0.5701,0.164
CUST1008342,2026-06,0.6521,0.2741,0.5067,0.5561,0.1237,0.01
CUST1008343,2026-06,0.6127,0.4974,0.3921,0.4882,0.2699,0.1213
CUST1008344,2026-06,0.1587,0.3535,0.1506,0.1934,0.4677,0.1134
CUST1008345,2026-06,0.275,0.4162,0.4865,0.2791,0.2481,0.2293
CUST1008346,2026-06,0.4276,0.4412,0.5934,0.3526,0.3324,0.186
CUST1008347,2026-06,0.4905,0.345,0.4853,0.3782,0.327,0.0409
CUST1008348,2026-06,0.5918,0.2018,0.551,0.2351,0.1957,0.1265
CUST1008349,2026-06,0.489,0.5025,0.2898,0.2722,0.445,0.1386
CUST1008350,2026-06,0.3485,0.2743,0.4078,0.312,0.1968,0.2164
CUST1008351,2026-06,0.501,0.0147,0.1694,0.4778,0.3749,0.2383
CUST1008352,2026-06,0.3902,0.3444,0.3301,0.2774,0.3509,0.4922
CUST1008353,2026-06,0.2666,0.277,0.1609,0.2236,0.3094,0.0932
CUST1008354,2026-06,0.5393,0.4532,0.3839,0.443,0.3889,0.2012
CUST1008355,2026-06,0.3969,0.4624,0.4642,0.262,0.2818,0.105
CUST1008356,2026-06,0.6493,0.1572,0.0618,0.4258,0.3918,0.2585
CUST1008357,2026-06,0.5158,0.2128,0.3927,0.1284,0.6794,0.2714
CUST1008358,2026-06,0.2901,0.3253,0.0376,0.3263,0.2754,0.2178
CUST1008359,2026-06,0.5131,0.2988,0.7775,0.4025,0.2483,0.275
CUST1008360,2026-06,0.4377,0.2794,0.1285,0.1254,0.4252,0.2087
CUST1008361,2026-06,0.4258,0.01,0.4476,0.2882,0.4875,0.0352
CUST1008362,2026-06,0.3763,0.2531,0.1763,0.4946,0.4672,0.2118
CUST1008363,2026-06,0.1609,0.0888,0.3041,0.2343,0.4638,0.2291
CUST1008364,2026-06,0.5653,0.3624,0.369,0.5045,0.289,0.1338
CUST1008365,2026-06,0.6642,0.3276,0.3809,0.4797,0.3792,0.0830999999999999
CUST1008366,2026-06,0.3114,0.1387,0.1852,0.3404,0.2409,0.2858
CUST1008367,2026-06,0.6924,0.2362,0.5094,0.3502,0.2569,0.0772
CUST1008368,2026-06,0.7033,0.3243,0.3711,0.432,0.3168,0.2586
CUST1008369,2026-06,0.3363,0.347,0.3608,0.5226,0.3192,0.5223
CUST1008370,2026-06,0.348,0.4242,0.2226,0.3087,0.5228,0.0695
CUST1008371,2026-06,0.6011,0.2705,0.4737,0.3572,0.7254,0.2449
CUST1008372,2026-06,0.5821,0.386,0.3369,0.3746,0.422,0.0959
CUST1008373,2026-06,0.1691,0.3022,0.1839,0.2784,0.2872,0.144
CUST1008374,2026-06,0.6883,0.3246,0.6873,0.3195,0.2133,0.047
CUST1008375,2026-06,0.4519,0.196,0.5509,0.3766,0.6051,0.1472
CUST1008376,2026-06,0.4038,0.2966,0.1224,0.3866,0.2707,0.229
CUST1008377,2026-06,0.4776,0.2624,0.4062,0.2884,0.2518,0.2179
CUST1008378,2026-06,0.5407,0.6111,0.3419,0.4156,0.3269,0.2275
CUST1008379,2026-06,0.6311,0.261,0.5989,0.3514,0.3347,0.0232
CUST1008380,2026-06,0.3181,0.1318,0.1217,0.3061,0.2129,0.2271
CUST1008381,2026-06,0.6947,0.2466,0.3243,0.0633,0.1484,0.2747
CUST1008382,2026-06,0.4522,0.2207,0.2974,0.2887,0.269,0.5526
CUST1008383,2026-06,0.592,0.319,0.4933,0.2795,0.4394,0.1103
CUST1008384,2026-06,0.6065,0.1816,0.4576,0.4653,0.2166,0.215
CUST1008385,2026-06,0.1943,0.3545,0.467,0.2028,0.2886,0.076
CUST1008386,2026-06,0.3207,0.2667,0.4221,0.3947,0.3492,0.01
CUST1008387,2026-06,0.5649,0.4686,0.4792,0.4322,0.4392,0.0782
CUST1008388,2026-06,0.4503,0.2915,0.3397,0.1123,0.6607,0.0281
CUST1008389,2026-06,0.355,0.266,0.5899,0.1853,0.3859,0.2725
CUST1008390,2026-06,0.3039,0.1517,0.2603,0.1473,0.2506,0.1991
CUST1008391,2026-06,0.2397,0.132,0.1671,0.1874,0.2287,0.192
CUST1008392,2026-06,0.1448,0.3948,0.4386,0.1046,0.1347,0.2822
CUST1008393,2026-06,0.6635,0.0959,0.4853,0.3746,0.2413,0.2365
CUST1008394,2026-06,0.5808,0.6585,0.6559,0.5536,0.4232,0.1399
CUST1008395,2026-06,0.4675,0.3335,0.4562,0.5081,0.3388,0.0659
CUST1008396,2026-06,0.3359,0.2028,0.106,0.36,0.2912,0.1573
CUST1008397,2026-06,0.1309,0.2969,0.0366,0.1617,0.3384,0.1534
CUST1008398,2026-06,0.5612,0.2444,0.3709,0.4278,0.1263,0.2149
CUST1008399,2026-06,0.2238,0.3532,0.1859,0.2961,0.413,0.0792
CUST1008400,2026-06,0.5397,0.31,0.0155,0.4094,0.2805,0.1554
CUST1008401,2026-06,0.2048,0.01,0.01,0.3434,0.1005,0.5468
CUST1008402,2026-06,0.5776,0.0914,0.1611,0.3662,0.196,0.2271
CUST1008403,2026-06,0.6681,0.09,0.4762,0.4474,0.4146,0.3183
CUST1008404,2026-06,0.3356,0.1893,0.3523,0.3855,0.7373,0.0365
CUST1008405,2026-06,0.7014,0.0669,0.2656,0.5936,0.2823,0.1854
CUST1008406,2026-06,0.4148,0.312,0.6598,0.4728,0.3176,0.1629
CUST1008407,2026-06,0.4808,0.543,0.5206,0.343,0.3765,0.2406
CUST1008408,2026-06,0.0554,0.01,0.4477,0.0785,0.3675,0.2346
CUST1008409,2026-06,0.4487,0.6222,0.556,0.4283,0.391,0.1606
CUST1008410,2026-06,0.2005,0.4026,0.0413,0.3704,0.3123,0.01
CUST1008411,2026-06,0.2967,0.2729,0.137,0.1049,0.389,0.2791
CUST1008412,2026-06,0.5651,0.3056,0.2462,0.4971,0.2182,0.4948
CUST1008413,2026-06,0.7672,0.3917,0.3275,0.396,0.4994,0.2249
CUST1008414,2026-06,0.5798,0.0863,0.0571,0.2782,0.2464,0.2958
CUST1008415,2026-06,0.5621,0.5522,0.5679,0.4051,0.2368,0.0823
CUST1008416,2026-06,0.4041,0.1906,0.0467,0.5302,0.3102,0.6967
CUST1008417,2026-06,0.1965,0.1805,0.1704,0.3823,0.2944,0.2931
CUST1008418,2026-06,0.45,0.4481,0.2615,0.3037,0.2009,0.5037
CUST1008419,2026-06,0.6316,0.3285,0.2004,0.4877,0.2673,0.1559
CUST1008420,2026-06,0.6659,0.2746,0.2944,0.4654,0.3509,0.2042
CUST1008421,2026-06,0.7715,0.3098,0.3001,0.443,0.3417,0.1424
CUST1008422,2026-06,0.491,0.3869,0.4649,0.2664,0.6266,0.01
CUST1008423,2026-06,0.3719,0.4851,0.6046,0.5154,0.3607,0.2597
CUST1008424,2026-06,0.5621,0.1948,0.4636,0.5541,0.2601,0.1782
CUST1008425,2026-06,0.4122,0.4354,0.5397,0.3561,0.1373,0.3122
CUST1008426,2026-06,0.3677,0.4425,0.4827,0.3942,0.3594,0.0801999999999999
CUST1008427,2026-06,0.3499,0.2662,0.2385,0.3387,0.5367,0.2218
CUST1008428,2026-06,0.4279,0.1846,0.4507,0.3078,0.4547,0.0874
CUST1008429,2026-06,0.3983,0.01,0.2272,0.0396,0.2399,0.2348
CUST1008430,2026-06,0.3492,0.01,0.1657,0.1476,0.2614,0.2998
CUST1008431,2026-06,0.01,0.01,0.0456,0.1743,0.3956,0.3511
CUST1008432,2026-06,0.3145,0.1808,0.2096,0.234,0.304,0.3063
CUST1008433,2026-06,0.2882,0.2437,0.0961999999999999,0.3938,0.3926,0.2278
CUST1008434,2026-06,0.3396,0.398,0.3961,0.3085,0.3262,0.5786
CUST1008435,2026-06,0.3732,0.2922,0.5242,0.5615,0.4722,0.1696
CUST1008436,2026-06,0.2016,0.1804,0.129,0.1854,0.3331,0.3702
CUST1008437,2026-06,0.3602,0.4648,0.4261,0.2936,0.3013,0.1303
CUST1008438,2026-06,0.0813,0.1987,0.3047,0.337,0.1657,0.4885
CUST1008439,2026-06,0.1512,0.233,0.1564,0.079,0.5532,0.2854
CUST1008440,2026-06,0.3766,0.3524,0.4186,0.2198,0.2701,0.1414
CUST1008441,2026-06,0.5365,0.3853,0.3391,0.4603,0.4927,0.2086
CUST1008442,2026-06,0.5528,0.218,0.3033,0.3476,0.1282,0.7265
CUST1008443,2026-06,0.4259,0.103,0.2373,0.341,0.1533,0.5767
CUST1008444,2026-06,0.3363,0.2795,0.2935,0.1721,0.245,0.1559
CUST1008445,2026-06,0.1764,0.3071,0.0513,0.107,0.5454,0.0828
CUST1008446,2026-06,0.3544,0.1072,0.2079,0.3433,0.3432,0.1743
CUST1008447,2026-06,0.1638,0.3139,0.0651,0.0199,0.3825,0.2061
CUST1008448,2026-06,0.2344,0.331,0.2715,0.5055,0.2283,0.1177
CUST1008449,2026-06,0.5724,0.4964,0.495,0.4997,0.4315,0.1407
CUST1008450,2026-06,0.5454,0.4848,0.3619,0.5883,0.4176,0.2758
CUST1008451,2026-06,0.5011,0.2939,0.2698,0.3902,0.229,0.6299
CUST1008452,2026-06,0.4423,0.4168,0.5047,0.4193,0.6138,0.1442
CUST1008453,2026-06,0.3303,0.3181,0.387,0.135,0.2906,0.5724
CUST1008454,2026-06,0.3899,0.0441,0.2112,0.2365,0.1401,0.2158
CUST1008455,2026-06,0.4369,0.3183,0.3228,0.3391,0.2493,0.1035
CUST1008456,2026-06,0.3783,0.5524,0.6084,0.0742,0.5524,0.117
CUST1008457,2026-06,0.2013,0.2835,0.2342,0.2777,0.2471,0.157
CUST1008458,2026-06,0.7236,0.1617,0.4978,0.4355,0.3952,0.1729
CUST1008459,2026-06,0.3423,0.3445,0.182,0.3313,0.3026,0.1718
CUST1008460,2026-06,0.4297,0.3587,0.5751,0.3199,0.5106,0.2757
CUST1008461,2026-06,0.3842,0.3457,0.5585,0.4027,0.4113,0.141
CUST1008462,2026-06,0.5276,0.1265,0.3461,0.5033,0.2321,0.5923
CUST1008463,2026-06,0.6158,0.4136,0.5159,0.424,0.2751,0.0656999999999999
CUST1008464,2026-06,0.4412,0.5252,0.2771,0.4674,0.1895,0.1899
CUST1008465,2026-06,0.5883,0.0332,0.4446,0.1306,0.2299,0.1898
CUST1008466,2026-06,0.6098,0.432,0.2254,0.3691,0.1933,0.1312
CUST1008467,2026-06,0.3509,0.512,0.4414,0.5606,0.2687,0.1472
CUST1008468,2026-06,0.3049,0.5236,0.4976,0.5325,0.2558,0.074
CUST1008469,2026-06,0.1492,0.3171,0.2068,0.2772,0.2119,0.5875
CUST1008470,2026-06,0.4146,0.4615,0.3869,0.2202,0.4949,0.2901
CUST1008471,2026-06,0.4698,0.425,0.271,0.2629,0.3833,0.1087
CUST1008472,2026-06,0.1848,0.2029,0.2184,0.3561,0.7001,0.2453
CUST1008473,2026-06,0.3831,0.1592,0.1871,0.3338,0.1213,0.1041
CUST1008474,2026-06,0.5166,0.3641,0.5809,0.4672,0.3242,0.2662
CUST1008475,2026-06,0.729,0.0596,0.3653,0.4826,0.247,0.201
CUST1008476,2026-06,0.4589,0.5233,0.4763,0.3991,0.277,0.1886
CUST1008477,2026-06,0.6831,0.2256,0.4361,0.4208,0.3516,0.323
CUST1008478,2026-06,0.358,0.4622,0.4209,0.1233,0.3649,0.2105
CUST1008479,2026-06,0.4229,0.4616,0.4743,0.5429,0.4314,0.2051
CUST1008480,2026-06,0.7569,0.486,0.4532,0.5492,0.3845,0.1299
CUST1008481,2026-06,0.3653,0.3456,0.3343,0.1248,0.3419,0.1372
CUST1008482,2026-06,0.1083,0.2446,0.138,0.1523,0.4014,0.0888
CUST1008483,2026-06,0.6437,0.3683,0.5132,0.4136,0.2676,0.2544
CUST1008484,2026-06,0.3082,0.1542,0.01,0.3445,0.4822,0.1788
CUST1008485,2026-06,0.2405,0.3394,0.2999,0.5242,0.3119,0.2382
CUST1008486,2026-06,0.25,0.3706,0.3111,0.4603,0.1991,0.4958
CUST1008487,2026-06,0.5879,0.456,0.3946,0.4948,0.3109,0.1115
CUST1008488,2026-06,0.2197,0.01,0.2183,0.197,0.6213,0.2505
CUST1008489,2026-06,0.3349,0.1687,0.2063,0.5117,0.3862,0.0964
CUST1008490,2026-06,0.2431,0.2225,0.2406,0.3042,0.584,0.2621
CUST1008491,2026-06,0.7368,0.4491,0.3618,0.6266,0.345,0.2308
CUST1008492,2026-06,0.2548,0.0582,0.0745,0.3322,0.4088,0.1276
CUST1008493,2026-06,0.4769,0.4993,0.4062,0.3704,0.4621,0.1884
CUST1008494,2026-06,0.38,0.1447,0.3734,0.4665,0.4158,0.2455
CUST1008495,2026-06,0.4402,0.1055,0.3424,0.2239,0.1695,0.1638
CUST1008496,2026-06,0.1728,0.2304,0.0283,0.4254,0.6164,0.1158
CUST1008497,2026-06,0.7226,0.1563,0.2404,0.409,0.3661,0.1566
CUST1008498,2026-06,0.3185,0.4254,0.4208,0.2545,0.4219,0.0738
CUST1008499,2026-06,0.4506,0.4558,0.7554,0.3853,0.3657,0.01
CUST1008500,2026-06,0.6293,0.1909,0.2659,0.4223,0.3198,0.3041
CUST1008501,2026-06,0.3832,0.3489,0.4918,0.3428,0.3299,0.1537
CUST1008502,2026-06,0.3324,0.3556,0.534,0.3611,0.3293,0.0573
CUST1008503,2026-06,0.294,0.3391,0.01,0.1463,0.5933,0.0819
CUST1008504,2026-06,0.6522,0.4553,0.316,0.1611,0.1753,0.2373
CUST1008505,2026-06,0.725,0.1582,0.5182,0.298,0.2219,0.01
CUST1008506,2026-06,0.379,0.032,0.2901,0.3882,0.3298,0.6186
CUST1008507,2026-06,0.4332,0.01,0.1426,0.3615,0.3748,0.1664
CUST1008508,2026-06,0.3835,0.3213,0.4904,0.3359,0.4205,0.14
CUST1008509,2026-06,0.4391,0.01,0.1275,0.3715,0.2694,0.1349
CUST1008510,2026-06,0.5566,0.4782,0.4169,0.6057,0.428,0.1364
CUST1008511,2026-06,0.3087,0.3958,0.3105,0.4841,0.2556,0.2971
CUST1008512,2026-06,0.4264,0.3318,0.4809,0.3386,0.2791,0.0873
CUST1008513,2026-06,0.4862,0.1384,0.5334,0.4675,0.2718,0.2376
CUST1008514,2026-06,0.2845,0.1429,0.2773,0.4721,0.2554,0.2474
CUST1008515,2026-06,0.402,0.4344,0.4834,0.216,0.2921,0.1939
CUST1008516,2026-06,0.3968,0.1542,0.2459,0.3069,0.0827,0.6134
CUST1008517,2026-06,0.3785,0.1902,0.2676,0.3175,0.4307,0.0567
CUST1008518,2026-06,0.5508,0.4246,0.5738,0.4754,0.5894,0.1968
CUST1008519,2026-06,0.1076,0.1059,0.309,0.5721,0.317,0.1151
CUST1008520,2026-06,0.3186,0.0174,0.01,0.2294,0.304,0.3062
CUST1008521,2026-06,0.2163,0.0285,0.1689,0.271,0.4444,0.1616
CUST1008522,2026-06,0.2089,0.1302,0.1845,0.5858,0.1644,0.1255
CUST1008523,2026-06,0.1769,0.0851,0.5366,0.2576,0.1794,0.0402
CUST1008524,2026-06,0.3293,0.5012,0.3328,0.5708,0.2391,0.297
CUST1008525,2026-06,0.4085,0.4999,0.5233,0.3277,0.4659,0.1855
CUST1008526,2026-06,0.5209,0.2996,0.366,0.4347,0.3458,0.1278
CUST1008527,2026-06,0.1969,0.1639,0.2105,0.3557,0.1948,0.188
CUST1008528,2026-06,0.1197,0.0767,0.2664,0.3071,0.544,0.0901
CUST1008529,2026-06,0.7614,0.3807,0.4205,0.3806,0.3317,0.1992
CUST1008530,2026-06,0.3874,0.2778,0.0917,0.4096,0.4143,0.2279
CUST1008531,2026-06,0.2273,0.198,0.1508,0.3698,0.1186,0.2449
CUST1008532,2026-06,0.4799,0.01,0.0881,0.3493,0.2791,0.2691
CUST1008533,2026-06,0.5493,0.3805,0.4314,0.3919,0.2769,0.2201
CUST1008534,2026-06,0.6031,0.5522,0.3374,0.4241,0.3756,0.1865
CUST1008535,2026-06,0.495,0.4529,0.4211,0.5666,0.2735,0.2284
CUST1008536,2026-06,0.4594,0.3738,0.6997,0.3631,0.4247,0.1755
CUST1008537,2026-06,0.7128,0.1519,0.5666,0.498,0.3078,0.2028
CUST1008538,2026-06,0.5551,0.2079,0.5472,0.2842,0.1641,0.1924
CUST1008539,2026-06,0.4369,0.3998,0.5097,0.4134,0.3494,0.1268
CUST1008540,2026-06,0.3498,0.4635,0.259,0.4301,0.2652,0.2436
CUST1008541,2026-06,0.508,0.3374,0.4734,0.237,0.4499,0.1283
CUST1008542,2026-06,0.381,0.4428,0.4711,0.2713,0.2867,0.5154
CUST1008543,2026-06,0.2666,0.01,0.2036,0.01,0.2038,0.2619
CUST1008544,2026-06,0.2532,0.4343,0.4443,0.2274,0.4056,0.1674
CUST1008545,2026-06,0.4109,0.4512,0.5687,0.3704,0.4235,0.2169
CUST1008546,2026-06,0.3709,0.3722,0.4712,0.4746,0.3813,0.1877
CUST1008547,2026-06,0.2408,0.2831,0.1772,0.3622,0.4086,0.1122
CUST1008548,2026-06,0.4503,0.4159,0.6855,0.6091,0.3487,0.186
CUST1008549,2026-06,0.4312,0.4526,0.3186,0.4291,0.3537,0.0474
CUST1008550,2026-06,0.5416,0.5222,0.3263,0.4518,0.5043,0.1301
CUST1008551,2026-06,0.3772,0.5021,0.4254,0.4934,0.3015,0.6529
CUST1008552,2026-06,0.4312,0.01,0.2018,0.3124,0.1263,0.5721
CUST1008553,2026-06,0.3719,0.0403,0.2716,0.3862,0.2809,0.2411
CUST1008554,2026-06,0.2004,0.282,0.1491,0.167,0.3563,0.0301
CUST1008555,2026-06,0.4891,0.1319,0.3535,0.4951,0.2099,0.0988
CUST1008556,2026-06,0.7018,0.3085,0.3721,0.3539,0.3862,0.2553
CUST1008557,2026-06,0.6486,0.1914,0.3176,0.3739,0.1986,0.2546
CUST1008558,2026-06,0.6593,0.4816,0.4604,0.4128,0.3918,0.3254
CUST1008559,2026-06,0.3573,0.3285,0.2819,0.2017,0.4266,0.5642
CUST1008560,2026-06,0.4112,0.3532,0.1395,0.2465,0.3971,0.1751
CUST1008561,2026-06,0.185,0.01,0.1546,0.2346,0.5336,0.1324
CUST1008562,2026-06,0.636,0.4454,0.4436,0.5341,0.429,0.3071
CUST1008563,2026-06,0.5511,0.2031,0.0811,0.4831,0.4168,0.1063
CUST1008564,2026-06,0.3958,0.0436,0.0513,0.0680999999999999,0.1155,0.5896
CUST1008565,2026-06,0.4172,0.01,0.1299,0.4102,0.2918,0.3183
CUST1008566,2026-06,0.318,0.01,0.0756,0.2411,0.1879,0.1883
CUST1008567,2026-06,0.4791,0.4933,0.6404,0.2447,0.4558,0.0555
CUST1008568,2026-06,0.1633,0.0869,0.096,0.1811,0.3913,0.1951
CUST1008569,2026-06,0.1471,0.3695,0.3228,0.2102,0.5012,0.1258
CUST1008570,2026-06,0.4913,0.1968,0.4951,0.3456,0.4864,0.2313
CUST1008571,2026-06,0.3515,0.4346,0.4653,0.3036,0.3657,0.1235
CUST1008572,2026-06,0.6704,0.5623,0.3813,0.4254,0.1867,0.3298
CUST1008573,2026-06,0.8556,0.4086,0.4124,0.4709,0.4035,0.2349
CUST1008574,2026-06,0.4993,0.3769,0.388,0.3992,0.335,0.1027
CUST1008575,2026-06,0.6847,0.4939,0.4902,0.201,0.3255,0.2564
CUST1008576,2026-06,0.3413,0.4054,0.4079,0.5533,0.2029,0.2842
CUST1008577,2026-06,0.2708,0.2949,0.1579,0.3763,0.4336,0.2015
CUST1008578,2026-06,0.6346,0.383,0.3546,0.3392,0.3789,0.1426
CUST1008579,2026-06,0.2868,0.2823,0.2743,0.3019,0.2169,0.2991
CUST1008580,2026-06,0.4415,0.01,0.1723,0.3568,0.2336,0.2079
CUST1008581,2026-06,0.2494,0.4682,0.4386,0.2499,0.3851,0.2579
CUST1008582,2026-06,0.4496,0.0323,0.2368,0.3639,0.4553,0.2941
CUST1008583,2026-06,0.5435,0.2489,0.2327,0.1748,0.2051,0.2738
CUST1008584,2026-06,0.3567,0.0855,0.1303,0.2779,0.0855,0.197
CUST1008585,2026-06,0.4784,0.3857,0.5355,0.3751,0.1961,0.1151
CUST1008586,2026-06,0.4651,0.4837,0.5692,0.2774,0.302,0.1939
CUST1008587,2026-06,0.4864,0.1751,0.3508,0.1892,0.2239,0.2266
CUST1008588,2026-06,0.5992,0.0621,0.3194,0.2631,0.1979,0.1764
CUST1008589,2026-06,0.5007,0.557,0.3078,0.3834,0.3521,0.1737
CUST1008590,2026-06,0.4488,0.107,0.2235,0.4383,0.539,0.2441
CUST1008591,2026-06,0.4534,0.3912,0.69,0.5477,0.3068,0.2279
CUST1008592,2026-06,0.4595,0.4891,0.2673,0.4409,0.2165,0.1423
CUST1008593,2026-06,0.6476,0.3069,0.4039,0.4061,0.1888,0.2627
CUST1008594,2026-06,0.4776,0.4289,0.4923,0.3765,0.3703,0.0868
CUST1008595,2026-06,0.3379,0.4971,0.5055,0.3968,0.4397,0.3136
CUST1008596,2026-06,0.3827,0.483,0.5475,0.5973,0.402,0.1449
CUST1008597,2026-06,0.3659,0.4924,0.4104,0.5527,0.3622,0.0329
CUST1008598,2026-06,0.5659,0.4738,0.4939,0.5332,0.3096,0.039
CUST1008599,2026-06,0.3575,0.3724,0.5428,0.4391,0.3858,0.1122
CUST1008600,2026-06,0.368,0.3485,0.2978,0.5081,0.3755,0.1617
CUST1008601,2026-06,0.4857,0.4942,0.5382,0.6833,0.3259,0.0866
CUST1008602,2026-06,0.2779,0.0376,0.2014,0.2003,0.3599,0.1252
CUST1008603,2026-06,0.3452,0.3484,0.2418,0.382,0.6538,0.1264
CUST1008604,2026-06,0.5785,0.264,0.4776,0.4587,0.3021,0.1811
CUST1008605,2026-06,0.5334,0.4642,0.7925,0.4502,0.384,0.1902
CUST1008606,2026-06,0.4375,0.4331,0.3317,0.6082,0.3229,0.2017
CUST1008607,2026-06,0.622,0.4074,0.4972,0.2687,0.1785,0.2078
CUST1008608,2026-06,0.4283,0.01,0.2681,0.3635,0.3846,0.3013
CUST1008609,2026-06,0.3259,0.3627,0.4084,0.5405,0.5284,0.2984
CUST1008610,2026-06,0.3126,0.1261,0.1859,0.194,0.1247,0.2968
CUST1008611,2026-06,0.1812,0.1948,0.2652,0.3056,0.3433,0.2255
CUST1008612,2026-06,0.5248,0.0302,0.2456,0.261,0.5746,0.1909
CUST1008613,2026-06,0.5879,0.4257,0.2388,0.0551,0.3792,0.1151
CUST1008614,2026-06,0.5607,0.3964,0.42,0.3304,0.2841,0.0719
CUST1008615,2026-06,0.6761,0.09,0.49,0.1142,0.3009,0.2279
CUST1008616,2026-06,0.5632,0.2006,0.3998,0.1631,0.3527,0.2643
CUST1008617,2026-06,0.4393,0.4871,0.3595,0.4025,0.5398,0.2014
CUST1008618,2026-06,0.5582,0.4452,0.4226,0.3438,0.2563,0.0274
CUST1008619,2026-06,0.4119,0.4093,0.5103,0.3088,0.3174,0.2423
CUST1008620,2026-06,0.3262,0.5346,0.202,0.4292,0.4037,0.5569
CUST1008621,2026-06,0.4304,0.0994,0.0680999999999999,0.2672,0.2459,0.1581
CUST1008622,2026-06,0.4518,0.4888,0.4924,0.1318,0.3303,0.1944
CUST1008623,2026-06,0.5206,0.4403,0.2563,0.369,0.374,0.2191
CUST1008624,2026-06,0.6958,0.4211,0.5524,0.5133,0.2475,0.0658
CUST1008625,2026-06,0.6783,0.2486,0.2846,0.3613,0.2163,0.2264
CUST1008626,2026-06,0.4177,0.1788,0.6249,0.1428,0.1629,0.1667
CUST1008627,2026-06,0.4095,0.3264,0.3382,0.2414,0.1621,0.1878
CUST1008628,2026-06,0.2084,0.3802,0.268,0.2838,0.1517,0.1386
CUST1008629,2026-06,0.2848,0.01,0.2336,0.3731,0.4891,0.1931
CUST1008630,2026-06,0.2143,0.2478,0.3656,0.2997,0.2497,0.3015
CUST1008631,2026-06,0.685,0.0617,0.3922,0.4185,0.2792,0.1982
CUST1008632,2026-06,0.3853,0.2649,0.3527,0.5206,0.3914,0.1335
CUST1008633,2026-06,0.3109,0.2284,0.3704,0.3552,0.3698,0.0577
CUST1008634,2026-06,0.4208,0.1095,0.1323,0.242,0.2296,0.0771
CUST1008635,2026-06,0.2489,0.0526,0.01,0.1018,0.2577,0.3274
CUST1008636,2026-06,0.5523,0.4521,0.402,0.6134,0.3087,0.1388
CUST1008637,2026-06,0.691,0.3428,0.5139,0.2447,0.2824,0.0717
CUST1008638,2026-06,0.6116,0.3524,0.4765,0.3021,0.3866,0.0216
CUST1008639,2026-06,0.6828,0.0814,0.3352,0.0471,0.2356,0.1473
CUST1008640,2026-06,0.6179,0.4445,0.5058,0.4501,0.2437,0.2608
CUST1008641,2026-06,0.4863,0.327,0.4119,0.4395,0.4475,0.2122
CUST1008642,2026-06,0.0992,0.424,0.3297,0.1262,0.245,0.3102
CUST1008643,2026-06,0.1696,0.433,0.0873,0.1172,0.4896,0.1652
CUST1008644,2026-06,0.6498,0.1588,0.4468,0.4714,0.495,0.1458
CUST1008645,2026-06,0.3611,0.2423,0.383,0.1784,0.3239,0.6151
CUST1008646,2026-06,0.6411,0.3676,0.3213,0.2276,0.1978,0.1648
CUST1008647,2026-06,0.5402,0.4014,0.4301,0.102,0.4326,0.1522
CUST1008648,2026-06,0.5903,0.2674,0.3395,0.4987,0.2531,0.254
CUST1008649,2026-06,0.5364,0.244,0.2977,0.3991,0.115,0.1184
CUST1008650,2026-06,0.6491,0.0611,0.4596,0.1595,0.1923,0.2225
CUST1008651,2026-06,0.4046,0.3325,0.1727,0.3821,0.2828,0.2158
CUST1008652,2026-06,0.2275,0.361,0.1697,0.2905,0.5172,0.0173
CUST1008653,2026-06,0.4893,0.1545,0.4877,0.4481,0.3391,0.1931
CUST1008654,2026-06,0.7421,0.017,0.381,0.4982,0.2889,0.2423
CUST1008655,2026-06,0.5477,0.2925,0.4362,0.0942999999999999,0.2176,0.2463
CUST1008656,2026-06,0.6372,0.0891,0.2605,0.3204,0.2737,0.1877
CUST1008657,2026-06,0.5321,0.3438,0.2217,0.519,0.4472,0.2631
CUST1008658,2026-06,0.1876,0.4947,0.0363,0.2809,0.2904,0.0794
CUST1008659,2026-06,0.6517,0.4647,0.6145,0.3434,0.5511,0.124
CUST1008660,2026-06,0.1374,0.3115,0.0675999999999999,0.3607,0.5761,0.1023
CUST1008661,2026-06,0.2309,0.211,0.2427,0.3485,0.4536,0.2537
CUST1008662,2026-06,0.2882,0.2876,0.2984,0.1414,0.2286,0.1309
CUST1008663,2026-06,0.4438,0.2027,0.0782999999999999,0.3581,0.2614,0.2025
CUST1008664,2026-06,0.2907,0.2681,0.1647,0.3143,0.4814,0.1349
CUST1008665,2026-06,0.4492,0.1579,0.2826,0.2658,0.2901,0.01
CUST1008666,2026-06,0.3915,0.3387,0.348,0.3441,0.2257,0.1619
CUST1008667,2026-06,0.6836,0.044,0.4205,0.2639,0.2367,0.1391
CUST1008668,2026-06,0.5687,0.414,0.2714,0.3742,0.1945,0.2522
CUST1008669,2026-06,0.3489,0.0525,0.0178,0.2029,0.1498,0.1057
CUST1008670,2026-06,0.1171,0.1188,0.1103,0.135,0.3638,0.047
CUST1008671,2026-06,0.3346,0.1828,0.0878,0.4089,0.5506,0.1471
CUST1008672,2026-06,0.5182,0.3541,0.2738,0.5885,0.1819,0.3383
CUST1008673,2026-06,0.0738,0.0776,0.083,0.2587,0.3298,0.2806
CUST1008674,2026-06,0.6054,0.2467,0.5337,0.4408,0.2163,0.1933
CUST1008675,2026-06,0.513,0.2652,0.3953,0.4209,0.2176,0.3011
CUST1008676,2026-06,0.4963,0.1717,0.2974,0.1171,0.7099,0.2024
CUST1008677,2026-06,0.5573,0.0932,0.0575,0.5057,0.2793,0.2355
CUST1008678,2026-06,0.7532,0.3872,0.324,0.3342,0.2494,0.1304
CUST1008679,2026-06,0.3691,0.0782999999999999,0.1421,0.3262,0.2901,0.2738
CUST1008680,2026-06,0.3654,0.5543,0.4881,0.3393,0.2302,0.2596
CUST1008681,2026-06,0.5049,0.1922,0.2647,0.1734,0.4829,0.1313
CUST1008682,2026-06,0.3079,0.2561,0.0932,0.0712,0.3229,0.211
CUST1008683,2026-06,0.2319,0.01,0.3707,0.2865,0.2074,0.714
CUST1008684,2026-06,0.2177,0.3127,0.4298,0.4498,0.2021,0.2059
CUST1008685,2026-06,0.2635,0.2546,0.2971,0.2801,0.0702,0.6157
CUST1008686,2026-06,0.4385,0.1411,0.3826,0.4007,0.2588,0.2036
CUST1008687,2026-06,0.3686,0.247,0.3087,0.2547,0.2331,0.2891
CUST1008688,2026-06,0.431,0.3548,0.4203,0.2181,0.5498,0.2432
CUST1008689,2026-06,0.3762,0.24,0.3852,0.2924,0.5003,0.2388
CUST1008690,2026-06,0.636,0.331,0.2525,0.4341,0.2139,0.1564
CUST1008691,2026-06,0.6446,0.3049,0.5104,0.5185,0.1988,0.0694
CUST1008692,2026-06,0.5304,0.3483,0.4546,0.4558,0.2931,0.0627
CUST1008693,2026-06,0.2568,0.3741,0.1969,0.1904,0.3742,0.1919
CUST1008694,2026-06,0.6107,0.095,0.4877,0.1792,0.3632,0.2081
CUST1008695,2026-06,0.5072,0.1671,0.3954,0.3017,0.3281,0.2416
CUST1008696,2026-06,0.5989,0.1604,0.3702,0.396,0.3564,0.1385
CUST1008697,2026-06,0.6079,0.033,0.4601,0.2647,0.2301,0.0742
CUST1008698,2026-06,0.2618,0.4391,0.3468,0.2884,0.3934,0.1798
CUST1008699,2026-06,0.4076,0.3066,0.5261,0.3461,0.3639,0.0198
CUST1008700,2026-06,0.4743,0.3528,0.3877,0.3982,0.4277,0.3305
CUST1008701,2026-06,0.1444,0.3392,0.2343,0.4104,0.2986,0.1796
CUST1008702,2026-06,0.3248,0.3247,0.5585,0.1935,0.4671,0.1446
CUST1008703,2026-06,0.5406,0.166,0.306,0.0417,0.4194,0.2049
CUST1008704,2026-06,0.3499,0.2317,0.4447,0.3546,0.5732,0.6382
CUST1008705,2026-06,0.2958,0.2009,0.0438,0.5323,0.3288,0.1762
CUST1008706,2026-06,0.5724,0.5775,0.4912,0.4896,0.2292,0.2488
CUST1008707,2026-06,0.6252,0.4858,0.559,0.3402,0.4375,0.0601
CUST1008708,2026-06,0.3865,0.4625,0.4002,0.4261,0.265,0.1002
CUST1008709,2026-06,0.3743,0.5293,0.6078,0.4446,0.3358,0.1292
CUST1008710,2026-06,0.3967,0.4204,0.4176,0.6029,0.543,0.1559
CUST1008711,2026-06,0.1847,0.1192,0.1699,0.1624,0.26,0.1844
CUST1008712,2026-06,0.6404,0.175,0.4225,0.4021,0.1798,0.2124
CUST1008713,2026-06,0.3432,0.1983,0.1496,0.3595,0.4497,0.2819
CUST1008714,2026-06,0.3718,0.3548,0.5451,0.3523,0.4048,0.1176
CUST1008715,2026-06,0.3771,0.4502,0.6447,0.2821,0.3179,0.2617
CUST1008716,2026-06,0.5831,0.3821,0.5859,0.4218,0.1679,0.1827
CUST1008717,2026-06,0.6564,0.5404,0.5462,0.5341,0.4139,0.1491
CUST1008718,2026-06,0.7422,0.2299,0.3215,0.4275,0.4253,0.0575
CUST1008719,2026-06,0.225,0.0666,0.2247,0.4217,0.5293,0.212
CUST1008720,2026-06,0.3048,0.4548,0.3607,0.2553,0.2895,0.3025
CUST1008721,2026-06,0.5749,0.6105,0.6563,0.1522,0.4648,0.2096
CUST1008722,2026-06,0.5131,0.1426,0.415,0.2081,0.1936,0.0724
CUST1008723,2026-06,0.2364,0.1171,0.1635,0.4711,0.5177,0.2148
CUST1008724,2026-06,0.3185,0.01,0.0502,0.347,0.4548,0.2737
CUST1008725,2026-06,0.3649,0.1722,0.1063,0.4896,0.435,0.2267
CUST1008726,2026-06,0.5674,0.01,0.216,0.3042,0.1039,0.2056
CUST1008727,2026-06,0.2729,0.5459,0.4343,0.3117,0.3981,0.1721
CUST1008728,2026-06,0.5191,0.085,0.4466,0.258,0.1839,0.2976
CUST1008729,2026-06,0.571,0.2348,0.4524,0.421,0.1485,0.1619
CUST1008730,2026-06,0.4366,0.4719,0.2972,0.516,0.3953,0.0542
CUST1008731,2026-06,0.4611,0.3287,0.5382,0.4476,0.4663,0.0679
CUST1008732,2026-06,0.3436,0.5371,0.4424,0.2246,0.4757,0.2371
CUST1008733,2026-06,0.4828,0.2325,0.2747,0.3935,0.572,0.2568
CUST1008734,2026-06,0.6226,0.1208,0.5051,0.186,0.1297,0.5489
CUST1008735,2026-06,0.1792,0.1721,0.2274,0.2828,0.3808,0.1773
CUST1008736,2026-06,0.2757,0.285,0.2565,0.2979,0.3466,0.0791
CUST1008737,2026-06,0.7381,0.4169,0.1799,0.3516,0.1849,0.2337
CUST1008738,2026-06,0.4565,0.373,0.4277,0.4055,0.3227,0.3032
CUST1008739,2026-06,0.4855,0.5718,0.3418,0.3059,0.2673,0.1563
CUST1008740,2026-06,0.2732,0.2895,0.7757,0.2805,0.2763,0.01
CUST1008741,2026-06,0.7811,0.4188,0.6691,0.4601,0.4483,0.1309
CUST1008742,2026-06,0.4775,0.0372,0.2601,0.6218,0.2901,0.2073
CUST1008743,2026-06,0.3386,0.01,0.125,0.3773,0.5353,0.3102
CUST1008744,2026-06,0.5177,0.3127,0.5568,0.431,0.1059,0.3099
CUST1008745,2026-06,0.4547,0.5754,0.5107,0.4063,0.4394,0.1731
CUST1008746,2026-06,0.5355,0.3642,0.2228,0.4645,0.2514,0.1853
CUST1008747,2026-06,0.3258,0.3743,0.2643,0.2424,0.4731,0.1471
CUST1008748,2026-06,0.4004,0.4899,0.4199,0.5398,0.5192,0.1766
CUST1008749,2026-06,0.5058,0.4324,0.4418,0.4859,0.4116,0.2594
CUST1008750,2026-06,0.67,0.4253,0.5164,0.4923,0.2547,0.1871
CUST1008751,2026-06,0.3943,0.252,0.5095,0.3309,0.2485,0.0593
CUST1008752,2026-06,0.6443,0.3297,0.3529,0.4094,0.3402,0.2445
CUST1008753,2026-06,0.6632,0.2285,0.4119,0.2763,0.232,0.2494
CUST1008754,2026-06,0.2223,0.1896,0.1079,0.2696,0.1912,0.2192
CUST1008755,2026-06,0.6266,0.031,0.3979,0.3238,0.2201,0.2953
CUST1008756,2026-06,0.4824,0.16,0.3854,0.4641,0.6657,0.329
CUST1008757,2026-06,0.6229,0.1674,0.3021,0.5737,0.2824,0.1261
CUST1008758,2026-06,0.5469,0.2028,0.4022,0.2519,0.1613,0.047
CUST1008759,2026-06,0.5925,0.3383,0.3253,0.4029,0.4162,0.0725
CUST1008760,2026-06,0.543,0.3417,0.2647,0.3907,0.5332,0.2016
CUST1008761,2026-06,0.4701,0.451,0.8361,0.3778,0.4729,0.1537
CUST1008762,2026-06,0.7196,0.28,0.4312,0.447,0.0813,0.2549
CUST1008763,2026-06,0.4135,0.1691,0.125,0.4679,0.2708,0.2098
CUST1008764,2026-06,0.6242,0.3778,0.2244,0.3867,0.3164,0.1586
CUST1008765,2026-06,0.3288,0.3986,0.5259,0.326,0.3271,0.2385
CUST1008766,2026-06,0.2867,0.4419,0.5022,0.5735,0.361,0.1087
CUST1008767,2026-06,0.4817,0.2941,0.2217,0.3731,0.5995,0.1296
CUST1008768,2026-06,0.4371,0.1038,0.2247,0.5083,0.2332,0.0767
CUST1008769,2026-06,0.3182,0.2482,0.4905,0.4627,0.3974,0.6942
CUST1008770,2026-06,0.5995,0.5109,0.3037,0.01,0.3641,0.1606
CUST1008771,2026-06,0.3628,0.01,0.0667,0.3007,0.3397,0.3506
CUST1008772,2026-06,0.6853,0.1593,0.5755,0.2507,0.1853,0.0751
CUST1008773,2026-06,0.6812,0.3777,0.456,0.5975,0.3376,0.0832
CUST1008774,2026-06,0.4046,0.4158,0.6899,0.2777,0.2099,0.1555
CUST1008775,2026-06,0.3876,0.4747,0.4289,0.2088,0.3284,0.01
CUST1008776,2026-06,0.4274,0.1697,0.1131,0.3427,0.5876,0.0666
CUST1008777,2026-06,0.4323,0.271,0.1735,0.483,0.3391,0.3397
CUST1008778,2026-06,0.6783,0.6583,0.2153,0.3493,0.3205,0.1458
CUST1008779,2026-06,0.7147,0.2968,0.435,0.1801,0.3098,0.218
CUST1008780,2026-06,0.7257,0.4858,0.4173,0.4147,0.4174,0.1264
CUST1008781,2026-06,0.4282,0.01,0.1909,0.01,0.2977,0.2773
CUST1008782,2026-06,0.0864999999999999,0.2673,0.1668,0.3961,0.2821,0.1786
CUST1008783,2026-06,0.4577,0.4477,0.609,0.2432,0.3734,0.1206
CUST1008784,2026-06,0.4875,0.5093,0.5653,0.2688,0.3584,0.171
CUST1008785,2026-06,0.7775,0.3884,0.6226,0.4297,0.2471,0.2523
CUST1008786,2026-06,0.2285,0.3415,0.2078,0.5698,0.4224,0.2566
CUST1008787,2026-06,0.3626,0.4814,0.3239,0.2475,0.3178,0.1399
CUST1008788,2026-06,0.4612,0.2905,0.4171,0.3981,0.3836,0.5186
CUST1008789,2026-06,0.4746,0.4637,0.4603,0.3946,0.3173,0.1397
CUST1008790,2026-06,0.531,0.3821,0.4879,0.5447,0.3192,0.1966
CUST1008791,2026-06,0.4105,0.5294,0.6586,0.5088,0.3999,0.1765
CUST1008792,2026-06,0.5142,0.3051,0.3317,0.4809,0.342,0.0495
CUST1008793,2026-06,0.3104,0.469,0.1244,0.5373,0.4051,0.1891
CUST1008794,2026-06,0.5363,0.3403,0.4517,0.2603,0.3994,0.031
CUST1008795,2026-06,0.526,0.5003,0.5648,0.0873,0.2471,0.0539
CUST1008796,2026-06,0.1811,0.01,0.1385,0.2445,0.1604,0.2283
CUST1008797,2026-06,0.3797,0.4562,0.5529,0.1009,0.4117,0.2721
CUST1008798,2026-06,0.558,0.4477,0.279,0.5798,0.2682,0.2259
CUST1008799,2026-06,0.6506,0.2423,0.3967,0.4639,0.266,0.2303
CUST1008800,2026-06,0.7087,0.3947,0.3699,0.3181,0.3471,0.2745
CUST1008801,2026-06,0.378,0.4514,0.5776,0.5635,0.3811,0.2737
CUST1008802,2026-06,0.3591,0.01,0.0262,0.3927,0.2179,0.3001
CUST1008803,2026-06,0.01,0.1169,0.1491,0.0311,0.5104,0.0598
CUST1008804,2026-06,0.6013,0.2353,0.284,0.4059,0.6313,0.2621
CUST1008805,2026-06,0.6333,0.5816,0.3263,0.4576,0.238,0.1066
CUST1008806,2026-06,0.4077,0.0579,0.111,0.454,0.255,0.6281
CUST1008807,2026-06,0.392,0.46,0.332,0.4526,0.2983,0.1169
CUST1008808,2026-06,0.4313,0.4484,0.312,0.6324,0.3782,0.1049
CUST1008809,2026-06,0.3776,0.4751,0.3405,0.4628,0.3984,0.1871
CUST1008810,2026-06,0.2094,0.2585,0.0129,0.2875,0.4063,0.5852
CUST1008811,2026-06,0.4718,0.3742,0.7177,0.5534,0.3847,0.1427
CUST1008812,2026-06,0.2983,0.2735,0.1686,0.3403,0.3412,0.1815
CUST1008813,2026-06,0.3842,0.431,0.3936,0.2726,0.2878,0.2163
CUST1008814,2026-06,0.2159,0.1479,0.0806999999999999,0.2284,0.3831,0.1211
CUST1008815,2026-06,0.3154,0.3364,0.01,0.4299,0.4003,0.1512
CUST1008816,2026-06,0.4087,0.2085,0.2732,0.4451,0.589,0.1338
CUST1008817,2026-06,0.4334,0.4462,0.6319,0.3671,0.3913,0.5063
CUST1008818,2026-06,0.6062,0.2647,0.4232,0.2828,0.3411,0.3101
CUST1008819,2026-06,0.3992,0.4241,0.3851,0.3315,0.3626,0.0863
CUST1008820,2026-06,0.492,0.445,0.6009,0.6746,0.384,0.2331
CUST1008821,2026-06,0.5454,0.2754,0.4957,0.4029,0.2871,0.1754
CUST1008822,2026-06,0.5783,0.5051,0.44,0.5375,0.3545,0.2719
CUST1008823,2026-06,0.4648,0.4279,0.6179,0.21,0.2359,0.6141
CUST1008824,2026-06,0.6171,0.2712,0.3886,0.4452,0.1754,0.1612
CUST1008825,2026-06,0.2134,0.0942,0.3412,0.0908,0.3151,0.1037
CUST1008826,2026-06,0.6305,0.3884,0.346,0.5761,0.2544,0.1148
CUST1008827,2026-06,0.4036,0.01,0.1768,0.118,0.1082,0.3171
CUST1008828,2026-06,0.5587,0.4494,0.4208,0.3599,0.1915,0.1212
CUST1008829,2026-06,0.4185,0.01,0.1391,0.2233,0.2391,0.3474
CUST1008830,2026-06,0.4892,0.3619,0.269,0.3419,0.468,0.1244
CUST1008831,2026-06,0.7279,0.2968,0.2925,0.3178,0.4465,0.1182
CUST1008832,2026-06,0.5497,0.1862,0.2954,0.6275,0.217,0.2818
CUST1008833,2026-06,0.3989,0.1897,0.2215,0.0517,0.3453,0.1901
CUST1008834,2026-06,0.5381,0.284,0.7506,0.5488,0.2476,0.1877
CUST1008835,2026-06,0.3802,0.5384,0.4573,0.2461,0.1541,0.5835
CUST1008836,2026-06,0.4767,0.4909,0.532,0.4647,0.3894,0.2599
CUST1008837,2026-06,0.2881,0.0837,0.2038,0.0975,0.3362,0.3482
CUST1008838,2026-06,0.5551,0.2121,0.607,0.3785,0.3673,0.1237
CUST1008839,2026-06,0.6677,0.1689,0.4781,0.5697,0.2399,0.1093
CUST1008840,2026-06,0.5127,0.2089,0.3341,0.5808,0.4553,0.1109
CUST1008841,2026-06,0.5526,0.5051,0.6615,0.4287,0.4466,0.1086
CUST1008842,2026-06,0.3493,0.5942,0.4817,0.3094,0.5993,0.0613
CUST1008843,2026-06,0.6113,0.3451,0.5096,0.452,0.3284,0.2514
CUST1008844,2026-06,0.1173,0.1326,0.1396,0.4067,0.4592,0.1841
CUST1008845,2026-06,0.289,0.3579,0.1772,0.2623,0.43,0.3447
CUST1008846,2026-06,0.7478,0.4618,0.2435,0.455,0.0949,0.1689
CUST1008847,2026-06,0.5979,0.3657,0.3197,0.2158,0.344,0.0611
CUST1008848,2026-06,0.3629,0.099,0.2346,0.2945,0.6352,0.1175
CUST1008849,2026-06,0.5325,0.3646,0.5524,0.3099,0.4926,0.37
CUST1008850,2026-06,0.4022,0.2675,0.3302,0.064,0.5941,0.2109
CUST1008851,2026-06,0.5242,0.4415,0.394,0.452,0.2843,0.1957
CUST1008852,2026-06,0.2318,0.3462,0.1754,0.5007,0.2988,0.6204
CUST1008853,2026-06,0.5998,0.3414,0.5003,0.3706,0.3059,0.2381
CUST1008854,2026-06,0.4068,0.3079,0.3133,0.3276,0.3641,0.1325
CUST1008855,2026-06,0.5113,0.01,0.0828,0.2083,0.2779,0.2125
CUST1008856,2026-06,0.5273,0.4821,0.3545,0.4355,0.2491,0.0576
CUST1008857,2026-06,0.4831,0.0766,0.4354,0.2083,0.4397,0.166
CUST1008858,2026-06,0.4638,0.5515,0.3255,0.3675,0.4008,0.1307
CUST1008859,2026-06,0.4745,0.2644,0.1233,0.3863,0.2365,0.3177
CUST1008860,2026-06,0.4202,0.4341,0.2338,0.2074,0.1408,0.7346
CUST1008861,2026-06,0.2653,0.2416,0.1063,0.4283,0.4889,0.5093
CUST1008862,2026-06,0.4468,0.1809,0.3793,0.1999,0.3203,0.5586
CUST1008863,2026-06,0.476,0.2321,0.3705,0.6656,0.2616,0.2348
CUST1008864,2026-06,0.5922,0.3603,0.5394,0.2333,0.3038,0.1621
CUST1008865,2026-06,0.2429,0.2726,0.2112,0.3466,0.3844,0.2395
CUST1008866,2026-06,0.7185,0.1507,0.5516,0.5545,0.2706,0.1508
CUST1008867,2026-06,0.399,0.3063,0.01,0.527,0.2599,0.1839
CUST1008868,2026-06,0.3095,0.1446,0.0882,0.4256,0.4949,0.01
CUST1008869,2026-06,0.4917,0.2191,0.4281,0.6312,0.1171,0.1649
CUST1008870,2026-06,0.459,0.2703,0.3658,0.4438,0.4273,0.3151
CUST1008871,2026-06,0.0902,0.01,0.01,0.1817,0.6033,0.0929
CUST1008872,2026-06,0.5551,0.01,0.4701,0.3199,0.5536,0.0556
CUST1008873,2026-06,0.2447,0.3214,0.0818,0.0893,0.2219,0.2371
CUST1008874,2026-06,0.6781,0.4172,0.5047,0.5658,0.3033,0.1159
CUST1008875,2026-06,0.5101,0.4187,0.6336,0.1423,0.3272,0.1792
CUST1008876,2026-06,0.4083,0.3123,0.5101,0.3866,0.3341,0.0747
CUST1008877,2026-06,0.2564,0.0741,0.2016,0.3934,0.4044,0.0332
CUST1008878,2026-06,0.5216,0.5162,0.5297,0.1546,0.4587,0.2625
CUST1008879,2026-06,0.3552,0.3839,0.4687,0.3694,0.5103,0.242
CUST1008880,2026-06,0.4009,0.1487,0.4814,0.3317,0.6394,0.1014
CUST1008881,2026-06,0.5193,0.2438,0.6846,0.3831,0.4177,0.23
CUST1008882,2026-06,0.5522,0.2255,0.2843,0.5294,0.1179,0.1609
CUST1008883,2026-06,0.5305,0.5139,0.3813,0.5584,0.3829,0.2591
CUST1008884,2026-06,0.6172,0.1426,0.4358,0.5855,0.0853,0.1676
CUST1008885,2026-06,0.1159,0.2514,0.1514,0.3029,0.2015,0.575
CUST1008886,2026-06,0.368,0.1892,0.6421,0.257,0.5455,0.267
CUST1008887,2026-06,0.5196,0.1383,0.6585,0.3482,0.4016,0.1283
CUST1008888,2026-06,0.2321,0.362,0.1465,0.5642,0.4297,0.1177
CUST1008889,2026-06,0.4031,0.4072,0.4569,0.1587,0.4058,0.1195
CUST1008890,2026-06,0.2668,0.1807,0.1947,0.2179,0.2689,0.0502
CUST1008891,2026-06,0.3678,0.1925,0.5911,0.1226,0.2449,0.2125
CUST1008892,2026-06,0.342,0.1159,0.01,0.6497,0.5317,0.479
CUST1008893,2026-06,0.2723,0.3538,0.315,0.2628,0.3124,0.2656
CUST1008894,2026-06,0.5625,0.1389,0.2593,0.445,0.2259,0.1598
CUST1008895,2026-06,0.4406,0.2829,0.4053,0.2491,0.2741,0.2866
CUST1008896,2026-06,0.2595,0.1672,0.0885,0.1592,0.1744,0.2326
CUST1008897,2026-06,0.6122,0.4388,0.5379,0.2057,0.4432,0.1007
CUST1008898,2026-06,0.7045,0.511,0.4896,0.3872,0.3141,0.2513
CUST1008899,2026-06,0.4928,0.1007,0.4259,0.2918,0.4642,0.1998
CUST1008900,2026-06,0.3087,0.3459,0.2659,0.6161,0.3039,0.2283
CUST1008901,2026-06,0.3471,0.4583,0.3075,0.21,0.3425,0.1994
CUST1008902,2026-06,0.3468,0.5403,0.1546,0.4947,0.2154,0.606
CUST1008903,2026-06,0.483,0.3651,0.5134,0.305,0.3798,0.1369
CUST1008904,2026-06,0.5198,0.3507,0.3696,0.354,0.3584,0.103
CUST1008905,2026-06,0.5828,0.2526,0.4577,0.532,0.1188,0.2134
CUST1008906,2026-06,0.4761,0.3161,0.1808,0.4782,0.4953,0.02
CUST1008907,2026-06,0.4085,0.0609,0.0533,0.4533,0.2876,0.16
CUST1008908,2026-06,0.4579,0.3032,0.3431,0.3631,0.5594,0.2354
CUST1008909,2026-06,0.3188,0.3899,0.4406,0.1893,0.2576,0.2527
CUST1008910,2026-06,0.404,0.4634,0.345,0.2589,0.3811,0.1459
CUST1008911,2026-06,0.6456,0.2265,0.3819,0.4221,0.2259,0.2507
CUST1008912,2026-06,0.3793,0.5056,0.5687,0.3707,0.4268,0.1931
CUST1008913,2026-06,0.194,0.1972,0.1319,0.4926,0.5239,0.1695
CUST1008914,2026-06,0.5278,0.154,0.3953,0.3274,0.1172,0.2036
CUST1008915,2026-06,0.414,0.4471,0.5841,0.3156,0.4285,0.0936
CUST1008916,2026-06,0.2762,0.4291,0.7056,0.1688,0.403,0.0913
CUST1008917,2026-06,0.345,0.3123,0.2752,0.1911,0.6208,0.1903
CUST1008918,2026-06,0.328,0.0796,0.0144,0.2478,0.1608,0.1428
CUST1008919,2026-06,0.1317,0.01,0.1727,0.0374,0.3536,0.0921
CUST1008920,2026-06,0.6262,0.5304,0.5857,0.3303,0.2906,0.0264
CUST1008921,2026-06,0.5414,0.1633,0.2596,0.2363,0.2222,0.1201
CUST1008922,2026-06,0.4565,0.3355,0.3526,0.3277,0.272,0.5791
CUST1008923,2026-06,0.6163,0.3292,0.4445,0.3238,0.2205,0.1396
CUST1008924,2026-06,0.3714,0.2397,0.3225,0.4615,0.3158,0.1126
CUST1008925,2026-06,0.4522,0.3714,0.3572,0.5486,0.3757,0.3064
CUST1008926,2026-06,0.3659,0.0678,0.4751,0.3762,0.4983,0.1286
CUST1008927,2026-06,0.5554,0.3378,0.5884,0.3672,0.2631,0.2558
CUST1008928,2026-06,0.3399,0.1968,0.1378,0.5269,0.4373,0.1507
CUST1008929,2026-06,0.4422,0.2592,0.4037,0.4032,0.3562,0.054
CUST1008930,2026-06,0.4193,0.1193,0.3563,0.3623,0.6211,0.2419
CUST1008931,2026-06,0.3374,0.2237,0.0839,0.5262,0.2259,0.0731
CUST1008932,2026-06,0.2843,0.4463,0.2974,0.3139,0.2632,0.2097
CUST1008933,2026-06,0.4896,0.48,0.4069,0.4721,0.3225,0.2024
CUST1008934,2026-06,0.2012,0.3518,0.3595,0.3786,0.3792,0.0956999999999999
CUST1008935,2026-06,0.7479,0.1764,0.4032,0.3812,0.3661,0.2553
CUST1008936,2026-06,0.6269,0.3941,0.4766,0.2123,0.4548,0.1015
CUST1008937,2026-06,0.5965,0.3238,0.3093,0.4633,0.3247,0.3887
CUST1008938,2026-06,0.167,0.1044,0.3276,0.3784,0.6083,0.0863
CUST1008939,2026-06,0.6631,0.295,0.3142,0.4625,0.3811,0.199
CUST1008940,2026-06,0.4258,0.3435,0.539,0.5943,0.3163,0.1898
CUST1008941,2026-06,0.5165,0.3504,0.6228,0.357,0.4728,0.2677
CUST1008942,2026-06,0.57,0.2845,0.3405,0.51,0.3295,0.169
CUST1008943,2026-06,0.4512,0.2815,0.5778,0.1795,0.3914,0.2207
CUST1008944,2026-06,0.3932,0.255,0.1095,0.3016,0.3471,0.0999
CUST1008945,2026-06,0.476,0.1905,0.3627,0.2432,0.334,0.1083
CUST1008946,2026-06,0.4245,0.057,0.0454,0.1911,0.2412,0.3233
CUST1008947,2026-06,0.4468,0.3687,0.553,0.4875,0.2989,0.2288
CUST1008948,2026-06,0.4579,0.1725,0.3853,0.4034,0.6031,0.2777
CUST1008949,2026-06,0.4708,0.2324,0.499,0.0958,0.2156,0.2631
CUST1008950,2026-06,0.4675,0.4277,0.6787,0.1629,0.3192,0.01
CUST1008951,2026-06,0.4829,0.2885,0.5992,0.4873,0.2572,0.2128
CUST1008952,2026-06,0.4291,0.2674,0.8488,0.1323,0.293,0.1389
CUST1008953,2026-06,0.3626,0.5616,0.6279,0.4754,0.2045,0.2079
CUST1008954,2026-06,0.5946,0.3488,0.4867,0.5017,0.2154,0.0901
CUST1008955,2026-06,0.377,0.4095,0.1219,0.4973,0.3705,0.1522
CUST1008956,2026-06,0.1618,0.3012,0.0843,0.2304,0.375,0.2286
CUST1008957,2026-06,0.3277,0.361,0.7493,0.491,0.2791,0.3072
CUST1008958,2026-06,0.6372,0.1433,0.5337,0.3619,0.2203,0.3101
CUST1008959,2026-06,0.5609,0.0202,0.3759,0.4243,0.2377,0.2252
CUST1008960,2026-06,0.5423,0.5296,0.298,0.5159,0.4438,0.0672
CUST1008961,2026-06,0.3734,0.2047,0.0814,0.3455,0.2262,0.1339
CUST1008962,2026-06,0.3395,0.3109,0.6267,0.3349,0.264,0.2469
CUST1008963,2026-06,0.5802,0.4863,0.4993,0.5432,0.4123,0.1647
CUST1008964,2026-06,0.6439,0.0287,0.1202,0.3509,0.3514,0.2412
CUST1008965,2026-06,0.1822,0.2319,0.0683,0.3669,0.2607,0.2518
CUST1008966,2026-06,0.4909,0.0588,0.0253,0.3934,0.3062,0.1855
CUST1008967,2026-06,0.5572,0.2209,0.4519,0.4008,0.3155,0.1103
CUST1008968,2026-06,0.2841,0.4294,0.1097,0.2324,0.2767,0.0347
CUST1008969,2026-06,0.2542,0.0131,0.01,0.1638,0.5372,0.1677
CUST1008970,2026-06,0.5908,0.3571,0.3833,0.3707,0.285,0.2162
CUST1008971,2026-06,0.4977,0.0786,0.142,0.3719,0.2756,0.2555
CUST1008972,2026-06,0.4392,0.456,0.5455,0.1876,0.3046,0.1055
CUST1008973,2026-06,0.4788,0.3905,0.329,0.5962,0.308,0.0501
CUST1008974,2026-06,0.4366,0.4511,0.5568,0.2804,0.3569,0.1169
CUST1008975,2026-06,0.3567,0.2645,0.0981,0.2803,0.38,0.2441
CUST1008976,2026-06,0.4421,0.1208,0.1501,0.0675999999999999,0.1315,0.1606
CUST1008977,2026-06,0.7785,0.3198,0.623,0.2908,0.2249,0.2838
CUST1008978,2026-06,0.4294,0.4489,0.2547,0.2429,0.3594,0.1294
CUST1008979,2026-06,0.4715,0.4021,0.6134,0.4211,0.2942,0.1762
CUST1008980,2026-06,0.1218,0.3073,0.3143,0.2044,0.2605,0.293
CUST1008981,2026-06,0.6804,0.1838,0.5073,0.3273,0.1432,0.2602
CUST1008982,2026-06,0.507,0.5443,0.6921,0.4714,0.3245,0.0782999999999999
CUST1008983,2026-06,0.4597,0.333,0.4286,0.3891,0.5044,0.1221
CUST1008984,2026-06,0.4843,0.01,0.0417,0.4797,0.2805,0.1481
CUST1008985,2026-06,0.4041,0.4651,0.7209,0.2721,0.41,0.1521
CUST1008986,2026-06,0.3394,0.1796,0.2643,0.1896,0.2451,0.2216
CUST1008987,2026-06,0.3726,0.0583,0.2518,0.3287,0.1647,0.2332
CUST1008988,2026-06,0.5892,0.3092,0.2935,0.2792,0.3151,0.1999
CUST1008989,2026-06,0.5525,0.483,0.6887,0.52,0.4144,0.1231
CUST1008990,2026-06,0.2363,0.1783,0.0845999999999999,0.3092,0.6902,0.0396
CUST1008991,2026-06,0.2659,0.358,0.3934,0.4331,0.3962,0.2412
CUST1008992,2026-06,0.1339,0.1729,0.0898999999999999,0.2702,0.3448,0.2984
CUST1008993,2026-06,0.7284,0.0484,0.3124,0.544,0.1891,0.2066
CUST1008994,2026-06,0.1338,0.0649,0.1272,0.2391,0.337,0.0959
CUST1008995,2026-06,0.2741,0.3615,0.4319,0.2166,0.4485,0.1719
CUST1008996,2026-06,0.264,0.4986,0.5552,0.3747,0.1698,0.5102
CUST1008997,2026-06,0.3158,0.4846,0.1903,0.3256,0.4052,0.1648
CUST1008998,2026-06,0.153,0.0506,0.1725,0.0858,0.5535,0.2449
CUST1008999,2026-06,0.3204,0.1631,0.3016,0.4885,0.4271,0.1471
CUST1009000,2026-06,0.5318,0.3825,0.2366,0.4071,0.3738,0.135
CUST1009001,2026-06,0.7477,0.2792,0.4989,0.5254,0.2388,0.1305
CUST1009002,2026-06,0.4139,0.3581,0.4967,0.3237,0.4639,0.1856
CUST1009003,2026-06,0.4847,0.01,0.111,0.1279,0.2203,0.2435
CUST1009004,2026-06,0.5185,0.3163,0.4625,0.395,0.357,0.3356
CUST1009005,2026-06,0.6537,0.2093,0.3016,0.4434,0.2476,0.2778
CUST1009006,2026-06,0.3837,0.3273,0.7121,0.3089,0.3414,0.5039
CUST1009007,2026-06,0.6286,0.04,0.3288,0.4189,0.3706,0.2246
CUST1009008,2026-06,0.2937,0.4181,0.3476,0.2577,0.3447,0.5647
CUST1009009,2026-06,0.1112,0.3136,0.1769,0.2365,0.3061,0.0684
CUST1009010,2026-06,0.3546,0.5276,0.403,0.5514,0.4586,0.1177
CUST1009011,2026-06,0.5368,0.0814,0.519,0.5278,0.4837,0.1852
CUST1009012,2026-06,0.6449,0.1055,0.6385,0.4911,0.3273,0.1411
CUST1009013,2026-06,0.2918,0.1077,0.3979,0.4181,0.2633,0.2
CUST1009014,2026-06,0.4984,0.3555,0.2835,0.4732,0.4789,0.1868
CUST1009015,2026-06,0.5437,0.3289,0.4271,0.3267,0.2618,0.2436
CUST1009016,2026-06,0.449,0.4859,0.6061,0.3492,0.3472,0.1975
CUST1009017,2026-06,0.4278,0.4376,0.1809,0.5881,0.3304,0.0556
CUST1009018,2026-06,0.1394,0.2635,0.3154,0.3139,0.2355,0.135
CUST1009019,2026-06,0.3324,0.2992,0.459,0.365,0.5185,0.2078
CUST1009020,2026-06,0.3213,0.0315,0.1799,0.2267,0.2609,0.0161
CUST1009021,2026-06,0.5537,0.1237,0.2241,0.3958,0.6841,0.1137
CUST1009022,2026-06,0.5515,0.5883,0.3691,0.1943,0.2456,0.3187
CUST1009023,2026-06,0.2657,0.3624,0.2824,0.4015,0.4829,0.1301
CUST1009024,2026-06,0.3704,0.4575,0.1224,0.2535,0.382,0.4577
CUST1009025,2026-06,0.4566,0.1262,0.1987,0.1595,0.2232,0.1259
CUST1009026,2026-06,0.1822,0.19,0.01,0.2754,0.342,0.0287
CUST1009027,2026-06,0.1519,0.118,0.2433,0.0192,0.3085,0.2038
CUST1009028,2026-06,0.4518,0.5104,0.5649,0.0976,0.2919,0.1355
CUST1009029,2026-06,0.2669,0.0785,0.1345,0.4467,0.3405,0.2821
CUST1009030,2026-06,0.1567,0.0494,0.2326,0.542,0.8052,0.1533
CUST1009031,2026-06,0.5731,0.1481,0.4007,0.3252,0.269,0.135
CUST1009032,2026-06,0.5051,0.5211,0.3461,0.5707,0.4376,0.178
CUST1009033,2026-06,0.4071,0.5127,0.5893,0.1855,0.0538,0.2499
CUST1009034,2026-06,0.3581,0.3045,0.0961,0.1824,0.2698,0.204
CUST1009035,2026-06,0.3766,0.5325,0.7326,0.3199,0.5073,0.1176
CUST1009036,2026-06,0.191,0.3436,0.0626,0.4939,0.6569,0.1701
CUST1009037,2026-06,0.222,0.3652,0.5646,0.2631,0.315,0.2199
CUST1009038,2026-06,0.3226,0.3293,0.1314,0.3411,0.4187,0.12
CUST1009039,2026-06,0.4493,0.4544,0.3146,0.2643,0.4035,0.1047
CUST1009040,2026-06,0.5816,0.2453,0.6537,0.2769,0.5226,0.2221
CUST1009041,2026-06,0.6505,0.5035,0.6195,0.5239,0.395,0.2586
CUST1009042,2026-06,0.3585,0.1284,0.2849,0.4685,0.38,0.126
CUST1009043,2026-06,0.5555,0.4065,0.3273,0.3524,0.5682,0.279
CUST1009044,2026-06,0.4436,0.4238,0.5573,0.3606,0.3952,0.1772
CUST1009045,2026-06,0.4919,0.325,0.445,0.4861,0.4466,0.1276
CUST1009046,2026-06,0.3807,0.6027,0.372,0.4067,0.4272,0.1095
CUST1009047,2026-06,0.376,0.4421,0.3733,0.3471,0.1843,0.0171
CUST1009048,2026-06,0.6802,0.3264,0.3883,0.3239,0.3977,0.2254
CUST1009049,2026-06,0.4685,0.2875,0.4401,0.4403,0.1678,0.1406
CUST1009050,2026-06,0.2154,0.3547,0.2748,0.4382,0.4402,0.1436
CUST1009051,2026-06,0.3535,0.4116,0.3302,0.5033,0.4061,0.1174
CUST1009052,2026-06,0.762,0.2282,0.3153,0.2883,0.2528,0.0422
CUST1009053,2026-06,0.2221,0.0887,0.0859999999999999,0.5249,0.5574,0.3693
CUST1009054,2026-06,0.5569,0.3138,0.4969,0.6222,0.1851,0.0538
CUST1009055,2026-06,0.4235,0.1612,0.3571,0.2944,0.5366,0.2117
CUST1009056,2026-06,0.2815,0.465,0.5479,0.2872,0.4006,0.2993
CUST1009057,2026-06,0.1254,0.1816,0.2243,0.1896,0.6137,0.2479
CUST1009058,2026-06,0.5028,0.476,0.4723,0.4681,0.4613,0.2139
CUST1009059,2026-06,0.5528,0.4291,0.4043,0.5337,0.3669,0.062
CUST1009060,2026-06,0.6343,0.1237,0.427,0.4679,0.3356,0.2645
CUST1009061,2026-06,0.4348,0.4605,0.5175,0.5543,0.3944,0.1943
CUST1009062,2026-06,0.6829,0.3857,0.4016,0.2286,0.2543,0.1691
CUST1009063,2026-06,0.6762,0.3709,0.2486,0.2183,0.273,0.1912
CUST1009064,2026-06,0.3496,0.2356,0.01,0.1045,0.3099,0.2116
CUST1009065,2026-06,0.4976,0.3115,0.668,0.1966,0.1852,0.175
CUST1009066,2026-06,0.618,0.0747,0.4951,0.286,0.3915,0.3086
CUST1009067,2026-06,0.6622,0.5679,0.481,0.5216,0.3004,0.1173
CUST1009068,2026-06,0.2928,0.01,0.1088,0.114,0.3548,0.2206
CUST1009069,2026-06,0.2846,0.5429,0.4714,0.2518,0.2977,0.1639
CUST1009070,2026-06,0.477,0.1602,0.1223,0.4707,0.2572,0.2484
CUST1009071,2026-06,0.6052,0.2568,0.4332,0.2597,0.6081,0.1691
CUST1009072,2026-06,0.5889,0.1534,0.3602,0.418,0.2191,0.0824
CUST1009073,2026-06,0.4291,0.2742,0.4488,0.3747,0.7335,0.1029
CUST1009074,2026-06,0.4175,0.502,0.5833,0.0461,0.2933,0.1011
CUST1009075,2026-06,0.4375,0.3716,0.486,0.2624,0.2411,0.1543
CUST1009076,2026-06,0.3441,0.4176,0.5018,0.4223,0.1685,0.1934
CUST1009077,2026-06,0.6613,0.3566,0.2661,0.5354,0.2859,0.0777999999999999
CUST1009078,2026-06,0.5572,0.1848,0.4365,0.4474,0.2729,0.2807
CUST1009079,2026-06,0.3488,0.5295,0.3012,0.4016,0.3869,0.6304
CUST1009080,2026-06,0.4157,0.01,0.2658,0.2834,0.2589,0.2
CUST1009081,2026-06,0.4122,0.3745,0.3175,0.481,0.2899,0.1496
CUST1009082,2026-06,0.5669,0.3384,0.4919,0.2838,0.2895,0.1656
CUST1009083,2026-06,0.4819,0.3302,0.2574,0.715,0.3718,0.2433
CUST1009084,2026-06,0.5928,0.3212,0.4592,0.5536,0.3116,0.1361
CUST1009085,2026-06,0.6545,0.2017,0.3915,0.3305,0.2348,0.2272
CUST1009086,2026-06,0.401,0.4183,0.6251,0.288,0.2844,0.1302
CUST1009087,2026-06,0.4515,0.4981,0.2676,0.1589,0.3678,0.0665
CUST1009088,2026-06,0.6486,0.4725,0.5956,0.5367,0.4035,0.1313
CUST1009089,2026-06,0.3817,0.2833,0.3174,0.1646,0.1553,0.1998
CUST1009090,2026-06,0.3208,0.2608,0.4064,0.2926,0.4109,0.2813
CUST1009091,2026-06,0.4052,0.0978,0.1244,0.4301,0.3471,0.2635
CUST1009092,2026-06,0.4202,0.5009,0.4591,0.3044,0.2947,0.1738
CUST1009093,2026-06,0.5435,0.5599,0.7181,0.3513,0.3665,0.0784
CUST1009094,2026-06,0.3532,0.0194,0.1168,0.0835999999999999,0.3965,0.3777
CUST1009095,2026-06,0.6681,0.3618,0.3845,0.3334,0.1912,0.0226
CUST1009096,2026-06,0.5719,0.2044,0.5224,0.2324,0.2441,0.2248
CUST1009097,2026-06,0.5639,0.439,0.4868,0.5269,0.3949,0.2358
CUST1009098,2026-06,0.3035,0.5849,0.2661,0.5232,0.2649,0.1009
CUST1009099,2026-06,0.3222,0.5036,0.3403,0.2909,0.2907,0.1865
CUST1009100,2026-06,0.5221,0.0985999999999999,0.3029,0.1131,0.5861,0.3701
CUST1009101,2026-06,0.8241,0.4441,0.5385,0.5799,0.1789,0.1802
CUST1009102,2026-06,0.3934,0.293,0.6243,0.2711,0.36,0.2207
CUST1009103,2026-06,0.4439,0.2658,0.5456,0.15,0.4164,0.1302
CUST1009104,2026-06,0.4212,0.01,0.1445,0.4581,0.1661,0.3266
CUST1009105,2026-06,0.525,0.0258,0.054,0.1158,0.0926,0.1953
CUST1009106,2026-06,0.5227,0.4569,0.2047,0.5356,0.3839,0.1168
CUST1009107,2026-06,0.2812,0.2706,0.2026,0.5688,0.3286,0.2283
CUST1009108,2026-06,0.5025,0.5173,0.3902,0.59,0.4997,0.1766
CUST1009109,2026-06,0.4887,0.2805,0.5215,0.5311,0.505,0.2008
CUST1009110,2026-06,0.4226,0.01,0.0929,0.4717,0.4149,0.1878
CUST1009111,2026-06,0.5495,0.5834,0.5338,0.4401,0.3491,0.1006
CUST1009112,2026-06,0.5841,0.3012,0.2938,0.4052,0.2713,0.1027
CUST1009113,2026-06,0.5013,0.1855,0.3434,0.6334,0.2947,0.2405
CUST1009114,2026-06,0.2711,0.3077,0.1602,0.1849,0.4022,0.01
CUST1009115,2026-06,0.3069,0.3118,0.1674,0.0908,0.2329,0.2554
CUST1009116,2026-06,0.3464,0.2526,0.0451,0.5208,0.2313,0.3457
CUST1009117,2026-06,0.5648,0.4729,0.3718,0.1729,0.3322,0.0891
CUST1009118,2026-06,0.4406,0.5354,0.5161,0.3223,0.2424,0.172
CUST1009119,2026-06,0.4694,0.5089,0.4926,0.2679,0.3278,0.1678
CUST1009120,2026-06,0.4838,0.2315,0.4475,0.5242,0.2357,0.1937
CUST1009121,2026-06,0.1243,0.3226,0.01,0.2363,0.2984,0.6279
CUST1009122,2026-06,0.5072,0.1269,0.3899,0.194,0.3305,0.5639
CUST1009123,2026-06,0.3251,0.2643,0.4165,0.5551,0.3813,0.1401
CUST1009124,2026-06,0.6715,0.4645,0.3767,0.5279,0.4929,0.117
CUST1009125,2026-06,0.402,0.1752,0.1274,0.1922,0.4587,0.2358
CUST1009126,2026-06,0.2148,0.01,0.4157,0.2249,0.276,0.1385
CUST1009127,2026-06,0.3628,0.3691,0.5405,0.405,0.2893,0.0358
CUST1009128,2026-06,0.3059,0.0569,0.1778,0.2745,0.2774,0.2161
CUST1009129,2026-06,0.4165,0.3971,0.4506,0.312,0.2732,0.0741
CUST1009130,2026-06,0.3158,0.4518,0.3954,0.2137,0.3289,0.2479
CUST1009131,2026-06,0.3462,0.3283,0.15,0.2673,0.3673,0.2512
CUST1009132,2026-06,0.4379,0.0314,0.1347,0.325,0.216,0.172
CUST1009133,2026-06,0.3218,0.115,0.5705,0.3789,0.2729,0.1891
CUST1009134,2026-06,0.6421,0.01,0.3538,0.1745,0.1629,0.1209
CUST1009135,2026-06,0.4987,0.2291,0.424,0.6785,0.4936,0.0522
CUST1009136,2026-06,0.1168,0.1975,0.2747,0.2013,0.3576,0.1884
CUST1009137,2026-06,0.3944,0.4001,0.2022,0.2679,0.2141,0.1356
CUST1009138,2026-06,0.3263,0.01,0.138,0.43,0.6245,0.3203
CUST1009139,2026-06,0.5227,0.2012,0.4552,0.1256,0.4522,0.1803
CUST1009140,2026-06,0.4101,0.4159,0.3153,0.4526,0.448,0.147
CUST1009141,2026-06,0.5955,0.3165,0.3096,0.5667,0.3337,0.2322
CUST1009142,2026-06,0.4975,0.1332,0.5677,0.3897,0.3275,0.1325
CUST1009143,2026-06,0.7186,0.2819,0.4731,0.5217,0.2863,0.1543
CUST1009144,2026-06,0.7371,0.0977,0.3607,0.4353,0.234,0.1824
CUST1009145,2026-06,0.2576,0.2518,0.01,0.3715,0.3354,0.1447
CUST1009146,2026-06,0.6288,0.1124,0.3611,0.3769,0.2044,0.2311
CUST1009147,2026-06,0.4652,0.5692,0.4245,0.2891,0.3482,0.2384
CUST1009148,2026-06,0.4511,0.5598,0.4142,0.286,0.4723,0.1024
CUST1009149,2026-06,0.259,0.355,0.1141,0.109,0.3207,0.02
CUST1009150,2026-06,0.5898,0.2805,0.4277,0.4075,0.4103,0.2214
CUST1009151,2026-06,0.5945,0.2641,0.4113,0.1661,0.1386,0.3179
CUST1009152,2026-06,0.3745,0.0993,0.2736,0.2551,0.5623,0.2196
CUST1009153,2026-06,0.1605,0.2251,0.1282,0.3652,0.2654,0.2474
CUST1009154,2026-06,0.6727,0.4812,0.5241,0.4528,0.2541,0.1671
CUST1009155,2026-06,0.266,0.01,0.0226,0.2381,0.3399,0.1951
CUST1009156,2026-06,0.5102,0.2688,0.2305,0.2385,0.3537,0.0732
CUST1009157,2026-06,0.5198,0.5809,0.4385,0.5862,0.3887,0.2135
CUST1009158,2026-06,0.4348,0.2643,0.093,0.4028,0.1846,0.6184
CUST1009159,2026-06,0.4138,0.3469,0.6534,0.3923,0.5228,0.1399
CUST1009160,2026-06,0.344,0.1662,0.1231,0.473,0.3167,0.2415
CUST1009161,2026-06,0.388,0.01,0.1769,0.2467,0.2594,0.3337
CUST1009162,2026-06,0.5774,0.1295,0.3948,0.4839,0.3676,0.4394
CUST1009163,2026-06,0.3729,0.0987,0.075,0.6347,0.1587,0.282
CUST1009164,2026-06,0.5439,0.2898,0.4403,0.4428,0.2518,0.1143
CUST1009165,2026-06,0.4873,0.1274,0.1116,0.3101,0.3194,0.3302
CUST1009166,2026-06,0.4176,0.1013,0.5475,0.3974,0.2215,0.1812
CUST1009167,2026-06,0.5762,0.3881,0.727,0.3556,0.4142,0.1525
CUST1009168,2026-06,0.3542,0.3976,0.01,0.2948,0.2043,0.2459
CUST1009169,2026-06,0.7691,0.5806,0.5874,0.149,0.2082,0.2646
CUST1009170,2026-06,0.2612,0.2416,0.0992,0.193,0.2265,0.2847
CUST1009171,2026-06,0.7383,0.0852,0.4741,0.548,0.3359,0.3188
CUST1009172,2026-06,0.1098,0.2326,0.1791,0.3968,0.4521,0.1941
CUST1009173,2026-06,0.4596,0.1813,0.4521,0.3134,0.3087,0.1672
CUST1009174,2026-06,0.4328,0.4586,0.5306,0.1859,0.2217,0.1878
CUST1009175,2026-06,0.3516,0.3721,0.625,0.5482,0.309,0.0975
CUST1009176,2026-06,0.5378,0.4361,0.5066,0.4478,0.3828,0.1422
CUST1009177,2026-06,0.586,0.0154,0.1911,0.3524,0.2652,0.2756
CUST1009178,2026-06,0.4399,0.5682,0.494,0.2725,0.2801,0.2212
CUST1009179,2026-06,0.43,0.4963,0.3516,0.5478,0.3117,0.1936
CUST1009180,2026-06,0.506,0.2996,0.3101,0.3471,0.3631,0.2112
CUST1009181,2026-06,0.4286,0.2123,0.2759,0.0299,0.5598,0.2315
CUST1009182,2026-06,0.4988,0.3848,0.4188,0.3911,0.3095,0.549
CUST1009183,2026-06,0.2683,0.3385,0.3227,0.1223,0.3043,0.1392
CUST1009184,2026-06,0.6882,0.2262,0.3101,0.3761,0.3495,0.2978
CUST1009185,2026-06,0.5169,0.4701,0.5321,0.3843,0.4697,0.017
CUST1009186,2026-06,0.2247,0.4875,0.3463,0.2658,0.4459,0.0877
CUST1009187,2026-06,0.7421,0.3221,0.5663,0.421,0.4342,0.135
CUST1009188,2026-06,0.5186,0.5957,0.4666,0.2907,0.5102,0.3591
CUST1009189,2026-06,0.3921,0.4745,0.3689,0.5238,0.6152,0.2572
CUST1009190,2026-06,0.2213,0.5734,0.5571,0.2229,0.3151,0.1377
CUST1009191,2026-06,0.668,0.0422,0.3455,0.2602,0.1487,0.5213
CUST1009192,2026-06,0.4054,0.5529,0.4232,0.3721,0.3208,0.1381
CUST1009193,2026-06,0.3644,0.2816,0.6595,0.2239,0.2818,0.2074
CUST1009194,2026-06,0.7266,0.2615,0.4142,0.253,0.2358,0.2303
CUST1009195,2026-06,0.5227,0.4037,0.5214,0.439,0.4802,0.21
CUST1009196,2026-06,0.7739,0.3394,0.5702,0.3426,0.4128,0.01
CUST1009197,2026-06,0.4055,0.34,0.4332,0.2303,0.343,0.1318
CUST1009198,2026-06,0.4555,0.262,0.4511,0.2996,0.3346,0.1095
CUST1009199,2026-06,0.3668,0.4083,0.3471,0.5568,0.3382,0.1771
CUST1009200,2026-06,0.3276,0.5984,0.6696,0.3378,0.3325,0.5397
CUST1009201,2026-06,0.5283,0.585,0.6907,0.4978,0.4115,0.2322
CUST1009202,2026-06,0.4417,0.5506,0.7379,0.2674,0.4741,0.2876
CUST1009203,2026-06,0.4074,0.3971,0.3326,0.5127,0.4156,0.2544
CUST1009204,2026-06,0.3999,0.1561,0.347,0.1479,0.3444,0.1671
CUST1009205,2026-06,0.4719,0.527,0.3023,0.3153,0.3645,0.2265
CUST1009206,2026-06,0.533,0.3407,0.304,0.1249,0.3264,0.2174
CUST1009207,2026-06,0.3642,0.5889,0.4079,0.292,0.294,0.1998
CUST1009208,2026-06,0.1721,0.2644,0.2685,0.3745,0.5101,0.0609
CUST1009209,2026-06,0.618,0.4229,0.6077,0.2914,0.4132,0.147
CUST1009210,2026-06,0.441,0.3426,0.5361,0.4743,0.3211,0.2348
CUST1009211,2026-06,0.5688,0.1499,0.0183,0.5168,0.2275,0.0166
CUST1009212,2026-06,0.5067,0.2721,0.493,0.3374,0.3627,0.0588
CUST1009213,2026-06,0.528,0.1691,0.2669,0.5211,0.1872,0.297
CUST1009214,2026-06,0.478,0.3205,0.4014,0.338,0.3754,0.0987
CUST1009215,2026-06,0.3329,0.0307,0.3445,0.3031,0.4332,0.2874
CUST1009216,2026-06,0.5102,0.3426,0.2744,0.355,0.1816,0.5778
CUST1009217,2026-06,0.5285,0.0680999999999999,0.4085,0.5215,0.1813,0.1843
CUST1009218,2026-06,0.5961,0.3813,0.2632,0.208,0.0799,0.547
CUST1009219,2026-06,0.2149,0.3173,0.0916,0.4135,0.429,0.1401
CUST1009220,2026-06,0.3958,0.4807,0.5024,0.4764,0.2312,0.1805
CUST1009221,2026-06,0.521,0.5216,0.3176,0.4424,0.3591,0.3161
CUST1009222,2026-06,0.4649,0.4381,0.3451,0.3024,0.3642,0.1393
CUST1009223,2026-06,0.6919,0.6532,0.5301,0.2833,0.3125,0.0612
CUST1009224,2026-06,0.6023,0.3471,0.6082,0.4528,0.2881,0.156
CUST1009225,2026-06,0.3893,0.4242,0.3849,0.3481,0.4448,0.2564
CUST1009226,2026-06,0.4064,0.351,0.3003,0.4115,0.3722,0.2683
CUST1009227,2026-06,0.2358,0.251,0.1736,0.2706,0.4583,0.1817
CUST1009228,2026-06,0.392,0.2233,0.2827,0.2158,0.3164,0.0602
CUST1009229,2026-06,0.5665,0.3955,0.4229,0.3298,0.4202,0.1773
CUST1009230,2026-06,0.4969,0.1182,0.3882,0.1598,0.2957,0.2432
CUST1009231,2026-06,0.5577,0.1105,0.3266,0.3337,0.2031,0.1502
CUST1009232,2026-06,0.4281,0.224,0.4334,0.4948,0.5476,0.1231
CUST1009233,2026-06,0.6135,0.4307,0.4155,0.4577,0.3451,0.1969
CUST1009234,2026-06,0.4443,0.2417,0.3654,0.5641,0.0857,0.6552
CUST1009235,2026-06,0.477,0.4785,0.3686,0.4114,0.4507,0.1466
CUST1009236,2026-06,0.6718,0.3175,0.3384,0.2733,0.1326,0.1443
CUST1009237,2026-06,0.8044,0.2378,0.4568,0.4414,0.3069,0.2148
CUST1009238,2026-06,0.3667,0.488,0.2604,0.6352,0.2536,0.2663
CUST1009239,2026-06,0.4532,0.2438,0.3698,0.2232,0.1903,0.2676
CUST1009240,2026-06,0.5926,0.0369,0.4336,0.5223,0.4042,0.178
CUST1009241,2026-06,0.4893,0.4675,0.7323,0.3368,0.4585,0.1831
CUST1009242,2026-06,0.1073,0.2776,0.1136,0.1517,0.5602,0.0447
CUST1009243,2026-06,0.6365,0.4907,0.5419,0.3487,0.405,0.1951
CUST1009244,2026-06,0.4699,0.5253,0.4175,0.4946,0.4111,0.146
CUST1009245,2026-06,0.3776,0.4102,0.5934,0.4313,0.342,0.1374
CUST1009246,2026-06,0.4789,0.457,0.3403,0.5281,0.3984,0.121
CUST1009247,2026-06,0.4358,0.4746,0.3734,0.4648,0.3328,0.2559
CUST1009248,2026-06,0.2705,0.1608,0.0731,0.6085,0.5217,0.1661
CUST1009249,2026-06,0.1869,0.01,0.3438,0.3036,0.352,0.0687
CUST1009250,2026-06,0.4352,0.4068,0.421,0.4081,0.4307,0.1377
CUST1009251,2026-06,0.3518,0.3704,0.3,0.3905,0.424,0.2501
CUST1009252,2026-06,0.2215,0.3389,0.504,0.4701,0.3081,0.1582
CUST1009253,2026-06,0.3919,0.4389,0.4325,0.318,0.4454,0.2323
CUST1009254,2026-06,0.4755,0.2916,0.5119,0.4122,0.4623,0.2041
CUST1009255,2026-06,0.3219,0.0523,0.5126,0.2065,0.5107,0.1196
CUST1009256,2026-06,0.2441,0.1946,0.0331,0.2483,0.5916,0.359
CUST1009257,2026-06,0.5721,0.3035,0.5748,0.2474,0.1944,0.0576
CUST1009258,2026-06,0.1345,0.01,0.2877,0.0837,0.2671,0.2301
CUST1009259,2026-06,0.1948,0.1679,0.2885,0.5051,0.2774,0.01
CUST1009260,2026-06,0.5963,0.1916,0.5057,0.4158,0.1631,0.1907
CUST1009261,2026-06,0.2812,0.1954,0.1824,0.3152,0.4579,0.1201
CUST1009262,2026-06,0.5549,0.2622,0.5019,0.3378,0.18,0.1338
CUST1009263,2026-06,0.5939,0.2985,0.5227,0.3052,0.2072,0.133
CUST1009264,2026-06,0.5727,0.3685,0.4826,0.5685,0.4247,0.1342
CUST1009265,2026-06,0.779,0.13,0.3565,0.4453,0.2273,0.1724
CUST1009266,2026-06,0.505,0.3971,0.4071,0.4676,0.3844,0.2817
CUST1009267,2026-06,0.2842,0.3048,0.323,0.2731,0.6681,0.2072
CUST1009268,2026-06,0.3218,0.2848,0.2013,0.3454,0.4201,0.1794
CUST1009269,2026-06,0.3307,0.1354,0.4133,0.1258,0.3669,0.1695
CUST1009270,2026-06,0.656,0.4375,0.399,0.3159,0.2733,0.1462
CUST1009271,2026-06,0.4375,0.5688,0.4646,0.2765,0.4167,0.118
CUST1009272,2026-06,0.4149,0.4301,0.5414,0.2486,0.3103,0.23
CUST1009273,2026-06,0.5322,0.6186,0.4005,0.4557,0.4278,0.2269
CUST1009274,2026-06,0.726,0.2402,0.469,0.0994,0.6135,0.1311
CUST1009275,2026-06,0.2096,0.0772,0.0712,0.2136,0.3225,0.1085
CUST1009276,2026-06,0.4888,0.1822,0.4737,0.4253,0.4668,0.084
CUST1009277,2026-06,0.3371,0.3006,0.1694,0.3114,0.4671,0.1459
CUST1009278,2026-06,0.2321,0.1546,0.2618,0.481,0.4519,0.2251
CUST1009279,2026-06,0.3461,0.4265,0.6289,0.2271,0.2867,0.6238
CUST1009280,2026-06,0.44,0.5219,0.5086,0.3698,0.1474,0.1975
CUST1009281,2026-06,0.4979,0.421,0.3233,0.4112,0.4408,0.1405
CUST1009282,2026-06,0.4042,0.1976,0.613,0.3602,0.2365,0.2026
CUST1009283,2026-06,0.608,0.4091,0.6001,0.5204,0.3443,0.0602
CUST1009284,2026-06,0.7788,0.4467,0.3606,0.4169,0.3362,0.01
CUST1009285,2026-06,0.5394,0.3524,0.6018,0.5944,0.5186,0.1463
CUST1009286,2026-06,0.2543,0.3566,0.2511,0.5324,0.3307,0.1773
CUST1009287,2026-06,0.3119,0.3304,0.0936,0.5521,0.3547,0.0956
CUST1009288,2026-06,0.7536,0.5121,0.4524,0.5775,0.3267,0.1832
CUST1009289,2026-06,0.5111,0.1279,0.1387,0.579,0.4077,0.2362
CUST1009290,2026-06,0.4484,0.3318,0.3394,0.5341,0.6911,0.1595
CUST1009291,2026-06,0.7028,0.4785,0.3179,0.1916,0.3601,0.0711
CUST1009292,2026-06,0.3407,0.5249,0.6381,0.4045,0.2043,0.0989
CUST1009293,2026-06,0.6738,0.3642,0.2727,0.24,0.3283,0.1262
CUST1009294,2026-06,0.2569,0.1373,0.1906,0.3137,0.45,0.2174
CUST1009295,2026-06,0.4423,0.6558,0.297,0.5681,0.2162,0.2515
CUST1009296,2026-06,0.1173,0.0472,0.0738,0.2274,0.4449,0.1462
CUST1009297,2026-06,0.3204,0.347,0.3181,0.1859,0.2762,0.2024
CUST1009298,2026-06,0.5442,0.2891,0.0874999999999999,0.5533,0.2791,0.0381
CUST1009299,2026-06,0.3289,0.5181,0.6803,0.4142,0.3447,0.1683
CUST1009300,2026-06,0.5768,0.5532,0.3537,0.3932,0.3249,0.1094
CUST1009301,2026-06,0.5703,0.3282,0.4737,0.3783,0.3778,0.1418
CUST1009302,2026-06,0.5864,0.4094,0.6417,0.3975,0.3825,0.1624
CUST1009303,2026-06,0.5792,0.3991,0.4976,0.3853,0.2064,0.1282
CUST1009304,2026-06,0.4572,0.4181,0.5644,0.3926,0.3053,0.2278
CUST1009305,2026-06,0.4547,0.4601,0.3847,0.1292,0.469,0.2102
CUST1009306,2026-06,0.3733,0.3592,0.4379,0.453,0.526,0.0897
CUST1009307,2026-06,0.3824,0.3996,0.4383,0.4951,0.5694,0.2492
CUST1009308,2026-06,0.7593,0.2484,0.3021,0.3427,0.5373,0.2379
CUST1009309,2026-06,0.6906,0.2867,0.3406,0.2885,0.2255,0.308
CUST1009310,2026-06,0.4913,0.3748,0.3846,0.248,0.3146,0.1622
CUST1009311,2026-06,0.5128,0.4697,0.5404,0.3552,0.3051,0.1325
CUST1009312,2026-06,0.675,0.3246,0.7168,0.534,0.3484,0.1121
CUST1009313,2026-06,0.4189,0.01,0.2747,0.3679,0.0729,0.2665
CUST1009314,2026-06,0.1723,0.1372,0.2917,0.3558,0.5484,0.2647
CUST1009315,2026-06,0.5856,0.1129,0.3073,0.483,0.2642,0.7295
CUST1009316,2026-06,0.5914,0.5124,0.4984,0.4503,0.3514,0.2684
CUST1009317,2026-06,0.109,0.3265,0.3257,0.2031,0.3359,0.2196
CUST1009318,2026-06,0.1895,0.3656,0.067,0.2127,0.3779,0.15
CUST1009319,2026-06,0.4097,0.5353,0.5118,0.2822,0.4361,0.2107
CUST1009320,2026-06,0.474,0.3169,0.3264,0.4655,0.5082,0.2215
CUST1009321,2026-06,0.4915,0.4862,0.2491,0.2309,0.3935,0.283
CUST1009322,2026-06,0.6715,0.1702,0.6011,0.3058,0.2396,0.3077
CUST1009323,2026-06,0.5921,0.286,0.3445,0.1502,0.3331,0.0982
CUST1009324,2026-06,0.436,0.4603,0.2299,0.4207,0.52,0.0419
CUST1009325,2026-06,0.3996,0.01,0.01,0.2749,0.3213,0.1953
CUST1009326,2026-06,0.124,0.2968,0.2112,0.3439,0.4166,0.3025
CUST1009327,2026-06,0.4971,0.1173,0.5126,0.2281,0.4527,0.1171
CUST1009328,2026-06,0.2991,0.2926,0.1654,0.4302,0.4308,0.1639
CUST1009329,2026-06,0.3537,0.435,0.462,0.2715,0.396,0.1141
CUST1009330,2026-06,0.3701,0.3695,0.4486,0.3256,0.3399,0.1857
CUST1009331,2026-06,0.4806,0.6217,0.7555,0.4996,0.3748,0.2058
CUST1009332,2026-06,0.4269,0.01,0.2098,0.3725,0.1831,0.6612
CUST1009333,2026-06,0.1082,0.3823,0.2216,0.3223,0.4983,0.1414
CUST1009334,2026-06,0.5255,0.1544,0.5287,0.4097,0.6075,0.0179
CUST1009335,2026-06,0.5368,0.2689,0.3047,0.2221,0.3203,0.1879
CUST1009336,2026-06,0.5849,0.3311,0.3674,0.3508,0.3311,0.1446
CUST1009337,2026-06,0.3615,0.3307,0.446,0.2327,0.3689,0.1894
CUST1009338,2026-06,0.4016,0.1502,0.1843,0.4915,0.1776,0.2033
CUST1009339,2026-06,0.6128,0.2637,0.4547,0.3111,0.3359,0.208
CUST1009340,2026-06,0.4906,0.2872,0.3564,0.3398,0.3583,0.0221
CUST1009341,2026-06,0.6401,0.1809,0.5217,0.1857,0.2689,0.1649
CUST1009342,2026-06,0.1805,0.2515,0.0626,0.4387,0.4894,0.22
CUST1009343,2026-06,0.5613,0.3692,0.4057,0.523,0.4328,0.1415
CUST1009344,2026-06,0.3656,0.2324,0.01,0.4757,0.5837,0.2448
CUST1009345,2026-06,0.3687,0.2477,0.5297,0.3988,0.441,0.0843
CUST1009346,2026-06,0.3912,0.4216,0.4196,0.4192,0.3242,0.1024
CUST1009347,2026-06,0.3989,0.2007,0.387,0.2941,0.4511,0.2264
CUST1009348,2026-06,0.1078,0.2097,0.01,0.2034,0.2621,0.2292
CUST1009349,2026-06,0.2456,0.2537,0.3157,0.0497,0.5511,0.1161
CUST1009350,2026-06,0.412,0.2972,0.7105,0.5342,0.4497,0.0658
CUST1009351,2026-06,0.3711,0.3692,0.6335,0.0932999999999999,0.4881,0.2004
CUST1009352,2026-06,0.2981,0.282,0.5964,0.183,0.2972,0.1829
CUST1009353,2026-06,0.2963,0.1938,0.5842,0.5011,0.341,0.4933
CUST1009354,2026-06,0.4926,0.4958,0.4572,0.5824,0.3535,0.1837
CUST1009355,2026-06,0.5241,0.3085,0.3957,0.5746,0.5103,0.1887
CUST1009356,2026-06,0.644,0.2209,0.409,0.2086,0.2365,0.1542
CUST1009357,2026-06,0.7834,0.2023,0.5086,0.442,0.1909,0.1495
CUST1009358,2026-06,0.5441,0.5485,0.3847,0.5636,0.3867,0.0892
CUST1009359,2026-06,0.3058,0.4114,0.5439,0.4,0.4053,0.1336
CUST1009360,2026-06,0.4425,0.5732,0.5124,0.5213,0.2891,0.2581
CUST1009361,2026-06,0.4165,0.4746,0.5942,0.4708,0.3776,0.186
CUST1009362,2026-06,0.5483,0.3945,0.5021,0.5171,0.5071,0.0474
CUST1009363,2026-06,0.4739,0.14,0.2854,0.0759,0.3378,0.2667
CUST1009364,2026-06,0.3485,0.4843,0.7437,0.4088,0.2856,0.01
CUST1009365,2026-06,0.0765,0.2963,0.2596,0.4117,0.552,0.1441
CUST1009366,2026-06,0.4723,0.0969,0.3881,0.2435,0.3866,0.2058
CUST1009367,2026-06,0.2193,0.2767,0.1102,0.4176,0.506,0.3411
CUST1009368,2026-06,0.3096,0.1505,0.282,0.4841,0.3334,0.2168
CUST1009369,2026-06,0.6321,0.2902,0.3436,0.2534,0.3101,0.2982
CUST1009370,2026-06,0.4882,0.3159,0.4872,0.3358,0.4454,0.0395
CUST1009371,2026-06,0.3609,0.492,0.6695,0.5006,0.3322,0.1764
CUST1009372,2026-06,0.2436,0.3473,0.1714,0.3494,0.3863,0.7011
CUST1009373,2026-06,0.1031,0.274,0.215,0.3336,0.233,0.2564
CUST1009374,2026-06,0.7384,0.4583,0.3583,0.4039,0.1727,0.1689
CUST1009375,2026-06,0.1815,0.2655,0.01,0.3148,0.3092,0.2024
CUST1009376,2026-06,0.2513,0.2483,0.1846,0.3682,0.4258,0.1341
CUST1009377,2026-06,0.3752,0.444,0.3294,0.6643,0.2787,0.5921
CUST1009378,2026-06,0.1339,0.2982,0.2633,0.1913,0.2917,0.5113
CUST1009379,2026-06,0.3679,0.0428,0.0832,0.2318,0.1037,0.2662
CUST1009380,2026-06,0.3848,0.396,0.771,0.4555,0.3749,0.2171
CUST1009381,2026-06,0.3247,0.3247,0.4811,0.2529,0.3264,0.12
CUST1009382,2026-06,0.3745,0.3876,0.3541,0.4222,0.2909,0.2248
CUST1009383,2026-06,0.4175,0.4774,0.4737,0.3219,0.2957,0.263
CUST1009384,2026-06,0.3301,0.3905,0.1035,0.5212,0.5292,0.1219
CUST1009385,2026-06,0.1795,0.2864,0.2011,0.2748,0.2349,0.1826
CUST1009386,2026-06,0.2843,0.3295,0.2476,0.2573,0.3734,0.0866
CUST1009387,2026-06,0.4387,0.457,0.72,0.1639,0.4017,0.1329
CUST1009388,2026-06,0.1661,0.3391,0.1398,0.2144,0.3213,0.1655
CUST1009389,2026-06,0.7732,0.3952,0.4874,0.558,0.1952,0.1485
CUST1009390,2026-06,0.5871,0.4409,0.6224,0.2786,0.3855,0.1221
CUST1009391,2026-06,0.4676,0.1657,0.5271,0.0959,0.2333,0.1542
CUST1009392,2026-06,0.3454,0.4847,0.5027,0.3601,0.3224,0.1643
CUST1009393,2026-06,0.0728,0.027,0.1755,0.2454,0.2647,0.6525
CUST1009394,2026-06,0.5398,0.1261,0.2007,0.5942,0.2939,0.2172
CUST1009395,2026-06,0.6304,0.1542,0.4755,0.4931,0.255,0.3268
CUST1009396,2026-06,0.3459,0.4193,0.4595,0.4236,0.3288,0.085
CUST1009397,2026-06,0.2993,0.5449,0.1721,0.2207,0.3027,0.2566
CUST1009398,2026-06,0.3231,0.4953,0.306,0.4092,0.2343,0.1826
CUST1009399,2026-06,0.4386,0.1491,0.2986,0.5551,0.4761,0.5001
CUST1009400,2026-06,0.3231,0.4073,0.5328,0.2478,0.3638,0.558
CUST1009401,2026-06,0.3968,0.01,0.1662,0.4666,0.1878,0.2382
CUST1009402,2026-06,0.4259,0.1531,0.2353,0.2394,0.3378,0.216
CUST1009403,2026-06,0.198,0.0174,0.0609,0.218,0.2809,0.3239
CUST1009404,2026-06,0.2474,0.01,0.099,0.104,0.2393,0.2666
CUST1009405,2026-06,0.3948,0.4188,0.5398,0.2254,0.3794,0.199
CUST1009406,2026-06,0.5057,0.5074,0.3589,0.3559,0.313,0.1145
CUST1009407,2026-06,0.5141,0.2348,0.0383,0.512,0.4125,0.1786
CUST1009408,2026-06,0.1323,0.4,0.01,0.3227,0.1146,0.2292
CUST1009409,2026-06,0.1673,0.3109,0.2201,0.2494,0.2476,0.609
CUST1009410,2026-06,0.7486,0.2544,0.6841,0.4102,0.2896,0.228
CUST1009411,2026-06,0.5983,0.2499,0.3498,0.4196,0.1828,0.2019
CUST1009412,2026-06,0.2327,0.0293,0.1922,0.4354,0.3774,0.0693
CUST1009413,2026-06,0.3909,0.4242,0.3305,0.3883,0.2135,0.1902
CUST1009414,2026-06,0.3422,0.2021,0.615,0.1363,0.5337,0.29
CUST1009415,2026-06,0.1088,0.3228,0.2756,0.2361,0.564,0.2066
CUST1009416,2026-06,0.6273,0.3624,0.4064,0.5551,0.3586,0.0536
CUST1009417,2026-06,0.1911,0.4362,0.2485,0.1735,0.3109,0.2524
CUST1009418,2026-06,0.4086,0.3696,0.4694,0.2595,0.293,0.0528
CUST1009419,2026-06,0.7399,0.5014,0.4739,0.3736,0.2979,0.242
CUST1009420,2026-06,0.5289,0.2539,0.7464,0.1687,0.3567,0.2432
CUST1009421,2026-06,0.2655,0.3815,0.2769,0.4466,0.3813,0.1941
CUST1009422,2026-06,0.1606,0.01,0.1473,0.1081,0.2862,0.3718
CUST1009423,2026-06,0.5396,0.2258,0.3743,0.4665,0.236,0.1566
CUST1009424,2026-06,0.4063,0.5245,0.581,0.336,0.3299,0.2603
CUST1009425,2026-06,0.4573,0.4024,0.6158,0.378,0.3421,0.2187
CUST1009426,2026-06,0.3927,0.5174,0.4855,0.3427,0.3321,0.1122
CUST1009427,2026-06,0.4273,0.2926,0.2251,0.3189,0.3195,0.1809
CUST1009428,2026-06,0.7408,0.2503,0.3551,0.3421,0.4873,0.2602
CUST1009429,2026-06,0.3649,0.2804,0.4787,0.5091,0.3117,0.0830999999999999
CUST1009430,2026-06,0.3581,0.4603,0.5069,0.2867,0.3386,0.2376
CUST1009431,2026-06,0.3229,0.0766,0.3933,0.5895,0.3181,0.1163
CUST1009432,2026-06,0.259,0.2789,0.55,0.1241,0.2291,0.0164
CUST1009433,2026-06,0.4333,0.5816,0.6975,0.4267,0.3682,0.1999
CUST1009434,2026-06,0.0839,0.2417,0.0789,0.3609,0.2175,0.01
CUST1009435,2026-06,0.1024,0.1509,0.0612,0.1025,0.2969,0.6737
CUST1009436,2026-06,0.7431,0.4752,0.4326,0.53,0.3121,0.1128
CUST1009437,2026-06,0.2377,0.1345,0.2563,0.1901,0.5578,0.0233
CUST1009438,2026-06,0.5234,0.1473,0.3887,0.335,0.3486,0.01
CUST1009439,2026-06,0.6036,0.2479,0.0903999999999999,0.6168,0.2982,0.1844
CUST1009440,2026-06,0.6142,0.304,0.1793,0.6411,0.3645,0.1379
CUST1009441,2026-06,0.4733,0.1587,0.4239,0.365,0.4112,0.1232
CUST1009442,2026-06,0.2591,0.2974,0.1797,0.2083,0.4114,0.2193
CUST1009443,2026-06,0.4366,0.4155,0.4561,0.3656,0.4357,0.1498
CUST1009444,2026-06,0.3568,0.3515,0.5589,0.3066,0.3525,0.2119
CUST1009445,2026-06,0.5964,0.1108,0.2225,0.3399,0.2525,0.2537
CUST1009446,2026-06,0.3019,0.1128,0.0542,0.3769,0.2891,0.2699
CUST1009447,2026-06,0.4704,0.357,0.5214,0.2363,0.3906,0.0397
CUST1009448,2026-06,0.3362,0.0751,0.0927999999999999,0.3342,0.183,0.2456
CUST1009449,2026-06,0.3089,0.1226,0.172,0.3409,0.2047,0.1254
CUST1009450,2026-06,0.3036,0.244,0.3242,0.0929,0.3162,0.2
CUST1009451,2026-06,0.2459,0.3785,0.179,0.2892,0.2417,0.7224
CUST1009452,2026-06,0.6548,0.23,0.2892,0.2581,0.1797,0.1687
CUST1009453,2026-06,0.6205,0.2464,0.5762,0.1558,0.275,0.4146
CUST1009454,2026-06,0.5381,0.4821,0.2763,0.2299,0.3341,0.0732
CUST1009455,2026-06,0.3981,0.3588,0.2947,0.2808,0.2133,0.1758
CUST1009456,2026-06,0.4021,0.3829,0.3221,0.5452,0.2795,0.2159
CUST1009457,2026-06,0.4918,0.4912,0.3308,0.3567,0.3926,0.2154
CUST1009458,2026-06,0.5352,0.3154,0.42,0.4994,0.278,0.1301
CUST1009459,2026-06,0.389,0.3216,0.4663,0.3764,0.4182,0.611
CUST1009460,2026-06,0.4602,0.1392,0.3683,0.4347,0.5052,0.1252
CUST1009461,2026-06,0.3144,0.4525,0.6796,0.372,0.39,0.2281
CUST1009462,2026-06,0.3799,0.5489,0.5718,0.465,0.27,0.0571
CUST1009463,2026-06,0.6423,0.2785,0.6765,0.4892,0.1055,0.183
CUST1009464,2026-06,0.5023,0.5442,0.5522,0.2267,0.2936,0.2374
CUST1009465,2026-06,0.3799,0.01,0.0983,0.2947,0.4507,0.2666
CUST1009466,2026-06,0.4501,0.4414,0.6274,0.4964,0.2951,0.1867
CUST1009467,2026-06,0.3596,0.3212,0.5159,0.4432,0.3385,0.1266
CUST1009468,2026-06,0.626,0.5088,0.3977,0.4899,0.4333,0.0872
CUST1009469,2026-06,0.466,0.1292,0.0592,0.3135,0.2776,0.2242
CUST1009470,2026-06,0.3011,0.3561,0.2459,0.5781,0.2271,0.1458
CUST1009471,2026-06,0.6793,0.2505,0.3628,0.0166,0.326,0.1843
CUST1009472,2026-06,0.3522,0.1747,0.434,0.2577,0.3525,0.0926
CUST1009473,2026-06,0.5718,0.4727,0.5416,0.2217,0.3939,0.1815
CUST1009474,2026-06,0.5506,0.01,0.4097,0.2691,0.2686,0.3673
CUST1009475,2026-06,0.4425,0.4728,0.5906,0.0605,0.3852,0.0709
CUST1009476,2026-06,0.3436,0.01,0.1793,0.201,0.3041,0.5868
CUST1009477,2026-06,0.706,0.2091,0.3323,0.4931,0.1307,0.1902
CUST1009478,2026-06,0.267,0.2551,0.0782,0.2336,0.4293,0.2314
CUST1009479,2026-06,0.3198,0.5169,0.501,0.3019,0.373,0.1907
CUST1009480,2026-06,0.3816,0.5137,0.2962,0.4209,0.398,0.0465
CUST1009481,2026-06,0.3439,0.3061,0.2665,0.1406,0.6279,0.1773
CUST1009482,2026-06,0.7152,0.1107,0.4979,0.3817,0.4355,0.1981
CUST1009483,2026-06,0.2368,0.2328,0.1458,0.1989,0.3102,0.5017
CUST1009484,2026-06,0.276,0.01,0.1723,0.3384,0.5518,0.0898999999999999
CUST1009485,2026-06,0.2142,0.3171,0.2375,0.343,0.2942,0.1927
CUST1009486,2026-06,0.3813,0.1829,0.3396,0.4366,0.3758,0.01
CUST1009487,2026-06,0.4026,0.4283,0.6007,0.3483,0.283,0.1136
CUST1009488,2026-06,0.22,0.4993,0.381,0.3273,0.4085,0.01
CUST1009489,2026-06,0.4573,0.2938,0.4051,0.376,0.3871,0.2514
CUST1009490,2026-06,0.45,0.2036,0.3618,0.3847,0.4204,0.1552
CUST1009491,2026-06,0.5527,0.2648,0.1422,0.2978,0.2534,0.2035
CUST1009492,2026-06,0.5161,0.3202,0.3671,0.3025,0.6445,0.0979
CUST1009493,2026-06,0.4883,0.2412,0.4886,0.4674,0.4926,0.1756
CUST1009494,2026-06,0.4791,0.4564,0.3364,0.2087,0.3233,0.1455
CUST1009495,2026-06,0.5011,0.4866,0.495,0.3313,0.3801,0.1625
CUST1009496,2026-06,0.6511,0.2785,0.2347,0.4308,0.2493,0.117
CUST1009497,2026-06,0.5327,0.4632,0.292,0.4088,0.2341,0.2269
CUST1009498,2026-06,0.5391,0.2958,0.3653,0.5222,0.6492,0.1543
CUST1009499,2026-06,0.4703,0.5772,0.4645,0.5662,0.462,0.3152
CUST1009500,2026-06,0.2447,0.3895,0.2969,0.2057,0.3061,0.0975
CUST1009501,2026-06,0.1325,0.1011,0.0815,0.5549,0.274,0.1777
CUST1009502,2026-06,0.4618,0.01,0.1249,0.4117,0.3467,0.0882
CUST1009503,2026-06,0.6111,0.0893999999999999,0.4251,0.2989,0.3692,0.1409
CUST1009504,2026-06,0.4068,0.2569,0.1765,0.3653,0.189,0.2588
CUST1009505,2026-06,0.4076,0.3076,0.3692,0.2728,0.2255,0.162
CUST1009506,2026-06,0.5023,0.0545,0.2382,0.3684,0.3033,0.2326
CUST1009507,2026-06,0.7453,0.2063,0.4503,0.4994,0.2218,0.1171
CUST1009508,2026-06,0.4414,0.387,0.5514,0.2929,0.1756,0.5561
CUST1009509,2026-06,0.4883,0.5045,0.3734,0.4268,0.4214,0.2358
CUST1009510,2026-06,0.3912,0.4362,0.4383,0.3746,0.6658,0.1382
CUST1009511,2026-06,0.6445,0.5214,0.273,0.4858,0.4531,0.1598
CUST1009512,2026-06,0.517,0.396,0.5303,0.5108,0.5984,0.0563
CUST1009513,2026-06,0.3189,0.2907,0.3078,0.3976,0.5031,0.1019
CUST1009514,2026-06,0.5704,0.3904,0.3352,0.5655,0.5815,0.2636
CUST1009515,2026-06,0.346,0.0767,0.3411,0.1594,0.4145,0.0866
CUST1009516,2026-06,0.3797,0.5153,0.5552,0.4931,0.3242,0.2225
CUST1009517,2026-06,0.3831,0.3493,0.5274,0.2003,0.2911,0.1249
CUST1009518,2026-06,0.4823,0.2736,0.2541,0.4576,0.2702,0.2167
CUST1009519,2026-06,0.4619,0.582,0.2992,0.6965,0.3705,0.1881
CUST1009520,2026-06,0.2022,0.3688,0.2679,0.4757,0.2748,0.1811
CUST1009521,2026-06,0.3082,0.3194,0.6874,0.2712,0.3426,0.082
CUST1009522,2026-06,0.7419,0.2184,0.5601,0.173,0.2233,0.1968
CUST1009523,2026-06,0.3911,0.2461,0.3666,0.6397,0.2646,0.2723
CUST1009524,2026-06,0.3376,0.1556,0.0617,0.5433,0.4088,0.2428
CUST1009525,2026-06,0.4174,0.3546,0.3418,0.4345,0.3979,0.2214
CUST1009526,2026-06,0.2616,0.0544,0.1421,0.1046,0.5732,0.1482
CUST1009527,2026-06,0.6047,0.1823,0.4248,0.4251,0.174,0.3912
CUST1009528,2026-06,0.4508,0.5936,0.6268,0.5409,0.3607,0.1431
CUST1009529,2026-06,0.1875,0.2984,0.239,0.442,0.243,0.6053
CUST1009530,2026-06,0.425,0.0853,0.1282,0.4769,0.2909,0.234
CUST1009531,2026-06,0.771,0.561,0.5258,0.5054,0.2658,0.117
CUST1009532,2026-06,0.5913,0.3414,0.4529,0.5512,0.176,0.2329
CUST1009533,2026-06,0.4542,0.4315,0.4829,0.3,0.3954,0.0745
CUST1009534,2026-06,0.313,0.3312,0.4032,0.185,0.3102,0.0353
CUST1009535,2026-06,0.3838,0.3116,0.4701,0.2916,0.3388,0.2161
CUST1009536,2026-06,0.6896,0.3546,0.4028,0.5663,0.4243,0.0753999999999999
CUST1009537,2026-06,0.6141,0.3881,0.6422,0.3184,0.2035,0.01
CUST1009538,2026-06,0.6258,0.2245,0.5567,0.4862,0.3659,0.2518
CUST1009539,2026-06,0.3434,0.2126,0.1306,0.4474,0.1958,0.2408
CUST1009540,2026-06,0.6232,0.4496,0.2789,0.2536,0.3745,0.0794
CUST1009541,2026-06,0.573,0.4782,0.5194,0.3008,0.2694,0.1207
CUST1009542,2026-06,0.3289,0.0221,0.3066,0.2522,0.3247,0.2938
CUST1009543,2026-06,0.5737,0.0932,0.4378,0.3521,0.0793,0.6187
CUST1009544,2026-06,0.7637,0.3454,0.3499,0.4115,0.2214,0.2757
CUST1009545,2026-06,0.1207,0.3961,0.1656,0.1574,0.3666,0.2027
CUST1009546,2026-06,0.6183,0.0561,0.2185,0.2746,0.2735,0.1442
CUST1009547,2026-06,0.2322,0.01,0.01,0.1784,0.5579,0.1544
CUST1009548,2026-06,0.3151,0.333,0.5937,0.2378,0.3724,0.2728
CUST1009549,2026-06,0.3535,0.2917,0.2002,0.2913,0.3292,0.1066
CUST1009550,2026-06,0.6257,0.3208,0.3894,0.4019,0.1718,0.0584
CUST1009551,2026-06,0.6611,0.3638,0.4306,0.4708,0.3175,0.1572
CUST1009552,2026-06,0.516,0.4285,0.3304,0.4663,0.4335,0.014
CUST1009553,2026-06,0.6092,0.2101,0.3726,0.1913,0.1288,0.3174
CUST1009554,2026-06,0.6506,0.3556,0.4868,0.1586,0.2241,0.0845999999999999
CUST1009555,2026-06,0.4824,0.1303,0.1103,0.5172,0.3743,0.2896
CUST1009556,2026-06,0.4066,0.1903,0.3867,0.257,0.2225,0.1764
CUST1009557,2026-06,0.4376,0.4752,0.8578,0.3145,0.278,0.338
CUST1009558,2026-06,0.7384,0.4252,0.386,0.5303,0.2291,0.0125
CUST1009559,2026-06,0.1082,0.27,0.2519,0.3607,0.2039,0.0929
CUST1009560,2026-06,0.7443,0.3117,0.4654,0.4342,0.1786,0.1264
CUST1009561,2026-06,0.4094,0.4475,0.4056,0.447,0.3075,0.2354
CUST1009562,2026-06,0.8426,0.2894,0.4659,0.5443,0.3072,0.145
CUST1009563,2026-06,0.4996,0.1991,0.5528,0.4675,0.2267,0.2606
CUST1009564,2026-06,0.4117,0.274,0.5303,0.5056,0.4889,0.0742
CUST1009565,2026-06,0.3543,0.299,0.2099,0.3564,0.2832,0.5403
CUST1009566,2026-06,0.1278,0.0684,0.1674,0.1121,0.2574,0.1827
CUST1009567,2026-06,0.3825,0.4715,0.2907,0.3555,0.4458,0.2257
CUST1009568,2026-06,0.1195,0.2576,0.1824,0.3271,0.5315,0.3336
CUST1009569,2026-06,0.2172,0.3972,0.547,0.2265,0.4678,0.1466
CUST1009570,2026-06,0.6175,0.2495,0.4089,0.52,0.2773,0.4806
CUST1009571,2026-06,0.2144,0.3801,0.2678,0.2915,0.3737,0.0601
CUST1009572,2026-06,0.4162,0.3274,0.4845,0.346,0.4719,0.1133
CUST1009573,2026-06,0.3593,0.2122,0.0815,0.2712,0.2408,0.1474
CUST1009574,2026-06,0.4238,0.4449,0.4391,0.2504,0.3351,0.0984
CUST1009575,2026-06,0.4092,0.6076,0.4292,0.494,0.5992,0.2554
CUST1009576,2026-06,0.3573,0.2927,0.5632,0.4739,0.2574,0.1644
CUST1009577,2026-06,0.3852,0.01,0.2365,0.0521,0.1353,0.1731
CUST1009578,2026-06,0.4859,0.2104,0.3346,0.2057,0.2386,0.2998
CUST1009579,2026-06,0.4791,0.2461,0.3953,0.3897,0.3956,0.091
CUST1009580,2026-06,0.3944,0.2867,0.37,0.4948,0.3657,0.2011
CUST1009581,2026-06,0.2523,0.3094,0.1524,0.2692,0.4041,0.01
CUST1009582,2026-06,0.349,0.4092,0.5716,0.4891,0.3714,0.1473
CUST1009583,2026-06,0.4462,0.3311,0.6176,0.3754,0.3613,0.1322
CUST1009584,2026-06,0.2007,0.2924,0.074,0.1916,0.5357,0.1988
CUST1009585,2026-06,0.2738,0.01,0.1646,0.4504,0.599,0.1322
CUST1009586,2026-06,0.3758,0.3567,0.3753,0.4025,0.4096,0.2253
CUST1009587,2026-06,0.106,0.3379,0.2091,0.2686,0.3511,0.096
CUST1009588,2026-06,0.6613,0.5346,0.5158,0.4613,0.6069,0.1226
CUST1009589,2026-06,0.5432,0.4042,0.381,0.227,0.4286,0.3288
CUST1009590,2026-06,0.444,0.3601,0.6183,0.3389,0.3287,0.6762
CUST1009591,2026-06,0.4795,0.2361,0.3581,0.356,0.3529,0.1987
CUST1009592,2026-06,0.2217,0.3187,0.1489,0.1607,0.3072,0.1434
CUST1009593,2026-06,0.5672,0.2243,0.1318,0.5842,0.2711,0.2056
CUST1009594,2026-06,0.497,0.4821,0.3681,0.5671,0.6225,0.2657
CUST1009595,2026-06,0.4457,0.3856,0.6013,0.3533,0.3163,0.2417
CUST1009596,2026-06,0.3287,0.4581,0.5415,0.3644,0.2163,0.01
CUST1009597,2026-06,0.7833,0.3562,0.5725,0.2667,0.1538,0.1905
CUST1009598,2026-06,0.1725,0.3083,0.2522,0.315,0.4676,0.2287
CUST1009599,2026-06,0.7209,0.3395,0.6902,0.439,0.136,0.2076
CUST1009600,2026-06,0.5123,0.3848,0.3779,0.3339,0.3403,0.1363
CUST1009601,2026-06,0.5264,0.2434,0.5764,0.5976,0.2746,0.6
CUST1009602,2026-06,0.5208,0.3448,0.4417,0.4505,0.1873,0.2193
CUST1009603,2026-06,0.3934,0.2133,0.5655,0.2471,0.4917,0.2146
CUST1009604,2026-06,0.4384,0.5092,0.4573,0.4755,0.3647,0.1935
CUST1009605,2026-06,0.3468,0.375,0.452,0.2812,0.412,0.1161
CUST1009606,2026-06,0.5302,0.3389,0.4854,0.2229,0.0998,0.2325
CUST1009607,2026-06,0.6008,0.4571,0.3931,0.501,0.287,0.5692
CUST1009608,2026-06,0.3542,0.5551,0.3645,0.5118,0.2592,0.3566
CUST1009609,2026-06,0.358,0.2474,0.3654,0.0969,0.5724,0.2518
CUST1009610,2026-06,0.4902,0.2977,0.3175,0.348,0.375,0.0289
CUST1009611,2026-06,0.2178,0.1083,0.215,0.207,0.3602,0.277
CUST1009612,2026-06,0.3629,0.3807,0.5981,0.3766,0.3771,0.2323
CUST1009613,2026-06,0.1277,0.096,0.1766,0.2992,0.3459,0.1257
CUST1009614,2026-06,0.531,0.4552,0.3764,0.3908,0.3844,0.1321
CUST1009615,2026-06,0.4908,0.4592,0.7928,0.3855,0.3783,0.0287
CUST1009616,2026-06,0.3277,0.1398,0.4784,0.5599,0.3708,0.1351
CUST1009617,2026-06,0.5304,0.01,0.1542,0.2166,0.1454,0.1942
CUST1009618,2026-06,0.4121,0.2653,0.3616,0.2085,0.4514,0.328
CUST1009619,2026-06,0.4071,0.5146,0.2689,0.7072,0.3162,0.1451
CUST1009620,2026-06,0.7547,0.171,0.6752,0.4132,0.2179,0.1083
CUST1009621,2026-06,0.4766,0.2071,0.0394,0.2487,0.1662,0.1332
CUST1009622,2026-06,0.3212,0.4209,0.4708,0.3722,0.4437,0.1219
CUST1009623,2026-06,0.4722,0.4254,0.33,0.4603,0.2852,0.1801
CUST1009624,2026-06,0.5362,0.5203,0.383,0.4078,0.3874,0.2398
CUST1009625,2026-06,0.653,0.121,0.4146,0.4466,0.2395,0.182
CUST1009626,2026-06,0.4509,0.3721,0.5173,0.52,0.3748,0.1974
CUST1009627,2026-06,0.3295,0.1154,0.1687,0.2991,0.5044,0.4187
CUST1009628,2026-06,0.548,0.4799,0.4114,0.5152,0.5555,0.0632
CUST1009629,2026-06,0.4187,0.5016,0.2564,0.1482,0.3725,0.4794
CUST1009630,2026-06,0.526,0.4295,0.4336,0.5103,0.2056,0.1074
CUST1009631,2026-06,0.4213,0.401,0.5314,0.1002,0.2914,0.0474
CUST1009632,2026-06,0.4077,0.5818,0.413,0.3566,0.4023,0.0454
CUST1009633,2026-06,0.7652,0.2741,0.2801,0.4472,0.3557,0.2151
CUST1009634,2026-06,0.4639,0.5651,0.5011,0.3346,0.5131,0.1641
CUST1009635,2026-06,0.3,0.2168,0.0388,0.5204,0.3371,0.01
CUST1009636,2026-06,0.3826,0.239,0.391,0.3818,0.2306,0.1876
CUST1009637,2026-06,0.5815,0.1493,0.3171,0.1021,0.4393,0.1302
CUST1009638,2026-06,0.4514,0.5201,0.6607,0.126,0.4509,0.2635
CUST1009639,2026-06,0.4918,0.435,0.5532,0.431,0.2989,0.2649
CUST1009640,2026-06,0.531,0.1731,0.3536,0.2832,0.2483,0.3144
CUST1009641,2026-06,0.3808,0.4912,0.4496,0.459,0.5549,0.0363
CUST1009642,2026-06,0.3001,0.4193,0.4998,0.255,0.4825,0.2792
CUST1009643,2026-06,0.6454,0.0958,0.214,0.3271,0.2528,0.1269
CUST1009644,2026-06,0.2242,0.1971,0.2067,0.2855,0.2503,0.1713
CUST1009645,2026-06,0.8367,0.3195,0.6208,0.3344,0.2349,0.1702
CUST1009646,2026-06,0.3901,0.0942999999999999,0.6322,0.3955,0.2147,0.1582
CUST1009647,2026-06,0.4259,0.4237,0.4292,0.357,0.2213,0.0799
CUST1009648,2026-06,0.4445,0.6712,0.5657,0.3998,0.3524,0.3452
CUST1009649,2026-06,0.3972,0.2711,0.1182,0.3356,0.3792,0.2397
CUST1009650,2026-06,0.462,0.701,0.5088,0.4436,0.2583,0.1354
CUST1009651,2026-06,0.248,0.3571,0.399,0.2258,0.3192,0.1398
CUST1009652,2026-06,0.4174,0.3661,0.3987,0.3256,0.1787,0.1478
CUST1009653,2026-06,0.5598,0.01,0.2339,0.0176,0.2538,0.1683
CUST1009654,2026-06,0.3515,0.2611,0.7534,0.1999,0.1632,0.7669
CUST1009655,2026-06,0.3292,0.3194,0.2098,0.573,0.3331,0.1876
CUST1009656,2026-06,0.0765,0.01,0.0158,0.192,0.4363,0.1668
CUST1009657,2026-06,0.6008,0.1985,0.3977,0.359,0.3082,0.3646
CUST1009658,2026-06,0.3672,0.6042,0.3777,0.5068,0.3176,0.2235
CUST1009659,2026-06,0.4609,0.4024,0.4798,0.443,0.3427,0.1565
CUST1009660,2026-06,0.619,0.1287,0.2908,0.3793,0.206,0.2546
CUST1009661,2026-06,0.173,0.3877,0.3594,0.2597,0.34,0.0755
CUST1009662,2026-06,0.3678,0.4551,0.6653,0.2673,0.4221,0.1589
CUST1009663,2026-06,0.634,0.479,0.3211,0.4632,0.2644,0.268
CUST1009664,2026-06,0.1338,0.31,0.0727,0.1532,0.6077,0.0557
CUST1009665,2026-06,0.0709,0.1696,0.1201,0.1775,0.4663,0.0777
CUST1009666,2026-06,0.4517,0.3766,0.248,0.3886,0.45,0.235
CUST1009667,2026-06,0.3438,0.3784,0.4184,0.1787,0.4856,0.1458
CUST1009668,2026-06,0.7165,0.3447,0.4201,0.4374,0.2591,0.0818
CUST1009669,2026-06,0.616,0.34,0.325,0.3162,0.1365,0.2533
CUST1009670,2026-06,0.5026,0.3499,0.335,0.4053,0.3187,0.1447
CUST1009671,2026-06,0.6626,0.3695,0.5987,0.4563,0.2431,0.1532
CUST1009672,2026-06,0.7113,0.3771,0.4518,0.5182,0.2543,0.1941
CUST1009673,2026-06,0.6339,0.1964,0.4576,0.4758,0.3816,0.1269
CUST1009674,2026-06,0.3412,0.2152,0.2937,0.3377,0.3822,0.15
CUST1009675,2026-06,0.663,0.3286,0.5265,0.3045,0.201,0.0908
CUST1009676,2026-06,0.476,0.3335,0.5149,0.4944,0.379,0.0305
CUST1009677,2026-06,0.4285,0.4204,0.3465,0.4483,0.1871,0.5619
CUST1009678,2026-06,0.1619,0.2116,0.405,0.3275,0.2428,0.1
CUST1009679,2026-06,0.3885,0.3884,0.466,0.2322,0.3711,0.2262
CUST1009680,2026-06,0.5977,0.4384,0.4122,0.5725,0.2537,0.2635
CUST1009681,2026-06,0.3343,0.4229,0.3552,0.476,0.4174,0.1422
CUST1009682,2026-06,0.1995,0.3185,0.2626,0.5847,0.4923,0.2548
CUST1009683,2026-06,0.4617,0.1546,0.1533,0.5119,0.2838,0.5263
CUST1009684,2026-06,0.0249,0.3721,0.0811,0.2479,0.3246,0.1392
CUST1009685,2026-06,0.3171,0.0690999999999999,0.2523,0.1863,0.4341,0.1779
CUST1009686,2026-06,0.0633,0.1863,0.1835,0.2349,0.5155,0.061
CUST1009687,2026-06,0.4999,0.4065,0.4688,0.4395,0.6367,0.1265
CUST1009688,2026-06,0.4427,0.106,0.0375,0.3427,0.1847,0.2473
CUST1009689,2026-06,0.4055,0.5228,0.5605,0.3855,0.23,0.2406
CUST1009690,2026-06,0.5238,0.3428,0.3942,0.2012,0.377,0.1591
CUST1009691,2026-06,0.3557,0.3513,0.4818,0.4541,0.5101,0.1406
CUST1009692,2026-06,0.3505,0.0823,0.1308,0.1484,0.3333,0.2162
CUST1009693,2026-06,0.7103,0.1163,0.4976,0.2957,0.2246,0.212
CUST1009694,2026-06,0.1023,0.2298,0.2781,0.4711,0.3793,0.207
CUST1009695,2026-06,0.5296,0.364,0.5025,0.4754,0.3468,0.1305
CUST1009696,2026-06,0.6123,0.1802,0.324,0.3815,0.1936,0.2393
CUST1009697,2026-06,0.319,0.2009,0.0571,0.1814,0.37,0.1999
CUST1009698,2026-06,0.3938,0.6152,0.2529,0.5091,0.3857,0.2304
CUST1009699,2026-06,0.5066,0.2861,0.3551,0.2426,0.2705,0.0973
CUST1009700,2026-06,0.4251,0.4085,0.2663,0.5032,0.2759,0.01
CUST1009701,2026-06,0.3177,0.3882,0.4196,0.2252,0.4422,0.146
CUST1009702,2026-06,0.5687,0.3122,0.3366,0.5339,0.255,0.0673
CUST1009703,2026-06,0.3277,0.5702,0.5694,0.3951,0.3292,0.6699
CUST1009704,2026-06,0.3121,0.3292,0.5228,0.3024,0.2826,0.1834
CUST1009705,2026-06,0.3469,0.1791,0.1329,0.604,0.3219,0.2793
CUST1009706,2026-06,0.6975,0.3409,0.539,0.509,0.14,0.1405
CUST1009707,2026-06,0.4959,0.1148,0.583,0.2529,0.5113,0.0829
CUST1009708,2026-06,0.4644,0.4429,0.52,0.4241,0.5006,0.0509
CUST1009709,2026-06,0.1889,0.2872,0.4795,0.308,0.3221,0.1619
CUST1009710,2026-06,0.6849,0.2088,0.3123,0.4144,0.3046,0.1501
CUST1009711,2026-06,0.6847,0.3753,0.5208,0.329,0.4175,0.1595
CUST1009712,2026-06,0.7034,0.2983,0.459,0.1943,0.1516,0.3153
CUST1009713,2026-06,0.1731,0.4845,0.3681,0.2821,0.4224,0.1517
CUST1009714,2026-06,0.6071,0.283,0.3242,0.4191,0.2701,0.3315
CUST1009715,2026-06,0.3982,0.3534,0.3923,0.3729,0.1945,0.0226
CUST1009716,2026-06,0.6706,0.0973,0.3899,0.0268,0.19,0.1021
CUST1009717,2026-06,0.3346,0.2375,0.188,0.4194,0.3967,0.1238
CUST1009718,2026-06,0.3096,0.2478,0.4472,0.1565,0.445,0.1745
CUST1009719,2026-06,0.3254,0.4797,0.6917,0.3524,0.415,0.1095
CUST1009720,2026-06,0.6174,0.2009,0.3927,0.3944,0.4129,0.0397
CUST1009721,2026-06,0.5671,0.1893,0.3641,0.241,0.2994,0.1457
CUST1009722,2026-06,0.4198,0.047,0.2341,0.2929,0.1906,0.1343
CUST1009723,2026-06,0.3335,0.5061,0.3896,0.4432,0.387,0.1782
CUST1009724,2026-06,0.4108,0.2889,0.5346,0.3781,0.5072,0.2796
CUST1009725,2026-06,0.1902,0.286,0.0884,0.4292,0.3897,0.1075
CUST1009726,2026-06,0.537,0.506,0.5963,0.4528,0.3169,0.247
CUST1009727,2026-06,0.3695,0.1466,0.1028,0.6012,0.1482,0.0435
CUST1009728,2026-06,0.3365,0.4325,0.4826,0.2555,0.3651,0.1738
CUST1009729,2026-06,0.5038,0.4439,0.4053,0.2681,0.3924,0.0427
CUST1009730,2026-06,0.3366,0.2106,0.1252,0.2946,0.3838,0.2003
CUST1009731,2026-06,0.2386,0.1256,0.219,0.2487,0.2968,0.1572
CUST1009732,2026-06,0.2283,0.2993,0.1801,0.1827,0.1931,0.1518
CUST1009733,2026-06,0.6328,0.2167,0.3684,0.2119,0.3761,0.1738
CUST1009734,2026-06,0.3656,0.4091,0.3829,0.2417,0.3847,0.1493
CUST1009735,2026-06,0.6777,0.3337,0.3115,0.5614,0.3549,0.1038
CUST1009736,2026-06,0.3783,0.0528,0.2319,0.1714,0.153,0.3161
CUST1009737,2026-06,0.4607,0.01,0.269,0.2923,0.3372,0.6915
CUST1009738,2026-06,0.3456,0.3124,0.5623,0.3281,0.3208,0.1587
CUST1009739,2026-06,0.4476,0.419,0.682,0.3342,0.3539,0.5608
CUST1009740,2026-06,0.3007,0.0487,0.0201,0.2405,0.1371,0.1898
CUST1009741,2026-06,0.1246,0.3431,0.2402,0.2997,0.3584,0.118
CUST1009742,2026-06,0.4117,0.0339,0.1521,0.3805,0.3297,0.1461
CUST1009743,2026-06,0.4201,0.32,0.2835,0.4108,0.4752,0.2362
CUST1009744,2026-06,0.3964,0.38,0.5766,0.2699,0.4423,0.1685
CUST1009745,2026-06,0.7892,0.2916,0.3482,0.4494,0.3048,0.3362
CUST1009746,2026-06,0.3258,0.1965,0.1257,0.1154,0.355,0.213
CUST1009747,2026-06,0.2849,0.0876,0.2487,0.0830999999999999,0.532,0.1755
CUST1009748,2026-06,0.276,0.0128,0.0614,0.3079,0.3211,0.2505
CUST1009749,2026-06,0.6914,0.3981,0.2229,0.2759,0.2326,0.2525
CUST1009750,2026-06,0.5612,0.5348,0.3609,0.3132,0.3671,0.1122
CUST1009751,2026-06,0.6987,0.1358,0.2191,0.5115,0.1858,0.5368
CUST1009752,2026-06,0.3433,0.2672,0.6443,0.3314,0.336,0.1937
CUST1009753,2026-06,0.5582,0.276,0.5365,0.2346,0.2909,0.083
CUST1009754,2026-06,0.0672,0.3597,0.0874,0.2366,0.3599,0.2824
CUST1009755,2026-06,0.1155,0.1841,0.1923,0.1447,0.4739,0.1945
CUST1009756,2026-06,0.4043,0.2885,0.3147,0.4252,0.5658,0.1655
CUST1009757,2026-06,0.1891,0.2378,0.0926,0.1637,0.2434,0.215
CUST1009758,2026-06,0.5881,0.4131,0.3911,0.4994,0.3001,0.0934
CUST1009759,2026-06,0.6222,0.5058,0.2987,0.3824,0.199,0.1657
CUST1009760,2026-06,0.3367,0.3369,0.6165,0.369,0.4499,0.01
CUST1009761,2026-06,0.4207,0.3259,0.5887,0.4592,0.3374,0.2534
CUST1009762,2026-06,0.6932,0.2795,0.3354,0.5212,0.3777,0.249
CUST1009763,2026-06,0.0916,0.1656,0.0833,0.1713,0.3179,0.0732
CUST1009764,2026-06,0.4019,0.5028,0.4778,0.3761,0.3131,0.1611
CUST1009765,2026-06,0.4991,0.3133,0.5157,0.4655,0.3518,0.0466
CUST1009766,2026-06,0.3603,0.1495,0.1669,0.1633,0.3596,0.2824
CUST1009767,2026-06,0.1194,0.1818,0.4297,0.2161,0.2925,0.0634
CUST1009768,2026-06,0.5295,0.2524,0.5387,0.5385,0.4929,0.1381
CUST1009769,2026-06,0.1631,0.3058,0.2739,0.3775,0.4611,0.128
CUST1009770,2026-06,0.3715,0.4973,0.5233,0.2119,0.4119,0.3454
CUST1009771,2026-06,0.5682,0.2673,0.4274,0.2524,0.1715,0.0845
CUST1009772,2026-06,0.3565,0.1991,0.4467,0.1885,0.3913,0.2951
CUST1009773,2026-06,0.2266,0.2276,0.0758,0.288,0.0811,0.6022
CUST1009774,2026-06,0.2246,0.3201,0.5801,0.3252,0.1698,0.6463
CUST1009775,2026-06,0.5759,0.4781,0.3793,0.4024,0.3059,0.1766
CUST1009776,2026-06,0.4928,0.4344,0.3707,0.4612,0.3248,0.0467
CUST1009777,2026-06,0.6015,0.2656,0.3838,0.1625,0.1827,0.1915
CUST1009778,2026-06,0.6689,0.2429,0.5304,0.2505,0.1506,0.01
CUST1009779,2026-06,0.2512,0.0561,0.1473,0.1357,0.1309,0.1298
CUST1009780,2026-06,0.4683,0.4574,0.3869,0.4319,0.4466,0.1475
CUST1009781,2026-06,0.6366,0.1304,0.3068,0.5038,0.18,0.2244
CUST1009782,2026-06,0.2429,0.1498,0.1577,0.361,0.4305,0.2006
CUST1009783,2026-06,0.3863,0.2837,0.2601,0.2528,0.6099,0.1629
CUST1009784,2026-06,0.4642,0.0517,0.2262,0.4056,0.3482,0.2403
CUST1009785,2026-06,0.3636,0.4035,0.6026,0.4226,0.2489,0.0315
CUST1009786,2026-06,0.5776,0.2578,0.3689,0.3249,0.3544,0.311
CUST1009787,2026-06,0.2235,0.2281,0.3521,0.1615,0.2763,0.1688
CUST1009788,2026-06,0.4513,0.3217,0.4265,0.3183,0.249,0.3732
CUST1009789,2026-06,0.4821,0.1405,0.3803,0.2085,0.2501,0.139
CUST1009790,2026-06,0.2511,0.0937,0.0241,0.393,0.4917,0.5657
CUST1009791,2026-06,0.7035,0.2992,0.5078,0.3776,0.3297,0.1523
CUST1009792,2026-06,0.3529,0.3986,0.5241,0.2,0.4425,0.1087
CUST1009793,2026-06,0.4367,0.311,0.2429,0.2893,0.5573,0.1807
CUST1009794,2026-06,0.01,0.3441,0.1383,0.3747,0.392,0.175
CUST1009795,2026-06,0.6025,0.4547,0.3983,0.4742,0.4037,0.1492
CUST1009796,2026-06,0.4179,0.01,0.0447,0.3179,0.3512,0.3325
CUST1009797,2026-06,0.5572,0.2171,0.6183,0.4196,0.3414,0.01
CUST1009798,2026-06,0.3588,0.3294,0.6295,0.4286,0.3546,0.0793
CUST1009799,2026-06,0.458,0.4788,0.3609,0.4158,0.2851,0.249
CUST1009800,2026-06,0.3124,0.3079,0.4937,0.3345,0.282,0.0153
CUST1009801,2026-06,0.0707,0.2504,0.0523,0.503,0.2197,0.1458
CUST1009802,2026-06,0.3734,0.2571,0.2798,0.3021,0.2695,0.5055
CUST1009803,2026-06,0.4506,0.2363,0.1135,0.1694,0.2333,0.1883
CUST1009804,2026-06,0.123,0.2196,0.2174,0.1963,0.3611,0.078
CUST1009805,2026-06,0.0944,0.3247,0.1121,0.1738,0.2692,0.0671
CUST1009806,2026-06,0.5423,0.5488,0.2465,0.3791,0.5427,0.2482
CUST1009807,2026-06,0.2487,0.2366,0.1626,0.4929,0.2279,0.6116
CUST1009808,2026-06,0.6968,0.397,0.3533,0.183,0.2161,0.0487
CUST1009809,2026-06,0.3544,0.3273,0.5277,0.4103,0.534,0.1638
CUST1009810,2026-06,0.7026,0.3824,0.2265,0.3772,0.3488,0.0924
CUST1009811,2026-06,0.6293,0.5616,0.1726,0.3208,0.344,0.2292
CUST1009812,2026-06,0.4501,0.4325,0.6659,0.4248,0.3479,0.0487
CUST1009813,2026-06,0.5128,0.445,0.4424,0.5152,0.3733,0.1142
CUST1009814,2026-06,0.5587,0.3949,0.4727,0.4143,0.2574,0.1504
CUST1009815,2026-06,0.6908,0.3384,0.5268,0.5449,0.2319,0.1695
CUST1009816,2026-06,0.1577,0.01,0.1941,0.1781,0.2587,0.352
CUST1009817,2026-06,0.508,0.319,0.4151,0.3243,0.4626,0.2319
CUST1009818,2026-06,0.0917,0.1155,0.2467,0.1432,0.4483,0.152
CUST1009819,2026-06,0.5248,0.4066,0.3403,0.5007,0.2515,0.2261
CUST1009820,2026-06,0.5506,0.1319,0.6036,0.4567,0.2391,0.1875
CUST1009821,2026-06,0.3749,0.2736,0.3248,0.3724,0.243,0.1266
CUST1009822,2026-06,0.5608,0.1282,0.3242,0.5334,0.2951,0.1065
CUST1009823,2026-06,0.1625,0.1919,0.1643,0.2322,0.2977,0.2551
CUST1009824,2026-06,0.4418,0.0313,0.2126,0.2762,0.2812,0.4615
CUST1009825,2026-06,0.5232,0.1324,0.1649,0.5104,0.2705,0.0451
CUST1009826,2026-06,0.3153,0.3278,0.2153,0.4384,0.4841,0.1893
CUST1009827,2026-06,0.4407,0.4163,0.4261,0.4046,0.4406,0.2525
CUST1009828,2026-06,0.4751,0.387,0.6312,0.5338,0.2112,0.1223
CUST1009829,2026-06,0.5585,0.3964,0.374,0.2321,0.3599,0.2932
CUST1009830,2026-06,0.2515,0.0734,0.434,0.2734,0.2142,0.1907
CUST1009831,2026-06,0.254,0.2367,0.1335,0.2689,0.4067,0.0787
CUST1009832,2026-06,0.3612,0.0641999999999999,0.4339,0.505,0.4269,0.2176
CUST1009833,2026-06,0.4211,0.3772,0.6634,0.3739,0.3964,0.2116
CUST1009834,2026-06,0.731,0.2474,0.3606,0.4002,0.1607,0.1295
CUST1009835,2026-06,0.6288,0.154,0.3905,0.3224,0.1779,0.2696
CUST1009836,2026-06,0.5344,0.1433,0.3507,0.3693,0.5641,0.2294
CUST1009837,2026-06,0.3404,0.241,0.3908,0.14,0.6044,0.047
CUST1009838,2026-06,0.1811,0.1596,0.2131,0.5623,0.3575,0.1874
CUST1009839,2026-06,0.4035,0.4366,0.5248,0.5181,0.3746,0.1866
CUST1009840,2026-06,0.4215,0.2581,0.4176,0.2899,0.4257,0.0523
CUST1009841,2026-06,0.4955,0.3416,0.4452,0.4208,0.3917,0.2449
CUST1009842,2026-06,0.5012,0.398,0.7397,0.4823,0.4363,0.1421
CUST1009843,2026-06,0.4615,0.4797,0.3046,0.2677,0.2152,0.5966
CUST1009844,2026-06,0.2714,0.1628,0.1716,0.5135,0.5465,0.02
CUST1009845,2026-06,0.4137,0.294,0.1588,0.3578,0.635,0.1348
CUST1009846,2026-06,0.6546,0.3396,0.4069,0.4384,0.3313,0.2004
CUST1009847,2026-06,0.1341,0.01,0.2023,0.3727,0.5465,0.211
CUST1009848,2026-06,0.5073,0.439,0.3914,0.4325,0.4504,0.1819
CUST1009849,2026-06,0.5165,0.4733,0.477,0.2782,0.316,0.1469
CUST1009850,2026-06,0.3808,0.3328,0.0644,0.3083,0.3521,0.2218
CUST1009851,2026-06,0.5319,0.3615,0.5364,0.4548,0.3435,0.1033
CUST1009852,2026-06,0.5081,0.2236,0.4964,0.1542,0.2628,0.1555
CUST1009853,2026-06,0.4339,0.3022,0.4547,0.3516,0.3632,0.0378
CUST1009854,2026-06,0.1854,0.095,0.1263,0.2171,0.3148,0.2451
CUST1009855,2026-06,0.2139,0.1918,0.2037,0.1247,0.2807,0.1333
CUST1009856,2026-06,0.3216,0.4813,0.4536,0.2786,0.3266,0.5402
CUST1009857,2026-06,0.3486,0.01,0.0216,0.5697,0.2427,0.0533
CUST1009858,2026-06,0.4502,0.4795,0.5099,0.4244,0.3805,0.107
CUST1009859,2026-06,0.7857,0.4072,0.3383,0.2232,0.2562,0.2597
CUST1009860,2026-06,0.3452,0.1858,0.0821,0.2501,0.1451,0.1841
CUST1009861,2026-06,0.6224,0.1995,0.4376,0.322,0.2376,0.2347
CUST1009862,2026-06,0.4796,0.5703,0.5586,0.388,0.3875,0.1591
CUST1009863,2026-06,0.3298,0.3509,0.5483,0.5105,0.5007,0.2284
CUST1009864,2026-06,0.5249,0.4516,0.428,0.4638,0.4146,0.1658
CUST1009865,2026-06,0.371,0.3139,0.385,0.2655,0.2205,0.2456
CUST1009866,2026-06,0.0467,0.01,0.01,0.0709,0.2952,0.7388
CUST1009867,2026-06,0.4813,0.3077,0.4824,0.2324,0.4435,0.2861
CUST1009868,2026-06,0.3947,0.5781,0.5536,0.3294,0.2332,0.1252
CUST1009869,2026-06,0.3703,0.1315,0.2786,0.4112,0.2317,0.093
CUST1009870,2026-06,0.3781,0.289,0.2746,0.5403,0.2292,0.2716
CUST1009871,2026-06,0.4288,0.1708,0.3904,0.365,0.6158,0.191
CUST1009872,2026-06,0.7116,0.2994,0.6547,0.2625,0.195,0.2427
CUST1009873,2026-06,0.6101,0.2977,0.3026,0.3439,0.2721,0.2865
CUST1009874,2026-06,0.6393,0.243,0.3773,0.606,0.2702,0.0793
CUST1009875,2026-06,0.4806,0.0425,0.1658,0.2751,0.2286,0.2301
CUST1009876,2026-06,0.5639,0.2124,0.2034,0.2572,0.2553,0.148
CUST1009877,2026-06,0.296,0.1709,0.2279,0.4168,0.2711,0.1735
CUST1009878,2026-06,0.6895,0.1294,0.4052,0.3922,0.2552,0.2011
CUST1009879,2026-06,0.4456,0.3368,0.1249,0.4751,0.4386,0.1945
CUST1009880,2026-06,0.5292,0.2239,0.6213,0.3875,0.2869,0.1324
CUST1009881,2026-06,0.5411,0.3602,0.3888,0.5962,0.4579,0.1557
CUST1009882,2026-06,0.602,0.3735,0.3755,0.5593,0.3921,0.1778
CUST1009883,2026-06,0.4403,0.3801,0.2633,0.412,0.5949,0.0192
CUST1009884,2026-06,0.5587,0.2295,0.5866,0.4881,0.3687,0.084
CUST1009885,2026-06,0.5935,0.2549,0.6101,0.2175,0.1615,0.2414
CUST1009886,2026-06,0.5094,0.2592,0.4743,0.2535,0.1617,0.2314
CUST1009887,2026-06,0.6438,0.0885,0.5689,0.0728,0.3383,0.1792
CUST1009888,2026-06,0.1964,0.124,0.107,0.2809,0.4018,0.2854
CUST1009889,2026-06,0.2083,0.0186,0.1014,0.3342,0.3274,0.1718
CUST1009890,2026-06,0.7864,0.0703,0.2274,0.1622,0.2113,0.2937
CUST1009891,2026-06,0.4046,0.4396,0.5275,0.6172,0.3964,0.1149
CUST1009892,2026-06,0.1823,0.252,0.1792,0.1115,0.2832,0.1624
CUST1009893,2026-06,0.6348,0.5601,0.4748,0.3516,0.3926,0.1339
CUST1009894,2026-06,0.1647,0.01,0.2228,0.3426,0.0834,0.111
CUST1009895,2026-06,0.3667,0.3237,0.5932,0.4504,0.4342,0.2333
CUST1009896,2026-06,0.2264,0.2329,0.1031,0.3898,0.3708,0.1043
CUST1009897,2026-06,0.2062,0.0307,0.01,0.2143,0.5578,0.1141
CUST1009898,2026-06,0.4424,0.3037,0.362,0.1556,0.3053,0.2382
CUST1009899,2026-06,0.315,0.4216,0.1098,0.4176,0.4344,0.2705
CUST1009900,2026-06,0.4984,0.1768,0.2035,0.1164,0.2348,0.4176
CUST1009901,2026-06,0.6469,0.1315,0.3938,0.4903,0.2607,0.2943
CUST1009902,2026-06,0.3507,0.3437,0.3239,0.2917,0.199,0.01
CUST1009903,2026-06,0.3553,0.4748,0.2671,0.1405,0.3805,0.2292
CUST1009904,2026-06,0.1035,0.0163,0.1513,0.2465,0.2929,0.5134
CUST1009905,2026-06,0.6965,0.2419,0.5472,0.2472,0.1943,0.2152
CUST1009906,2026-06,0.4445,0.2762,0.3898,0.2077,0.319,0.2568
CUST1009907,2026-06,0.5783,0.4228,0.2737,0.5714,0.2939,0.147
CUST1009908,2026-06,0.7216,0.213,0.434,0.4516,0.2825,0.139
CUST1009909,2026-06,0.2368,0.01,0.01,0.3068,0.4496,0.2325
CUST1009910,2026-06,0.3445,0.4598,0.8189,0.3294,0.1962,0.2398
CUST1009911,2026-06,0.2657,0.2511,0.4152,0.1698,0.3427,0.1881
CUST1009912,2026-06,0.3639,0.3659,0.4001,0.5116,0.3971,0.1569
CUST1009913,2026-06,0.4596,0.4657,0.3955,0.5719,0.2318,0.4223
CUST1009914,2026-06,0.411,0.5364,0.4004,0.3334,0.3387,0.227
CUST1009915,2026-06,0.5536,0.2204,0.348,0.0893,0.1644,0.2153
CUST1009916,2026-06,0.3143,0.281,0.1395,0.1259,0.2709,0.6361
CUST1009917,2026-06,0.6646,0.4633,0.5255,0.4959,0.303,0.1396
CUST1009918,2026-06,0.6894,0.3197,0.3834,0.4004,0.3498,0.1636
CUST1009919,2026-06,0.2782,0.2846,0.2638,0.461,0.1193,0.2841
CUST1009920,2026-06,0.6193,0.0956999999999999,0.4688,0.4465,0.2119,0.5133
CUST1009921,2026-06,0.4445,0.0222,0.518,0.3287,0.5278,0.1994
CUST1009922,2026-06,0.2624,0.402,0.5047,0.2646,0.2641,0.0889
CUST1009923,2026-06,0.5793,0.3864,0.3851,0.1924,0.2912,0.3946
CUST1009924,2026-06,0.1768,0.2638,0.2326,0.3078,0.3535,0.01
CUST1009925,2026-06,0.4502,0.3983,0.3129,0.5426,0.5938,0.5512
CUST1009926,2026-06,0.6184,0.1899,0.3857,0.3995,0.3023,0.1426
CUST1009927,2026-06,0.4626,0.2713,0.3316,0.5324,0.2457,0.1045
CUST1009928,2026-06,0.4951,0.2574,0.2634,0.377,0.3606,0.1499
CUST1009929,2026-06,0.4965,0.1356,0.2283,0.2169,0.3448,0.2287
CUST1009930,2026-06,0.3072,0.5403,0.4456,0.2344,0.3955,0.2432
CUST1009931,2026-06,0.5768,0.4885,0.2826,0.4662,0.2658,0.1976
CUST1009932,2026-06,0.5283,0.2388,0.1817,0.5615,0.2616,0.0801999999999999
CUST1009933,2026-06,0.3496,0.2359,0.1285,0.2122,0.189,0.1118
CUST1009934,2026-06,0.5023,0.3183,0.2223,0.4836,0.6454,0.1075
CUST1009935,2026-06,0.5735,0.2864,0.4354,0.3426,0.2915,0.1509
CUST1009936,2026-06,0.5813,0.2161,0.3698,0.4701,0.3357,0.2072
CUST1009937,2026-06,0.4583,0.3954,0.5186,0.2059,0.4724,0.1979
CUST1009938,2026-06,0.4253,0.5078,0.6592,0.3617,0.3328,0.2231
CUST1009939,2026-06,0.203,0.3077,0.2691,0.0659,0.1296,0.1916
CUST1009940,2026-06,0.113,0.234,0.0483,0.2713,0.2399,0.0727
CUST1009941,2026-06,0.6261,0.2432,0.5222,0.3186,0.0772999999999999,0.2161
CUST1009942,2026-06,0.3023,0.6177,0.3601,0.3525,0.3501,0.0878
CUST1009943,2026-06,0.6406,0.2632,0.3638,0.2822,0.3078,0.1869
CUST1009944,2026-06,0.3422,0.1823,0.0806,0.1689,0.0767,0.1213
CUST1009945,2026-06,0.5125,0.4587,0.6396,0.186,0.2927,0.1069
CUST1009946,2026-06,0.1981,0.5918,0.6168,0.2719,0.4144,0.2406
CUST1009947,2026-06,0.4963,0.2766,0.3925,0.2507,0.1654,0.2637
CUST1009948,2026-06,0.3346,0.3553,0.2449,0.3459,0.297,0.183
CUST1009949,2026-06,0.3351,0.1219,0.1687,0.2575,0.2356,0.1922
CUST1009950,2026-06,0.3987,0.36,0.3712,0.3834,0.2821,0.2138
CUST1009951,2026-06,0.4455,0.2779,0.3555,0.3298,0.3782,0.1579
CUST1009952,2026-06,0.4368,0.2638,0.4122,0.2295,0.3338,0.1195
CUST1009953,2026-06,0.536,0.281,0.7526,0.4596,0.2748,0.1078
CUST1009954,2026-06,0.5139,0.4038,0.3055,0.5727,0.2991,0.1831
CUST1009955,2026-06,0.3306,0.3926,0.3201,0.3867,0.3545,0.0692
CUST1009956,2026-06,0.3299,0.486,0.3398,0.2682,0.3465,0.1611
CUST1009957,2026-06,0.5732,0.6619,0.3515,0.5674,0.159,0.0945
CUST1009958,2026-06,0.6452,0.3802,0.5753,0.4667,0.3541,0.2327
CUST1009959,2026-06,0.7031,0.1291,0.4085,0.3946,0.2353,0.2777
CUST1009960,2026-06,0.5765,0.313,0.3101,0.6267,0.4537,0.2387
CUST1009961,2026-06,0.4704,0.3006,0.5598,0.4876,0.31,0.4951
CUST1009962,2026-06,0.4474,0.2771,0.1516,0.3672,0.418,0.2267
CUST1009963,2026-06,0.0225,0.3769,0.2297,0.1418,0.3088,0.2027
CUST1009964,2026-06,0.5252,0.2941,0.5892,0.4377,0.3803,0.1232
CUST1009965,2026-06,0.4504,0.3818,0.1997,0.2225,0.3588,0.2566
CUST1009966,2026-06,0.682,0.4676,0.5124,0.4202,0.2836,0.2501
CUST1009967,2026-06,0.4253,0.3618,0.254,0.127,0.3592,0.151
CUST1009968,2026-06,0.4841,0.288,0.6657,0.4962,0.3176,0.2454
CUST1009969,2026-06,0.7132,0.201,0.426,0.3215,0.1421,0.2236
CUST1009970,2026-06,0.3739,0.4743,0.3367,0.4007,0.3393,0.0588
CUST1009971,2026-06,0.5017,0.4685,0.5405,0.048,0.2942,0.1208
CUST1009972,2026-06,0.4966,0.1608,0.4731,0.2361,0.4749,0.1793
CUST1009973,2026-06,0.4982,0.4125,0.3534,0.5216,0.2861,0.254
CUST1009974,2026-06,0.4072,0.4934,0.4923,0.3777,0.2184,0.0471
CUST1009975,2026-06,0.2735,0.2581,0.2814,0.0524,0.3679,0.24
CUST1009976,2026-06,0.4728,0.2536,0.4715,0.2764,0.4767,0.0861
CUST1009977,2026-06,0.3855,0.3741,0.3016,0.4734,0.4221,0.2575
CUST1009978,2026-06,0.5912,0.4191,0.2455,0.2363,0.3806,0.1034
CUST1009979,2026-06,0.5768,0.4212,0.4209,0.2989,0.3503,0.1868
CUST1009980,2026-06,0.3722,0.365,0.4853,0.5616,0.2785,0.2368
CUST1009981,2026-06,0.4193,0.3692,0.2457,0.3259,0.2988,0.2619
CUST1009982,2026-06,0.4145,0.549,0.4309,0.4494,0.2856,0.1063
CUST1009983,2026-06,0.0791,0.01,0.1823,0.1134,0.2263,0.1664
CUST1009984,2026-06,0.1481,0.2948,0.158,0.1711,0.2248,0.01
CUST1009985,2026-06,0.4624,0.509,0.4835,0.4905,0.3241,0.1202
CUST1009986,2026-06,0.6897,0.2165,0.3823,0.3694,0.1506,0.2731
CUST1009987,2026-06,0.5714,0.01,0.0611,0.384,0.2772,0.1777
CUST1009988,2026-06,0.5182,0.5072,0.4299,0.3917,0.3685,0.0385
CUST1009989,2026-06,0.3661,0.3471,0.3937,0.5866,0.5365,0.1034
CUST1009990,2026-06,0.2992,0.296,0.1111,0.3644,0.168,0.6154
CUST1009991,2026-06,0.7733,0.3137,0.4569,0.5323,0.1813,0.1843
CUST1009992,2026-06,0.4923,0.4537,0.3886,0.3281,0.3613,0.241
CUST1009993,2026-06,0.4367,0.5845,0.4302,0.4336,0.3634,0.0612
CUST1009994,2026-06,0.1569,0.2568,0.1602,0.405,0.2022,0.1686
CUST1009995,2026-06,0.1638,0.1737,0.293,0.2185,0.2229,0.1906
CUST1009996,2026-06,0.1976,0.2037,0.1253,0.2247,0.1794,0.1956
CUST1009997,2026-06,0.2985,0.0279,0.1892,0.2856,0.5823,0.163
CUST1009998,2026-06,0.2261,0.0128,0.2214,0.2591,0.5078,0.1173
CUST1009999,2026-06,0.5075,0.4259,0.7335,0.369,0.4473,0.2023
CUST1010000,2026-06,0.4474,0.2998,0.4114,0.2902,0.5023,0.1283
CUST1010001,2026-06,0.5323,0.3892,0.6829,0.4727,0.2394,0.2452
CUST1010002,2026-06,0.3851,0.0814,0.3211,0.4064,0.1654,0.2416
CUST1010003,2026-06,0.3539,0.4084,0.2136,0.3303,0.3356,0.1403
CUST1010004,2026-06,0.4329,0.4224,0.4767,0.3707,0.5189,0.037
CUST1010005,2026-06,0.3036,0.3862,0.4496,0.14,0.2508,0.01
CUST1010006,2026-06,0.7184,0.2097,0.5187,0.0927999999999999,0.2733,0.0978
CUST1010007,2026-06,0.092,0.2544,0.1103,0.3711,0.3112,0.1758
CUST1010008,2026-06,0.4123,0.1187,0.3431,0.1309,0.2533,0.5665
CUST1010009,2026-06,0.6474,0.564,0.1827,0.4701,0.3319,0.5928
CUST1010010,2026-06,0.7393,0.2156,0.3481,0.2121,0.2816,0.4014
CUST1010011,2026-06,0.3962,0.3965,0.2903,0.2843,0.247,0.2837
CUST1010012,2026-06,0.218,0.1869,0.2758,0.5182,0.5587,0.142
CUST1010013,2026-06,0.607,0.2,0.3453,0.4093,0.1724,0.6758
CUST1010014,2026-06,0.2952,0.4273,0.4175,0.4189,0.3325,0.4872
CUST1010015,2026-06,0.408,0.3878,0.6227,0.3868,0.2357,0.1958
CUST1010016,2026-06,0.5157,0.1187,0.5166,0.49,0.3212,0.1717
CUST1010017,2026-06,0.2295,0.2676,0.398,0.2262,0.2265,0.2144
CUST1010018,2026-06,0.3553,0.0594,0.2441,0.284,0.3421,0.2889
CUST1010019,2026-06,0.2237,0.2697,0.1846,0.2354,0.01,0.2097
CUST1010020,2026-06,0.3456,0.3966,0.3705,0.4869,0.4072,0.0918
CUST1010021,2026-06,0.3831,0.2817,0.3342,0.2293,0.4852,0.2463
CUST1010022,2026-06,0.4759,0.2267,0.3898,0.3482,0.12,0.01
CUST1010023,2026-06,0.2548,0.2417,0.4844,0.5305,0.3832,0.1284
CUST1010024,2026-06,0.3904,0.325,0.3745,0.4366,0.3805,0.2254
CUST1010025,2026-06,0.4215,0.0987,0.0747,0.3228,0.3095,0.0854
CUST1010026,2026-06,0.3038,0.3027,0.348,0.3006,0.2852,0.1727
CUST1010027,2026-06,0.148,0.2975,0.1999,0.4261,0.3608,0.1824
CUST1010028,2026-06,0.3198,0.1026,0.1409,0.404,0.2055,0.2573
CUST1010029,2026-06,0.2016,0.2174,0.3256,0.3698,0.4572,0.0516
CUST1010030,2026-06,0.2795,0.01,0.1244,0.1024,0.137,0.6523
CUST1010031,2026-06,0.4668,0.3199,0.4295,0.6042,0.2924,0.2383
CUST1010032,2026-06,0.5038,0.3357,0.6761,0.203,0.3905,0.1699
CUST1010033,2026-06,0.7015,0.1126,0.6486,0.3113,0.267,0.2915
CUST1010034,2026-06,0.5873,0.054,0.2818,0.3281,0.4113,0.1809
CUST1010035,2026-06,0.7376,0.142,0.28,0.449,0.3117,0.066
CUST1010036,2026-06,0.46,0.4262,0.478,0.5081,0.2368,0.1756
CUST1010037,2026-06,0.6209,0.0988,0.4055,0.2384,0.2585,0.2265
CUST1010038,2026-06,0.5604,0.4089,0.3562,0.2066,0.4593,0.1824
CUST1010039,2026-06,0.4479,0.5727,0.4424,0.2013,0.4317,0.165
CUST1010040,2026-06,0.4489,0.306,0.211,0.5281,0.4147,0.2359
CUST1010041,2026-06,0.479,0.3057,0.3917,0.4369,0.3294,0.2199
CUST1010042,2026-06,0.2395,0.4107,0.5581,0.1749,0.3579,0.33
CUST1010043,2026-06,0.5508,0.5738,0.5065,0.4412,0.3513,0.1795
CUST1010044,2026-06,0.3538,0.281,0.5405,0.2643,0.2388,0.1344
CUST1010045,2026-06,0.3937,0.5428,0.2549,0.2325,0.2791,0.1832
CUST1010046,2026-06,0.096,0.291,0.1943,0.1389,0.1723,0.1929
CUST1010047,2026-06,0.4629,0.4907,0.2658,0.5949,0.4605,0.2858
CUST1010048,2026-06,0.3793,0.393,0.4432,0.3121,0.3873,0.1787
CUST1010049,2026-06,0.4172,0.4056,0.2962,0.3315,0.2581,0.5501
CUST1010050,2026-06,0.4303,0.3827,0.4775,0.5151,0.3304,0.0981
CUST1010051,2026-06,0.623,0.1368,0.3959,0.2852,0.2645,0.1503
CUST1010052,2026-06,0.451,0.1613,0.1447,0.4759,0.3802,0.2688
CUST1010053,2026-06,0.59,0.3557,0.5394,0.4691,0.3157,0.2238
CUST1010054,2026-06,0.3554,0.2665,0.1399,0.5773,0.5225,0.1345
CUST1010055,2026-06,0.3648,0.01,0.0152,0.5614,0.3035,0.1508
CUST1010056,2026-06,0.4195,0.4046,0.4001,0.2541,0.3524,0.149
CUST1010057,2026-06,0.4421,0.3071,0.3832,0.4682,0.3477,0.1291
CUST1010058,2026-06,0.7581,0.5135,0.3234,0.5891,0.3883,0.2649
CUST1010059,2026-06,0.8732,0.2876,0.3549,0.5945,0.3555,0.01
CUST1010060,2026-06,0.4946,0.2215,0.3272,0.0685999999999999,0.2691,0.1889
CUST1010061,2026-06,0.4499,0.2673,0.5114,0.3808,0.2939,0.5157
CUST1010062,2026-06,0.27,0.2546,0.2374,0.3216,0.4474,0.121
CUST1010063,2026-06,0.6236,0.1654,0.4359,0.2692,0.4353,0.3152
CUST1010064,2026-06,0.1747,0.1665,0.2328,0.3573,0.275,0.1969
CUST1010065,2026-06,0.4548,0.4085,0.1701,0.2838,0.2509,0.144
CUST1010066,2026-06,0.394,0.563,0.443,0.3986,0.2652,0.2845
CUST1010067,2026-06,0.6577,0.4527,0.348,0.5831,0.2782,0.1356
CUST1010068,2026-06,0.4349,0.4317,0.4626,0.3086,0.3283,0.2328
CUST1010069,2026-06,0.3832,0.2264,0.3592,0.4074,0.4517,0.2469
CUST1010070,2026-06,0.24,0.2397,0.0856,0.0792,0.1518,0.2532
CUST1010071,2026-06,0.5903,0.2833,0.5022,0.4288,0.3727,0.265
CUST1010072,2026-06,0.6614,0.3372,0.3823,0.6819,0.1457,0.5491
CUST1010073,2026-06,0.5003,0.4249,0.5512,0.5135,0.3796,0.2273
CUST1010074,2026-06,0.2386,0.3445,0.1002,0.3817,0.3216,0.0594
CUST1010075,2026-06,0.3244,0.1521,0.1521,0.271,0.5552,0.1101
CUST1010076,2026-06,0.2244,0.2583,0.3063,0.1774,0.5014,0.1677
CUST1010077,2026-06,0.3339,0.1947,0.2522,0.5232,0.26,0.1564
CUST1010078,2026-06,0.2858,0.3895,0.1991,0.1857,0.2641,0.2446
CUST1010079,2026-06,0.7544,0.4134,0.3504,0.4484,0.4308,0.2026
CUST1010080,2026-06,0.4378,0.1531,0.3411,0.226,0.2438,0.2095
CUST1010081,2026-06,0.1897,0.333,0.0156,0.1531,0.1426,0.1808
CUST1010082,2026-06,0.5379,0.2944,0.2871,0.3249,0.2339,0.2348
CUST1010083,2026-06,0.4128,0.4276,0.3515,0.2645,0.3788,0.2582
CUST1010084,2026-06,0.4947,0.2097,0.505,0.2526,0.5687,0.1184
CUST1010085,2026-06,0.4539,0.4895,0.6253,0.3139,0.2682,0.1114
CUST1010086,2026-06,0.7227,0.177,0.2217,0.4315,0.453,0.2168
CUST1010087,2026-06,0.4203,0.5483,0.5691,0.282,0.4169,0.1629
CUST1010088,2026-06,0.4824,0.308,0.3597,0.4839,0.4432,0.1305
CUST1010089,2026-06,0.2597,0.343,0.2664,0.3366,0.2648,0.2896
CUST1010090,2026-06,0.5778,0.4472,0.4113,0.5459,0.3492,0.2569
CUST1010091,2026-06,0.3929,0.0365,0.2014,0.4502,0.3926,0.2505
CUST1010092,2026-06,0.212,0.0465,0.215,0.2518,0.3779,0.219
CUST1010093,2026-06,0.3694,0.3451,0.5456,0.27,0.3634,0.0301
CUST1010094,2026-06,0.1512,0.1535,0.2134,0.261,0.406,0.2944
CUST1010095,2026-06,0.6146,0.6164,0.47,0.5052,0.3618,0.2024
CUST1010096,2026-06,0.3683,0.4415,0.01,0.4567,0.7628,0.0424
CUST1010097,2026-06,0.7518,0.2135,0.4531,0.3128,0.1722,0.1174
CUST1010098,2026-06,0.5574,0.1598,0.2125,0.204,0.1306,0.0645
CUST1010099,2026-06,0.6333,0.1777,0.293,0.5557,0.2588,0.2057
CUST1010100,2026-06,0.3506,0.4086,0.2636,0.2192,0.4591,0.1743
CUST1010101,2026-06,0.5205,0.061,0.5499,0.0458,0.3274,0.2022
CUST1010102,2026-06,0.2229,0.4147,0.265,0.2193,0.3732,0.2044
CUST1010103,2026-06,0.5349,0.3456,0.3541,0.3289,0.4321,0.2643
CUST1010104,2026-06,0.3322,0.2328,0.1178,0.4084,0.4136,0.1922
CUST1010105,2026-06,0.5594,0.1842,0.4862,0.2812,0.3815,0.1427
CUST1010106,2026-06,0.4216,0.2043,0.2297,0.1623,0.3996,0.0884
CUST1010107,2026-06,0.4855,0.3887,0.3848,0.337,0.2461,0.1031
CUST1010108,2026-06,0.5327,0.2568,0.3693,0.2862,0.2867,0.2006
CUST1010109,2026-06,0.4104,0.5013,0.5605,0.2893,0.2002,0.3416
CUST1010110,2026-06,0.6214,0.3608,0.5296,0.4849,0.2188,0.1645
CUST1010111,2026-06,0.5616,0.4459,0.6864,0.4946,0.2395,0.1994
CUST1010112,2026-06,0.3838,0.4947,0.5154,0.3534,0.3955,0.2455
CUST1010113,2026-06,0.4288,0.2468,0.3159,0.5233,0.6711,0.2033
CUST1010114,2026-06,0.3665,0.2706,0.1233,0.2791,0.2251,0.292
CUST1010115,2026-06,0.4581,0.0932999999999999,0.1368,0.3441,0.277,0.1579
CUST1010116,2026-06,0.284,0.3357,0.0482,0.3122,0.2248,0.1795
CUST1010117,2026-06,0.7176,0.365,0.2726,0.3378,0.2314,0.1641
CUST1010118,2026-06,0.3736,0.1813,0.0524,0.2888,0.3111,0.0747
CUST1010119,2026-06,0.367,0.4803,0.4154,0.1721,0.3799,0.0487
CUST1010120,2026-06,0.4175,0.5081,0.2672,0.3082,0.3396,0.2093
CUST1010121,2026-06,0.4771,0.1808,0.4082,0.0667,0.4173,0.1961
CUST1010122,2026-06,0.3094,0.4133,0.5718,0.4272,0.3193,0.1234
CUST1010123,2026-06,0.2148,0.0995,0.1368,0.3031,0.2257,0.1319
CUST1010124,2026-06,0.6363,0.2672,0.3757,0.5257,0.303,0.1555
CUST1010125,2026-06,0.6395,0.2683,0.3634,0.479,0.3794,0.1356
CUST1010126,2026-06,0.3002,0.1514,0.1612,0.2937,0.2465,0.3038
CUST1010127,2026-06,0.5309,0.4538,0.2204,0.5095,0.2899,0.1852
CUST1010128,2026-06,0.4142,0.3958,0.3491,0.4155,0.1853,0.0995999999999999
CUST1010129,2026-06,0.3518,0.2514,0.3562,0.339,0.3994,0.2134
CUST1010130,2026-06,0.5307,0.3797,0.2537,0.2371,0.3837,0.0674
CUST1010131,2026-06,0.2604,0.2049,0.1534,0.3569,0.3477,0.2359
CUST1010132,2026-06,0.4192,0.3825,0.5108,0.5509,0.3926,0.2732
CUST1010133,2026-06,0.2864,0.2269,0.2055,0.3103,0.4056,0.1362
CUST1010134,2026-06,0.104,0.2643,0.2795,0.3502,0.3503,0.4971
CUST1010135,2026-06,0.444,0.3866,0.503,0.5369,0.4881,0.2028
CUST1010136,2026-06,0.4207,0.3148,0.1175,0.5174,0.3485,0.4035
CUST1010137,2026-06,0.3263,0.3116,0.0798,0.5268,0.1509,0.6155
CUST1010138,2026-06,0.4454,0.4556,0.6446,0.5161,0.2887,0.1383
CUST1010139,2026-06,0.7256,0.4854,0.3521,0.2957,0.4904,0.144
CUST1010140,2026-06,0.4387,0.01,0.3284,0.1249,0.1529,0.1106
CUST1010141,2026-06,0.1567,0.1523,0.0358,0.216,0.4887,0.01
CUST1010142,2026-06,0.4189,0.1182,0.1794,0.25,0.4622,0.1247
CUST1010143,2026-06,0.4648,0.5143,0.4183,0.4871,0.3063,0.0767
CUST1010144,2026-06,0.4698,0.5967,0.4054,0.3433,0.3703,0.0995999999999999
CUST1010145,2026-06,0.1888,0.2253,0.1554,0.4619,0.349,0.2259
CUST1010146,2026-06,0.3603,0.294,0.3633,0.3981,0.4522,0.5779
CUST1010147,2026-06,0.51,0.3424,0.5336,0.5585,0.5488,0.2413
CUST1010148,2026-06,0.6065,0.203,0.193,0.2596,0.1652,0.2841
CUST1010149,2026-06,0.5208,0.1477,0.3849,0.2923,0.4003,0.2112
CUST1010150,2026-06,0.3151,0.4596,0.2989,0.6488,0.4568,0.1603
CUST1010151,2026-06,0.5028,0.2872,0.415,0.3913,0.3161,0.0766
CUST1010152,2026-06,0.1344,0.2461,0.1738,0.2408,0.1441,0.1392
CUST1010153,2026-06,0.265,0.3186,0.0294,0.3023,0.2228,0.1733
CUST1010154,2026-06,0.5905,0.1095,0.5405,0.1902,0.3567,0.173
CUST1010155,2026-06,0.2879,0.3619,0.3741,0.1066,0.2754,0.2751
CUST1010156,2026-06,0.7787,0.3296,0.4225,0.3546,0.1541,0.1547
CUST1010157,2026-06,0.6611,0.01,0.5813,0.4926,0.386,0.2488
CUST1010158,2026-06,0.2715,0.1648,0.1882,0.4167,0.537,0.1291
CUST1010159,2026-06,0.6632,0.4309,0.3339,0.2961,0.1958,0.5675
CUST1010160,2026-06,0.2611,0.1536,0.1675,0.2972,0.5433,0.2576
CUST1010161,2026-06,0.7374,0.4244,0.4567,0.2596,0.4275,0.0485
CUST1010162,2026-06,0.2114,0.2435,0.1916,0.2266,0.3955,0.1626
CUST1010163,2026-06,0.2566,0.078,0.3283,0.2008,0.3008,0.0682
CUST1010164,2026-06,0.5327,0.2441,0.3469,0.3101,0.3551,0.187
CUST1010165,2026-06,0.353,0.2867,0.3589,0.3416,0.321,0.0545
CUST1010166,2026-06,0.5342,0.5403,0.4397,0.3586,0.1678,0.2341
CUST1010167,2026-06,0.5398,0.4072,0.3939,0.6939,0.4264,0.1867
CUST1010168,2026-06,0.3071,0.2572,0.3133,0.1151,0.3856,0.2268
CUST1010169,2026-06,0.5936,0.4063,0.4846,0.4483,0.6087,0.2089
CUST1010170,2026-06,0.5764,0.3113,0.2277,0.5288,0.384,0.0905
CUST1010171,2026-06,0.6238,0.5348,0.3309,0.2315,0.1705,0.1645
CUST1010172,2026-06,0.4216,0.4644,0.2334,0.4503,0.3878,0.1893
CUST1010173,2026-06,0.4409,0.0534,0.1683,0.4021,0.3464,0.2172
CUST1010174,2026-06,0.5456,0.296,0.5236,0.4147,0.4985,0.0235
CUST1010175,2026-06,0.3288,0.3278,0.3543,0.5158,0.4396,0.1588
CUST1010176,2026-06,0.7294,0.2604,0.5014,0.5935,0.3986,0.1566
CUST1010177,2026-06,0.6626,0.4195,0.271,0.4272,0.4417,0.201
CUST1010178,2026-06,0.445,0.4378,0.2387,0.2345,0.3821,0.1806
CUST1010179,2026-06,0.4252,0.3401,0.3539,0.4453,0.389,0.1461
CUST1010180,2026-06,0.4513,0.2407,0.1456,0.3029,0.2857,0.1384
CUST1010181,2026-06,0.705,0.1936,0.383,0.4648,0.2898,0.1553
CUST1010182,2026-06,0.5142,0.4132,0.5788,0.3854,0.42,0.25
CUST1010183,2026-06,0.1965,0.2776,0.2402,0.4454,0.1682,0.1747
CUST1010184,2026-06,0.3855,0.5067,0.5406,0.2846,0.2714,0.2624
CUST1010185,2026-06,0.1377,0.01,0.0183,0.1256,0.6163,0.2122
CUST1010186,2026-06,0.3574,0.5361,0.6794,0.4382,0.352,0.0949
CUST1010187,2026-06,0.0911,0.1949,0.2356,0.2504,0.5948,0.1949
CUST1010188,2026-06,0.4526,0.3283,0.5486,0.01,0.3484,0.0675
CUST1010189,2026-06,0.6863,0.0989,0.5619,0.1768,0.2762,0.2091
CUST1010190,2026-06,0.4877,0.352,0.4105,0.2797,0.2597,0.2501
CUST1010191,2026-06,0.4884,0.2709,0.6421,0.4033,0.3112,0.1155
CUST1010192,2026-06,0.2215,0.2967,0.1803,0.3431,0.5109,0.0629
CUST1010193,2026-06,0.5115,0.3647,0.4313,0.3505,0.4633,0.1595
CUST1010194,2026-06,0.656,0.4866,0.3959,0.4877,0.3684,0.2305
CUST1010195,2026-06,0.6354,0.5285,0.5163,0.4882,0.18,0.0819
CUST1010196,2026-06,0.3986,0.2003,0.3847,0.1416,0.2493,0.062
CUST1010197,2026-06,0.2704,0.494,0.2785,0.4811,0.2842,0.0984
CUST1010198,2026-06,0.5315,0.6193,0.1873,0.486,0.3017,0.7599
CUST1010199,2026-06,0.6588,0.1873,0.2617,0.3435,0.2785,0.2306
CUST1010200,2026-06,0.427,0.3199,0.3115,0.5436,0.1886,0.2664
CUST1010201,2026-06,0.2836,0.2548,0.0973,0.1712,0.3281,0.6183
CUST1010202,2026-06,0.3714,0.0392,0.1438,0.01,0.3117,0.141
CUST1010203,2026-06,0.4762,0.2662,0.1721,0.4533,0.3728,0.1798
CUST1010204,2026-06,0.4511,0.3836,0.6726,0.2195,0.2885,0.0862
CUST1010205,2026-06,0.3159,0.01,0.111,0.1803,0.2365,0.2778
CUST1010206,2026-06,0.2691,0.1219,0.2709,0.5106,0.3424,0.2478
CUST1010207,2026-06,0.4957,0.3779,0.5527,0.2204,0.2131,0.0782
CUST1010208,2026-06,0.4533,0.3046,0.6895,0.4342,0.4148,0.0391
CUST1010209,2026-06,0.3808,0.4283,0.5856,0.2894,0.3519,0.0621
CUST1010210,2026-06,0.6265,0.297,0.7346,0.1306,0.4403,0.2609
CUST1010211,2026-06,0.4539,0.4855,0.3168,0.4019,0.3093,0.1601
CUST1010212,2026-06,0.3857,0.2806,0.3528,0.4284,0.3777,0.381
CUST1010213,2026-06,0.2099,0.01,0.0782999999999999,0.2,0.3331,0.3371
CUST1010214,2026-06,0.3058,0.4767,0.562,0.3667,0.3031,0.3053
CUST1010215,2026-06,0.6122,0.3076,0.3028,0.4023,0.3564,0.1434
CUST1010216,2026-06,0.4305,0.3932,0.6006,0.5166,0.3301,0.1272
CUST1010217,2026-06,0.225,0.0694,0.1472,0.2332,0.3378,0.1727
CUST1010218,2026-06,0.5511,0.1013,0.5082,0.5446,0.2895,0.2059
CUST1010219,2026-06,0.4718,0.446,0.4563,0.5044,0.3349,0.326
CUST1010220,2026-06,0.484,0.5496,0.2964,0.5888,0.3869,0.2488
CUST1010221,2026-06,0.7349,0.2287,0.6165,0.3412,0.2964,0.1241
CUST1010222,2026-06,0.2451,0.1623,0.1578,0.3327,0.4024,0.1603
CUST1010223,2026-06,0.1571,0.0202,0.1655,0.1818,0.4996,0.3026
CUST1010224,2026-06,0.6207,0.2731,0.5058,0.5165,0.3455,0.4876
CUST1010225,2026-06,0.6655,0.3378,0.3727,0.4091,0.3379,0.2167
CUST1010226,2026-06,0.1631,0.2756,0.0809,0.2461,0.3296,0.198
CUST1010227,2026-06,0.3592,0.249,0.4512,0.231,0.3956,0.2401
CUST1010228,2026-06,0.286,0.4644,0.4889,0.2545,0.3446,0.2241
CUST1010229,2026-06,0.3055,0.5312,0.5138,0.2939,0.3076,0.0868
CUST1010230,2026-06,0.4307,0.4814,0.7212,0.448,0.5174,0.3409
CUST1010231,2026-06,0.1665,0.2257,0.1787,0.5249,0.5488,0.1063
CUST1010232,2026-06,0.3151,0.3597,0.4153,0.4956,0.3582,0.1698
CUST1010233,2026-06,0.3568,0.1127,0.151,0.3455,0.4129,0.1316
CUST1010234,2026-06,0.4237,0.0903999999999999,0.1985,0.6037,0.3504,0.1139
CUST1010235,2026-06,0.3981,0.2972,0.3635,0.5255,0.2483,0.0743
CUST1010236,2026-06,0.4464,0.3971,0.264,0.1695,0.2039,0.1218
CUST1010237,2026-06,0.1458,0.2234,0.0661,0.249,0.1322,0.1201
CUST1010238,2026-06,0.4221,0.3344,0.6675,0.3767,0.5277,0.2027
CUST1010239,2026-06,0.5424,0.4608,0.4506,0.2704,0.3972,0.2489
CUST1010240,2026-06,0.6541,0.2804,0.4564,0.1053,0.4259,0.1792
CUST1010241,2026-06,0.462,0.0177,0.1118,0.2113,0.1744,0.2475
CUST1010242,2026-06,0.5077,0.5129,0.6482,0.4048,0.416,0.1404
CUST1010243,2026-06,0.2179,0.1934,0.2102,0.3594,0.547,0.2295
CUST1010244,2026-06,0.4938,0.0223,0.01,0.1623,0.1942,0.0784
CUST1010245,2026-06,0.7038,0.3508,0.4891,0.0766,0.3089,0.2181
CUST1010246,2026-06,0.6108,0.01,0.3779,0.4277,0.3043,0.3151
CUST1010247,2026-06,0.1317,0.2916,0.1104,0.2785,0.2648,0.0402
CUST1010248,2026-06,0.2703,0.2324,0.4056,0.6935,0.4083,0.0531
CUST1010249,2026-06,0.4749,0.4223,0.5815,0.2143,0.2942,0.01
CUST1010250,2026-06,0.6535,0.3343,0.6334,0.4495,0.3355,0.1232
CUST1010251,2026-06,0.5842,0.1644,0.2621,0.2768,0.1681,0.5488
CUST1010252,2026-06,0.4992,0.3333,0.3623,0.5716,0.3465,0.1419
CUST1010253,2026-06,0.5064,0.3442,0.5826,0.2629,0.2395,0.039
CUST1010254,2026-06,0.5179,0.3322,0.5886,0.2148,0.1349,0.2495
CUST1010255,2026-06,0.4305,0.3088,0.3942,0.5416,0.4041,0.2298
CUST1010256,2026-06,0.4137,0.459,0.2663,0.6133,0.3431,0.1337
CUST1010257,2026-06,0.4164,0.1275,0.3539,0.3494,0.4012,0.2498
CUST1010258,2026-06,0.4466,0.4097,0.3649,0.3056,0.5286,0.1523
CUST1010259,2026-06,0.5104,0.5329,0.4904,0.3925,0.392,0.2467
CUST1010260,2026-06,0.0935,0.045,0.1988,0.2401,0.226,0.092
CUST1010261,2026-06,0.3624,0.116,0.21,0.389,0.3567,0.1985
CUST1010262,2026-06,0.4416,0.3482,0.3622,0.3221,0.3703,0.2806
CUST1010263,2026-06,0.535,0.5107,0.4793,0.3674,0.5071,0.0965
CUST1010264,2026-06,0.4174,0.4195,0.4919,0.5713,0.3113,0.3577
CUST1010265,2026-06,0.0656999999999999,0.01,0.0661999999999999,0.2173,0.457,0.1514
CUST1010266,2026-06,0.4872,0.3949,0.5282,0.5924,0.2024,0.128
CUST1010267,2026-06,0.5132,0.3544,0.4243,0.179,0.3163,0.3089
CUST1010268,2026-06,0.3965,0.01,0.1897,0.4656,0.1548,0.5612
CUST1010269,2026-06,0.3721,0.4302,0.4232,0.3352,0.3923,0.1886
CUST1010270,2026-06,0.5545,0.5664,0.5356,0.5409,0.2929,0.1567
CUST1010271,2026-06,0.5167,0.1905,0.2628,0.3717,0.5652,0.2487
CUST1010272,2026-06,0.301,0.01,0.197,0.3623,0.219,0.1262
CUST1010273,2026-06,0.7052,0.1431,0.1971,0.4416,0.1981,0.1955
CUST1010274,2026-06,0.2996,0.4141,0.5049,0.5277,0.4781,0.0901
CUST1010275,2026-06,0.3191,0.4504,0.3237,0.4003,0.3155,0.1957
CUST1010276,2026-06,0.4699,0.459,0.5283,0.5364,0.5263,0.1382
CUST1010277,2026-06,0.5065,0.0712,0.185,0.33,0.2856,0.4722
CUST1010278,2026-06,0.4914,0.4738,0.7436,0.5164,0.4884,0.2809
CUST1010279,2026-06,0.3611,0.2031,0.4656,0.2223,0.3993,0.0738
CUST1010280,2026-06,0.7171,0.3138,0.5064,0.4953,0.3511,0.1795
CUST1010281,2026-06,0.386,0.3949,0.5978,0.3541,0.5338,0.1172
CUST1010282,2026-06,0.7006,0.5652,0.4789,0.441,0.1373,0.2404
CUST1010283,2026-06,0.6551,0.2436,0.4184,0.4925,0.4319,0.1343
CUST1010284,2026-06,0.219,0.1273,0.1692,0.2124,0.1958,0.2222
CUST1010285,2026-06,0.6229,0.4364,0.2838,0.3623,0.2236,0.1469
CUST1010286,2026-06,0.5604,0.0911,0.4414,0.2342,0.335,0.1284
CUST1010287,2026-06,0.6526,0.1606,0.5438,0.2876,0.2471,0.1874
CUST1010288,2026-06,0.529,0.469,0.2606,0.2994,0.3528,0.2352
CUST1010289,2026-06,0.4346,0.01,0.0978,0.266,0.3045,0.3252
CUST1010290,2026-06,0.5228,0.2121,0.3148,0.1149,0.6535,0.137
CUST1010291,2026-06,0.5783,0.4784,0.5886,0.4124,0.2882,0.1162
CUST1010292,2026-06,0.4276,0.3445,0.5825,0.3648,0.4021,0.109
CUST1010293,2026-06,0.298,0.1653,0.1452,0.2721,0.1413,0.2032
CUST1010294,2026-06,0.6802,0.161,0.3896,0.2135,0.2064,0.3297
CUST1010295,2026-06,0.316,0.4079,0.3761,0.4215,0.3791,0.2301
CUST1010296,2026-06,0.2549,0.294,0.2017,0.48,0.5671,0.2106
CUST1010297,2026-06,0.4157,0.4588,0.4077,0.5526,0.4005,0.1493
CUST1010298,2026-06,0.6018,0.1968,0.3972,0.3278,0.2789,0.3405
CUST1010299,2026-06,0.4745,0.1429,0.404,0.253,0.3536,0.0518
CUST1010300,2026-06,0.1657,0.2428,0.1281,0.3746,0.2656,0.1913
CUST1010301,2026-06,0.1541,0.2586,0.1439,0.2433,0.3088,0.1844
CUST1010302,2026-06,0.5176,0.3219,0.6577,0.2943,0.4074,0.0989
CUST1010303,2026-06,0.4188,0.4302,0.4065,0.4399,0.3187,0.211
CUST1010304,2026-06,0.4285,0.4605,0.4074,0.3077,0.4295,0.106
CUST1010305,2026-06,0.3941,0.2843,0.1674,0.2188,0.2394,0.0927999999999999
CUST1010306,2026-06,0.7053,0.0814,0.3761,0.4081,0.2145,0.4061
CUST1010307,2026-06,0.6042,0.2407,0.2982,0.2992,0.115,0.3443
CUST1010308,2026-06,0.5528,0.2669,0.441,0.253,0.275,0.1327
CUST1010309,2026-06,0.5876,0.0503,0.3055,0.2968,0.2245,0.1356
CUST1010310,2026-06,0.5992,0.39,0.2852,0.5589,0.1347,0.01
CUST1010311,2026-06,0.284,0.3402,0.3796,0.2293,0.4103,0.2303
CUST1010312,2026-06,0.5743,0.2778,0.4232,0.0586,0.3293,0.233
CUST1010313,2026-06,0.4274,0.4368,0.4473,0.4705,0.6649,0.0886
CUST1010314,2026-06,0.4381,0.1114,0.254,0.3763,0.2606,0.3723
CUST1010315,2026-06,0.4616,0.5381,0.4835,0.3762,0.4517,0.1088
CUST1010316,2026-06,0.4157,0.4287,0.4731,0.3234,0.23,0.6041
CUST1010317,2026-06,0.4374,0.0651,0.2844,0.4302,0.2066,0.0793
CUST1010318,2026-06,0.2647,0.426,0.0508,0.6382,0.4542,0.1856
CUST1010319,2026-06,0.5038,0.3962,0.5054,0.313,0.2924,0.01
CUST1010320,2026-06,0.4145,0.5607,0.2764,0.1625,0.3422,0.1814
CUST1010321,2026-06,0.2396,0.4946,0.5882,0.3063,0.3407,0.0956999999999999
CUST1010322,2026-06,0.1707,0.4272,0.2396,0.1969,0.3358,0.2257
CUST1010323,2026-06,0.4074,0.2287,0.4573,0.3867,0.269,0.1079
CUST1010324,2026-06,0.3715,0.01,0.0873,0.378,0.4478,0.0603
CUST1010325,2026-06,0.3671,0.491,0.3714,0.1398,0.4096,0.1545
CUST1010326,2026-06,0.2105,0.2616,0.348,0.3349,0.3536,0.0484
CUST1010327,2026-06,0.4061,0.4317,0.6914,0.6551,0.5184,0.2124
CUST1010328,2026-06,0.5505,0.421,0.2268,0.3879,0.1893,0.2523
CUST1010329,2026-06,0.7047,0.3794,0.2834,0.2628,0.2579,0.2058
CUST1010330,2026-06,0.6438,0.1824,0.3564,0.3794,0.0917,0.1096
CUST1010331,2026-06,0.5855,0.2233,0.4681,0.4534,0.2126,0.3008
CUST1010332,2026-06,0.4544,0.4358,0.4436,0.3568,0.3238,0.2555
CUST1010333,2026-06,0.2788,0.1036,0.3091,0.3528,0.4665,0.1587
CUST1010334,2026-06,0.294,0.4418,0.6722,0.4461,0.272,0.1665
CUST1010335,2026-06,0.1776,0.3798,0.4302,0.2015,0.3858,0.01
CUST1010336,2026-06,0.1659,0.3264,0.365,0.2242,0.2557,0.6963
CUST1010337,2026-06,0.47,0.1584,0.0171,0.4094,0.2707,0.184
CUST1010338,2026-06,0.4509,0.5678,0.5342,0.4954,0.297,0.2222
CUST1010339,2026-06,0.565,0.5484,0.4053,0.1911,0.3649,0.102
CUST1010340,2026-06,0.7114,0.3991,0.4434,0.3208,0.3489,0.2233
CUST1010341,2026-06,0.7152,0.2319,0.3746,0.4632,0.2978,0.0585
CUST1010342,2026-06,0.6174,0.1137,0.3176,0.5192,0.2034,0.1853
CUST1010343,2026-06,0.5621,0.3825,0.4563,0.535,0.3315,0.2404
CUST1010344,2026-06,0.3459,0.0549,0.4421,0.2188,0.0724,0.1839
CUST1010345,2026-06,0.0966,0.01,0.0646999999999999,0.2233,0.1955,0.1695
CUST1010346,2026-06,0.6244,0.0631,0.45,0.4798,0.107,0.2853
CUST1010347,2026-06,0.7278,0.5939,0.5102,0.5691,0.4002,0.1613
CUST1010348,2026-06,0.6442,0.2422,0.5786,0.5056,0.183,0.5714
CUST1010349,2026-06,0.5987,0.2245,0.3111,0.4217,0.1621,0.0246
CUST1010350,2026-06,0.351,0.5551,0.5866,0.4177,0.2791,0.1737
CUST1010351,2026-06,0.6288,0.085,0.5278,0.3212,0.3002,0.2361
CUST1010352,2026-06,0.2392,0.1754,0.1263,0.3179,0.4366,0.2155
CUST1010353,2026-06,0.2892,0.3914,0.5216,0.4834,0.3055,0.1756
CUST1010354,2026-06,0.4034,0.3198,0.6288,0.4077,0.2965,0.1001
CUST1010355,2026-06,0.3447,0.3133,0.5892,0.2158,0.3079,0.2272
CUST1010356,2026-06,0.3843,0.2058,0.1659,0.314,0.3614,0.1388
CUST1010357,2026-06,0.3973,0.3042,0.701,0.5562,0.5572,0.1199
CUST1010358,2026-06,0.4437,0.1205,0.0816,0.4661,0.2477,0.1879
CUST1010359,2026-06,0.2387,0.1794,0.1375,0.2496,0.4327,0.2661
CUST1010360,2026-06,0.5517,0.174,0.4574,0.4454,0.2582,0.1703
CUST1010361,2026-06,0.4701,0.1969,0.3529,0.4562,0.26,0.5487
CUST1010362,2026-06,0.5285,0.3298,0.5706,0.2979,0.3074,0.2735
CUST1010363,2026-06,0.2046,0.01,0.2623,0.2317,0.2525,0.1662
CUST1010364,2026-06,0.6678,0.2429,0.438,0.3297,0.4774,0.1151
CUST1010365,2026-06,0.4988,0.3864,0.2457,0.4817,0.4513,0.2477
CUST1010366,2026-06,0.4401,0.4093,0.2499,0.3453,0.19,0.5182
CUST1010367,2026-06,0.2411,0.2923,0.1415,0.4696,0.3672,0.1864
CUST1010368,2026-06,0.5448,0.3397,0.3912,0.6115,0.4861,0.1683
CUST1010369,2026-06,0.1249,0.2195,0.0211,0.2358,0.25,0.1129
CUST1010370,2026-06,0.3899,0.4,0.6553,0.5554,0.4612,0.1753
CUST1010371,2026-06,0.2919,0.064,0.2167,0.2965,0.4443,0.2946
CUST1010372,2026-06,0.2093,0.1884,0.0781,0.2917,0.4139,0.1615
CUST1010373,2026-06,0.5596,0.3232,0.7405,0.2217,0.2899,0.2202
CUST1010374,2026-06,0.4082,0.4826,0.4136,0.401,0.4518,0.1792
CUST1010375,2026-06,0.6012,0.5703,0.6506,0.4441,0.4717,0.2117
CUST1010376,2026-06,0.5167,0.4941,0.4183,0.3296,0.4024,0.2318
CUST1010377,2026-06,0.2408,0.1685,0.1358,0.246,0.2145,0.2729
CUST1010378,2026-06,0.6592,0.3801,0.3928,0.3007,0.2999,0.3177
CUST1010379,2026-06,0.3163,0.4362,0.4179,0.4654,0.3327,0.1797
CUST1010380,2026-06,0.447,0.01,0.1798,0.3832,0.182,0.2331
CUST1010381,2026-06,0.3535,0.3997,0.5111,0.1571,0.2361,0.1613
CUST1010382,2026-06,0.467,0.5454,0.4058,0.346,0.4251,0.1876
CUST1010383,2026-06,0.2243,0.4124,0.1227,0.2828,0.2439,0.1422
CUST1010384,2026-06,0.2426,0.3099,0.153,0.3724,0.1455,0.4212
CUST1010385,2026-06,0.3255,0.2286,0.3303,0.3114,0.3206,0.1331
CUST1010386,2026-06,0.4526,0.4103,0.5858,0.4194,0.449,0.2506
CUST1010387,2026-06,0.4285,0.1346,0.3089,0.1647,0.4139,0.0816
CUST1010388,2026-06,0.309,0.6409,0.5268,0.2519,0.2916,0.6966
CUST1010389,2026-06,0.5171,0.3655,0.5196,0.2948,0.6023,0.1706
CUST1010390,2026-06,0.6674,0.4889,0.3072,0.4442,0.315,0.2551
CUST1010391,2026-06,0.6898,0.4412,0.5873,0.4594,0.2989,0.2905
CUST1010392,2026-06,0.7421,0.2132,0.5423,0.444,0.2664,0.2939
CUST1010393,2026-06,0.4442,0.0595,0.1659,0.3437,0.1577,0.5641
CUST1010394,2026-06,0.2627,0.2951,0.2273,0.3071,0.5499,0.2052
CUST1010395,2026-06,0.6759,0.2473,0.3834,0.4051,0.2533,0.1437
CUST1010396,2026-06,0.4189,0.2076,0.2341,0.2457,0.3216,0.2155
CUST1010397,2026-06,0.2173,0.1246,0.1757,0.196,0.3283,0.2004
CUST1010398,2026-06,0.3946,0.4299,0.6707,0.3922,0.5441,0.225
CUST1010399,2026-06,0.323,0.4951,0.5754,0.1652,0.1501,0.614
CUST1010400,2026-06,0.346,0.4403,0.4442,0.5561,0.5538,0.2549
CUST1010401,2026-06,0.2039,0.1315,0.01,0.2646,0.3688,0.0189
CUST1010402,2026-06,0.4409,0.4049,0.4793,0.5751,0.4231,0.3438
CUST1010403,2026-06,0.6781,0.3748,0.3354,0.4002,0.2791,0.0874
CUST1010404,2026-06,0.4528,0.2892,0.6077,0.3051,0.3686,0.0507
CUST1010405,2026-06,0.3151,0.4305,0.5852,0.5024,0.36,0.2069
CUST1010406,2026-06,0.5991,0.1143,0.1328,0.1249,0.2222,0.2919
CUST1010407,2026-06,0.3729,0.4398,0.5135,0.5013,0.2243,0.5818
CUST1010408,2026-06,0.3882,0.4881,0.3448,0.3531,0.407,0.198
CUST1010409,2026-06,0.5994,0.2797,0.3703,0.3507,0.1781,0.2765
CUST1010410,2026-06,0.2701,0.1565,0.0354,0.1774,0.3256,0.2136
CUST1010411,2026-06,0.5947,0.1732,0.3167,0.2063,0.3337,0.2627
CUST1010412,2026-06,0.6032,0.1999,0.487,0.536,0.2798,0.2233
CUST1010413,2026-06,0.4859,0.439,0.3737,0.3953,0.3017,0.112
CUST1010414,2026-06,0.4911,0.3463,0.4673,0.5175,0.542,0.0828
CUST1010415,2026-06,0.6872,0.3486,0.379,0.4399,0.1891,0.2654
CUST1010416,2026-06,0.4514,0.4659,0.5474,0.4519,0.3087,0.1318
CUST1010417,2026-06,0.2384,0.1859,0.1512,0.4425,0.3827,0.1354
CUST1010418,2026-06,0.3352,0.1738,0.0763,0.5184,0.2467,0.1348
CUST1010419,2026-06,0.1869,0.2924,0.01,0.5068,0.3585,0.5634
CUST1010420,2026-06,0.43,0.2342,0.4027,0.2621,0.315,0.1057
CUST1010421,2026-06,0.4395,0.5059,0.5915,0.1954,0.5279,0.1338
CUST1010422,2026-06,0.4183,0.4104,0.4963,0.5679,0.2378,0.1393
CUST1010423,2026-06,0.5531,0.3004,0.4805,0.4784,0.4695,0.1127
CUST1010424,2026-06,0.3426,0.2909,0.4194,0.2869,0.3381,0.2806
CUST1010425,2026-06,0.2944,0.4101,0.1268,0.1418,0.3078,0.1686
CUST1010426,2026-06,0.5156,0.1911,0.5757,0.0906,0.0351,0.5274
CUST1010427,2026-06,0.3527,0.1697,0.1279,0.579,0.5609,0.061
CUST1010428,2026-06,0.6107,0.2181,0.4651,0.3153,0.1953,0.0763
CUST1010429,2026-06,0.5555,0.4445,0.3277,0.4723,0.4273,0.176
CUST1010430,2026-06,0.5375,0.5406,0.5461,0.2868,0.3369,0.1696
CUST1010431,2026-06,0.6934,0.4758,0.6832,0.4167,0.2441,0.1831
CUST1010432,2026-06,0.3972,0.1399,0.1787,0.1696,0.1234,0.2774
CUST1010433,2026-06,0.5737,0.2532,0.2978,0.268,0.2337,0.4919
CUST1010434,2026-06,0.1949,0.0627,0.0737,0.2267,0.3227,0.1624
CUST1010435,2026-06,0.4586,0.4334,0.5673,0.3741,0.0627,0.1599
CUST1010436,2026-06,0.3656,0.1215,0.2074,0.3368,0.3906,0.26
CUST1010437,2026-06,0.7138,0.0645,0.5947,0.3109,0.1793,0.1494
CUST1010438,2026-06,0.3175,0.5048,0.7014,0.4588,0.315,0.2614
CUST1010439,2026-06,0.4258,0.2833,0.3922,0.1794,0.3697,0.0946
CUST1010440,2026-06,0.4496,0.01,0.2031,0.1061,0.208,0.164
CUST1010441,2026-06,0.5902,0.1611,0.3724,0.2943,0.2705,0.234
CUST1010442,2026-06,0.4782,0.428,0.5569,0.3201,0.3832,0.1697
CUST1010443,2026-06,0.663,0.2223,0.5063,0.3314,0.2205,0.1427
CUST1010444,2026-06,0.1859,0.01,0.287,0.1461,0.4591,0.1646
CUST1010445,2026-06,0.457,0.2834,0.4151,0.1099,0.5181,0.1747
CUST1010446,2026-06,0.1042,0.1357,0.2579,0.01,0.4211,0.2696
CUST1010447,2026-06,0.6044,0.2899,0.4049,0.6183,0.2238,0.2648
CUST1010448,2026-06,0.4744,0.1588,0.39,0.2075,0.2679,0.218
CUST1010449,2026-06,0.3898,0.4945,0.3332,0.3314,0.2619,0.0811
CUST1010450,2026-06,0.6692,0.5474,0.3146,0.3758,0.2171,0.182
CUST1010451,2026-06,0.4527,0.1419,0.2616,0.3559,0.3072,0.2386
CUST1010452,2026-06,0.5069,0.1559,0.3938,0.2666,0.2306,0.2083
CUST1010453,2026-06,0.4885,0.0601,0.1325,0.3975,0.2615,0.3493
CUST1010454,2026-06,0.4891,0.4663,0.5453,0.3998,0.1966,0.2434
CUST1010455,2026-06,0.5503,0.3586,0.3999,0.5179,0.3665,0.1794
CUST1010456,2026-06,0.5668,0.2499,0.4194,0.2272,0.266,0.1812
CUST1010457,2026-06,0.4997,0.3558,0.4248,0.3721,0.3011,0.1855
CUST1010458,2026-06,0.489,0.4145,0.7682,0.5374,0.4532,0.2247
CUST1010459,2026-06,0.4768,0.4485,0.5486,0.1579,0.1859,0.1762
CUST1010460,2026-06,0.7346,0.4824,0.4338,0.4077,0.5401,0.1169
CUST1010461,2026-06,0.3114,0.41,0.0424,0.3089,0.2844,0.2645
CUST1010462,2026-06,0.5256,0.1679,0.2595,0.3544,0.6225,0.1752
CUST1010463,2026-06,0.2478,0.508,0.403,0.3265,0.243,0.2131
CUST1010464,2026-06,0.5895,0.2988,0.3258,0.5555,0.2891,0.2201
CUST1010465,2026-06,0.4656,0.4063,0.4558,0.557,0.4784,0.1434
CUST1010466,2026-06,0.2329,0.0191,0.1439,0.259,0.2128,0.3452
CUST1010467,2026-06,0.525,0.3686,0.3776,0.4353,0.2767,0.2684
CUST1010468,2026-06,0.5715,0.3448,0.8121,0.4699,0.2874,0.1389
CUST1010469,2026-06,0.5211,0.01,0.2734,0.3211,0.3362,0.2085
CUST1010470,2026-06,0.2554,0.144,0.1616,0.3644,0.2595,0.1751
CUST1010471,2026-06,0.2288,0.3737,0.3578,0.2219,0.1362,0.3041
CUST1010472,2026-06,0.4886,0.4636,0.4584,0.4853,0.4083,0.0958
CUST1010473,2026-06,0.3023,0.4383,0.3456,0.2637,0.3517,0.1915
CUST1010474,2026-06,0.4869,0.4487,0.5225,0.4796,0.2881,0.1779
CUST1010475,2026-06,0.0732,0.0625,0.1167,0.3225,0.2454,0.1362
CUST1010476,2026-06,0.4148,0.3475,0.3244,0.0556,0.422,0.1859
CUST1010477,2026-06,0.2457,0.01,0.1442,0.1212,0.246,0.2266
CUST1010478,2026-06,0.5818,0.3562,0.6836,0.0247,0.2709,0.2435
CUST1010479,2026-06,0.5476,0.2327,0.6752,0.31,0.3191,0.1538
CUST1010480,2026-06,0.5676,0.1985,0.4697,0.5041,0.2477,0.159
CUST1010481,2026-06,0.2386,0.2305,0.1511,0.1611,0.206,0.2781
CUST1010482,2026-06,0.7804,0.4227,0.4428,0.3825,0.2771,0.2539
CUST1010483,2026-06,0.3521,0.0690999999999999,0.1869,0.1777,0.2622,0.2289
CUST1010484,2026-06,0.216,0.0677,0.01,0.3551,0.5774,0.2505
CUST1010485,2026-06,0.5612,0.12,0.5427,0.1723,0.5305,0.1294
CUST1010486,2026-06,0.6699,0.1125,0.5912,0.2852,0.1786,0.2474
CUST1010487,2026-06,0.4053,0.2852,0.4821,0.4805,0.3458,0.265
CUST1010488,2026-06,0.5431,0.5304,0.4294,0.4376,0.2866,0.2241
CUST1010489,2026-06,0.0886,0.1804,0.1026,0.194,0.4057,0.0461
CUST1010490,2026-06,0.2425,0.0427,0.1223,0.2585,0.3278,0.0255
CUST1010491,2026-06,0.2678,0.3629,0.2867,0.5015,0.4674,0.2371
CUST1010492,2026-06,0.5874,0.4173,0.3507,0.3517,0.8352,0.4011
CUST1010493,2026-06,0.4889,0.4569,0.3448,0.4795,0.2213,0.5218
CUST1010494,2026-06,0.6574,0.4414,0.317,0.267,0.2911,0.228
CUST1010495,2026-06,0.4591,0.403,0.4569,0.4872,0.5421,0.1871
CUST1010496,2026-06,0.2735,0.3566,0.4154,0.5287,0.3167,0.1811
CUST1010497,2026-06,0.4325,0.5238,0.4863,0.3306,0.2354,0.2435
CUST1010498,2026-06,0.4685,0.4092,0.5895,0.3126,0.4007,0.1665
CUST1010499,2026-06,0.488,0.1767,0.3612,0.173,0.257,0.1656
CUST1010500,2026-06,0.4715,0.4141,0.3946,0.6068,0.5555,0.2883
CUST1010501,2026-06,0.4668,0.067,0.1194,0.4087,0.145,0.3014
CUST1010502,2026-06,0.5022,0.312,0.3058,0.2989,0.5378,0.19
CUST1010503,2026-06,0.0963,0.0216,0.2702,0.1224,0.4143,0.1531
CUST1010504,2026-06,0.6208,0.258,0.4235,0.1948,0.2742,0.2334
CUST1010505,2026-06,0.3434,0.159,0.3604,0.373,0.3471,0.1295
CUST1010506,2026-06,0.5656,0.2687,0.7679,0.5716,0.4465,0.1214
CUST1010507,2026-06,0.2636,0.2433,0.1347,0.2191,0.2532,0.1668
CUST1010508,2026-06,0.5941,0.1565,0.1664,0.1537,0.2655,0.1947
CUST1010509,2026-06,0.242,0.2728,0.01,0.6431,0.5967,0.2514
CUST1010510,2026-06,0.3907,0.261,0.3652,0.2835,0.2496,0.1626
CUST1010511,2026-06,0.5272,0.2224,0.4508,0.3509,0.3206,0.1518
CUST1010512,2026-06,0.3939,0.2831,0.2963,0.3634,0.2975,0.5389
CUST1010513,2026-06,0.4159,0.3265,0.5629,0.2345,0.3077,0.0826
CUST1010514,2026-06,0.2644,0.0471,0.1775,0.2932,0.3188,0.156
CUST1010515,2026-06,0.492,0.4474,0.3564,0.1508,0.4646,0.2166
CUST1010516,2026-06,0.559,0.4801,0.5013,0.6059,0.4056,0.01
CUST1010517,2026-06,0.4992,0.1616,0.2672,0.2967,0.2899,0.1322
CUST1010518,2026-06,0.4639,0.6237,0.5103,0.4639,0.3273,0.1592
CUST1010519,2026-06,0.6569,0.382,0.5742,0.4679,0.1648,0.1785
CUST1010520,2026-06,0.3031,0.2985,0.6399,0.2566,0.363,0.1966
CUST1010521,2026-06,0.3748,0.4015,0.3324,0.163,0.2457,0.191
CUST1010522,2026-06,0.1871,0.2499,0.2744,0.2438,0.2492,0.2993
CUST1010523,2026-06,0.4549,0.4105,0.4133,0.3972,0.3081,0.1267
CUST1010524,2026-06,0.3227,0.0203,0.1129,0.2698,0.2475,0.1708
CUST1010525,2026-06,0.327,0.349,0.5043,0.3751,0.3245,0.1435
CUST1010526,2026-06,0.4598,0.4135,0.5111,0.4782,0.3642,0.2453
CUST1010527,2026-06,0.4416,0.5699,0.6931,0.4191,0.4121,0.2732
CUST1010528,2026-06,0.2964,0.01,0.0361,0.2788,0.2432,0.231
CUST1010529,2026-06,0.3905,0.077,0.1896,0.1264,0.1914,0.2294
CUST1010530,2026-06,0.4743,0.3231,0.5297,0.5501,0.3142,0.2084
CUST1010531,2026-06,0.1075,0.2678,0.0685999999999999,0.3338,0.6224,0.2907
CUST1010532,2026-06,0.6712,0.2324,0.4592,0.2432,0.333,0.1255
CUST1010533,2026-06,0.6616,0.1352,0.3138,0.1922,0.417,0.1602
CUST1010534,2026-06,0.2333,0.2157,0.0866,0.3666,0.2878,0.1773
CUST1010535,2026-06,0.3981,0.2846,0.3179,0.3871,0.242,0.2879
CUST1010536,2026-06,0.6577,0.3759,0.2856,0.4283,0.2565,0.5067
CUST1010537,2026-06,0.4486,0.4286,0.6423,0.4142,0.4624,0.325
CUST1010538,2026-06,0.2942,0.5194,0.338,0.5504,0.5276,0.1762
CUST1010539,2026-06,0.5994,0.1032,0.1329,0.4775,0.3343,0.1522
CUST1010540,2026-06,0.4676,0.01,0.1421,0.4134,0.2495,0.2917
CUST1010541,2026-06,0.5471,0.1562,0.4516,0.4458,0.3966,0.1431
CUST1010542,2026-06,0.3921,0.4106,0.3558,0.2899,0.2952,0.143
CUST1010543,2026-06,0.383,0.4347,0.6166,0.1822,0.461,0.1565
CUST1010544,2026-06,0.736,0.0438,0.3748,0.2711,0.3166,0.2039
CUST1010545,2026-06,0.2532,0.0801,0.1748,0.3218,0.5781,0.2712
CUST1010546,2026-06,0.2077,0.2308,0.2274,0.2799,0.2727,0.0748
CUST1010547,2026-06,0.275,0.2636,0.5657,0.3282,0.4178,0.1161
CUST1010548,2026-06,0.4586,0.2006,0.4126,0.2488,0.0808,0.6851
CUST1010549,2026-06,0.3656,0.4707,0.4336,0.3794,0.4726,0.2973
CUST1010550,2026-06,0.5916,0.3048,0.5508,0.5322,0.2388,0.1728
CUST1010551,2026-06,0.8336,0.1998,0.6002,0.5569,0.2711,0.2193
CUST1010552,2026-06,0.4837,0.451,0.5173,0.4155,0.3703,0.2077
CUST1010553,2026-06,0.3611,0.3469,0.5698,0.5194,0.5189,0.1732
CUST1010554,2026-06,0.5703,0.2169,0.3716,0.1304,0.3262,0.2847
CUST1010555,2026-06,0.7048,0.1314,0.352,0.4208,0.2567,0.269
CUST1010556,2026-06,0.5567,0.0971999999999999,0.4965,0.1088,0.3045,0.2036
CUST1010557,2026-06,0.5106,0.2241,0.4798,0.2697,0.2617,0.134
CUST1010558,2026-06,0.4608,0.01,0.4202,0.4121,0.3668,0.2613
CUST1010559,2026-06,0.4172,0.0172,0.0843,0.3449,0.1529,0.1396
CUST1010560,2026-06,0.1756,0.257,0.0884,0.1886,0.0244,0.1747
CUST1010561,2026-06,0.4417,0.1724,0.4546,0.1348,0.3766,0.1805
CUST1010562,2026-06,0.4574,0.5702,0.2326,0.4012,0.2087,0.5321
CUST1010563,2026-06,0.508,0.5345,0.4901,0.4855,0.1322,0.0129
CUST1010564,2026-06,0.2784,0.3526,0.01,0.3555,0.3182,0.01
CUST1010565,2026-06,0.5338,0.4059,0.505,0.5084,0.3664,0.1131
CUST1010566,2026-06,0.6249,0.2483,0.3506,0.2975,0.2757,0.2239
CUST1010567,2026-06,0.3243,0.4953,0.4302,0.098,0.4458,0.0995999999999999
CUST1010568,2026-06,0.4432,0.2308,0.2162,0.3747,0.1841,0.1185
CUST1010569,2026-06,0.326,0.0886,0.2028,0.3722,0.3509,0.1091
CUST1010570,2026-06,0.6394,0.3473,0.6309,0.3774,0.3893,0.1132
CUST1010571,2026-06,0.4155,0.5227,0.5915,0.5662,0.3875,0.1593
CUST1010572,2026-06,0.3762,0.2849,0.0735,0.2694,0.3504,0.01
CUST1010573,2026-06,0.2283,0.01,0.2229,0.1109,0.1377,0.3766
CUST1010574,2026-06,0.3422,0.4966,0.1659,0.3327,0.2387,0.0897
CUST1010575,2026-06,0.727,0.2226,0.3331,0.3069,0.2389,0.022
CUST1010576,2026-06,0.5067,0.2765,0.6331,0.3825,0.4308,0.1744
CUST1010577,2026-06,0.251,0.1786,0.1118,0.411,0.4455,0.2489
CUST1010578,2026-06,0.7561,0.2685,0.5492,0.4922,0.235,0.1382
CUST1010579,2026-06,0.487,0.4538,0.2953,0.3977,0.3554,0.1431
CUST1010580,2026-06,0.5441,0.1894,0.4862,0.6015,0.5651,0.127
CUST1010581,2026-06,0.4532,0.4186,0.7176,0.4752,0.2539,0.1542
CUST1010582,2026-06,0.5443,0.4581,0.4462,0.5564,0.2529,0.6997
CUST1010583,2026-06,0.4657,0.0932999999999999,0.3096,0.4089,0.4923,0.0756
CUST1010584,2026-06,0.6086,0.3219,0.4806,0.4695,0.1691,0.1869
CUST1010585,2026-06,0.3174,0.2927,0.5606,0.3802,0.475,0.5318
CUST1010586,2026-06,0.3438,0.3566,0.6001,0.3919,0.2593,0.5902
CUST1010587,2026-06,0.3946,0.4456,0.2255,0.2194,0.2262,0.138
CUST1010588,2026-06,0.1925,0.1288,0.2544,0.233,0.2388,0.1385
CUST1010589,2026-06,0.51,0.0707,0.4222,0.1427,0.3405,0.2209
CUST1010590,2026-06,0.4493,0.4562,0.6032,0.4942,0.4524,0.1204
CUST1010591,2026-06,0.4051,0.4199,0.3467,0.2918,0.2778,0.2557
CUST1010592,2026-06,0.2186,0.3623,0.2958,0.411,0.2937,0.1911
CUST1010593,2026-06,0.3885,0.3704,0.1679,0.5416,0.2907,0.3459
CUST1010594,2026-06,0.3519,0.4189,0.4046,0.2605,0.4633,0.1415
CUST1010595,2026-06,0.4191,0.168,0.388,0.2448,0.3533,0.0985
CUST1010596,2026-06,0.4994,0.424,0.2283,0.273,0.3652,0.0862
CUST1010597,2026-06,0.4375,0.3035,0.3165,0.4384,0.3359,0.1659
CUST1010598,2026-06,0.3338,0.3091,0.2136,0.2816,0.264,0.1904
CUST1010599,2026-06,0.4131,0.0738999999999999,0.5739,0.3375,0.1529,0.1908
CUST1010600,2026-06,0.5879,0.4909,0.4004,0.6004,0.1963,0.2354
CUST1010601,2026-06,0.4139,0.3996,0.4906,0.5832,0.3632,0.0964
CUST1010602,2026-06,0.5977,0.3624,0.247,0.3128,0.2583,0.0185
CUST1010603,2026-06,0.5055,0.2771,0.5777,0.3689,0.411,0.1812
CUST1010604,2026-06,0.6878,0.3919,0.5782,0.4896,0.0826,0.1039
CUST1010605,2026-06,0.1888,0.3014,0.2809,0.2688,0.5497,0.2048
CUST1010606,2026-06,0.4585,0.4326,0.6375,0.2722,0.3371,0.3924
CUST1010607,2026-06,0.5069,0.4543,0.5172,0.4261,0.3798,0.1741
CUST1010608,2026-06,0.3716,0.3546,0.3545,0.211,0.2796,0.2131
CUST1010609,2026-06,0.3656,0.3834,0.4735,0.351,0.2656,0.1259
CUST1010610,2026-06,0.2805,0.2558,0.1568,0.1585,0.3945,0.2094
CUST1010611,2026-06,0.2839,0.016,0.0304,0.2081,0.1805,0.199
CUST1010612,2026-06,0.2162,0.3797,0.4214,0.2675,0.2324,0.1472
CUST1010613,2026-06,0.5464,0.3468,0.0305,0.4475,0.3814,0.129
CUST1010614,2026-06,0.2604,0.2737,0.1731,0.224,0.309,0.12
CUST1010615,2026-06,0.1996,0.2575,0.2088,0.2533,0.296,0.1177
CUST1010616,2026-06,0.5502,0.4564,0.508,0.379,0.3304,0.2643
CUST1010617,2026-06,0.3873,0.1635,0.5153,0.263,0.5498,0.1768
CUST1010618,2026-06,0.5616,0.4158,0.2647,0.4652,0.3376,0.0881
CUST1010619,2026-06,0.2123,0.1487,0.3252,0.1839,0.2777,0.2155
CUST1010620,2026-06,0.4472,0.0223,0.1371,0.436,0.2582,0.6811
CUST1010621,2026-06,0.4945,0.4679,0.3509,0.4764,0.3324,0.0532
CUST1010622,2026-06,0.539,0.0774,0.2751,0.1452,0.0757,0.1313
CUST1010623,2026-06,0.4292,0.5224,0.3957,0.3233,0.3509,0.2541
CUST1010624,2026-06,0.7144,0.2315,0.5458,0.3893,0.1025,0.0393
CUST1010625,2026-06,0.6853,0.4157,0.6441,0.2998,0.4178,0.2367
CUST1010626,2026-06,0.3878,0.4386,0.6614,0.5168,0.3756,0.0791
CUST1010627,2026-06,0.5696,0.4029,0.544,0.4305,0.1963,0.2479
CUST1010628,2026-06,0.6221,0.202,0.4057,0.5008,0.2096,0.5457
CUST1010629,2026-06,0.368,0.3785,0.2544,0.0713,0.3451,0.1993
CUST1010630,2026-06,0.4702,0.0891,0.1543,0.3047,0.5015,0.2548
CUST1010631,2026-06,0.6876,0.2772,0.5825,0.3145,0.3338,0.142
CUST1010632,2026-06,0.3638,0.1337,0.4907,0.4373,0.3174,0.2182
CUST1010633,2026-06,0.1682,0.3048,0.1361,0.304,0.3184,0.0507
CUST1010634,2026-06,0.2266,0.2618,0.1973,0.2573,0.5429,0.1707
CUST1010635,2026-06,0.3243,0.3319,0.1453,0.3542,0.3459,0.157
CUST1010636,2026-06,0.4302,0.2235,0.0473,0.3045,0.2845,0.1707
CUST1010637,2026-06,0.6189,0.4674,0.6194,0.3214,0.194,0.187
CUST1010638,2026-06,0.581,0.3764,0.3373,0.275,0.4165,0.1395
CUST1010639,2026-06,0.7103,0.2497,0.5891,0.481,0.2833,0.1989
CUST1010640,2026-06,0.4345,0.4029,0.123,0.6364,0.3938,0.0351
CUST1010641,2026-06,0.4677,0.3213,0.4126,0.2103,0.3786,0.1287
CUST1010642,2026-06,0.2069,0.2893,0.3076,0.3558,0.2102,0.2232
CUST1010643,2026-06,0.4903,0.408,0.3522,0.5201,0.3844,0.0498
CUST1010644,2026-06,0.854,0.4648,0.3811,0.636,0.3783,0.1765
CUST1010645,2026-06,0.4437,0.3874,0.4194,0.42,0.3666,0.2455
CUST1010646,2026-06,0.3287,0.01,0.1339,0.1403,0.3739,0.1174
CUST1010647,2026-06,0.3053,0.1232,0.261,0.2791,0.3922,0.0612
CUST1010648,2026-06,0.4329,0.3864,0.3934,0.3703,0.4094,0.01
CUST1010649,2026-06,0.2656,0.01,0.2092,0.3985,0.619,0.1899
CUST1010650,2026-06,0.4055,0.4936,0.6097,0.4524,0.2573,0.41
CUST1010651,2026-06,0.5711,0.5533,0.7244,0.3923,0.398,0.1857
CUST1010652,2026-06,0.5848,0.3005,0.3633,0.518,0.2313,0.5253
CUST1010653,2026-06,0.1618,0.1703,0.4673,0.2855,0.3036,0.1776
CUST1010654,2026-06,0.2526,0.3061,0.1919,0.4461,0.365,0.1723
CUST1010655,2026-06,0.1712,0.2944,0.2696,0.4324,0.5298,0.0156
CUST1010656,2026-06,0.6404,0.225,0.3906,0.3048,0.3345,0.1543
CUST1010657,2026-06,0.6998,0.2745,0.3806,0.4659,0.3257,0.2264
CUST1010658,2026-06,0.2075,0.1736,0.1332,0.3956,0.2608,0.01
CUST1010659,2026-06,0.3674,0.3356,0.3808,0.2869,0.3666,0.0366
CUST1010660,2026-06,0.4723,0.3721,0.5702,0.3152,0.2499,0.1704
CUST1010661,2026-06,0.4145,0.5412,0.4003,0.5964,0.346,0.2388
CUST1010662,2026-06,0.5092,0.3037,0.363,0.5421,0.578,0.01
CUST1010663,2026-06,0.1471,0.1314,0.1752,0.2517,0.3538,0.2047
CUST1010664,2026-06,0.3465,0.4789,0.3761,0.4529,0.2846,0.5132
CUST1010665,2026-06,0.4311,0.1348,0.5533,0.2696,0.3163,0.2146
CUST1010666,2026-06,0.3883,0.2847,0.3875,0.2067,0.3139,0.2596
CUST1010667,2026-06,0.4173,0.4407,0.385,0.4977,0.6383,0.1682
CUST1010668,2026-06,0.5154,0.3501,0.5208,0.3408,0.3761,0.0796
CUST1010669,2026-06,0.2402,0.01,0.2062,0.055,0.3335,0.1496
CUST1010670,2026-06,0.6692,0.1636,0.3677,0.0747,0.2779,0.3613
CUST1010671,2026-06,0.5232,0.5397,0.2914,0.3162,0.5449,0.1555
CUST1010672,2026-06,0.3038,0.241,0.2264,0.0611,0.2114,0.1373
CUST1010673,2026-06,0.5045,0.01,0.3935,0.038,0.2368,0.1831
CUST1010674,2026-06,0.548,0.5404,0.6215,0.4007,0.5638,0.1616
CUST1010675,2026-06,0.1478,0.3326,0.413,0.3291,0.4159,0.2438
CUST1010676,2026-06,0.1665,0.3268,0.2503,0.1076,0.3917,0.1432
CUST1010677,2026-06,0.5979,0.4438,0.3769,0.551,0.2072,0.0981
CUST1010678,2026-06,0.4146,0.2062,0.3569,0.295,0.5777,0.2286
CUST1010679,2026-06,0.3847,0.0918,0.4704,0.0751,0.2173,0.1352
CUST1010680,2026-06,0.0403,0.0195,0.144,0.0368,0.6655,0.2522
CUST1010681,2026-06,0.6562,0.357,0.4478,0.3741,0.2804,0.0799
CUST1010682,2026-06,0.3053,0.2652,0.156,0.313,0.5774,0.0546
CUST1010683,2026-06,0.6457,0.1902,0.4003,0.4512,0.159,0.2328
CUST1010684,2026-06,0.5139,0.3699,0.4171,0.3608,0.3093,0.176
CUST1010685,2026-06,0.409,0.3711,0.3478,0.4844,0.3981,0.1808
CUST1010686,2026-06,0.348,0.1849,0.2983,0.1998,0.4241,0.1052
CUST1010687,2026-06,0.3806,0.3593,0.3928,0.3096,0.2247,0.309
CUST1010688,2026-06,0.4377,0.3545,0.4771,0.0944,0.3105,0.1862
CUST1010689,2026-06,0.5767,0.2978,0.2215,0.2109,0.3801,0.2886
CUST1010690,2026-06,0.3478,0.327,0.3474,0.3038,0.6171,0.0486
CUST1010691,2026-06,0.5835,0.1323,0.3993,0.214,0.2141,0.1723
CUST1010692,2026-06,0.5304,0.5019,0.218,0.4835,0.6007,0.1071
CUST1010693,2026-06,0.4528,0.5513,0.5399,0.4219,0.415,0.2296
CUST1010694,2026-06,0.6955,0.1324,0.3541,0.197,0.3358,0.182
CUST1010695,2026-06,0.3134,0.2881,0.276,0.4591,0.4337,0.2557
CUST1010696,2026-06,0.2824,0.2898,0.1839,0.2629,0.0848,0.2186
CUST1010697,2026-06,0.4419,0.3211,0.511,0.4594,0.4,0.3081
CUST1010698,2026-06,0.3298,0.2641,0.1207,0.3143,0.5731,0.2466
CUST1010699,2026-06,0.2462,0.2124,0.2708,0.4444,0.4986,0.1643
CUST1010700,2026-06,0.4799,0.4692,0.6058,0.3182,0.4042,0.3841
CUST1010701,2026-06,0.0871,0.2389,0.01,0.3186,0.2581,0.1416
CUST1010702,2026-06,0.6925,0.105,0.2988,0.4173,0.2387,0.1792
CUST1010703,2026-06,0.4873,0.2982,0.2557,0.2012,0.1685,0.2298
CUST1010704,2026-06,0.1668,0.2518,0.1673,0.2244,0.4201,0.0457
CUST1010705,2026-06,0.4351,0.4689,0.4011,0.5357,0.437,0.1831
CUST1010706,2026-06,0.4201,0.3292,0.5318,0.196,0.3042,0.0987
CUST1010707,2026-06,0.4402,0.4237,0.3186,0.413,0.259,0.6719
CUST1010708,2026-06,0.4123,0.3077,0.4228,0.5042,0.3644,0.1937
CUST1010709,2026-06,0.2044,0.114,0.266,0.2834,0.3925,0.1917
CUST1010710,2026-06,0.2126,0.0403,0.1038,0.174,0.51,0.3183
CUST1010711,2026-06,0.6223,0.3431,0.3043,0.3568,0.2513,0.2203
CUST1010712,2026-06,0.2859,0.064,0.2248,0.1282,0.232,0.25
CUST1010713,2026-06,0.5609,0.2938,0.3193,0.4096,0.1734,0.2251
CUST1010714,2026-06,0.4591,0.3381,0.6534,0.3551,0.4491,0.3375
CUST1010715,2026-06,0.445,0.2985,0.2804,0.3636,0.6343,0.0995
CUST1010716,2026-06,0.4928,0.4807,0.2297,0.0251,0.3397,0.4296
CUST1010717,2026-06,0.5241,0.5118,0.6307,0.2837,0.3364,0.1407
CUST1010718,2026-06,0.5931,0.1033,0.48,0.1494,0.2544,0.201
CUST1010719,2026-06,0.5075,0.235,0.4615,0.3926,0.3464,0.1218
CUST1010720,2026-06,0.4705,0.4575,0.4574,0.3043,0.3846,0.2505
CUST1010721,2026-06,0.4117,0.5834,0.5211,0.3451,0.3386,0.1567
CUST1010722,2026-06,0.4802,0.3711,0.5522,0.1814,0.2502,0.7855
CUST1010723,2026-06,0.3546,0.0819,0.2357,0.1653,0.3084,0.4152
CUST1010724,2026-06,0.6078,0.3646,0.3993,0.3838,0.3611,0.1284
CUST1010725,2026-06,0.4313,0.1353,0.3807,0.4126,0.1882,0.1039
CUST1010726,2026-06,0.4406,0.3125,0.5877,0.3787,0.1398,0.1295
CUST1010727,2026-06,0.6259,0.01,0.4029,0.2506,0.2764,0.0336
CUST1010728,2026-06,0.352,0.4938,0.573,0.5274,0.1957,0.0249
CUST1010729,2026-06,0.7355,0.1057,0.333,0.2148,0.2362,0.0515
CUST1010730,2026-06,0.4053,0.416,0.4023,0.4693,0.2548,0.1718
CUST1010731,2026-06,0.3619,0.1471,0.2688,0.1584,0.4537,0.1766
CUST1010732,2026-06,0.6696,0.3094,0.4818,0.3921,0.2187,0.1376
CUST1010733,2026-06,0.6053,0.4965,0.4264,0.2247,0.4204,0.1584
CUST1010734,2026-06,0.472,0.261,0.5335,0.0577,0.1336,0.0487
CUST1010735,2026-06,0.6289,0.2335,0.2458,0.3056,0.226,0.6588
CUST1010736,2026-06,0.6651,0.2255,0.2172,0.3242,0.1602,0.2897
CUST1010737,2026-06,0.6357,0.5041,0.3618,0.5327,0.5238,0.2834
CUST1010738,2026-06,0.4401,0.3068,0.4053,0.1671,0.3868,0.0423
CUST1010739,2026-06,0.6897,0.28,0.6595,0.1157,0.311,0.1309
CUST1010740,2026-06,0.4327,0.5094,0.409,0.5265,0.325,0.2212
CUST1010741,2026-06,0.7311,0.4474,0.4459,0.4794,0.2901,0.111
CUST1010742,2026-06,0.5986,0.0325,0.3558,0.271,0.4927,0.1576
CUST1010743,2026-06,0.5229,0.1956,0.2562,0.3863,0.6039,0.1884
CUST1010744,2026-06,0.5984,0.1796,0.6491,0.2844,0.3068,0.2365
CUST1010745,2026-06,0.7116,0.2609,0.4451,0.6563,0.3225,0.2975
CUST1010746,2026-06,0.6809,0.2593,0.3344,0.5683,0.3299,0.3436
CUST1010747,2026-06,0.5178,0.01,0.0536,0.2141,0.3814,0.1
CUST1010748,2026-06,0.5115,0.4318,0.3718,0.3222,0.2103,0.4856
CUST1010749,2026-06,0.6513,0.4727,0.5343,0.3642,0.3144,0.1472
CUST1010750,2026-06,0.6241,0.2548,0.4455,0.4087,0.4317,0.2467
CUST1010751,2026-06,0.4778,0.4453,0.3299,0.5186,0.3695,0.2252
CUST1010752,2026-06,0.4291,0.033,0.3375,0.1974,0.3355,0.1542
CUST1010753,2026-06,0.4405,0.4221,0.3946,0.4834,0.3089,0.0536
CUST1010754,2026-06,0.6316,0.1622,0.4939,0.2808,0.2132,0.2639
CUST1010755,2026-06,0.7825,0.4045,0.5247,0.5585,0.3924,0.2378
CUST1010756,2026-06,0.472,0.5824,0.3435,0.4019,0.4589,0.2497
CUST1010757,2026-06,0.269,0.3481,0.7708,0.6052,0.2464,0.0983
CUST1010758,2026-06,0.3931,0.513,0.4187,0.1752,0.3955,0.1519
CUST1010759,2026-06,0.6117,0.2499,0.3704,0.3764,0.322,0.1053
CUST1010760,2026-06,0.4075,0.1094,0.2024,0.1252,0.1546,0.2484
CUST1010761,2026-06,0.3944,0.2824,0.2221,0.2676,0.2299,0.2603
CUST1010762,2026-06,0.6665,0.1971,0.5719,0.4722,0.2267,0.0194
CUST1010763,2026-06,0.323,0.2614,0.4141,0.4164,0.4831,0.1256
CUST1010764,2026-06,0.4552,0.4555,0.456,0.2776,0.3097,0.1792
CUST1010765,2026-06,0.5643,0.3132,0.3189,0.2237,0.3321,0.1827
CUST1010766,2026-06,0.3596,0.4607,0.6059,0.5585,0.5292,0.1485
CUST1010767,2026-06,0.5646,0.3861,0.6825,0.414,0.2139,0.0365
CUST1010768,2026-06,0.236,0.1473,0.4406,0.3387,0.3275,0.1325
CUST1010769,2026-06,0.4861,0.3373,0.3675,0.4022,0.2834,0.0376
CUST1010770,2026-06,0.5619,0.398,0.3035,0.1703,0.4138,0.01
CUST1010771,2026-06,0.2619,0.3937,0.2222,0.4827,0.4041,0.2154
CUST1010772,2026-06,0.4905,0.5158,0.6997,0.3939,0.3395,0.2121
CUST1010773,2026-06,0.1124,0.2991,0.0828,0.3184,0.3749,0.1618
CUST1010774,2026-06,0.3917,0.1587,0.0244,0.449,0.2307,0.2671
CUST1010775,2026-06,0.4678,0.2881,0.2986,0.2697,0.3035,0.2458
CUST1010776,2026-06,0.682,0.5972,0.3007,0.5746,0.3292,0.1326
CUST1010777,2026-06,0.4197,0.2507,0.5247,0.3782,0.3101,0.2616
CUST1010778,2026-06,0.4458,0.6191,0.4983,0.2186,0.4012,0.1139
CUST1010779,2026-06,0.3931,0.4409,0.3387,0.4867,0.4772,0.0893
CUST1010780,2026-06,0.5631,0.288,0.5765,0.2799,0.2399,0.2423
CUST1010781,2026-06,0.5395,0.3681,0.4883,0.3454,0.2102,0.1289
CUST1010782,2026-06,0.5587,0.3607,0.3956,0.3967,0.3966,0.0834
CUST1010783,2026-06,0.5962,0.2478,0.4539,0.4661,0.3013,0.2159
CUST1010784,2026-06,0.6388,0.3057,0.4764,0.2521,0.3365,0.2393
CUST1010785,2026-06,0.3929,0.3762,0.2947,0.572,0.522,0.5495
CUST1010786,2026-06,0.4256,0.4605,0.5707,0.4659,0.4621,0.0927
CUST1010787,2026-06,0.2301,0.0837,0.2817,0.1733,0.3094,0.143
CUST1010788,2026-06,0.3064,0.3284,0.1306,0.3232,0.6319,0.0538
CUST1010789,2026-06,0.1778,0.01,0.01,0.215,0.467,0.2521
CUST1010790,2026-06,0.6055,0.1484,0.5013,0.2876,0.3372,0.241
CUST1010791,2026-06,0.6048,0.2381,0.1831,0.1771,0.1915,0.2911
CUST1010792,2026-06,0.4814,0.513,0.6092,0.5457,0.3507,0.147
CUST1010793,2026-06,0.2516,0.1882,0.1922,0.2502,0.4551,0.2098
CUST1010794,2026-06,0.5223,0.3971,0.4319,0.4165,0.3279,0.1885
CUST1010795,2026-06,0.2599,0.1848,0.1251,0.3641,0.1286,0.2593
CUST1010796,2026-06,0.5271,0.2173,0.4012,0.5092,0.4586,0.2772
CUST1010797,2026-06,0.4663,0.5086,0.6957,0.2868,0.2469,0.2506
CUST1010798,2026-06,0.3156,0.1722,0.1275,0.3995,0.2339,0.049
CUST1010799,2026-06,0.681,0.4412,0.5492,0.4758,0.2415,0.1965
CUST1010800,2026-06,0.2192,0.2743,0.1514,0.3401,0.3089,0.1377
CUST1010801,2026-06,0.5067,0.0808,0.1758,0.3361,0.2508,0.412
CUST1010802,2026-06,0.1678,0.393,0.0698,0.3275,0.3935,0.519
CUST1010803,2026-06,0.2467,0.4408,0.7093,0.3388,0.3618,0.0908999999999999
CUST1010804,2026-06,0.2357,0.1065,0.2113,0.2828,0.3785,0.2796
CUST1010805,2026-06,0.437,0.0728,0.2161,0.2748,0.2457,0.149
CUST1010806,2026-06,0.5673,0.4876,0.6544,0.5709,0.5192,0.2106
CUST1010807,2026-06,0.5618,0.1253,0.4157,0.102,0.2872,0.2522
CUST1010808,2026-06,0.4221,0.4558,0.3567,0.3958,0.3728,0.195
CUST1010809,2026-06,0.5339,0.2474,0.4657,0.5485,0.3403,0.1422
CUST1010810,2026-06,0.4202,0.5281,0.4584,0.333,0.3945,0.0477
CUST1010811,2026-06,0.5214,0.4061,0.3501,0.5916,0.4637,0.1429
CUST1010812,2026-06,0.66,0.3051,0.3328,0.4693,0.2354,0.3376
CUST1010813,2026-06,0.5846,0.4517,0.6152,0.4438,0.2301,0.0318
CUST1010814,2026-06,0.5235,0.322,0.3503,0.4497,0.5181,0.0828
CUST1010815,2026-06,0.5138,0.1495,0.3919,0.0876,0.4464,0.2277
CUST1010816,2026-06,0.5255,0.3137,0.6446,0.2904,0.4661,0.0435
CUST1010817,2026-06,0.4829,0.3422,0.6683,0.5308,0.4407,0.1144
CUST1010818,2026-06,0.4033,0.2903,0.3575,0.4219,0.4979,0.2287
CUST1010819,2026-06,0.3378,0.1958,0.3524,0.3086,0.548,0.1505
CUST1010820,2026-06,0.4737,0.5147,0.3991,0.4119,0.4508,0.257
CUST1010821,2026-06,0.6066,0.1754,0.2869,0.2969,0.2982,0.3059
CUST1010822,2026-06,0.6378,0.1508,0.3392,0.4563,0.2219,0.2548
CUST1010823,2026-06,0.564,0.3507,0.4129,0.4489,0.6145,0.2037
CUST1010824,2026-06,0.3543,0.3383,0.2376,0.6571,0.3631,0.3017
CUST1010825,2026-06,0.6797,0.3469,0.2983,0.4432,0.1223,0.1498
CUST1010826,2026-06,0.5189,0.3332,0.4673,0.2563,0.3002,0.0995
CUST1010827,2026-06,0.597,0.3881,0.409,0.6089,0.2188,0.1856
CUST1010828,2026-06,0.5082,0.0303,0.1977,0.3968,0.4358,0.156
CUST1010829,2026-06,0.2324,0.2552,0.3123,0.1725,0.2362,0.1037
CUST1010830,2026-06,0.4083,0.3047,0.3538,0.2475,0.2393,0.0588
CUST1010831,2026-06,0.2867,0.3611,0.1001,0.322,0.3039,0.183
CUST1010832,2026-06,0.1202,0.1376,0.1936,0.2885,0.2398,0.1865
CUST1010833,2026-06,0.4418,0.2177,0.3385,0.4268,0.4105,0.3462
CUST1010834,2026-06,0.3816,0.2417,0.1824,0.0842,0.3967,0.0651
CUST1010835,2026-06,0.5588,0.4037,0.3426,0.5601,0.2535,0.2105
CUST1010836,2026-06,0.4983,0.4008,0.3736,0.3539,0.629,0.1844
CUST1010837,2026-06,0.502,0.4789,0.3353,0.4289,0.3254,0.1369
CUST1010838,2026-06,0.474,0.5482,0.4162,0.3141,0.2185,0.229
CUST1010839,2026-06,0.4663,0.1963,0.2554,0.5636,0.2902,0.1143
CUST1010840,2026-06,0.4369,0.3239,0.2036,0.1998,0.3914,0.0714999999999999
CUST1010841,2026-06,0.3393,0.2395,0.062,0.6127,0.3934,0.2175
CUST1010842,2026-06,0.601,0.4339,0.3619,0.3607,0.4157,0.1946
CUST1010843,2026-06,0.1861,0.2713,0.1251,0.285,0.3056,0.2049
CUST1010844,2026-06,0.3554,0.01,0.0843,0.4856,0.5009,0.2046
CUST1010845,2026-06,0.296,0.3354,0.5727,0.4004,0.3454,0.2826
CUST1010846,2026-06,0.4852,0.3188,0.3079,0.4094,0.4076,0.2118
CUST1010847,2026-06,0.6021,0.3487,0.4053,0.2086,0.4193,0.185
CUST1010848,2026-06,0.495,0.394,0.5447,0.4189,0.3807,0.2177
CUST1010849,2026-06,0.5512,0.1604,0.4682,0.1814,0.2129,0.2354
CUST1010850,2026-06,0.5221,0.3971,0.5446,0.4602,0.3716,0.202
CUST1010851,2026-06,0.2631,0.0656999999999999,0.2255,0.3185,0.2493,0.0595
CUST1010852,2026-06,0.445,0.6668,0.5105,0.4061,0.468,0.1372
CUST1010853,2026-06,0.438,0.4496,0.7661,0.3137,0.1797,0.2081
CUST1010854,2026-06,0.4752,0.1769,0.4809,0.4122,0.4121,0.1747
CUST1010855,2026-06,0.2729,0.4419,0.0939,0.4226,0.5211,0.3298
CUST1010856,2026-06,0.3672,0.4077,0.7,0.6036,0.4868,0.1242
CUST1010857,2026-06,0.389,0.0893,0.124,0.1612,0.2275,0.2448
CUST1010858,2026-06,0.3693,0.441,0.2199,0.2323,0.4085,0.2785
CUST1010859,2026-06,0.5909,0.1443,0.3512,0.4909,0.4068,0.0281
CUST1010860,2026-06,0.4306,0.3478,0.5176,0.1972,0.283,0.1866
CUST1010861,2026-06,0.4913,0.3888,0.4303,0.2537,0.1001,0.2147
CUST1010862,2026-06,0.4545,0.3244,0.486,0.2998,0.388,0.278
CUST1010863,2026-06,0.1572,0.0683,0.1642,0.1622,0.5453,0.1651
CUST1010864,2026-06,0.2315,0.0449,0.2118,0.1279,0.2972,0.1314
CUST1010865,2026-06,0.2263,0.2824,0.578,0.2397,0.3578,0.1286
CUST1010866,2026-06,0.4367,0.5289,0.5034,0.3768,0.4089,0.1741
CUST1010867,2026-06,0.5246,0.2557,0.45,0.1717,0.3401,0.2376
CUST1010868,2026-06,0.4606,0.0282,0.1938,0.227,0.2267,0.1491
CUST1010869,2026-06,0.6427,0.3511,0.5283,0.527,0.3784,0.0735
CUST1010870,2026-06,0.2865,0.2655,0.0353,0.4832,0.4266,0.1747
CUST1010871,2026-06,0.5458,0.1524,0.5285,0.3851,0.2631,0.2308
CUST1010872,2026-06,0.5779,0.3647,0.5077,0.5083,0.4014,0.1875
CUST1010873,2026-06,0.4953,0.01,0.1018,0.6295,0.3418,0.0723
CUST1010874,2026-06,0.5248,0.1258,0.6968,0.3941,0.4262,0.3331
CUST1010875,2026-06,0.2217,0.2012,0.1143,0.0988,0.4532,0.1759
CUST1010876,2026-06,0.5263,0.2398,0.1442,0.5116,0.2889,0.252
CUST1010877,2026-06,0.209,0.257,0.1606,0.3575,0.3124,0.1956
CUST1010878,2026-06,0.3923,0.4563,0.3787,0.3949,0.3462,0.3237
CUST1010879,2026-06,0.4676,0.2708,0.3261,0.3029,0.4846,0.2067
CUST1010880,2026-06,0.4807,0.2499,0.2255,0.341,0.1692,0.1352
CUST1010881,2026-06,0.627,0.4407,0.5166,0.6257,0.3524,0.1673
CUST1010882,2026-06,0.4604,0.4743,0.5821,0.2898,0.3082,0.2996
CUST1010883,2026-06,0.5211,0.5688,0.5137,0.4387,0.2562,0.2776
CUST1010884,2026-06,0.2917,0.1977,0.3896,0.4083,0.4378,0.1972
CUST1010885,2026-06,0.3091,0.123,0.1445,0.3423,0.3198,0.3245
CUST1010886,2026-06,0.6514,0.1867,0.3064,0.5481,0.2461,0.2686
CUST1010887,2026-06,0.4851,0.2695,0.3374,0.1201,0.2693,0.2521
CUST1010888,2026-06,0.5247,0.3949,0.6027,0.389,0.3981,0.272
CUST1010889,2026-06,0.4082,0.4446,0.5089,0.445,0.3488,0.2039
CUST1010890,2026-06,0.281,0.0511,0.1515,0.0483,0.2285,0.2884
CUST1010891,2026-06,0.4218,0.2593,0.4189,0.4128,0.7066,0.2319
CUST1010892,2026-06,0.4734,0.3902,0.5627,0.4804,0.2434,0.2688
CUST1010893,2026-06,0.6466,0.0873,0.3862,0.2952,0.3596,0.1903
CUST1010894,2026-06,0.3902,0.01,0.2152,0.4874,0.1915,0.2471
CUST1010895,2026-06,0.3966,0.3519,0.3078,0.4991,0.3881,0.1679
CUST1010896,2026-06,0.4341,0.3656,0.421,0.4561,0.4067,0.1978
CUST1010897,2026-06,0.4739,0.2831,0.5273,0.3771,0.4464,0.058
CUST1010898,2026-06,0.5309,0.01,0.253,0.2827,0.2368,0.0885
CUST1010899,2026-06,0.7231,0.3908,0.4019,0.3796,0.2256,0.1649
CUST1010900,2026-06,0.2755,0.4136,0.4898,0.3117,0.3352,0.1776
CUST1010901,2026-06,0.0316,0.2297,0.1827,0.0976,0.2939,0.1118
CUST1010902,2026-06,0.6336,0.1989,0.2973,0.1543,0.307,0.2296
CUST1010903,2026-06,0.1717,0.4238,0.1631,0.3238,0.4705,0.183
CUST1010904,2026-06,0.426,0.4046,0.4665,0.3499,0.3989,0.01
CUST1010905,2026-06,0.3989,0.4112,0.6219,0.1535,0.357,0.1637
CUST1010906,2026-06,0.159,0.2177,0.2111,0.2207,0.4327,0.1975
CUST1010907,2026-06,0.5376,0.0274,0.2321,0.553,0.295,0.2909
CUST1010908,2026-06,0.5452,0.4556,0.3976,0.2139,0.1483,0.1916
CUST1010909,2026-06,0.1267,0.01,0.2066,0.196,0.3228,0.2794
CUST1010910,2026-06,0.3734,0.4102,0.4005,0.2429,0.2109,0.2306
CUST1010911,2026-06,0.459,0.5182,0.3608,0.5223,0.234,0.3563
CUST1010912,2026-06,0.6268,0.2113,0.5442,0.2369,0.336,0.2868
CUST1010913,2026-06,0.5147,0.3636,0.5715,0.518,0.2998,0.2624
CUST1010914,2026-06,0.4008,0.3542,0.3417,0.1087,0.3087,0.2771
CUST1010915,2026-06,0.252,0.2896,0.2103,0.24,0.2361,0.2972
CUST1010916,2026-06,0.0945,0.0714,0.048,0.2203,0.1892,0.1629
CUST1010917,2026-06,0.3475,0.4233,0.4002,0.4925,0.5661,0.2604
CUST1010918,2026-06,0.5718,0.2606,0.3995,0.4467,0.1382,0.0982
CUST1010919,2026-06,0.4266,0.5055,0.3208,0.4329,0.3779,0.1737
CUST1010920,2026-06,0.1417,0.2171,0.3284,0.2042,0.3514,0.0694
CUST1010921,2026-06,0.5496,0.2895,0.4173,0.4508,0.2452,0.1208
CUST1010922,2026-06,0.4441,0.0714999999999999,0.1175,0.2767,0.2887,0.2433
CUST1010923,2026-06,0.2665,0.2547,0.1573,0.4406,0.5513,0.35
CUST1010924,2026-06,0.3933,0.4504,0.6867,0.3234,0.2423,0.3095
CUST1010925,2026-06,0.425,0.3499,0.2547,0.5207,0.4077,0.211
CUST1010926,2026-06,0.2657,0.3042,0.3079,0.353,0.4502,0.2554
CUST1010927,2026-06,0.2171,0.2174,0.2449,0.2975,0.3616,0.0999
CUST1010928,2026-06,0.2634,0.0189,0.1383,0.1247,0.3729,0.1437
CUST1010929,2026-06,0.4749,0.5783,0.5165,0.5329,0.353,0.1111
CUST1010930,2026-06,0.0199,0.1755,0.1306,0.2846,0.305,0.1404
CUST1010931,2026-06,0.4478,0.1736,0.3429,0.4098,0.5248,0.0498
CUST1010932,2026-06,0.4635,0.5167,0.3669,0.2654,0.4005,0.1859
CUST1010933,2026-06,0.4999,0.5235,0.3527,0.5331,0.128,0.6154
CUST1010934,2026-06,0.2143,0.3914,0.1927,0.2607,0.3538,0.165
CUST1010935,2026-06,0.5566,0.4848,0.378,0.2438,0.5371,0.0713
CUST1010936,2026-06,0.7577,0.3687,0.3269,0.2944,0.2698,0.2347
CUST1010937,2026-06,0.4581,0.5374,0.4265,0.5705,0.4468,0.1084
CUST1010938,2026-06,0.1562,0.1468,0.0649,0.26,0.6256,0.2478
CUST1010939,2026-06,0.4466,0.4758,0.4545,0.3204,0.3423,0.1329
CUST1010940,2026-06,0.3407,0.1216,0.1099,0.4053,0.2156,0.116
CUST1010941,2026-06,0.262,0.01,0.1554,0.3409,0.4224,0.2411
CUST1010942,2026-06,0.5507,0.1167,0.4142,0.3262,0.3551,0.1805
CUST1010943,2026-06,0.4496,0.4412,0.645,0.2256,0.2452,0.1672
CUST1010944,2026-06,0.4371,0.4949,0.4496,0.2362,0.2842,0.2272
CUST1010945,2026-06,0.6308,0.3111,0.3615,0.619,0.0698,0.3604
CUST1010946,2026-06,0.01,0.2564,0.3092,0.2932,0.3741,0.0504
CUST1010947,2026-06,0.5602,0.3769,0.5192,0.474,0.3903,0.0425
CUST1010948,2026-06,0.1792,0.2274,0.1843,0.1208,0.2619,0.1043
CUST1010949,2026-06,0.4548,0.4232,0.6505,0.3286,0.2361,0.0895
CUST1010950,2026-06,0.6687,0.5059,0.4285,0.3107,0.1205,0.1859
CUST1010951,2026-06,0.6869,0.2849,0.2666,0.3892,0.2342,0.3421
CUST1010952,2026-06,0.5315,0.2613,0.4711,0.139,0.4672,0.2292
CUST1010953,2026-06,0.3957,0.1237,0.0651,0.1921,0.3564,0.253
CUST1010954,2026-06,0.4401,0.1594,0.4809,0.4887,0.2384,0.1066
CUST1010955,2026-06,0.4684,0.2309,0.0997,0.4031,0.2692,0.1636
CUST1010956,2026-06,0.6057,0.2116,0.5928,0.425,0.3251,0.2937
CUST1010957,2026-06,0.4845,0.0317,0.0837,0.333,0.4449,0.1505
CUST1010958,2026-06,0.6182,0.3487,0.607,0.3697,0.2489,0.1497
CUST1010959,2026-06,0.4731,0.1959,0.351,0.453,0.5258,0.1269
CUST1010960,2026-06,0.5633,0.3101,0.5428,0.4718,0.2655,0.2271
CUST1010961,2026-06,0.287,0.3113,0.5632,0.3972,0.2287,0.1497
CUST1010962,2026-06,0.6037,0.5538,0.5624,0.5634,0.3446,0.2364
CUST1010963,2026-06,0.4233,0.4223,0.3158,0.4583,0.3668,0.1601
CUST1010964,2026-06,0.216,0.1986,0.1478,0.0428,0.3866,0.1362
CUST1010965,2026-06,0.6665,0.4454,0.3265,0.2834,0.3244,0.0719
CUST1010966,2026-06,0.5972,0.1084,0.5186,0.2304,0.14,0.272
CUST1010967,2026-06,0.4669,0.303,0.3638,0.2139,0.4946,0.2621
CUST1010968,2026-06,0.1934,0.4905,0.2445,0.4847,0.2893,0.1609
CUST1010969,2026-06,0.2765,0.3997,0.273,0.3654,0.3556,0.2012
CUST1010970,2026-06,0.3476,0.2146,0.334,0.1504,0.2299,0.1238
CUST1010971,2026-06,0.3549,0.3952,0.7528,0.4758,0.375,0.0422
CUST1010972,2026-06,0.2238,0.1927,0.2056,0.5035,0.3124,0.2055
CUST1010973,2026-06,0.2235,0.4752,0.4148,0.4138,0.542,0.1043
CUST1010974,2026-06,0.245,0.2459,0.128,0.5178,0.527,0.1623
CUST1010975,2026-06,0.298,0.2066,0.0644,0.2734,0.6282,0.158
CUST1010976,2026-06,0.5761,0.4774,0.3536,0.4718,0.2819,0.4566
CUST1010977,2026-06,0.4696,0.1261,0.5191,0.1524,0.3137,0.1272
CUST1010978,2026-06,0.7361,0.3796,0.379,0.5586,0.2676,0.1465
CUST1010979,2026-06,0.4574,0.0827,0.4544,0.374,0.5788,0.1633
CUST1010980,2026-06,0.2699,0.2684,0.3662,0.3448,0.3545,0.1601
CUST1010981,2026-06,0.3811,0.4111,0.5742,0.3243,0.285,0.3325
CUST1010982,2026-06,0.6227,0.2252,0.375,0.3899,0.1727,0.5575
CUST1010983,2026-06,0.6391,0.4099,0.4909,0.3087,0.201,0.1846
CUST1010984,2026-06,0.4247,0.4519,0.5762,0.2425,0.3436,0.1112
CUST1010985,2026-06,0.5042,0.1836,0.4246,0.058,0.4766,0.2139
CUST1010986,2026-06,0.4347,0.2305,0.3693,0.1838,0.4851,0.21
CUST1010987,2026-06,0.6907,0.2321,0.3944,0.3947,0.1797,0.2154
CUST1010988,2026-06,0.4171,0.4039,0.4131,0.574,0.479,0.2276
CUST1010989,2026-06,0.2772,0.4064,0.3506,0.231,0.1666,0.119
CUST1010990,2026-06,0.5092,0.4582,0.3388,0.4797,0.3129,0.1807
CUST1010991,2026-06,0.533,0.4729,0.488,0.3763,0.2712,0.0929
CUST1010992,2026-06,0.6433,0.2173,0.3217,0.2071,0.1846,0.2218
CUST1010993,2026-06,0.3684,0.3759,0.3052,0.3796,0.2713,0.1009
CUST1010994,2026-06,0.3756,0.4381,0.2991,0.4662,0.3081,0.2198
CUST1010995,2026-06,0.4549,0.4972,0.4063,0.5199,0.3569,0.2043
CUST1010996,2026-06,0.5465,0.2787,0.2496,0.4348,0.1263,0.2204
CUST1010997,2026-06,0.8115,0.3985,0.4897,0.5,0.243,0.1943
CUST1010998,2026-06,0.5258,0.2945,0.5319,0.3281,0.1333,0.4199
CUST1010999,2026-06,0.3906,0.1562,0.4847,0.3096,0.3067,0.1886
CUST1011000,2026-06,0.4107,0.3843,0.4885,0.4695,0.4316,0.2043
CUST1011001,2026-06,0.6393,0.4772,0.3565,0.4218,0.1321,0.1048
CUST1011002,2026-06,0.6112,0.1864,0.3742,0.315,0.2931,0.2321
CUST1011003,2026-06,0.2776,0.4456,0.209,0.2919,0.4462,0.1567
CUST1011004,2026-06,0.4876,0.4893,0.4111,0.2208,0.6633,0.01
CUST1011005,2026-06,0.1899,0.01,0.0888,0.0247,0.3213,0.3008
CUST1011006,2026-06,0.1812,0.1747,0.1556,0.4227,0.3918,0.3045
CUST1011007,2026-06,0.3917,0.3059,0.4405,0.4786,0.4038,0.1467
CUST1011008,2026-06,0.2585,0.01,0.1048,0.119,0.6695,0.1301
CUST1011009,2026-06,0.5989,0.4728,0.51,0.2361,0.4089,0.1499
CUST1011010,2026-06,0.4524,0.3054,0.6391,0.2391,0.4486,0.2395
CUST1011011,2026-06,0.4832,0.4107,0.4884,0.4989,0.5767,0.083
CUST1011012,2026-06,0.404,0.3868,0.4282,0.4228,0.3182,0.6677
CUST1011013,2026-06,0.3437,0.3701,0.0895,0.4651,0.3039,0.1071
CUST1011014,2026-06,0.4073,0.2028,0.2585,0.2711,0.3979,0.0913
CUST1011015,2026-06,0.2969,0.01,0.0926,0.2285,0.2929,0.1231
CUST1011016,2026-06,0.4977,0.4183,0.5588,0.3192,0.2772,0.1321
CUST1011017,2026-06,0.4816,0.2459,0.8133,0.4576,0.4212,0.1396
CUST1011018,2026-06,0.4883,0.3642,0.4366,0.3425,0.2862,0.2163
CUST1011019,2026-06,0.451,0.3572,0.4943,0.3261,0.4567,0.1796
CUST1011020,2026-06,0.6997,0.3239,0.387,0.4681,0.2466,0.2872
CUST1011021,2026-06,0.3943,0.5204,0.4364,0.2974,0.337,0.1674
CUST1011022,2026-06,0.3791,0.01,0.0591,0.0551,0.2637,0.1793
CUST1011023,2026-06,0.401,0.5852,0.4189,0.3724,0.2644,0.1049
CUST1011024,2026-06,0.3694,0.3294,0.0391,0.4196,0.3302,0.7665
CUST1011025,2026-06,0.3464,0.098,0.0738999999999999,0.1672,0.4348,0.0975
CUST1011026,2026-06,0.7072,0.2295,0.3517,0.4277,0.2953,0.1686
CUST1011027,2026-06,0.5165,0.2134,0.2989,0.1262,0.2093,0.3694
CUST1011028,2026-06,0.4038,0.3222,0.51,0.4327,0.4616,0.1261
CUST1011029,2026-06,0.3374,0.2813,0.3639,0.26,0.2549,0.2574
CUST1011030,2026-06,0.4375,0.2103,0.5377,0.3427,0.3748,0.1645
CUST1011031,2026-06,0.382,0.01,0.247,0.4835,0.4144,0.1405
CUST1011032,2026-06,0.3732,0.399,0.4211,0.2683,0.258,0.3597
CUST1011033,2026-06,0.5745,0.1745,0.2977,0.4147,0.3202,0.2931
CUST1011034,2026-06,0.4182,0.335,0.4784,0.177,0.0852,0.2631
CUST1011035,2026-06,0.0959,0.2184,0.1868,0.2938,0.6634,0.1639
CUST1011036,2026-06,0.7128,0.3451,0.2414,0.5068,0.2763,0.191
CUST1011037,2026-06,0.3205,0.2469,0.2156,0.1018,0.2105,0.1407
CUST1011038,2026-06,0.4233,0.2641,0.3606,0.4771,0.4125,0.2049
CUST1011039,2026-06,0.0562,0.1499,0.2326,0.1823,0.4523,0.216
CUST1011040,2026-06,0.5893,0.3891,0.4027,0.4655,0.2361,0.24
CUST1011041,2026-06,0.548,0.4142,0.4408,0.3267,0.3044,0.216
CUST1011042,2026-06,0.5321,0.3847,0.583,0.4719,0.3748,0.2137
CUST1011043,2026-06,0.43,0.3898,0.4848,0.4676,0.285,0.1342
CUST1011044,2026-06,0.5289,0.2085,0.3825,0.3376,0.1749,0.1809
CUST1011045,2026-06,0.3892,0.4782,0.6863,0.3568,0.2807,0.0453
CUST1011046,2026-06,0.3104,0.01,0.1021,0.4878,0.5797,0.1849
CUST1011047,2026-06,0.6002,0.4283,0.6857,0.3246,0.3173,0.4464
CUST1011048,2026-06,0.1925,0.01,0.0372,0.1764,0.4027,0.2078
CUST1011049,2026-06,0.2416,0.2904,0.1196,0.4427,0.3911,0.1678
CUST1011050,2026-06,0.5506,0.2208,0.2289,0.5385,0.2157,0.0927999999999999
CUST1011051,2026-06,0.5209,0.3824,0.7071,0.3937,0.2889,0.2184
CUST1011052,2026-06,0.1084,0.2998,0.1354,0.2748,0.3778,0.1653
CUST1011053,2026-06,0.4362,0.2544,0.3551,0.4186,0.4604,0.1726
CUST1011054,2026-06,0.5606,0.5144,0.2932,0.4559,0.2122,0.1243
CUST1011055,2026-06,0.1469,0.463,0.3905,0.4846,0.1211,0.1861
CUST1011056,2026-06,0.6418,0.4433,0.3297,0.5041,0.2811,0.1611
CUST1011057,2026-06,0.3861,0.2922,0.4223,0.0599,0.252,0.6947
CUST1011058,2026-06,0.4112,0.2942,0.6905,0.2713,0.5051,0.2654
CUST1011059,2026-06,0.5037,0.5089,0.4033,0.3369,0.3967,0.0364
CUST1011060,2026-06,0.4743,0.3741,0.521,0.2879,0.2702,0.3177
CUST1011061,2026-06,0.8103,0.2509,0.4033,0.3796,0.254,0.2556
CUST1011062,2026-06,0.3927,0.3564,0.3697,0.5072,0.3426,0.1823
CUST1011063,2026-06,0.656,0.3333,0.4367,0.3382,0.2927,0.1613
CUST1011064,2026-06,0.5073,0.3965,0.7251,0.4261,0.4043,0.0883
CUST1011065,2026-06,0.4091,0.4625,0.2749,0.3315,0.3297,0.2609
CUST1011066,2026-06,0.3313,0.4316,0.5773,0.3007,0.248,0.2221
CUST1011067,2026-06,0.5606,0.2384,0.7123,0.4135,0.3447,0.1275
CUST1011068,2026-06,0.2963,0.1068,0.2471,0.3095,0.1873,0.14
CUST1011069,2026-06,0.4175,0.222,0.0852,0.3145,0.2516,0.2515
CUST1011070,2026-06,0.3161,0.4043,0.3131,0.3109,0.4029,0.128
CUST1011071,2026-06,0.4547,0.5886,0.4014,0.5312,0.3364,0.1717
CUST1011072,2026-06,0.1749,0.2576,0.339,0.0156,0.5326,0.2712
CUST1011073,2026-06,0.5105,0.4106,0.3931,0.1674,0.4979,0.2887
CUST1011074,2026-06,0.6319,0.2754,0.3769,0.2906,0.4145,0.1898
CUST1011075,2026-06,0.3538,0.1461,0.0467,0.128,0.4309,0.138
CUST1011076,2026-06,0.3447,0.184,0.3233,0.2932,0.1282,0.2113
CUST1011077,2026-06,0.1265,0.2252,0.1846,0.11,0.16,0.045
CUST1011078,2026-06,0.487,0.2403,0.3714,0.5291,0.2067,0.2413
CUST1011079,2026-06,0.4788,0.1951,0.1782,0.1626,0.2426,0.1691
CUST1011080,2026-06,0.4962,0.2253,0.432,0.3934,0.3735,0.5971
CUST1011081,2026-06,0.5204,0.3545,0.5887,0.2557,0.4669,0.2306
CUST1011082,2026-06,0.4884,0.0774,0.1561,0.292,0.2682,0.1426
CUST1011083,2026-06,0.7047,0.2616,0.3782,0.2594,0.1686,0.1985
CUST1011084,2026-06,0.2962,0.4932,0.5997,0.1901,0.4652,0.2053
CUST1011085,2026-06,0.2619,0.2608,0.0913,0.4415,0.2423,0.1193
CUST1011086,2026-06,0.1536,0.2568,0.2397,0.2858,0.313,0.0547
CUST1011087,2026-06,0.3381,0.1273,0.2873,0.3027,0.6873,0.1987
CUST1011088,2026-06,0.1719,0.01,0.1993,0.0223,0.3614,0.1448
CUST1011089,2026-06,0.3469,0.2455,0.0285,0.3877,0.3004,0.2717
CUST1011090,2026-06,0.2381,0.2814,0.1928,0.4737,0.554,0.159
CUST1011091,2026-06,0.6442,0.4172,0.2013,0.5003,0.2046,0.5665
CUST1011092,2026-06,0.5759,0.4902,0.5884,0.1901,0.1598,0.0656
CUST1011093,2026-06,0.3472,0.1981,0.3892,0.4228,0.3554,0.5459
CUST1011094,2026-06,0.2003,0.1268,0.1261,0.3413,0.3341,0.1309
CUST1011095,2026-06,0.3382,0.3989,0.4146,0.4302,0.3897,0.1814
CUST1011096,2026-06,0.5744,0.215,0.5155,0.4163,0.2126,0.1869
CUST1011097,2026-06,0.6493,0.2562,0.6851,0.0926,0.2087,0.2024
CUST1011098,2026-06,0.4915,0.3274,0.6278,0.3656,0.4988,0.0935
CUST1011099,2026-06,0.0896,0.4176,0.115,0.3302,0.5944,0.2757
CUST1011100,2026-06,0.6091,0.4715,0.4171,0.5097,0.2974,0.1439
CUST1011101,2026-06,0.591,0.4513,0.8364,0.4198,0.2324,0.2328
CUST1011102,2026-06,0.503,0.4543,0.5574,0.135,0.4019,0.1223
CUST1011103,2026-06,0.2804,0.3464,0.5528,0.2265,0.4099,0.129
CUST1011104,2026-06,0.468,0.4771,0.4757,0.5169,0.4491,0.0601
CUST1011105,2026-06,0.6239,0.1921,0.2244,0.1547,0.0951,0.597
CUST1011106,2026-06,0.1631,0.01,0.1813,0.2289,0.0961,0.7015
CUST1011107,2026-06,0.4778,0.2461,0.3366,0.2779,0.3831,0.2713
CUST1011108,2026-06,0.4649,0.2042,0.2198,0.1153,0.1525,0.643
CUST1011109,2026-06,0.0921,0.2288,0.299,0.2718,0.3765,0.3942
CUST1011110,2026-06,0.663,0.4151,0.3751,0.6133,0.4654,0.1618
CUST1011111,2026-06,0.5173,0.4088,0.4645,0.536,0.3744,0.2036
CUST1011112,2026-06,0.5002,0.4781,0.5627,0.1284,0.4565,0.1937
CUST1011113,2026-06,0.775,0.147,0.286,0.5463,0.1453,0.1333
CUST1011114,2026-06,0.1445,0.3883,0.2139,0.236,0.296,0.1548
CUST1011115,2026-06,0.662,0.0966999999999999,0.2967,0.2013,0.2936,0.5529
CUST1011116,2026-06,0.6204,0.2609,0.4002,0.5969,0.2839,0.2021
CUST1011117,2026-06,0.7196,0.2158,0.328,0.5858,0.2246,0.1528
CUST1011118,2026-06,0.6598,0.2455,0.292,0.4636,0.4798,0.06
CUST1011119,2026-06,0.3371,0.4517,0.2819,0.3064,0.4369,0.01
CUST1011120,2026-06,0.4614,0.3302,0.4489,0.1008,0.4089,0.2579
CUST1011121,2026-06,0.2254,0.0585,0.2031,0.0796,0.5048,0.1663
CUST1011122,2026-06,0.135,0.2416,0.01,0.2945,0.4293,0.1499
CUST1011123,2026-06,0.6552,0.4281,0.4757,0.579,0.2338,0.1462
CUST1011124,2026-06,0.795,0.4743,0.5108,0.1949,0.152,0.1945
CUST1011125,2026-06,0.4475,0.3827,0.6289,0.252,0.3561,0.1998
CUST1011126,2026-06,0.3455,0.3418,0.4364,0.5684,0.4887,0.3414
CUST1011127,2026-06,0.4892,0.1442,0.3605,0.3837,0.436,0.013
CUST1011128,2026-06,0.285,0.3349,0.6237,0.3267,0.3942,0.0557
CUST1011129,2026-06,0.3802,0.3855,0.4836,0.4854,0.3608,0.0225
CUST1011130,2026-06,0.6338,0.2119,0.4192,0.4855,0.2157,0.0834
CUST1011131,2026-06,0.5444,0.3811,0.3398,0.5009,0.4087,0.0586
CUST1011132,2026-06,0.3971,0.2895,0.5441,0.3962,0.6531,0.2103
CUST1011133,2026-06,0.4646,0.5396,0.6925,0.412,0.2531,0.2898
CUST1011134,2026-06,0.5678,0.1289,0.5086,0.3806,0.4181,0.2473
CUST1011135,2026-06,0.6857,0.2314,0.3501,0.375,0.314,0.2103
CUST1011136,2026-06,0.2013,0.3176,0.0678,0.4384,0.3317,0.1056
CUST1011137,2026-06,0.4323,0.2753,0.4801,0.2871,0.4422,0.1753
CUST1011138,2026-06,0.2774,0.3099,0.1704,0.3566,0.2477,0.1132
CUST1011139,2026-06,0.6459,0.588,0.3204,0.2725,0.3805,0.1253
CUST1011140,2026-06,0.5475,0.4424,0.4575,0.093,0.275,0.1589
CUST1011141,2026-06,0.3347,0.5324,0.3015,0.2994,0.4295,0.1217
CUST1011142,2026-06,0.6322,0.4479,0.3612,0.2645,0.3047,0.1709
CUST1011143,2026-06,0.1982,0.3096,0.01,0.2663,0.2572,0.0989
CUST1011144,2026-06,0.3679,0.1961,0.4797,0.5739,0.4285,0.2241
CUST1011145,2026-06,0.491,0.1541,0.246,0.3567,0.3704,0.1898
CUST1011146,2026-06,0.5491,0.3628,0.4478,0.4689,0.2542,0.1563
CUST1011147,2026-06,0.4522,0.5343,0.3555,0.2946,0.376,0.01
CUST1011148,2026-06,0.4461,0.1477,0.4217,0.3241,0.204,0.1573
CUST1011149,2026-06,0.5125,0.338,0.5675,0.1635,0.4154,0.1285
CUST1011150,2026-06,0.3769,0.32,0.4935,0.118,0.3566,0.3103
CUST1011151,2026-06,0.145,0.0793,0.1446,0.01,0.3189,0.2578
CUST1011152,2026-06,0.3987,0.375,0.4982,0.5067,0.3058,0.2787
CUST1011153,2026-06,0.5136,0.48,0.489,0.299,0.4291,0.2479
CUST1011154,2026-06,0.2722,0.189,0.2322,0.1313,0.2262,0.2266
CUST1011155,2026-06,0.6781,0.373,0.7412,0.156,0.3221,0.2089
CUST1011156,2026-06,0.452,0.3668,0.34,0.5121,0.4648,0.1172
CUST1011157,2026-06,0.4003,0.01,0.3358,0.2894,0.0358,0.6538
CUST1011158,2026-06,0.3939,0.0813,0.3968,0.1139,0.5398,0.182
CUST1011159,2026-06,0.7221,0.1175,0.2731,0.3618,0.2164,0.1403
CUST1011160,2026-06,0.3555,0.4331,0.4896,0.2312,0.3328,0.01
CUST1011161,2026-06,0.4242,0.5225,0.5166,0.4518,0.3091,0.0651999999999999
CUST1011162,2026-06,0.4833,0.4943,0.324,0.4438,0.3207,0.1725
CUST1011163,2026-06,0.4144,0.4197,0.2981,0.3315,0.2561,0.1021
CUST1011164,2026-06,0.1786,0.2535,0.0405,0.16,0.4144,0.0218
CUST1011165,2026-06,0.6094,0.2299,0.455,0.4864,0.2719,0.2085
CUST1011166,2026-06,0.4916,0.4578,0.5861,0.3311,0.4879,0.2453
CUST1011167,2026-06,0.5063,0.2793,0.5408,0.2604,0.1263,0.2626
CUST1011168,2026-06,0.2266,0.1891,0.162,0.2527,0.5033,0.0944
CUST1011169,2026-06,0.4449,0.2025,0.4412,0.3137,0.4923,0.1874
CUST1011170,2026-06,0.3914,0.0506,0.1782,0.1421,0.3426,0.2781
CUST1011171,2026-06,0.7021,0.4529,0.6494,0.5017,0.3821,0.1784
CUST1011172,2026-06,0.5715,0.3744,0.3207,0.4142,0.2337,0.3507
CUST1011173,2026-06,0.0668,0.3109,0.2337,0.2597,0.3394,0.1862
CUST1011174,2026-06,0.382,0.4589,0.2655,0.5805,0.3299,0.5779
CUST1011175,2026-06,0.7606,0.1969,0.3218,0.2781,0.2641,0.2409
CUST1011176,2026-06,0.4534,0.0206,0.0916,0.2111,0.2217,0.2046
CUST1011177,2026-06,0.2344,0.1276,0.0675,0.1129,0.387,0.1992
CUST1011178,2026-06,0.6816,0.2129,0.3438,0.4849,0.281,0.2724
CUST1011179,2026-06,0.3829,0.3078,0.5091,0.0689,0.3485,0.1142
CUST1011180,2026-06,0.3334,0.033,0.2253,0.4409,0.4045,0.1512
CUST1011181,2026-06,0.2646,0.2256,0.1253,0.3994,0.4039,0.1012
CUST1011182,2026-06,0.3234,0.01,0.0869,0.2584,0.1961,0.1259
CUST1011183,2026-06,0.3644,0.4533,0.4498,0.4803,0.4344,0.1896
CUST1011184,2026-06,0.5473,0.522,0.636,0.4621,0.361,0.1249
CUST1011185,2026-06,0.4081,0.2775,0.4069,0.2271,0.2362,0.4036
CUST1011186,2026-06,0.7983,0.1062,0.6041,0.4186,0.2617,0.2288
CUST1011187,2026-06,0.4027,0.5311,0.3854,0.0505,0.4659,0.1094
CUST1011188,2026-06,0.454,0.4588,0.4489,0.2935,0.3757,0.2369
CUST1011189,2026-06,0.3211,0.4975,0.6206,0.3898,0.3028,0.1292
CUST1011190,2026-06,0.4033,0.3676,0.6682,0.3138,0.4831,0.1455
CUST1011191,2026-06,0.3086,0.372,0.226,0.5052,0.2932,0.1835
CUST1011192,2026-06,0.4326,0.4697,0.3347,0.1669,0.4171,0.1467
CUST1011193,2026-06,0.2569,0.1867,0.07,0.3697,0.3487,0.1129
CUST1011194,2026-06,0.4684,0.2846,0.555,0.3933,0.569,0.0805
CUST1011195,2026-06,0.4977,0.01,0.2155,0.374,0.3165,0.1719
CUST1011196,2026-06,0.3912,0.1523,0.2347,0.0718,0.4558,0.2568
CUST1011197,2026-06,0.3335,0.4945,0.3273,0.3594,0.2349,0.01
CUST1011198,2026-06,0.4042,0.3786,0.5959,0.4222,0.4121,0.0472
CUST1011199,2026-06,0.4077,0.2515,0.3176,0.1881,0.4634,0.2152
CUST1011200,2026-06,0.2996,0.0536,0.1295,0.2193,0.2817,0.2108
CUST1011201,2026-06,0.3247,0.0389,0.3434,0.2287,0.3178,0.1023
CUST1011202,2026-06,0.4256,0.4507,0.5544,0.3013,0.1891,0.1362
CUST1011203,2026-06,0.4087,0.3892,0.5356,0.4247,0.2727,0.1698
CUST1011204,2026-06,0.6755,0.3068,0.3097,0.3439,0.243,0.1981
CUST1011205,2026-06,0.3619,0.01,0.1702,0.1014,0.2666,0.2566
CUST1011206,2026-06,0.4828,0.265,0.4982,0.312,0.3714,0.2136
CUST1011207,2026-06,0.2308,0.2426,0.1967,0.2013,0.314,0.3269
CUST1011208,2026-06,0.3977,0.2031,0.4608,0.2535,0.3352,0.2525
CUST1011209,2026-06,0.512,0.4244,0.6309,0.5448,0.3376,0.2687
CUST1011210,2026-06,0.5826,0.3256,0.2887,0.5442,0.2232,0.2209
CUST1011211,2026-06,0.4988,0.1318,0.4758,0.1897,0.4042,0.1771
CUST1011212,2026-06,0.5143,0.0412,0.1978,0.4277,0.1683,0.1106
CUST1011213,2026-06,0.6465,0.5455,0.3572,0.6055,0.3999,0.0769
CUST1011214,2026-06,0.6589,0.203,0.4818,0.3891,0.3406,0.2634
CUST1011215,2026-06,0.2521,0.1595,0.334,0.1364,0.4854,0.2188
CUST1011216,2026-06,0.3836,0.3842,0.5025,0.3848,0.53,0.2007
CUST1011217,2026-06,0.4756,0.4004,0.01,0.0461,0.1425,0.1271
CUST1011218,2026-06,0.2268,0.1814,0.0111,0.3161,0.3827,0.1159
CUST1011219,2026-06,0.631,0.1997,0.2632,0.5626,0.3644,0.0701
CUST1011220,2026-06,0.01,0.424,0.168,0.2871,0.2493,0.0427
CUST1011221,2026-06,0.4421,0.205,0.4237,0.4289,0.4611,0.2403
CUST1011222,2026-06,0.4386,0.01,0.1198,0.2276,0.14,0.4745
CUST1011223,2026-06,0.2666,0.4325,0.5196,0.3698,0.4361,0.1701
CUST1011224,2026-06,0.3487,0.3884,0.5522,0.233,0.428,0.1625
CUST1011225,2026-06,0.3709,0.5046,0.5591,0.4748,0.3921,0.1491
CUST1011226,2026-06,0.4409,0.1666,0.3254,0.1657,0.2494,0.2437
CUST1011227,2026-06,0.6036,0.4525,0.576,0.542,0.3467,0.2423
CUST1011228,2026-06,0.5796,0.2022,0.45,0.4107,0.3914,0.2296
CUST1011229,2026-06,0.587,0.3303,0.4948,0.4194,0.2943,0.101
CUST1011230,2026-06,0.3821,0.4483,0.3843,0.3423,0.184,0.6609
CUST1011231,2026-06,0.5083,0.0307,0.2182,0.3381,0.2522,0.3556
CUST1011232,2026-06,0.4532,0.3458,0.3393,0.2446,0.2868,0.2326
CUST1011233,2026-06,0.3926,0.4706,0.3749,0.3707,0.3797,0.0572
CUST1011234,2026-06,0.5951,0.3801,0.5322,0.4334,0.2481,0.243
CUST1011235,2026-06,0.3964,0.1973,0.0162,0.4507,0.1974,0.1597
CUST1011236,2026-06,0.2895,0.1876,0.2171,0.2954,0.2542,0.2379
CUST1011237,2026-06,0.3459,0.3158,0.1975,0.4791,0.3174,0.1768
CUST1011238,2026-06,0.4359,0.2883,0.5011,0.263,0.4309,0.1557
CUST1011239,2026-06,0.4755,0.2045,0.2491,0.3649,0.3145,0.1974
CUST1011240,2026-06,0.3306,0.4403,0.4126,0.2816,0.4144,0.1846
CUST1011241,2026-06,0.6093,0.1297,0.342,0.5567,0.2977,0.0811999999999999
CUST1011242,2026-06,0.7298,0.5285,0.5285,0.608,0.1342,0.5868
CUST1011243,2026-06,0.4869,0.2712,0.3787,0.4674,0.552,0.2548
CUST1011244,2026-06,0.5841,0.2926,0.2304,0.6849,0.2379,0.0859
CUST1011245,2026-06,0.3516,0.4758,0.287,0.4162,0.5513,0.01
CUST1011246,2026-06,0.4442,0.5193,0.3582,0.2258,0.3013,0.1017
CUST1011247,2026-06,0.3723,0.0512,0.0872,0.3247,0.5628,0.0874999999999999
CUST1011248,2026-06,0.2489,0.1569,0.01,0.374,0.2986,0.1768
CUST1011249,2026-06,0.1381,0.1484,0.1236,0.4988,0.4516,0.2062
CUST1011250,2026-06,0.5554,0.2098,0.3746,0.3251,0.311,0.2078
CUST1011251,2026-06,0.3023,0.01,0.1813,0.2924,0.5157,0.2334
CUST1011252,2026-06,0.4235,0.1412,0.3815,0.3766,0.4308,0.1478
CUST1011253,2026-06,0.6899,0.3689,0.3989,0.1301,0.3308,0.3644
CUST1011254,2026-06,0.3045,0.2157,0.0892,0.3055,0.3516,0.2165
CUST1011255,2026-06,0.424,0.2621,0.5454,0.5039,0.3473,0.2165
CUST1011256,2026-06,0.4992,0.1562,0.2398,0.3747,0.3311,0.1612
CUST1011257,2026-06,0.2941,0.3136,0.04,0.3017,0.3695,0.2549
CUST1011258,2026-06,0.684,0.4385,0.4282,0.461,0.2626,0.2765
CUST1011259,2026-06,0.5922,0.2272,0.321,0.4311,0.2272,0.7074
CUST1011260,2026-06,0.4125,0.01,0.2763,0.3412,0.2868,0.0861
CUST1011261,2026-06,0.5067,0.295,0.2404,0.3874,0.2917,0.2166
CUST1011262,2026-06,0.3886,0.4063,0.3831,0.3803,0.3801,0.1531
CUST1011263,2026-06,0.7509,0.1229,0.2719,0.3306,0.2781,0.3729
CUST1011264,2026-06,0.2521,0.0821,0.178,0.1464,0.2837,0.7768
CUST1011265,2026-06,0.446,0.3671,0.4322,0.5419,0.383,0.1368
CUST1011266,2026-06,0.1549,0.1913,0.3122,0.4146,0.5335,0.1061
CUST1011267,2026-06,0.5115,0.2088,0.4581,0.3814,0.3961,0.1758
CUST1011268,2026-06,0.2654,0.2406,0.3773,0.2746,0.2624,0.6492
CUST1011269,2026-06,0.419,0.538,0.5202,0.4372,0.6265,0.2323
CUST1011270,2026-06,0.4571,0.4,0.6516,0.5349,0.2183,0.2809
CUST1011271,2026-06,0.2918,0.169,0.288,0.2187,0.3966,0.1848
CUST1011272,2026-06,0.4573,0.5211,0.5143,0.3214,0.3927,0.0692
CUST1011273,2026-06,0.6757,0.1926,0.4005,0.4571,0.2872,0.1971
CUST1011274,2026-06,0.8312,0.3311,0.4073,0.3898,0.2355,0.1617
CUST1011275,2026-06,0.5825,0.388,0.3669,0.6189,0.2168,0.2146
CUST1011276,2026-06,0.6469,0.3015,0.4067,0.4426,0.4014,0.315
CUST1011277,2026-06,0.3308,0.2908,0.1156,0.3179,0.3124,0.2496
CUST1011278,2026-06,0.7853,0.1965,0.3517,0.2624,0.1891,0.1726
CUST1011279,2026-06,0.4147,0.3768,0.5148,0.138,0.4123,0.2836
CUST1011280,2026-06,0.4298,0.3723,0.6968,0.5024,0.1451,0.5745
CUST1011281,2026-06,0.3774,0.4786,0.5161,0.4382,0.331,0.2198
CUST1011282,2026-06,0.1417,0.075,0.01,0.1135,0.2042,0.1195
CUST1011283,2026-06,0.583,0.3516,0.3885,0.3226,0.4128,0.1552
CUST1011284,2026-06,0.7637,0.3884,0.4839,0.46,0.2848,0.2261
CUST1011285,2026-06,0.5934,0.1684,0.3886,0.3594,0.4411,0.0776
CUST1011286,2026-06,0.3256,0.2411,0.1998,0.3272,0.4077,0.1194
CUST1011287,2026-06,0.3604,0.4137,0.5952,0.3187,0.3418,0.1743
CUST1011288,2026-06,0.5474,0.4866,0.2698,0.5949,0.2573,0.2171
CUST1011289,2026-06,0.517,0.4234,0.6377,0.298,0.3871,0.3982
CUST1011290,2026-06,0.6051,0.5519,0.5004,0.6341,0.1766,0.4946
CUST1011291,2026-06,0.3507,0.1307,0.1243,0.274,0.5265,0.1198
CUST1011292,2026-06,0.1301,0.1426,0.01,0.1326,0.2451,0.1629
CUST1011293,2026-06,0.1648,0.123,0.3377,0.5494,0.2573,0.5167
CUST1011294,2026-06,0.4846,0.3746,0.2125,0.4756,0.3618,0.1115
CUST1011295,2026-06,0.1912,0.328,0.1908,0.2855,0.2265,0.3003
CUST1011296,2026-06,0.5059,0.01,0.2297,0.5687,0.2877,0.2692
CUST1011297,2026-06,0.4147,0.3018,0.2313,0.5218,0.7735,0.2082
CUST1011298,2026-06,0.4773,0.1194,0.4166,0.1218,0.346,0.3353
CUST1011299,2026-06,0.7356,0.2508,0.3172,0.2258,0.4089,0.2665
CUST1011300,2026-06,0.0835,0.2805,0.3277,0.2865,0.2121,0.1931
CUST1011301,2026-06,0.4155,0.4731,0.447,0.5024,0.2804,0.2944
CUST1011302,2026-06,0.5899,0.4883,0.4756,0.6061,0.2547,0.0984
CUST1011303,2026-06,0.5391,0.3465,0.6289,0.3419,0.3214,0.1336
CUST1011304,2026-06,0.2791,0.3856,0.0932999999999999,0.4919,0.2557,0.0719999999999999
CUST1011305,2026-06,0.5272,0.4639,0.5789,0.4721,0.4564,0.1833
CUST1011306,2026-06,0.3434,0.2616,0.0786,0.4575,0.3789,0.1637
CUST1011307,2026-06,0.4509,0.01,0.1256,0.2281,0.2575,0.2021
CUST1011308,2026-06,0.5331,0.4932,0.5682,0.3323,0.3517,0.0842
CUST1011309,2026-06,0.6919,0.2532,0.2772,0.4928,0.2832,0.2004
CUST1011310,2026-06,0.2115,0.2571,0.287,0.3565,0.5403,0.1135
CUST1011311,2026-06,0.5877,0.3845,0.3238,0.3135,0.2468,0.3399
CUST1011312,2026-06,0.49,0.4403,0.7574,0.362,0.4262,0.1827
CUST1011313,2026-06,0.8462,0.4945,0.4991,0.3344,0.3223,0.1272
CUST1011314,2026-06,0.1993,0.3029,0.6802,0.3884,0.2554,0.1998
CUST1011315,2026-06,0.5047,0.1102,0.5478,0.2369,0.1934,0.2347
CUST1011316,2026-06,0.3334,0.0187,0.115,0.2457,0.2151,0.0842
CUST1011317,2026-06,0.3715,0.0648,0.0228,0.3231,0.4575,0.1257
CUST1011318,2026-06,0.6159,0.2266,0.4486,0.5195,0.1017,0.3754
CUST1011319,2026-06,0.05,0.01,0.0604,0.1923,0.6646,0.1944
CUST1011320,2026-06,0.4473,0.2251,0.1094,0.2876,0.2361,0.1568
CUST1011321,2026-06,0.3969,0.1483,0.0431,0.4394,0.3158,0.1301
CUST1011322,2026-06,0.5934,0.1241,0.3107,0.5165,0.2659,0.1477
CUST1011323,2026-06,0.5385,0.4705,0.4188,0.5706,0.6859,0.0442
CUST1011324,2026-06,0.3928,0.398,0.5367,0.5558,0.262,0.132
CUST1011325,2026-06,0.6112,0.121,0.3683,0.3003,0.1886,0.2014
CUST1011326,2026-06,0.556,0.4817,0.6715,0.5917,0.4292,0.0981
CUST1011327,2026-06,0.1913,0.2377,0.2496,0.6321,0.5339,0.0815
CUST1011328,2026-06,0.6409,0.2339,0.3866,0.1837,0.2057,0.2773
CUST1011329,2026-06,0.4783,0.3961,0.5749,0.5686,0.1273,0.1683
CUST1011330,2026-06,0.3927,0.3284,0.3944,0.3268,0.3043,0.01
CUST1011331,2026-06,0.4641,0.2472,0.3999,0.3413,0.2593,0.3384
CUST1011332,2026-06,0.4085,0.4265,0.5215,0.3633,0.2837,0.0615
CUST1011333,2026-06,0.6322,0.709,0.7554,0.4289,0.242,0.2274
CUST1011334,2026-06,0.2883,0.4458,0.1769,0.3178,0.0333,0.14
CUST1011335,2026-06,0.2855,0.1546,0.1891,0.3387,0.295,0.1597
CUST1011336,2026-06,0.4165,0.01,0.01,0.3217,0.2821,0.1098
CUST1011337,2026-06,0.5957,0.1978,0.6886,0.4524,0.2672,0.1312
CUST1011338,2026-06,0.4773,0.4258,0.5039,0.5574,0.2929,0.203
CUST1011339,2026-06,0.2873,0.4421,0.6677,0.1927,0.5241,0.1984
CUST1011340,2026-06,0.3043,0.0321,0.1789,0.0784,0.3648,0.0956999999999999
CUST1011341,2026-06,0.2509,0.3498,0.1737,0.4118,0.4144,0.1709
CUST1011342,2026-06,0.4394,0.4339,0.5937,0.3178,0.281,0.1101
CUST1011343,2026-06,0.3782,0.3441,0.2698,0.2339,0.28,0.1594
CUST1011344,2026-06,0.4945,0.4484,0.3965,0.2649,0.3395,0.2313
CUST1011345,2026-06,0.21,0.0736,0.1453,0.0547,0.3257,0.0963
CUST1011346,2026-06,0.4645,0.3129,0.6091,0.5883,0.3634,0.1708
CUST1011347,2026-06,0.3039,0.0777999999999999,0.1984,0.362,0.5011,0.1275
CUST1011348,2026-06,0.4327,0.4676,0.4222,0.377,0.3508,0.2116
CUST1011349,2026-06,0.2107,0.2951,0.1142,0.2752,0.6338,0.1283
CUST1011350,2026-06,0.7017,0.251,0.2726,0.508,0.2448,0.155
CUST1011351,2026-06,0.4285,0.4192,0.4222,0.3833,0.2065,0.2533
CUST1011352,2026-06,0.3103,0.3482,0.3161,0.2989,0.525,0.1527
CUST1011353,2026-06,0.5973,0.2604,0.2873,0.2017,0.4701,0.2736
CUST1011354,2026-06,0.4485,0.2837,0.1686,0.1559,0.2662,0.1499
CUST1011355,2026-06,0.2385,0.1054,0.1546,0.2422,0.1872,0.0832
CUST1011356,2026-06,0.4041,0.1041,0.0917,0.2874,0.3478,0.1483
CUST1011357,2026-06,0.3234,0.4849,0.3911,0.7028,0.3973,0.0906
CUST1011358,2026-06,0.3786,0.2737,0.3306,0.3065,0.3665,0.3348
CUST1011359,2026-06,0.5886,0.405,0.2044,0.469,0.271,0.3205
CUST1011360,2026-06,0.4648,0.2508,0.3762,0.6458,0.3864,0.1377
CUST1011361,2026-06,0.6281,0.4801,0.3621,0.4038,0.403,0.0965
CUST1011362,2026-06,0.262,0.2667,0.6566,0.2693,0.3773,0.1731
CUST1011363,2026-06,0.619,0.4619,0.4192,0.2023,0.3569,0.2056
CUST1011364,2026-06,0.2739,0.5209,0.6895,0.4423,0.3876,0.1327
CUST1011365,2026-06,0.2314,0.2002,0.2416,0.2287,0.4352,0.1562
CUST1011366,2026-06,0.8144,0.1943,0.2761,0.4412,0.2975,0.127
CUST1011367,2026-06,0.3795,0.4639,0.2953,0.4954,0.4967,0.0902
CUST1011368,2026-06,0.473,0.2452,0.5383,0.5086,0.4141,0.0579
CUST1011369,2026-06,0.7016,0.3506,0.5435,0.5849,0.4775,0.1745
CUST1011370,2026-06,0.5929,0.4416,0.5585,0.241,0.4532,0.0771
CUST1011371,2026-06,0.5018,0.2777,0.4514,0.3073,0.0678,0.1546
CUST1011372,2026-06,0.4131,0.0581,0.0375,0.5435,0.4029,0.39
CUST1011373,2026-06,0.1983,0.5362,0.2043,0.3785,0.1735,0.6135
CUST1011374,2026-06,0.1194,0.3322,0.1576,0.0792,0.4787,0.1725
CUST1011375,2026-06,0.2336,0.4449,0.372,0.2514,0.2554,0.2416
CUST1011376,2026-06,0.3637,0.307,0.4519,0.4814,0.4894,0.0838
CUST1011377,2026-06,0.4809,0.3238,0.1362,0.4391,0.3661,0.3331
CUST1011378,2026-06,0.4543,0.3234,0.4324,0.4009,0.3412,0.1932
CUST1011379,2026-06,0.0542,0.1589,0.3834,0.2356,0.4291,0.1243
CUST1011380,2026-06,0.3546,0.408,0.3622,0.4506,0.3821,0.2373
CUST1011381,2026-06,0.6161,0.4994,0.4972,0.4051,0.3416,0.1884
CUST1011382,2026-06,0.4821,0.3967,0.4004,0.4008,0.5167,0.3041
CUST1011383,2026-06,0.419,0.4819,0.4974,0.0541,0.3133,0.2202
CUST1011384,2026-06,0.4789,0.457,0.4396,0.3047,0.3153,0.2615
CUST1011385,2026-06,0.2519,0.2353,0.2975,0.3991,0.6571,0.1661
CUST1011386,2026-06,0.1898,0.3414,0.0912,0.432,0.3221,0.2224
CUST1011387,2026-06,0.3818,0.2969,0.3157,0.4878,0.3338,0.0453
CUST1011388,2026-06,0.3789,0.01,0.2033,0.3009,0.1898,0.1047
CUST1011389,2026-06,0.2635,0.3299,0.2886,0.4236,0.6786,0.1918
CUST1011390,2026-06,0.0732,0.3939,0.3843,0.3041,0.3761,0.136
CUST1011391,2026-06,0.3643,0.4747,0.3325,0.2576,0.3213,0.1746
CUST1011392,2026-06,0.7545,0.2676,0.5318,0.3579,0.2792,0.02
CUST1011393,2026-06,0.0242,0.3168,0.1555,0.2245,0.3717,0.191
CUST1011394,2026-06,0.3839,0.0469,0.0896,0.4637,0.4703,0.2427
CUST1011395,2026-06,0.3931,0.0678,0.2503,0.1432,0.2183,0.2097
CUST1011396,2026-06,0.2458,0.3025,0.1839,0.3707,0.3392,0.1129
CUST1011397,2026-06,0.195,0.2376,0.0805,0.4858,0.3844,0.2663
CUST1011398,2026-06,0.625,0.423,0.3093,0.13,0.2974,0.2204
CUST1011399,2026-06,0.4227,0.113,0.7432,0.1214,0.1491,0.2719
CUST1011400,2026-06,0.3597,0.4279,0.5369,0.3179,0.3517,0.1531
CUST1011401,2026-06,0.4917,0.5333,0.4939,0.6075,0.4709,0.2409
CUST1011402,2026-06,0.5042,0.1517,0.382,0.3095,0.1317,0.27
CUST1011403,2026-06,0.5274,0.3148,0.3714,0.3588,0.2032,0.0598
CUST1011404,2026-06,0.393,0.2219,0.2579,0.4448,0.4123,0.2239
CUST1011405,2026-06,0.6775,0.2991,0.4357,0.3773,0.2753,0.2903
CUST1011406,2026-06,0.2791,0.2786,0.3653,0.0633,0.2992,0.1777
CUST1011407,2026-06,0.5202,0.1059,0.2471,0.4193,0.4765,0.5722
CUST1011408,2026-06,0.5238,0.3938,0.4392,0.4816,0.4357,0.2292
CUST1011409,2026-06,0.2931,0.5847,0.3563,0.3836,0.3522,0.2294
CUST1011410,2026-06,0.2935,0.2481,0.0508,0.5297,0.2892,0.5679
CUST1011411,2026-06,0.7791,0.4566,0.6766,0.4149,0.4789,0.1469
CUST1011412,2026-06,0.2445,0.01,0.2541,0.1883,0.6076,0.1855
CUST1011413,2026-06,0.6432,0.353,0.439,0.6211,0.3713,0.0976
CUST1011414,2026-06,0.4784,0.4292,0.4603,0.5426,0.3276,0.1033
CUST1011415,2026-06,0.5101,0.2903,0.2486,0.2115,0.109,0.594
CUST1011416,2026-06,0.6539,0.4383,0.4297,0.4534,0.3433,0.1632
CUST1011417,2026-06,0.4576,0.3832,0.3852,0.319,0.1684,0.4342
CUST1011418,2026-06,0.4831,0.2837,0.4875,0.3346,0.6183,0.0993
CUST1011419,2026-06,0.5045,0.01,0.1365,0.2589,0.2751,0.0392
CUST1011420,2026-06,0.2842,0.0455,0.0911,0.2688,0.2754,0.193
CUST1011421,2026-06,0.3269,0.371,0.4308,0.369,0.5596,0.2934
CUST1011422,2026-06,0.4171,0.2034,0.4849,0.1499,0.2536,0.2917
CUST1011423,2026-06,0.4521,0.2756,0.2765,0.7408,0.4147,0.0592
CUST1011424,2026-06,0.5061,0.1257,0.3861,0.4719,0.1939,0.178
CUST1011425,2026-06,0.6964,0.1826,0.4169,0.4558,0.1349,0.2671
CUST1011426,2026-06,0.2844,0.4052,0.2584,0.4196,0.363,0.3093
CUST1011427,2026-06,0.4183,0.3127,0.39,0.33,0.3023,0.2084
CUST1011428,2026-06,0.2321,0.0952,0.1572,0.3359,0.4521,0.2018
CUST1011429,2026-06,0.5032,0.4237,0.4128,0.4728,0.3584,0.1115
CUST1011430,2026-06,0.4301,0.01,0.1256,0.1316,0.1822,0.1769
CUST1011431,2026-06,0.4626,0.01,0.01,0.564,0.2249,0.2828
CUST1011432,2026-06,0.4137,0.01,0.1758,0.324,0.3445,0.2226
CUST1011433,2026-06,0.5737,0.3647,0.2846,0.4283,0.4491,0.2916
CUST1011434,2026-06,0.6329,0.1939,0.5508,0.4068,0.2661,0.176
CUST1011435,2026-06,0.1693,0.1736,0.0116,0.1651,0.2228,0.6864
CUST1011436,2026-06,0.1651,0.2845,0.5442,0.3823,0.2869,0.1628
CUST1011437,2026-06,0.3692,0.5123,0.6409,0.3668,0.358,0.1112
CUST1011438,2026-06,0.5094,0.4415,0.4896,0.4425,0.3872,0.0997
CUST1011439,2026-06,0.5237,0.293,0.3276,0.408,0.1437,0.1428
CUST1011440,2026-06,0.4019,0.3197,0.5973,0.3579,0.2436,0.1449
CUST1011441,2026-06,0.4813,0.3482,0.3737,0.3577,0.3536,0.0499
CUST1011442,2026-06,0.567,0.5158,0.2098,0.4521,0.3741,0.3493
CUST1011443,2026-06,0.4255,0.01,0.2508,0.2576,0.3636,0.0507
CUST1011444,2026-06,0.5016,0.2049,0.379,0.2504,0.166,0.19
CUST1011445,2026-06,0.4081,0.476,0.4503,0.1754,0.4224,0.4057
CUST1011446,2026-06,0.1516,0.3475,0.0513,0.4191,0.2339,0.0947
CUST1011447,2026-06,0.3296,0.4539,0.5565,0.5468,0.537,0.1721
CUST1011448,2026-06,0.4016,0.4012,0.4422,0.3788,0.3902,0.2535
CUST1011449,2026-06,0.3696,0.1419,0.0998,0.4555,0.2779,0.2685
CUST1011450,2026-06,0.2147,0.3863,0.1737,0.6004,0.4987,0.0685999999999999
CUST1011451,2026-06,0.6051,0.2105,0.3343,0.293,0.4339,0.1936
CUST1011452,2026-06,0.7509,0.3846,0.4826,0.4438,0.1668,0.1437
CUST1011453,2026-06,0.6276,0.423,0.3995,0.3971,0.2465,0.2201
CUST1011454,2026-06,0.2517,0.01,0.2151,0.2493,0.119,0.219
CUST1011455,2026-06,0.3311,0.302,0.5097,0.2449,0.3605,0.3695
CUST1011456,2026-06,0.2995,0.2636,0.2879,0.1451,0.2356,0.1685
CUST1011457,2026-06,0.4423,0.5406,0.342,0.4478,0.6266,0.1067
CUST1011458,2026-06,0.5141,0.4659,0.249,0.4709,0.2157,0.0565
CUST1011459,2026-06,0.4223,0.3634,0.3327,0.5148,0.3925,0.2331
CUST1011460,2026-06,0.1467,0.3129,0.01,0.2534,0.4666,0.6514
CUST1011461,2026-06,0.5355,0.479,0.3304,0.4145,0.2638,0.0806999999999999
CUST1011462,2026-06,0.2579,0.3011,0.1039,0.3913,0.2871,0.2981
CUST1011463,2026-06,0.2768,0.4128,0.3731,0.3885,0.33,0.1399
CUST1011464,2026-06,0.5771,0.1549,0.4658,0.5178,0.2254,0.1584
CUST1011465,2026-06,0.5278,0.2987,0.6919,0.2113,0.3309,0.1448
CUST1011466,2026-06,0.4032,0.3528,0.6022,0.0901,0.3474,0.1425
CUST1011467,2026-06,0.6655,0.4502,0.4495,0.52,0.1793,0.1995
CUST1011468,2026-06,0.4551,0.4138,0.7504,0.2359,0.3736,0.0939
CUST1011469,2026-06,0.5031,0.0166,0.1254,0.1129,0.3173,0.2831
CUST1011470,2026-06,0.4269,0.448,0.4508,0.1909,0.3375,0.1738
CUST1011471,2026-06,0.3856,0.2853,0.4849,0.266,0.5342,0.1418
CUST1011472,2026-06,0.3937,0.2083,0.4269,0.3366,0.3356,0.0879
CUST1011473,2026-06,0.2817,0.4699,0.3457,0.2635,0.4466,0.3306
CUST1011474,2026-06,0.5665,0.2451,0.2761,0.2836,0.2184,0.2268
CUST1011475,2026-06,0.187,0.3792,0.1343,0.3197,0.5098,0.3129
CUST1011476,2026-06,0.4098,0.3963,0.5409,0.4623,0.2655,0.0129
CUST1011477,2026-06,0.5517,0.2206,0.4287,0.3759,0.3513,0.2528
CUST1011478,2026-06,0.4641,0.1775,0.4891,0.1571,0.5187,0.3613
CUST1011479,2026-06,0.5225,0.2328,0.1318,0.2331,0.1794,0.1225
CUST1011480,2026-06,0.2354,0.1166,0.2042,0.1784,0.2475,0.0711
CUST1011481,2026-06,0.3019,0.3894,0.4044,0.3997,0.2919,0.154
CUST1011482,2026-06,0.6379,0.1301,0.0696,0.1705,0.1321,0.0829
CUST1011483,2026-06,0.1808,0.0792,0.1829,0.2263,0.5517,0.1849
CUST1011484,2026-06,0.4682,0.4449,0.6719,0.308,0.3662,0.2361
CUST1011485,2026-06,0.2659,0.2757,0.1833,0.5541,0.3843,0.0412
CUST1011486,2026-06,0.4562,0.0858,0.4356,0.5415,0.4161,0.1456
CUST1011487,2026-06,0.4538,0.3297,0.3671,0.456,0.2572,0.2288
CUST1011488,2026-06,0.4246,0.2728,0.0441,0.3935,0.315,0.1411
CUST1011489,2026-06,0.3418,0.246,0.6487,0.2634,0.3937,0.1872
CUST1011490,2026-06,0.2207,0.4112,0.2062,0.4683,0.3184,0.1728
CUST1011491,2026-06,0.3635,0.099,0.1496,0.2918,0.4614,0.3331
CUST1011492,2026-06,0.4725,0.4257,0.4745,0.5089,0.5269,0.1623
CUST1011493,2026-06,0.5638,0.4037,0.0534,0.5099,0.3587,0.2247
CUST1011494,2026-06,0.5688,0.2389,0.0874999999999999,0.4128,0.3715,0.3476
CUST1011495,2026-06,0.6539,0.4281,0.4571,0.4543,0.3679,0.1382
CUST1011496,2026-06,0.2699,0.2522,0.2919,0.442,0.5955,0.1216
CUST1011497,2026-06,0.601,0.2934,0.464,0.4408,0.2069,0.1334
CUST1011498,2026-06,0.3984,0.2501,0.4495,0.3836,0.6624,0.17
CUST1011499,2026-06,0.7077,0.5949,0.3892,0.483,0.2934,0.1314
CUST1011500,2026-06,0.5475,0.5957,0.2852,0.4587,0.2752,0.2091
CUST1011501,2026-06,0.4673,0.0971999999999999,0.0927999999999999,0.4804,0.2732,0.3071
CUST1011502,2026-06,0.3647,0.3862,0.5831,0.3471,0.241,0.0948
CUST1011503,2026-06,0.4793,0.5222,0.4355,0.4436,0.1464,0.3155
CUST1011504,2026-06,0.418,0.084,0.1606,0.4048,0.2389,0.1256
CUST1011505,2026-06,0.3829,0.3902,0.1071,0.2061,0.4828,0.2045
CUST1011506,2026-06,0.7907,0.1777,0.3632,0.4251,0.3751,0.3097
CUST1011507,2026-06,0.384,0.4924,0.4683,0.5505,0.2346,0.0712
CUST1011508,2026-06,0.5381,0.1869,0.268,0.4147,0.2831,0.1884
CUST1011509,2026-06,0.3506,0.01,0.1783,0.2771,0.3662,0.2045
CUST1011510,2026-06,0.4952,0.4469,0.3237,0.2029,0.4145,0.1892
CUST1011511,2026-06,0.666,0.4449,0.4184,0.1088,0.2625,0.0990999999999999
CUST1011512,2026-06,0.4446,0.2619,0.1,0.5475,0.2826,0.2104
CUST1011513,2026-06,0.2996,0.0985,0.2143,0.2434,0.2534,0.2576
CUST1011514,2026-06,0.211,0.1715,0.1912,0.4121,0.4446,0.0978
CUST1011515,2026-06,0.1879,0.2444,0.1236,0.3421,0.4973,0.2229
CUST1011516,2026-06,0.7489,0.1909,0.4887,0.2887,0.2115,0.2146
CUST1011517,2026-06,0.6893,0.4314,0.585,0.2273,0.2406,0.1689
CUST1011518,2026-06,0.5364,0.6186,0.7563,0.4028,0.4377,0.1143
CUST1011519,2026-06,0.4555,0.0141,0.1768,0.4832,0.2311,0.226
CUST1011520,2026-06,0.4677,0.4504,0.4916,0.4064,0.5002,0.1054
CUST1011521,2026-06,0.4816,0.2205,0.2882,0.6064,0.1821,0.4248
CUST1011522,2026-06,0.5798,0.292,0.2902,0.3324,0.1586,0.131
CUST1011523,2026-06,0.799,0.3237,0.5138,0.3843,0.2191,0.0903999999999999
CUST1011524,2026-06,0.3037,0.2725,0.3924,0.2937,0.4325,0.2439
CUST1011525,2026-06,0.4008,0.4021,0.5749,0.4696,0.3491,0.037
CUST1011526,2026-06,0.4207,0.1777,0.1851,0.5209,0.2673,0.2586
CUST1011527,2026-06,0.6315,0.3594,0.3524,0.4559,0.2086,0.2405
CUST1011528,2026-06,0.5005,0.4637,0.5996,0.1107,0.2495,0.178
CUST1011529,2026-06,0.4137,0.2506,0.4085,0.4615,0.3469,0.2154
CUST1011530,2026-06,0.538,0.4142,0.5183,0.5197,0.5352,0.2523
CUST1011531,2026-06,0.4683,0.2861,0.1352,0.4421,0.1388,0.2155
CUST1011532,2026-06,0.3002,0.2236,0.4466,0.5188,0.6431,0.2279
CUST1011533,2026-06,0.5705,0.1676,0.3094,0.187,0.6004,0.1821
CUST1011534,2026-06,0.478,0.3145,0.4276,0.2965,0.3222,0.1041
CUST1011535,2026-06,0.1416,0.1965,0.3303,0.3271,0.3604,0.0766
CUST1011536,2026-06,0.7223,0.2716,0.3404,0.2736,0.1557,0.2192
CUST1011537,2026-06,0.6276,0.2578,0.6085,0.6059,0.2823,0.2349
CUST1011538,2026-06,0.1398,0.01,0.107,0.1259,0.5705,0.0934
CUST1011539,2026-06,0.5224,0.3421,0.5528,0.4102,0.3119,0.0941
CUST1011540,2026-06,0.2415,0.3938,0.2147,0.477,0.5549,0.1089
CUST1011541,2026-06,0.7272,0.1947,0.6614,0.388,0.3335,0.1468
CUST1011542,2026-06,0.4586,0.3938,0.1899,0.1369,0.2409,0.1043
CUST1011543,2026-06,0.3903,0.2656,0.559,0.4217,0.2975,0.0926
CUST1011544,2026-06,0.3106,0.1864,0.1441,0.2871,0.2407,0.0978
CUST1011545,2026-06,0.3594,0.3706,0.4098,0.4985,0.3532,0.0782
CUST1011546,2026-06,0.3139,0.1997,0.01,0.5188,0.3802,0.2027
CUST1011547,2026-06,0.5381,0.4161,0.4374,0.4184,0.3264,0.1302
CUST1011548,2026-06,0.1638,0.01,0.0253,0.193,0.2006,0.0558
CUST1011549,2026-06,0.4455,0.3759,0.4804,0.4044,0.199,0.3047
CUST1011550,2026-06,0.371,0.4246,0.6508,0.4503,0.2734,0.3278
CUST1011551,2026-06,0.7315,0.2139,0.3347,0.2853,0.1375,0.269
CUST1011552,2026-06,0.6441,0.4048,0.4857,0.6304,0.4163,0.1195
CUST1011553,2026-06,0.6275,0.4198,0.5085,0.48,0.316,0.5764
CUST1011554,2026-06,0.6566,0.156,0.5805,0.3337,0.16,0.2396
CUST1011555,2026-06,0.1253,0.2373,0.3517,0.3818,0.4177,0.01
CUST1011556,2026-06,0.4981,0.1552,0.554,0.4014,0.6727,0.1096
CUST1011557,2026-06,0.6681,0.4222,0.2703,0.3821,0.1752,0.2406
CUST1011558,2026-06,0.2879,0.3426,0.5642,0.347,0.3489,0.1408
CUST1011559,2026-06,0.2343,0.188,0.3356,0.5371,0.366,0.1839
CUST1011560,2026-06,0.1314,0.2817,0.1314,0.3368,0.3004,0.2393
CUST1011561,2026-06,0.4169,0.3642,0.5339,0.312,0.3013,0.0868
CUST1011562,2026-06,0.5917,0.2774,0.5439,0.4187,0.3163,0.2321
CUST1011563,2026-06,0.3636,0.0731,0.1829,0.1445,0.2443,0.1729
CUST1011564,2026-06,0.3389,0.2345,0.1002,0.172,0.3548,0.2897
CUST1011565,2026-06,0.3889,0.01,0.2199,0.1111,0.2131,0.2585
CUST1011566,2026-06,0.4405,0.3524,0.4891,0.0725,0.3028,0.1811
CUST1011567,2026-06,0.6555,0.2329,0.4173,0.5139,0.2357,0.2562
CUST1011568,2026-06,0.6365,0.1954,0.3446,0.2971,0.2658,0.2203
CUST1011569,2026-06,0.1479,0.1395,0.2346,0.4641,0.4238,0.2243
CUST1011570,2026-06,0.3666,0.0829,0.104,0.3905,0.5099,0.0767999999999999
CUST1011571,2026-06,0.4688,0.4593,0.4062,0.593,0.3103,0.0734
CUST1011572,2026-06,0.3451,0.5682,0.3305,0.3259,0.2733,0.0949
CUST1011573,2026-06,0.3416,0.3166,0.2833,0.2331,0.3972,0.0578
CUST1011574,2026-06,0.461,0.4582,0.4384,0.4433,0.3178,0.5145
CUST1011575,2026-06,0.3609,0.2852,0.3201,0.3253,0.3945,0.1577
CUST1011576,2026-06,0.6207,0.3913,0.4385,0.4206,0.2538,0.3004
CUST1011577,2026-06,0.3883,0.371,0.2383,0.3911,0.3755,0.1286
CUST1011578,2026-06,0.5181,0.0374,0.1438,0.5466,0.3214,0.0808
CUST1011579,2026-06,0.5067,0.6155,0.3498,0.5769,0.3814,0.0992
CUST1011580,2026-06,0.4457,0.4195,0.2332,0.4454,0.4559,0.0924
CUST1011581,2026-06,0.6409,0.2978,0.4077,0.0859999999999999,0.2263,0.1973
CUST1011582,2026-06,0.3144,0.1051,0.01,0.148,0.4705,0.2495
CUST1011583,2026-06,0.3672,0.5155,0.4618,0.4072,0.178,0.2313
CUST1011584,2026-06,0.3278,0.01,0.3248,0.2084,0.1836,0.3076
CUST1011585,2026-06,0.2743,0.2716,0.2343,0.3285,0.2567,0.2746
CUST1011586,2026-06,0.4321,0.0592,0.2077,0.4601,0.2126,0.2817
CUST1011587,2026-06,0.3987,0.249,0.5629,0.179,0.4985,0.257
CUST1011588,2026-06,0.4048,0.3718,0.4674,0.4182,0.3556,0.1897
CUST1011589,2026-06,0.2476,0.1566,0.2019,0.4509,0.3191,0.1609
CUST1011590,2026-06,0.3546,0.3991,0.6339,0.3635,0.3559,0.1673
CUST1011591,2026-06,0.558,0.1514,0.2229,0.3162,0.2466,0.1844
CUST1011592,2026-06,0.6923,0.2365,0.5008,0.4131,0.2784,0.1341
CUST1011593,2026-06,0.5157,0.5323,0.4521,0.4145,0.3454,0.2282
CUST1011594,2026-06,0.4194,0.1429,0.128,0.5821,0.2996,0.1527
CUST1011595,2026-06,0.3313,0.4609,0.3797,0.4004,0.4052,0.0982
CUST1011596,2026-06,0.5662,0.3617,0.3141,0.3036,0.3051,0.2965
CUST1011597,2026-06,0.3678,0.4235,0.6525,0.1045,0.4342,0.3218
CUST1011598,2026-06,0.3995,0.3768,0.0358,0.2619,0.4233,0.1912
CUST1011599,2026-06,0.348,0.425,0.5057,0.4408,0.2099,0.2822
CUST1011600,2026-06,0.1561,0.21,0.052,0.363,0.3049,0.127
CUST1011601,2026-06,0.4512,0.1132,0.1894,0.3297,0.2127,0.1849
CUST1011602,2026-06,0.3973,0.3126,0.3978,0.5978,0.5239,0.1805
CUST1011603,2026-06,0.6884,0.4104,0.4016,0.4413,0.2234,0.1921
CUST1011604,2026-06,0.5189,0.2234,0.4055,0.5152,0.4889,0.1756
CUST1011605,2026-06,0.227,0.4029,0.2563,0.3484,0.4906,0.2793
CUST1011606,2026-06,0.6664,0.2598,0.3797,0.386,0.2574,0.1453
CUST1011607,2026-06,0.5283,0.2385,0.5389,0.143,0.381,0.126
CUST1011608,2026-06,0.3154,0.1852,0.2977,0.3869,0.3716,0.567
CUST1011609,2026-06,0.3093,0.3533,0.2799,0.4456,0.3625,0.241
CUST1011610,2026-06,0.4543,0.3715,0.4066,0.4816,0.2916,0.1414
CUST1011611,2026-06,0.3928,0.0981,0.2087,0.2812,0.0383,0.1764
CUST1011612,2026-06,0.4363,0.3639,0.2317,0.0924,0.3517,0.3518
CUST1011613,2026-06,0.3066,0.3819,0.5857,0.1937,0.4142,0.215
CUST1011614,2026-06,0.5715,0.3388,0.5024,0.4828,0.5993,0.185
CUST1011615,2026-06,0.5175,0.5871,0.509,0.4097,0.3877,0.0479
CUST1011616,2026-06,0.2995,0.5293,0.4373,0.2725,0.3797,0.3481
CUST1011617,2026-06,0.3415,0.149,0.2676,0.2869,0.3175,0.0690999999999999
CUST1011618,2026-06,0.5098,0.4157,0.6748,0.1391,0.3907,0.1405
CUST1011619,2026-06,0.5769,0.1902,0.4388,0.3836,0.319,0.0964
CUST1011620,2026-06,0.5501,0.4141,0.4825,0.5885,0.3952,0.1247
CUST1011621,2026-06,0.6254,0.1818,0.2627,0.5859,0.2746,0.1499
CUST1011622,2026-06,0.4293,0.3504,0.0208,0.2038,0.3408,0.0775
CUST1011623,2026-06,0.5966,0.2601,0.4667,0.2641,0.3558,0.3256
CUST1011624,2026-06,0.6478,0.2008,0.28,0.201,0.2837,0.1423
CUST1011625,2026-06,0.5035,0.3548,0.1849,0.4832,0.5077,0.1576
CUST1011626,2026-06,0.6227,0.0486,0.1439,0.2408,0.1021,0.2214
CUST1011627,2026-06,0.6852,0.4723,0.556,0.1711,0.2332,0.2487
CUST1011628,2026-06,0.7136,0.4673,0.4595,0.4315,0.4102,0.0845999999999999
CUST1011629,2026-06,0.4495,0.2629,0.2967,0.3727,0.2227,0.0186
CUST1011630,2026-06,0.3242,0.4709,0.4742,0.3017,0.3702,0.0857
CUST1011631,2026-06,0.3621,0.3665,0.4,0.3385,0.4628,0.0775
CUST1011632,2026-06,0.6288,0.5515,0.3558,0.4281,0.3951,0.1807
CUST1011633,2026-06,0.3385,0.3491,0.3059,0.2764,0.5415,0.1782
CUST1011634,2026-06,0.2185,0.2623,0.1877,0.4183,0.5335,0.2077
CUST1011635,2026-06,0.2339,0.1225,0.4415,0.032,0.3633,0.1585
CUST1011636,2026-06,0.3195,0.5123,0.3096,0.3905,0.2636,0.0926
CUST1011637,2026-06,0.523,0.3998,0.4946,0.2208,0.305,0.1483
CUST1011638,2026-06,0.6035,0.4498,0.2134,0.4435,0.2602,0.1056
CUST1011639,2026-06,0.4943,0.342,0.5307,0.2576,0.3175,0.2348
CUST1011640,2026-06,0.3452,0.5344,0.3895,0.2447,0.2676,0.2782
CUST1011641,2026-06,0.5977,0.441,0.2221,0.3821,0.2492,0.5665
CUST1011642,2026-06,0.4576,0.4652,0.2841,0.5429,0.2081,0.1301
CUST1011643,2026-06,0.5758,0.1263,0.4787,0.3758,0.2378,0.3012
CUST1011644,2026-06,0.6083,0.5072,0.4816,0.4322,0.2568,0.1841
CUST1011645,2026-06,0.1831,0.3085,0.1021,0.423,0.2085,0.0309
CUST1011646,2026-06,0.3316,0.3429,0.5727,0.6187,0.2477,0.4443
CUST1011647,2026-06,0.1339,0.2679,0.2506,0.1635,0.4745,0.1515
CUST1011648,2026-06,0.2708,0.223,0.4572,0.0512,0.5385,0.1733
CUST1011649,2026-06,0.5216,0.3765,0.1142,0.3381,0.3763,0.2298
CUST1011650,2026-06,0.6794,0.5369,0.3857,0.2054,0.1039,0.1624
CUST1011651,2026-06,0.0861,0.117,0.2856,0.2278,0.2424,0.0482
CUST1011652,2026-06,0.4982,0.6081,0.6041,0.5544,0.4202,0.2619
CUST1011653,2026-06,0.4592,0.2569,0.3348,0.3624,0.5162,0.2167
CUST1011654,2026-06,0.4617,0.2799,0.3732,0.3356,0.3009,0.2702
CUST1011655,2026-06,0.441,0.01,0.2264,0.3713,0.315,0.2684
CUST1011656,2026-06,0.7523,0.3598,0.4409,0.45,0.1032,0.0522
CUST1011657,2026-06,0.6167,0.2392,0.3234,0.3275,0.2305,0.2365
CUST1011658,2026-06,0.5144,0.568,0.353,0.2444,0.322,0.0527
CUST1011659,2026-06,0.4452,0.2901,0.6224,0.482,0.2577,0.1825
CUST1011660,2026-06,0.2643,0.2681,0.5205,0.3506,0.3166,0.6078
CUST1011661,2026-06,0.4067,0.4502,0.5336,0.425,0.4236,0.2481
CUST1011662,2026-06,0.4615,0.2584,0.3652,0.2644,0.2287,0.1297
CUST1011663,2026-06,0.4315,0.0897,0.1491,0.3042,0.382,0.0714999999999999
CUST1011664,2026-06,0.0803,0.1775,0.2005,0.2171,0.3885,0.1902
CUST1011665,2026-06,0.3991,0.3858,0.2747,0.4332,0.3675,0.0919
CUST1011666,2026-06,0.6556,0.1589,0.3267,0.5974,0.2391,0.2863
CUST1011667,2026-06,0.5111,0.4544,0.29,0.3484,0.3323,0.0782999999999999
CUST1011668,2026-06,0.519,0.01,0.0926,0.3536,0.2188,0.3056
CUST1011669,2026-06,0.4466,0.1337,0.3806,0.0487,0.6052,0.2705
CUST1011670,2026-06,0.6014,0.2101,0.3983,0.5495,0.3501,0.1714
CUST1011671,2026-06,0.4311,0.4661,0.4455,0.4631,0.5116,0.1733
CUST1011672,2026-06,0.6816,0.1335,0.5591,0.2841,0.2463,0.3117
CUST1011673,2026-06,0.6044,0.3144,0.5444,0.3774,0.4435,0.3889
CUST1011674,2026-06,0.5433,0.2829,0.5443,0.5246,0.2379,0.1735
CUST1011675,2026-06,0.4239,0.4948,0.5407,0.5064,0.3241,0.1748
CUST1011676,2026-06,0.4097,0.3487,0.4771,0.4675,0.3233,0.0542
CUST1011677,2026-06,0.0553,0.2612,0.1649,0.4605,0.3572,0.1528
CUST1011678,2026-06,0.529,0.103,0.2023,0.5958,0.3291,0.1632
CUST1011679,2026-06,0.3092,0.0674,0.1427,0.2319,0.3558,0.3397
CUST1011680,2026-06,0.3318,0.2605,0.1024,0.2411,0.3404,0.1879
CUST1011681,2026-06,0.1068,0.2089,0.1422,0.1303,0.381,0.2604
CUST1011682,2026-06,0.4447,0.388,0.355,0.4445,0.4027,0.1772
CUST1011683,2026-06,0.5169,0.2658,0.7255,0.1416,0.4145,0.2579
CUST1011684,2026-06,0.3716,0.4881,0.4366,0.5114,0.506,0.1702
CUST1011685,2026-06,0.4502,0.5386,0.6723,0.4029,0.3854,0.2508
CUST1011686,2026-06,0.1766,0.2733,0.0854,0.5611,0.5942,0.2659
CUST1011687,2026-06,0.3334,0.01,0.1386,0.4504,0.3079,0.7472
CUST1011688,2026-06,0.3847,0.519,0.3218,0.4861,0.3877,0.05
CUST1011689,2026-06,0.5924,0.248,0.2776,0.3616,0.3107,0.219
CUST1011690,2026-06,0.2511,0.2984,0.3576,0.5632,0.4633,0.2819
CUST1011691,2026-06,0.3035,0.4954,0.3763,0.3023,0.1896,0.5264
CUST1011692,2026-06,0.3157,0.313,0.0306,0.1613,0.2474,0.2459
CUST1011693,2026-06,0.2929,0.2466,0.282,0.4182,0.654,0.2292
CUST1011694,2026-06,0.1631,0.01,0.2419,0.3777,0.4548,0.0252
CUST1011695,2026-06,0.3417,0.1444,0.308,0.5606,0.5559,0.0536
CUST1011696,2026-06,0.3116,0.261,0.1639,0.3294,0.2918,0.1781
CUST1011697,2026-06,0.3164,0.3706,0.7546,0.1845,0.3592,0.1631
CUST1011698,2026-06,0.3767,0.3936,0.3733,0.2454,0.4913,0.1951
CUST1011699,2026-06,0.4002,0.1701,0.3493,0.4559,0.1861,0.1588
CUST1011700,2026-06,0.4337,0.4853,0.44,0.2878,0.3742,0.1657
CUST1011701,2026-06,0.4443,0.503,0.616,0.394,0.4669,0.2844
CUST1011702,2026-06,0.1804,0.2543,0.3201,0.3729,0.404,0.2539
CUST1011703,2026-06,0.2833,0.4409,0.1667,0.2274,0.3612,0.131
CUST1011704,2026-06,0.608,0.4532,0.4436,0.4866,0.4434,0.1428
CUST1011705,2026-06,0.5641,0.2418,0.3238,0.2113,0.2941,0.2176
CUST1011706,2026-06,0.3988,0.5131,0.3993,0.4717,0.3832,0.4162
CUST1011707,2026-06,0.4581,0.4899,0.3807,0.5344,0.4353,0.1741
CUST1011708,2026-06,0.1681,0.01,0.037,0.5075,0.4611,0.5649
CUST1011709,2026-06,0.634,0.4526,0.5143,0.4356,0.3743,0.1931
CUST1011710,2026-06,0.613,0.4089,0.398,0.4603,0.1334,0.1898
CUST1011711,2026-06,0.3479,0.5689,0.7212,0.6052,0.2659,0.1852
CUST1011712,2026-06,0.6156,0.261,0.3191,0.2978,0.266,0.1895
CUST1011713,2026-06,0.0453,0.4945,0.4287,0.2597,0.4073,0.0296
CUST1011714,2026-06,0.3185,0.4629,0.4747,0.3928,0.2023,0.1158
CUST1011715,2026-06,0.3049,0.5043,0.3457,0.1968,0.5096,0.2442
CUST1011716,2026-06,0.2209,0.358,0.2572,0.3679,0.2517,0.1271
CUST1011717,2026-06,0.4095,0.2807,0.247,0.5272,0.3527,0.4878
CUST1011718,2026-06,0.4261,0.5122,0.4519,0.2465,0.5505,0.2269
CUST1011719,2026-06,0.7252,0.3996,0.4594,0.3612,0.4014,0.2279
CUST1011720,2026-06,0.4839,0.4042,0.6065,0.2586,0.4099,0.097
CUST1011721,2026-06,0.5544,0.4705,0.4948,0.46,0.417,0.1438
CUST1011722,2026-06,0.5533,0.3014,0.567,0.3446,0.2624,0.1025
CUST1011723,2026-06,0.4537,0.4421,0.2947,0.2068,0.4248,0.1741
CUST1011724,2026-06,0.1217,0.1756,0.084,0.1275,0.2821,0.1606
CUST1011725,2026-06,0.3919,0.1007,0.1348,0.1788,0.3892,0.1372
CUST1011726,2026-06,0.4821,0.333,0.328,0.4339,0.1725,0.3548
CUST1011727,2026-06,0.3666,0.1662,0.01,0.2206,0.2986,0.1673
CUST1011728,2026-06,0.1448,0.2257,0.2244,0.2062,0.3808,0.1011
CUST1011729,2026-06,0.4283,0.0767,0.0857,0.381,0.194,0.3078
CUST1011730,2026-06,0.5409,0.6178,0.5451,0.3888,0.2897,0.0859999999999999
CUST1011731,2026-06,0.1597,0.01,0.1634,0.4583,0.3179,0.2865
CUST1011732,2026-06,0.6015,0.2349,0.3317,0.2807,0.3825,0.3793
CUST1011733,2026-06,0.4422,0.5597,0.4031,0.1587,0.404,0.1913
CUST1011734,2026-06,0.5458,0.1217,0.1189,0.3278,0.1894,0.1752
CUST1011735,2026-06,0.4908,0.4038,0.2563,0.556,0.325,0.1748
CUST1011736,2026-06,0.3391,0.257,0.112,0.3609,0.3998,0.5662
CUST1011737,2026-06,0.195,0.3574,0.084,0.3027,0.4035,0.1531
CUST1011738,2026-06,0.444,0.3697,0.575,0.4524,0.4101,0.0745
CUST1011739,2026-06,0.1548,0.4418,0.1092,0.2363,0.2404,0.06
CUST1011740,2026-06,0.58,0.2665,0.5016,0.2316,0.2707,0.6089
CUST1011741,2026-06,0.3371,0.2753,0.1068,0.246,0.2429,0.1823
CUST1011742,2026-06,0.299,0.1437,0.1265,0.3646,0.2645,0.1636
CUST1011743,2026-06,0.2526,0.4451,0.3712,0.3645,0.3806,0.1732
CUST1011744,2026-06,0.3493,0.4012,0.4044,0.2226,0.4673,0.1348
CUST1011745,2026-06,0.2338,0.4375,0.5894,0.45,0.3945,0.187
CUST1011746,2026-06,0.4552,0.4541,0.497,0.2589,0.3603,0.1704
CUST1011747,2026-06,0.1688,0.01,0.01,0.2097,0.1839,0.1328
CUST1011748,2026-06,0.6635,0.372,0.5199,0.279,0.3768,0.0774
CUST1011749,2026-06,0.718,0.1183,0.5639,0.472,0.1951,0.3934
CUST1011750,2026-06,0.4707,0.5266,0.3514,0.2602,0.5744,0.1752
CUST1011751,2026-06,0.3929,0.4303,0.5892,0.4599,0.2389,0.1396
CUST1011752,2026-06,0.4359,0.5502,0.3514,0.2279,0.4322,0.1924
CUST1011753,2026-06,0.345,0.4561,0.251,0.3715,0.4329,0.0727
CUST1011754,2026-06,0.198,0.0767999999999999,0.1294,0.3708,0.1737,0.1795
CUST1011755,2026-06,0.6101,0.139,0.5279,0.4446,0.3121,0.132
CUST1011756,2026-06,0.4826,0.2996,0.1636,0.3681,0.4545,0.176
CUST1011757,2026-06,0.4922,0.3895,0.5235,0.4949,0.4899,0.01
CUST1011758,2026-06,0.3321,0.1117,0.0989,0.4895,0.3389,0.2185
CUST1011759,2026-06,0.4145,0.1431,0.3456,0.1754,0.4266,0.6865
CUST1011760,2026-06,0.6874,0.1851,0.3945,0.3062,0.1358,0.1956
CUST1011761,2026-06,0.4283,0.3735,0.4689,0.4898,0.3609,0.2188
CUST1011762,2026-06,0.2369,0.2297,0.3134,0.2647,0.219,0.129
CUST1011763,2026-06,0.2206,0.01,0.0968,0.1544,0.4688,0.184
CUST1011764,2026-06,0.362,0.4775,0.4444,0.5719,0.227,0.6897
CUST1011765,2026-06,0.6273,0.2738,0.4505,0.0138,0.3961,0.2635
CUST1011766,2026-06,0.7132,0.4779,0.4088,0.5026,0.5032,0.2127
CUST1011767,2026-06,0.7137,0.1311,0.5773,0.2197,0.2513,0.2329
CUST1011768,2026-06,0.3881,0.1065,0.2268,0.0529,0.0619,0.2957
CUST1011769,2026-06,0.3138,0.1443,0.2089,0.3976,0.7128,0.1018
CUST1011770,2026-06,0.6743,0.2951,0.2406,0.3435,0.215,0.2095
CUST1011771,2026-06,0.7643,0.5304,0.3061,0.4456,0.3193,0.1445
CUST1011772,2026-06,0.2713,0.2551,0.0951,0.4729,0.4753,0.1886
CUST1011773,2026-06,0.5972,0.2649,0.5121,0.4679,0.3247,0.2771
CUST1011774,2026-06,0.5874,0.3643,0.5417,0.3424,0.3539,0.2156
CUST1011775,2026-06,0.3548,0.482,0.397,0.1097,0.172,0.351
CUST1011776,2026-06,0.5556,0.4122,0.4967,0.4919,0.1999,0.2371
CUST1011777,2026-06,0.705,0.4568,0.2745,0.3815,0.2398,0.0245
CUST1011778,2026-06,0.6973,0.4026,0.4045,0.556,0.3018,0.2361
CUST1011779,2026-06,0.296,0.3498,0.6253,0.4259,0.542,0.349
CUST1011780,2026-06,0.3861,0.4523,0.7309,0.48,0.2253,0.1939
CUST1011781,2026-06,0.4311,0.2441,0.4586,0.5471,0.1773,0.0445
CUST1011782,2026-06,0.653,0.4125,0.4733,0.3839,0.3466,0.0748999999999999
CUST1011783,2026-06,0.1138,0.3543,0.0842,0.0892,0.3903,0.3109
CUST1011784,2026-06,0.5016,0.5212,0.4299,0.454,0.4572,0.1958
CUST1011785,2026-06,0.5357,0.2129,0.3454,0.4438,0.6201,0.1873
CUST1011786,2026-06,0.3826,0.3374,0.7505,0.4696,0.4002,0.1087
CUST1011787,2026-06,0.6268,0.4992,0.2662,0.1888,0.4676,0.01
CUST1011788,2026-06,0.4078,0.3282,0.474,0.437,0.4942,0.1743
CUST1011789,2026-06,0.6993,0.2109,0.3548,0.54,0.2253,0.3277
CUST1011790,2026-06,0.4787,0.1279,0.2682,0.3726,0.2721,0.2021
CUST1011791,2026-06,0.6976,0.3534,0.5355,0.1796,0.2876,0.3426
CUST1011792,2026-06,0.6096,0.1863,0.5205,0.3578,0.1963,0.1599
CUST1011793,2026-06,0.01,0.0743,0.2198,0.1343,0.3261,0.1926
CUST1011794,2026-06,0.7868,0.3342,0.2865,0.2574,0.356,0.26
CUST1011795,2026-06,0.2103,0.3884,0.0814,0.1902,0.2026,0.3167
CUST1011796,2026-06,0.479,0.3427,0.3385,0.3088,0.4289,0.2095
CUST1011797,2026-06,0.6874,0.5184,0.377,0.2748,0.3476,0.2227
CUST1011798,2026-06,0.3767,0.4444,0.4861,0.3418,0.3508,0.2068
CUST1011799,2026-06,0.4412,0.1992,0.612,0.5858,0.3555,0.0878
CUST1011800,2026-06,0.4701,0.2116,0.3507,0.1697,0.2466,0.1122
CUST1011801,2026-06,0.7281,0.3133,0.4941,0.6299,0.364,0.3117
CUST1011802,2026-06,0.3977,0.4943,0.4105,0.3664,0.2296,0.5838
CUST1011803,2026-06,0.3166,0.3002,0.2863,0.3652,0.5288,0.2026
CUST1011804,2026-06,0.6312,0.5751,0.3478,0.4111,0.2217,0.1971
CUST1011805,2026-06,0.2579,0.0869999999999999,0.2883,0.265,0.2604,0.1782
CUST1011806,2026-06,0.3931,0.01,0.1387,0.3115,0.3631,0.227
CUST1011807,2026-06,0.2534,0.5345,0.2532,0.2788,0.4473,0.1576
CUST1011808,2026-06,0.6334,0.3024,0.5378,0.2932,0.0581,0.1957
CUST1011809,2026-06,0.1422,0.2451,0.2195,0.1459,0.3814,0.3268
CUST1011810,2026-06,0.8248,0.6431,0.4386,0.3839,0.0223,0.0189
CUST1011811,2026-06,0.3059,0.2326,0.4834,0.169,0.3881,0.0955
CUST1011812,2026-06,0.3994,0.0361,0.1408,0.2038,0.2362,0.1609
CUST1011813,2026-06,0.4672,0.2797,0.4471,0.0995999999999999,0.6769,0.2707
CUST1011814,2026-06,0.4651,0.1513,0.2446,0.3662,0.3723,0.1099
CUST1011815,2026-06,0.5773,0.6094,0.4011,0.4502,0.2293,0.1245
CUST1011816,2026-06,0.1759,0.3544,0.1696,0.3422,0.3189,0.2432
CUST1011817,2026-06,0.7065,0.3428,0.4591,0.4865,0.2197,0.107
CUST1011818,2026-06,0.2418,0.245,0.1533,0.4206,0.2819,0.2267
CUST1011819,2026-06,0.4747,0.1443,0.1415,0.5271,0.3193,0.0261
CUST1011820,2026-06,0.7568,0.3356,0.3628,0.1431,0.2309,0.142
CUST1011821,2026-06,0.3212,0.3997,0.3843,0.4423,0.2935,0.1644
CUST1011822,2026-06,0.5052,0.1516,0.4447,0.3621,0.3088,0.2835
CUST1011823,2026-06,0.3109,0.4263,0.4374,0.2029,0.2411,0.0825
CUST1011824,2026-06,0.2524,0.01,0.0343,0.2377,0.3901,0.2204
CUST1011825,2026-06,0.6583,0.2959,0.314,0.5054,0.5003,0.1731
CUST1011826,2026-06,0.3852,0.3275,0.313,0.3385,0.3789,0.1043
CUST1011827,2026-06,0.4783,0.01,0.0506,0.5131,0.3719,0.1678
CUST1011828,2026-06,0.428,0.4187,0.7102,0.3462,0.3014,0.2085
CUST1011829,2026-06,0.4963,0.6441,0.554,0.2813,0.3045,0.2407
CUST1011830,2026-06,0.2897,0.0839,0.1551,0.3724,0.2454,0.7388
CUST1011831,2026-06,0.5092,0.2378,0.5037,0.1823,0.2683,0.2323
CUST1011832,2026-06,0.6705,0.4361,0.371,0.5338,0.3078,0.1378
CUST1011833,2026-06,0.4553,0.411,0.347,0.2855,0.2417,0.1232
CUST1011834,2026-06,0.0475,0.2094,0.1301,0.3376,0.492,0.2094
CUST1011835,2026-06,0.3133,0.2285,0.2154,0.3507,0.5463,0.1218
CUST1011836,2026-06,0.5482,0.0619,0.01,0.38,0.2994,0.1265
CUST1011837,2026-06,0.2473,0.152,0.2992,0.1366,0.456,0.1046
CUST1011838,2026-06,0.6607,0.1616,0.4051,0.4323,0.2061,0.286
CUST1011839,2026-06,0.6136,0.1585,0.2725,0.1105,0.1783,0.2061
CUST1011840,2026-06,0.4054,0.3901,0.3047,0.3977,0.3059,0.6743
CUST1011841,2026-06,0.2886,0.01,0.287,0.135,0.3373,0.2146
CUST1011842,2026-06,0.6166,0.0238,0.4722,0.3408,0.2791,0.2988
CUST1011843,2026-06,0.4636,0.4688,0.3986,0.3661,0.6966,0.1703
CUST1011844,2026-06,0.3367,0.328,0.4586,0.4803,0.3253,0.2315
CUST1011845,2026-06,0.3991,0.06,0.1017,0.3323,0.5776,0.2134
CUST1011846,2026-06,0.3192,0.1382,0.01,0.324,0.2062,0.6385
CUST1011847,2026-06,0.4527,0.281,0.2687,0.3481,0.2471,0.1346
CUST1011848,2026-06,0.4738,0.5939,0.4608,0.4889,0.3176,0.1556
CUST1011849,2026-06,0.3544,0.5079,0.3231,0.1976,0.0704,0.5971
CUST1011850,2026-06,0.6321,0.43,0.5768,0.3818,0.2752,0.176
CUST1011851,2026-06,0.4976,0.2713,0.4414,0.3455,0.5193,0.2807
CUST1011852,2026-06,0.4211,0.2576,0.0418,0.4259,0.2062,0.1816
CUST1011853,2026-06,0.4706,0.4802,0.3558,0.4994,0.4335,0.1147
CUST1011854,2026-06,0.4785,0.0115,0.1521,0.3305,0.3031,0.2028
CUST1011855,2026-06,0.3658,0.3281,0.5497,0.4352,0.289,0.214
CUST1011856,2026-06,0.2844,0.2904,0.0959,0.4492,0.2409,0.1432
CUST1011857,2026-06,0.5941,0.1566,0.3796,0.3567,0.1571,0.1929
CUST1011858,2026-06,0.4971,0.2063,0.2187,0.2481,0.2739,0.7259
CUST1011859,2026-06,0.4075,0.3674,0.3598,0.2587,0.2872,0.1784
CUST1011860,2026-06,0.4256,0.4107,0.7749,0.4584,0.3349,0.2309
CUST1011861,2026-06,0.5546,0.195,0.4558,0.0743999999999999,0.1606,0.2138
CUST1011862,2026-06,0.5469,0.3148,0.3346,0.1334,0.2965,0.1315
CUST1011863,2026-06,0.336,0.329,0.6183,0.1124,0.3763,0.1263
CUST1011864,2026-06,0.4848,0.01,0.1182,0.2708,0.3974,0.1243
CUST1011865,2026-06,0.6123,0.1522,0.3303,0.01,0.331,0.3305
CUST1011866,2026-06,0.4602,0.2392,0.4386,0.3234,0.3909,0.1488
CUST1011867,2026-06,0.3594,0.3027,0.4736,0.402,0.4335,0.1717
CUST1011868,2026-06,0.4333,0.4369,0.3647,0.2779,0.2885,0.1243
CUST1011869,2026-06,0.2568,0.3888,0.2299,0.5094,0.438,0.1016
CUST1011870,2026-06,0.3155,0.1266,0.211,0.1854,0.414,0.3612
CUST1011871,2026-06,0.6219,0.5244,0.4424,0.3144,0.2046,0.2491
CUST1011872,2026-06,0.236,0.3103,0.055,0.2069,0.3727,0.0567
CUST1011873,2026-06,0.72,0.01,0.337,0.1644,0.3406,0.3305
CUST1011874,2026-06,0.3183,0.0690999999999999,0.2908,0.2752,0.3855,0.1953
CUST1011875,2026-06,0.2426,0.2366,0.2845,0.2463,0.3976,0.1653
CUST1011876,2026-06,0.1646,0.3699,0.1248,0.2667,0.3398,0.1712
CUST1011877,2026-06,0.3163,0.1967,0.3286,0.4353,0.3628,0.1841
CUST1011878,2026-06,0.3381,0.3931,0.3808,0.536,0.454,0.1616
CUST1011879,2026-06,0.5254,0.4007,0.3241,0.4083,0.4243,0.1139
CUST1011880,2026-06,0.5404,0.3171,0.4143,0.2418,0.368,0.1165
CUST1011881,2026-06,0.1762,0.1959,0.1151,0.3384,0.3033,0.0663
CUST1011882,2026-06,0.4601,0.4393,0.3783,0.4175,0.3258,0.2379
CUST1011883,2026-06,0.4286,0.5337,0.4508,0.1223,0.3427,0.1945
CUST1011884,2026-06,0.6866,0.5118,0.146,0.5648,0.2016,0.1635
CUST1011885,2026-06,0.6002,0.1201,0.2217,0.5018,0.1717,0.2319
CUST1011886,2026-06,0.3402,0.2564,0.2694,0.2244,0.3621,0.1837
CUST1011887,2026-06,0.5298,0.01,0.2604,0.2935,0.1064,0.2113
CUST1011888,2026-06,0.278,0.0838,0.1503,0.3295,0.2445,0.1821
CUST1011889,2026-06,0.3561,0.1692,0.1612,0.2506,0.5945,0.0792
CUST1011890,2026-06,0.2315,0.363,0.3273,0.2529,0.2767,0.5724
CUST1011891,2026-06,0.583,0.4111,0.5062,0.5111,0.1948,0.1523
CUST1011892,2026-06,0.5853,0.01,0.3675,0.3553,0.6303,0.0396
CUST1011893,2026-06,0.7027,0.01,0.6461,0.2129,0.2918,0.2568
CUST1011894,2026-06,0.2257,0.2396,0.3195,0.1803,0.3781,0.3073
CUST1011895,2026-06,0.4786,0.4443,0.6244,0.6039,0.4092,0.01
CUST1011896,2026-06,0.4276,0.2455,0.4647,0.1872,0.3057,0.097
CUST1011897,2026-06,0.1229,0.2675,0.2063,0.3043,0.5262,0.0614
CUST1011898,2026-06,0.4792,0.01,0.0241,0.1406,0.2378,0.1794
CUST1011899,2026-06,0.7273,0.6482,0.5584,0.3737,0.3438,0.2576
CUST1011900,2026-06,0.486,0.1774,0.1733,0.1606,0.3171,0.2745
CUST1011901,2026-06,0.3989,0.473,0.3164,0.5487,0.4724,0.0675999999999999
CUST1011902,2026-06,0.4769,0.2476,0.5051,0.3662,0.3536,0.1542
CUST1011903,2026-06,0.5117,0.1768,0.2121,0.3654,0.1858,0.4709
CUST1011904,2026-06,0.4659,0.5469,0.3441,0.2605,0.4383,0.3189
CUST1011905,2026-06,0.5762,0.4084,0.4231,0.6493,0.2443,0.2991
CUST1011906,2026-06,0.3987,0.4426,0.4817,0.3312,0.4155,0.1586
CUST1011907,2026-06,0.3844,0.1085,0.3515,0.2831,0.384,0.2441
CUST1011908,2026-06,0.5699,0.2842,0.4153,0.2329,0.3454,0.1747
CUST1011909,2026-06,0.4578,0.1732,0.1407,0.2941,0.2563,0.1183
CUST1011910,2026-06,0.6264,0.1912,0.2633,0.4575,0.2768,0.2508
CUST1011911,2026-06,0.4621,0.3613,0.308,0.3485,0.2011,0.1918
CUST1011912,2026-06,0.4808,0.4854,0.3856,0.3621,0.3575,0.1235
CUST1011913,2026-06,0.2967,0.1934,0.2047,0.511,0.2429,0.1511
CUST1011914,2026-06,0.3036,0.3297,0.1792,0.3148,0.3575,0.1004
CUST1011915,2026-06,0.7019,0.23,0.4361,0.4048,0.2542,0.2343
CUST1011916,2026-06,0.1362,0.2893,0.4092,0.2157,0.3977,0.177
CUST1011917,2026-06,0.3423,0.3072,0.5495,0.6262,0.381,0.1827
CUST1011918,2026-06,0.4074,0.0167,0.1839,0.0219,0.1786,0.4443
CUST1011919,2026-06,0.1738,0.404,0.1611,0.2771,0.319,0.0985999999999999
CUST1011920,2026-06,0.3121,0.1219,0.2189,0.5031,0.2774,0.1911
CUST1011921,2026-06,0.4391,0.5374,0.2337,0.4206,0.2929,0.1913
CUST1011922,2026-06,0.4348,0.01,0.1052,0.3125,0.1948,0.359
CUST1011923,2026-06,0.6113,0.5823,0.3781,0.3139,0.4128,0.1448
CUST1011924,2026-06,0.3358,0.1723,0.4844,0.329,0.3553,0.227
CUST1011925,2026-06,0.5896,0.1354,0.3742,0.2729,0.2499,0.6609
CUST1011926,2026-06,0.3778,0.3598,0.1434,0.2924,0.288,0.2778
CUST1011927,2026-06,0.3559,0.4602,0.4118,0.4447,0.2388,0.3274
CUST1011928,2026-06,0.6414,0.2878,0.316,0.4154,0.2568,0.2159
CUST1011929,2026-06,0.2865,0.3221,0.403,0.5335,0.2409,0.2131
CUST1011930,2026-06,0.4778,0.448,0.7421,0.4342,0.4582,0.2148
CUST1011931,2026-06,0.4298,0.4809,0.3435,0.4317,0.295,0.0748
CUST1011932,2026-06,0.7048,0.1596,0.7535,0.468,0.224,0.1527
CUST1011933,2026-06,0.2792,0.4258,0.4867,0.2932,0.1457,0.2667
CUST1011934,2026-06,0.6098,0.1722,0.2486,0.4649,0.1617,0.2439
CUST1011935,2026-06,0.6498,0.3416,0.5662,0.6171,0.4271,0.1789
CUST1011936,2026-06,0.6402,0.2469,0.4444,0.3233,0.2234,0.1869
CUST1011937,2026-06,0.656,0.1165,0.3789,0.3991,0.2411,0.0515
CUST1011938,2026-06,0.44,0.3136,0.2287,0.433,0.3311,0.1338
CUST1011939,2026-06,0.1575,0.4023,0.2448,0.3462,0.3815,0.5541
CUST1011940,2026-06,0.3359,0.1957,0.3099,0.421,0.2582,0.1934
CUST1011941,2026-06,0.2426,0.3165,0.01,0.4057,0.5704,0.2312
CUST1011942,2026-06,0.4582,0.2627,0.7204,0.2169,0.1982,0.2321
CUST1011943,2026-06,0.5229,0.2794,0.2342,0.4188,0.3537,0.0753999999999999
CUST1011944,2026-06,0.4145,0.01,0.1172,0.2182,0.227,0.3616
CUST1011945,2026-06,0.4743,0.3097,0.4755,0.2095,0.2788,0.01
CUST1011946,2026-06,0.2106,0.01,0.0187,0.1703,0.4685,0.1488
CUST1011947,2026-06,0.2939,0.3055,0.2819,0.2655,0.3104,0.1389
CUST1011948,2026-06,0.327,0.4212,0.288,0.3486,0.3476,0.0475
CUST1011949,2026-06,0.6015,0.3731,0.4667,0.5055,0.2188,0.2737
CUST1011950,2026-06,0.4699,0.01,0.125,0.4341,0.3544,0.2066
CUST1011951,2026-06,0.3425,0.318,0.6896,0.2918,0.3412,0.1547
CUST1011952,2026-06,0.3535,0.3919,0.3852,0.4723,0.5346,0.0844
CUST1011953,2026-06,0.3605,0.4131,0.3909,0.5307,0.3625,0.1337
CUST1011954,2026-06,0.4202,0.3656,0.439,0.3004,0.167,0.7738
CUST1011955,2026-06,0.1695,0.1494,0.01,0.3187,0.3915,0.2364
CUST1011956,2026-06,0.4914,0.0411,0.1022,0.2918,0.2558,0.2792
CUST1011957,2026-06,0.3575,0.0435,0.198,0.0108,0.307,0.2334
CUST1011958,2026-06,0.3287,0.4434,0.4294,0.3923,0.3142,0.1012
CUST1011959,2026-06,0.4133,0.1353,0.4578,0.4108,0.5281,0.0621
CUST1011960,2026-06,0.5126,0.2659,0.3545,0.1577,0.2516,0.2048
CUST1011961,2026-06,0.7683,0.4197,0.5266,0.5626,0.3767,0.1218
CUST1011962,2026-06,0.4099,0.1125,0.2313,0.0976,0.3728,0.2363
CUST1011963,2026-06,0.2182,0.326,0.1347,0.5402,0.2998,0.2176
CUST1011964,2026-06,0.3904,0.5002,0.4324,0.3265,0.381,0.158
CUST1011965,2026-06,0.3232,0.2804,0.4873,0.5423,0.4324,0.122
CUST1011966,2026-06,0.4506,0.4474,0.2132,0.5113,0.3489,0.1306
CUST1011967,2026-06,0.3246,0.2055,0.2232,0.1429,0.5474,0.2016
CUST1011968,2026-06,0.2336,0.2309,0.1599,0.5369,0.3153,0.1102
CUST1011969,2026-06,0.6608,0.1386,0.3286,0.4543,0.3889,0.2714
CUST1011970,2026-06,0.4412,0.3826,0.4797,0.6835,0.2036,0.1725
CUST1011971,2026-06,0.5683,0.054,0.2925,0.4605,0.2476,0.0651
CUST1011972,2026-06,0.5513,0.4695,0.5296,0.3223,0.278,0.2925
CUST1011973,2026-06,0.4962,0.3798,0.2549,0.4975,0.4419,0.1612
CUST1011974,2026-06,0.6748,0.1688,0.6168,0.341,0.2402,0.1934
CUST1011975,2026-06,0.4512,0.3224,0.3262,0.4679,0.2817,0.01
CUST1011976,2026-06,0.5716,0.1303,0.3673,0.4466,0.0775,0.2329
CUST1011977,2026-06,0.4195,0.5147,0.4844,0.5405,0.3715,0.208
CUST1011978,2026-06,0.6218,0.117,0.2048,0.3879,0.3277,0.1744
CUST1011979,2026-06,0.1776,0.3143,0.135,0.3149,0.6992,0.1417
CUST1011980,2026-06,0.5805,0.3533,0.3313,0.5154,0.1654,0.2959
CUST1011981,2026-06,0.7242,0.212,0.357,0.4009,0.3219,0.1886
CUST1011982,2026-06,0.7125,0.3483,0.443,0.5056,0.3441,0.1001
CUST1011983,2026-06,0.2688,0.0177,0.246,0.2435,0.2821,0.216
CUST1011984,2026-06,0.7237,0.1608,0.364,0.3295,0.4589,0.2484
CUST1011985,2026-06,0.3533,0.2429,0.5231,0.2868,0.3268,0.0733
CUST1011986,2026-06,0.504,0.4593,0.6523,0.3876,0.3161,0.2565
CUST1011987,2026-06,0.6517,0.248,0.3797,0.3398,0.3942,0.2038
CUST1011988,2026-06,0.4403,0.2368,0.5328,0.4383,0.3898,0.1754
CUST1011989,2026-06,0.6478,0.4525,0.2313,0.4243,0.2593,0.2257
CUST1011990,2026-06,0.3393,0.2217,0.3006,0.4196,0.2141,0.2356
CUST1011991,2026-06,0.4516,0.3506,0.5224,0.2982,0.3761,0.1895
CUST1011992,2026-06,0.4899,0.455,0.4229,0.4937,0.4482,0.0801999999999999
CUST1011993,2026-06,0.3419,0.4553,0.6031,0.3876,0.2626,0.1262
CUST1011994,2026-06,0.6272,0.5041,0.7594,0.3496,0.4083,0.2138
CUST1011995,2026-06,0.4002,0.4783,0.6345,0.454,0.447,0.1176
CUST1011996,2026-06,0.3984,0.3781,0.4779,0.3603,0.406,0.196
CUST1011997,2026-06,0.4113,0.314,0.4241,0.5435,0.3671,0.2022
CUST1011998,2026-06,0.3179,0.2689,0.1306,0.3059,0.3409,0.2448
CUST1011999,2026-06,0.6099,0.3358,0.2694,0.4645,0.3614,0.1485
CUST1012000,2026-06,0.7701,0.3599,0.3704,0.318,0.2562,0.2362
CUST1012001,2026-06,0.5145,0.4009,0.4031,0.3089,0.3762,0.2479
CUST1012002,2026-06,0.362,0.5348,0.4875,0.4455,0.5051,0.2594
CUST1012003,2026-06,0.4265,0.3487,0.3953,0.4068,0.3877,0.1819
CUST1012004,2026-06,0.3565,0.2679,0.352,0.258,0.2614,0.1537
CUST1012005,2026-06,0.2616,0.2442,0.2841,0.4604,0.4372,0.2161
CUST1012006,2026-06,0.2695,0.2871,0.4912,0.1381,0.4134,0.262
CUST1012007,2026-06,0.6651,0.16,0.2454,0.4334,0.338,0.2236
CUST1012008,2026-06,0.5627,0.1066,0.2469,0.3292,0.2831,0.1859
CUST1012009,2026-06,0.3777,0.3879,0.7621,0.4957,0.2965,0.0704
CUST1012010,2026-06,0.5107,0.3901,0.4824,0.2819,0.3385,0.1202
CUST1012011,2026-06,0.362,0.1106,0.3834,0.3424,0.251,0.3022
CUST1012012,2026-06,0.4382,0.4479,0.3681,0.3452,0.4586,0.2673
CUST1012013,2026-06,0.2233,0.0504,0.3147,0.2714,0.3317,0.1897
CUST1012014,2026-06,0.5176,0.511,0.5091,0.4043,0.3551,0.1498
CUST1012015,2026-06,0.2358,0.1795,0.4583,0.4167,0.3904,0.2406
CUST1012016,2026-06,0.5133,0.2627,0.3828,0.3543,0.2828,0.1199
CUST1012017,2026-06,0.6478,0.136,0.5958,0.409,0.3707,0.318
CUST1012018,2026-06,0.2063,0.1288,0.3065,0.2795,0.5148,0.2234
CUST1012019,2026-06,0.634,0.5088,0.5081,0.1102,0.3078,0.2175
CUST1012020,2026-06,0.6083,0.4495,0.3742,0.2733,0.3107,0.1345
CUST1012021,2026-06,0.0823,0.3192,0.2217,0.4837,0.2962,0.1418
CUST1012022,2026-06,0.5732,0.2449,0.7748,0.2912,0.2332,0.239
CUST1012023,2026-06,0.604,0.1144,0.3762,0.4647,0.3651,0.2796
CUST1012024,2026-06,0.0893999999999999,0.1003,0.2896,0.4233,0.4198,0.1953
CUST1012025,2026-06,0.3915,0.185,0.4508,0.1726,0.3588,0.1904
CUST1012026,2026-06,0.6619,0.1914,0.3377,0.3108,0.2609,0.2932
CUST1012027,2026-06,0.5111,0.0769,0.1741,0.5074,0.2639,0.1177
CUST1012028,2026-06,0.5558,0.3772,0.5811,0.4328,0.3616,0.1206
CUST1012029,2026-06,0.3659,0.2019,0.0246,0.4064,0.4522,0.1183
CUST1012030,2026-06,0.2821,0.01,0.0389,0.3016,0.1414,0.1458
CUST1012031,2026-06,0.4548,0.2884,0.6424,0.3402,0.3191,0.1647
CUST1012032,2026-06,0.2668,0.3215,0.4036,0.4148,0.2897,0.2316
CUST1012033,2026-06,0.5578,0.5409,0.4961,0.4015,0.4035,0.01
CUST1012034,2026-06,0.5243,0.3925,0.4987,0.2869,0.3383,0.1551
CUST1012035,2026-06,0.4089,0.1799,0.2171,0.3306,0.3791,0.4111
CUST1012036,2026-06,0.5402,0.01,0.01,0.1869,0.2995,0.0194
CUST1012037,2026-06,0.4622,0.3742,0.3381,0.2936,0.209,0.2718
CUST1012038,2026-06,0.5433,0.0961,0.2509,0.3967,0.3894,0.3567
CUST1012039,2026-06,0.6716,0.1623,0.6707,0.01,0.1765,0.1409
CUST1012040,2026-06,0.4688,0.3791,0.5546,0.294,0.271,0.3468
CUST1012041,2026-06,0.3382,0.1941,0.0377,0.1587,0.2849,0.0101
CUST1012042,2026-06,0.4013,0.3759,0.6359,0.3804,0.279,0.4924
CUST1012043,2026-06,0.6563,0.3174,0.6153,0.318,0.1909,0.3259
CUST1012044,2026-06,0.4957,0.4945,0.4318,0.3246,0.3464,0.2833
CUST1012045,2026-06,0.2728,0.271,0.1583,0.2663,0.4535,0.1132
CUST1012046,2026-06,0.5367,0.3235,0.4539,0.4503,0.4953,0.1771
CUST1012047,2026-06,0.2303,0.3481,0.1801,0.2657,0.129,0.1025
CUST1012048,2026-06,0.3827,0.2725,0.5526,0.4426,0.2857,0.2959
CUST1012049,2026-06,0.2504,0.0969,0.0816,0.1649,0.2114,0.2756
CUST1012050,2026-06,0.3752,0.1412,0.1022,0.2899,0.3176,0.1314
CUST1012051,2026-06,0.4776,0.4658,0.5447,0.434,0.3674,0.1988
CUST1012052,2026-06,0.4636,0.3971,0.3044,0.4737,0.0671,0.4897
CUST1012053,2026-06,0.1501,0.1583,0.153,0.092,0.4515,0.1352
CUST1012054,2026-06,0.446,0.2365,0.4494,0.5173,0.2869,0.3256
CUST1012055,2026-06,0.5342,0.4809,0.4966,0.4769,0.2691,0.1956
CUST1012056,2026-06,0.2981,0.3579,0.4222,0.4137,0.3977,0.0979
CUST1012057,2026-06,0.3559,0.2961,0.4253,0.3297,0.5159,0.1654
CUST1012058,2026-06,0.3347,0.526,0.6201,0.2059,0.4615,0.1867
CUST1012059,2026-06,0.3271,0.3909,0.1924,0.4546,0.3955,0.0487
CUST1012060,2026-06,0.2693,0.3052,0.2361,0.1812,0.5048,0.1173
CUST1012061,2026-06,0.2832,0.3178,0.0656,0.4629,0.4499,0.1688
CUST1012062,2026-06,0.5395,0.2652,0.1002,0.075,0.3014,0.0735
CUST1012063,2026-06,0.399,0.2254,0.2612,0.3056,0.5856,0.2153
CUST1012064,2026-06,0.2349,0.2417,0.0743,0.2573,0.0407,0.2336
CUST1012065,2026-06,0.427,0.1939,0.334,0.177,0.3082,0.1357
CUST1012066,2026-06,0.6698,0.1782,0.5075,0.4227,0.1408,0.2209
CUST1012067,2026-06,0.2961,0.3313,0.5534,0.3106,0.4073,0.2429
CUST1012068,2026-06,0.3604,0.4954,0.3181,0.1972,0.3434,0.1384
CUST1012069,2026-06,0.2604,0.1941,0.1998,0.3361,0.213,0.182
CUST1012070,2026-06,0.5805,0.4545,0.3818,0.5968,0.3166,0.2136
CUST1012071,2026-06,0.4432,0.01,0.3035,0.0461,0.1914,0.2595
CUST1012072,2026-06,0.5303,0.2615,0.567,0.391,0.6622,0.1825
CUST1012073,2026-06,0.4145,0.3314,0.4905,0.4638,0.3959,0.2104
CUST1012074,2026-06,0.4425,0.5269,0.6074,0.4967,0.598,0.085
CUST1012075,2026-06,0.2618,0.0908999999999999,0.2413,0.0646,0.2078,0.2322
CUST1012076,2026-06,0.4587,0.5118,0.7526,0.3946,0.4168,0.2506
CUST1012077,2026-06,0.7429,0.2447,0.3901,0.3901,0.121,0.2183
CUST1012078,2026-06,0.4088,0.249,0.3577,0.1331,0.5807,0.1023
CUST1012079,2026-06,0.2135,0.5233,0.7048,0.0857,0.3097,0.0921
CUST1012080,2026-06,0.5263,0.4278,0.5157,0.1869,0.4388,0.0228
CUST1012081,2026-06,0.4669,0.4354,0.6339,0.207,0.3157,0.1677
CUST1012082,2026-06,0.4426,0.0539,0.2504,0.0671,0.2155,0.2296
CUST1012083,2026-06,0.2257,0.075,0.1339,0.2702,0.4025,0.1712
CUST1012084,2026-06,0.3844,0.2294,0.1326,0.4029,0.4684,0.1305
CUST1012085,2026-06,0.302,0.01,0.2976,0.3239,0.1685,0.3297
CUST1012086,2026-06,0.5895,0.2544,0.534,0.3864,0.3393,0.1312
CUST1012087,2026-06,0.497,0.3225,0.4961,0.3252,0.3093,0.1099
CUST1012088,2026-06,0.4297,0.3205,0.4327,0.2942,0.3564,0.2407
CUST1012089,2026-06,0.3601,0.1732,0.0364,0.14,0.2046,0.5101
CUST1012090,2026-06,0.1654,0.2243,0.1576,0.3369,0.4285,0.3376
CUST1012091,2026-06,0.3806,0.3812,0.3396,0.4596,0.4204,0.0995
CUST1012092,2026-06,0.468,0.2003,0.3419,0.3663,0.5354,0.1231
CUST1012093,2026-06,0.4213,0.4687,0.2777,0.3192,0.0826,0.516
CUST1012094,2026-06,0.0958,0.238,0.3512,0.3444,0.4173,0.0163
CUST1012095,2026-06,0.7191,0.169,0.4089,0.3455,0.3728,0.2342
CUST1012096,2026-06,0.7915,0.2783,0.4307,0.4801,0.2355,0.2675
CUST1012097,2026-06,0.4872,0.2671,0.3796,0.2957,0.4719,0.2641
CUST1012098,2026-06,0.4644,0.5301,0.479,0.4566,0.5214,0.1109
CUST1012099,2026-06,0.2584,0.2801,0.4147,0.4394,0.3297,0.1959
CUST1012100,2026-06,0.3283,0.4787,0.6986,0.2024,0.3147,0.1907
CUST1012101,2026-06,0.4407,0.0434,0.1421,0.3319,0.4196,0.0279
CUST1012102,2026-06,0.555,0.343,0.6828,0.5416,0.3039,0.1048
CUST1012103,2026-06,0.4911,0.1093,0.2056,0.5404,0.2711,0.0653
CUST1012104,2026-06,0.5439,0.3966,0.2899,0.2683,0.3064,0.0811
CUST1012105,2026-06,0.0709999999999999,0.3153,0.2517,0.2735,0.356,0.1561
CUST1012106,2026-06,0.4531,0.4189,0.6831,0.3752,0.3391,0.135
CUST1012107,2026-06,0.1793,0.2275,0.2455,0.2637,0.2666,0.251
CUST1012108,2026-06,0.5133,0.1466,0.4682,0.4556,0.262,0.5911
CUST1012109,2026-06,0.5672,0.2729,0.3,0.5923,0.2488,0.0727
CUST1012110,2026-06,0.3342,0.3403,0.3475,0.3479,0.3131,0.1866
CUST1012111,2026-06,0.4408,0.1413,0.1905,0.3453,0.5118,0.1536
CUST1012112,2026-06,0.4072,0.4596,0.6609,0.1721,0.0446,0.0912
CUST1012113,2026-06,0.738,0.0311,0.3027,0.3271,0.3391,0.2372
CUST1012114,2026-06,0.194,0.1486,0.1408,0.4943,0.2984,0.2669
CUST1012115,2026-06,0.1382,0.0499,0.0617,0.4883,0.3885,0.5726
CUST1012116,2026-06,0.4999,0.4441,0.2645,0.1078,0.4036,0.2017
CUST1012117,2026-06,0.3635,0.3312,0.6025,0.3174,0.4256,0.2761
CUST1012118,2026-06,0.4343,0.3826,0.4876,0.446,0.4502,0.1847
CUST1012119,2026-06,0.4204,0.4865,0.5277,0.3393,0.3845,0.1996
CUST1012120,2026-06,0.4436,0.01,0.0848,0.0649,0.279,0.2265
CUST1012121,2026-06,0.4703,0.01,0.1155,0.4891,0.2786,0.1526
CUST1012122,2026-06,0.3147,0.4408,0.4207,0.4198,0.2561,0.1843
CUST1012123,2026-06,0.3567,0.4551,0.5426,0.3788,0.3697,0.1269
CUST1012124,2026-06,0.3712,0.5434,0.3677,0.4386,0.3728,0.154
CUST1012125,2026-06,0.3358,0.3738,0.0627999999999999,0.2335,0.189,0.2415
CUST1012126,2026-06,0.3691,0.4184,0.3621,0.4014,0.3607,0.5735
CUST1012127,2026-06,0.3291,0.5512,0.3704,0.2906,0.3985,0.299
CUST1012128,2026-06,0.4174,0.4832,0.453,0.4355,0.3633,0.1035
CUST1012129,2026-06,0.2216,0.2644,0.229,0.1749,0.4193,0.288
CUST1012130,2026-06,0.4547,0.1837,0.5432,0.3839,0.2057,0.228
CUST1012131,2026-06,0.367,0.0593,0.5824,0.2144,0.2537,0.2067
CUST1012132,2026-06,0.6788,0.3909,0.4189,0.4542,0.3284,0.1461
CUST1012133,2026-06,0.46,0.3335,0.557,0.4902,0.4374,0.1579
CUST1012134,2026-06,0.2269,0.01,0.01,0.1319,0.1064,0.644
CUST1012135,2026-06,0.1198,0.3199,0.2857,0.3571,0.456,0.1836
CUST1012136,2026-06,0.1047,0.1416,0.1963,0.2492,0.1701,0.1368
CUST1012137,2026-06,0.4482,0.3596,0.4296,0.211,0.2208,0.1511
CUST1012138,2026-06,0.4804,0.2647,0.5142,0.3563,0.1298,0.3356
CUST1012139,2026-06,0.4913,0.5178,0.627,0.4303,0.429,0.1787
CUST1012140,2026-06,0.5501,0.3414,0.7069,0.3797,0.4878,0.2611
CUST1012141,2026-06,0.3797,0.4025,0.3558,0.4349,0.358,0.2381
CUST1012142,2026-06,0.44,0.2797,0.4345,0.4684,0.2821,0.2638
CUST1012143,2026-06,0.4781,0.4705,0.6384,0.3865,0.2211,0.1114
CUST1012144,2026-06,0.6085,0.1295,0.3663,0.4394,0.3091,0.2171
CUST1012145,2026-06,0.3336,0.4913,0.4607,0.4198,0.46,0.1537
CUST1012146,2026-06,0.4761,0.4881,0.4026,0.4083,0.273,0.1847
CUST1012147,2026-06,0.3272,0.5093,0.3464,0.2531,0.4194,0.1589
CUST1012148,2026-06,0.3243,0.1841,0.01,0.4632,0.3506,0.2983
CUST1012149,2026-06,0.4334,0.039,0.0557,0.2257,0.3605,0.1883
CUST1012150,2026-06,0.206,0.3098,0.2817,0.1647,0.3451,0.255
CUST1012151,2026-06,0.352,0.37,0.2007,0.4379,0.4156,0.1434
CUST1012152,2026-06,0.61,0.3509,0.4298,0.5121,0.2943,0.0576
CUST1012153,2026-06,0.8027,0.4598,0.6016,0.4061,0.2531,0.1708
CUST1012154,2026-06,0.2573,0.0182,0.1802,0.1162,0.1649,0.8285
CUST1012155,2026-06,0.6665,0.4695,0.7158,0.407,0.4013,0.1641
CUST1012156,2026-06,0.534,0.1612,0.616,0.3077,0.4251,0.0966999999999999
CUST1012157,2026-06,0.5062,0.345,0.5996,0.5656,0.2635,0.2504
CUST1012158,2026-06,0.7505,0.3331,0.4802,0.5529,0.0634,0.0488
CUST1012159,2026-06,0.5021,0.1865,0.1963,0.2143,0.2807,0.2855
CUST1012160,2026-06,0.3215,0.3317,0.3894,0.4084,0.264,0.195
CUST1012161,2026-06,0.188,0.3222,0.01,0.2519,0.4418,0.0879999999999999
CUST1012162,2026-06,0.2799,0.4567,0.4708,0.5226,0.3328,0.1378
CUST1012163,2026-06,0.3711,0.0405,0.3875,0.4994,0.1923,0.1193
CUST1012164,2026-06,0.5556,0.2764,0.4608,0.1668,0.1793,0.1634
CUST1012165,2026-06,0.6334,0.3736,0.4329,0.5737,0.2729,0.0475
CUST1012166,2026-06,0.519,0.3527,0.0709,0.4187,0.3501,0.2673
CUST1012167,2026-06,0.3734,0.5943,0.3836,0.3082,0.4731,0.1562
CUST1012168,2026-06,0.2768,0.0866,0.173,0.1912,0.1044,0.2834
CUST1012169,2026-06,0.5457,0.2907,0.376,0.2754,0.3346,0.2421
CUST1012170,2026-06,0.1458,0.1308,0.167,0.1635,0.2231,0.3039
CUST1012171,2026-06,0.5162,0.3703,0.6537,0.0903999999999999,0.4056,0.2945
CUST1012172,2026-06,0.1986,0.2323,0.1781,0.3201,0.3861,0.1864
CUST1012173,2026-06,0.4679,0.2723,0.4654,0.2676,0.4271,0.065
CUST1012174,2026-06,0.6769,0.2648,0.549,0.4727,0.3661,0.1367
CUST1012175,2026-06,0.5881,0.4941,0.4137,0.3424,0.4304,0.2321
CUST1012176,2026-06,0.2212,0.4608,0.5605,0.1521,0.515,0.1945
CUST1012177,2026-06,0.2139,0.2355,0.0167,0.2571,0.4383,0.1446
CUST1012178,2026-06,0.6594,0.3299,0.4784,0.4246,0.3283,0.2088
CUST1012179,2026-06,0.5465,0.4638,0.5348,0.3589,0.3603,0.2424
CUST1012180,2026-06,0.1995,0.01,0.234,0.4896,0.4729,0.3344
CUST1012181,2026-06,0.746,0.3342,0.6142,0.4068,0.3667,0.2121
CUST1012182,2026-06,0.435,0.3477,0.4054,0.4624,0.3438,0.1653
CUST1012183,2026-06,0.463,0.01,0.2031,0.375,0.2229,0.1175
CUST1012184,2026-06,0.5489,0.416,0.3079,0.0461,0.3038,0.2236
CUST1012185,2026-06,0.4164,0.4999,0.4685,0.2869,0.2301,0.2341
CUST1012186,2026-06,0.438,0.0296,0.1104,0.3015,0.1244,0.5598
CUST1012187,2026-06,0.3713,0.3273,0.5397,0.2706,0.4609,0.0167
CUST1012188,2026-06,0.3809,0.1033,0.2908,0.3876,0.4463,0.1066
CUST1012189,2026-06,0.6414,0.3012,0.4159,0.4082,0.1985,0.2922
CUST1012190,2026-06,0.3057,0.2786,0.3658,0.4491,0.3489,0.2262
CUST1012191,2026-06,0.1769,0.4308,0.214,0.3411,0.2725,0.0394
CUST1012192,2026-06,0.3719,0.5693,0.188,0.4773,0.2062,0.3455
CUST1012193,2026-06,0.3342,0.1639,0.3787,0.5485,0.3132,0.01
CUST1012194,2026-06,0.7138,0.319,0.4345,0.4291,0.3229,0.0964
CUST1012195,2026-06,0.5526,0.3557,0.3951,0.4207,0.2357,0.1993
CUST1012196,2026-06,0.6919,0.3635,0.5266,0.3749,0.2633,0.2699
CUST1012197,2026-06,0.7266,0.3975,0.395,0.4766,0.3427,0.1403
CUST1012198,2026-06,0.4817,0.4682,0.2851,0.2604,0.3271,0.0305
CUST1012199,2026-06,0.5512,0.4041,0.5779,0.4076,0.4667,0.2108
CUST1012200,2026-06,0.4553,0.3338,0.5575,0.4898,0.2049,0.2304
CUST1012201,2026-06,0.5931,0.2738,0.5723,0.4487,0.3019,0.2001
CUST1012202,2026-06,0.4714,0.2183,0.2067,0.3941,0.2984,0.1765
CUST1012203,2026-06,0.2039,0.209,0.1435,0.2665,0.3237,0.2068
CUST1012204,2026-06,0.5155,0.2444,0.4534,0.5298,0.2256,0.3945
CUST1012205,2026-06,0.5438,0.293,0.4713,0.5428,0.5398,0.0885
CUST1012206,2026-06,0.7027,0.4265,0.5184,0.1861,0.2479,0.0456
CUST1012207,2026-06,0.4298,0.3586,0.3771,0.4356,0.2995,0.1946
CUST1012208,2026-06,0.3909,0.6095,0.4296,0.4746,0.5855,0.1054
CUST1012209,2026-06,0.2453,0.2244,0.24,0.1227,0.3145,0.0639
CUST1012210,2026-06,0.3164,0.1585,0.2353,0.4389,0.4782,0.2365
CUST1012211,2026-06,0.46,0.4071,0.3914,0.382,0.5954,0.0913
CUST1012212,2026-06,0.3667,0.5705,0.266,0.4392,0.247,0.2571
CUST1012213,2026-06,0.546,0.3905,0.3325,0.3969,0.3722,0.1762
CUST1012214,2026-06,0.474,0.6293,0.6263,0.3016,0.4371,0.2196
CUST1012215,2026-06,0.4382,0.4363,0.5849,0.3873,0.3386,0.1427
CUST1012216,2026-06,0.6349,0.1614,0.3393,0.4478,0.0951,0.196
CUST1012217,2026-06,0.5689,0.3728,0.4623,0.2644,0.4133,0.1028
CUST1012218,2026-06,0.5679,0.3758,0.4115,0.0796999999999999,0.3348,0.1886
CUST1012219,2026-06,0.6083,0.1592,0.3657,0.4409,0.2515,0.154
CUST1012220,2026-06,0.5128,0.3223,0.433,0.4871,0.4259,0.0341
CUST1012221,2026-06,0.2825,0.0596,0.1965,0.196,0.689,0.1487
CUST1012222,2026-06,0.3267,0.2691,0.7488,0.493,0.3479,0.1686
CUST1012223,2026-06,0.6194,0.3753,0.5935,0.4964,0.4912,0.105
CUST1012224,2026-06,0.6732,0.2548,0.4276,0.5232,0.4064,0.1974
CUST1012225,2026-06,0.2457,0.4556,0.1159,0.4623,0.2725,0.23
CUST1012226,2026-06,0.4478,0.3536,0.5634,0.4506,0.5209,0.2025
CUST1012227,2026-06,0.4108,0.1113,0.115,0.1918,0.1218,0.6091
CUST1012228,2026-06,0.6185,0.3283,0.5866,0.3748,0.4599,0.2303
CUST1012229,2026-06,0.0593,0.2764,0.1706,0.123,0.375,0.1436
CUST1012230,2026-06,0.4402,0.3869,0.4073,0.4739,0.4648,0.2719
CUST1012231,2026-06,0.1953,0.2887,0.1399,0.0671,0.6415,0.0772
CUST1012232,2026-06,0.4562,0.4098,0.4742,0.4766,0.3868,0.1655
CUST1012233,2026-06,0.5059,0.1298,0.1762,0.4761,0.2035,0.2789
CUST1012234,2026-06,0.8815,0.2291,0.5041,0.4483,0.4332,0.229
CUST1012235,2026-06,0.2312,0.2951,0.2901,0.2575,0.3566,0.1304
CUST1012236,2026-06,0.4983,0.6605,0.351,0.2444,0.4138,0.2026
CUST1012237,2026-06,0.688,0.5016,0.3269,0.6652,0.3942,0.131
CUST1012238,2026-06,0.1385,0.243,0.2069,0.2407,0.4233,0.0806
CUST1012239,2026-06,0.3019,0.01,0.1384,0.1451,0.1261,0.2743
CUST1012240,2026-06,0.4772,0.3844,0.5983,0.4132,0.3214,0.0394
CUST1012241,2026-06,0.7669,0.1929,0.2225,0.2267,0.1748,0.2311
CUST1012242,2026-06,0.2847,0.3877,0.4279,0.4588,0.2354,0.0563
CUST1012243,2026-06,0.0964,0.3771,0.3699,0.2497,0.4046,0.1704
CUST1012244,2026-06,0.4471,0.4005,0.5179,0.3943,0.3441,0.0925
CUST1012245,2026-06,0.3194,0.1367,0.3621,0.27,0.3703,0.1279
CUST1012246,2026-06,0.2666,0.0421,0.1659,0.4727,0.4335,0.3033
CUST1012247,2026-06,0.583,0.2912,0.4033,0.5603,0.1619,0.103
CUST1012248,2026-06,0.5969,0.1326,0.4208,0.3725,0.2748,0.2851
CUST1012249,2026-06,0.2114,0.2139,0.1132,0.3373,0.6287,0.0695
CUST1012250,2026-06,0.3383,0.4719,0.4367,0.0861,0.431,0.1049
CUST1012251,2026-06,0.4584,0.3295,0.6362,0.5905,0.1403,0.0981
CUST1012252,2026-06,0.252,0.115,0.1208,0.5477,0.4846,0.1215
CUST1012253,2026-06,0.0794,0.2812,0.3792,0.4195,0.1587,0.702
CUST1012254,2026-06,0.3896,0.445,0.3446,0.2853,0.2422,0.1299
CUST1012255,2026-06,0.5248,0.154,0.2872,0.3018,0.3827,0.1864
CUST1012256,2026-06,0.1889,0.146,0.0891,0.25,0.284,0.0748
CUST1012257,2026-06,0.4856,0.3141,0.421,0.477,0.4804,0.1193
CUST1012258,2026-06,0.2284,0.3716,0.4959,0.26,0.4016,0.0606
CUST1012259,2026-06,0.5553,0.4885,0.4242,0.5251,0.4063,0.1294
CUST1012260,2026-06,0.409,0.5258,0.4667,0.6058,0.4982,0.1344
CUST1012261,2026-06,0.1541,0.3773,0.01,0.2703,0.3138,0.2237
CUST1012262,2026-06,0.4612,0.3851,0.4881,0.5034,0.4495,0.1425
CUST1012263,2026-06,0.5894,0.3547,0.467,0.6427,0.2654,0.1313
CUST1012264,2026-06,0.0823,0.2697,0.1147,0.1695,0.2882,0.3348
CUST1012265,2026-06,0.7539,0.3653,0.4307,0.5259,0.2115,0.1794
CUST1012266,2026-06,0.4545,0.0448,0.1412,0.3112,0.1995,0.2652
CUST1012267,2026-06,0.6514,0.4322,0.4851,0.3964,0.3063,0.0889
CUST1012268,2026-06,0.5514,0.2254,0.5207,0.3111,0.14,0.2256
CUST1012269,2026-06,0.4708,0.2529,0.273,0.4229,0.3606,0.0464
CUST1012270,2026-06,0.1841,0.0845999999999999,0.1757,0.0924,0.666,0.1314
CUST1012271,2026-06,0.5022,0.2405,0.1544,0.1219,0.4655,0.1369
CUST1012272,2026-06,0.4382,0.295,0.4889,0.1252,0.2207,0.6903
CUST1012273,2026-06,0.4212,0.0641,0.2176,0.4591,0.1579,0.3106
CUST1012274,2026-06,0.5527,0.4319,0.5932,0.4549,0.5363,0.1648
CUST1012275,2026-06,0.1709,0.2833,0.1434,0.2128,0.0872,0.2346
CUST1012276,2026-06,0.6361,0.3697,0.624,0.4649,0.4276,0.1915
CUST1012277,2026-06,0.1818,0.2285,0.2198,0.2919,0.3206,0.179
CUST1012278,2026-06,0.2558,0.155,0.0774,0.01,0.5626,0.2338
CUST1012279,2026-06,0.6495,0.4312,0.5103,0.3701,0.2331,0.2815
CUST1012280,2026-06,0.3887,0.4524,0.5296,0.3452,0.3617,0.2813
CUST1012281,2026-06,0.5655,0.2265,0.4702,0.2326,0.5465,0.1234
CUST1012282,2026-06,0.4871,0.4323,0.4527,0.6176,0.3221,0.3264
CUST1012283,2026-06,0.4245,0.1897,0.3778,0.3384,0.5699,0.0515
CUST1012284,2026-06,0.3929,0.3156,0.1548,0.5728,0.275,0.3262
CUST1012285,2026-06,0.2401,0.01,0.1527,0.0606,0.1933,0.1816
CUST1012286,2026-06,0.2943,0.1642,0.2113,0.4593,0.4951,0.1736
CUST1012287,2026-06,0.3359,0.1092,0.0253,0.439,0.2884,0.7583
CUST1012288,2026-06,0.279,0.2447,0.2757,0.5281,0.1973,0.1773
CUST1012289,2026-06,0.5003,0.2643,0.2468,0.5068,0.5151,0.1567
CUST1012290,2026-06,0.2615,0.0183,0.2669,0.0961999999999999,0.3364,0.2083
CUST1012291,2026-06,0.5216,0.1667,0.3623,0.3092,0.2731,0.2159
CUST1012292,2026-06,0.1864,0.4102,0.3934,0.2278,0.4172,0.1106
CUST1012293,2026-06,0.3085,0.1457,0.4392,0.2962,0.3245,0.1495
CUST1012294,2026-06,0.3685,0.1163,0.3638,0.1227,0.4349,0.185
CUST1012295,2026-06,0.4004,0.423,0.4984,0.31,0.2731,0.1641
CUST1012296,2026-06,0.4954,0.01,0.157,0.254,0.3564,0.3799
CUST1012297,2026-06,0.7502,0.4485,0.6723,0.6594,0.1754,0.3402
CUST1012298,2026-06,0.3818,0.4855,0.4982,0.3504,0.4146,0.1872
CUST1012299,2026-06,0.4533,0.0882,0.1684,0.3906,0.3114,0.1235
CUST1012300,2026-06,0.6904,0.0917,0.3637,0.3462,0.1456,0.0546
CUST1012301,2026-06,0.494,0.0506,0.1642,0.1681,0.2805,0.2547
CUST1012302,2026-06,0.4126,0.3376,0.628,0.2994,0.3175,0.1247
CUST1012303,2026-06,0.2171,0.2698,0.2687,0.0366,0.4332,0.1944
CUST1012304,2026-06,0.6118,0.3651,0.2699,0.6125,0.3089,0.0738999999999999
CUST1012305,2026-06,0.3904,0.01,0.1728,0.209,0.2185,0.2384
CUST1012306,2026-06,0.495,0.2093,0.5506,0.3744,0.3716,0.1404
CUST1012307,2026-06,0.4274,0.4218,0.5863,0.3822,0.55,0.1772
CUST1012308,2026-06,0.6291,0.4142,0.4357,0.5937,0.5362,0.0954
CUST1012309,2026-06,0.1702,0.1233,0.2182,0.3235,0.3492,0.2024
CUST1012310,2026-06,0.535,0.3757,0.4195,0.6061,0.3341,0.2243
CUST1012311,2026-06,0.647,0.2345,0.5558,0.1804,0.3902,0.1788
CUST1012312,2026-06,0.2508,0.172,0.012,0.2249,0.447,0.2229
CUST1012313,2026-06,0.5355,0.1808,0.1895,0.4115,0.242,0.1598
CUST1012314,2026-06,0.6718,0.5685,0.5118,0.4354,0.2274,0.1253
CUST1012315,2026-06,0.7854,0.2161,0.4741,0.332,0.1734,0.2148
CUST1012316,2026-06,0.454,0.0969,0.5763,0.4151,0.6408,0.2933
CUST1012317,2026-06,0.045,0.279,0.1308,0.01,0.4247,0.3748
CUST1012318,2026-06,0.437,0.271,0.4357,0.2869,0.567,0.0695
CUST1012319,2026-06,0.4742,0.2883,0.1174,0.4451,0.1321,0.1006
CUST1012320,2026-06,0.4894,0.4083,0.3883,0.4015,0.5595,0.1678
CUST1012321,2026-06,0.4829,0.2329,0.4479,0.2419,0.3405,0.3626
CUST1012322,2026-06,0.5172,0.5863,0.3341,0.3719,0.316,0.2581
CUST1012323,2026-06,0.7248,0.1228,0.4621,0.6287,0.3016,0.1278
CUST1012324,2026-06,0.2381,0.2778,0.1078,0.2382,0.4122,0.2026
CUST1012325,2026-06,0.4476,0.3222,0.4896,0.4454,0.5462,0.2339
CUST1012326,2026-06,0.4986,0.4174,0.5524,0.53,0.3236,0.1757
CUST1012327,2026-06,0.5977,0.2561,0.4209,0.523,0.421,0.0365
CUST1012328,2026-06,0.2815,0.2528,0.2471,0.3354,0.3113,0.291
CUST1012329,2026-06,0.4148,0.43,0.6947,0.3107,0.316,0.5463
CUST1012330,2026-06,0.5686,0.2775,0.3291,0.4199,0.2863,0.1928
CUST1012331,2026-06,0.4968,0.4169,0.411,0.5127,0.2152,0.246
CUST1012332,2026-06,0.4972,0.3613,0.5309,0.5257,0.416,0.4026
CUST1012333,2026-06,0.4684,0.4341,0.475,0.5721,0.3035,0.134
CUST1012334,2026-06,0.5762,0.2322,0.4341,0.2975,0.2862,0.0756
CUST1012335,2026-06,0.5629,0.4259,0.4312,0.5716,0.5478,0.0859
CUST1012336,2026-06,0.3727,0.1202,0.1736,0.2314,0.2983,0.2965
CUST1012337,2026-06,0.2222,0.01,0.1535,0.0869999999999999,0.4675,0.2494
CUST1012338,2026-06,0.636,0.4395,0.5054,0.5158,0.5178,0.1729
CUST1012339,2026-06,0.4985,0.424,0.684,0.307,0.2891,0.2311
CUST1012340,2026-06,0.5621,0.3169,0.5601,0.5794,0.292,0.0689
CUST1012341,2026-06,0.4985,0.5169,0.4955,0.437,0.4301,0.1184
CUST1012342,2026-06,0.4467,0.0896,0.2424,0.5263,0.3354,0.1668
CUST1012343,2026-06,0.2804,0.4562,0.4695,0.1899,0.3196,0.0789
CUST1012344,2026-06,0.4042,0.4414,0.3661,0.1121,0.295,0.2298
CUST1012345,2026-06,0.1446,0.0939,0.1171,0.3468,0.4702,0.2397
CUST1012346,2026-06,0.7111,0.1683,0.4571,0.3409,0.2468,0.2762
CUST1012347,2026-06,0.5924,0.1564,0.3198,0.2882,0.18,0.1852
CUST1012348,2026-06,0.6264,0.2262,0.4799,0.324,0.1568,0.4417
CUST1012349,2026-06,0.3389,0.3884,0.2772,0.3343,0.3147,0.1705
CUST1012350,2026-06,0.4131,0.2296,0.2814,0.398,0.4223,0.1069
CUST1012351,2026-06,0.5149,0.2215,0.4025,0.6009,0.2433,0.0769
CUST1012352,2026-06,0.7099,0.083,0.5424,0.4363,0.3058,0.1588
CUST1012353,2026-06,0.4504,0.4287,0.57,0.4927,0.2232,0.2758
CUST1012354,2026-06,0.543,0.3812,0.5173,0.5132,0.3742,0.1205
CUST1012355,2026-06,0.1414,0.4303,0.1872,0.0813,0.5273,0.1187
CUST1012356,2026-06,0.363,0.01,0.2111,0.2459,0.2837,0.2199
CUST1012357,2026-06,0.388,0.5871,0.2154,0.4349,0.2066,0.209
CUST1012358,2026-06,0.3001,0.3095,0.1349,0.3004,0.4131,0.0864
CUST1012359,2026-06,0.7491,0.1769,0.4479,0.4946,0.2712,0.1049
CUST1012360,2026-06,0.6371,0.2913,0.5057,0.2867,0.342,0.2671
CUST1012361,2026-06,0.561,0.5458,0.4818,0.4211,0.3648,0.1195
CUST1012362,2026-06,0.4349,0.0761,0.6889,0.2245,0.2088,0.348
CUST1012363,2026-06,0.351,0.4943,0.4611,0.5154,0.3452,0.0821
CUST1012364,2026-06,0.2625,0.423,0.2723,0.4952,0.3942,0.1537
CUST1012365,2026-06,0.7058,0.4867,0.2309,0.4797,0.3575,0.1902
CUST1012366,2026-06,0.3345,0.4069,0.6028,0.2588,0.4295,0.1318
CUST1012367,2026-06,0.5159,0.4495,0.4746,0.3161,0.4236,0.3071
CUST1012368,2026-06,0.1861,0.115,0.1559,0.4847,0.4371,0.2715
CUST1012369,2026-06,0.4692,0.119,0.1605,0.3678,0.2814,0.0251
CUST1012370,2026-06,0.4032,0.2223,0.5344,0.1536,0.4662,0.3068
CUST1012371,2026-06,0.5299,0.01,0.0722,0.0604,0.2732,0.2
CUST1012372,2026-06,0.4973,0.2816,0.4304,0.4503,0.3404,0.3737
CUST1012373,2026-06,0.4259,0.3615,0.5905,0.5298,0.2825,0.2246
CUST1012374,2026-06,0.4495,0.4555,0.5411,0.1817,0.4632,0.2146
CUST1012375,2026-06,0.392,0.3807,0.3978,0.3063,0.4734,0.0481
CUST1012376,2026-06,0.6919,0.4294,0.2982,0.1226,0.2982,0.1891
CUST1012377,2026-06,0.1596,0.2732,0.0792,0.4407,0.333,0.6701
CUST1012378,2026-06,0.6041,0.3793,0.3564,0.5757,0.2893,0.1665
CUST1012379,2026-06,0.3851,0.4011,0.3942,0.3549,0.4007,0.2663
CUST1012380,2026-06,0.6305,0.4157,0.3657,0.3824,0.298,0.2162
CUST1012381,2026-06,0.5227,0.343,0.3845,0.3919,0.5568,0.2064
CUST1012382,2026-06,0.543,0.5373,0.3772,0.4267,0.3542,0.0868
CUST1012383,2026-06,0.6066,0.2754,0.4279,0.4399,0.3474,0.3106
CUST1012384,2026-06,0.142,0.01,0.0438,0.104,0.4224,0.0947
CUST1012385,2026-06,0.2894,0.1912,0.1482,0.4316,0.452,0.1944
CUST1012386,2026-06,0.3365,0.4263,0.3624,0.2689,0.3793,0.1521
CUST1012387,2026-06,0.7299,0.3729,0.478,0.5244,0.3325,0.1339
CUST1012388,2026-06,0.3051,0.1476,0.092,0.4224,0.514,0.1253
CUST1012389,2026-06,0.7504,0.3149,0.463,0.2825,0.01,0.2119
CUST1012390,2026-06,0.4588,0.4095,0.0668,0.3768,0.2997,0.0731
CUST1012391,2026-06,0.4403,0.01,0.01,0.1776,0.1982,0.1789
CUST1012392,2026-06,0.6279,0.4482,0.5486,0.5864,0.2041,0.2436
CUST1012393,2026-06,0.3721,0.4593,0.3968,0.2905,0.4383,0.1597
CUST1012394,2026-06,0.368,0.1413,0.4081,0.3216,0.4695,0.0689
CUST1012395,2026-06,0.3465,0.3819,0.1159,0.2013,0.5368,0.2003
CUST1012396,2026-06,0.5549,0.4646,0.3602,0.2405,0.241,0.2517
CUST1012397,2026-06,0.3699,0.4711,0.6068,0.1624,0.429,0.2107
CUST1012398,2026-06,0.6695,0.401,0.377,0.4594,0.3181,0.1274
CUST1012399,2026-06,0.5464,0.1144,0.4613,0.2335,0.2965,0.119
CUST1012400,2026-06,0.5983,0.0911,0.5448,0.2151,0.4594,0.0576
CUST1012401,2026-06,0.5886,0.1789,0.6551,0.2209,0.371,0.222
CUST1012402,2026-06,0.4749,0.5924,0.4791,0.1978,0.3882,0.2491
CUST1012403,2026-06,0.1933,0.3859,0.5823,0.5387,0.3599,0.2142
CUST1012404,2026-06,0.2561,0.236,0.1975,0.4526,0.2687,0.1353
CUST1012405,2026-06,0.3291,0.5231,0.4923,0.2727,0.3741,0.2903
CUST1012406,2026-06,0.4697,0.5176,0.4013,0.3324,0.4082,0.0534
CUST1012407,2026-06,0.3324,0.2561,0.0428,0.3057,0.3591,0.0953
CUST1012408,2026-06,0.4315,0.4203,0.647,0.4406,0.2475,0.1835
CUST1012409,2026-06,0.4065,0.2538,0.4716,0.1951,0.2624,0.0757
CUST1012410,2026-06,0.1637,0.4083,0.1548,0.2477,0.4193,0.2165
CUST1012411,2026-06,0.6227,0.3374,0.4519,0.432,0.1388,0.1262
CUST1012412,2026-06,0.535,0.3187,0.2755,0.4032,0.3202,0.0858
CUST1012413,2026-06,0.446,0.1023,0.0752,0.2824,0.1863,0.2403
CUST1012414,2026-06,0.2861,0.1852,0.1361,0.2536,0.2435,0.2694
CUST1012415,2026-06,0.2006,0.4864,0.3213,0.2576,0.4209,0.1847
CUST1012416,2026-06,0.5602,0.4909,0.4946,0.5272,0.2039,0.1527
CUST1012417,2026-06,0.3131,0.4519,0.314,0.5178,0.4348,0.1462
CUST1012418,2026-06,0.1897,0.096,0.0362,0.267,0.432,0.1573
CUST1012419,2026-06,0.4604,0.0623,0.1511,0.3657,0.2343,0.1278
CUST1012420,2026-06,0.1965,0.01,0.2206,0.4659,0.1793,0.1404
CUST1012421,2026-06,0.28,0.01,0.368,0.3113,0.3508,0.2616
CUST1012422,2026-06,0.6481,0.0903999999999999,0.579,0.4162,0.2829,0.01
CUST1012423,2026-06,0.01,0.2544,0.1697,0.247,0.3337,0.2372
CUST1012424,2026-06,0.4403,0.3556,0.2602,0.4888,0.5975,0.6116
CUST1012425,2026-06,0.3567,0.2048,0.2802,0.2525,0.2052,0.2976
CUST1012426,2026-06,0.5011,0.2253,0.5148,0.3863,0.4014,0.2842
CUST1012427,2026-06,0.5692,0.0339,0.2906,0.2432,0.2434,0.1999
CUST1012428,2026-06,0.6463,0.2009,0.575,0.427,0.2341,0.664
CUST1012429,2026-06,0.5388,0.5294,0.6214,0.4601,0.3144,0.233
CUST1012430,2026-06,0.8303,0.1416,0.4595,0.4856,0.0423,0.0961
CUST1012431,2026-06,0.6441,0.2164,0.4369,0.4827,0.3139,0.2355
CUST1012432,2026-06,0.5176,0.3419,0.3504,0.6216,0.4237,0.2904
CUST1012433,2026-06,0.1774,0.2888,0.01,0.4146,0.4801,0.291
CUST1012434,2026-06,0.4162,0.4495,0.3242,0.3353,0.4144,0.2249
CUST1012435,2026-06,0.673,0.5121,0.2934,0.2435,0.2476,0.1728
CUST1012436,2026-06,0.4443,0.3973,0.5003,0.3281,0.3844,0.2254
CUST1012437,2026-06,0.5542,0.4182,0.2726,0.3312,0.3263,0.2225
CUST1012438,2026-06,0.5748,0.2729,0.3063,0.4647,0.2098,0.1605
CUST1012439,2026-06,0.5625,0.1448,0.5071,0.2958,0.2875,0.14
CUST1012440,2026-06,0.4405,0.3079,0.6501,0.362,0.4242,0.1242
CUST1012441,2026-06,0.3765,0.2587,0.4391,0.326,0.5489,0.321
CUST1012442,2026-06,0.4878,0.4158,0.4863,0.6153,0.157,0.1382
CUST1012443,2026-06,0.4758,0.4279,0.3664,0.4188,0.5066,0.0948
CUST1012444,2026-06,0.4044,0.3919,0.3504,0.4468,0.3037,0.0536
CUST1012445,2026-06,0.1504,0.3354,0.0738,0.216,0.4098,0.3201
CUST1012446,2026-06,0.6255,0.0901,0.4089,0.4037,0.3642,0.02
CUST1012447,2026-06,0.4654,0.3282,0.4351,0.4597,0.5423,0.0753
CUST1012448,2026-06,0.5413,0.338,0.1779,0.4765,0.3816,0.7114
CUST1012449,2026-06,0.366,0.1959,0.3467,0.2789,0.1913,0.1696
CUST1012450,2026-06,0.3708,0.3196,0.4567,0.1532,0.2991,0.0469
CUST1012451,2026-06,0.1243,0.0256,0.1186,0.2257,0.6047,0.2809
CUST1012452,2026-06,0.5593,0.3084,0.6032,0.3872,0.2329,0.0944
CUST1012453,2026-06,0.2816,0.1879,0.1297,0.1155,0.3693,0.01
CUST1012454,2026-06,0.5198,0.3911,0.5922,0.1653,0.4226,0.0609
CUST1012455,2026-06,0.235,0.3266,0.3552,0.2865,0.3389,0.18
CUST1012456,2026-06,0.4356,0.01,0.3232,0.211,0.4612,0.2626
CUST1012457,2026-06,0.5777,0.4508,0.6141,0.3991,0.2329,0.2437
CUST1012458,2026-06,0.1479,0.0844,0.3332,0.2631,0.3325,0.242
CUST1012459,2026-06,0.5767,0.4124,0.5327,0.4092,0.2829,0.1401
CUST1012460,2026-06,0.536,0.4236,0.3405,0.4422,0.3006,0.3746
CUST1012461,2026-06,0.454,0.128,0.4245,0.3068,0.4019,0.2329
CUST1012462,2026-06,0.3777,0.3096,0.1864,0.2018,0.3609,0.1846
CUST1012463,2026-06,0.3665,0.0479,0.181,0.504,0.3659,0.1861
CUST1012464,2026-06,0.6454,0.2325,0.3403,0.3668,0.2794,0.1096
CUST1012465,2026-06,0.3792,0.0815,0.2105,0.4224,0.2909,0.0979
CUST1012466,2026-06,0.1865,0.3546,0.382,0.1908,0.5142,0.0814
CUST1012467,2026-06,0.5875,0.4903,0.3104,0.5745,0.5207,0.295
CUST1012468,2026-06,0.1542,0.2581,0.3048,0.1851,0.2353,0.097
CUST1012469,2026-06,0.4113,0.1962,0.0202,0.2472,0.2747,0.1387
CUST1012470,2026-06,0.7587,0.1912,0.3163,0.4604,0.222,0.2748
CUST1012471,2026-06,0.4403,0.5519,0.4282,0.4287,0.3441,0.2402
CUST1012472,2026-06,0.0990999999999999,0.2769,0.3278,0.2488,0.3597,0.17
CUST1012473,2026-06,0.1255,0.01,0.1131,0.2205,0.4416,0.1826
CUST1012474,2026-06,0.4377,0.4568,0.3809,0.4731,0.245,0.2258
CUST1012475,2026-06,0.4106,0.5191,0.3447,0.4283,0.33,0.2001
CUST1012476,2026-06,0.2873,0.1318,0.0129,0.3053,0.3748,0.0645
CUST1012477,2026-06,0.3642,0.3991,0.3588,0.4181,0.1352,0.5691
CUST1012478,2026-06,0.3103,0.3208,0.307,0.4549,0.4815,0.2209
CUST1012479,2026-06,0.3024,0.01,0.0512,0.1278,0.2874,0.2496
CUST1012480,2026-06,0.4172,0.01,0.2397,0.1859,0.5864,0.1252
CUST1012481,2026-06,0.4575,0.1929,0.4135,0.3927,0.6094,0.1785
CUST1012482,2026-06,0.19,0.0626,0.0784,0.186,0.2964,0.2114
CUST1012483,2026-06,0.4796,0.096,0.4079,0.534,0.3309,0.0774
CUST1012484,2026-06,0.2844,0.1688,0.2635,0.3732,0.4211,0.2076
CUST1012485,2026-06,0.4569,0.0491,0.5293,0.5784,0.2238,0.2316
CUST1012486,2026-06,0.2254,0.4248,0.554,0.1717,0.3953,0.2677
CUST1012487,2026-06,0.0621,0.01,0.1179,0.3018,0.3516,0.1659
CUST1012488,2026-06,0.4559,0.4368,0.5421,0.6625,0.4187,0.2122
CUST1012489,2026-06,0.7799,0.0822,0.1953,0.3268,0.1832,0.6756
CUST1012490,2026-06,0.3883,0.4123,0.4811,0.1814,0.2119,0.3247
CUST1012491,2026-06,0.1702,0.2307,0.4463,0.3124,0.4173,0.0626
CUST1012492,2026-06,0.5784,0.1858,0.3713,0.4561,0.2513,0.2538
CUST1012493,2026-06,0.5636,0.4887,0.5071,0.4067,0.1775,0.2408
CUST1012494,2026-06,0.4645,0.01,0.1985,0.6076,0.2699,0.2251
CUST1012495,2026-06,0.1591,0.121,0.1723,0.283,0.2438,0.1806
CUST1012496,2026-06,0.5883,0.3015,0.4253,0.4188,0.0732,0.5884
CUST1012497,2026-06,0.0971999999999999,0.0945,0.0403,0.2395,0.5273,0.2648
CUST1012498,2026-06,0.449,0.5244,0.6601,0.5337,0.1191,0.3255
CUST1012499,2026-06,0.2294,0.0639,0.0711,0.2465,0.4077,0.1753
CUST1012500,2026-06,0.5224,0.043,0.346,0.2955,0.3557,0.1542
CUST1012501,2026-06,0.5959,0.2414,0.2902,0.6299,0.4639,0.01
CUST1012502,2026-06,0.4493,0.2183,0.4289,0.4679,0.3617,0.3114
CUST1012503,2026-06,0.6173,0.01,0.2243,0.4989,0.384,0.1404
CUST1012504,2026-06,0.7183,0.1479,0.4233,0.4525,0.324,0.1829
CUST1012505,2026-06,0.3439,0.01,0.1558,0.5599,0.3319,0.2317
CUST1012506,2026-06,0.2212,0.2717,0.3337,0.3628,0.6435,0.1737
CUST1012507,2026-06,0.6413,0.1393,0.2796,0.335,0.2608,0.2588
CUST1012508,2026-06,0.5247,0.0704999999999999,0.1027,0.4366,0.1777,0.1535
CUST1012509,2026-06,0.3548,0.3189,0.3729,0.3453,0.2038,0.1857
CUST1012510,2026-06,0.5338,0.2659,0.2021,0.4506,0.4152,0.3188
CUST1012511,2026-06,0.3595,0.4906,0.4924,0.3016,0.2545,0.019
CUST1012512,2026-06,0.7028,0.4013,0.3058,0.2433,0.1759,0.3056
CUST1012513,2026-06,0.4458,0.4674,0.4245,0.3404,0.3739,0.1531
CUST1012514,2026-06,0.6885,0.0534,0.5405,0.4624,0.3137,0.1199
CUST1012515,2026-06,0.5452,0.4051,0.4337,0.3387,0.3703,0.1597
CUST1012516,2026-06,0.5739,0.0992,0.5507,0.3555,0.3281,0.1198
CUST1012517,2026-06,0.39,0.4407,0.5782,0.367,0.3475,0.2492
CUST1012518,2026-06,0.4739,0.2657,0.4651,0.5375,0.4421,0.1481
CUST1012519,2026-06,0.3984,0.2505,0.4605,0.4261,0.5786,0.2422
CUST1012520,2026-06,0.5035,0.334,0.1068,0.536,0.2075,0.165
CUST1012521,2026-06,0.3109,0.4821,0.4433,0.3565,0.4419,0.3846
CUST1012522,2026-06,0.4812,0.3425,0.4377,0.417,0.2521,0.0595
CUST1012523,2026-06,0.284,0.496,0.3426,0.2437,0.4526,0.2141
CUST1012524,2026-06,0.4344,0.4234,0.5596,0.1904,0.4299,0.2081
CUST1012525,2026-06,0.3309,0.4259,0.3871,0.2597,0.4621,0.1969
CUST1012526,2026-06,0.6012,0.1871,0.3789,0.4566,0.2822,0.183
CUST1012527,2026-06,0.5145,0.5094,0.565,0.3447,0.4956,0.2105
CUST1012528,2026-06,0.3939,0.4813,0.5077,0.468,0.3198,0.2121
CUST1012529,2026-06,0.349,0.4636,0.4005,0.3438,0.1648,0.1049
CUST1012530,2026-06,0.3698,0.1966,0.083,0.5656,0.1507,0.1364
CUST1012531,2026-06,0.2972,0.2506,0.0423,0.2606,0.2359,0.2436
CUST1012532,2026-06,0.4456,0.1428,0.1865,0.3111,0.2594,0.1107
CUST1012533,2026-06,0.7162,0.01,0.5012,0.3073,0.12,0.1931
CUST1012534,2026-06,0.5809,0.3559,0.3788,0.4097,0.368,0.2097
CUST1012535,2026-06,0.2542,0.4747,0.3788,0.0926,0.3275,0.1781
CUST1012536,2026-06,0.09,0.0692,0.01,0.306,0.2395,0.6518
CUST1012537,2026-06,0.1414,0.0189,0.0259,0.1866,0.2978,0.6513
CUST1012538,2026-06,0.1179,0.2292,0.0621,0.1672,0.4694,0.2277
CUST1012539,2026-06,0.5601,0.3328,0.4424,0.395,0.2779,0.1904
CUST1012540,2026-06,0.4209,0.5453,0.5871,0.2632,0.3739,0.1765
CUST1012541,2026-06,0.5565,0.3452,0.3108,0.3425,0.195,0.1119
CUST1012542,2026-06,0.3074,0.3007,0.5645,0.49,0.4016,0.1903
CUST1012543,2026-06,0.7179,0.176,0.5401,0.3013,0.5338,0.0728
CUST1012544,2026-06,0.6702,0.1331,0.565,0.2654,0.1761,0.0958
CUST1012545,2026-06,0.5492,0.1333,0.5288,0.01,0.3231,0.1862
CUST1012546,2026-06,0.6478,0.4705,0.3793,0.4791,0.571,0.3431
CUST1012547,2026-06,0.4041,0.0159,0.0695,0.3737,0.2619,0.2567
CUST1012548,2026-06,0.4007,0.1485,0.2511,0.1902,0.2676,0.0815
CUST1012549,2026-06,0.0761,0.4109,0.1868,0.116,0.4823,0.0627999999999999
CUST1012550,2026-06,0.3135,0.2972,0.1516,0.2126,0.2389,0.2053
CUST1012551,2026-06,0.7181,0.2153,0.6093,0.3528,0.389,0.2249
CUST1012552,2026-06,0.5292,0.2049,0.2267,0.4802,0.3382,0.26
CUST1012553,2026-06,0.2038,0.2727,0.2502,0.4176,0.4053,0.303
CUST1012554,2026-06,0.2475,0.2317,0.1917,0.2683,0.2677,0.0798
CUST1012555,2026-06,0.0466,0.1433,0.3047,0.3024,0.2852,0.5903
CUST1012556,2026-06,0.3943,0.1183,0.5212,0.0844,0.2024,0.3625
CUST1012557,2026-06,0.7042,0.5615,0.4313,0.3921,0.207,0.1222
CUST1012558,2026-06,0.1921,0.1705,0.1743,0.2951,0.3577,0.1843
CUST1012559,2026-06,0.538,0.4934,0.5168,0.4858,0.4645,0.162
CUST1012560,2026-06,0.442,0.3439,0.2941,0.3675,0.5009,0.1917
CUST1012561,2026-06,0.5252,0.2967,0.5343,0.474,0.3436,0.2264
CUST1012562,2026-06,0.3026,0.2903,0.5752,0.3071,0.4477,0.1781
CUST1012563,2026-06,0.1334,0.3044,0.0748999999999999,0.2641,0.3762,0.01
CUST1012564,2026-06,0.7559,0.3006,0.5564,0.5583,0.2554,0.1549
CUST1012565,2026-06,0.41,0.035,0.2145,0.1763,0.2379,0.1812
CUST1012566,2026-06,0.4915,0.401,0.3793,0.442,0.2719,0.2724
CUST1012567,2026-06,0.3897,0.0964,0.1533,0.2412,0.3312,0.1462
CUST1012568,2026-06,0.2553,0.2567,0.3698,0.3574,0.39,0.1407
CUST1012569,2026-06,0.4728,0.1927,0.2813,0.3092,0.3069,0.0966999999999999
CUST1012570,2026-06,0.2887,0.5586,0.7527,0.1237,0.329,0.1556
CUST1012571,2026-06,0.3984,0.4925,0.3986,0.3388,0.2776,0.0782999999999999
CUST1012572,2026-06,0.6318,0.4105,0.6038,0.591,0.6381,0.1969
CUST1012573,2026-06,0.6565,0.589,0.6551,0.4197,0.3491,0.1963
CUST1012574,2026-06,0.2914,0.447,0.1577,0.6281,0.4489,0.1648
CUST1012575,2026-06,0.3661,0.5322,0.4602,0.4615,0.22,0.1999
CUST1012576,2026-06,0.1858,0.2053,0.2664,0.2977,0.1018,0.1252
CUST1012577,2026-06,0.0149,0.2799,0.2993,0.2699,0.3474,0.1007
CUST1012578,2026-06,0.4871,0.5199,0.5223,0.6325,0.4018,0.1792
CUST1012579,2026-06,0.3884,0.3853,0.1771,0.5429,0.5214,0.03
CUST1012580,2026-06,0.1344,0.3404,0.2094,0.0472,0.4489,0.2189
CUST1012581,2026-06,0.3461,0.4482,0.6184,0.3166,0.3559,0.0562
CUST1012582,2026-06,0.3577,0.5067,0.682,0.3332,0.3425,0.163
CUST1012583,2026-06,0.6922,0.3726,0.6343,0.4254,0.2196,0.1087
CUST1012584,2026-06,0.2752,0.01,0.1895,0.1927,0.268,0.7032
CUST1012585,2026-06,0.3699,0.2606,0.3039,0.2578,0.2408,0.4754
CUST1012586,2026-06,0.1063,0.1925,0.1671,0.3159,0.3196,0.2358
CUST1012587,2026-06,0.7314,0.4108,0.3663,0.3367,0.5922,0.1298
CUST1012588,2026-06,0.4603,0.1304,0.3775,0.2209,0.1975,0.2253
CUST1012589,2026-06,0.0806,0.236,0.2735,0.3727,0.3085,0.1916
CUST1012590,2026-06,0.4152,0.1589,0.3955,0.4598,0.2397,0.3164
CUST1012591,2026-06,0.3654,0.4181,0.2813,0.328,0.5306,0.1268
CUST1012592,2026-06,0.3984,0.3874,0.5156,0.358,0.3889,0.233
CUST1012593,2026-06,0.0442,0.1882,0.2051,0.1809,0.4063,0.2018
CUST1012594,2026-06,0.4545,0.3156,0.6531,0.1205,0.372,0.1927
CUST1012595,2026-06,0.4511,0.0937,0.218,0.4048,0.249,0.1335
CUST1012596,2026-06,0.4325,0.2747,0.5005,0.3068,0.2872,0.0835999999999999
CUST1012597,2026-06,0.4875,0.509,0.3003,0.5452,0.1409,0.6151
CUST1012598,2026-06,0.1012,0.175,0.1359,0.3213,0.4795,0.241
CUST1012599,2026-06,0.0803,0.2549,0.2066,0.3058,0.4195,0.3123
CUST1012600,2026-06,0.3604,0.3455,0.0328,0.6147,0.3591,0.206
CUST1012601,2026-06,0.4286,0.4591,0.4574,0.1856,0.2184,0.108
CUST1012602,2026-06,0.5415,0.4863,0.4192,0.2672,0.2733,0.3125
CUST1012603,2026-06,0.1588,0.3583,0.179,0.3463,0.2908,0.3468
CUST1012604,2026-06,0.6558,0.2277,0.5457,0.2707,0.289,0.1782
CUST1012605,2026-06,0.5064,0.5685,0.4633,0.195,0.279,0.2216
CUST1012606,2026-06,0.7108,0.1205,0.4119,0.2739,0.2742,0.3559
CUST1012607,2026-06,0.3376,0.3013,0.0755,0.2244,0.5056,0.1475
CUST1012608,2026-06,0.5384,0.3872,0.5588,0.5254,0.5388,0.246
CUST1012609,2026-06,0.4529,0.4581,0.6047,0.5139,0.422,0.0974
CUST1012610,2026-06,0.4434,0.01,0.0975,0.5385,0.1002,0.1459
CUST1012611,2026-06,0.7412,0.3464,0.5687,0.4262,0.2991,0.2505
CUST1012612,2026-06,0.4081,0.3572,0.3528,0.2036,0.2919,0.3192
CUST1012613,2026-06,0.4283,0.472,0.6156,0.4573,0.3398,0.1507
CUST1012614,2026-06,0.4337,0.1095,0.1077,0.0867,0.2594,0.1408
CUST1012615,2026-06,0.717,0.199,0.1042,0.2528,0.2112,0.0884
CUST1012616,2026-06,0.3698,0.042,0.1755,0.2117,0.1409,0.2282
CUST1012617,2026-06,0.5548,0.4614,0.455,0.4208,0.2625,0.285
CUST1012618,2026-06,0.325,0.0187,0.1055,0.1278,0.2078,0.1655
CUST1012619,2026-06,0.5554,0.5209,0.3802,0.1754,0.1689,0.2348
CUST1012620,2026-06,0.4983,0.2087,0.3189,0.1071,0.55,0.1926
CUST1012621,2026-06,0.4474,0.4072,0.6317,0.5029,0.424,0.2394
CUST1012622,2026-06,0.4747,0.5447,0.2802,0.2998,0.455,0.0624
CUST1012623,2026-06,0.3877,0.4307,0.3222,0.3648,0.1963,0.5551
CUST1012624,2026-06,0.5474,0.38,0.4201,0.411,0.3537,0.3175
CUST1012625,2026-06,0.6964,0.2892,0.2755,0.3561,0.4333,0.5528
CUST1012626,2026-06,0.5725,0.3874,0.5145,0.3959,0.4363,0.0878
CUST1012627,2026-06,0.3983,0.3875,0.4792,0.4365,0.3213,0.3114
CUST1012628,2026-06,0.7055,0.2368,0.3565,0.2632,0.1769,0.1877
CUST1012629,2026-06,0.662,0.3509,0.3554,0.2365,0.261,0.3342
CUST1012630,2026-06,0.6072,0.2284,0.4385,0.4471,0.4031,0.3632
CUST1012631,2026-06,0.4548,0.6722,0.503,0.6124,0.4219,0.0263
CUST1012632,2026-06,0.3116,0.2861,0.1328,0.3978,0.4542,0.1458
CUST1012633,2026-06,0.6429,0.0704999999999999,0.3206,0.3337,0.2936,0.0893
CUST1012634,2026-06,0.5453,0.2418,0.3309,0.4268,0.1562,0.1474
CUST1012635,2026-06,0.6706,0.3574,0.5045,0.5031,0.4694,0.1219
CUST1012636,2026-06,0.1129,0.2854,0.2317,0.1655,0.4493,0.1876
CUST1012637,2026-06,0.6038,0.3034,0.3263,0.5258,0.4065,0.1015
CUST1012638,2026-06,0.2134,0.3951,0.5079,0.3502,0.1744,0.1171
CUST1012639,2026-06,0.2128,0.211,0.1649,0.3368,0.2711,0.1414
CUST1012640,2026-06,0.5191,0.4608,0.4743,0.3027,0.4654,0.2624
CUST1012641,2026-06,0.4692,0.2446,0.3056,0.4009,0.1179,0.6514
CUST1012642,2026-06,0.4341,0.134,0.3141,0.4709,0.3001,0.1227
CUST1012643,2026-06,0.4561,0.3436,0.835,0.4101,0.3463,0.1875
CUST1012644,2026-06,0.4315,0.1378,0.4073,0.2555,0.3851,0.2997
CUST1012645,2026-06,0.7279,0.1959,0.3928,0.3275,0.107,0.1992
CUST1012646,2026-06,0.6249,0.3309,0.521,0.3337,0.2909,0.0879
CUST1012647,2026-06,0.3133,0.1694,0.1383,0.4192,0.3884,0.1153
CUST1012648,2026-06,0.3238,0.1971,0.3906,0.057,0.5401,0.4194
CUST1012649,2026-06,0.3667,0.4649,0.4997,0.3039,0.4633,0.1287
CUST1012650,2026-06,0.1721,0.3131,0.1935,0.3383,0.307,0.01
CUST1012651,2026-06,0.4503,0.1741,0.4172,0.4512,0.2715,0.1926
CUST1012652,2026-06,0.5267,0.2451,0.242,0.4663,0.5733,0.3398
CUST1012653,2026-06,0.5714,0.2524,0.363,0.2981,0.2538,0.2652
CUST1012654,2026-06,0.595,0.3854,0.5241,0.3884,0.2872,0.1493
CUST1012655,2026-06,0.409,0.01,0.3237,0.5865,0.323,0.0978
CUST1012656,2026-06,0.5786,0.0719999999999999,0.3052,0.3161,0.2261,0.3026
CUST1012657,2026-06,0.6368,0.2854,0.4503,0.5384,0.2121,0.0934
CUST1012658,2026-06,0.4913,0.5417,0.4488,0.443,0.3809,0.0339
CUST1012659,2026-06,0.6208,0.0845999999999999,0.2963,0.3102,0.254,0.1547
CUST1012660,2026-06,0.5871,0.2318,0.5347,0.3856,0.1986,0.6636
CUST1012661,2026-06,0.4516,0.2601,0.1211,0.374,0.1738,0.2828
CUST1012662,2026-06,0.5217,0.444,0.3421,0.0551,0.3218,0.2787
CUST1012663,2026-06,0.4441,0.4482,0.5511,0.6649,0.3806,0.1841
CUST1012664,2026-06,0.3677,0.5389,0.3553,0.5027,0.2713,0.2918
CUST1012665,2026-06,0.3559,0.4641,0.5521,0.2844,0.4417,0.1399
CUST1012666,2026-06,0.6712,0.4663,0.3893,0.4624,0.276,0.2743
CUST1012667,2026-06,0.3651,0.4089,0.4397,0.4186,0.5405,0.2357
CUST1012668,2026-06,0.4133,0.2103,0.1838,0.3015,0.2642,0.2802
CUST1012669,2026-06,0.317,0.4446,0.3584,0.2437,0.3567,0.1765
CUST1012670,2026-06,0.4756,0.0347,0.228,0.3519,0.3915,0.1534
CUST1012671,2026-06,0.4131,0.1892,0.5921,0.3098,0.25,0.0698
CUST1012672,2026-06,0.2176,0.173,0.2363,0.2986,0.4959,0.2034
CUST1012673,2026-06,0.4507,0.3707,0.3997,0.3974,0.3353,0.2618
CUST1012674,2026-06,0.2345,0.263,0.2668,0.4438,0.3117,0.01
CUST1012675,2026-06,0.3114,0.4085,0.4083,0.4661,0.3602,0.1021
CUST1012676,2026-06,0.1335,0.01,0.1651,0.2497,0.58,0.5326
CUST1012677,2026-06,0.3212,0.5626,0.3696,0.3758,0.3573,0.211
CUST1012678,2026-06,0.3868,0.2543,0.242,0.3865,0.3721,0.3154
CUST1012679,2026-06,0.1765,0.2449,0.1687,0.116,0.5523,0.1847
CUST1012680,2026-06,0.435,0.39,0.5021,0.1555,0.4177,0.2237
CUST1012681,2026-06,0.656,0.1549,0.3303,0.5657,0.1509,0.0313
CUST1012682,2026-06,0.5122,0.01,0.2094,0.2446,0.3351,0.25
CUST1012683,2026-06,0.3089,0.1609,0.1757,0.2551,0.3385,0.2284
CUST1012684,2026-06,0.4353,0.5511,0.4045,0.1823,0.3883,0.2176
CUST1012685,2026-06,0.6964,0.3696,0.154,0.2449,0.1871,0.2094
CUST1012686,2026-06,0.7363,0.4595,0.528,0.3895,0.3992,0.2655
CUST1012687,2026-06,0.3432,0.01,0.188,0.3909,0.6216,0.2002
CUST1012688,2026-06,0.6671,0.2055,0.457,0.3981,0.2995,0.1818
CUST1012689,2026-06,0.5991,0.3024,0.538,0.212,0.4235,0.1578
CUST1012690,2026-06,0.5187,0.3616,0.5015,0.4298,0.198,0.1915
CUST1012691,2026-06,0.3521,0.3945,0.392,0.0985,0.4096,0.2113
CUST1012692,2026-06,0.4943,0.3977,0.439,0.3568,0.3491,0.217
CUST1012693,2026-06,0.2506,0.3349,0.7502,0.2974,0.5072,0.163
CUST1012694,2026-06,0.1596,0.2033,0.1655,0.2366,0.5541,0.2058
CUST1012695,2026-06,0.4173,0.3606,0.2011,0.5807,0.3282,0.0949
CUST1012696,2026-06,0.6644,0.0585,0.0617,0.3727,0.2498,0.0145
CUST1012697,2026-06,0.4368,0.1302,0.2825,0.0805,0.1773,0.1282
CUST1012698,2026-06,0.4326,0.482,0.599,0.4486,0.289,0.01
CUST1012699,2026-06,0.193,0.2995,0.1523,0.4133,0.3495,0.2008
CUST1012700,2026-06,0.1652,0.3056,0.2263,0.3545,0.4164,0.2954
CUST1012701,2026-06,0.6359,0.1207,0.4398,0.463,0.2621,0.192
CUST1012702,2026-06,0.3907,0.4338,0.5447,0.4046,0.2077,0.1588
CUST1012703,2026-06,0.3966,0.3854,0.4715,0.3209,0.3144,0.1244
CUST1012704,2026-06,0.5195,0.1246,0.0409,0.421,0.167,0.5283
CUST1012705,2026-06,0.4438,0.415,0.3206,0.4585,0.2661,0.2495
CUST1012706,2026-06,0.3621,0.1255,0.6349,0.0767999999999999,0.3119,0.2068
CUST1012707,2026-06,0.7114,0.4107,0.6145,0.4921,0.3509,0.1568
CUST1012708,2026-06,0.4508,0.4143,0.3159,0.5617,0.376,0.1378
CUST1012709,2026-06,0.7232,0.3449,0.3371,0.3419,0.3132,0.4249
CUST1012710,2026-06,0.1415,0.01,0.4591,0.1955,0.2243,0.3001
CUST1012711,2026-06,0.3598,0.4532,0.5725,0.3858,0.5599,0.0990999999999999
CUST1012712,2026-06,0.4063,0.3926,0.4367,0.5307,0.4419,0.01
CUST1012713,2026-06,0.4127,0.01,0.0712,0.3055,0.2114,0.2702
CUST1012714,2026-06,0.3264,0.2792,0.2385,0.4517,0.5014,0.2691
CUST1012715,2026-06,0.5712,0.01,0.2603,0.4556,0.3654,0.104
CUST1012716,2026-06,0.6765,0.2612,0.4972,0.463,0.2255,0.2572
CUST1012717,2026-06,0.472,0.5259,0.4604,0.419,0.3843,0.1466
CUST1012718,2026-06,0.4307,0.5577,0.5203,0.2561,0.3126,0.238
CUST1012719,2026-06,0.4171,0.2717,0.3856,0.1753,0.3855,0.0842
CUST1012720,2026-06,0.3731,0.1046,0.0735,0.3869,0.337,0.2843
CUST1012721,2026-06,0.4489,0.4566,0.3828,0.4556,0.4052,0.1393
CUST1012722,2026-06,0.5189,0.5763,0.4736,0.5087,0.2963,0.2801
CUST1012723,2026-06,0.6733,0.2601,0.4121,0.0896,0.2142,0.2204
CUST1012724,2026-06,0.2035,0.2884,0.4409,0.5153,0.4236,0.2107
CUST1012725,2026-06,0.2993,0.4792,0.4275,0.1622,0.2774,0.1895
CUST1012726,2026-06,0.2777,0.3783,0.2536,0.3803,0.2718,0.0769
CUST1012727,2026-06,0.3213,0.2067,0.2411,0.2193,0.1836,0.192
CUST1012728,2026-06,0.2814,0.01,0.0998,0.2362,0.3883,0.2871
CUST1012729,2026-06,0.3,0.4541,0.1385,0.1207,0.3771,0.1946
CUST1012730,2026-06,0.3838,0.3403,0.2042,0.4555,0.6714,0.01
CUST1012731,2026-06,0.5062,0.3723,0.6989,0.4503,0.308,0.129
CUST1012732,2026-06,0.5144,0.3731,0.4113,0.1327,0.3497,0.1138
CUST1012733,2026-06,0.4913,0.3566,0.3489,0.4859,0.2685,0.1131
CUST1012734,2026-06,0.7177,0.1133,0.3701,0.3862,0.1839,0.2189
CUST1012735,2026-06,0.1342,0.1073,0.1703,0.5354,0.1599,0.156
CUST1012736,2026-06,0.4627,0.4903,0.3193,0.592,0.4389,0.2353
CUST1012737,2026-06,0.4597,0.2091,0.2046,0.5446,0.2727,0.3045
CUST1012738,2026-06,0.2744,0.2757,0.15,0.4802,0.1998,0.2688
CUST1012739,2026-06,0.197,0.1798,0.1364,0.1076,0.31,0.0906
CUST1012740,2026-06,0.4766,0.4114,0.6385,0.163,0.4537,0.1771
CUST1012741,2026-06,0.3137,0.01,0.15,0.01,0.2383,0.1277
CUST1012742,2026-06,0.2499,0.3766,0.2559,0.4551,0.2343,0.5333
CUST1012743,2026-06,0.4999,0.4084,0.7052,0.3091,0.3924,0.3451
CUST1012744,2026-06,0.8057,0.5277,0.5074,0.3733,0.1812,0.38
CUST1012745,2026-06,0.3946,0.4258,0.4608,0.3971,0.259,0.1659
CUST1012746,2026-06,0.1404,0.01,0.2939,0.301,0.418,0.1364
CUST1012747,2026-06,0.2464,0.2158,0.1475,0.2478,0.392,0.1406
CUST1012748,2026-06,0.5629,0.1776,0.2775,0.2158,0.172,0.0665
CUST1012749,2026-06,0.117,0.0522,0.1662,0.3558,0.3889,0.1486
CUST1012750,2026-06,0.4956,0.3824,0.568,0.215,0.4268,0.2231
CUST1012751,2026-06,0.575,0.2768,0.378,0.476,0.2125,0.3834
CUST1012752,2026-06,0.4464,0.4175,0.6739,0.482,0.5158,0.0555
CUST1012753,2026-06,0.4582,0.3386,0.3128,0.4573,0.2714,0.1608
CUST1012754,2026-06,0.094,0.2645,0.1499,0.166,0.2849,0.0407
CUST1012755,2026-06,0.1532,0.3073,0.2458,0.1972,0.3596,0.1364
CUST1012756,2026-06,0.5662,0.5777,0.3335,0.5353,0.4082,0.0714999999999999
CUST1012757,2026-06,0.3803,0.2676,0.0959,0.4628,0.3963,0.228
CUST1012758,2026-06,0.3673,0.5724,0.4756,0.1331,0.4321,0.0696
CUST1012759,2026-06,0.5701,0.3742,0.6469,0.5144,0.3036,0.252
CUST1012760,2026-06,0.8232,0.2838,0.4889,0.2526,0.1881,0.298
CUST1012761,2026-06,0.3842,0.5101,0.4716,0.5864,0.3011,0.1919
CUST1012762,2026-06,0.3021,0.5144,0.3449,0.478,0.2772,0.01
CUST1012763,2026-06,0.8235,0.2686,0.506,0.5352,0.3297,0.1684
CUST1012764,2026-06,0.4668,0.3187,0.4535,0.4516,0.3736,0.01
CUST1012765,2026-06,0.3826,0.3735,0.338,0.4309,0.1941,0.1382
CUST1012766,2026-06,0.4533,0.484,0.4829,0.4654,0.278,0.1605
CUST1012767,2026-06,0.3927,0.2107,0.4093,0.6114,0.1819,0.2409
CUST1012768,2026-06,0.5159,0.2276,0.2869,0.5225,0.2358,0.1809
CUST1012769,2026-06,0.5555,0.3653,0.2895,0.593,0.3872,0.1642
CUST1012770,2026-06,0.2346,0.0806,0.1768,0.2891,0.3198,0.2057
CUST1012771,2026-06,0.4834,0.3312,0.5458,0.1669,0.2767,0.1929
CUST1012772,2026-06,0.4163,0.4723,0.3719,0.365,0.2042,0.0131
CUST1012773,2026-06,0.4857,0.034,0.0772,0.5311,0.2631,0.074
CUST1012774,2026-06,0.311,0.2159,0.0929,0.2706,0.3394,0.1738
CUST1012775,2026-06,0.4958,0.1785,0.1689,0.4904,0.1292,0.5425
CUST1012776,2026-06,0.6694,0.2513,0.6303,0.1568,0.42,0.2164
CUST1012777,2026-06,0.3453,0.0582,0.01,0.4308,0.1111,0.099
CUST1012778,2026-06,0.1885,0.01,0.0703,0.2452,0.4651,0.1907
CUST1012779,2026-06,0.3787,0.231,0.3915,0.1952,0.4215,0.2004
CUST1012780,2026-06,0.4488,0.2181,0.456,0.2667,0.3327,0.1172
CUST1012781,2026-06,0.4503,0.3241,0.3909,0.5898,0.3139,0.3418
CUST1012782,2026-06,0.6299,0.0448,0.2624,0.4591,0.287,0.2793
CUST1012783,2026-06,0.3925,0.3349,0.0795,0.5471,0.4382,0.1021
CUST1012784,2026-06,0.7196,0.3674,0.5656,0.3955,0.2904,0.1068
CUST1012785,2026-06,0.4845,0.321,0.505,0.3073,0.2413,0.1662
CUST1012786,2026-06,0.6276,0.2702,0.6174,0.3329,0.2798,0.0468
CUST1012787,2026-06,0.2342,0.29,0.4244,0.6188,0.3949,0.5557
CUST1012788,2026-06,0.4029,0.01,0.2567,0.4451,0.2729,0.1698
CUST1012789,2026-06,0.3542,0.3566,0.4124,0.4792,0.3481,0.1081
CUST1012790,2026-06,0.3861,0.4878,0.3639,0.5059,0.4915,0.1045
CUST1012791,2026-06,0.3462,0.4533,0.3931,0.6484,0.5054,0.0799
CUST1012792,2026-06,0.469,0.4905,0.4169,0.5351,0.251,0.1519
CUST1012793,2026-06,0.4157,0.4706,0.2519,0.541,0.3051,0.2207
CUST1012794,2026-06,0.6168,0.3296,0.4357,0.608,0.2526,0.4416
CUST1012795,2026-06,0.1351,0.01,0.1083,0.1165,0.5881,0.1384
CUST1012796,2026-06,0.3409,0.2242,0.1343,0.4375,0.4108,0.1654
CUST1012797,2026-06,0.5798,0.3335,0.3065,0.2505,0.212,0.3804
CUST1012798,2026-06,0.389,0.231,0.0998,0.2493,0.2499,0.2004
CUST1012799,2026-06,0.6584,0.168,0.4123,0.5222,0.3324,0.1808
CUST1012800,2026-06,0.1161,0.0255,0.1088,0.0734,0.5524,0.3195
CUST1012801,2026-06,0.423,0.5563,0.3671,0.2752,0.3208,0.1689
CUST1012802,2026-06,0.434,0.3187,0.5245,0.4983,0.3405,0.1936
CUST1012803,2026-06,0.1856,0.2872,0.251,0.537,0.3498,0.1214
CUST1012804,2026-06,0.254,0.3431,0.1411,0.1498,0.4016,0.1639
CUST1012805,2026-06,0.6346,0.1962,0.3841,0.419,0.2111,0.01
CUST1012806,2026-06,0.3544,0.3859,0.8068,0.4712,0.3218,0.0801999999999999
CUST1012807,2026-06,0.5497,0.2176,0.3935,0.3376,0.493,0.2737
CUST1012808,2026-06,0.3758,0.07,0.3381,0.5161,0.2826,0.1097
CUST1012809,2026-06,0.2358,0.5645,0.7594,0.302,0.4084,0.1084
CUST1012810,2026-06,0.5801,0.2267,0.362,0.3124,0.4001,0.2075
CUST1012811,2026-06,0.4034,0.01,0.0701,0.4301,0.2388,0.0816999999999999
CUST1012812,2026-06,0.5819,0.3961,0.4373,0.4861,0.2349,0.1798
CUST1012813,2026-06,0.237,0.3676,0.1358,0.1864,0.4607,0.1602
CUST1012814,2026-06,0.4487,0.351,0.6256,0.466,0.3883,0.2439
CUST1012815,2026-06,0.7476,0.3995,0.4876,0.4193,0.2304,0.0782999999999999
CUST1012816,2026-06,0.3495,0.4099,0.1931,0.4891,0.2555,0.6669
CUST1012817,2026-06,0.633,0.2099,0.432,0.2761,0.2586,0.2696
CUST1012818,2026-06,0.4953,0.0502,0.0879,0.398,0.2519,0.1929
CUST1012819,2026-06,0.4054,0.0106,0.2728,0.6216,0.2027,0.2038
CUST1012820,2026-06,0.427,0.0895,0.0154,0.2902,0.2267,0.3205
CUST1012821,2026-06,0.2483,0.1839,0.0397,0.3959,0.299,0.2635
CUST1012822,2026-06,0.3728,0.3229,0.0952,0.1895,0.3255,0.2018
CUST1012823,2026-06,0.2761,0.0795,0.182,0.3624,0.289,0.3785
CUST1012824,2026-06,0.6263,0.3065,0.6415,0.3573,0.3896,0.2294
CUST1012825,2026-06,0.4305,0.3965,0.3971,0.5192,0.3253,0.1736
CUST1012826,2026-06,0.5095,0.3401,0.4606,0.3855,0.4435,0.194
CUST1012827,2026-06,0.1671,0.1893,0.3775,0.3119,0.2826,0.1757
CUST1012828,2026-06,0.3756,0.2802,0.048,0.4975,0.4605,0.24
CUST1012829,2026-06,0.5625,0.4568,0.4229,0.2049,0.2176,0.1296
CUST1012830,2026-06,0.415,0.0964,0.0339,0.5663,0.219,0.3806
CUST1012831,2026-06,0.092,0.389,0.1226,0.3276,0.3795,0.0605
CUST1012832,2026-06,0.4677,0.5148,0.6371,0.4314,0.2303,0.1002
CUST1012833,2026-06,0.2993,0.4066,0.745,0.2852,0.2091,0.285
CUST1012834,2026-06,0.4444,0.5665,0.3392,0.3548,0.5127,0.2507
CUST1012835,2026-06,0.3962,0.3859,0.315,0.5304,0.2279,0.1247
CUST1012836,2026-06,0.5902,0.3622,0.5079,0.5456,0.2221,0.4168
CUST1012837,2026-06,0.5536,0.222,0.4828,0.318,0.3226,0.2235
CUST1012838,2026-06,0.3613,0.4384,0.5238,0.4451,0.518,0.1633
CUST1012839,2026-06,0.6418,0.115,0.412,0.4945,0.1673,0.0847
CUST1012840,2026-06,0.0839,0.2076,0.074,0.383,0.3787,0.2136
CUST1012841,2026-06,0.7459,0.1859,0.674,0.2947,0.2159,0.2665
CUST1012842,2026-06,0.5325,0.2981,0.635,0.5194,0.545,0.0363
CUST1012843,2026-06,0.5652,0.2298,0.4137,0.1967,0.2173,0.1088
CUST1012844,2026-06,0.0689,0.2516,0.2536,0.1558,0.2381,0.5748
CUST1012845,2026-06,0.6879,0.3107,0.3721,0.505,0.0822,0.0592
CUST1012846,2026-06,0.4581,0.4264,0.2332,0.3414,0.3433,0.176
CUST1012847,2026-06,0.3625,0.2334,0.3902,0.281,0.336,0.1675
CUST1012848,2026-06,0.3754,0.2363,0.3473,0.2343,0.415,0.2244
CUST1012849,2026-06,0.4757,0.4394,0.5146,0.4338,0.2993,0.2051
CUST1012850,2026-06,0.4827,0.4093,0.5433,0.2645,0.5189,0.1496
CUST1012851,2026-06,0.4311,0.3653,0.4905,0.5027,0.2513,0.1651
CUST1012852,2026-06,0.3572,0.5694,0.3965,0.3168,0.4481,0.0916
CUST1012853,2026-06,0.5176,0.0646,0.6543,0.2612,0.316,0.3143
CUST1012854,2026-06,0.6949,0.4156,0.481,0.4959,0.4107,0.1786
CUST1012855,2026-06,0.6156,0.4314,0.3437,0.3526,0.3188,0.2127
CUST1012856,2026-06,0.6651,0.3467,0.5674,0.5333,0.2802,0.2633
CUST1012857,2026-06,0.5377,0.3151,0.2228,0.3574,0.136,0.246
CUST1012858,2026-06,0.5388,0.4646,0.6088,0.4237,0.4668,0.2297
CUST1012859,2026-06,0.3264,0.302,0.3693,0.5692,0.4066,0.2257
CUST1012860,2026-06,0.3635,0.4873,0.6048,0.4578,0.3554,0.1843
CUST1012861,2026-06,0.3551,0.4444,0.5612,0.2684,0.4138,0.1117
CUST1012862,2026-06,0.493,0.5446,0.4263,0.507,0.3518,0.1446
CUST1012863,2026-06,0.665,0.3244,0.5921,0.5691,0.2105,0.1146
CUST1012864,2026-06,0.3227,0.5929,0.4866,0.4173,0.3218,0.5432
CUST1012865,2026-06,0.7544,0.4686,0.5806,0.2281,0.3478,0.2102
CUST1012866,2026-06,0.4395,0.5057,0.6017,0.268,0.3484,0.091
CUST1012867,2026-06,0.3583,0.0885,0.3544,0.01,0.4756,0.0893999999999999
CUST1012868,2026-06,0.5408,0.5047,0.3469,0.4227,0.3162,0.5759
CUST1012869,2026-06,0.2638,0.4558,0.252,0.49,0.4919,0.5619
CUST1012870,2026-06,0.64,0.3681,0.3735,0.4322,0.2894,0.2769
CUST1012871,2026-06,0.2621,0.4634,0.3181,0.2718,0.3308,0.6703
CUST1012872,2026-06,0.4343,0.3935,0.3208,0.3271,0.3215,0.4935
CUST1012873,2026-06,0.4702,0.4364,0.6948,0.4349,0.3961,0.1397
CUST1012874,2026-06,0.6541,0.2713,0.3688,0.4376,0.2634,0.1879
CUST1012875,2026-06,0.4735,0.4975,0.3218,0.3121,0.4809,0.1227
CUST1012876,2026-06,0.7428,0.5472,0.335,0.6893,0.3396,0.1038
CUST1012877,2026-06,0.234,0.0873,0.0999,0.2892,0.4487,0.4322
CUST1012878,2026-06,0.356,0.4998,0.494,0.3118,0.4099,0.01
CUST1012879,2026-06,0.4815,0.5839,0.685,0.4807,0.3203,0.1054
CUST1012880,2026-06,0.3855,0.2232,0.2809,0.4959,0.126,0.1376
CUST1012881,2026-06,0.6622,0.2912,0.1314,0.3845,0.3892,0.3416
CUST1012882,2026-06,0.1754,0.1326,0.2114,0.1285,0.3735,0.2565
CUST1012883,2026-06,0.5059,0.2095,0.3466,0.4495,0.2231,0.156
CUST1012884,2026-06,0.514,0.5134,0.4784,0.3407,0.3638,0.1652
CUST1012885,2026-06,0.364,0.3141,0.2405,0.4967,0.2906,0.1356
CUST1012886,2026-06,0.4903,0.3132,0.5415,0.4705,0.3212,0.3054
CUST1012887,2026-06,0.4511,0.2414,0.5085,0.3281,0.5236,0.0808
CUST1012888,2026-06,0.5705,0.515,0.2797,0.3738,0.5144,0.1651
CUST1012889,2026-06,0.5762,0.3797,0.4362,0.1566,0.195,0.1151
CUST1012890,2026-06,0.3332,0.2554,0.1411,0.334,0.2481,0.6052
CUST1012891,2026-06,0.5608,0.2322,0.5076,0.2855,0.3509,0.2581
CUST1012892,2026-06,0.6546,0.3935,0.2927,0.4544,0.2036,0.5835
CUST1012893,2026-06,0.646,0.5046,0.5222,0.5573,0.2583,0.2767
CUST1012894,2026-06,0.6105,0.3238,0.3997,0.0704,0.243,0.205
CUST1012895,2026-06,0.6528,0.2948,0.38,0.2387,0.3039,0.1935
CUST1012896,2026-06,0.414,0.3547,0.185,0.4023,0.4504,0.2417
CUST1012897,2026-06,0.1692,0.1443,0.1097,0.1894,0.4946,0.1917
CUST1012898,2026-06,0.6506,0.5204,0.7048,0.1488,0.3252,0.124
CUST1012899,2026-06,0.2534,0.4007,0.1556,0.3883,0.4876,0.1247
CUST1012900,2026-06,0.7387,0.3586,0.6344,0.3313,0.374,0.1957
CUST1012901,2026-06,0.6286,0.4447,0.516,0.3008,0.4309,0.2631
CUST1012902,2026-06,0.6797,0.3458,0.5138,0.3232,0.2061,0.1561
CUST1012903,2026-06,0.1607,0.3009,0.0312,0.516,0.5873,0.1251
CUST1012904,2026-06,0.2104,0.5175,0.5794,0.1448,0.3324,0.2794
CUST1012905,2026-06,0.3765,0.3941,0.5313,0.2774,0.2938,0.3512
CUST1012906,2026-06,0.3267,0.1024,0.1207,0.2916,0.3924,0.0764
CUST1012907,2026-06,0.5047,0.2819,0.5926,0.1587,0.2827,0.2687
CUST1012908,2026-06,0.1937,0.1118,0.0685,0.3959,0.6973,0.0784
CUST1012909,2026-06,0.4773,0.3291,0.6541,0.3917,0.2344,0.1677
CUST1012910,2026-06,0.2636,0.3156,0.1144,0.5012,0.4973,0.0936
CUST1012911,2026-06,0.5152,0.226,0.3071,0.5388,0.4292,0.4133
CUST1012912,2026-06,0.2171,0.2248,0.2364,0.2172,0.2157,0.0840999999999999
CUST1012913,2026-06,0.7233,0.5722,0.4922,0.5675,0.3658,0.1118
CUST1012914,2026-06,0.4217,0.5231,0.5056,0.3506,0.3226,0.0434
CUST1012915,2026-06,0.2569,0.01,0.161,0.2934,0.2892,0.0285
CUST1012916,2026-06,0.4629,0.01,0.1387,0.479,0.2665,0.0804
CUST1012917,2026-06,0.5992,0.01,0.1181,0.4117,0.3161,0.1951
CUST1012918,2026-06,0.5831,0.5315,0.6847,0.1442,0.4179,0.0759
CUST1012919,2026-06,0.3564,0.1227,0.0777999999999999,0.1517,0.4062,0.273
CUST1012920,2026-06,0.4392,0.3983,0.6529,0.2627,0.3451,0.1282
CUST1012921,2026-06,0.5553,0.01,0.1365,0.3437,0.2905,0.2345
CUST1012922,2026-06,0.3611,0.3769,0.2911,0.3373,0.1473,0.1738
CUST1012923,2026-06,0.7248,0.405,0.3741,0.4741,0.2157,0.5935
CUST1012924,2026-06,0.6057,0.2286,0.4244,0.3326,0.3409,0.133
CUST1012925,2026-06,0.3124,0.4865,0.5509,0.271,0.2612,0.2438
CUST1012926,2026-06,0.4982,0.4496,0.4449,0.3551,0.4476,0.1681
CUST1012927,2026-06,0.3596,0.3499,0.5033,0.507,0.2996,0.1326
CUST1012928,2026-06,0.3626,0.3161,0.393,0.3348,0.3355,0.01
CUST1012929,2026-06,0.4287,0.3211,0.01,0.4185,0.3758,0.2054
CUST1012930,2026-06,0.3018,0.2952,0.6953,0.4545,0.3326,0.3144
CUST1012931,2026-06,0.4355,0.5187,0.3701,0.6588,0.4516,0.1786
CUST1012932,2026-06,0.197,0.2929,0.1047,0.2898,0.2018,0.1415
CUST1012933,2026-06,0.4381,0.3582,0.2972,0.4309,0.4312,0.1386
CUST1012934,2026-06,0.5388,0.2869,0.4814,0.5285,0.3753,0.2283
CUST1012935,2026-06,0.5956,0.0659,0.4929,0.5123,0.2045,0.1649
CUST1012936,2026-06,0.2634,0.0372,0.3138,0.084,0.6089,0.2213
CUST1012937,2026-06,0.5803,0.469,0.3355,0.2218,0.3665,0.1863
CUST1012938,2026-06,0.4831,0.325,0.3679,0.4064,0.3022,0.1928
CUST1012939,2026-06,0.5779,0.3178,0.4941,0.3703,0.3263,0.1795
CUST1012940,2026-06,0.4595,0.4845,0.7053,0.3615,0.3034,0.01
CUST1012941,2026-06,0.4953,0.5842,0.3487,0.3765,0.4047,0.1144
CUST1012942,2026-06,0.1498,0.0354,0.2499,0.2306,0.3021,0.2929
CUST1012943,2026-06,0.3988,0.0632,0.0627,0.1283,0.1188,0.1489
CUST1012944,2026-06,0.3731,0.0595,0.1638,0.1825,0.262,0.1902
CUST1012945,2026-06,0.448,0.4743,0.6426,0.3505,0.3375,0.2247
CUST1012946,2026-06,0.3477,0.5067,0.4206,0.4437,0.4868,0.2233
CUST1012947,2026-06,0.6795,0.2077,0.257,0.4851,0.3322,0.2172
CUST1012948,2026-06,0.3469,0.5538,0.4186,0.5321,0.4366,0.3097
CUST1012949,2026-06,0.3285,0.318,0.5684,0.4145,0.3704,0.2961
CUST1012950,2026-06,0.574,0.494,0.7241,0.4036,0.4809,0.0234
CUST1012951,2026-06,0.2087,0.1873,0.2703,0.1682,0.4674,0.2609
CUST1012952,2026-06,0.2947,0.3806,0.4803,0.3098,0.2237,0.1211
CUST1012953,2026-06,0.6178,0.1318,0.4593,0.3741,0.2474,0.0916
CUST1012954,2026-06,0.4531,0.5097,0.5333,0.4199,0.3827,0.1939
CUST1012955,2026-06,0.5129,0.4744,0.5562,0.5305,0.3841,0.2226
CUST1012956,2026-06,0.274,0.3439,0.581,0.117,0.2336,0.1804
CUST1012957,2026-06,0.3148,0.1295,0.2929,0.2418,0.322,0.6062
CUST1012958,2026-06,0.592,0.2745,0.3408,0.4394,0.4387,0.2627
CUST1012959,2026-06,0.1069,0.2356,0.0892,0.292,0.2745,0.1956
CUST1012960,2026-06,0.4913,0.1639,0.0577,0.174,0.0443,0.2556
CUST1012961,2026-06,0.5041,0.1418,0.4677,0.3026,0.3311,0.2872
CUST1012962,2026-06,0.7091,0.6682,0.4607,0.1384,0.4207,0.1451
CUST1012963,2026-06,0.7125,0.3478,0.5179,0.5033,0.1762,0.3055
CUST1012964,2026-06,0.2862,0.0453,0.1291,0.2269,0.3317,0.069
CUST1012965,2026-06,0.6671,0.3782,0.3811,0.247,0.1583,0.5898
CUST1012966,2026-06,0.6686,0.2494,0.5339,0.1328,0.3098,0.2749
CUST1012967,2026-06,0.4126,0.4751,0.3608,0.2163,0.3336,0.1972
CUST1012968,2026-06,0.667,0.2343,0.236,0.4107,0.2786,0.5948
CUST1012969,2026-06,0.3047,0.5017,0.5479,0.2066,0.3165,0.1236
CUST1012970,2026-06,0.4995,0.3613,0.3917,0.6074,0.319,0.2461
CUST1012971,2026-06,0.561,0.4163,0.4781,0.2179,0.3701,0.1599
CUST1012972,2026-06,0.5636,0.1435,0.2656,0.2888,0.21,0.1025
CUST1012973,2026-06,0.3698,0.6291,0.4458,0.656,0.2388,0.01
CUST1012974,2026-06,0.5904,0.4097,0.5064,0.5006,0.2239,0.2976
CUST1012975,2026-06,0.4132,0.4265,0.6761,0.1614,0.4909,0.191
CUST1012976,2026-06,0.2044,0.3265,0.1685,0.3541,0.4504,0.2431
CUST1012977,2026-06,0.3707,0.4509,0.7324,0.4057,0.3815,0.2992
CUST1012978,2026-06,0.4569,0.1274,0.4894,0.3187,0.5926,0.01
CUST1012979,2026-06,0.4031,0.1566,0.5388,0.202,0.4132,0.121
CUST1012980,2026-06,0.4467,0.01,0.1893,0.3431,0.3424,0.1919
CUST1012981,2026-06,0.2804,0.1765,0.1159,0.3751,0.2938,0.2902
CUST1012982,2026-06,0.7082,0.5159,0.7431,0.6282,0.3485,0.2807
CUST1012983,2026-06,0.1974,0.2646,0.2634,0.1424,0.4187,0.1431
CUST1012984,2026-06,0.6921,0.1279,0.579,0.2372,0.3395,0.2188
CUST1012985,2026-06,0.362,0.01,0.2478,0.2654,0.1462,0.2323
CUST1012986,2026-06,0.5941,0.4038,0.3822,0.3599,0.3599,0.2145
CUST1012987,2026-06,0.6251,0.1753,0.3063,0.3666,0.2666,0.0883
CUST1012988,2026-06,0.639,0.5827,0.4039,0.3216,0.2793,0.207
CUST1012989,2026-06,0.6366,0.3099,0.3957,0.3371,0.2019,0.2343
CUST1012990,2026-06,0.4688,0.3963,0.4105,0.4755,0.458,0.1949
CUST1012991,2026-06,0.6705,0.4247,0.4138,0.4731,0.3484,0.1499
CUST1012992,2026-06,0.2958,0.01,0.2491,0.1705,0.0748999999999999,0.1684
CUST1012993,2026-06,0.4548,0.4581,0.3219,0.3533,0.5242,0.1479
CUST1012994,2026-06,0.6985,0.3615,0.4664,0.4465,0.1941,0.108
CUST1012995,2026-06,0.3061,0.2112,0.2833,0.2314,0.2391,0.1746
CUST1012996,2026-06,0.7752,0.2482,0.4734,0.2739,0.3541,0.1285
CUST1012997,2026-06,0.5785,0.5452,0.3799,0.532,0.2528,0.1265
CUST1012998,2026-06,0.6695,0.12,0.4199,0.5133,0.3816,0.1196
CUST1012999,2026-06,0.6582,0.2049,0.4357,0.4637,0.2564,0.0784
CUST1013000,2026-06,0.5263,0.1265,0.341,0.0893999999999999,0.181,0.2065
CUST1013001,2026-06,0.43,0.5122,0.3277,0.2381,0.3535,0.0897
CUST1013002,2026-06,0.3138,0.2343,0.1567,0.4431,0.2819,0.01
CUST1013003,2026-06,0.7268,0.4517,0.4563,0.3941,0.2067,0.0845999999999999
CUST1013004,2026-06,0.523,0.4076,0.5014,0.1975,0.4293,0.01
CUST1013005,2026-06,0.4899,0.3379,0.4665,0.4735,0.2138,0.2113
CUST1013006,2026-06,0.2587,0.2222,0.2007,0.3835,0.1922,0.397
CUST1013007,2026-06,0.4368,0.1109,0.336,0.2824,0.5561,0.1171
CUST1013008,2026-06,0.4225,0.01,0.2272,0.2749,0.3387,0.0301
CUST1013009,2026-06,0.3782,0.0303,0.1853,0.2552,0.2301,0.1443
CUST1013010,2026-06,0.3376,0.3924,0.6088,0.405,0.1871,0.5023
CUST1013011,2026-06,0.2784,0.01,0.1196,0.2957,0.3671,0.1623
CUST1013012,2026-06,0.426,0.5519,0.6591,0.4572,0.4002,0.205
CUST1013013,2026-06,0.3617,0.5877,0.5256,0.2902,0.4756,0.2145
CUST1013014,2026-06,0.5041,0.5138,0.2969,0.5385,0.2849,0.1071
CUST1013015,2026-06,0.3367,0.4596,0.2615,0.4275,0.4782,0.3494
CUST1013016,2026-06,0.2582,0.2761,0.1426,0.1103,0.5851,0.1486
CUST1013017,2026-06,0.5949,0.1133,0.2671,0.3654,0.2447,0.5502
CUST1013018,2026-06,0.6084,0.1357,0.1692,0.4927,0.0629,0.2306
CUST1013019,2026-06,0.5404,0.3923,0.4609,0.2081,0.3879,0.183
CUST1013020,2026-06,0.1566,0.138,0.0906,0.2585,0.3518,0.1872
CUST1013021,2026-06,0.1787,0.01,0.2221,0.024,0.3774,0.1989
CUST1013022,2026-06,0.3902,0.3262,0.4869,0.4272,0.1539,0.1302
CUST1013023,2026-06,0.7271,0.3552,0.5531,0.2568,0.2063,0.1819
CUST1013024,2026-06,0.4289,0.5224,0.3642,0.362,0.2971,0.5268
CUST1013025,2026-06,0.2245,0.1647,0.1115,0.3304,0.238,0.0342
CUST1013026,2026-06,0.5118,0.384,0.5562,0.4392,0.4444,0.1909
CUST1013027,2026-06,0.6316,0.1843,0.453,0.4099,0.2455,0.2693
CUST1013028,2026-06,0.3522,0.4422,0.5666,0.4945,0.3796,0.2556
CUST1013029,2026-06,0.7345,0.2429,0.5249,0.5485,0.2396,0.0452
CUST1013030,2026-06,0.3583,0.4986,0.3177,0.3752,0.2545,0.4622
CUST1013031,2026-06,0.5871,0.2244,0.411,0.4751,0.275,0.1346
CUST1013032,2026-06,0.6124,0.1956,0.4114,0.3951,0.2992,0.062
CUST1013033,2026-06,0.2379,0.3881,0.2231,0.2321,0.4451,0.1255
CUST1013034,2026-06,0.144,0.3455,0.0868,0.2201,0.4181,0.01
CUST1013035,2026-06,0.5058,0.4006,0.0281,0.1946,0.3508,0.0759
CUST1013036,2026-06,0.1881,0.4167,0.4941,0.4407,0.412,0.5867
CUST1013037,2026-06,0.2656,0.5135,0.4265,0.2161,0.3369,0.0742
CUST1013038,2026-06,0.4092,0.3153,0.3243,0.4044,0.4892,0.1602
CUST1013039,2026-06,0.0897,0.2996,0.2246,0.2724,0.4742,0.1216
CUST1013040,2026-06,0.4879,0.3109,0.782,0.5046,0.4129,0.1791
CUST1013041,2026-06,0.5828,0.2836,0.6749,0.4443,0.4964,0.0985999999999999
CUST1013042,2026-06,0.1142,0.3789,0.0483,0.2082,0.58,0.3433
CUST1013043,2026-06,0.6181,0.4792,0.4174,0.4853,0.2769,0.1471
CUST1013044,2026-06,0.3073,0.1663,0.01,0.1638,0.3343,0.1555
CUST1013045,2026-06,0.6205,0.4696,0.4981,0.4853,0.3109,0.1972
CUST1013046,2026-06,0.381,0.2956,0.1487,0.3021,0.5267,0.1016
CUST1013047,2026-06,0.5143,0.0835,0.1226,0.3738,0.199,0.3123
CUST1013048,2026-06,0.2487,0.0855,0.0544,0.1798,0.1518,0.0714
CUST1013049,2026-06,0.5588,0.4723,0.5898,0.3786,0.3269,0.2051
CUST1013050,2026-06,0.3125,0.3026,0.3643,0.1931,0.5915,0.2546
CUST1013051,2026-06,0.419,0.01,0.0937,0.1538,0.5331,0.1749
CUST1013052,2026-06,0.4929,0.4356,0.5461,0.2657,0.453,0.2539
CUST1013053,2026-06,0.5536,0.2402,0.2818,0.2564,0.1781,0.5309
CUST1013054,2026-06,0.6263,0.2164,0.3904,0.2865,0.2761,0.2475
CUST1013055,2026-06,0.5718,0.324,0.4465,0.4832,0.3734,0.1465
CUST1013056,2026-06,0.5682,0.1269,0.3376,0.2446,0.3255,0.1335
CUST1013057,2026-06,0.4292,0.3815,0.1547,0.5361,0.6206,0.1395
CUST1013058,2026-06,0.6404,0.2715,0.5007,0.1802,0.3275,0.3064
CUST1013059,2026-06,0.6714,0.2943,0.4427,0.2528,0.3158,0.1744
CUST1013060,2026-06,0.2783,0.3474,0.2381,0.4184,0.2813,0.2951
CUST1013061,2026-06,0.6984,0.2578,0.393,0.3084,0.2303,0.1996
CUST1013062,2026-06,0.5066,0.01,0.0277,0.1928,0.315,0.2357
CUST1013063,2026-06,0.2425,0.107,0.3274,0.1577,0.2862,0.1196
CUST1013064,2026-06,0.4134,0.4255,0.3096,0.2684,0.5134,0.213
CUST1013065,2026-06,0.2347,0.2984,0.5691,0.2258,0.2868,0.4879
CUST1013066,2026-06,0.5446,0.2517,0.3722,0.4586,0.2948,0.1703
CUST1013067,2026-06,0.5245,0.2557,0.4098,0.3681,0.2353,0.2844
CUST1013068,2026-06,0.4782,0.1941,0.4251,0.2968,0.3383,0.2528
CUST1013069,2026-06,0.1521,0.01,0.0543,0.105,0.4903,0.1376
CUST1013070,2026-06,0.4209,0.3508,0.667,0.5764,0.2504,0.4321
CUST1013071,2026-06,0.5529,0.2318,0.5414,0.2071,0.2253,0.3933
CUST1013072,2026-06,0.4036,0.4706,0.2812,0.1166,0.2925,0.1567
CUST1013073,2026-06,0.4045,0.4128,0.5736,0.19,0.3932,0.2255
CUST1013074,2026-06,0.5001,0.2594,0.4163,0.5261,0.3345,0.101
CUST1013075,2026-06,0.4591,0.3905,0.4547,0.226,0.3387,0.6263
CUST1013076,2026-06,0.6215,0.2057,0.4833,0.5162,0.3583,0.1491
CUST1013077,2026-06,0.3811,0.3305,0.2853,0.4487,0.3195,0.2098
CUST1013078,2026-06,0.1968,0.2861,0.0665,0.2424,0.285,0.1521
CUST1013079,2026-06,0.4125,0.01,0.1529,0.1928,0.3948,0.2065
CUST1013080,2026-06,0.4408,0.1929,0.01,0.3866,0.2198,0.1809
CUST1013081,2026-06,0.5096,0.4231,0.3744,0.2592,0.4302,0.276
CUST1013082,2026-06,0.2892,0.4076,0.655,0.1257,0.4502,0.2586
CUST1013083,2026-06,0.2333,0.4888,0.391,0.4541,0.3494,0.1402
CUST1013084,2026-06,0.3863,0.4524,0.5615,0.3544,0.4406,0.1004
CUST1013085,2026-06,0.5292,0.3298,0.4563,0.5537,0.5318,0.3641
CUST1013086,2026-06,0.4381,0.5198,0.6527,0.2412,0.4016,0.1543
CUST1013087,2026-06,0.4865,0.2876,0.2662,0.4513,0.4635,0.108
CUST1013088,2026-06,0.2432,0.021,0.3054,0.3204,0.3161,0.1645
CUST1013089,2026-06,0.5589,0.479,0.4619,0.4989,0.289,0.1642
CUST1013090,2026-06,0.5868,0.4655,0.3307,0.3343,0.3763,0.1382
CUST1013091,2026-06,0.3986,0.5217,0.3776,0.4152,0.5886,0.1631
CUST1013092,2026-06,0.4317,0.4077,0.5324,0.2471,0.5294,0.1712
CUST1013093,2026-06,0.5846,0.1973,0.4714,0.3908,0.1938,0.2619
CUST1013094,2026-06,0.6055,0.4133,0.515,0.5783,0.1193,0.1883
CUST1013095,2026-06,0.4316,0.3732,0.4967,0.3765,0.3981,0.2654
CUST1013096,2026-06,0.4698,0.0154,0.1548,0.4889,0.2437,0.2247
CUST1013097,2026-06,0.3004,0.5475,0.4959,0.3646,0.123,0.1297
CUST1013098,2026-06,0.7143,0.1435,0.25,0.3217,0.0289,0.1055
CUST1013099,2026-06,0.3534,0.3903,0.5564,0.5246,0.5798,0.3334
CUST1013100,2026-06,0.3814,0.4975,0.3029,0.5206,0.4315,0.5098
CUST1013101,2026-06,0.1983,0.1827,0.2481,0.2333,0.5286,0.1758
CUST1013102,2026-06,0.2922,0.4074,0.2967,0.3857,0.3889,0.356
CUST1013103,2026-06,0.6812,0.4259,0.5285,0.5132,0.5222,0.0772999999999999
CUST1013104,2026-06,0.3186,0.01,0.2456,0.4155,0.1876,0.1029
CUST1013105,2026-06,0.1566,0.2024,0.1543,0.2323,0.4206,0.1835
CUST1013106,2026-06,0.3895,0.358,0.5944,0.6098,0.3439,0.2663
CUST1013107,2026-06,0.6516,0.3739,0.5405,0.3376,0.2882,0.2777
CUST1013108,2026-06,0.3992,0.2479,0.4553,0.4779,0.5406,0.1224
CUST1013109,2026-06,0.3213,0.4953,0.4973,0.4606,0.1269,0.1049
CUST1013110,2026-06,0.4735,0.4564,0.3625,0.2209,0.3696,0.2557
CUST1013111,2026-06,0.652,0.2914,0.6411,0.383,0.4026,0.1231
CUST1013112,2026-06,0.5596,0.0998,0.294,0.365,0.3647,0.08
CUST1013113,2026-06,0.3995,0.3192,0.4363,0.2453,0.347,0.1105
CUST1013114,2026-06,0.2578,0.2287,0.2763,0.3098,0.5095,0.0521
CUST1013115,2026-06,0.496,0.1759,0.3686,0.2347,0.2302,0.2425
CUST1013116,2026-06,0.6407,0.4239,0.4748,0.5616,0.1471,0.1339
CUST1013117,2026-06,0.5847,0.0814,0.4566,0.2554,0.5583,0.2212
CUST1013118,2026-06,0.0912,0.1118,0.3575,0.3135,0.3658,0.1391
CUST1013119,2026-06,0.3243,0.4576,0.2573,0.4518,0.3848,0.0877
CUST1013120,2026-06,0.4541,0.01,0.21,0.3506,0.339,0.1806
CUST1013121,2026-06,0.4435,0.4024,0.6579,0.122,0.4434,0.0765
CUST1013122,2026-06,0.3061,0.2988,0.4224,0.3206,0.3478,0.1124
CUST1013123,2026-06,0.5637,0.3561,0.3555,0.4291,0.296,0.1269
CUST1013124,2026-06,0.119,0.1527,0.01,0.1422,0.4581,0.1264
CUST1013125,2026-06,0.3567,0.4475,0.4506,0.3836,0.3887,0.1205
CUST1013126,2026-06,0.0393,0.4283,0.1636,0.2659,0.5867,0.1962
CUST1013127,2026-06,0.226,0.2967,0.2046,0.4056,0.4065,0.2676
CUST1013128,2026-06,0.2533,0.2696,0.284,0.2518,0.5198,0.1555
CUST1013129,2026-06,0.7858,0.149,0.4544,0.3577,0.3673,0.1583
CUST1013130,2026-06,0.3805,0.2673,0.1411,0.2877,0.1289,0.6661
CUST1013131,2026-06,0.2145,0.01,0.1308,0.0759,0.3655,0.2096
CUST1013132,2026-06,0.6415,0.2262,0.4573,0.4093,0.2888,0.0529
CUST1013133,2026-06,0.6285,0.1402,0.556,0.2762,0.1098,0.6401
CUST1013134,2026-06,0.4951,0.3611,0.2602,0.2727,0.1329,0.5377
CUST1013135,2026-06,0.6826,0.2791,0.3073,0.3009,0.2971,0.3505
CUST1013136,2026-06,0.4317,0.0855,0.1807,0.3768,0.1633,0.6943
CUST1013137,2026-06,0.3455,0.3149,0.5291,0.2953,0.5013,0.2105
CUST1013138,2026-06,0.3238,0.0575,0.2335,0.2982,0.1662,0.243
CUST1013139,2026-06,0.6432,0.2973,0.4088,0.2832,0.3952,0.1828
CUST1013140,2026-06,0.5215,0.3861,0.4051,0.4431,0.2286,0.3188
CUST1013141,2026-06,0.4834,0.2049,0.2299,0.406,0.3734,0.2064
CUST1013142,2026-06,0.2529,0.1147,0.0396,0.273,0.2878,0.0814
CUST1013143,2026-06,0.4503,0.0973,0.1553,0.2679,0.4046,0.1644
CUST1013144,2026-06,0.5242,0.1433,0.3289,0.2459,0.2892,0.29
CUST1013145,2026-06,0.3591,0.0649,0.0828,0.476,0.6502,0.2991
CUST1013146,2026-06,0.6258,0.2308,0.4167,0.2488,0.2007,0.1042
CUST1013147,2026-06,0.4174,0.3774,0.2631,0.2617,0.2826,0.2695
CUST1013148,2026-06,0.4635,0.4612,0.7101,0.4417,0.4427,0.1895
CUST1013149,2026-06,0.639,0.46,0.2842,0.3932,0.3799,0.3101
CUST1013150,2026-06,0.5415,0.4383,0.518,0.3726,0.5923,0.1802
CUST1013151,2026-06,0.5206,0.3239,0.5492,0.5415,0.4448,0.0113
CUST1013152,2026-06,0.4845,0.5088,0.3988,0.2516,0.4412,0.1605
CUST1013153,2026-06,0.7071,0.1805,0.3945,0.3099,0.2559,0.2355
CUST1013154,2026-06,0.387,0.1169,0.2712,0.4719,0.1749,0.1861
CUST1013155,2026-06,0.4278,0.212,0.0859,0.4174,0.413,0.0738999999999999
CUST1013156,2026-06,0.4817,0.3664,0.438,0.4406,0.4355,0.0997
CUST1013157,2026-06,0.4619,0.4341,0.3337,0.3685,0.3357,0.1623
CUST1013158,2026-06,0.6573,0.3412,0.3755,0.3312,0.4381,0.01
CUST1013159,2026-06,0.379,0.3771,0.4666,0.2388,0.5058,0.2238
CUST1013160,2026-06,0.5354,0.313,0.1285,0.3544,0.3307,0.1741
CUST1013161,2026-06,0.513,0.1357,0.2733,0.1086,0.2274,0.3287
CUST1013162,2026-06,0.268,0.0886,0.1957,0.1798,0.3874,0.2152
CUST1013163,2026-06,0.1412,0.01,0.3746,0.1226,0.6482,0.1202
CUST1013164,2026-06,0.7411,0.1983,0.4991,0.3278,0.2093,0.2717
CUST1013165,2026-06,0.4305,0.1426,0.5983,0.1187,0.289,0.2125
CUST1013166,2026-06,0.5621,0.4577,0.6039,0.4374,0.3065,0.148
CUST1013167,2026-06,0.5272,0.3421,0.4752,0.5047,0.3005,0.173
CUST1013168,2026-06,0.4762,0.2304,0.1092,0.293,0.2125,0.2254
CUST1013169,2026-06,0.4444,0.4248,0.5426,0.4207,0.4108,0.199
CUST1013170,2026-06,0.5347,0.2469,0.4967,0.3898,0.5314,0.2954
CUST1013171,2026-06,0.1985,0.3632,0.0879999999999999,0.3363,0.2576,0.01
CUST1013172,2026-06,0.2395,0.0474,0.1614,0.1705,0.3531,0.3365
CUST1013173,2026-06,0.4617,0.428,0.2435,0.2944,0.3192,0.167
CUST1013174,2026-06,0.3035,0.1859,0.1606,0.2109,0.5007,0.1684
CUST1013175,2026-06,0.4518,0.4196,0.3598,0.2893,0.5933,0.1599
CUST1013176,2026-06,0.4266,0.2945,0.4557,0.3274,0.2167,0.191
CUST1013177,2026-06,0.7007,0.2016,0.3337,0.2655,0.2858,0.3182
CUST1013178,2026-06,0.5449,0.3245,0.7418,0.4292,0.2401,0.2386
CUST1013179,2026-06,0.3398,0.1623,0.1767,0.4135,0.3778,0.0859999999999999
CUST1013180,2026-06,0.4311,0.3273,0.4944,0.366,0.2294,0.1202
CUST1013181,2026-06,0.5393,0.3269,0.5057,0.2494,0.1683,0.2783
CUST1013182,2026-06,0.1818,0.1724,0.1845,0.2569,0.4153,0.1234
CUST1013183,2026-06,0.3857,0.4664,0.51,0.2836,0.4167,0.01
CUST1013184,2026-06,0.2167,0.2611,0.441,0.4858,0.3117,0.0333
CUST1013185,2026-06,0.4232,0.4659,0.3154,0.3175,0.3629,0.0429
CUST1013186,2026-06,0.4526,0.1098,0.1741,0.6005,0.38,0.1232
CUST1013187,2026-06,0.5573,0.1539,0.5398,0.4584,0.2721,0.3809
CUST1013188,2026-06,0.197,0.3769,0.3602,0.4767,0.4908,0.5891
CUST1013189,2026-06,0.5678,0.36,0.5016,0.2112,0.3132,0.2546
CUST1013190,2026-06,0.456,0.1707,0.4187,0.3635,0.2937,0.2839
CUST1013191,2026-06,0.5673,0.3778,0.3591,0.5289,0.2528,0.2076
CUST1013192,2026-06,0.5388,0.3478,0.6393,0.3141,0.2794,0.1342
CUST1013193,2026-06,0.3143,0.3293,0.6752,0.1903,0.1909,0.1955
CUST1013194,2026-06,0.6655,0.2618,0.2403,0.2681,0.178,0.1579
CUST1013195,2026-06,0.3116,0.3465,0.3363,0.5551,0.7888,0.1314
CUST1013196,2026-06,0.2813,0.3286,0.2505,0.3761,0.3634,0.1555
CUST1013197,2026-06,0.6143,0.3913,0.6212,0.2753,0.1711,0.1357
CUST1013198,2026-06,0.4872,0.2734,0.3385,0.1157,0.4165,0.2556
CUST1013199,2026-06,0.7824,0.2999,0.5517,0.4049,0.2622,0.1066
CUST1013200,2026-06,0.7792,0.4212,0.4177,0.5087,0.2277,0.1765
CUST1013201,2026-06,0.3686,0.2831,0.5282,0.0356,0.257,0.559
CUST1013202,2026-06,0.4497,0.4021,0.5947,0.5275,0.5158,0.3506
CUST1013203,2026-06,0.3511,0.198,0.1574,0.1274,0.3193,0.2122
CUST1013204,2026-06,0.213,0.4494,0.4549,0.4468,0.2779,0.3367
CUST1013205,2026-06,0.3283,0.3078,0.4181,0.1676,0.2891,0.187
CUST1013206,2026-06,0.5725,0.4952,0.5996,0.4109,0.253,0.2265
CUST1013207,2026-06,0.7379,0.3223,0.7314,0.1535,0.3092,0.0693
CUST1013208,2026-06,0.6132,0.4196,0.7112,0.549,0.2271,0.2185
CUST1013209,2026-06,0.2712,0.3029,0.0535,0.3672,0.2109,0.094
CUST1013210,2026-06,0.3128,0.1736,0.1456,0.2203,0.1827,0.1834
CUST1013211,2026-06,0.4228,0.5443,0.3054,0.3327,0.6706,0.3642
CUST1013212,2026-06,0.2084,0.242,0.1889,0.3227,0.2712,0.1755
CUST1013213,2026-06,0.5047,0.5543,0.2322,0.5092,0.4124,0.2573
CUST1013214,2026-06,0.4801,0.4858,0.425,0.182,0.3728,0.1877
CUST1013215,2026-06,0.6593,0.186,0.4306,0.3291,0.2871,0.1294
CUST1013216,2026-06,0.3784,0.4341,0.4418,0.6005,0.5165,0.3141
CUST1013217,2026-06,0.3024,0.5217,0.2369,0.2597,0.4054,0.076
CUST1013218,2026-06,0.4673,0.01,0.1391,0.3236,0.3389,0.3363
CUST1013219,2026-06,0.3067,0.1585,0.1531,0.3163,0.538,0.1524
CUST1013220,2026-06,0.6404,0.1945,0.4684,0.2174,0.1758,0.2404
CUST1013221,2026-06,0.3843,0.1727,0.3962,0.208,0.3671,0.0908
CUST1013222,2026-06,0.4879,0.4368,0.6865,0.5024,0.4156,0.168
CUST1013223,2026-06,0.01,0.369,0.2491,0.2885,0.484,0.0464
CUST1013224,2026-06,0.3793,0.4251,0.3577,0.3388,0.4057,0.069
CUST1013225,2026-06,0.3772,0.345,0.3922,0.3144,0.3237,0.1893
CUST1013226,2026-06,0.4826,0.199,0.2637,0.4943,0.1928,0.227
CUST1013227,2026-06,0.369,0.4176,0.3989,0.3037,0.2958,0.0844
CUST1013228,2026-06,0.3579,0.1543,0.1956,0.2501,0.255,0.0745
CUST1013229,2026-06,0.3936,0.3403,0.3931,0.2802,0.3333,0.1825
CUST1013230,2026-06,0.5306,0.4407,0.6109,0.4524,0.2558,0.2357
CUST1013231,2026-06,0.5145,0.5349,0.5829,0.2056,0.4302,0.036
CUST1013232,2026-06,0.3974,0.01,0.2339,0.1148,0.2625,0.1186
CUST1013233,2026-06,0.0183,0.0192,0.1934,0.223,0.4522,0.0763
CUST1013234,2026-06,0.4987,0.3153,0.2163,0.461,0.3436,0.0471
CUST1013235,2026-06,0.7026,0.2979,0.3841,0.5082,0.2783,0.1467
CUST1013236,2026-06,0.6863,0.4287,0.2412,0.4549,0.178,0.1042
CUST1013237,2026-06,0.0702,0.0873,0.1685,0.2636,0.3458,0.1918
CUST1013238,2026-06,0.3487,0.3946,0.4186,0.3044,0.2893,0.2683
CUST1013239,2026-06,0.4887,0.3777,0.4367,0.5181,0.3915,0.1641
CUST1013240,2026-06,0.2755,0.4649,0.4754,0.52,0.3006,0.1926
CUST1013241,2026-06,0.3999,0.2039,0.01,0.6096,0.2784,0.2019
CUST1013242,2026-06,0.3079,0.1761,0.1147,0.3732,0.3244,0.0655
CUST1013243,2026-06,0.2878,0.01,0.0527,0.0685,0.2313,0.1985
CUST1013244,2026-06,0.6454,0.5685,0.5842,0.4695,0.3563,0.01
CUST1013245,2026-06,0.3303,0.01,0.2805,0.2079,0.4217,0.1657
CUST1013246,2026-06,0.2022,0.185,0.0888,0.1956,0.3622,0.1893
CUST1013247,2026-06,0.493,0.4328,0.6794,0.3753,0.238,0.1324
CUST1013248,2026-06,0.4782,0.4494,0.4809,0.2093,0.2461,0.1594
CUST1013249,2026-06,0.5814,0.2099,0.2757,0.31,0.2454,0.1275
CUST1013250,2026-06,0.3101,0.2591,0.4032,0.3014,0.4839,0.1044
CUST1013251,2026-06,0.0443,0.3001,0.0353,0.2722,0.2027,0.6492
CUST1013252,2026-06,0.3626,0.4382,0.5077,0.4071,0.429,0.1138
CUST1013253,2026-06,0.5288,0.3719,0.4117,0.4028,0.4045,0.2098
CUST1013254,2026-06,0.5652,0.1898,0.4241,0.3094,0.2643,0.1696
CUST1013255,2026-06,0.5527,0.3613,0.2681,0.315,0.4172,0.1224
CUST1013256,2026-06,0.6392,0.2045,0.417,0.5805,0.224,0.1964
CUST1013257,2026-06,0.4221,0.3245,0.4248,0.3987,0.2187,0.256
CUST1013258,2026-06,0.1909,0.2759,0.1735,0.5925,0.3338,0.0926
CUST1013259,2026-06,0.4789,0.216,0.428,0.5354,0.3597,0.1453
CUST1013260,2026-06,0.6857,0.1793,0.5906,0.3261,0.26,0.2069
CUST1013261,2026-06,0.5524,0.2157,0.2216,0.4574,0.313,0.0602
CUST1013262,2026-06,0.2618,0.3105,0.2236,0.3457,0.5442,0.197
CUST1013263,2026-06,0.3239,0.354,0.3733,0.3829,0.3653,0.5107
CUST1013264,2026-06,0.2202,0.0617,0.01,0.44,0.3409,0.497
CUST1013265,2026-06,0.2628,0.0956,0.0905,0.1643,0.2561,0.1756
CUST1013266,2026-06,0.2412,0.2873,0.3111,0.2658,0.1433,0.3779
CUST1013267,2026-06,0.4028,0.2014,0.224,0.01,0.5709,0.1719
CUST1013268,2026-06,0.3799,0.2367,0.3408,0.3355,0.5407,0.0917
CUST1013269,2026-06,0.5421,0.3392,0.5174,0.3041,0.4512,0.1248
CUST1013270,2026-06,0.256,0.1536,0.0532,0.5812,0.2642,0.3039
CUST1013271,2026-06,0.3039,0.349,0.0843,0.3416,0.1918,0.0599
CUST1013272,2026-06,0.3696,0.2443,0.4124,0.2114,0.4029,0.2544
CUST1013273,2026-06,0.2539,0.1613,0.2683,0.2694,0.2737,0.168
CUST1013274,2026-06,0.5843,0.3152,0.4894,0.6526,0.322,0.2368
CUST1013275,2026-06,0.4721,0.4517,0.8377,0.2068,0.3967,0.0818
CUST1013276,2026-06,0.6182,0.3465,0.3275,0.2231,0.215,0.1394
CUST1013277,2026-06,0.3565,0.4856,0.3339,0.5384,0.3844,0.0319
CUST1013278,2026-06,0.3042,0.3341,0.5296,0.5998,0.6809,0.2004
CUST1013279,2026-06,0.1121,0.3292,0.1106,0.2585,0.318,0.231
CUST1013280,2026-06,0.6515,0.2676,0.6643,0.1829,0.3889,0.0685
CUST1013281,2026-06,0.3928,0.3959,0.378,0.3693,0.3659,0.5812
CUST1013282,2026-06,0.3913,0.2138,0.5177,0.1526,0.6262,0.01
CUST1013283,2026-06,0.3792,0.082,0.2086,0.42,0.2355,0.0699
CUST1013284,2026-06,0.547,0.3627,0.381,0.6702,0.4675,0.1962
CUST1013285,2026-06,0.1142,0.3949,0.1158,0.2821,0.1864,0.1449
CUST1013286,2026-06,0.4993,0.44,0.4117,0.3667,0.4057,0.0981
CUST1013287,2026-06,0.269,0.01,0.1499,0.1017,0.2006,0.2669
CUST1013288,2026-06,0.2322,0.1625,0.6305,0.3204,0.2845,0.3679
CUST1013289,2026-06,0.4818,0.251,0.4044,0.2692,0.3319,0.2353
CUST1013290,2026-06,0.6899,0.3088,0.5815,0.548,0.0359,0.1862
CUST1013291,2026-06,0.4361,0.0869,0.3203,0.1592,0.3031,0.1285
CUST1013292,2026-06,0.3391,0.3138,0.3587,0.2953,0.5213,0.1274
CUST1013293,2026-06,0.5401,0.3151,0.4231,0.4875,0.3546,0.3173
CUST1013294,2026-06,0.7694,0.399,0.5928,0.4599,0.2385,0.0485
CUST1013295,2026-06,0.4505,0.3951,0.6424,0.1207,0.3412,0.2946
CUST1013296,2026-06,0.5462,0.4149,0.2977,0.6095,0.4301,0.186
CUST1013297,2026-06,0.3245,0.3343,0.295,0.5271,0.4902,0.2622
CUST1013298,2026-06,0.2784,0.376,0.0425,0.5435,0.3577,0.2577
CUST1013299,2026-06,0.3726,0.6493,0.738,0.3587,0.308,0.2409
CUST1013300,2026-06,0.5669,0.2575,0.2647,0.4533,0.4722,0.01
CUST1013301,2026-06,0.1745,0.1065,0.2529,0.3838,0.3413,0.1372
CUST1013302,2026-06,0.5848,0.4375,0.6221,0.5349,0.4443,0.2888
CUST1013303,2026-06,0.3058,0.2913,0.3425,0.2788,0.2957,0.1547
CUST1013304,2026-06,0.7104,0.2718,0.3985,0.0124,0.052,0.1477
CUST1013305,2026-06,0.1531,0.1873,0.1129,0.3177,0.3296,0.2182
CUST1013306,2026-06,0.4618,0.5355,0.7149,0.5376,0.1996,0.3756
CUST1013307,2026-06,0.3147,0.2403,0.1104,0.2413,0.3266,0.0363
CUST1013308,2026-06,0.6813,0.5911,0.31,0.4818,0.4238,0.2785
CUST1013309,2026-06,0.5286,0.4794,0.4721,0.4861,0.4032,0.0823
CUST1013310,2026-06,0.3655,0.1994,0.3711,0.1426,0.6468,0.1796
CUST1013311,2026-06,0.3438,0.5489,0.5307,0.2269,0.228,0.2249
CUST1013312,2026-06,0.3886,0.01,0.153,0.3658,0.2992,0.2711
CUST1013313,2026-06,0.4444,0.196,0.4024,0.2424,0.377,0.1677
CUST1013314,2026-06,0.1798,0.2496,0.2861,0.1126,0.4742,0.1691
CUST1013315,2026-06,0.4837,0.1387,0.426,0.0859999999999999,0.4731,0.0896
CUST1013316,2026-06,0.5718,0.3512,0.4248,0.3779,0.1084,0.0905
CUST1013317,2026-06,0.1724,0.3706,0.2435,0.3137,0.2315,0.5962
CUST1013318,2026-06,0.4499,0.278,0.4295,0.302,0.3691,0.3871
CUST1013319,2026-06,0.4549,0.4256,0.5465,0.5212,0.2738,0.132
CUST1013320,2026-06,0.3424,0.3662,0.5112,0.1283,0.4533,0.2334
CUST1013321,2026-06,0.3206,0.3418,0.2947,0.3514,0.3647,0.2661
CUST1013322,2026-06,0.5285,0.3969,0.4463,0.1885,0.2892,0.0432
CUST1013323,2026-06,0.8022,0.3518,0.3281,0.5035,0.1726,0.202
CUST1013324,2026-06,0.6516,0.3333,0.4468,0.404,0.5489,0.1746
CUST1013325,2026-06,0.5883,0.4667,0.7834,0.4032,0.2359,0.2458
CUST1013326,2026-06,0.3582,0.01,0.1515,0.3715,0.2273,0.2465
CUST1013327,2026-06,0.591,0.1347,0.3006,0.0407,0.4977,0.0408
CUST1013328,2026-06,0.1962,0.2456,0.1774,0.3174,0.3114,0.0339
CUST1013329,2026-06,0.5309,0.144,0.4552,0.297,0.2799,0.1752
CUST1013330,2026-06,0.5113,0.5482,0.5602,0.4912,0.4084,0.159
CUST1013331,2026-06,0.4338,0.3299,0.5521,0.4453,0.4941,0.1999
CUST1013332,2026-06,0.3393,0.6023,0.5509,0.3052,0.3662,0.2338
CUST1013333,2026-06,0.3993,0.1661,0.1355,0.3154,0.3821,0.1296
CUST1013334,2026-06,0.3895,0.5853,0.3697,0.3776,0.3472,0.1338
CUST1013335,2026-06,0.159,0.2469,0.1134,0.4803,0.4636,0.0888
CUST1013336,2026-06,0.4791,0.3718,0.2918,0.2755,0.4626,0.2914
CUST1013337,2026-06,0.5138,0.4758,0.3845,0.6379,0.3179,0.01
CUST1013338,2026-06,0.4226,0.4121,0.2449,0.3099,0.2254,0.1848
CUST1013339,2026-06,0.4516,0.4368,0.3894,0.4544,0.4525,0.1874
CUST1013340,2026-06,0.1119,0.4185,0.1916,0.1778,0.2764,0.1571
CUST1013341,2026-06,0.6633,0.2709,0.3874,0.2414,0.1897,0.3897
CUST1013342,2026-06,0.2608,0.2016,0.2375,0.5068,0.3781,0.3731
CUST1013343,2026-06,0.5091,0.53,0.6809,0.3676,0.4305,0.1235
CUST1013344,2026-06,0.1674,0.0827,0.0117,0.1704,0.6124,0.264
CUST1013345,2026-06,0.3481,0.0616,0.1256,0.1723,0.0961999999999999,0.281
CUST1013346,2026-06,0.3814,0.1742,0.5237,0.3918,0.4016,0.1538
CUST1013347,2026-06,0.44,0.2447,0.4554,0.3755,0.5362,0.1604
CUST1013348,2026-06,0.4967,0.3608,0.25,0.2831,0.4416,0.3088
CUST1013349,2026-06,0.5865,0.147,0.343,0.0229,0.1944,0.3043
CUST1013350,2026-06,0.728,0.1791,0.3128,0.3969,0.2473,0.2346
CUST1013351,2026-06,0.3261,0.3587,0.5564,0.227,0.2834,0.2249
CUST1013352,2026-06,0.6371,0.033,0.3559,0.1112,0.3266,0.3839
CUST1013353,2026-06,0.785,0.2467,0.4105,0.3193,0.1953,0.3546
CUST1013354,2026-06,0.6205,0.3509,0.5668,0.5289,0.3654,0.2388
CUST1013355,2026-06,0.3269,0.0543,0.01,0.3125,0.4321,0.129
CUST1013356,2026-06,0.3946,0.3611,0.4227,0.3947,0.6024,0.3093
CUST1013357,2026-06,0.4616,0.063,0.0139,0.1871,0.5156,0.3751
CUST1013358,2026-06,0.5066,0.4432,0.4799,0.5163,0.4867,0.2188
CUST1013359,2026-06,0.3558,0.2581,0.1252,0.1983,0.2509,0.0979
CUST1013360,2026-06,0.2949,0.3408,0.2315,0.514,0.3758,0.2698
CUST1013361,2026-06,0.537,0.4893,0.4245,0.3118,0.2636,0.1866
CUST1013362,2026-06,0.4605,0.2289,0.1082,0.1433,0.3581,0.101
CUST1013363,2026-06,0.4135,0.3754,0.5643,0.3814,0.3332,0.1199
CUST1013364,2026-06,0.4556,0.01,0.2072,0.2183,0.2234,0.1273
CUST1013365,2026-06,0.2222,0.1575,0.2293,0.5734,0.4996,0.0835
CUST1013366,2026-06,0.2159,0.6212,0.4892,0.4575,0.4674,0.044
CUST1013367,2026-06,0.501,0.4749,0.5017,0.5695,0.4325,0.2191
CUST1013368,2026-06,0.4783,0.3639,0.4999,0.3915,0.2976,0.1022
CUST1013369,2026-06,0.1066,0.01,0.1565,0.2349,0.3731,0.2006
CUST1013370,2026-06,0.4378,0.3485,0.4293,0.4799,0.6067,0.0815
CUST1013371,2026-06,0.4857,0.1497,0.4187,0.4516,0.2103,0.2777
CUST1013372,2026-06,0.595,0.2878,0.3539,0.3473,0.4907,0.1446
CUST1013373,2026-06,0.4438,0.1666,0.2688,0.4453,0.2307,0.1606
CUST1013374,2026-06,0.546,0.3055,0.6532,0.3667,0.267,0.0814
CUST1013375,2026-06,0.7589,0.202,0.3977,0.5892,0.1361,0.1959
CUST1013376,2026-06,0.6379,0.415,0.3643,0.3854,0.4467,0.1366
CUST1013377,2026-06,0.7286,0.4555,0.6032,0.4736,0.2851,0.2654
CUST1013378,2026-06,0.5651,0.4339,0.6113,0.4844,0.4387,0.3183
CUST1013379,2026-06,0.1979,0.2729,0.3331,0.1343,0.5692,0.1944
CUST1013380,2026-06,0.4753,0.5229,0.423,0.3663,0.4126,0.1177
CUST1013381,2026-06,0.2854,0.1457,0.1872,0.5556,0.4824,0.0987
CUST1013382,2026-06,0.295,0.2359,0.165,0.228,0.3194,0.0462
CUST1013383,2026-06,0.2034,0.41,0.3031,0.3454,0.3916,0.1878
CUST1013384,2026-06,0.7743,0.169,0.3343,0.3631,0.2507,0.2419
CUST1013385,2026-06,0.5339,0.1969,0.3527,0.5307,0.4117,0.1901
CUST1013386,2026-06,0.4266,0.4808,0.3263,0.3709,0.2913,0.1526
CUST1013387,2026-06,0.4197,0.4606,0.653,0.4642,0.4604,0.01
CUST1013388,2026-06,0.4783,0.2139,0.103,0.3623,0.2382,0.2566
CUST1013389,2026-06,0.043,0.1878,0.2185,0.1981,0.2733,0.0299
CUST1013390,2026-06,0.6909,0.076,0.2972,0.3547,0.2432,0.1682
CUST1013391,2026-06,0.567,0.3698,0.3079,0.2286,0.235,0.1158
CUST1013392,2026-06,0.631,0.2007,0.4499,0.3933,0.3614,0.1268
CUST1013393,2026-06,0.7584,0.2856,0.3557,0.4082,0.3595,0.0999
CUST1013394,2026-06,0.1315,0.2479,0.1407,0.5741,0.3115,0.2415
CUST1013395,2026-06,0.5339,0.154,0.3872,0.2432,0.2469,0.1118
CUST1013396,2026-06,0.7434,0.2665,0.4275,0.4946,0.0276,0.2152
CUST1013397,2026-06,0.6563,0.3969,0.502,0.4076,0.3955,0.0994
CUST1013398,2026-06,0.4581,0.01,0.2209,0.6156,0.2957,0.3307
CUST1013399,2026-06,0.4213,0.204,0.1517,0.4183,0.1495,0.5301
CUST1013400,2026-06,0.713,0.3733,0.4675,0.1308,0.3648,0.1993
CUST1013401,2026-06,0.6462,0.2539,0.383,0.232,0.2067,0.6123
CUST1013402,2026-06,0.4578,0.4611,0.3271,0.1475,0.4466,0.2388
CUST1013403,2026-06,0.2042,0.0287,0.3344,0.1991,0.2053,0.1715
CUST1013404,2026-06,0.4007,0.3176,0.2939,0.4262,0.396,0.1715
CUST1013405,2026-06,0.4393,0.0828,0.3181,0.4951,0.4985,0.1324
CUST1013406,2026-06,0.1051,0.2179,0.2794,0.2984,0.2947,0.0854
CUST1013407,2026-06,0.2844,0.3719,0.1397,0.5446,0.3996,0.0983
CUST1013408,2026-06,0.0896,0.2794,0.0504,0.2108,0.4502,0.6296
CUST1013409,2026-06,0.5032,0.4213,0.5811,0.4338,0.296,0.1978
CUST1013410,2026-06,0.2406,0.3517,0.0347,0.5098,0.2339,0.3255
CUST1013411,2026-06,0.4338,0.2638,0.1366,0.569,0.3618,0.2167
CUST1013412,2026-06,0.2806,0.3976,0.6133,0.3614,0.3778,0.1547
CUST1013413,2026-06,0.5711,0.1826,0.3465,0.2945,0.294,0.2606
CUST1013414,2026-06,0.4308,0.5172,0.6725,0.2433,0.4193,0.1741
CUST1013415,2026-06,0.4843,0.2284,0.2062,0.0838,0.4939,0.2478
CUST1013416,2026-06,0.6733,0.323,0.3113,0.5566,0.3264,0.1663
CUST1013417,2026-06,0.6522,0.4526,0.4512,0.3967,0.4173,0.0568
CUST1013418,2026-06,0.3027,0.1177,0.0572,0.4052,0.1732,0.2281
CUST1013419,2026-06,0.4674,0.4143,0.3058,0.4621,0.4693,0.2287
CUST1013420,2026-06,0.4556,0.319,0.15,0.5345,0.3238,0.1522
CUST1013421,2026-06,0.1265,0.1306,0.1354,0.3033,0.3858,0.1508
CUST1013422,2026-06,0.2519,0.01,0.1347,0.5941,0.7253,0.3583
CUST1013423,2026-06,0.6247,0.3236,0.4335,0.01,0.3942,0.3178
CUST1013424,2026-06,0.7429,0.0666,0.3107,0.2576,0.2701,0.2049
CUST1013425,2026-06,0.3781,0.5218,0.3146,0.2851,0.3,0.1785
CUST1013426,2026-06,0.2091,0.4254,0.0788,0.1916,0.5444,0.1357
CUST1013427,2026-06,0.4441,0.2578,0.6131,0.4676,0.1318,0.2144
CUST1013428,2026-06,0.4524,0.3115,0.2557,0.5616,0.4256,0.1995
CUST1013429,2026-06,0.5785,0.462,0.3825,0.6322,0.3211,0.1117
CUST1013430,2026-06,0.5279,0.4342,0.3814,0.4341,0.6014,0.1978
CUST1013431,2026-06,0.6751,0.3267,0.4762,0.5708,0.1007,0.2118
CUST1013432,2026-06,0.6507,0.4798,0.6524,0.4658,0.2859,0.1247
CUST1013433,2026-06,0.4875,0.235,0.407,0.4646,0.5904,0.0504
CUST1013434,2026-06,0.3467,0.162,0.4076,0.4453,0.4695,0.1733
CUST1013435,2026-06,0.356,0.01,0.0443,0.0565,0.3914,0.4024
CUST1013436,2026-06,0.4329,0.4516,0.4503,0.494,0.4544,0.0959
CUST1013437,2026-06,0.463,0.458,0.47,0.5568,0.6646,0.1513
CUST1013438,2026-06,0.4001,0.01,0.0994,0.1999,0.2006,0.1054
CUST1013439,2026-06,0.5663,0.4445,0.5882,0.3646,0.2952,0.1131
CUST1013440,2026-06,0.3535,0.4192,0.4658,0.1481,0.3756,0.1957
CUST1013441,2026-06,0.6958,0.2582,0.6441,0.2589,0.2051,0.1177
CUST1013442,2026-06,0.4227,0.3419,0.386,0.5485,0.2448,0.5834
CUST1013443,2026-06,0.0735,0.2536,0.1472,0.2468,0.275,0.1686
CUST1013444,2026-06,0.3709,0.5275,0.4835,0.6015,0.2934,0.1812
CUST1013445,2026-06,0.595,0.4805,0.3486,0.3787,0.4539,0.1253
CUST1013446,2026-06,0.0987,0.1978,0.1967,0.5275,0.3396,0.443
CUST1013447,2026-06,0.3395,0.118,0.0976,0.3312,0.6376,0.1616
CUST1013448,2026-06,0.4155,0.4987,0.4516,0.536,0.288,0.6088
CUST1013449,2026-06,0.7496,0.3592,0.3054,0.3724,0.16,0.1725
CUST1013450,2026-06,0.5161,0.1256,0.3361,0.5666,0.366,0.1725
CUST1013451,2026-06,0.8745,0.3178,0.2789,0.405,0.1233,0.2466
CUST1013452,2026-06,0.17,0.2783,0.1104,0.1748,0.3212,0.2017
CUST1013453,2026-06,0.6114,0.2428,0.2238,0.4226,0.2558,0.3251
CUST1013454,2026-06,0.2003,0.3364,0.1746,0.227,0.223,0.1408
CUST1013455,2026-06,0.2786,0.01,0.1904,0.4904,0.5755,0.338
CUST1013456,2026-06,0.2416,0.2177,0.0385,0.3898,0.183,0.0927
CUST1013457,2026-06,0.5843,0.2485,0.4452,0.01,0.3218,0.2951
CUST1013458,2026-06,0.6059,0.2593,0.5471,0.4566,0.3036,0.2141
CUST1013459,2026-06,0.581,0.5423,0.5133,0.3306,0.3733,0.1988
CUST1013460,2026-06,0.4435,0.3188,0.4289,0.409,0.4674,0.0977
CUST1013461,2026-06,0.4604,0.3388,0.232,0.4857,0.4078,0.2537
CUST1013462,2026-06,0.6347,0.4667,0.3709,0.4431,0.4364,0.227
CUST1013463,2026-06,0.3209,0.2243,0.2647,0.2533,0.5549,0.1253
CUST1013464,2026-06,0.3669,0.2946,0.349,0.479,0.4583,0.2127
CUST1013465,2026-06,0.5781,0.4859,0.3506,0.2131,0.2831,0.1645
CUST1013466,2026-06,0.5101,0.498,0.4607,0.484,0.3283,0.147
CUST1013467,2026-06,0.6604,0.306,0.3478,0.3414,0.3687,0.155
CUST1013468,2026-06,0.3354,0.1993,0.4887,0.2535,0.3179,0.5776
CUST1013469,2026-06,0.517,0.3517,0.3139,0.4486,0.3124,0.1371
CUST1013470,2026-06,0.3841,0.5242,0.3981,0.4229,0.3381,0.2121
CUST1013471,2026-06,0.1062,0.1511,0.1795,0.1512,0.3711,0.1883
CUST1013472,2026-06,0.3611,0.1529,0.01,0.3921,0.5351,0.2752
CUST1013473,2026-06,0.5834,0.4834,0.5104,0.3392,0.4213,0.1006
CUST1013474,2026-06,0.5018,0.1575,0.1419,0.2433,0.1444,0.0218
CUST1013475,2026-06,0.4067,0.4738,0.4136,0.4161,0.2586,0.1017
CUST1013476,2026-06,0.5447,0.2805,0.3585,0.4946,0.2898,0.0781
CUST1013477,2026-06,0.3606,0.1588,0.1592,0.1692,0.3356,0.1893
CUST1013478,2026-06,0.5627,0.5465,0.388,0.561,0.3371,0.28
CUST1013479,2026-06,0.2711,0.3074,0.1482,0.2833,0.1211,0.6145
CUST1013480,2026-06,0.1932,0.078,0.3039,0.2425,0.4113,0.2635
CUST1013481,2026-06,0.4425,0.3723,0.3191,0.2387,0.3912,0.2043
CUST1013482,2026-06,0.3603,0.3502,0.1777,0.427,0.3888,0.2028
CUST1013483,2026-06,0.3832,0.1396,0.6295,0.4357,0.5153,0.1901
CUST1013484,2026-06,0.4025,0.4644,0.2999,0.437,0.3912,0.1813
CUST1013485,2026-06,0.5338,0.2786,0.4314,0.3016,0.567,0.1604
CUST1013486,2026-06,0.6198,0.4419,0.3106,0.5277,0.3015,0.2721
CUST1013487,2026-06,0.4313,0.185,0.7007,0.2372,0.4009,0.1592
CUST1013488,2026-06,0.3507,0.2703,0.2829,0.3588,0.3716,0.2365
CUST1013489,2026-06,0.3029,0.1256,0.2497,0.1284,0.1713,0.178
CUST1013490,2026-06,0.6329,0.2253,0.3699,0.6523,0.2078,0.1678
CUST1013491,2026-06,0.2073,0.1181,0.4117,0.4489,0.2977,0.2421
CUST1013492,2026-06,0.4801,0.3315,0.1049,0.2297,0.4225,0.2444
CUST1013493,2026-06,0.7778,0.4443,0.3916,0.5302,0.4093,0.1203
CUST1013494,2026-06,0.5137,0.3371,0.3641,0.3576,0.3359,0.1554
CUST1013495,2026-06,0.3834,0.01,0.1786,0.4798,0.2958,0.2972
CUST1013496,2026-06,0.2868,0.1102,0.1847,0.476,0.2717,0.1882
CUST1013497,2026-06,0.3198,0.01,0.0595,0.4192,0.191,0.1973
CUST1013498,2026-06,0.623,0.2113,0.5263,0.2769,0.3066,0.2674
CUST1013499,2026-06,0.6213,0.4186,0.4663,0.3058,0.3584,0.1921
CUST1013500,2026-06,0.5415,0.5671,0.5864,0.3568,0.3327,0.0757
CUST1013501,2026-06,0.4252,0.01,0.1716,0.3561,0.3554,0.2633
CUST1013502,2026-06,0.4378,0.4442,0.5151,0.3975,0.3316,0.1594
CUST1013503,2026-06,0.5156,0.1821,0.3974,0.4557,0.7182,0.1805
CUST1013504,2026-06,0.5173,0.4275,0.3377,0.255,0.3504,0.0243
CUST1013505,2026-06,0.6142,0.3155,0.3705,0.3018,0.2345,0.102
CUST1013506,2026-06,0.4304,0.432,0.5404,0.5628,0.2774,0.3084
CUST1013507,2026-06,0.2546,0.01,0.3783,0.2763,0.3807,0.0585
CUST1013508,2026-06,0.1906,0.3879,0.2208,0.4172,0.2868,0.045
CUST1013509,2026-06,0.3377,0.4368,0.3809,0.4127,0.2342,0.1873
CUST1013510,2026-06,0.6335,0.4234,0.4813,0.494,0.4152,0.1252
CUST1013511,2026-06,0.6222,0.2618,0.4074,0.3848,0.2514,0.1288
CUST1013512,2026-06,0.5539,0.5058,0.5875,0.4812,0.355,0.2614
CUST1013513,2026-06,0.475,0.2063,0.2086,0.4294,0.3464,0.189
CUST1013514,2026-06,0.3471,0.4672,0.4312,0.4822,0.3168,0.1849
CUST1013515,2026-06,0.5829,0.3891,0.2765,0.1708,0.2386,0.085
CUST1013516,2026-06,0.4935,0.522,0.6034,0.3824,0.344,0.2186
CUST1013517,2026-06,0.4167,0.4598,0.6471,0.01,0.5022,0.2079
CUST1013518,2026-06,0.455,0.4352,0.4679,0.5045,0.4611,0.1078
CUST1013519,2026-06,0.2353,0.0573,0.1111,0.4391,0.4287,0.2629
CUST1013520,2026-06,0.7313,0.4062,0.5554,0.0727,0.2782,0.2493
CUST1013521,2026-06,0.7244,0.2915,0.3497,0.4013,0.2972,0.1699
CUST1013522,2026-06,0.5246,0.2348,0.3864,0.64,0.5925,0.3609
CUST1013523,2026-06,0.3917,0.2911,0.1879,0.4858,0.2802,0.2061
CUST1013524,2026-06,0.1856,0.2825,0.2418,0.487,0.5746,0.2215
CUST1013525,2026-06,0.2988,0.4872,0.6934,0.5567,0.3207,0.222
CUST1013526,2026-06,0.4704,0.4838,0.6964,0.4584,0.3925,0.01
CUST1013527,2026-06,0.32,0.3113,0.5045,0.398,0.3894,0.2344
CUST1013528,2026-06,0.3399,0.01,0.2045,0.3262,0.1075,0.2305
CUST1013529,2026-06,0.4346,0.2324,0.6331,0.4197,0.5466,0.1764
CUST1013530,2026-06,0.7032,0.3195,0.3982,0.4195,0.3332,0.1757
CUST1013531,2026-06,0.3977,0.01,0.113,0.299,0.4437,0.2631
CUST1013532,2026-06,0.5664,0.3313,0.32,0.4538,0.2476,0.1599
CUST1013533,2026-06,0.3992,0.608,0.6554,0.1856,0.2393,0.3071
CUST1013534,2026-06,0.3997,0.295,0.4578,0.5393,0.2102,0.2579
CUST1013535,2026-06,0.4613,0.3323,0.1137,0.3187,0.1363,0.1113
CUST1013536,2026-06,0.5201,0.5183,0.3444,0.352,0.3076,0.2225
CUST1013537,2026-06,0.5039,0.5171,0.426,0.5004,0.4376,0.1459
CUST1013538,2026-06,0.4184,0.4931,0.3982,0.6398,0.6667,0.3173
CUST1013539,2026-06,0.5738,0.4248,0.4369,0.551,0.4177,0.2005
CUST1013540,2026-06,0.1332,0.0795,0.0931,0.2972,0.3337,0.2393
CUST1013541,2026-06,0.4226,0.0433,0.2926,0.4673,0.6507,0.3231
CUST1013542,2026-06,0.6795,0.2929,0.474,0.3506,0.3196,0.1548
CUST1013543,2026-06,0.4215,0.5091,0.3399,0.4552,0.3899,0.1622
CUST1013544,2026-06,0.5241,0.4469,0.4816,0.355,0.3199,0.1526
CUST1013545,2026-06,0.4982,0.1844,0.0497,0.3841,0.2305,0.2268
CUST1013546,2026-06,0.0866,0.3098,0.178,0.4031,0.265,0.0990999999999999
CUST1013547,2026-06,0.5465,0.3521,0.2131,0.4717,0.2168,0.1473
CUST1013548,2026-06,0.5231,0.3583,0.4599,0.2741,0.3484,0.2089
CUST1013549,2026-06,0.7169,0.4438,0.3923,0.3683,0.4031,0.1275
CUST1013550,2026-06,0.1545,0.1643,0.2241,0.2935,0.2927,0.1771
CUST1013551,2026-06,0.1755,0.01,0.3291,0.2406,0.2891,0.333
CUST1013552,2026-06,0.4321,0.4335,0.4123,0.2199,0.4084,0.1061
CUST1013553,2026-06,0.6014,0.4137,0.6152,0.3819,0.4,0.1106
CUST1013554,2026-06,0.288,0.2829,0.2848,0.4788,0.3997,0.0707
CUST1013555,2026-06,0.6898,0.0866,0.4584,0.3554,0.2421,0.2534
CUST1013556,2026-06,0.4284,0.0806,0.1542,0.41,0.2905,0.0907
CUST1013557,2026-06,0.3708,0.5721,0.6116,0.3943,0.4201,0.1061
CUST1013558,2026-06,0.3273,0.1203,0.0785,0.2549,0.5762,0.1178
CUST1013559,2026-06,0.6157,0.426,0.5303,0.3709,0.1861,0.1368
CUST1013560,2026-06,0.2611,0.223,0.2961,0.0563,0.4363,0.2255
CUST1013561,2026-06,0.157,0.3274,0.01,0.3607,0.3535,0.2035
CUST1013562,2026-06,0.2738,0.3649,0.3417,0.4751,0.2845,0.2009
CUST1013563,2026-06,0.4661,0.34,0.3062,0.4882,0.3467,0.1489
CUST1013564,2026-06,0.4796,0.1201,0.0942,0.208,0.2728,0.161
CUST1013565,2026-06,0.4495,0.4161,0.4324,0.3347,0.3417,0.2
CUST1013566,2026-06,0.3055,0.1992,0.1667,0.5601,0.3846,0.1413
CUST1013567,2026-06,0.7251,0.064,0.4064,0.5053,0.2731,0.1087
CUST1013568,2026-06,0.193,0.0852,0.1515,0.01,0.4428,0.1751
CUST1013569,2026-06,0.595,0.4218,0.472,0.1844,0.1822,0.1628
CUST1013570,2026-06,0.4554,0.314,0.147,0.4107,0.4577,0.049
CUST1013571,2026-06,0.6048,0.4232,0.3879,0.5853,0.5481,0.1749
CUST1013572,2026-06,0.4231,0.0104,0.3198,0.3146,0.448,0.1068
CUST1013573,2026-06,0.6824,0.4834,0.4424,0.3452,0.3305,0.1596
CUST1013574,2026-06,0.3866,0.2152,0.3804,0.3141,0.4253,0.2859
CUST1013575,2026-06,0.6331,0.1418,0.3876,0.3415,0.1998,0.2258
CUST1013576,2026-06,0.2777,0.0830999999999999,0.1492,0.1805,0.3167,0.1588
CUST1013577,2026-06,0.5124,0.2976,0.3983,0.5271,0.4729,0.1692
CUST1013578,2026-06,0.5627,0.3002,0.4185,0.4027,0.2848,0.2425
CUST1013579,2026-06,0.3112,0.1601,0.3011,0.4628,0.3047,0.2318
CUST1013580,2026-06,0.2654,0.073,0.1862,0.4868,0.4689,0.1999
CUST1013581,2026-06,0.5685,0.5182,0.3509,0.3213,0.1579,0.1824
CUST1013582,2026-06,0.3378,0.0205,0.1804,0.1996,0.3938,0.2438
CUST1013583,2026-06,0.456,0.2918,0.0557,0.5983,0.3858,0.2115
CUST1013584,2026-06,0.4347,0.4576,0.428,0.4939,0.4816,0.1748
CUST1013585,2026-06,0.5856,0.4697,0.3282,0.5891,0.5193,0.4232
CUST1013586,2026-06,0.5708,0.4685,0.3622,0.2157,0.1583,0.01
CUST1013587,2026-06,0.6442,0.4274,0.4431,0.4133,0.0872,0.1937
CUST1013588,2026-06,0.293,0.376,0.1173,0.2089,0.2006,0.093
CUST1013589,2026-06,0.6239,0.3599,0.3918,0.2278,0.2383,0.2217
CUST1013590,2026-06,0.583,0.3361,0.3056,0.4468,0.454,0.111
CUST1013591,2026-06,0.4263,0.4794,0.3401,0.4532,0.237,0.1364
CUST1013592,2026-06,0.4601,0.1716,0.3297,0.361,0.2799,0.1313
CUST1013593,2026-06,0.6002,0.3157,0.518,0.4909,0.25,0.3271
CUST1013594,2026-06,0.6609,0.1896,0.399,0.1122,0.2915,0.2825
CUST1013595,2026-06,0.6736,0.3556,0.5012,0.3738,0.3669,0.1903
CUST1013596,2026-06,0.1627,0.2958,0.1817,0.2809,0.3715,0.0601
CUST1013597,2026-06,0.3986,0.2462,0.3722,0.3248,0.3394,0.2325
CUST1013598,2026-06,0.2987,0.1904,0.2346,0.4822,0.2914,0.0837
CUST1013599,2026-06,0.665,0.2294,0.6979,0.2095,0.2181,0.1999
CUST1013600,2026-06,0.4675,0.1356,0.4473,0.2815,0.5553,0.2112
CUST1013601,2026-06,0.7819,0.15,0.5189,0.4975,0.2689,0.2449
CUST1013602,2026-06,0.5009,0.2466,0.3488,0.2152,0.5115,0.1143
CUST1013603,2026-06,0.5958,0.5114,0.506,0.5019,0.439,0.1953
CUST1013604,2026-06,0.264,0.1981,0.2019,0.6441,0.3341,0.1281
CUST1013605,2026-06,0.2735,0.2721,0.1511,0.4316,0.4246,0.2338
CUST1013606,2026-06,0.3645,0.4376,0.6972,0.3419,0.228,0.2212
CUST1013607,2026-06,0.5952,0.4178,0.5109,0.1277,0.3659,0.1333
CUST1013608,2026-06,0.4225,0.2172,0.0444,0.4004,0.3139,0.2215
CUST1013609,2026-06,0.5391,0.0556,0.1525,0.4299,0.3689,0.3717
CUST1013610,2026-06,0.3299,0.2791,0.1362,0.1948,0.3451,0.2168
CUST1013611,2026-06,0.4192,0.3808,0.5131,0.5434,0.4343,0.2253
CUST1013612,2026-06,0.4495,0.3792,0.7241,0.192,0.1445,0.1763
CUST1013613,2026-06,0.6314,0.2912,0.3517,0.3239,0.3867,0.1741
CUST1013614,2026-06,0.398,0.3995,0.4486,0.5404,0.338,0.1861
CUST1013615,2026-06,0.6918,0.2687,0.375,0.4375,0.2554,0.2415
CUST1013616,2026-06,0.4354,0.1946,0.4633,0.2593,0.4582,0.1429
CUST1013617,2026-06,0.5085,0.3739,0.3329,0.5788,0.3569,0.0821
CUST1013618,2026-06,0.1983,0.2153,0.3918,0.3692,0.3333,0.1906
CUST1013619,2026-06,0.436,0.3918,0.508,0.4254,0.6513,0.207
CUST1013620,2026-06,0.4297,0.0565,0.1363,0.4959,0.2162,0.2528
CUST1013621,2026-06,0.4498,0.6622,0.3387,0.4416,0.3713,0.0693
CUST1013622,2026-06,0.3402,0.3567,0.5277,0.5889,0.5957,0.224
CUST1013623,2026-06,0.2829,0.2325,0.4103,0.3411,0.3444,0.1447
CUST1013624,2026-06,0.6853,0.3437,0.3568,0.4711,0.2131,0.2821
CUST1013625,2026-06,0.0863,0.2131,0.0629,0.4687,0.3786,0.084
CUST1013626,2026-06,0.4041,0.5606,0.6552,0.3166,0.2554,0.2658
CUST1013627,2026-06,0.2071,0.0627999999999999,0.01,0.3868,0.5745,0.6321
CUST1013628,2026-06,0.3415,0.01,0.1598,0.3125,0.3758,0.1682
CUST1013629,2026-06,0.4058,0.5071,0.5606,0.1681,0.1759,0.2393
CUST1013630,2026-06,0.4967,0.1768,0.2189,0.4419,0.2451,0.0584
CUST1013631,2026-06,0.2188,0.3212,0.2449,0.322,0.2907,0.1969
CUST1013632,2026-06,0.6712,0.1082,0.3982,0.3469,0.3235,0.1366
CUST1013633,2026-06,0.285,0.1533,0.447,0.3676,0.3331,0.1525
CUST1013634,2026-06,0.1354,0.1621,0.1861,0.0585,0.19,0.1469
CUST1013635,2026-06,0.3166,0.2332,0.1604,0.5427,0.5337,0.3395
CUST1013636,2026-06,0.5047,0.01,0.425,0.0772999999999999,0.273,0.2513
CUST1013637,2026-06,0.5374,0.2176,0.4,0.4092,0.4386,0.096
CUST1013638,2026-06,0.4048,0.4125,0.5036,0.3479,0.62,0.0844
CUST1013639,2026-06,0.4624,0.4638,0.1441,0.3434,0.1998,0.1628
CUST1013640,2026-06,0.1906,0.0425,0.01,0.0682,0.6595,0.01
CUST1013641,2026-06,0.5609,0.4652,0.6118,0.6531,0.3075,0.1356
CUST1013642,2026-06,0.2545,0.0236,0.0747,0.2038,0.3893,0.0828
CUST1013643,2026-06,0.6,0.01,0.4036,0.415,0.3104,0.2966
CUST1013644,2026-06,0.4503,0.2378,0.0858,0.5474,0.6266,0.0966
CUST1013645,2026-06,0.0633,0.1359,0.1052,0.3157,0.4351,0.1556
CUST1013646,2026-06,0.2599,0.271,0.0333,0.4981,0.536,0.0959
CUST1013647,2026-06,0.4417,0.3634,0.6214,0.1765,0.4151,0.1402
CUST1013648,2026-06,0.5617,0.3509,0.4917,0.3468,0.3292,0.255
CUST1013649,2026-06,0.5994,0.4418,0.4804,0.5211,0.331,0.281
CUST1013650,2026-06,0.4252,0.5531,0.6456,0.4775,0.3524,0.0468
CUST1013651,2026-06,0.2345,0.1873,0.1245,0.176,0.2676,0.1219
CUST1013652,2026-06,0.5351,0.4689,0.3722,0.38,0.2179,0.1986
CUST1013653,2026-06,0.4793,0.4897,0.2345,0.331,0.4541,0.1209
CUST1013654,2026-06,0.4938,0.5163,0.61,0.3468,0.2265,0.124
CUST1013655,2026-06,0.3523,0.208,0.4191,0.3776,0.616,0.1024
CUST1013656,2026-06,0.224,0.173,0.0903999999999999,0.1004,0.2651,0.089
CUST1013657,2026-06,0.4431,0.3939,0.4225,0.5002,0.2405,0.0697
CUST1013658,2026-06,0.3709,0.3125,0.2717,0.1198,0.4845,0.0464
CUST1013659,2026-06,0.6827,0.0546,0.5642,0.1958,0.3026,0.1764
CUST1013660,2026-06,0.7564,0.3592,0.4344,0.5625,0.2707,0.1539
CUST1013661,2026-06,0.2435,0.2394,0.0999,0.3161,0.4544,0.2295
CUST1013662,2026-06,0.2771,0.1129,0.2516,0.3471,0.4682,0.2583
CUST1013663,2026-06,0.3113,0.1195,0.1897,0.2292,0.2009,0.1325
CUST1013664,2026-06,0.34,0.206,0.4848,0.3696,0.3013,0.1039
CUST1013665,2026-06,0.2611,0.2587,0.1818,0.1957,0.1682,0.091
CUST1013666,2026-06,0.3763,0.3775,0.4146,0.2829,0.3134,0.1115
CUST1013667,2026-06,0.5009,0.3928,0.4969,0.1851,0.2132,0.2467
CUST1013668,2026-06,0.2391,0.0932999999999999,0.3099,0.382,0.4429,0.2509
CUST1013669,2026-06,0.3127,0.01,0.0833,0.0723,0.2494,0.094
CUST1013670,2026-06,0.1555,0.3524,0.0733,0.1464,0.4886,0.0847
CUST1013671,2026-06,0.2963,0.439,0.6086,0.4096,0.4121,0.1886
CUST1013672,2026-06,0.466,0.453,0.4458,0.4537,0.3099,0.01
CUST1013673,2026-06,0.5507,0.2174,0.4665,0.4992,0.2996,0.203
CUST1013674,2026-06,0.49,0.4026,0.6256,0.4312,0.3571,0.3444
CUST1013675,2026-06,0.5157,0.2028,0.4679,0.3105,0.1736,0.5692
CUST1013676,2026-06,0.3403,0.1985,0.01,0.2786,0.3353,0.2759
CUST1013677,2026-06,0.2981,0.2593,0.0692,0.6218,0.1927,0.1637
CUST1013678,2026-06,0.2316,0.3044,0.01,0.4212,0.4302,0.1954
CUST1013679,2026-06,0.3142,0.3581,0.4811,0.3017,0.2406,0.1678
CUST1013680,2026-06,0.3924,0.3557,0.4913,0.5019,0.283,0.1147
CUST1013681,2026-06,0.447,0.5652,0.2479,0.5228,0.3559,0.2181
CUST1013682,2026-06,0.4111,0.4821,0.3704,0.4499,0.3918,0.174
CUST1013683,2026-06,0.6797,0.6112,0.4456,0.5738,0.1545,0.3314
CUST1013684,2026-06,0.4462,0.2384,0.2831,0.4186,0.2685,0.1978
CUST1013685,2026-06,0.3677,0.4785,0.5402,0.2778,0.2428,0.2164
CUST1013686,2026-06,0.2696,0.2732,0.1846,0.2439,0.4128,0.183
CUST1013687,2026-06,0.5126,0.1175,0.2146,0.0446,0.3029,0.5722
CUST1013688,2026-06,0.2038,0.3747,0.3256,0.2419,0.3413,0.2251
CUST1013689,2026-06,0.4962,0.4348,0.2917,0.4066,0.6179,0.2136
CUST1013690,2026-06,0.7008,0.3103,0.4346,0.3392,0.3241,0.2357
CUST1013691,2026-06,0.4275,0.6007,0.565,0.4122,0.3029,0.2303
CUST1013692,2026-06,0.2,0.4589,0.167,0.4586,0.4078,0.089
CUST1013693,2026-06,0.2015,0.1818,0.0941,0.1376,0.3445,0.1287
CUST1013694,2026-06,0.7151,0.289,0.3169,0.5179,0.2449,0.3057
CUST1013695,2026-06,0.5164,0.0847,0.2501,0.3934,0.3458,0.1782
CUST1013696,2026-06,0.3205,0.3622,0.3506,0.2084,0.2552,0.1751
CUST1013697,2026-06,0.4185,0.01,0.0784,0.2398,0.3593,0.1229
CUST1013698,2026-06,0.5187,0.2405,0.432,0.297,0.0859999999999999,0.2454
CUST1013699,2026-06,0.3074,0.5663,0.5225,0.2792,0.2695,0.2113
CUST1013700,2026-06,0.1878,0.4646,0.3166,0.3857,0.5943,0.0858
CUST1013701,2026-06,0.6503,0.2079,0.4132,0.5003,0.3137,0.0782999999999999
CUST1013702,2026-06,0.3886,0.5734,0.4465,0.3161,0.3772,0.1878
CUST1013703,2026-06,0.4249,0.206,0.1061,0.2257,0.2456,0.115
CUST1013704,2026-06,0.1874,0.2727,0.2927,0.2324,0.4164,0.1575
CUST1013705,2026-06,0.3565,0.4683,0.4129,0.5508,0.3334,0.2708
CUST1013706,2026-06,0.6364,0.3244,0.6309,0.3554,0.1468,0.3673
CUST1013707,2026-06,0.7301,0.3833,0.4479,0.4557,0.2576,0.1317
CUST1013708,2026-06,0.6735,0.2731,0.7055,0.3834,0.3146,0.0447
CUST1013709,2026-06,0.6862,0.5032,0.3982,0.6618,0.4862,0.1821
CUST1013710,2026-06,0.2489,0.0885,0.01,0.1151,0.3928,0.1287
CUST1013711,2026-06,0.4093,0.3886,0.6195,0.2369,0.3627,0.1771
CUST1013712,2026-06,0.4088,0.5057,0.3246,0.6466,0.4249,0.2863
CUST1013713,2026-06,0.5816,0.3527,0.5627,0.494,0.3265,0.1159
CUST1013714,2026-06,0.4099,0.4757,0.3359,0.422,0.4362,0.16
CUST1013715,2026-06,0.4751,0.3101,0.3281,0.4684,0.3918,0.1084
CUST1013716,2026-06,0.688,0.5184,0.4182,0.464,0.2435,0.1248
CUST1013717,2026-06,0.3156,0.01,0.01,0.3716,0.2447,0.3289
CUST1013718,2026-06,0.4512,0.4261,0.3943,0.3328,0.3002,0.2499
CUST1013719,2026-06,0.5976,0.2951,0.2498,0.3338,0.2194,0.2374
CUST1013720,2026-06,0.5259,0.1992,0.5286,0.4321,0.369,0.211
CUST1013721,2026-06,0.5005,0.191,0.4691,0.2928,0.2241,0.2202
CUST1013722,2026-06,0.2171,0.145,0.1816,0.4906,0.349,0.1587
CUST1013723,2026-06,0.5266,0.0594,0.2482,0.4636,0.2295,0.1086
CUST1013724,2026-06,0.7172,0.2999,0.4334,0.4128,0.2365,0.1329
CUST1013725,2026-06,0.3807,0.4176,0.4313,0.1767,0.3188,0.1855
CUST1013726,2026-06,0.548,0.1991,0.3036,0.2826,0.44,0.0412
CUST1013727,2026-06,0.3028,0.3297,0.0649,0.4441,0.5694,0.6808
CUST1013728,2026-06,0.5651,0.3177,0.3635,0.308,0.3013,0.3251
CUST1013729,2026-06,0.2821,0.0264,0.1942,0.1038,0.4115,0.2176
CUST1013730,2026-06,0.577,0.399,0.5051,0.5503,0.4412,0.0777
CUST1013731,2026-06,0.229,0.3278,0.2628,0.2447,0.4535,0.0798
CUST1013732,2026-06,0.6219,0.1911,0.4717,0.4641,0.2789,0.1622
CUST1013733,2026-06,0.1743,0.1435,0.2386,0.1904,0.3191,0.01
CUST1013734,2026-06,0.3852,0.01,0.037,0.1399,0.176,0.1222
CUST1013735,2026-06,0.3306,0.2296,0.4445,0.0205,0.4458,0.01
CUST1013736,2026-06,0.4079,0.4115,0.269,0.2786,0.1942,0.1877
CUST1013737,2026-06,0.2639,0.269,0.4972,0.5879,0.1947,0.6066
CUST1013738,2026-06,0.4734,0.3817,0.4521,0.2351,0.2952,0.2364
CUST1013739,2026-06,0.4586,0.6366,0.4307,0.5348,0.2195,0.1521
CUST1013740,2026-06,0.5626,0.377,0.462,0.4636,0.3854,0.0523
CUST1013741,2026-06,0.6426,0.3484,0.3978,0.4252,0.1512,0.1434
CUST1013742,2026-06,0.3865,0.2528,0.2974,0.2079,0.2644,0.1311
CUST1013743,2026-06,0.0587,0.3335,0.1417,0.298,0.2165,0.0734
CUST1013744,2026-06,0.4267,0.5932,0.5526,0.3387,0.2653,0.1187
CUST1013745,2026-06,0.3725,0.5624,0.612,0.5426,0.4278,0.324
CUST1013746,2026-06,0.4745,0.5349,0.5158,0.4312,0.4256,0.1493
CUST1013747,2026-06,0.4362,0.5049,0.4731,0.3196,0.1876,0.4872
CUST1013748,2026-06,0.8003,0.4863,0.4054,0.7273,0.152,0.0527
CUST1013749,2026-06,0.3658,0.0221,0.1007,0.3687,0.4353,0.3266
CUST1013750,2026-06,0.4591,0.3322,0.6443,0.3852,0.3091,0.01
CUST1013751,2026-06,0.4839,0.4448,0.5113,0.6468,0.3682,0.2362
CUST1013752,2026-06,0.0932999999999999,0.2757,0.3148,0.2318,0.2518,0.2054
CUST1013753,2026-06,0.1122,0.2621,0.19,0.2191,0.3493,0.2085
CUST1013754,2026-06,0.4431,0.4423,0.8202,0.4504,0.3626,0.169
CUST1013755,2026-06,0.4755,0.0535,0.1044,0.4215,0.3578,0.1881
CUST1013756,2026-06,0.7705,0.3064,0.4516,0.2866,0.3266,0.4034
CUST1013757,2026-06,0.5641,0.4783,0.3248,0.3621,0.5827,0.1723
CUST1013758,2026-06,0.5299,0.3034,0.4041,0.4099,0.6119,0.1027
CUST1013759,2026-06,0.5338,0.3154,0.4408,0.5186,0.4213,0.1408
CUST1013760,2026-06,0.7193,0.4942,0.5603,0.5568,0.2208,0.1667
CUST1013761,2026-06,0.4418,0.4306,0.254,0.3084,0.2996,0.01
CUST1013762,2026-06,0.3541,0.4288,0.6204,0.2201,0.4669,0.1272
CUST1013763,2026-06,0.6715,0.2759,0.5562,0.4405,0.3963,0.0612
CUST1013764,2026-06,0.01,0.2852,0.3763,0.2952,0.274,0.0974
CUST1013765,2026-06,0.6805,0.2619,0.4814,0.0605,0.0823,0.1684
CUST1013766,2026-06,0.2935,0.1288,0.3257,0.4747,0.5833,0.0435
CUST1013767,2026-06,0.4182,0.4085,0.3005,0.4621,0.321,0.6429
CUST1013768,2026-06,0.6958,0.2225,0.3435,0.2072,0.2909,0.163
CUST1013769,2026-06,0.3743,0.4078,0.5028,0.275,0.2148,0.0748
CUST1013770,2026-06,0.2374,0.2815,0.3594,0.3201,0.3829,0.2087
CUST1013771,2026-06,0.6238,0.4708,0.479,0.4913,0.1752,0.1319
CUST1013772,2026-06,0.6691,0.3351,0.4088,0.2208,0.3666,0.01
CUST1013773,2026-06,0.2147,0.1357,0.1951,0.391,0.4111,0.0977
CUST1013774,2026-06,0.4035,0.5092,0.4154,0.3062,0.386,0.0864
CUST1013775,2026-06,0.3401,0.4679,0.674,0.1517,0.4954,0.2704
CUST1013776,2026-06,0.3351,0.0242,0.1241,0.5808,0.3797,0.1333
CUST1013777,2026-06,0.3081,0.3797,0.5247,0.3813,0.2815,0.1704
CUST1013778,2026-06,0.4874,0.2492,0.4142,0.2449,0.4415,0.1506
CUST1013779,2026-06,0.3441,0.2602,0.2065,0.2448,0.2866,0.2741
CUST1013780,2026-06,0.4487,0.3583,0.3786,0.3596,0.3382,0.1964
CUST1013781,2026-06,0.4919,0.3226,0.3462,0.3274,0.3061,0.2022
CUST1013782,2026-06,0.5244,0.3622,0.5748,0.1796,0.3764,0.2789
CUST1013783,2026-06,0.5487,0.4571,0.3944,0.3407,0.4558,0.1524
CUST1013784,2026-06,0.4427,0.1696,0.6176,0.5066,0.3478,0.1337
CUST1013785,2026-06,0.6311,0.2683,0.0274,0.386,0.3189,0.115
CUST1013786,2026-06,0.469,0.5085,0.5514,0.4557,0.3768,0.3728
CUST1013787,2026-06,0.3008,0.468,0.4605,0.2989,0.3639,0.1912
CUST1013788,2026-06,0.407,0.5016,0.3722,0.6333,0.2006,0.0908
CUST1013789,2026-06,0.503,0.2145,0.1802,0.2754,0.3089,0.0895
CUST1013790,2026-06,0.3182,0.27,0.4344,0.4922,0.2338,0.5752
CUST1013791,2026-06,0.0811999999999999,0.255,0.1945,0.379,0.4199,0.1919
CUST1013792,2026-06,0.3318,0.4861,0.351,0.3416,0.056,0.5437
CUST1013793,2026-06,0.0869999999999999,0.2011,0.1944,0.4232,0.2598,0.211
CUST1013794,2026-06,0.4555,0.098,0.1871,0.3518,0.3178,0.1014
CUST1013795,2026-06,0.7331,0.3529,0.268,0.1704,0.2262,0.2141
CUST1013796,2026-06,0.5949,0.1447,0.2336,0.2505,0.3942,0.1986
CUST1013797,2026-06,0.699,0.0426,0.4177,0.4381,0.3169,0.272
CUST1013798,2026-06,0.2852,0.049,0.01,0.3283,0.4725,0.1562
CUST1013799,2026-06,0.3878,0.1654,0.074,0.229,0.3821,0.1019
CUST1013800,2026-06,0.5006,0.0132,0.4262,0.2843,0.38,0.3152
CUST1013801,2026-06,0.5161,0.3276,0.2587,0.4501,0.163,0.4782
CUST1013802,2026-06,0.3997,0.3423,0.4501,0.4776,0.118,0.496
CUST1013803,2026-06,0.682,0.1525,0.3667,0.4972,0.3497,0.1399
CUST1013804,2026-06,0.3741,0.2989,0.3706,0.3119,0.4117,0.2324
CUST1013805,2026-06,0.4735,0.362,0.349,0.3549,0.3702,0.1571
CUST1013806,2026-06,0.3252,0.1969,0.3479,0.4225,0.2791,0.307
CUST1013807,2026-06,0.6282,0.4818,0.5067,0.4051,0.1475,0.0752
CUST1013808,2026-06,0.5036,0.1917,0.4589,0.2232,0.3742,0.1721
CUST1013809,2026-06,0.2301,0.2736,0.1406,0.1774,0.4637,0.2024
CUST1013810,2026-06,0.4886,0.3025,0.5288,0.5559,0.2058,0.3957
CUST1013811,2026-06,0.4114,0.516,0.5606,0.2814,0.2925,0.6499
CUST1013812,2026-06,0.49,0.3149,0.6222,0.488,0.3377,0.1703
CUST1013813,2026-06,0.3617,0.4032,0.6599,0.2529,0.3219,0.1733
CUST1013814,2026-06,0.4646,0.2802,0.2178,0.4295,0.6387,0.2181
CUST1013815,2026-06,0.4314,0.5945,0.4753,0.3788,0.3797,0.1389
CUST1013816,2026-06,0.2754,0.4952,0.3798,0.4116,0.3488,0.1295
CUST1013817,2026-06,0.4323,0.1406,0.3643,0.1761,0.13,0.6458
CUST1013818,2026-06,0.2764,0.01,0.4555,0.3408,0.3253,0.3479
CUST1013819,2026-06,0.2278,0.0541,0.2981,0.2707,0.4118,0.1621
CUST1013820,2026-06,0.5524,0.3164,0.5092,0.4416,0.3945,0.1581
CUST1013821,2026-06,0.5595,0.1183,0.2428,0.6454,0.2303,0.2907
CUST1013822,2026-06,0.6269,0.5517,0.5917,0.2912,0.251,0.1613
CUST1013823,2026-06,0.1214,0.1687,0.1687,0.3714,0.1832,0.1834
CUST1013824,2026-06,0.2785,0.2074,0.186,0.083,0.2913,0.278
CUST1013825,2026-06,0.4188,0.4568,0.2065,0.1756,0.098,0.4148
CUST1013826,2026-06,0.4353,0.1828,0.1104,0.1127,0.2969,0.0227
CUST1013827,2026-06,0.7322,0.5554,0.2773,0.3929,0.2435,0.3086
CUST1013828,2026-06,0.4365,0.5174,0.3162,0.5176,0.294,0.107
CUST1013829,2026-06,0.5922,0.1594,0.5262,0.0335,0.4578,0.1852
CUST1013830,2026-06,0.3929,0.01,0.0229,0.5477,0.2514,0.2719
CUST1013831,2026-06,0.4582,0.1381,0.1051,0.6178,0.2711,0.3121
CUST1013832,2026-06,0.731,0.3186,0.4513,0.5044,0.3002,0.1511
CUST1013833,2026-06,0.686,0.3181,0.6108,0.222,0.3048,0.1324
CUST1013834,2026-06,0.486,0.4517,0.513,0.456,0.3934,0.13
CUST1013835,2026-06,0.4528,0.593,0.5666,0.2401,0.3734,0.01
CUST1013836,2026-06,0.4837,0.4148,0.481,0.4203,0.2325,0.1792
CUST1013837,2026-06,0.3717,0.3771,0.3752,0.368,0.2155,0.3072
CUST1013838,2026-06,0.4528,0.01,0.0724,0.4323,0.1437,0.374
CUST1013839,2026-06,0.5445,0.3814,0.3197,0.3571,0.5601,0.1072
CUST1013840,2026-06,0.5587,0.489,0.6439,0.4667,0.4176,0.254
CUST1013841,2026-06,0.3549,0.01,0.2336,0.4203,0.4712,0.0864999999999999
CUST1013842,2026-06,0.6463,0.25,0.2626,0.1832,0.3248,0.265
CUST1013843,2026-06,0.5416,0.4205,0.5121,0.3408,0.3821,0.5713
CUST1013844,2026-06,0.4893,0.3159,0.603,0.3538,0.3787,0.1258
CUST1013845,2026-06,0.4998,0.399,0.1749,0.5475,0.3066,0.1719
CUST1013846,2026-06,0.6305,0.5165,0.4307,0.5679,0.3792,0.1865
CUST1013847,2026-06,0.3673,0.5022,0.4451,0.0651999999999999,0.3549,0.2477
CUST1013848,2026-06,0.4282,0.01,0.1249,0.099,0.2238,0.2457
CUST1013849,2026-06,0.49,0.4727,0.399,0.4595,0.291,0.5638
CUST1013850,2026-06,0.4497,0.4682,0.5407,0.4058,0.4499,0.1894
CUST1013851,2026-06,0.4859,0.3189,0.4435,0.4645,0.6664,0.0614
CUST1013852,2026-06,0.2911,0.569,0.4218,0.1732,0.5005,0.0898
CUST1013853,2026-06,0.3963,0.3396,0.3057,0.3357,0.6763,0.1535
CUST1013854,2026-06,0.402,0.5191,0.7158,0.4094,0.5816,0.2909
CUST1013855,2026-06,0.2098,0.1121,0.217,0.1715,0.3339,0.2163
CUST1013856,2026-06,0.7647,0.1784,0.4342,0.3692,0.4819,0.3591
CUST1013857,2026-06,0.1919,0.01,0.0985,0.1777,0.558,0.1801
CUST1013858,2026-06,0.7444,0.5502,0.4453,0.528,0.139,0.0613
CUST1013859,2026-06,0.5002,0.1118,0.2971,0.377,0.5612,0.01
CUST1013860,2026-06,0.5903,0.49,0.4334,0.442,0.5727,0.2736
CUST1013861,2026-06,0.5559,0.384,0.449,0.425,0.3323,0.1846
CUST1013862,2026-06,0.3963,0.4182,0.4985,0.4722,0.4506,0.2444
CUST1013863,2026-06,0.4478,0.4755,0.5759,0.2989,0.3943,0.2658
CUST1013864,2026-06,0.6074,0.2473,0.4362,0.4421,0.2153,0.1568
CUST1013865,2026-06,0.645,0.3122,0.4985,0.4922,0.3294,0.0998
CUST1013866,2026-06,0.4074,0.0886,0.412,0.2874,0.3067,0.138
CUST1013867,2026-06,0.4977,0.3904,0.3017,0.3564,0.3958,0.1471
CUST1013868,2026-06,0.3664,0.3578,0.1277,0.3673,0.4047,0.2981
CUST1013869,2026-06,0.331,0.2184,0.4138,0.3149,0.4633,0.3738
CUST1013870,2026-06,0.3777,0.4356,0.6848,0.5064,0.3206,0.1559
CUST1013871,2026-06,0.381,0.01,0.2573,0.2144,0.5502,0.1449
CUST1013872,2026-06,0.6864,0.1879,0.2893,0.4476,0.2675,0.1737
CUST1013873,2026-06,0.6802,0.4609,0.2858,0.4914,0.2831,0.3129
CUST1013874,2026-06,0.6567,0.2182,0.7216,0.295,0.3257,0.1452
CUST1013875,2026-06,0.2676,0.1072,0.207,0.595,0.4629,0.1637
CUST1013876,2026-06,0.6413,0.4753,0.347,0.3065,0.1424,0.1276
CUST1013877,2026-06,0.3643,0.3206,0.1329,0.1763,0.3488,0.2764
CUST1013878,2026-06,0.2136,0.2225,0.0118,0.1541,0.4525,0.1987
CUST1013879,2026-06,0.2644,0.01,0.1983,0.1092,0.206,0.2012
CUST1013880,2026-06,0.3067,0.01,0.1402,0.3497,0.2263,0.5222
CUST1013881,2026-06,0.4095,0.5376,0.6839,0.2978,0.3267,0.2527
CUST1013882,2026-06,0.4838,0.4154,0.5688,0.4907,0.375,0.2174
CUST1013883,2026-06,0.5795,0.4037,0.4428,0.3245,0.3525,0.1099
CUST1013884,2026-06,0.4202,0.0633,0.1456,0.4195,0.1488,0.3631
CUST1013885,2026-06,0.4397,0.01,0.3139,0.4529,0.2166,0.1691
CUST1013886,2026-06,0.5311,0.3755,0.3049,0.357,0.2297,0.6315
CUST1013887,2026-06,0.3675,0.3338,0.3467,0.2601,0.3616,0.1325
CUST1013888,2026-06,0.247,0.4516,0.5651,0.453,0.6498,0.2342
CUST1013889,2026-06,0.3208,0.2169,0.247,0.3172,0.2454,0.259
CUST1013890,2026-06,0.4867,0.2777,0.3752,0.4911,0.4833,0.1099
CUST1013891,2026-06,0.3127,0.5215,0.4047,0.2661,0.3342,0.01
CUST1013892,2026-06,0.2762,0.0272,0.1,0.2874,0.1927,0.197
CUST1013893,2026-06,0.5871,0.2763,0.3832,0.338,0.2995,0.5724
CUST1013894,2026-06,0.4826,0.1629,0.3938,0.4191,0.3926,0.0747
CUST1013895,2026-06,0.7367,0.3387,0.356,0.3647,0.4302,0.2962
CUST1013896,2026-06,0.7396,0.39,0.4676,0.4259,0.4137,0.1101
CUST1013897,2026-06,0.1993,0.4163,0.2606,0.0805,0.2724,0.2457
CUST1013898,2026-06,0.6371,0.2547,0.5364,0.381,0.2086,0.3555
CUST1013899,2026-06,0.6462,0.2342,0.3617,0.3652,0.0634,0.6618
CUST1013900,2026-06,0.2782,0.2823,0.0385,0.3911,0.3372,0.4558
CUST1013901,2026-06,0.6054,0.3473,0.4082,0.2348,0.2928,0.1236
CUST1013902,2026-06,0.3786,0.4688,0.5191,0.2783,0.2927,0.1752
CUST1013903,2026-06,0.4866,0.01,0.062,0.2865,0.2092,0.2941
CUST1013904,2026-06,0.5611,0.4611,0.3786,0.3035,0.0446,0.1649
CUST1013905,2026-06,0.3203,0.1909,0.2338,0.5172,0.5999,0.1361
CUST1013906,2026-06,0.3074,0.6158,0.5113,0.427,0.3855,0.1923
CUST1013907,2026-06,0.4483,0.1436,0.3217,0.0618,0.2263,0.2346
CUST1013908,2026-06,0.4905,0.3482,0.3871,0.1256,0.2933,0.222
CUST1013909,2026-06,0.35,0.01,0.1844,0.0803,0.3159,0.2118
CUST1013910,2026-06,0.0699,0.2217,0.1497,0.2879,0.4667,0.5705
CUST1013911,2026-06,0.4868,0.2366,0.7403,0.1193,0.2038,0.2821
CUST1013912,2026-06,0.4511,0.3891,0.4014,0.3527,0.4643,0.2269
CUST1013913,2026-06,0.3756,0.0554,0.1083,0.3964,0.4465,0.1968
CUST1013914,2026-06,0.4827,0.1685,0.5419,0.3551,0.329,0.1471
CUST1013915,2026-06,0.48,0.1594,0.3274,0.2522,0.1936,0.2837
CUST1013916,2026-06,0.3861,0.442,0.3124,0.3379,0.357,0.0376
CUST1013917,2026-06,0.1097,0.2732,0.3763,0.3778,0.3857,0.251
CUST1013918,2026-06,0.4456,0.1685,0.49,0.2909,0.6221,0.2564
CUST1013919,2026-06,0.3769,0.1388,0.5132,0.3965,0.2383,0.1919
CUST1013920,2026-06,0.2195,0.2283,0.2594,0.5437,0.512,0.227
CUST1013921,2026-06,0.4798,0.2898,0.2337,0.4625,0.5424,0.07
CUST1013922,2026-06,0.5736,0.275,0.2512,0.1632,0.1674,0.1991
CUST1013923,2026-06,0.4333,0.3145,0.5132,0.1793,0.3678,0.2141
CUST1013924,2026-06,0.5921,0.3799,0.2974,0.4372,0.1783,0.653
CUST1013925,2026-06,0.0555,0.2681,0.01,0.2163,0.2529,0.6285
CUST1013926,2026-06,0.3791,0.4581,0.3492,0.3721,0.3969,0.1548
CUST1013927,2026-06,0.4122,0.5826,0.4886,0.4503,0.5153,0.2964
CUST1013928,2026-06,0.4478,0.2457,0.4101,0.1985,0.546,0.1982
CUST1013929,2026-06,0.0664,0.1923,0.0955,0.01,0.2586,0.2763
CUST1013930,2026-06,0.1942,0.2048,0.1312,0.298,0.4108,0.1629
CUST1013931,2026-06,0.1136,0.2384,0.2099,0.2468,0.2555,0.3298
CUST1013932,2026-06,0.5114,0.2662,0.4506,0.3615,0.333,0.0767
CUST1013933,2026-06,0.5284,0.2319,0.3705,0.3211,0.0672,0.321
CUST1013934,2026-06,0.5386,0.38,0.4913,0.4649,0.3809,0.1224
CUST1013935,2026-06,0.5974,0.3564,0.4294,0.2404,0.3273,0.1924
CUST1013936,2026-06,0.3793,0.2871,0.526,0.0804,0.5158,0.2144
CUST1013937,2026-06,0.4479,0.3364,0.3403,0.4254,0.4398,0.1793
CUST1013938,2026-06,0.296,0.1036,0.01,0.2251,0.1722,0.6733
CUST1013939,2026-06,0.3186,0.3429,0.1069,0.2701,0.1209,0.0819
CUST1013940,2026-06,0.5285,0.2198,0.3291,0.2873,0.2552,0.378
CUST1013941,2026-06,0.2962,0.0484,0.2129,0.0168,0.2898,0.4404
CUST1013942,2026-06,0.327,0.4239,0.6183,0.2018,0.4514,0.1476
CUST1013943,2026-06,0.4302,0.5766,0.5068,0.3961,0.1429,0.1576
CUST1013944,2026-06,0.2793,0.1168,0.1201,0.5328,0.4583,0.2399
CUST1013945,2026-06,0.5301,0.2294,0.5671,0.4041,0.2971,0.1216
CUST1013946,2026-06,0.6137,0.198,0.4487,0.6413,0.3316,0.1375
CUST1013947,2026-06,0.4027,0.5221,0.3383,0.293,0.4148,0.1112
CUST1013948,2026-06,0.2813,0.2559,0.118,0.3402,0.3133,0.1779
CUST1013949,2026-06,0.3128,0.2206,0.1954,0.4397,0.6249,0.0793
CUST1013950,2026-06,0.4758,0.3502,0.435,0.3236,0.1851,0.5119
CUST1013951,2026-06,0.2957,0.1816,0.2811,0.3003,0.3588,0.1094
CUST1013952,2026-06,0.6141,0.3204,0.2031,0.3937,0.6173,0.1974
CUST1013953,2026-06,0.5886,0.2074,0.5445,0.3112,0.2095,0.1622
CUST1013954,2026-06,0.3298,0.2187,0.2932,0.2279,0.3691,0.185
CUST1013955,2026-06,0.4049,0.3189,0.314,0.3877,0.2643,0.1039
CUST1013956,2026-06,0.1617,0.01,0.3143,0.3256,0.3801,0.1603
CUST1013957,2026-06,0.4421,0.1685,0.3627,0.1798,0.3834,0.0391
CUST1013958,2026-06,0.3801,0.3467,0.3975,0.5086,0.5737,0.1105
CUST1013959,2026-06,0.3454,0.258,0.0445,0.1709,0.4186,0.2014
CUST1013960,2026-06,0.5869,0.3082,0.3103,0.5321,0.2826,0.2113
CUST1013961,2026-06,0.7561,0.1684,0.3169,0.254,0.2166,0.189
CUST1013962,2026-06,0.5972,0.2551,0.1716,0.3455,0.5136,0.1033
CUST1013963,2026-06,0.533,0.6187,0.4519,0.4858,0.4743,0.1224
CUST1013964,2026-06,0.7216,0.2334,0.459,0.3524,0.2011,0.1514
CUST1013965,2026-06,0.7059,0.4658,0.3875,0.4024,0.3334,0.3323
CUST1013966,2026-06,0.4803,0.4436,0.3891,0.1871,0.5156,0.2253
CUST1013967,2026-06,0.1381,0.0882,0.2747,0.313,0.1506,0.01
CUST1013968,2026-06,0.5643,0.3886,0.3567,0.3219,0.2247,0.2107
CUST1013969,2026-06,0.7695,0.4213,0.4267,0.63,0.2971,0.2769
CUST1013970,2026-06,0.4671,0.3583,0.3601,0.3606,0.342,0.1705
CUST1013971,2026-06,0.4745,0.0931,0.1282,0.3074,0.2687,0.242
CUST1013972,2026-06,0.4078,0.4058,0.1556,0.5774,0.2692,0.0433
CUST1013973,2026-06,0.4271,0.3023,0.4378,0.5356,0.5778,0.2605
CUST1013974,2026-06,0.3348,0.2477,0.2797,0.4164,0.3532,0.1288
CUST1013975,2026-06,0.194,0.2657,0.1156,0.3643,0.3786,0.1535
CUST1013976,2026-06,0.4949,0.0668,0.3008,0.5914,0.4502,0.1857
CUST1013977,2026-06,0.4621,0.5204,0.1594,0.3491,0.2318,0.1453
CUST1013978,2026-06,0.1661,0.2507,0.1895,0.4068,0.3485,0.1926
CUST1013979,2026-06,0.2963,0.3164,0.2301,0.2298,0.2551,0.1503
CUST1013980,2026-06,0.4452,0.01,0.01,0.5256,0.2007,0.606
CUST1013981,2026-06,0.3874,0.4379,0.5837,0.418,0.3006,0.2812
CUST1013982,2026-06,0.3744,0.328,0.5369,0.4838,0.2325,0.1632
CUST1013983,2026-06,0.4911,0.5184,0.2146,0.2926,0.3048,0.0963
CUST1013984,2026-06,0.4849,0.4175,0.4645,0.4986,0.3416,0.0478
CUST1013985,2026-06,0.4035,0.1038,0.1144,0.4305,0.3579,0.1809
CUST1013986,2026-06,0.51,0.3037,0.4638,0.394,0.3523,0.2392
CUST1013987,2026-06,0.5236,0.2386,0.0793,0.4363,0.1978,0.0956
CUST1013988,2026-06,0.01,0.09,0.3009,0.2786,0.3769,0.1768
CUST1013989,2026-06,0.5506,0.2826,0.4678,0.3473,0.3366,0.2268
CUST1013990,2026-06,0.6943,0.1493,0.5125,0.4365,0.1251,0.1367
CUST1013991,2026-06,0.7362,0.3886,0.3636,0.5058,0.2649,0.2832
CUST1013992,2026-06,0.4305,0.4453,0.4166,0.6235,0.3008,0.2339
CUST1013993,2026-06,0.3586,0.4091,0.7695,0.512,0.32,0.1451
CUST1013994,2026-06,0.5073,0.01,0.2422,0.1535,0.2483,0.179
CUST1013995,2026-06,0.6447,0.4364,0.5446,0.2148,0.3026,0.1471
CUST1013996,2026-06,0.4052,0.2068,0.403,0.2999,0.2342,0.1559
CUST1013997,2026-06,0.5798,0.2407,0.212,0.3309,0.2624,0.2452
CUST1013998,2026-06,0.5373,0.2063,0.2107,0.4979,0.3439,0.2024
CUST1013999,2026-06,0.3101,0.3389,0.6361,0.2479,0.3224,0.1838
CUST1014000,2026-06,0.2154,0.218,0.1731,0.1617,0.1187,0.1659
CUST1014001,2026-06,0.4507,0.2576,0.3549,0.2834,0.2965,0.1829
CUST1014002,2026-06,0.5409,0.3625,0.3468,0.2348,0.1647,0.2987
CUST1014003,2026-06,0.4905,0.5103,0.6416,0.5415,0.309,0.1885
CUST1014004,2026-06,0.3041,0.3587,0.3906,0.1565,0.3691,0.1473
CUST1014005,2026-06,0.6036,0.3592,0.4874,0.6979,0.4749,0.2263
CUST1014006,2026-06,0.1618,0.3061,0.0702,0.293,0.5071,0.0934
CUST1014007,2026-06,0.4929,0.257,0.4072,0.3035,0.228,0.2903
CUST1014008,2026-06,0.4516,0.2312,0.3056,0.3322,0.6869,0.1139
CUST1014009,2026-06,0.7475,0.4808,0.3745,0.3024,0.3494,0.2128
CUST1014010,2026-06,0.5717,0.4127,0.3551,0.1886,0.1469,0.1654
CUST1014011,2026-06,0.78,0.3055,0.362,0.3267,0.459,0.0826
CUST1014012,2026-06,0.298,0.4908,0.4213,0.3448,0.4168,0.2298
CUST1014013,2026-06,0.1672,0.2956,0.1093,0.3064,0.5609,0.2249
CUST1014014,2026-06,0.0218,0.4962,0.2578,0.3259,0.456,0.1947
CUST1014015,2026-06,0.1854,0.279,0.1687,0.6478,0.4329,0.1651
CUST1014016,2026-06,0.3133,0.2532,0.4011,0.4091,0.4906,0.1542
CUST1014017,2026-06,0.2796,0.5475,0.6991,0.2353,0.4446,0.0671
CUST1014018,2026-06,0.2134,0.3022,0.2019,0.3259,0.1263,0.1159
CUST1014019,2026-06,0.3874,0.1044,0.2847,0.2443,0.2161,0.5222
CUST1014020,2026-06,0.3836,0.3725,0.4076,0.4697,0.482,0.2108
CUST1014021,2026-06,0.4246,0.1868,0.1098,0.3966,0.2394,0.1568
CUST1014022,2026-06,0.103,0.2183,0.1644,0.2683,0.2752,0.1734
CUST1014023,2026-06,0.6156,0.2911,0.5382,0.6105,0.256,0.1805
CUST1014024,2026-06,0.5702,0.3556,0.3753,0.4172,0.3347,0.287
CUST1014025,2026-06,0.4148,0.5399,0.459,0.348,0.4388,0.1669
CUST1014026,2026-06,0.4111,0.01,0.1718,0.2034,0.3219,0.1255
CUST1014027,2026-06,0.5362,0.2413,0.5557,0.579,0.3504,0.132
CUST1014028,2026-06,0.2365,0.5368,0.3904,0.3759,0.5283,0.1396
CUST1014029,2026-06,0.456,0.2965,0.3041,0.3644,0.3492,0.1302
CUST1014030,2026-06,0.7049,0.2976,0.5139,0.1929,0.3083,0.1463
CUST1014031,2026-06,0.1971,0.01,0.01,0.2158,0.416,0.0832
CUST1014032,2026-06,0.4331,0.4608,0.3626,0.5708,0.2994,0.235
CUST1014033,2026-06,0.0577,0.01,0.5228,0.241,0.2724,0.2046
CUST1014034,2026-06,0.3544,0.5246,0.5333,0.4676,0.3203,0.2714
CUST1014035,2026-06,0.6646,0.1007,0.1637,0.3895,0.1221,0.5189
CUST1014036,2026-06,0.6406,0.1642,0.4826,0.4432,0.2603,0.4051
CUST1014037,2026-06,0.3571,0.5028,0.4712,0.489,0.3225,0.1475
CUST1014038,2026-06,0.1568,0.0839,0.603,0.0818,0.4254,0.141
CUST1014039,2026-06,0.7128,0.4977,0.3859,0.5083,0.3144,0.1371
CUST1014040,2026-06,0.588,0.0805,0.5418,0.1875,0.2712,0.1904
CUST1014041,2026-06,0.6198,0.3747,0.4975,0.4322,0.4642,0.076
CUST1014042,2026-06,0.1777,0.2493,0.07,0.2917,0.583,0.1916
CUST1014043,2026-06,0.4196,0.01,0.2475,0.3209,0.2513,0.1892
CUST1014044,2026-06,0.3917,0.3595,0.3653,0.3203,0.3422,0.259
CUST1014045,2026-06,0.6399,0.4919,0.4866,0.52,0.1463,0.1826
CUST1014046,2026-06,0.1849,0.246,0.2541,0.1928,0.3551,0.2693
CUST1014047,2026-06,0.2033,0.2175,0.0207,0.1235,0.2918,0.1718
CUST1014048,2026-06,0.1168,0.3813,0.2719,0.151,0.2728,0.3621
CUST1014049,2026-06,0.7087,0.4801,0.4585,0.4479,0.4513,0.2899
CUST1014050,2026-06,0.3852,0.376,0.3819,0.399,0.3306,0.01
CUST1014051,2026-06,0.466,0.0782,0.036,0.425,0.2351,0.1304
CUST1014052,2026-06,0.486,0.01,0.1036,0.1892,0.1849,0.1913
CUST1014053,2026-06,0.2417,0.334,0.0541,0.3577,0.3592,0.3322
CUST1014054,2026-06,0.6293,0.4826,0.436,0.5756,0.3284,0.1159
CUST1014055,2026-06,0.8042,0.2484,0.5276,0.2935,0.3135,0.34
CUST1014056,2026-06,0.6072,0.2142,0.4104,0.3121,0.1293,0.2607
CUST1014057,2026-06,0.5249,0.491,0.3869,0.3879,0.4258,0.1241
CUST1014058,2026-06,0.587,0.3538,0.304,0.3966,0.4371,0.3611
CUST1014059,2026-06,0.483,0.5999,0.6188,0.5519,0.2337,0.1441
CUST1014060,2026-06,0.6008,0.266,0.5617,0.3848,0.2678,0.1445
CUST1014061,2026-06,0.6998,0.1134,0.3324,0.1264,0.238,0.2857
CUST1014062,2026-06,0.7099,0.466,0.2899,0.4535,0.3661,0.0491
CUST1014063,2026-06,0.6949,0.2905,0.3449,0.3281,0.2691,0.1634
CUST1014064,2026-06,0.6158,0.0704999999999999,0.4224,0.5558,0.3386,0.0568
CUST1014065,2026-06,0.525,0.2483,0.2427,0.4259,0.3965,0.1237
CUST1014066,2026-06,0.4793,0.119,0.3513,0.096,0.6259,0.214
CUST1014067,2026-06,0.3549,0.5307,0.3275,0.5286,0.4643,0.2324
CUST1014068,2026-06,0.2676,0.2143,0.1865,0.3578,0.451,0.0369
CUST1014069,2026-06,0.5497,0.2509,0.4388,0.4156,0.3083,0.2635
CUST1014070,2026-06,0.4027,0.2849,0.1588,0.4507,0.2164,0.1833
CUST1014071,2026-06,0.4206,0.3441,0.2064,0.1765,0.3424,0.2994
CUST1014072,2026-06,0.5468,0.3878,0.287,0.4558,0.4684,0.1604
CUST1014073,2026-06,0.4857,0.4458,0.2928,0.4576,0.5559,0.0806999999999999
CUST1014074,2026-06,0.1861,0.0874999999999999,0.1124,0.0984,0.3551,0.0639
CUST1014075,2026-06,0.6372,0.3454,0.6272,0.2978,0.4241,0.1296
CUST1014076,2026-06,0.3638,0.2007,0.0896,0.3885,0.3561,0.1396
CUST1014077,2026-06,0.4545,0.3831,0.3593,0.5004,0.6776,0.1697
CUST1014078,2026-06,0.5022,0.346,0.445,0.4555,0.4234,0.3213
CUST1014079,2026-06,0.1283,0.075,0.1651,0.3384,0.3214,0.1504
CUST1014080,2026-06,0.3239,0.474,0.4213,0.2223,0.3265,0.164
CUST1014081,2026-06,0.0283,0.2821,0.1226,0.2899,0.447,0.1901
CUST1014082,2026-06,0.6672,0.361,0.418,0.1207,0.4149,0.1076
CUST1014083,2026-06,0.4314,0.0503,0.0674,0.3331,0.3832,0.2395
CUST1014084,2026-06,0.5788,0.2641,0.5028,0.4096,0.3784,0.1558
CUST1014085,2026-06,0.4858,0.4779,0.3201,0.4044,0.24,0.7161
CUST1014086,2026-06,0.3327,0.2916,0.1944,0.5565,0.5451,0.1088
CUST1014087,2026-06,0.5382,0.3395,0.3477,0.6195,0.5035,0.4635
CUST1014088,2026-06,0.6071,0.2993,0.526,0.3347,0.4225,0.1928
CUST1014089,2026-06,0.2129,0.1066,0.1149,0.2214,0.3446,0.0887
CUST1014090,2026-06,0.4463,0.0675999999999999,0.0666,0.4602,0.2413,0.1832
CUST1014091,2026-06,0.5818,0.4059,0.5739,0.2972,0.3266,0.1374
CUST1014092,2026-06,0.526,0.3286,0.4579,0.5335,0.4053,0.0869
CUST1014093,2026-06,0.2803,0.0104,0.2255,0.4483,0.3972,0.1987
CUST1014094,2026-06,0.1276,0.3005,0.4048,0.2709,0.2451,0.2367
CUST1014095,2026-06,0.2694,0.4508,0.5051,0.3384,0.3837,0.0786
CUST1014096,2026-06,0.4713,0.3758,0.6395,0.3435,0.4315,0.2222
CUST1014097,2026-06,0.2075,0.01,0.1632,0.3891,0.351,0.1569
CUST1014098,2026-06,0.4282,0.2794,0.3569,0.2994,0.3569,0.01
CUST1014099,2026-06,0.2349,0.1333,0.1841,0.2897,0.2768,0.1856
CUST1014100,2026-06,0.58,0.1601,0.1687,0.1814,0.1027,0.6786
CUST1014101,2026-06,0.448,0.3522,0.4373,0.3287,0.1533,0.2032
CUST1014102,2026-06,0.4925,0.419,0.4726,0.5817,0.3864,0.1479
CUST1014103,2026-06,0.4354,0.4658,0.5425,0.2826,0.4886,0.2654
CUST1014104,2026-06,0.4701,0.0102,0.3572,0.617,0.119,0.269
CUST1014105,2026-06,0.6935,0.0665,0.353,0.1814,0.1812,0.249
CUST1014106,2026-06,0.5048,0.3899,0.4056,0.4658,0.488,0.1391
CUST1014107,2026-06,0.6662,0.2587,0.397,0.3817,0.2779,0.2442
CUST1014108,2026-06,0.3344,0.3926,0.3722,0.2135,0.2784,0.2064
CUST1014109,2026-06,0.4102,0.6101,0.3248,0.286,0.1589,0.1034
CUST1014110,2026-06,0.3948,0.2477,0.4014,0.4399,0.2413,0.0777999999999999
CUST1014111,2026-06,0.5609,0.2148,0.3584,0.3356,0.245,0.1541
CUST1014112,2026-06,0.6274,0.2402,0.5133,0.3542,0.3157,0.2378
CUST1014113,2026-06,0.4095,0.286,0.6844,0.4563,0.3794,0.2542
CUST1014114,2026-06,0.3666,0.3492,0.5432,0.2739,0.2144,0.1481
CUST1014115,2026-06,0.3112,0.3817,0.2796,0.271,0.3915,0.5057
CUST1014116,2026-06,0.5897,0.0729,0.4804,0.2181,0.4728,0.2129
CUST1014117,2026-06,0.4433,0.3124,0.5403,0.417,0.4587,0.3696
CUST1014118,2026-06,0.1406,0.3157,0.2338,0.5376,0.4053,0.1317
CUST1014119,2026-06,0.6129,0.0638,0.4235,0.2656,0.2076,0.1065
CUST1014120,2026-06,0.4728,0.3154,0.3868,0.4966,0.3798,0.2226
CUST1014121,2026-06,0.1201,0.4159,0.1237,0.345,0.2692,0.2432
CUST1014122,2026-06,0.3889,0.0264,0.01,0.3401,0.5023,0.483
CUST1014123,2026-06,0.3646,0.1009,0.1057,0.4584,0.4621,0.1127
CUST1014124,2026-06,0.4456,0.3781,0.5645,0.3819,0.4437,0.1521
CUST1014125,2026-06,0.2081,0.1595,0.1488,0.4799,0.6076,0.0593
CUST1014126,2026-06,0.6797,0.139,0.512,0.4966,0.3613,0.238
CUST1014127,2026-06,0.598,0.1062,0.4399,0.4218,0.2009,0.0375
CUST1014128,2026-06,0.626,0.2365,0.3886,0.3262,0.1325,0.208
CUST1014129,2026-06,0.4702,0.3951,0.4176,0.5344,0.4252,0.0774
CUST1014130,2026-06,0.2823,0.01,0.01,0.5224,0.2821,0.1945
CUST1014131,2026-06,0.3639,0.0627999999999999,0.174,0.273,0.1535,0.0587
CUST1014132,2026-06,0.5903,0.2658,0.5927,0.3636,0.5711,0.2797
CUST1014133,2026-06,0.2803,0.1867,0.1926,0.4339,0.3503,0.2668
CUST1014134,2026-06,0.2649,0.1429,0.2529,0.374,0.3474,0.2962
CUST1014135,2026-06,0.4839,0.6209,0.3622,0.3537,0.3018,0.2109
CUST1014136,2026-06,0.0467,0.3469,0.0384,0.2571,0.7303,0.104
CUST1014137,2026-06,0.213,0.3543,0.2023,0.1641,0.4124,0.1043
CUST1014138,2026-06,0.3031,0.3396,0.4064,0.226,0.336,0.1552
CUST1014139,2026-06,0.3995,0.4521,0.4477,0.3981,0.4172,0.1692
CUST1014140,2026-06,0.3433,0.4481,0.3841,0.6738,0.5084,0.0680999999999999
CUST1014141,2026-06,0.2938,0.5088,0.2404,0.3208,0.4082,0.2021
CUST1014142,2026-06,0.4252,0.3786,0.5619,0.5114,0.3584,0.1648
CUST1014143,2026-06,0.3393,0.2744,0.5282,0.4481,0.5048,0.3859
CUST1014144,2026-06,0.1857,0.2237,0.1372,0.5682,0.4102,0.0601
CUST1014145,2026-06,0.5174,0.1939,0.3,0.4346,0.3609,0.0853
CUST1014146,2026-06,0.4245,0.3349,0.5029,0.4453,0.3176,0.1951
CUST1014147,2026-06,0.2864,0.1031,0.0682,0.1349,0.0829,0.1429
CUST1014148,2026-06,0.1509,0.1727,0.1055,0.2077,0.3424,0.1533
CUST1014149,2026-06,0.4518,0.3867,0.4767,0.3927,0.3699,0.2877
CUST1014150,2026-06,0.7027,0.4858,0.3947,0.5068,0.2068,0.0659
CUST1014151,2026-06,0.1506,0.3155,0.0792,0.1781,0.5038,0.2061
CUST1014152,2026-06,0.2497,0.0387,0.0794,0.2103,0.3624,0.1235
CUST1014153,2026-06,0.6402,0.1351,0.6401,0.2775,0.1826,0.2203
CUST1014154,2026-06,0.4678,0.3249,0.475,0.3084,0.3217,0.2503
CUST1014155,2026-06,0.4109,0.3591,0.5499,0.2832,0.1338,0.2993
CUST1014156,2026-06,0.5258,0.4799,0.531,0.3384,0.3411,0.1079
CUST1014157,2026-06,0.5784,0.3555,0.3143,0.2148,0.3738,0.0435
CUST1014158,2026-06,0.4106,0.3384,0.3668,0.507,0.1897,0.1698
CUST1014159,2026-06,0.4466,0.4175,0.598,0.3777,0.3005,0.632
CUST1014160,2026-06,0.6031,0.4404,0.3884,0.4571,0.5321,0.2608
CUST1014161,2026-06,0.6564,0.2974,0.4337,0.466,0.2356,0.1128
CUST1014162,2026-06,0.1898,0.01,0.3096,0.1376,0.4499,0.1348
CUST1014163,2026-06,0.2716,0.4895,0.1608,0.4288,0.1591,0.5353
CUST1014164,2026-06,0.435,0.3705,0.4869,0.3041,0.3269,0.2666
CUST1014165,2026-06,0.395,0.1747,0.1236,0.2967,0.3218,0.0354
CUST1014166,2026-06,0.6789,0.5175,0.5177,0.511,0.158,0.2427
CUST1014167,2026-06,0.4305,0.4925,0.4023,0.37,0.2795,0.1237
CUST1014168,2026-06,0.2309,0.507,0.2739,0.3667,0.3798,0.0477
CUST1014169,2026-06,0.5782,0.0978,0.0974,0.3095,0.2625,0.2536
CUST1014170,2026-06,0.6787,0.4445,0.3495,0.4641,0.2502,0.218
CUST1014171,2026-06,0.7663,0.1835,0.4893,0.3358,0.2586,0.2192
CUST1014172,2026-06,0.2591,0.4366,0.3495,0.3605,0.3481,0.2387
CUST1014173,2026-06,0.4602,0.4475,0.4267,0.3757,0.3476,0.148
CUST1014174,2026-06,0.1703,0.0196,0.1774,0.2342,0.3131,0.1079
CUST1014175,2026-06,0.6756,0.3331,0.5077,0.3791,0.264,0.2726
CUST1014176,2026-06,0.3547,0.2164,0.4953,0.2249,0.37,0.1359
CUST1014177,2026-06,0.5521,0.3931,0.3977,0.5243,0.5097,0.185
CUST1014178,2026-06,0.5952,0.2396,0.3102,0.4098,0.4686,0.2328
CUST1014179,2026-06,0.3682,0.0796,0.0977,0.4102,0.01,0.5541
CUST1014180,2026-06,0.5153,0.0772999999999999,0.3833,0.3628,0.2823,0.1663
CUST1014181,2026-06,0.4169,0.4122,0.274,0.1348,0.0641,0.5918
CUST1014182,2026-06,0.3712,0.1838,0.6132,0.303,0.2774,0.1485
CUST1014183,2026-06,0.3694,0.2266,0.3168,0.1548,0.4645,0.0424
CUST1014184,2026-06,0.2555,0.3501,0.4277,0.4374,0.2078,0.2135
CUST1014185,2026-06,0.3371,0.0999,0.169,0.4505,0.4498,0.2004
CUST1014186,2026-06,0.8325,0.3383,0.379,0.4558,0.4773,0.1627
CUST1014187,2026-06,0.7214,0.3671,0.4416,0.0221,0.3878,0.3213
CUST1014188,2026-06,0.6264,0.4131,0.5035,0.3872,0.339,0.2716
CUST1014189,2026-06,0.5891,0.358,0.4988,0.39,0.3512,0.1276
CUST1014190,2026-06,0.3901,0.3672,0.2705,0.3813,0.6458,0.0791
CUST1014191,2026-06,0.5656,0.1209,0.2593,0.5297,0.1004,0.156
CUST1014192,2026-06,0.4053,0.431,0.1856,0.2977,0.3886,0.1017
CUST1014193,2026-06,0.4735,0.5035,0.3725,0.5102,0.4446,0.197
CUST1014194,2026-06,0.2023,0.1648,0.0961,0.2011,0.4375,0.2217
CUST1014195,2026-06,0.6783,0.3365,0.5298,0.521,0.3026,0.3688
CUST1014196,2026-06,0.6092,0.3924,0.4598,0.4527,0.221,0.4873
CUST1014197,2026-06,0.3169,0.01,0.1003,0.2507,0.2824,0.0542
CUST1014198,2026-06,0.4347,0.3502,0.392,0.3541,0.1121,0.6248
CUST1014199,2026-06,0.7942,0.0787,0.2654,0.4422,0.2943,0.1905
CUST1014200,2026-06,0.6807,0.2236,0.4735,0.4026,0.4409,0.3457
CUST1014201,2026-06,0.4393,0.3589,0.2572,0.3548,0.4697,0.1347
CUST1014202,2026-06,0.5093,0.3807,0.4747,0.2823,0.4719,0.1077
CUST1014203,2026-06,0.01,0.345,0.2014,0.2753,0.3762,0.1689
CUST1014204,2026-06,0.5895,0.4683,0.4153,0.5177,0.1005,0.5345
CUST1014205,2026-06,0.5589,0.4865,0.7077,0.2425,0.1418,0.5925
CUST1014206,2026-06,0.61,0.2224,0.4803,0.3118,0.2333,0.2553
CUST1014207,2026-06,0.5843,0.2447,0.346,0.2646,0.1557,0.2807
CUST1014208,2026-06,0.6692,0.1648,0.3136,0.5075,0.3262,0.0997
CUST1014209,2026-06,0.1525,0.1633,0.3696,0.3591,0.4645,0.1145
CUST1014210,2026-06,0.537,0.398,0.6817,0.4015,0.5118,0.1639
CUST1014211,2026-06,0.6636,0.3442,0.3237,0.3911,0.2172,0.3345
CUST1014212,2026-06,0.4095,0.1593,0.315,0.5785,0.2605,0.206
CUST1014213,2026-06,0.5672,0.2592,0.4729,0.3863,0.2853,0.2622
CUST1014214,2026-06,0.5277,0.386,0.2236,0.523,0.2564,0.067
CUST1014215,2026-06,0.3156,0.3458,0.3044,0.3788,0.5652,0.0306
CUST1014216,2026-06,0.3621,0.2287,0.2169,0.4449,0.2645,0.01
CUST1014217,2026-06,0.3935,0.6528,0.5198,0.2722,0.2435,0.2617
CUST1014218,2026-06,0.2332,0.2018,0.0824,0.3703,0.5136,0.0956
CUST1014219,2026-06,0.5272,0.0896,0.1163,0.3155,0.2923,0.2192
CUST1014220,2026-06,0.5922,0.1793,0.4167,0.1617,0.3109,0.2141
CUST1014221,2026-06,0.436,0.3416,0.3099,0.1728,0.4516,0.1655
CUST1014222,2026-06,0.708,0.557,0.3941,0.2732,0.2728,0.1728
CUST1014223,2026-06,0.3487,0.4339,0.5306,0.3853,0.4427,0.0207
CUST1014224,2026-06,0.4319,0.3843,0.4773,0.4123,0.2777,0.2582
CUST1014225,2026-06,0.5241,0.4166,0.4901,0.2403,0.3222,0.2114
CUST1014226,2026-06,0.4055,0.5035,0.3177,0.1699,0.2564,0.2234
CUST1014227,2026-06,0.2813,0.1741,0.3463,0.1743,0.5735,0.3241
CUST1014228,2026-06,0.614,0.5968,0.41,0.2924,0.2157,0.2155
CUST1014229,2026-06,0.3731,0.0475,0.01,0.2011,0.2426,0.2901
CUST1014230,2026-06,0.3113,0.1582,0.0945,0.5331,0.55,0.1492
CUST1014231,2026-06,0.3021,0.3307,0.5361,0.2997,0.2406,0.2644
CUST1014232,2026-06,0.5232,0.3245,0.525,0.1193,0.2441,0.0893999999999999
CUST1014233,2026-06,0.1644,0.2327,0.1691,0.0931,0.3448,0.1222
CUST1014234,2026-06,0.4997,0.345,0.2841,0.5299,0.3982,0.1554
CUST1014235,2026-06,0.4056,0.403,0.314,0.4146,0.4567,0.1902
CUST1014236,2026-06,0.305,0.2959,0.1931,0.4496,0.2751,0.1764
CUST1014237,2026-06,0.3822,0.2719,0.5593,0.0726,0.2351,0.0558
CUST1014238,2026-06,0.4296,0.3231,0.3485,0.4221,0.4614,0.1906
CUST1014239,2026-06,0.474,0.2309,0.1588,0.1372,0.3532,0.1202
CUST1014240,2026-06,0.7208,0.2776,0.4429,0.4196,0.1449,0.0747
CUST1014241,2026-06,0.6852,0.3247,0.4305,0.3313,0.3086,0.1485
CUST1014242,2026-06,0.258,0.28,0.1031,0.4925,0.4697,0.2687
CUST1014243,2026-06,0.5236,0.5001,0.3461,0.2438,0.3856,0.1982
CUST1014244,2026-06,0.495,0.4784,0.2837,0.4495,0.3788,0.0551
CUST1014245,2026-06,0.5001,0.0275,0.05,0.2861,0.2264,0.1779
CUST1014246,2026-06,0.4872,0.3781,0.4978,0.3142,0.4959,0.0172
CUST1014247,2026-06,0.2403,0.2357,0.2356,0.2552,0.5006,0.2386
CUST1014248,2026-06,0.482,0.4333,0.5331,0.3804,0.357,0.2657
CUST1014249,2026-06,0.3564,0.4979,0.488,0.4197,0.3125,0.6462
CUST1014250,2026-06,0.4888,0.1854,0.4328,0.3182,0.235,0.2159
CUST1014251,2026-06,0.4466,0.4096,0.3905,0.3383,0.3926,0.1065
CUST1014252,2026-06,0.7013,0.2161,0.2955,0.496,0.4416,0.1996
CUST1014253,2026-06,0.5623,0.4597,0.5936,0.4338,0.3431,0.1074
CUST1014254,2026-06,0.3475,0.0106,0.0207,0.3436,0.1152,0.1577
CUST1014255,2026-06,0.5067,0.4764,0.4359,0.0707,0.3327,0.0434
CUST1014256,2026-06,0.4289,0.4053,0.5328,0.2318,0.238,0.0964
CUST1014257,2026-06,0.3225,0.3581,0.3758,0.4844,0.6165,0.2896
CUST1014258,2026-06,0.4761,0.3135,0.0671,0.5489,0.2405,0.1644
CUST1014259,2026-06,0.349,0.4252,0.5218,0.3375,0.359,0.1424
CUST1014260,2026-06,0.2149,0.24,0.1149,0.2952,0.2618,0.1306
CUST1014261,2026-06,0.5702,0.549,0.3076,0.4229,0.4387,0.0617
CUST1014262,2026-06,0.5926,0.239,0.3593,0.58,0.4423,0.1948
CUST1014263,2026-06,0.5762,0.4015,0.3762,0.467,0.2638,0.2948
CUST1014264,2026-06,0.5269,0.01,0.09,0.3564,0.5314,0.1908
CUST1014265,2026-06,0.5181,0.3778,0.4326,0.1106,0.3413,0.1019
CUST1014266,2026-06,0.629,0.3164,0.3724,0.2598,0.3018,0.1057
CUST1014267,2026-06,0.4726,0.3238,0.5066,0.3806,0.4135,0.2554
CUST1014268,2026-06,0.5596,0.1577,0.425,0.2553,0.3166,0.1369
CUST1014269,2026-06,0.4281,0.4644,0.4693,0.4057,0.3859,0.0927
CUST1014270,2026-06,0.1973,0.3154,0.2135,0.4293,0.4213,0.0856
CUST1014271,2026-06,0.3038,0.4638,0.383,0.4413,0.5947,0.0692
CUST1014272,2026-06,0.4235,0.3861,0.4185,0.4516,0.7032,0.2488
CUST1014273,2026-06,0.5022,0.6095,0.4594,0.4963,0.4196,0.2683
CUST1014274,2026-06,0.5596,0.3954,0.4579,0.5762,0.13,0.0553
CUST1014275,2026-06,0.1941,0.4089,0.1711,0.3233,0.2732,0.1274
CUST1014276,2026-06,0.4136,0.2894,0.4402,0.542,0.2577,0.1374
CUST1014277,2026-06,0.5166,0.2172,0.3993,0.1569,0.1035,0.2054
CUST1014278,2026-06,0.3495,0.2447,0.3944,0.3421,0.5982,0.3066
CUST1014279,2026-06,0.4485,0.3035,0.4909,0.3084,0.403,0.0935
CUST1014280,2026-06,0.3929,0.5003,0.3589,0.4653,0.3478,0.1088
CUST1014281,2026-06,0.5429,0.4361,0.4922,0.5087,0.4848,0.1936
CUST1014282,2026-06,0.3876,0.4538,0.3323,0.6045,0.3509,0.1417
CUST1014283,2026-06,0.4906,0.017,0.1489,0.4829,0.257,0.2022
CUST1014284,2026-06,0.247,0.2042,0.3176,0.2023,0.3806,0.1407
CUST1014285,2026-06,0.4544,0.3464,0.3451,0.5054,0.3064,0.1965
CUST1014286,2026-06,0.3956,0.0876,0.1384,0.4266,0.292,0.0127
CUST1014287,2026-06,0.2026,0.0498,0.155,0.4291,0.5495,0.2876
CUST1014288,2026-06,0.2107,0.2446,0.1385,0.3039,0.4603,0.2229
CUST1014289,2026-06,0.6302,0.4282,0.3446,0.4758,0.2459,0.1317
CUST1014290,2026-06,0.165,0.1867,0.2194,0.382,0.3935,0.2347
CUST1014291,2026-06,0.6765,0.01,0.3302,0.0254,0.1887,0.1666
CUST1014292,2026-06,0.0612,0.2777,0.2546,0.3448,0.3579,0.01
CUST1014293,2026-06,0.605,0.1498,0.4508,0.3917,0.5535,0.1568
CUST1014294,2026-06,0.5686,0.3337,0.3855,0.438,0.3251,0.1763
CUST1014295,2026-06,0.2126,0.4203,0.1364,0.2247,0.2392,0.232
CUST1014296,2026-06,0.6105,0.1497,0.3128,0.3283,0.1025,0.1925
CUST1014297,2026-06,0.3653,0.4517,0.5968,0.337,0.3185,0.01
CUST1014298,2026-06,0.5361,0.2518,0.6806,0.3953,0.3156,0.129
CUST1014299,2026-06,0.409,0.1189,0.3285,0.4153,0.5569,0.1319
CUST1014300,2026-06,0.3342,0.3402,0.3166,0.2745,0.2444,0.5097
CUST1014301,2026-06,0.3771,0.3844,0.4251,0.1189,0.4739,0.3191
CUST1014302,2026-06,0.4343,0.5999,0.6654,0.2862,0.3824,0.01
CUST1014303,2026-06,0.5278,0.1058,0.2288,0.3898,0.4258,0.1755
CUST1014304,2026-06,0.5198,0.01,0.2138,0.3134,0.177,0.2046
CUST1014305,2026-06,0.423,0.1127,0.01,0.1972,0.0495,0.5472
CUST1014306,2026-06,0.5004,0.4919,0.6706,0.4448,0.3926,0.2832
CUST1014307,2026-06,0.6823,0.4983,0.6855,0.2534,0.299,0.1713
CUST1014308,2026-06,0.6645,0.1239,0.4174,0.3197,0.3768,0.2733
CUST1014309,2026-06,0.4069,0.4713,0.4364,0.5098,0.4617,0.1336
CUST1014310,2026-06,0.2711,0.2367,0.1787,0.3924,0.353,0.1538
CUST1014311,2026-06,0.3712,0.2942,0.2077,0.6284,0.1991,0.2221
CUST1014312,2026-06,0.3406,0.0251,0.2096,0.2839,0.1725,0.2384
CUST1014313,2026-06,0.6569,0.303,0.4295,0.5379,0.1362,0.1919
CUST1014314,2026-06,0.4283,0.3679,0.4264,0.4583,0.2671,0.2036
CUST1014315,2026-06,0.3591,0.01,0.0959,0.1743,0.2537,0.2609
CUST1014316,2026-06,0.3023,0.3115,0.01,0.247,0.3459,0.3166
CUST1014317,2026-06,0.2102,0.1152,0.0202,0.126,0.5468,0.2054
CUST1014318,2026-06,0.6238,0.3687,0.5255,0.2654,0.309,0.1983
CUST1014319,2026-06,0.6122,0.3796,0.5518,0.456,0.2951,0.2205
CUST1014320,2026-06,0.6411,0.2275,0.21,0.4303,0.2163,0.2472
CUST1014321,2026-06,0.2772,0.4005,0.4203,0.6096,0.2884,0.5329
CUST1014322,2026-06,0.5158,0.3733,0.4387,0.4674,0.2125,0.6242
CUST1014323,2026-06,0.3891,0.4753,0.5632,0.2421,0.2166,0.1732
CUST1014324,2026-06,0.4622,0.1969,0.0714,0.2464,0.1877,0.3264
CUST1014325,2026-06,0.3508,0.2208,0.0814,0.3125,0.3475,0.1586
CUST1014326,2026-06,0.4987,0.2503,0.4121,0.4287,0.43,0.2063
CUST1014327,2026-06,0.3005,0.3203,0.1871,0.4008,0.2675,0.0984
CUST1014328,2026-06,0.2544,0.1354,0.156,0.4179,0.6158,0.2265
CUST1014329,2026-06,0.4065,0.1586,0.349,0.2122,0.7478,0.2015
CUST1014330,2026-06,0.3152,0.0866,0.01,0.2344,0.1492,0.7421
CUST1014331,2026-06,0.4934,0.3447,0.3074,0.4903,0.4061,0.3227
CUST1014332,2026-06,0.2752,0.322,0.6134,0.4448,0.2633,0.2619
CUST1014333,2026-06,0.6689,0.3749,0.3003,0.2333,0.3347,0.215
CUST1014334,2026-06,0.3518,0.2311,0.3393,0.2552,0.1848,0.2371
CUST1014335,2026-06,0.3693,0.0543,0.2159,0.2405,0.1325,0.1139
CUST1014336,2026-06,0.2809,0.2133,0.2409,0.3724,0.4684,0.0726
CUST1014337,2026-06,0.3608,0.3084,0.6429,0.2932,0.4639,0.0871
CUST1014338,2026-06,0.5326,0.1452,0.5086,0.4732,0.2851,0.1847
CUST1014339,2026-06,0.6753,0.2807,0.1595,0.3508,0.2951,0.1874
CUST1014340,2026-06,0.4935,0.1472,0.3122,0.5415,0.3031,0.4118
CUST1014341,2026-06,0.743,0.1165,0.4582,0.2939,0.2748,0.3234
CUST1014342,2026-06,0.5061,0.33,0.279,0.3994,0.4286,0.0876
CUST1014343,2026-06,0.4365,0.4935,0.4575,0.3441,0.3367,0.049
CUST1014344,2026-06,0.1863,0.3152,0.1494,0.2635,0.3266,0.01
CUST1014345,2026-06,0.4596,0.4237,0.3904,0.2107,0.3293,0.0912
CUST1014346,2026-06,0.2168,0.3162,0.253,0.2964,0.2213,0.1404
CUST1014347,2026-06,0.7305,0.3184,0.3266,0.5692,0.1578,0.2135
CUST1014348,2026-06,0.4868,0.4176,0.4857,0.392,0.3112,0.1105
CUST1014349,2026-06,0.3289,0.3983,0.5276,0.3105,0.3897,0.1619
CUST1014350,2026-06,0.4092,0.2053,0.1635,0.1339,0.3457,0.3124
CUST1014351,2026-06,0.1731,0.3072,0.01,0.3234,0.3168,0.3503
CUST1014352,2026-06,0.2283,0.3752,0.3862,0.2771,0.4758,0.2242
CUST1014353,2026-06,0.4161,0.1345,0.336,0.3917,0.4865,0.01
CUST1014354,2026-06,0.3252,0.3235,0.2742,0.4761,0.2128,0.5612
CUST1014355,2026-06,0.3418,0.4101,0.3519,0.5675,0.1851,0.2077
CUST1014356,2026-06,0.1432,0.2891,0.01,0.2123,0.186,0.3328
CUST1014357,2026-06,0.523,0.1124,0.1,0.4683,0.1106,0.1439
CUST1014358,2026-06,0.531,0.3861,0.4312,0.3041,0.4179,0.1394
CUST1014359,2026-06,0.6142,0.379,0.7204,0.387,0.2947,0.3057
CUST1014360,2026-06,0.5099,0.5712,0.4642,0.3777,0.5029,0.1942
CUST1014361,2026-06,0.7059,0.2747,0.4045,0.394,0.3436,0.2281
CUST1014362,2026-06,0.0931,0.1581,0.1486,0.3252,0.3291,0.0978
CUST1014363,2026-06,0.3185,0.0361,0.1843,0.2466,0.2361,0.0688
CUST1014364,2026-06,0.1929,0.0867,0.1855,0.2134,0.2529,0.2649
CUST1014365,2026-06,0.5919,0.2,0.5603,0.4535,0.4499,0.1473
CUST1014366,2026-06,0.7278,0.2172,0.3578,0.2742,0.2166,0.1209
CUST1014367,2026-06,0.4227,0.1962,0.3926,0.4787,0.5543,0.2102
CUST1014368,2026-06,0.5805,0.3626,0.4365,0.1564,0.2386,0.1556
CUST1014369,2026-06,0.6178,0.2672,0.6997,0.1921,0.0999,0.1036
CUST1014370,2026-06,0.4263,0.0112,0.2783,0.4412,0.3026,0.0801999999999999
CUST1014371,2026-06,0.3062,0.0811999999999999,0.1329,0.1929,0.2776,0.3011
CUST1014372,2026-06,0.4854,0.1641,0.2134,0.4439,0.2749,0.1376
CUST1014373,2026-06,0.2885,0.2877,0.1093,0.3516,0.2918,0.0265
CUST1014374,2026-06,0.7188,0.0618,0.4682,0.01,0.5426,0.2544
CUST1014375,2026-06,0.5393,0.3074,0.5185,0.2626,0.2795,0.0559
CUST1014376,2026-06,0.6144,0.1417,0.5053,0.2496,0.281,0.2102
CUST1014377,2026-06,0.4271,0.3511,0.6337,0.5242,0.3139,0.2828
CUST1014378,2026-06,0.4168,0.3837,0.3801,0.1685,0.3681,0.1694
CUST1014379,2026-06,0.4465,0.0912,0.221,0.1978,0.161,0.1987
CUST1014380,2026-06,0.4567,0.2888,0.5535,0.3148,0.3771,0.1996
CUST1014381,2026-06,0.3295,0.3853,0.6809,0.6565,0.2562,0.1611
CUST1014382,2026-06,0.6432,0.285,0.2909,0.3267,0.3745,0.1414
CUST1014383,2026-06,0.247,0.01,0.2194,0.1838,0.5235,0.1458
CUST1014384,2026-06,0.264,0.3145,0.2732,0.4373,0.71,0.1786
CUST1014385,2026-06,0.3827,0.3597,0.3818,0.3764,0.6105,0.1953
CUST1014386,2026-06,0.3355,0.2615,0.3497,0.4273,0.3546,0.2914
CUST1014387,2026-06,0.5001,0.3634,0.2955,0.2831,0.4725,0.1546
CUST1014388,2026-06,0.5511,0.2741,0.2772,0.3959,0.3861,0.01
CUST1014389,2026-06,0.4336,0.01,0.3843,0.3091,0.2676,0.1338
CUST1014390,2026-06,0.25,0.2512,0.232,0.1058,0.5636,0.2269
CUST1014391,2026-06,0.4986,0.3379,0.4953,0.2916,0.2473,0.1196
CUST1014392,2026-06,0.4934,0.5135,0.6671,0.4896,0.3047,0.1581
CUST1014393,2026-06,0.421,0.1225,0.1768,0.2792,0.3637,0.1815
CUST1014394,2026-06,0.2062,0.542,0.3144,0.3118,0.2903,0.2142
CUST1014395,2026-06,0.4886,0.2836,0.3849,0.3754,0.2967,0.1
CUST1014396,2026-06,0.3054,0.4725,0.5359,0.2411,0.3777,0.1415
CUST1014397,2026-06,0.1229,0.0152,0.4043,0.109,0.3276,0.1748
CUST1014398,2026-06,0.5657,0.2457,0.2117,0.5522,0.3544,0.2353
CUST1014399,2026-06,0.2289,0.248,0.1802,0.2755,0.2978,0.1957
CUST1014400,2026-06,0.4912,0.3315,0.6104,0.4867,0.5052,0.1402
CUST1014401,2026-06,0.4436,0.0249,0.1721,0.1593,0.01,0.1831
CUST1014402,2026-06,0.4407,0.4531,0.3388,0.4398,0.6385,0.1206
CUST1014403,2026-06,0.3786,0.4471,0.5683,0.3271,0.4955,0.4124
CUST1014404,2026-06,0.3013,0.1693,0.4706,0.2581,0.2988,0.2837
CUST1014405,2026-06,0.1739,0.0439,0.2114,0.1853,0.3756,0.117
CUST1014406,2026-06,0.2879,0.2571,0.1942,0.4497,0.2423,0.2015
CUST1014407,2026-06,0.3942,0.2826,0.5062,0.3559,0.5286,0.0311
CUST1014408,2026-06,0.3324,0.1711,0.2195,0.3271,0.3853,0.2819
CUST1014409,2026-06,0.2887,0.4542,0.0891,0.3957,0.3134,0.0932
CUST1014410,2026-06,0.3608,0.4781,0.4363,0.2504,0.373,0.1871
CUST1014411,2026-06,0.4616,0.5644,0.7016,0.4856,0.3328,0.103
CUST1014412,2026-06,0.2789,0.5298,0.4107,0.3992,0.4136,0.1869
CUST1014413,2026-06,0.1441,0.2775,0.01,0.2859,0.1999,0.2803
CUST1014414,2026-06,0.6265,0.4654,0.5461,0.4661,0.2938,0.1456
CUST1014415,2026-06,0.4386,0.2421,0.4562,0.3359,0.0981,0.2513
CUST1014416,2026-06,0.3432,0.4731,0.5593,0.2592,0.3257,0.1695
CUST1014417,2026-06,0.2638,0.2632,0.0758,0.2095,0.3093,0.2984
CUST1014418,2026-06,0.2741,0.0995,0.4194,0.426,0.2617,0.0656999999999999
CUST1014419,2026-06,0.3686,0.2551,0.2642,0.2079,0.3566,0.1421
CUST1014420,2026-06,0.6249,0.4897,0.591,0.229,0.2272,0.279
CUST1014421,2026-06,0.2295,0.1782,0.2429,0.3138,0.2955,0.1496
CUST1014422,2026-06,0.1979,0.0471,0.254,0.3738,0.6713,0.2563
CUST1014423,2026-06,0.4809,0.2091,0.5003,0.4726,0.5887,0.3339
CUST1014424,2026-06,0.3103,0.407,0.6744,0.3077,0.2794,0.2005
CUST1014425,2026-06,0.2979,0.3039,0.437,0.4069,0.3809,0.2464
CUST1014426,2026-06,0.8058,0.3094,0.5378,0.414,0.2711,0.1149
CUST1014427,2026-06,0.5652,0.4532,0.5216,0.2964,0.1765,0.1144
CUST1014428,2026-06,0.4868,0.5097,0.5593,0.2633,0.2915,0.2043
CUST1014429,2026-06,0.4105,0.4378,0.4513,0.263,0.2356,0.2071
CUST1014430,2026-06,0.3385,0.1236,0.01,0.4108,0.6276,0.1832
CUST1014431,2026-06,0.6826,0.4749,0.416,0.3528,0.2096,0.1356
CUST1014432,2026-06,0.7074,0.322,0.2642,0.4359,0.2484,0.0728
CUST1014433,2026-06,0.3843,0.0565,0.12,0.4563,0.4702,0.0398
CUST1014434,2026-06,0.5668,0.0396,0.4928,0.0951,0.3315,0.2484
CUST1014435,2026-06,0.5718,0.3971,0.3555,0.1872,0.1858,0.0474
CUST1014436,2026-06,0.4186,0.4643,0.2723,0.5155,0.312,0.1732
CUST1014437,2026-06,0.4801,0.0816,0.1363,0.4679,0.2555,0.0857
CUST1014438,2026-06,0.3631,0.2993,0.3823,0.359,0.3612,0.1494
CUST1014439,2026-06,0.678,0.4384,0.5242,0.4759,0.2446,0.3266
CUST1014440,2026-06,0.1856,0.1749,0.3954,0.3786,0.3149,0.1252
CUST1014441,2026-06,0.469,0.265,0.5968,0.5314,0.2844,0.2439
CUST1014442,2026-06,0.5044,0.4242,0.5697,0.4651,0.4455,0.1767
CUST1014443,2026-06,0.4851,0.4593,0.4697,0.4712,0.2928,0.2699
CUST1014444,2026-06,0.5079,0.379,0.3267,0.6048,0.3818,0.2016
CUST1014445,2026-06,0.3874,0.3087,0.4105,0.3021,0.3347,0.0942999999999999
CUST1014446,2026-06,0.531,0.3982,0.3222,0.4597,0.5794,0.1943
CUST1014447,2026-06,0.388,0.166,0.3388,0.4468,0.2116,0.3146
CUST1014448,2026-06,0.3069,0.2905,0.2196,0.2604,0.348,0.1273
CUST1014449,2026-06,0.4736,0.4647,0.1892,0.6638,0.3373,0.2495
CUST1014450,2026-06,0.4244,0.2598,0.01,0.5983,0.256,0.6092
CUST1014451,2026-06,0.6876,0.2799,0.4395,0.2767,0.292,0.2511
CUST1014452,2026-06,0.6711,0.4617,0.3749,0.5128,0.1808,0.0896
CUST1014453,2026-06,0.4436,0.2085,0.1294,0.5585,0.4245,0.0903999999999999
CUST1014454,2026-06,0.2947,0.2082,0.1932,0.6119,0.4568,0.2781
CUST1014455,2026-06,0.568,0.01,0.1548,0.2876,0.2747,0.2746
CUST1014456,2026-06,0.2916,0.2601,0.4042,0.4727,0.3901,0.0828
CUST1014457,2026-06,0.4668,0.5663,0.2271,0.6379,0.3836,0.0823
CUST1014458,2026-06,0.4361,0.4323,0.339,0.4496,0.3851,0.0794
CUST1014459,2026-06,0.6494,0.2862,0.4078,0.3948,0.3023,0.5262
CUST1014460,2026-06,0.5161,0.4614,0.3707,0.4245,0.3385,0.1058
CUST1014461,2026-06,0.5845,0.2466,0.2904,0.5062,0.3191,0.287
CUST1014462,2026-06,0.4401,0.3328,0.4535,0.2492,0.549,0.1387
CUST1014463,2026-06,0.7514,0.1621,0.3949,0.5137,0.3027,0.1017
CUST1014464,2026-06,0.2958,0.3558,0.069,0.257,0.5423,0.1462
CUST1014465,2026-06,0.6291,0.5358,0.3075,0.5306,0.2626,0.1891
CUST1014466,2026-06,0.4168,0.4518,0.4501,0.525,0.5125,0.2525
CUST1014467,2026-06,0.3925,0.3997,0.6141,0.2175,0.3535,0.3532
CUST1014468,2026-06,0.1631,0.2327,0.3412,0.4012,0.3333,0.0269
CUST1014469,2026-06,0.3628,0.2281,0.01,0.515,0.3108,0.0659
CUST1014470,2026-06,0.3143,0.2869,0.0279,0.5903,0.3737,0.0666
CUST1014471,2026-06,0.4145,0.3784,0.3951,0.1594,0.4102,0.2702
CUST1014472,2026-06,0.5329,0.1873,0.6198,0.3395,0.4835,0.2321
CUST1014473,2026-06,0.0775,0.1692,0.0278,0.3117,0.304,0.0828
CUST1014474,2026-06,0.3682,0.4449,0.4618,0.4725,0.2895,0.1513
CUST1014475,2026-06,0.4654,0.2101,0.2661,0.4711,0.2598,0.2369
CUST1014476,2026-06,0.4642,0.2501,0.2522,0.3783,0.3724,0.181
CUST1014477,2026-06,0.7173,0.3228,0.439,0.3158,0.4113,0.3499
CUST1014478,2026-06,0.545,0.1028,0.3614,0.4679,0.1925,0.2074
CUST1014479,2026-06,0.4198,0.2766,0.2485,0.1872,0.3192,0.1371
CUST1014480,2026-06,0.4389,0.4831,0.2826,0.5078,0.2739,0.01
CUST1014481,2026-06,0.2463,0.379,0.0777,0.3506,0.3176,0.2267
CUST1014482,2026-06,0.01,0.1958,0.1351,0.3256,0.2506,0.2082
CUST1014483,2026-06,0.4767,0.0169,0.1882,0.304,0.3654,0.2328
CUST1014484,2026-06,0.5509,0.2923,0.5191,0.5169,0.2268,0.1919
CUST1014485,2026-06,0.7197,0.4428,0.4701,0.4535,0.2122,0.1452
CUST1014486,2026-06,0.5244,0.4291,0.3715,0.4596,0.2893,0.1489
CUST1014487,2026-06,0.4815,0.037,0.1217,0.3135,0.2046,0.3434
CUST1014488,2026-06,0.56,0.1017,0.0968,0.2966,0.3983,0.1125
CUST1014489,2026-06,0.5241,0.0332,0.2713,0.294,0.1674,0.2597
CUST1014490,2026-06,0.8838,0.2248,0.2518,0.3259,0.3283,0.1567
CUST1014491,2026-06,0.1938,0.01,0.0937,0.4001,0.5303,0.2058
CUST1014492,2026-06,0.1189,0.1145,0.0981,0.1261,0.2218,0.2059
CUST1014493,2026-06,0.5142,0.3431,0.6593,0.4031,0.2784,0.2763
CUST1014494,2026-06,0.2086,0.2011,0.1243,0.3959,0.5052,0.278
CUST1014495,2026-06,0.8171,0.2289,0.4367,0.0905,0.3501,0.2759
CUST1014496,2026-06,0.6553,0.3688,0.5611,0.3939,0.3746,0.1598
CUST1014497,2026-06,0.4795,0.3382,0.3895,0.1703,0.3059,0.2005
CUST1014498,2026-06,0.2085,0.2553,0.4138,0.151,0.1891,0.179
CUST1014499,2026-06,0.4166,0.138,0.5242,0.3754,0.3964,0.2152
CUST1014500,2026-06,0.4726,0.3381,0.2209,0.2423,0.2128,0.3358
CUST1014501,2026-06,0.4714,0.3144,0.5571,0.4665,0.3617,0.2281
CUST1014502,2026-06,0.1057,0.0874,0.1536,0.152,0.4128,0.0325
CUST1014503,2026-06,0.3973,0.3188,0.3114,0.3216,0.4579,0.5494
CUST1014504,2026-06,0.332,0.1763,0.1094,0.2291,0.4385,0.0756
CUST1014505,2026-06,0.3191,0.1161,0.383,0.2653,0.6284,0.0884
CUST1014506,2026-06,0.3218,0.4945,0.4708,0.3145,0.3666,0.1001
CUST1014507,2026-06,0.2057,0.3234,0.1355,0.2745,0.4825,0.1756
CUST1014508,2026-06,0.3292,0.3735,0.4116,0.2168,0.1619,0.2296
CUST1014509,2026-06,0.6844,0.5008,0.6126,0.5717,0.4607,0.1887
CUST1014510,2026-06,0.4168,0.2455,0.3963,0.2696,0.3649,0.0537
CUST1014511,2026-06,0.524,0.4465,0.3154,0.2774,0.1913,0.1942
CUST1014512,2026-06,0.3991,0.4723,0.335,0.2877,0.2887,0.2007
CUST1014513,2026-06,0.4624,0.2924,0.3931,0.3984,0.2812,0.2208
CUST1014514,2026-06,0.6672,0.2233,0.4699,0.2435,0.2913,0.2097
CUST1014515,2026-06,0.3471,0.2694,0.5555,0.01,0.4051,0.01
CUST1014516,2026-06,0.5086,0.5502,0.4153,0.5132,0.4404,0.01
CUST1014517,2026-06,0.4037,0.2739,0.5491,0.3994,0.1895,0.1101
CUST1014518,2026-06,0.5603,0.5198,0.3782,0.3727,0.4295,0.0942
CUST1014519,2026-06,0.2179,0.1677,0.1016,0.2549,0.3612,0.0959
CUST1014520,2026-06,0.2716,0.0374,0.3314,0.1836,0.4832,0.0317
CUST1014521,2026-06,0.4916,0.4235,0.1981,0.4871,0.3027,0.176
CUST1014522,2026-06,0.2752,0.3779,0.3617,0.519,0.1701,0.26
CUST1014523,2026-06,0.5894,0.5703,0.5841,0.4515,0.3305,0.1773
CUST1014524,2026-06,0.241,0.3414,0.3536,0.5405,0.2669,0.2426
CUST1014525,2026-06,0.5941,0.0564,0.3849,0.127,0.2924,0.0557
CUST1014526,2026-06,0.2135,0.1108,0.3096,0.1555,0.3767,0.0992
CUST1014527,2026-06,0.5746,0.5982,0.3262,0.331,0.2511,0.0646
CUST1014528,2026-06,0.2816,0.01,0.0521,0.3646,0.1398,0.4877
CUST1014529,2026-06,0.6815,0.4237,0.4521,0.274,0.0252,0.081
CUST1014530,2026-06,0.2303,0.1915,0.1006,0.2625,0.1946,0.2125
CUST1014531,2026-06,0.6447,0.3233,0.4373,0.5967,0.2846,0.1131
CUST1014532,2026-06,0.4011,0.6581,0.3425,0.6325,0.2961,0.629
CUST1014533,2026-06,0.447,0.0197,0.4535,0.3818,0.2798,0.1897
CUST1014534,2026-06,0.3345,0.2492,0.2523,0.6626,0.3881,0.0235
CUST1014535,2026-06,0.2273,0.0117,0.1947,0.1401,0.3152,0.2192
CUST1014536,2026-06,0.5694,0.5381,0.3454,0.3864,0.2555,0.2582
CUST1014537,2026-06,0.428,0.3356,0.4469,0.3597,0.4108,0.1285
CUST1014538,2026-06,0.61,0.01,0.1825,0.3347,0.2325,0.1856
CUST1014539,2026-06,0.5273,0.3781,0.5144,0.3475,0.1787,0.0919
CUST1014540,2026-06,0.4863,0.1738,0.149,0.4956,0.3701,0.1033
CUST1014541,2026-06,0.2949,0.1032,0.1961,0.1256,0.2556,0.1409
CUST1014542,2026-06,0.6929,0.3436,0.4492,0.4076,0.1112,0.1372
CUST1014543,2026-06,0.5751,0.3662,0.596,0.433,0.268,0.0404
CUST1014544,2026-06,0.5584,0.2944,0.4205,0.4975,0.3161,0.1673
CUST1014545,2026-06,0.3816,0.4971,0.4084,0.3638,0.3638,0.1794
CUST1014546,2026-06,0.4741,0.5127,0.7095,0.2872,0.2871,0.3015
CUST1014547,2026-06,0.4906,0.3965,0.5926,0.3335,0.2768,0.1095
CUST1014548,2026-06,0.457,0.2491,0.293,0.3542,0.3542,0.2405
CUST1014549,2026-06,0.469,0.226,0.5002,0.3633,0.1762,0.2113
CUST1014550,2026-06,0.3642,0.3496,0.5715,0.364,0.3976,0.1765
CUST1014551,2026-06,0.1172,0.3629,0.2918,0.1941,0.4409,0.2472
CUST1014552,2026-06,0.7182,0.4608,0.419,0.3634,0.2227,0.1029
CUST1014553,2026-06,0.3658,0.3092,0.3836,0.3814,0.3547,0.1368
CUST1014554,2026-06,0.4491,0.461,0.469,0.3277,0.3503,0.0276
CUST1014555,2026-06,0.7033,0.4993,0.5461,0.4306,0.2109,0.3083
CUST1014556,2026-06,0.425,0.0942999999999999,0.4419,0.2119,0.545,0.0557
CUST1014557,2026-06,0.4767,0.3246,0.482,0.2697,0.4176,0.4052
CUST1014558,2026-06,0.5492,0.3699,0.5132,0.173,0.2422,0.1857
CUST1014559,2026-06,0.4889,0.2826,0.4113,0.1365,0.3163,0.2062
CUST1014560,2026-06,0.4898,0.5689,0.2664,0.4988,0.2849,0.3142
CUST1014561,2026-06,0.1581,0.1961,0.4148,0.1948,0.4192,0.0634
CUST1014562,2026-06,0.3604,0.4892,0.4922,0.3654,0.3499,0.0666
CUST1014563,2026-06,0.3266,0.1459,0.0656999999999999,0.1362,0.1661,0.3382
CUST1014564,2026-06,0.0721,0.085,0.3325,0.4068,0.3406,0.4744
CUST1014565,2026-06,0.3348,0.3434,0.3345,0.2458,0.4153,0.189
CUST1014566,2026-06,0.7492,0.5163,0.3143,0.5568,0.3124,0.1508
CUST1014567,2026-06,0.4577,0.2001,0.376,0.4943,0.6694,0.2293
CUST1014568,2026-06,0.1476,0.2929,0.3151,0.172,0.4553,0.1609
CUST1014569,2026-06,0.7497,0.2875,0.3914,0.1224,0.1996,0.2061
CUST1014570,2026-06,0.6067,0.1476,0.2404,0.3916,0.4267,0.2741
CUST1014571,2026-06,0.3456,0.4193,0.3818,0.202,0.4218,0.103
CUST1014572,2026-06,0.3902,0.4352,0.3758,0.4435,0.3133,0.2112
CUST1014573,2026-06,0.5811,0.4202,0.5905,0.1728,0.3598,0.1346
CUST1014574,2026-06,0.5756,0.2273,0.4575,0.2478,0.2959,0.0718
CUST1014575,2026-06,0.1827,0.3957,0.3093,0.1548,0.3617,0.1359
CUST1014576,2026-06,0.3363,0.0934,0.01,0.2405,0.6492,0.0857
CUST1014577,2026-06,0.4337,0.328,0.3697,0.5149,0.3927,0.1675
CUST1014578,2026-06,0.4429,0.01,0.4268,0.4247,0.1504,0.2806
CUST1014579,2026-06,0.2913,0.3021,0.384,0.0999,0.3918,0.2204
CUST1014580,2026-06,0.3497,0.4693,0.6015,0.238,0.3567,0.1719
CUST1014581,2026-06,0.4391,0.4878,0.6246,0.3104,0.4604,0.2045
CUST1014582,2026-06,0.3751,0.3502,0.3671,0.4012,0.2455,0.1632
CUST1014583,2026-06,0.2577,0.0921,0.1939,0.4601,0.413,0.0830999999999999
CUST1014584,2026-06,0.4589,0.3744,0.2089,0.4539,0.2492,0.652
CUST1014585,2026-06,0.3936,0.417,0.3999,0.4936,0.5613,0.2034
CUST1014586,2026-06,0.3447,0.4166,0.3112,0.375,0.3546,0.1438
CUST1014587,2026-06,0.4771,0.2159,0.4086,0.4009,0.5083,0.2778
CUST1014588,2026-06,0.5193,0.3982,0.4469,0.4515,0.2582,0.2449
CUST1014589,2026-06,0.2736,0.3459,0.1251,0.0246,0.2413,0.0723
CUST1014590,2026-06,0.4705,0.2958,0.4421,0.493,0.1527,0.1348
CUST1014591,2026-06,0.5544,0.378,0.6157,0.4637,0.4219,0.2058
CUST1014592,2026-06,0.3728,0.2578,0.2464,0.3695,0.3817,0.3471
CUST1014593,2026-06,0.5935,0.4998,0.4014,0.6694,0.1569,0.4639
CUST1014594,2026-06,0.4641,0.3615,0.5992,0.4341,0.658,0.2826
CUST1014595,2026-06,0.4239,0.4789,0.3553,0.4889,0.2229,0.01
CUST1014596,2026-06,0.2933,0.0971999999999999,0.168,0.4592,0.4732,0.0879
CUST1014597,2026-06,0.3619,0.4751,0.4051,0.5153,0.4458,0.2545
CUST1014598,2026-06,0.4009,0.3376,0.4204,0.5506,0.1679,0.0339
CUST1014599,2026-06,0.5117,0.4627,0.2905,0.4098,0.4729,0.2791
CUST1014600,2026-06,0.2945,0.3273,0.4193,0.409,0.3594,0.2693
CUST1014601,2026-06,0.3007,0.2275,0.1999,0.1788,0.3411,0.2385
CUST1014602,2026-06,0.4281,0.383,0.4386,0.3614,0.2919,0.2274
CUST1014603,2026-06,0.4259,0.4084,0.2951,0.1687,0.3373,0.1168
CUST1014604,2026-06,0.4788,0.3376,0.405,0.4056,0.3333,0.226
CUST1014605,2026-06,0.2895,0.074,0.2002,0.2194,0.3736,0.2471
CUST1014606,2026-06,0.3864,0.264,0.1681,0.4996,0.1393,0.5294
CUST1014607,2026-06,0.6962,0.312,0.5364,0.4582,0.2912,0.1151
CUST1014608,2026-06,0.5279,0.4355,0.2594,0.4168,0.3776,0.0913
CUST1014609,2026-06,0.6101,0.4092,0.6094,0.3208,0.3397,0.2131
CUST1014610,2026-06,0.7488,0.2024,0.502,0.5636,0.2335,0.1034
CUST1014611,2026-06,0.4224,0.2789,0.3789,0.5005,0.6352,0.1086
CUST1014612,2026-06,0.4374,0.3313,0.3369,0.2067,0.4341,0.0985999999999999
CUST1014613,2026-06,0.6306,0.4361,0.5737,0.3689,0.2564,0.179
CUST1014614,2026-06,0.2014,0.2907,0.1593,0.1872,0.3019,0.2966
CUST1014615,2026-06,0.4178,0.0104,0.2145,0.4515,0.2545,0.3114
CUST1014616,2026-06,0.2554,0.0834,0.0982,0.3657,0.653,0.1599
CUST1014617,2026-06,0.4374,0.2219,0.342,0.2841,0.5536,0.1281
CUST1014618,2026-06,0.6455,0.1928,0.6129,0.4123,0.3328,0.2657
CUST1014619,2026-06,0.7589,0.1705,0.2291,0.3419,0.2976,0.3064
CUST1014620,2026-06,0.6542,0.3216,0.3902,0.2167,0.2653,0.3252
CUST1014621,2026-06,0.5381,0.3633,0.7056,0.4637,0.513,0.0369
CUST1014622,2026-06,0.3713,0.3353,0.32,0.5307,0.0409,0.6563
CUST1014623,2026-06,0.7159,0.1433,0.5478,0.1477,0.2351,0.1989
CUST1014624,2026-06,0.2352,0.0655,0.1059,0.1978,0.5665,0.2356
CUST1014625,2026-06,0.2886,0.3377,0.4634,0.2883,0.3559,0.1592
CUST1014626,2026-06,0.5585,0.01,0.1963,0.3013,0.3646,0.1028
CUST1014627,2026-06,0.3561,0.5884,0.4444,0.1413,0.3195,0.2787
CUST1014628,2026-06,0.4553,0.528,0.6063,0.3928,0.4887,0.0779
CUST1014629,2026-06,0.3853,0.601,0.5236,0.2225,0.1983,0.2838
CUST1014630,2026-06,0.5322,0.2734,0.3279,0.5029,0.3797,0.1412
CUST1014631,2026-06,0.4714,0.3413,0.4907,0.4873,0.2111,0.4344
CUST1014632,2026-06,0.2199,0.5322,0.3786,0.2944,0.2579,0.183
CUST1014633,2026-06,0.2866,0.3847,0.2524,0.3627,0.6776,0.1195
CUST1014634,2026-06,0.2636,0.264,0.3193,0.415,0.4183,0.212
CUST1014635,2026-06,0.1618,0.1525,0.2931,0.3813,0.2569,0.2116
CUST1014636,2026-06,0.1533,0.01,0.2647,0.1475,0.4685,0.1949
CUST1014637,2026-06,0.6395,0.2058,0.3878,0.4443,0.2393,0.1116
CUST1014638,2026-06,0.5541,0.1625,0.3224,0.3342,0.3033,0.3123
CUST1014639,2026-06,0.6251,0.3957,0.3031,0.5888,0.3474,0.1357
CUST1014640,2026-06,0.1373,0.0461,0.2658,0.01,0.3759,0.063
CUST1014641,2026-06,0.4952,0.4643,0.5196,0.4205,0.2844,0.1934
CUST1014642,2026-06,0.6617,0.2641,0.3742,0.4432,0.2446,0.2661
CUST1014643,2026-06,0.5088,0.1598,0.6297,0.3275,0.5414,0.2075
CUST1014644,2026-06,0.7053,0.1777,0.3276,0.1011,0.2196,0.2059
CUST1014645,2026-06,0.3978,0.2844,0.3302,0.4164,0.3533,0.0528
CUST1014646,2026-06,0.9093,0.5392,0.4794,0.4576,0.2807,0.1373
CUST1014647,2026-06,0.4619,0.2613,0.4485,0.48,0.5071,0.3323
CUST1014648,2026-06,0.6542,0.1911,0.5444,0.2778,0.2986,0.01
CUST1014649,2026-06,0.4362,0.0569,0.4582,0.1984,0.2585,0.1537
CUST1014650,2026-06,0.5632,0.655,0.5566,0.4851,0.2415,0.1266
CUST1014651,2026-06,0.3512,0.2416,0.2055,0.01,0.2601,0.1566
CUST1014652,2026-06,0.6285,0.3272,0.4537,0.4573,0.4125,0.1158
CUST1014653,2026-06,0.3181,0.3915,0.1713,0.1939,0.5457,0.1849
CUST1014654,2026-06,0.3503,0.2458,0.1219,0.3012,0.3103,0.1722
CUST1014655,2026-06,0.552,0.1953,0.3333,0.6206,0.5528,0.213
CUST1014656,2026-06,0.3876,0.4994,0.3196,0.3627,0.3936,0.5839
CUST1014657,2026-06,0.3071,0.523,0.5374,0.3844,0.4216,0.276
CUST1014658,2026-06,0.701,0.233,0.7125,0.1868,0.1407,0.1595
CUST1014659,2026-06,0.2017,0.175,0.124,0.2385,0.5637,0.1695
CUST1014660,2026-06,0.4484,0.4373,0.1957,0.4357,0.2856,0.0844
CUST1014661,2026-06,0.2831,0.2024,0.091,0.338,0.1506,0.1818
CUST1014662,2026-06,0.738,0.4777,0.5244,0.4417,0.5984,0.217
CUST1014663,2026-06,0.26,0.4107,0.2793,0.293,0.3612,0.2214
CUST1014664,2026-06,0.8076,0.1924,0.1831,0.5555,0.3134,0.0992
CUST1014665,2026-06,0.6546,0.2344,0.3569,0.4762,0.2196,0.2583
CUST1014666,2026-06,0.6561,0.2968,0.6207,0.2767,0.2676,0.1094
CUST1014667,2026-06,0.1459,0.0997,0.0735,0.074,0.2751,0.1153
CUST1014668,2026-06,0.5453,0.2104,0.2824,0.2859,0.0706,0.7067
CUST1014669,2026-06,0.5223,0.5057,0.4947,0.3488,0.3791,0.2509
CUST1014670,2026-06,0.4719,0.3458,0.4277,0.5106,0.4175,0.1649
CUST1014671,2026-06,0.6214,0.0144,0.4061,0.3312,0.3094,0.2479
CUST1014672,2026-06,0.4324,0.4181,0.4371,0.2763,0.3495,0.5519
CUST1014673,2026-06,0.466,0.2254,0.144,0.01,0.3364,0.145
CUST1014674,2026-06,0.0667,0.3378,0.2526,0.1139,0.3739,0.2041
CUST1014675,2026-06,0.5417,0.2916,0.6784,0.0129,0.4623,0.2494
CUST1014676,2026-06,0.1142,0.2891,0.0609,0.4276,0.518,0.316
CUST1014677,2026-06,0.6161,0.3089,0.5484,0.2957,0.3602,0.174
CUST1014678,2026-06,0.5655,0.3942,0.413,0.4226,0.3908,0.0961
CUST1014679,2026-06,0.1223,0.3579,0.0386,0.3549,0.4247,0.1397
CUST1014680,2026-06,0.4117,0.489,0.4184,0.2581,0.5044,0.1453
CUST1014681,2026-06,0.3265,0.4069,0.317,0.2458,0.379,0.1738
CUST1014682,2026-06,0.6636,0.1906,0.4645,0.4016,0.2357,0.1999
CUST1014683,2026-06,0.4751,0.1248,0.37,0.1105,0.4086,0.0936
CUST1014684,2026-06,0.4484,0.3091,0.6088,0.3429,0.5465,0.1184
CUST1014685,2026-06,0.6839,0.1624,0.2262,0.3907,0.1953,0.2469
CUST1014686,2026-06,0.5126,0.347,0.4725,0.2506,0.4912,0.3482
CUST1014687,2026-06,0.2709,0.2287,0.2372,0.2925,0.1527,0.1193
CUST1014688,2026-06,0.406,0.2981,0.4558,0.3518,0.3452,0.2272
CUST1014689,2026-06,0.3088,0.4058,0.2228,0.1508,0.2849,0.1319
CUST1014690,2026-06,0.524,0.2774,0.3543,0.314,0.484,0.1744
CUST1014691,2026-06,0.4735,0.5331,0.3037,0.5643,0.4111,0.1269
CUST1014692,2026-06,0.54,0.01,0.4696,0.1346,0.1788,0.1621
CUST1014693,2026-06,0.1923,0.3184,0.0726,0.5117,0.4912,0.1587
CUST1014694,2026-06,0.3071,0.2762,0.2017,0.4294,0.5684,0.1721
CUST1014695,2026-06,0.487,0.342,0.525,0.6611,0.5843,0.1192
CUST1014696,2026-06,0.5546,0.11,0.7056,0.4701,0.2239,0.281
CUST1014697,2026-06,0.4307,0.4963,0.5352,0.4611,0.3709,0.2304
CUST1014698,2026-06,0.4341,0.3403,0.1518,0.5444,0.4723,0.2299
CUST1014699,2026-06,0.2885,0.0806999999999999,0.12,0.137,0.5964,0.2548
CUST1014700,2026-06,0.5366,0.3013,0.5245,0.3511,0.4677,0.2723
CUST1014701,2026-06,0.2356,0.1412,0.0879999999999999,0.0545,0.4275,0.1724
CUST1014702,2026-06,0.3033,0.01,0.136,0.1788,0.1558,0.134
CUST1014703,2026-06,0.3368,0.101,0.1031,0.1869,0.2171,0.6977
CUST1014704,2026-06,0.5322,0.3866,0.4706,0.5043,0.4046,0.0982
CUST1014705,2026-06,0.1768,0.01,0.0533,0.2,0.3477,0.1102
CUST1014706,2026-06,0.6588,0.4158,0.5111,0.6251,0.3139,0.0735
CUST1014707,2026-06,0.6599,0.258,0.547,0.4493,0.2793,0.2117
CUST1014708,2026-06,0.555,0.1779,0.3467,0.1986,0.2622,0.099
CUST1014709,2026-06,0.4668,0.0439,0.2013,0.2263,0.2116,0.3306
CUST1014710,2026-06,0.6666,0.3719,0.6055,0.4664,0.2639,0.1723
CUST1014711,2026-06,0.5349,0.6007,0.5233,0.6389,0.2924,0.3387
CUST1014712,2026-06,0.4371,0.3619,0.4414,0.4733,0.3821,0.0561
CUST1014713,2026-06,0.3856,0.4061,0.2728,0.434,0.2671,0.2116
CUST1014714,2026-06,0.6471,0.4962,0.6588,0.5229,0.1352,0.2315
CUST1014715,2026-06,0.3441,0.4388,0.4079,0.231,0.3283,0.227
CUST1014716,2026-06,0.7761,0.3127,0.4131,0.2584,0.2485,0.1737
CUST1014717,2026-06,0.1181,0.3223,0.2729,0.3921,0.3784,0.1424
CUST1014718,2026-06,0.487,0.4267,0.2609,0.4533,0.4081,0.2038
CUST1014719,2026-06,0.3823,0.2781,0.3234,0.3192,0.3988,0.0418
CUST1014720,2026-06,0.4705,0.391,0.429,0.3325,0.367,0.1513
CUST1014721,2026-06,0.5481,0.332,0.6146,0.2704,0.3391,0.1494
CUST1014722,2026-06,0.751,0.3889,0.3987,0.2737,0.4076,0.242
CUST1014723,2026-06,0.5043,0.3881,0.275,0.2336,0.2177,0.1287
CUST1014724,2026-06,0.3797,0.4602,0.3071,0.239,0.4859,0.1255
CUST1014725,2026-06,0.5154,0.4195,0.5717,0.3969,0.1871,0.5986
CUST1014726,2026-06,0.3872,0.2906,0.1758,0.507,0.4759,0.195
CUST1014727,2026-06,0.6483,0.348,0.5249,0.3775,0.3442,0.2712
CUST1014728,2026-06,0.3996,0.3945,0.5966,0.4606,0.1205,0.1251
CUST1014729,2026-06,0.6201,0.2114,0.5162,0.3898,0.3183,0.0961
CUST1014730,2026-06,0.3938,0.4061,0.6158,0.2319,0.189,0.1046
CUST1014731,2026-06,0.2281,0.2956,0.2858,0.2119,0.2101,0.7207
CUST1014732,2026-06,0.3993,0.1895,0.5371,0.2159,0.2137,0.6396
CUST1014733,2026-06,0.4363,0.3757,0.4958,0.2595,0.4806,0.153
CUST1014734,2026-06,0.4993,0.139,0.4177,0.4111,0.1047,0.2674
CUST1014735,2026-06,0.3924,0.4896,0.5963,0.2876,0.509,0.1726
CUST1014736,2026-06,0.4169,0.267,0.3643,0.3967,0.5317,0.2774
CUST1014737,2026-06,0.5612,0.1701,0.5711,0.5096,0.3057,0.1636
CUST1014738,2026-06,0.5163,0.3831,0.4086,0.276,0.2701,0.412
CUST1014739,2026-06,0.5229,0.3369,0.4062,0.4655,0.1475,0.5603
CUST1014740,2026-06,0.471,0.0305,0.2208,0.4929,0.1726,0.1251
CUST1014741,2026-06,0.0874,0.1646,0.1526,0.5232,0.5252,0.2621
CUST1014742,2026-06,0.3502,0.5052,0.257,0.2387,0.4933,0.2774
CUST1014743,2026-06,0.3464,0.01,0.2225,0.3092,0.3672,0.0976
CUST1014744,2026-06,0.1562,0.2722,0.1534,0.4668,0.3658,0.2449
CUST1014745,2026-06,0.2581,0.2603,0.2839,0.3808,0.2374,0.0893999999999999
CUST1014746,2026-06,0.5075,0.1698,0.4211,0.1608,0.4732,0.074
CUST1014747,2026-06,0.545,0.2416,0.218,0.4651,0.5373,0.4255
CUST1014748,2026-06,0.6163,0.1796,0.0982,0.3965,0.2817,0.2357
CUST1014749,2026-06,0.5995,0.2777,0.1625,0.3371,0.2883,0.1923
CUST1014750,2026-06,0.4067,0.57,0.5491,0.5062,0.3744,0.0893999999999999
CUST1014751,2026-06,0.4763,0.4482,0.3945,0.4604,0.6047,0.2747
CUST1014752,2026-06,0.5459,0.063,0.1691,0.3601,0.0789,0.1392
CUST1014753,2026-06,0.0847,0.2274,0.2138,0.2055,0.2727,0.1206
CUST1014754,2026-06,0.1618,0.01,0.2666,0.2709,0.4115,0.1592
CUST1014755,2026-06,0.4125,0.4693,0.2408,0.2591,0.3252,0.5671
CUST1014756,2026-06,0.4032,0.3626,0.5527,0.278,0.2819,0.2967
CUST1014757,2026-06,0.5565,0.33,0.5496,0.4908,0.2845,0.3081
CUST1014758,2026-06,0.607,0.2073,0.4366,0.3965,0.3088,0.181
CUST1014759,2026-06,0.5857,0.2131,0.4313,0.3911,0.4002,0.2541
CUST1014760,2026-06,0.5491,0.4427,0.3429,0.3363,0.3949,0.2994
CUST1014761,2026-06,0.236,0.29,0.6216,0.2073,0.0539,0.158
CUST1014762,2026-06,0.5403,0.1385,0.6191,0.1825,0.2447,0.2831
CUST1014763,2026-06,0.6458,0.1836,0.1905,0.1151,0.2753,0.2069
CUST1014764,2026-06,0.4794,0.4286,0.5507,0.3591,0.4986,0.0583
CUST1014765,2026-06,0.4172,0.3237,0.6041,0.1995,0.3563,0.0613
CUST1014766,2026-06,0.335,0.3526,0.4985,0.1848,0.373,0.147
CUST1014767,2026-06,0.3722,0.1045,0.0927999999999999,0.2771,0.2412,0.1556
CUST1014768,2026-06,0.1043,0.2912,0.01,0.3739,0.3992,0.6989
CUST1014769,2026-06,0.3061,0.4559,0.5147,0.4152,0.4908,0.2627
CUST1014770,2026-06,0.1191,0.2865,0.267,0.3052,0.2299,0.0246
CUST1014771,2026-06,0.3743,0.3004,0.1085,0.676,0.4493,0.1088
CUST1014772,2026-06,0.1628,0.0382,0.01,0.0685,0.5495,0.3343
CUST1014773,2026-06,0.513,0.0545,0.0576,0.3539,0.2888,0.284
CUST1014774,2026-06,0.6469,0.2785,0.1884,0.3973,0.1372,0.6563
CUST1014775,2026-06,0.5323,0.4839,0.4502,0.4866,0.3972,0.239
CUST1014776,2026-06,0.3213,0.01,0.1103,0.32,0.5451,0.0579
CUST1014777,2026-06,0.728,0.3073,0.4893,0.3613,0.2627,0.2207
CUST1014778,2026-06,0.7476,0.347,0.3966,0.3335,0.3187,0.0966
CUST1014779,2026-06,0.4962,0.4279,0.3811,0.4122,0.2868,0.01
CUST1014780,2026-06,0.1384,0.0373,0.134,0.1365,0.4497,0.376
CUST1014781,2026-06,0.5961,0.2799,0.3709,0.0615,0.3535,0.1254
CUST1014782,2026-06,0.064,0.01,0.0631,0.1947,0.5998,0.0444
CUST1014783,2026-06,0.2408,0.2937,0.2696,0.4276,0.381,0.1168
CUST1014784,2026-06,0.4153,0.4735,0.4148,0.3715,0.5308,0.1978
CUST1014785,2026-06,0.4058,0.4262,0.5938,0.4268,0.2788,0.1681
CUST1014786,2026-06,0.3185,0.3877,0.3173,0.2281,0.01,0.5895
CUST1014787,2026-06,0.4178,0.5487,0.3842,0.5079,0.4219,0.093
CUST1014788,2026-06,0.3309,0.1608,0.3142,0.2375,0.4455,0.145
CUST1014789,2026-06,0.5984,0.5228,0.5023,0.5281,0.3675,0.0512
CUST1014790,2026-06,0.2905,0.2542,0.2012,0.3156,0.3483,0.1511
CUST1014791,2026-06,0.7389,0.2738,0.3111,0.2114,0.4182,0.1159
CUST1014792,2026-06,0.3897,0.1703,0.3684,0.448,0.5205,0.2547
CUST1014793,2026-06,0.2499,0.2005,0.2334,0.3967,0.5932,0.2065
CUST1014794,2026-06,0.4766,0.2766,0.01,0.4492,0.216,0.0532
CUST1014795,2026-06,0.2426,0.3252,0.1943,0.3773,0.4147,0.0822
CUST1014796,2026-06,0.7527,0.4851,0.2855,0.427,0.2713,0.2492
CUST1014797,2026-06,0.3528,0.4335,0.3845,0.4908,0.4984,0.1583
CUST1014798,2026-06,0.6134,0.3344,0.5507,0.4847,0.3082,0.0825
CUST1014799,2026-06,0.3023,0.1486,0.1732,0.6357,0.4082,0.2614
CUST1014800,2026-06,0.403,0.5291,0.6485,0.5646,0.2834,0.2301
CUST1014801,2026-06,0.7745,0.3688,0.6488,0.2591,0.3515,0.0228
CUST1014802,2026-06,0.6807,0.2508,0.5287,0.4515,0.2083,0.1906
CUST1014803,2026-06,0.5057,0.3417,0.3184,0.3583,0.2943,0.3148
CUST1014804,2026-06,0.4392,0.2166,0.2547,0.4191,0.4321,0.5688
CUST1014805,2026-06,0.3534,0.4017,0.6714,0.2398,0.3766,0.3378
CUST1014806,2026-06,0.1802,0.1113,0.1736,0.67,0.4867,0.01
CUST1014807,2026-06,0.5076,0.4672,0.4439,0.4142,0.4652,0.1661
CUST1014808,2026-06,0.1939,0.01,0.0985,0.4073,0.2438,0.2076
CUST1014809,2026-06,0.1697,0.2367,0.3344,0.33,0.2304,0.2543
CUST1014810,2026-06,0.732,0.221,0.5751,0.2147,0.2071,0.1858
CUST1014811,2026-06,0.4171,0.3464,0.6089,0.2221,0.4304,0.2352
CUST1014812,2026-06,0.4318,0.4932,0.287,0.2741,0.3969,0.2366
CUST1014813,2026-06,0.5666,0.01,0.1616,0.4794,0.232,0.5002
CUST1014814,2026-06,0.4818,0.4506,0.5977,0.5356,0.3106,0.211
CUST1014815,2026-06,0.179,0.01,0.1689,0.2667,0.3768,0.5689
CUST1014816,2026-06,0.6636,0.0544,0.3522,0.4869,0.1463,0.5979
CUST1014817,2026-06,0.5246,0.4937,0.3563,0.3523,0.492,0.2479
CUST1014818,2026-06,0.1252,0.01,0.0124,0.0188,0.4402,0.226
CUST1014819,2026-06,0.37,0.0535,0.1798,0.1311,0.0734,0.3008
CUST1014820,2026-06,0.5011,0.417,0.4322,0.402,0.3608,0.1601
CUST1014821,2026-06,0.1541,0.0771,0.1858,0.2268,0.5508,0.01
CUST1014822,2026-06,0.7827,0.4113,0.4772,0.3084,0.237,0.254
CUST1014823,2026-06,0.2033,0.1605,0.1886,0.3161,0.3094,0.2553
CUST1014824,2026-06,0.1043,0.01,0.1029,0.2535,0.5501,0.2769
CUST1014825,2026-06,0.4404,0.3333,0.6815,0.3576,0.246,0.1978
CUST1014826,2026-06,0.1757,0.2266,0.065,0.2284,0.3153,0.1353
CUST1014827,2026-06,0.3535,0.5216,0.7562,0.4868,0.1969,0.0633
CUST1014828,2026-06,0.2904,0.0404,0.1784,0.2122,0.1387,0.1354
CUST1014829,2026-06,0.2809,0.448,0.3413,0.2481,0.3552,0.0824
CUST1014830,2026-06,0.6891,0.0177,0.5044,0.3396,0.3989,0.1768
CUST1014831,2026-06,0.4956,0.3053,0.5039,0.3293,0.4043,0.1412
CUST1014832,2026-06,0.5056,0.2323,0.3053,0.3825,0.359,0.2621
CUST1014833,2026-06,0.2912,0.4544,0.4553,0.3412,0.3026,0.01
CUST1014834,2026-06,0.417,0.2631,0.2793,0.2102,0.4616,0.1651
CUST1014835,2026-06,0.2756,0.3799,0.5739,0.3554,0.4685,0.1193
CUST1014836,2026-06,0.2403,0.0803,0.0621,0.3271,0.7421,0.1562
CUST1014837,2026-06,0.4419,0.4825,0.2235,0.3427,0.5425,0.2761
CUST1014838,2026-06,0.7599,0.049,0.3393,0.2565,0.2274,0.1589
CUST1014839,2026-06,0.5052,0.4242,0.5376,0.2605,0.2587,0.1808
CUST1014840,2026-06,0.349,0.3155,0.4684,0.245,0.4268,0.1916
CUST1014841,2026-06,0.4589,0.2547,0.2762,0.3066,0.2857,0.0434
CUST1014842,2026-06,0.3709,0.3511,0.461,0.0648,0.4011,0.1564
CUST1014843,2026-06,0.454,0.3502,0.8089,0.4447,0.3705,0.3749
CUST1014844,2026-06,0.2264,0.2308,0.1156,0.284,0.175,0.7146
CUST1014845,2026-06,0.4012,0.1731,0.3163,0.1584,0.4245,0.3403
CUST1014846,2026-06,0.346,0.0582,0.1953,0.01,0.1945,0.1178
CUST1014847,2026-06,0.4922,0.4082,0.3927,0.533,0.3947,0.0922999999999999
CUST1014848,2026-06,0.2137,0.0283,0.089,0.1851,0.5478,0.1678
CUST1014849,2026-06,0.5611,0.2277,0.4803,0.4303,0.5416,0.1575
CUST1014850,2026-06,0.4975,0.3513,0.6211,0.4526,0.3508,0.1539
CUST1014851,2026-06,0.5667,0.2838,0.3517,0.5593,0.245,0.2289
CUST1014852,2026-06,0.5446,0.3183,0.3995,0.01,0.4063,0.0932
CUST1014853,2026-06,0.083,0.3137,0.1794,0.1966,0.3873,0.0965
CUST1014854,2026-06,0.3924,0.01,0.055,0.4155,0.2527,0.1164
CUST1014855,2026-06,0.5705,0.01,0.2412,0.4168,0.3081,0.1542
CUST1014856,2026-06,0.4887,0.3051,0.717,0.5243,0.2979,0.1298
CUST1014857,2026-06,0.425,0.4239,0.6168,0.3462,0.3167,0.1031
CUST1014858,2026-06,0.4724,0.4562,0.4981,0.35,0.3275,0.3424
CUST1014859,2026-06,0.2834,0.2767,0.3014,0.2529,0.4017,0.0706
CUST1014860,2026-06,0.3024,0.3724,0.1971,0.1494,0.3392,0.1964
CUST1014861,2026-06,0.3974,0.01,0.3502,0.01,0.0995999999999999,0.1852
CUST1014862,2026-06,0.5589,0.1313,0.6434,0.2999,0.1985,0.1865
CUST1014863,2026-06,0.6501,0.4842,0.5867,0.5332,0.3412,0.0892
CUST1014864,2026-06,0.4551,0.417,0.2173,0.3828,0.4486,0.5521
CUST1014865,2026-06,0.4911,0.4079,0.4451,0.4875,0.3751,0.5244
CUST1014866,2026-06,0.3828,0.0149,0.2115,0.3182,0.1792,0.1073
CUST1014867,2026-06,0.3517,0.3257,0.3059,0.3026,0.4292,0.1758
CUST1014868,2026-06,0.5072,0.3849,0.6713,0.2947,0.2495,0.1797
CUST1014869,2026-06,0.6376,0.2954,0.4896,0.2949,0.1894,0.2207
CUST1014870,2026-06,0.3911,0.3287,0.4509,0.599,0.3791,0.1784
CUST1014871,2026-06,0.4056,0.2214,0.0574,0.4307,0.4151,0.2574
CUST1014872,2026-06,0.6752,0.5026,0.544,0.5354,0.1874,0.242
CUST1014873,2026-06,0.578,0.2891,0.4622,0.2493,0.3966,0.2959
CUST1014874,2026-06,0.5632,0.3979,0.6202,0.5552,0.3768,0.0792
CUST1014875,2026-06,0.5424,0.2617,0.4533,0.1459,0.2262,0.0675
CUST1014876,2026-06,0.2137,0.1101,0.045,0.2029,0.1924,0.3043
CUST1014877,2026-06,0.4599,0.3935,0.4995,0.3058,0.3715,0.1683
CUST1014878,2026-06,0.3866,0.3961,0.1812,0.374,0.3646,0.1748
CUST1014879,2026-06,0.6915,0.4576,0.3934,0.47,0.3961,0.1462
CUST1014880,2026-06,0.2397,0.4334,0.3756,0.2594,0.3118,0.5777
CUST1014881,2026-06,0.6134,0.3491,0.5017,0.3318,0.3224,0.2954
CUST1014882,2026-06,0.5898,0.4336,0.5453,0.0785,0.4203,0.1196
CUST1014883,2026-06,0.4769,0.4482,0.4297,0.2608,0.4273,0.01
CUST1014884,2026-06,0.4455,0.1362,0.563,0.1019,0.495,0.1879
CUST1014885,2026-06,0.176,0.2814,0.1175,0.4625,0.1424,0.6134
CUST1014886,2026-06,0.5232,0.1507,0.3509,0.3461,0.0727,0.5264
CUST1014887,2026-06,0.6349,0.2621,0.4386,0.4439,0.2313,0.0877
CUST1014888,2026-06,0.3726,0.2557,0.01,0.2773,0.2663,0.2216
CUST1014889,2026-06,0.4568,0.6097,0.4809,0.2228,0.3564,0.1355
CUST1014890,2026-06,0.3908,0.5979,0.5673,0.6312,0.2804,0.226
CUST1014891,2026-06,0.3751,0.5341,0.6325,0.4001,0.3928,0.1295
CUST1014892,2026-06,0.1899,0.1461,0.0518,0.4464,0.3609,0.1982
CUST1014893,2026-06,0.2308,0.2064,0.1599,0.4023,0.356,0.3145
CUST1014894,2026-06,0.2302,0.356,0.01,0.4471,0.2889,0.6135
CUST1014895,2026-06,0.1338,0.1933,0.081,0.2804,0.225,0.2062
CUST1014896,2026-06,0.3071,0.1062,0.065,0.1131,0.0927,0.1917
CUST1014897,2026-06,0.2679,0.3975,0.1971,0.604,0.4228,0.1477
CUST1014898,2026-06,0.01,0.2713,0.01,0.1906,0.4323,0.0245
CUST1014899,2026-06,0.313,0.2269,0.2161,0.4093,0.6627,0.1372
CUST1014900,2026-06,0.4406,0.4432,0.4397,0.5463,0.358,0.1108
CUST1014901,2026-06,0.6779,0.5141,0.3731,0.4784,0.3512,0.164
CUST1014902,2026-06,0.4228,0.3924,0.4238,0.3847,0.4107,0.4566
CUST1014903,2026-06,0.4848,0.1799,0.0498,0.3925,0.2546,0.6177
CUST1014904,2026-06,0.375,0.2525,0.3976,0.1942,0.4959,0.2235
CUST1014905,2026-06,0.5913,0.3981,0.3008,0.5513,0.2806,0.014
CUST1014906,2026-06,0.2251,0.2787,0.1553,0.4067,0.3736,0.1226
CUST1014907,2026-06,0.5505,0.0929,0.3654,0.3914,0.208,0.254
CUST1014908,2026-06,0.3119,0.3063,0.411,0.3539,0.3907,0.1443
CUST1014909,2026-06,0.2165,0.283,0.12,0.2334,0.4143,0.1409
CUST1014910,2026-06,0.3063,0.2703,0.1688,0.5586,0.3158,0.0535
CUST1014911,2026-06,0.3673,0.4331,0.5186,0.5971,0.3418,0.0695
CUST1014912,2026-06,0.168,0.2698,0.6602,0.2681,0.2755,0.0946
CUST1014913,2026-06,0.5728,0.4267,0.4961,0.4491,0.4463,0.0896
CUST1014914,2026-06,0.1778,0.3409,0.1728,0.581,0.4023,0.1808
CUST1014915,2026-06,0.5727,0.0872,0.447,0.2937,0.157,0.6399
CUST1014916,2026-06,0.6853,0.1952,0.5414,0.433,0.3084,0.1344
CUST1014917,2026-06,0.4547,0.2773,0.3394,0.4339,0.5194,0.1072
CUST1014918,2026-06,0.5254,0.2937,0.2127,0.5505,0.2747,0.2436
CUST1014919,2026-06,0.2662,0.0917,0.2798,0.2233,0.2749,0.1833
CUST1014920,2026-06,0.2257,0.3155,0.1553,0.2073,0.4732,0.1813
CUST1014921,2026-06,0.3308,0.0927,0.1362,0.1842,0.2674,0.1791
CUST1014922,2026-06,0.0974,0.0307,0.1878,0.3148,0.2887,0.296
CUST1014923,2026-06,0.2543,0.3031,0.3593,0.3924,0.4566,0.0314
CUST1014924,2026-06,0.01,0.221,0.1395,0.2951,0.3307,0.0575
CUST1014925,2026-06,0.3471,0.5695,0.5118,0.4459,0.2975,0.0512
CUST1014926,2026-06,0.5218,0.3411,0.4047,0.4875,0.4586,0.2282
CUST1014927,2026-06,0.4419,0.4947,0.4172,0.2612,0.2897,0.0114
CUST1014928,2026-06,0.4292,0.4547,0.5213,0.4686,0.2722,0.1245
CUST1014929,2026-06,0.5004,0.4622,0.2542,0.5205,0.4311,0.4877
CUST1014930,2026-06,0.4073,0.4953,0.5833,0.3621,0.3588,0.0384
CUST1014931,2026-06,0.1885,0.3367,0.1534,0.5545,0.2769,0.1791
CUST1014932,2026-06,0.0312,0.2638,0.2168,0.3035,0.3711,0.159
CUST1014933,2026-06,0.413,0.4747,0.3549,0.0763,0.3806,0.2968
CUST1014934,2026-06,0.6517,0.3667,0.468,0.4526,0.3366,0.1363
CUST1014935,2026-06,0.686,0.4983,0.4859,0.1979,0.2225,0.0683
CUST1014936,2026-06,0.4885,0.433,0.648,0.3989,0.2872,0.123
CUST1014937,2026-06,0.3134,0.3123,0.08,0.5781,0.5131,0.1952
CUST1014938,2026-06,0.383,0.2662,0.1864,0.371,0.1843,0.0876
CUST1014939,2026-06,0.5459,0.3866,0.5334,0.5362,0.1016,0.2247
CUST1014940,2026-06,0.4651,0.5535,0.7093,0.4394,0.3048,0.3168
CUST1014941,2026-06,0.3099,0.3714,0.4178,0.4616,0.391,0.1631
CUST1014942,2026-06,0.4884,0.5239,0.3257,0.2237,0.3867,0.323
CUST1014943,2026-06,0.4906,0.4943,0.4747,0.3688,0.3707,0.22
CUST1014944,2026-06,0.6331,0.4442,0.4125,0.227,0.409,0.1616
CUST1014945,2026-06,0.3581,0.2344,0.3406,0.4212,0.3223,0.1623
CUST1014946,2026-06,0.5109,0.439,0.6313,0.3623,0.3831,0.0595
CUST1014947,2026-06,0.4829,0.3947,0.4172,0.2799,0.3945,0.1997
CUST1014948,2026-06,0.3864,0.0643,0.3125,0.3147,0.3149,0.4108
CUST1014949,2026-06,0.5474,0.3885,0.47,0.4695,0.6164,0.1574
CUST1014950,2026-06,0.6076,0.2892,0.4896,0.5426,0.2829,0.1768
CUST1014951,2026-06,0.5206,0.152,0.2863,0.4766,0.193,0.7112
CUST1014952,2026-06,0.5351,0.2809,0.2332,0.2565,0.3362,0.1823
CUST1014953,2026-06,0.0742,0.01,0.0575,0.2194,0.2951,0.01
CUST1014954,2026-06,0.63,0.2051,0.3179,0.4924,0.1733,0.1893
CUST1014955,2026-06,0.6713,0.0331,0.1172,0.3491,0.2991,0.0902
CUST1014956,2026-06,0.6371,0.3996,0.7974,0.3582,0.2905,0.1642
CUST1014957,2026-06,0.3747,0.3186,0.4078,0.2992,0.2347,0.2174
CUST1014958,2026-06,0.537,0.0687,0.4036,0.4205,0.0712,0.1362
CUST1014959,2026-06,0.2059,0.068,0.1493,0.2405,0.3347,0.2202
CUST1014960,2026-06,0.6636,0.2955,0.3494,0.3572,0.196,0.0868
CUST1014961,2026-06,0.5488,0.4685,0.3266,0.2425,0.3948,0.1575
CUST1014962,2026-06,0.3362,0.01,0.2351,0.2822,0.1431,0.329
CUST1014963,2026-06,0.4068,0.2105,0.364,0.527,0.4343,0.1176
CUST1014964,2026-06,0.3815,0.3933,0.6405,0.2505,0.3884,0.1227
CUST1014965,2026-06,0.3621,0.2882,0.064,0.201,0.2058,0.3978
CUST1014966,2026-06,0.3031,0.3755,0.3756,0.0673,0.3461,0.3634
CUST1014967,2026-06,0.1835,0.2345,0.3058,0.4092,0.4795,0.1636
CUST1014968,2026-06,0.5256,0.392,0.5131,0.2197,0.349,0.1498
CUST1014969,2026-06,0.431,0.4874,0.4988,0.4668,0.2919,0.1642
CUST1014970,2026-06,0.4925,0.4906,0.4177,0.291,0.6401,0.1131
CUST1014971,2026-06,0.6145,0.2826,0.4676,0.4247,0.1078,0.2099
CUST1014972,2026-06,0.0191,0.2961,0.5751,0.2886,0.5167,0.3056
CUST1014973,2026-06,0.4385,0.4088,0.3732,0.4773,0.398,0.1431
CUST1014974,2026-06,0.3467,0.5345,0.5163,0.2711,0.2094,0.1922
CUST1014975,2026-06,0.3178,0.3472,0.4324,0.3563,0.2233,0.1041
CUST1014976,2026-06,0.2267,0.3607,0.1676,0.2806,0.2531,0.1831
CUST1014977,2026-06,0.6809,0.0926,0.3541,0.4294,0.2172,0.163
CUST1014978,2026-06,0.1589,0.3674,0.2559,0.243,0.5125,0.1157
CUST1014979,2026-06,0.6324,0.4944,0.2483,0.3691,0.1308,0.666
CUST1014980,2026-06,0.5347,0.01,0.1424,0.2562,0.5037,0.1643
CUST1014981,2026-06,0.2322,0.32,0.2367,0.2918,0.244,0.1062
CUST1014982,2026-06,0.5944,0.4223,0.6115,0.4681,0.3869,0.2666
CUST1014983,2026-06,0.275,0.3901,0.0558,0.1302,0.3362,0.2977
CUST1014984,2026-06,0.5366,0.3296,0.4851,0.0814,0.3233,0.0849
CUST1014985,2026-06,0.4903,0.3515,0.4795,0.435,0.3449,0.1278
CUST1014986,2026-06,0.4115,0.2868,0.3788,0.0913,0.5492,0.1955
CUST1014987,2026-06,0.3955,0.1328,0.0548,0.2069,0.2547,0.2934
CUST1014988,2026-06,0.4132,0.5436,0.4536,0.5124,0.2642,0.2409
CUST1014989,2026-06,0.4931,0.3566,0.3291,0.4309,0.4171,0.2777
CUST1014990,2026-06,0.3684,0.0732,0.0848,0.1595,0.1587,0.1474
CUST1014991,2026-06,0.5466,0.0351,0.2356,0.2212,0.1553,0.383
CUST1014992,2026-06,0.3304,0.5051,0.5832,0.5077,0.2364,0.1944
CUST1014993,2026-06,0.543,0.6119,0.2119,0.29,0.4719,0.1541
CUST1014994,2026-06,0.3064,0.457,0.4854,0.4359,0.2441,0.1138
CUST1014995,2026-06,0.4134,0.4265,0.3492,0.488,0.2925,0.055
CUST1014996,2026-06,0.514,0.1862,0.0496,0.3977,0.2771,0.1023
CUST1014997,2026-06,0.6565,0.2952,0.46,0.4513,0.2678,0.2592
CUST1014998,2026-06,0.2513,0.0254,0.2166,0.4747,0.336,0.0444
CUST1014999,2026-06,0.7509,0.0237,0.2599,0.5504,0.3395,0.1384
