Customer ID,PL_P,CC_P,HL_P,SA_P,RD_P,MF_P,Month period
CUST1000000,0.3422,0.4409,0.4625,0.066,0.2709,0.5316,2026-06
CUST1000001,0.4583,0.6781,0.6991000000000001,0.1214,0.2605,0.4336,2026-06
CUST1000002,0.2397,0.436,0.1062,0.0881,0.4587,0.4043,2026-06
CUST1000003,0.3544,0.3861,0.4846,0.3576,0.3138,0.5139,2026-06
CUST1000004,0.4286,0.1309,0.1411,0.1482,0.0417,0.2793,2026-06
CUST1000005,0.2991,0.5185,0.0668,0.0573,0.382,0.1292,2026-06
CUST1000006,0.2308,0.3014,0.4339,0.2226,0.3161,0.451,2026-06
CUST1000007,0.4332,0.5197000000000001,0.2735,0.0548,0.4341,0.0604,2026-06
CUST1000008,0.0876,0.3319,0.01,0.59,0.0372,0.1218,2026-06
CUST1000009,0.4735,0.6061,0.1291,0.2418,0.2233,0.1453,2026-06
CUST1000010,0.3805,0.6834,0.2491,0.0653,0.4197,0.4766,2026-06
CUST1000011,0.2666,0.6271,0.043,0.3337,0.3643,0.3618,2026-06
CUST1000012,0.2316,0.1079,0.2858,0.3098,0.2323,0.0614,2026-06
CUST1000013,0.1341,0.4104,0.3282,0.2182,0.5881,0.6167,2026-06
CUST1000014,0.5187,0.184,0.2025,0.1943,0.394,0.0654,2026-06
CUST1000015,0.3734,0.5114,0.4645,0.3546,0.2214,0.386,2026-06
CUST1000016,0.0602,0.1005,0.2181,0.659,0.3396,0.1615,2026-06
CUST1000017,0.3333,0.4802,0.4185,0.2825,0.3491,0.3024,2026-06
CUST1000018,0.3558,0.4213,0.4444,0.5343,0.3497,0.4411,2026-06
CUST1000019,0.4452,0.3565,0.4265,0.1771,0.3791,0.1899,2026-06
CUST1000020,0.5145,0.5259,0.2988,0.201,0.3778,0.3891,2026-06
CUST1000021,0.4762,0.1723,0.3011,0.1979,0.1679,0.1683,2026-06
CUST1000022,0.3682,0.2711,0.2621,0.168,0.3065,0.08989999999999999,2026-06
CUST1000023,0.2234,0.4255,0.3189,0.07779999999999999,0.2578,0.4772,2026-06
CUST1000024,0.0332,0.3614,0.01,0.2534,0.2441,0.238,2026-06
CUST1000025,0.492,0.6452,0.3725,0.1742,0.2799,0.3771,2026-06
CUST1000026,0.3451,0.4107,0.4767,0.3642,0.4345,0.534,2026-06
CUST1000027,0.1935,0.1619,0.3183,0.0832,0.3332,0.0861,2026-06
CUST1000028,0.3184,0.5583,0.4426,0.1331,0.287,0.4573,2026-06
CUST1000029,0.2991,0.6546,0.278,0.2079,0.2781,0.3776,2026-06
CUST1000030,0.2929,0.3103,0.3499,0.2283,0.569,0.1946,2026-06
CUST1000031,0.5312,0.4834,0.3516,0.1675,0.3069,0.7478,2026-06
CUST1000032,0.3968,0.5752,0.4586,0.5069,0.2546,0.1983,2026-06
CUST1000033,0.2771,0.4197,0.4696,0.1678,0.4421,0.3374,2026-06
CUST1000034,0.2877,0.2576,0.3491,0.2075,0.3816,0.3179,2026-06
CUST1000035,0.4607,0.5971,0.2529,0.1607,0.3297,0.2738,2026-06
CUST1000036,0.2876,0.3819,0.367,0.05,0.2282,0.0537,2026-06
CUST1000037,0.2095,0.1586,0.2314,0.2722,0.4414,0.1574,2026-06
CUST1000038,0.2493,0.4999,0.4886,0.2092,0.3314,0.4226,2026-06
CUST1000039,0.3786,0.3925,0.6063,0.1823,0.4357,0.5558999999999999,2026-06
CUST1000040,0.4964,0.5422,0.2426,0.3104,0.4458,0.5286999999999999,2026-06
CUST1000041,0.4338,0.6937,0.2276,0.2436,0.1621,0.5918,2026-06
CUST1000042,0.4926,0.5944,0.2322,0.2151,0.3358,0.6133,2026-06
CUST1000043,0.3456,0.0641,0.3207,0.2317,0.2221,0.2722,2026-06
CUST1000044,0.4045,0.3589,0.3929,0.1266,0.4366,0.284,2026-06
CUST1000045,0.5862000000000001,0.398,0.3623,0.2145,0.3687,0.0635,2026-06
CUST1000046,0.1728,0.5141,0.1133,0.2241,0.1339,0.3959,2026-06
CUST1000047,0.3387,0.412,0.4815,0.01,0.4708,0.6216,2026-06
CUST1000048,0.3156,0.162,0.2946,0.1694,0.3993,0.2386,2026-06
CUST1000049,0.5394,0.3552,0.0961,0.2863,0.6448,0.5382,2026-06
CUST1000050,0.2948,0.2513,0.1583,0.2366,0.4992,0.01,2026-06
CUST1000051,0.4312,0.6455,0.0764,0.0876,0.1909,0.243,2026-06
CUST1000052,0.4668,0.3755,0.4723,0.1329,0.3951,0.1196,2026-06
CUST1000053,0.4909,0.5354,0.0257,0.1579,0.2083,0.1428,2026-06
CUST1000054,0.015,0.2033,0.0379,0.1441,0.4299,0.118,2026-06
CUST1000055,0.2271,0.4501,0.4859,0.09030000000000001,0.4335,0.3831,2026-06
CUST1000056,0.4033,0.4116,0.3736,0.0919,0.4008,0.6234,2026-06
CUST1000057,0.5625,0.5137,0.01,0.2292,0.1944,0.202,2026-06
CUST1000058,0.5351,0.64,0.387,0.1673,0.4247,0.3835,2026-06
CUST1000059,0.3862,0.4875,0.3242,0.1723,0.2381,0.2841,2026-06
CUST1000060,0.6284,0.6309,0.01,0.1842,0.2173,0.2487,2026-06
CUST1000061,0.3566,0.3876,0.4648,0.09180000000000001,0.356,0.399,2026-06
CUST1000062,0.5111,0.5253,0.4663,0.1209,0.3291,0.4638,2026-06
CUST1000063,0.2187,0.2263,0.315,0.1583,0.3887,0.09429999999999999,2026-06
CUST1000064,0.2946,0.5384,0.3939,0.1803,0.3792,0.4137,2026-06
CUST1000065,0.1434,0.6528,0.07439999999999999,0.4513,0.2421,0.7534,2026-06
CUST1000066,0.3779,0.3585,0.3766,0.1674,0.339,0.6768999999999999,2026-06
CUST1000067,0.4434,0.5367,0.4681,0.1546,0.3438,0.4956,2026-06
CUST1000068,0.2968,0.497,0.3296,0.2029,0.5427999999999999,0.4659,2026-06
CUST1000069,0.1651,0.437,0.6365,0.2019,0.4261,0.7073,2026-06
CUST1000070,0.4903,0.6731,0.3306,0.2606,0.2546,0.4353,2026-06
CUST1000071,0.2948,0.4003,0.5016,0.1541,0.3888,0.5633,2026-06
CUST1000072,0.4002,0.6747,0.2771,0.1892,0.4674,0.3402,2026-06
CUST1000073,0.4139,0.489,0.3332,0.1479,0.3591,0.6923,2026-06
CUST1000074,0.3886,0.2673,0.0405,0.2581,0.2854,0.1112,2026-06
CUST1000075,0.5935,0.3581,0.3635,0.01,0.4708,0.2766,2026-06
CUST1000076,0.4088,0.4381,0.465,0.0636,0.5029,0.5266,2026-06
CUST1000077,0.2945,0.5338000000000001,0.3357,0.0454,0.3132,0.6758,2026-06
CUST1000078,0.6085,0.6917,0.4272,0.1271,0.5909,0.4464,2026-06
CUST1000079,0.3807,0.762,0.1397,0.259,0.257,0.3529,2026-06
CUST1000080,0.2498,0.5548999999999999,0.1048,0.1837,0.3569,0.4631,2026-06
CUST1000081,0.2881,0.3479,0.1605,0.08110000000000001,0.2026,0.2076,2026-06
CUST1000082,0.2723,0.1748,0.1159,0.1242,0.3327,0.3115,2026-06
CUST1000083,0.3133,0.5658,0.2457,0.2932,0.2239,0.347,2026-06
CUST1000084,0.5054999999999999,0.3399,0.2439,0.2363,0.4928,0.3219,2026-06
CUST1000085,0.2845,0.4766,0.127,0.3009,0.3318,0.0761,2026-06
CUST1000086,0.2515,0.5132,0.044,0.2488,0.3585,0.2397,2026-06
CUST1000087,0.2936,0.537,0.2922,0.2006,0.205,0.3539,2026-06
CUST1000088,0.3619,0.7483,0.4086,0.1671,0.3491,0.4269,2026-06
CUST1000089,0.2825,0.4947,0.513,0.1354,0.3825,0.3906,2026-06
CUST1000090,0.5143,0.2361,0.5658,0.1239,0.3514,0.4018,2026-06
CUST1000091,0.3571,0.385,0.496,0.1976,0.342,0.6343,2026-06
CUST1000092,0.2696,0.1023,0.2541,0.1375,0.4464,0.1379,2026-06
CUST1000093,0.6353,0.4592,0.4481,0.1312,0.4464,0.4653,2026-06
CUST1000094,0.5635,0.269,0.4975,0.1759,0.2075,0.2426,2026-06
CUST1000095,0.1223,0.5738,0.2298,0.1412,0.1887,0.3257,2026-06
CUST1000096,0.554,0.2604,0.2169,0.07870000000000001,0.2781,0.2578,2026-06
CUST1000097,0.6083,0.5008,0.3978,0.3107,0.4335,0.2839,2026-06
CUST1000098,0.3529,0.6089,0.1742,0.1618,0.1347,0.4706,2026-06
CUST1000099,0.2786,0.4081,0.2389,0.1048,0.5591,0.4081,2026-06
CUST1000100,0.6004,0.6764,0.2772,0.1518,0.3349,0.3533,2026-06
CUST1000101,0.1997,0.2131,0.2275,0.6805,0.2344,0.0697,2026-06
CUST1000102,0.4389,0.5102,0.4104,0.0848,0.3236,0.5421,2026-06
CUST1000103,0.3252,0.2392,0.3729,0.175,0.3268,0.6223,2026-06
CUST1000104,0.2986,0.4648,0.1478,0.1229,0.5372,0.4746,2026-06
CUST1000105,0.5125,0.3831,0.5026,0.1882,0.3791,0.2233,2026-06
CUST1000106,0.5112,0.4055,0.4418,0.1285,0.4827,0.5238,2026-06
CUST1000107,0.3043,0.5782,0.3357,0.2173,0.4566,0.3773,2026-06
CUST1000108,0.4041,0.552,0.06660000000000001,0.3027,0.1878,0.143,2026-06
CUST1000109,0.2536,0.6087,0.2542,0.6635,0.152,0.3052,2026-06
CUST1000110,0.4988,0.2449,0.2069,0.1499,0.4268,0.3598,2026-06
CUST1000111,0.466,0.548,0.3025,0.181,0.4243,0.6067,2026-06
CUST1000112,0.3501,0.4279,0.1623,0.3154,0.46,0.3048,2026-06
CUST1000113,0.3904,0.5361,0.1742,0.1694,0.5419,0.3724,2026-06
CUST1000114,0.2368,0.3256,0.1553,0.2421,0.3684,0.6306,2026-06
CUST1000115,0.4366,0.4389,0.4781,0.106,0.2683,0.3068,2026-06
CUST1000116,0.0761,0.233,0.01,0.2203,0.4071,0.2083,2026-06
CUST1000117,0.5614,0.4952,0.3197,0.1602,0.3797,0.486,2026-06
CUST1000118,0.2544,0.07920000000000001,0.3251,0.153,0.3261,0.2401,2026-06
CUST1000119,0.3697,0.6938,0.3735,0.1346,0.2914,0.5179,2026-06
CUST1000120,0.4086,0.1544,0.0526,0.2109,0.2786,0.3297,2026-06
CUST1000121,0.3583,0.5202,0.5953000000000001,0.2366,0.2199,0.4111,2026-06
CUST1000122,0.3425,0.1998,0.1567,0.5851,0.1432,0.5411,2026-06
CUST1000123,0.1499,0.08119999999999999,0.2078,0.2705,0.4066,0.1912,2026-06
CUST1000124,0.23,0.2219,0.1751,0.2621,0.4855,0.1491,2026-06
CUST1000125,0.2239,0.5382,0.2276,0.2524,0.2207,0.3657,2026-06
CUST1000126,0.4526,0.4533,0.0462,0.3863,0.2633,0.1265,2026-06
CUST1000127,0.4144,0.2893,0.306,0.2193,0.5245,0.1727,2026-06
CUST1000128,0.4353,0.5952,0.3009,0.1693,0.3328,0.311,2026-06
CUST1000129,0.4165,0.6722,0.5298,0.0949,0.1333,0.3117,2026-06
CUST1000130,0.5275,0.5759,0.2654,0.0144,0.6136,0.5137,2026-06
CUST1000131,0.5112,0.3073,0.5573,0.089,0.2966,0.5423,2026-06
CUST1000132,0.3102,0.6598000000000001,0.3135,0.1204,0.231,0.4914,2026-06
CUST1000133,0.254,0.3341,0.0396,0.2257,0.3826,0.4619,2026-06
CUST1000134,0.3493,0.5753,0.2825,0.0902,0.2469,0.5127,2026-06
CUST1000135,0.5135999999999999,0.5282,0.481,0.1906,0.2162,0.4831,2026-06
CUST1000136,0.2968,0.4455,0.4723,0.0762,0.2507,0.4217,2026-06
CUST1000137,0.2434,0.3539,0.333,0.1219,0.4307,0.513,2026-06
CUST1000138,0.1082,0.3605,0.4409,0.2558,0.3552,0.3406,2026-06
CUST1000139,0.3696,0.2574,0.3685,0.0432,0.4774,0.3885,2026-06
CUST1000140,0.1224,0.3642,0.5051,0.1203,0.3936,0.4657,2026-06
CUST1000141,0.4441,0.2698,0.0426,0.5322,0.4497,0.1566,2026-06
CUST1000142,0.2425,0.5387,0.5362,0.1107,0.4622,0.4973,2026-06
CUST1000143,0.4112,0.1342,0.4838,0.1458,0.2924,0.4947,2026-06
CUST1000144,0.3735,0.4362,0.5335,0.2902,0.4237,0.6382,2026-06
CUST1000145,0.4018,0.5154,0.3349,0.6026,0.3886,0.4215,2026-06
CUST1000146,0.3885,0.4314,0.3773,0.1484,0.3287,0.302,2026-06
CUST1000147,0.3451,0.3837,0.4764,0.2172,0.3202,0.428,2026-06
CUST1000148,0.6088,0.4703,0.2423,0.102,0.4021,0.1255,2026-06
CUST1000149,0.2718,0.2438,0.1468,0.0302,0.285,0.144,2026-06
CUST1000150,0.2085,0.1716,0.204,0.2545,0.1866,0.0416,2026-06
CUST1000151,0.6083,0.6909999999999999,0.4143,0.2001,0.2638,0.3923,2026-06
CUST1000152,0.3583,0.4135,0.3747,0.2509,0.3522,0.4951,2026-06
CUST1000153,0.3427,0.4955,0.3952,0.1652,0.2535,0.339,2026-06
CUST1000154,0.645,0.3539,0.6341,0.2179,0.368,0.5262,2026-06
CUST1000155,0.5597,0.7655,0.2511,0.2259,0.3159,0.4324,2026-06
CUST1000156,0.5149,0.5861,0.4385,0.17,0.3341,0.2777,2026-06
CUST1000157,0.1694,0.6299,0.2379,0.1766,0.2214,0.2929,2026-06
CUST1000158,0.425,0.31,0.307,0.2157,0.3462,0.2576,2026-06
CUST1000159,0.2969,0.4139,0.01,0.2391,0.534,0.2547,2026-06
CUST1000160,0.4427,0.4337,0.3215,0.2507,0.3219,0.5709,2026-06
CUST1000161,0.332,0.4491,0.01,0.2176,0.3289,0.0287,2026-06
CUST1000162,0.4017,0.5704,0.2153,0.08309999999999999,0.371,0.4375,2026-06
CUST1000163,0.4697,0.5544,0.5729,0.1473,0.5975,0.3631,2026-06
CUST1000164,0.4697,0.5531,0.3307,0.1837,0.395,0.4953,2026-06
CUST1000165,0.3728,0.3291,0.387,0.2161,0.4151,0.3794,2026-06
CUST1000166,0.1817,0.5770999999999999,0.2849,0.3123,0.2938,0.4508,2026-06
CUST1000167,0.2432,0.3792,0.111,0.1821,0.3698,0.1102,2026-06
CUST1000168,0.3708,0.1872,0.4005,0.0949,0.3428,0.1979,2026-06
CUST1000169,0.3841,0.3372,0.5291,0.1736,0.2092,0.6032,2026-06
CUST1000170,0.4264,0.5857,0.4314,0.2058,0.4938,0.3919,2026-06
CUST1000171,0.2802,0.3435,0.4707,0.2155,0.301,0.4133,2026-06
CUST1000172,0.4552,0.6069,0.2828,0.1295,0.1703,0.2617,2026-06
CUST1000173,0.4531,0.5508999999999999,0.4335,0.2611,0.4162,0.1458,2026-06
CUST1000174,0.2456,0.3679,0.4749,0.195,0.3483,0.4351,2026-06
CUST1000175,0.2816,0.3958,0.441,0.2608,0.3298,0.6061,2026-06
CUST1000176,0.4517,0.4113,0.1748,0.1672,0.5696,0.5256999999999999,2026-06
CUST1000177,0.1952,0.3191,0.4375,0.2833,0.2965,0.3844,2026-06
CUST1000178,0.2757,0.4574,0.2796,0.6467000000000001,0.5315,0.3201,2026-06
CUST1000179,0.0859,0.4475,0.2036,0.1979,0.6397,0.2804,2026-06
CUST1000180,0.3745,0.2856,0.2261,0.2456,0.3137,0.1234,2026-06
CUST1000181,0.5462,0.6467000000000001,0.4382,0.1424,0.3728,0.5316,2026-06
CUST1000182,0.2567,0.4022,0.2402,0.2521,0.3144,0.3077,2026-06
CUST1000183,0.4609,0.466,0.3671,0.1955,0.3446,0.5626,2026-06
CUST1000184,0.1953,0.1651,0.1893,0.1957,0.3167,0.1444,2026-06
CUST1000185,0.2293,0.345,0.2813,0.1839,0.3984,0.207,2026-06
CUST1000186,0.4023,0.1728,0.1359,0.1332,0.432,0.3048,2026-06
CUST1000187,0.3013,0.4819,0.2633,0.1648,0.159,0.3656,2026-06
CUST1000188,0.4415,0.2462,0.3546,0.2502,0.3762,0.3017,2026-06
CUST1000189,0.2359,0.2489,0.01,0.1722,0.3488,0.0905,2026-06
CUST1000190,0.2192,0.38,0.5439000000000001,0.2849,0.3092,0.5337,2026-06
CUST1000191,0.247,0.089,0.2731,0.2153,0.3717,0.1225,2026-06
CUST1000192,0.3453,0.376,0.3341,0.08699999999999999,0.4099,0.5641,2026-06
CUST1000193,0.3492,0.4385,0.5356,0.1443,0.3155,0.342,2026-06
CUST1000194,0.2026,0.4501,0.4395,0.059,0.3093,0.395,2026-06
CUST1000195,0.379,0.4411,0.2395,0.2934,0.2009,0.2388,2026-06
CUST1000196,0.3488,0.1058,0.3727,0.0834,0.3778,0.081,2026-06
CUST1000197,0.6192,0.6643,0.3255,0.1786,0.3048,0.2865,2026-06
CUST1000198,0.0871,0.1951,0.333,0.1461,0.5102,0.079,2026-06
CUST1000199,0.3122,0.3132,0.1749,0.2097,0.3469,0.3442,2026-06
CUST1000200,0.1919,0.5397,0.4088,0.0254,0.3856,0.3159,2026-06
CUST1000201,0.3067,0.3378,0.4267,0.125,0.3962,0.5901,2026-06
CUST1000202,0.3918,0.4516,0.2836,0.1762,0.5135999999999999,0.377,2026-06
CUST1000203,0.257,0.4779,0.2342,0.1277,0.3388,0.3106,2026-06
CUST1000204,0.5531,0.3928,0.4702,0.2279,0.2741,0.3391,2026-06
CUST1000205,0.3236,0.3683,0.1851,0.1519,0.4023,0.1576,2026-06
CUST1000206,0.2867,0.458,0.5215,0.1148,0.3639,0.4699,2026-06
CUST1000207,0.274,0.4656,0.3879,0.1479,0.3781,0.3401,2026-06
CUST1000208,0.183,0.4106,0.44,0.1952,0.2999,0.3703,2026-06
CUST1000209,0.1533,0.3028,0.0806,0.166,0.295,0.4213,2026-06
CUST1000210,0.5562,0.4979,0.362,0.1396,0.2806,0.2424,2026-06
CUST1000211,0.3511,0.5774,0.5476,0.2226,0.258,0.4538,2026-06
CUST1000212,0.525,0.485,0.2568,0.1288,0.3596,0.1939,2026-06
CUST1000213,0.2867,0.4528,0.298,0.144,0.3956,0.4675,2026-06
CUST1000214,0.2667,0.4676,0.524,0.2196,0.4044,0.5458,2026-06
CUST1000215,0.4261,0.3274,0.4069,0.2418,0.2348,0.3961,2026-06
CUST1000216,0.0915,0.235,0.0634,0.1509,0.3749,0.0559,2026-06
CUST1000217,0.4371,0.7183,0.3679,0.0392,0.3817,0.5305,2026-06
CUST1000218,0.3874,0.7551,0.3035,0.01,0.3867,0.6274,2026-06
CUST1000219,0.0463,0.4933,0.2778,0.1499,0.383,0.2861,2026-06
CUST1000220,0.2395,0.2588,0.0456,0.1412,0.4482,0.1562,2026-06
CUST1000221,0.4256,0.4363,0.01,0.58,0.1365,0.039,2026-06
CUST1000222,0.3242,0.157,0.095,0.2048,0.2107,0.234,2026-06
CUST1000223,0.216,0.3806,0.1946,0.5203,0.1823,0.2969,2026-06
CUST1000224,0.2849,0.039,0.09,0.1878,0.2934,0.2037,2026-06
CUST1000225,0.1571,0.1247,0.2642,0.2291,0.5312,0.2502,2026-06
CUST1000226,0.2622,0.3464,0.1546,0.2339,0.2131,0.1614,2026-06
CUST1000227,0.4159,0.662,0.1838,0.0939,0.3537,0.2725,2026-06
CUST1000228,0.2536,0.2549,0.4892,0.2135,0.3804,0.6807,2026-06
CUST1000229,0.1726,0.4554,0.5012,0.1187,0.4086,0.3851,2026-06
CUST1000230,0.199,0.3543,0.4371,0.1357,0.4773,0.452,2026-06
CUST1000231,0.5877,0.5687,0.0927,0.2628,0.2007,0.301,2026-06
CUST1000232,0.2521,0.09619999999999999,0.268,0.3334,0.2743,0.081,2026-06
CUST1000233,0.3369,0.5818,0.2863,0.0614,0.1759,0.3028,2026-06
CUST1000234,0.3312,0.1989,0.2095,0.0615,0.2615,0.08749999999999999,2026-06
CUST1000235,0.1627,0.4111,0.01,0.1866,0.2659,0.3262,2026-06
CUST1000236,0.378,0.1159,0.3151,0.0814,0.157,0.1301,2026-06
CUST1000237,0.4483,0.4237,0.3501,0.5476,0.2993,0.6007,2026-06
CUST1000238,0.5789,0.5468,0.3303,0.5346,0.3565,0.1845,2026-06
CUST1000239,0.3454,0.2406,0.4192,0.1735,0.4161,0.433,2026-06
CUST1000240,0.4092,0.0955,0.2802,0.1422,0.5521,0.1204,2026-06
CUST1000241,0.2553,0.3921,0.4588,0.116,0.3281,0.6844,2026-06
CUST1000242,0.6505,0.4438,0.3786,0.1799,0.4788,0.4942,2026-06
CUST1000243,0.5676,0.3647,0.3589,0.1063,0.4807,0.1465,2026-06
CUST1000244,0.3074,0.4121,0.4296,0.1654,0.5121,0.4466,2026-06
CUST1000245,0.3534,0.4012,0.2295,0.2697,0.6345,0.5163,2026-06
CUST1000246,0.4832,0.5139,0.3792,0.1524,0.2849,0.5978,2026-06
CUST1000247,0.445,0.4335,0.4031,0.231,0.4468,0.4603,2026-06
CUST1000248,0.5854,0.6865,0.1397,0.2632,0.4412,0.4634,2026-06
CUST1000249,0.5973000000000001,0.2244,0.1627,0.0165,0.6448,0.0814,2026-06
CUST1000250,0.2435,0.7223000000000001,0.2748,0.3609,0.3658,0.3415,2026-06
CUST1000251,0.174,0.5473,0.0979,0.1465,0.3805,0.4704,2026-06
CUST1000252,0.5345,0.6398,0.3788,0.1571,0.3629,0.5659999999999999,2026-06
CUST1000253,0.4197,0.75,0.3595,0.2432,0.2195,0.553,2026-06
CUST1000254,0.3203,0.3067,0.0102,0.01,0.6005,0.5007,2026-06
CUST1000255,0.3902,0.6344,0.1733,0.1659,0.3807,0.2491,2026-06
CUST1000256,0.4336,0.4487,0.2049,0.0664,0.3157,0.3753,2026-06
CUST1000257,0.5702,0.4746,0.4152,0.1258,0.4392,0.3839,2026-06
CUST1000258,0.0934,0.3449,0.2655,0.2724,0.2446,0.2258,2026-06
CUST1000259,0.5266999999999999,0.7366,0.3043,0.2193,0.4547,0.321,2026-06
CUST1000260,0.1963,0.5153,0.3418,0.2025,0.2297,0.4696,2026-06
CUST1000261,0.09810000000000001,0.6903,0.4517,0.1641,0.3378,0.7848000000000001,2026-06
CUST1000262,0.3362,0.3097,0.5353,0.2176,0.4308,0.3254,2026-06
CUST1000263,0.208,0.2344,0.3862,0.1665,0.5397,0.1126,2026-06
CUST1000264,0.3603,0.515,0.2624,0.1619,0.3022,0.0401,2026-06
CUST1000265,0.4018,0.4813,0.01,0.1648,0.4809,0.2018,2026-06
CUST1000266,0.5469000000000001,0.5466,0.3781,0.1734,0.2485,0.5049,2026-06
CUST1000267,0.4408,0.3899,0.4787,0.3218,0.3012,0.3233,2026-06
CUST1000268,0.4061,0.4457,0.2602,0.112,0.3875,0.5558,2026-06
CUST1000269,0.5217000000000001,0.4593,0.4455,0.5331,0.3602,0.3848,2026-06
CUST1000270,0.5038,0.6682,0.242,0.3376,0.1666,0.4812,2026-06
CUST1000271,0.3402,0.2515,0.01,0.1451,0.5252,0.1313,2026-06
CUST1000272,0.01,0.3696,0.0161,0.1874,0.2272,0.0444,2026-06
CUST1000273,0.4377,0.4466,0.3117,0.225,0.3674,0.5338000000000001,2026-06
CUST1000274,0.4014,0.4118,0.3314,0.148,0.3061,0.4165,2026-06
CUST1000275,0.0832,0.6021,0.4516,0.3222,0.3,0.5033,2026-06
CUST1000276,0.5685,0.4137,0.314,0.1455,0.2628,0.3094,2026-06
CUST1000277,0.3809,0.4143,0.4246,0.1927,0.2417,0.4206,2026-06
CUST1000278,0.6306,0.5995,0.3202,0.1367,0.3547,0.3479,2026-06
CUST1000279,0.2997,0.7022,0.3003,0.0377,0.5256,0.3334,2026-06
CUST1000280,0.4719,0.4915,0.3739,0.2199,0.388,0.6239,2026-06
CUST1000281,0.156,0.3835,0.3036,0.1855,0.3477,0.6266,2026-06
CUST1000282,0.2255,0.5384,0.3718,0.2277,0.2652,0.2831,2026-06
CUST1000283,0.5435,0.4432,0.3075,0.2799,0.4425,0.5385,2026-06
CUST1000284,0.1912,0.202,0.3489,0.2947,0.4332,0.1963,2026-06
CUST1000285,0.3605,0.0983,0.276,0.0779,0.2432,0.1621,2026-06
CUST1000286,0.3663,0.601,0.4872,0.1771,0.2478,0.5079,2026-06
CUST1000287,0.5644,0.3951,0.6012,0.1339,0.1249,0.5043,2026-06
CUST1000288,0.2043,0.4235,0.4674,0.2764,0.3723,0.496,2026-06
CUST1000289,0.2772,0.5397999999999999,0.2664,0.2188,0.3186,0.518,2026-06
CUST1000290,0.3341,0.2855,0.139,0.1603,0.3644,0.1068,2026-06
CUST1000291,0.3417,0.3849,0.5368000000000001,0.01,0.2345,0.4277,2026-06
CUST1000292,0.4548,0.4027,0.1524,0.1627,0.448,0.3802,2026-06
CUST1000293,0.2327,0.2603,0.2827,0.1057,0.3668,0.529,2026-06
CUST1000294,0.5792,0.4694,0.4133,0.1841,0.3986,0.5284,2026-06
CUST1000295,0.4733,0.4704,0.2358,0.16,0.5119,0.7225,2026-06
CUST1000296,0.2793,0.7627,0.4727,0.0835,0.2283,0.4186,2026-06
CUST1000297,0.3493,0.1378,0.4221,0.1573,0.6326000000000001,0.3789,2026-06
CUST1000298,0.4636,0.3889,0.5217000000000001,0.0999,0.4174,0.5641,2026-06
CUST1000299,0.3437,0.6619,0.2567,0.226,0.4092,0.5342,2026-06
CUST1000300,0.4479,0.6656,0.4043,0.1169,0.1126,0.2498,2026-06
CUST1000301,0.467,0.5152,0.4652,0.1935,0.0399,0.6623,2026-06
CUST1000302,0.3066,0.5671,0.2363,0.0785,0.3137,0.351,2026-06
CUST1000303,0.4638,0.5587,0.2309,0.0522,0.4911,0.4914,2026-06
CUST1000304,0.0553,0.4077,0.0162,0.6443,0.0318,0.0862,2026-06
CUST1000305,0.1626,0.2023,0.3142,0.5968,0.2899,0.0314,2026-06
CUST1000306,0.5508999999999999,0.302,0.2099,0.0853,0.5936,0.2826,2026-06
CUST1000307,0.349,0.432,0.1864,0.2103,0.281,0.4898,2026-06
CUST1000308,0.3576,0.3548,0.219,0.238,0.2827,0.3931,2026-06
CUST1000309,0.4874,0.7493,0.4732,0.0701,0.2801,0.4524,2026-06
CUST1000310,0.2632,0.3473,0.4583,0.2841,0.4228,0.586,2026-06
CUST1000311,0.06859999999999999,0.2465,0.01,0.195,0.173,0.2982,2026-06
CUST1000312,0.2652,0.4985,0.189,0.2761,0.1677,0.3367,2026-06
CUST1000313,0.2594,0.2002,0.1135,0.1938,0.2275,0.1969,2026-06
CUST1000314,0.0924,0.6898,0.2324,0.2254,0.5379,0.4926,2026-06
CUST1000315,0.5044999999999999,0.3828,0.4999,0.1035,0.2125,0.2964,2026-06
CUST1000316,0.1021,0.198,0.3773,0.2808,0.2301,0.1723,2026-06
CUST1000317,0.3031,0.226,0.1515,0.347,0.3051,0.2498,2026-06
CUST1000318,0.3945,0.2858,0.0424,0.154,0.4999,0.1667,2026-06
CUST1000319,0.5218,0.5579,0.3939,0.1664,0.1709,0.455,2026-06
CUST1000320,0.0907,0.3111,0.1034,0.1365,0.3616,0.08359999999999999,2026-06
CUST1000321,0.0678,0.2976,0.304,0.1661,0.395,0.2854,2026-06
CUST1000322,0.4494,0.5928,0.4346,0.0395,0.3876,0.2955,2026-06
CUST1000323,0.2507,0.7017,0.1528,0.2091,0.2866,0.303,2026-06
CUST1000324,0.2888,0.6338,0.0901,0.667,0.1203,0.4592,2026-06
CUST1000325,0.1326,0.4919,0.2631,0.2925,0.1318,0.2036,2026-06
CUST1000326,0.4828,0.4246,0.2659,0.1536,0.4655,0.01,2026-06
CUST1000327,0.3697,0.4501,0.3142,0.1187,0.438,0.4875,2026-06
CUST1000328,0.2912,0.2423,0.1787,0.4782,0.2716,0.1598,2026-06
CUST1000329,0.3657,0.6114000000000001,0.3343,0.2129,0.3426,0.3582,2026-06
CUST1000330,0.2804,0.2545,0.3099,0.5308,0.3449,0.0172,2026-06
CUST1000331,0.3371,0.5446,0.4344,0.0643,0.3807,0.4125,2026-06
CUST1000332,0.4037,0.2686,0.0545,0.1514,0.4417,0.01,2026-06
CUST1000333,0.345,0.5905,0.3079,0.0469,0.3079,0.7096,2026-06
CUST1000334,0.4569,0.6052,0.4417,0.1357,0.2923,0.6153999999999999,2026-06
CUST1000335,0.2928,0.4327,0.2881,0.1516,0.3466,0.4255,2026-06
CUST1000336,0.188,0.2223,0.1533,0.1157,0.2963,0.1043,2026-06
CUST1000337,0.2517,0.519,0.5638,0.2061,0.256,0.469,2026-06
CUST1000338,0.3595,0.0965,0.173,0.6074000000000001,0.3016,0.3334,2026-06
CUST1000339,0.3832,0.8478,0.3776,0.364,0.2449,0.4411,2026-06
CUST1000340,0.4086,0.4267,0.6186,0.316,0.3879,0.4556,2026-06
CUST1000341,0.5158,0.333,0.2861,0.1344,0.3752,0.3708,2026-06
CUST1000342,0.4242,0.4177,0.3325,0.2757,0.5647,0.4686,2026-06
CUST1000343,0.5507,0.3698,0.01,0.0853,0.5138,0.2234,2026-06
CUST1000344,0.2641,0.2472,0.3298,0.2345,0.4275,0.0732,2026-06
CUST1000345,0.6522,0.4625,0.3353,0.1344,0.4687,0.3285,2026-06
CUST1000346,0.5678,0.5088,0.4094,0.07049999999999999,0.4184,0.3858,2026-06
CUST1000347,0.5369,0.4134,0.4557,0.1073,0.2942,0.3676,2026-06
CUST1000348,0.4512,0.3302,0.2063,0.0591,0.3358,0.1918,2026-06
CUST1000349,0.01,0.4805,0.4235,0.0599,0.3382,0.5554,2026-06
CUST1000350,0.2117,0.2526,0.1765,0.2616,0.443,0.1096,2026-06
CUST1000351,0.2572,0.4308,0.4933,0.2057,0.2516,0.5928,2026-06
CUST1000352,0.7588,0.7306,0.2219,0.204,0.2272,0.5064,2026-06
CUST1000353,0.4383,0.2538,0.4157,0.1162,0.4859,0.1318,2026-06
CUST1000354,0.2482,0.1625,0.2805,0.1679,0.5139,0.5117,2026-06
CUST1000355,0.018,0.4187,0.2588,0.3339,0.4076,0.6319,2026-06
CUST1000356,0.3157,0.2806,0.2008,0.174,0.4201,0.4129,2026-06
CUST1000357,0.126,0.1421,0.01,0.278,0.3828,0.1177,2026-06
CUST1000358,0.522,0.4849,0.3002,0.3151,0.248,0.4257,2026-06
CUST1000359,0.1887,0.6845,0.0759,0.3883,0.2751,0.3229,2026-06
CUST1000360,0.3357,0.4263,0.5091,0.1063,0.4973,0.4466,2026-06
CUST1000361,0.3905,0.3634,0.3449,0.2732,0.6266,0.1329,2026-06
CUST1000362,0.2165,0.4688,0.4591,0.1611,0.2917,0.2881,2026-06
CUST1000363,0.4155,0.4974,0.2062,0.1847,0.2219,0.3808,2026-06
CUST1000364,0.4232,0.532,0.5405,0.07340000000000001,0.325,0.5141,2026-06
CUST1000365,0.3906,0.4273,0.4243,0.2078,0.4726,0.5494,2026-06
CUST1000366,0.3877,0.1887,0.166,0.1795,0.5088,0.2059,2026-06
CUST1000367,0.0979,0.4418,0.1875,0.253,0.2089,0.3403,2026-06
CUST1000368,0.4679,0.8318,0.2634,0.116,0.301,0.5610000000000001,2026-06
CUST1000369,0.4337,0.3625,0.3277,0.2637,0.5003,0.3904,2026-06
CUST1000370,0.0368,0.459,0.4547,0.0675,0.3167,0.5719,2026-06
CUST1000371,0.3442,0.2189,0.2679,0.213,0.395,0.1782,2026-06
CUST1000372,0.1645,0.3868,0.1994,0.1905,0.5329,0.3139,2026-06
CUST1000373,0.3348,0.423,0.5853,0.1339,0.3333,0.48,2026-06
CUST1000374,0.425,0.3704,0.3732,0.2194,0.3405,0.1494,2026-06
CUST1000375,0.2307,0.3429,0.5429,0.1574,0.2877,0.5385,2026-06
CUST1000376,0.3979,0.4556,0.3196,0.1009,0.3548,0.1365,2026-06
CUST1000377,0.329,0.0832,0.305,0.1547,0.3855,0.2116,2026-06
CUST1000378,0.2739,0.3642,0.0805,0.1304,0.2226,0.1704,2026-06
CUST1000379,0.1134,0.4784,0.4102,0.6218,0.1952,0.3368,2026-06
CUST1000380,0.3219,0.5289,0.4075,0.2996,0.1905,0.6672,2026-06
CUST1000381,0.2897,0.3246,0.1907,0.097,0.3518,0.0473,2026-06
CUST1000382,0.0804,0.462,0.3314,0.1931,0.3844,0.476,2026-06
CUST1000383,0.3209,0.092,0.1944,0.1769,0.5548,0.158,2026-06
CUST1000384,0.5891,0.6976,0.283,0.1653,0.2018,0.4052,2026-06
CUST1000385,0.4211,0.4175,0.5049,0.1645,0.3942,0.3926,2026-06
CUST1000386,0.2323,0.4792,0.462,0.2823,0.272,0.3625,2026-06
CUST1000387,0.2344,0.4295,0.4305,0.1887,0.4041,0.5074,2026-06
CUST1000388,0.4899,0.5591,0.4458,0.0654,0.204,0.603,2026-06
CUST1000389,0.3724,0.5076000000000001,0.0577,0.2023,0.3697,0.1283,2026-06
CUST1000390,0.5262,0.5086000000000001,0.428,0.1547,0.1117,0.6326000000000001,2026-06
CUST1000391,0.654,0.3983,0.3362,0.0101,0.3849,0.5795,2026-06
CUST1000392,0.4293,0.524,0.463,0.1429,0.3207,0.5411,2026-06
CUST1000393,0.4338,0.3334,0.5571,0.1255,0.3669,0.598,2026-06
CUST1000394,0.5743,0.6804,0.3438,0.2107,0.4567,0.356,2026-06
CUST1000395,0.2294,0.3803,0.5071,0.2916,0.3748,0.6348,2026-06
CUST1000396,0.4966,0.3516,0.2337,0.3633,0.5079,0.5471,2026-06
CUST1000397,0.2949,0.2732,0.2135,0.2795,0.2387,0.1321,2026-06
CUST1000398,0.2216,0.134,0.309,0.1524,0.345,0.347,2026-06
CUST1000399,0.4681,0.5647,0.1766,0.2077,0.6762,0.0639,2026-06
CUST1000400,0.3589,0.361,0.2061,0.2124,0.6075,0.4946,2026-06
CUST1000401,0.3221,0.4045,0.6221,0.0295,0.222,0.3876,2026-06
CUST1000402,0.412,0.4481,0.5159,0.1833,0.4295,0.3942,2026-06
CUST1000403,0.3813,0.418,0.4165,0.1353,0.4385,0.4537,2026-06
CUST1000404,0.5773,0.4277,0.4755,0.08500000000000001,0.09379999999999999,0.2855,2026-06
CUST1000405,0.2473,0.5423,0.4922,0.1385,0.3734,0.3155,2026-06
CUST1000406,0.2506,0.5861,0.1134,0.3364,0.2075,0.3391,2026-06
CUST1000407,0.0584,0.4213,0.3851,0.1435,0.5612,0.33,2026-06
CUST1000408,0.1043,0.2138,0.01,0.1247,0.3253,0.1783,2026-06
CUST1000409,0.4566,0.3319,0.5927,0.2768,0.3207,0.4513,2026-06
CUST1000410,0.3922,0.6444,0.2896,0.179,0.4797,0.4467,2026-06
CUST1000411,0.4234,0.6423,0.3853,0.1354,0.2612,0.3001,2026-06
CUST1000412,0.3561,0.6887,0.095,0.2631,0.0784,0.3627,2026-06
CUST1000413,0.4363,0.3184,0.2556,0.1596,0.4274,0.3614,2026-06
CUST1000414,0.1956,0.389,0.3304,0.1256,0.2381,0.01,2026-06
CUST1000415,0.1265,0.5695,0.195,0.2252,0.2724,0.3511,2026-06
CUST1000416,0.3328,0.5096000000000001,0.3123,0.1188,0.4157,0.3639,2026-06
CUST1000417,0.2513,0.3762,0.2589,0.0712,0.3289,0.5039,2026-06
CUST1000418,0.1764,0.4876,0.01,0.1559,0.311,0.0541,2026-06
CUST1000419,0.2552,0.2516,0.2134,0.1884,0.2169,0.0764,2026-06
CUST1000420,0.4305,0.5198,0.4709,0.1085,0.3248,0.4103,2026-06
CUST1000421,0.2416,0.4152,0.479,0.2597,0.3947,0.5022,2026-06
CUST1000422,0.636,0.5788,0.4579,0.1586,0.2036,0.3333,2026-06
CUST1000423,0.493,0.5436,0.3616,0.1414,0.3783,0.3776,2026-06
CUST1000424,0.3013,0.72,0.2313,0.2122,0.343,0.5376,2026-06
CUST1000425,0.2476,0.4331,0.108,0.1626,0.2612,0.0276,2026-06
CUST1000426,0.5667,0.4941,0.5239,0.2762,0.2688,0.4161,2026-06
CUST1000427,0.4325,0.5294,0.3104,0.1716,0.3111,0.6124000000000001,2026-06
CUST1000428,0.552,0.4283,0.4773,0.0959,0.3246,0.3789,2026-06
CUST1000429,0.0716,0.2578,0.0984,0.1152,0.398,0.696,2026-06
CUST1000430,0.2317,0.2102,0.3176,0.2106,0.3879,0.3162,2026-06
CUST1000431,0.2899,0.4429,0.0523,0.1029,0.2881,0.0751,2026-06
CUST1000432,0.4874,0.4223,0.099,0.7274,0.2251,0.0759,2026-06
CUST1000433,0.3381,0.2776,0.268,0.1617,0.1332,0.2525,2026-06
CUST1000434,0.4923,0.5319,0.0617,0.044,0.3582,0.3703,2026-06
CUST1000435,0.1661,0.1074,0.2568,0.2459,0.3287,0.1469,2026-06
CUST1000436,0.5002,0.5904,0.1473,0.3814,0.275,0.0727,2026-06
CUST1000437,0.459,0.5037,0.0486,0.2622,0.1452,0.1712,2026-06
CUST1000438,0.3614,0.5753,0.0485,0.1838,0.2976,0.3634,2026-06
CUST1000439,0.311,0.4339,0.538,0.2775,0.3411,0.3857,2026-06
CUST1000440,0.3952,0.4453,0.3848,0.1009,0.3336,0.6945,2026-06
CUST1000441,0.06469999999999999,0.353,0.0171,0.1023,0.2469,0.6155,2026-06
CUST1000442,0.2923,0.2999,0.2781,0.1225,0.4128,0.2463,2026-06
CUST1000443,0.4416,0.2959,0.5558999999999999,0.1381,0.2571,0.4437,2026-06
CUST1000444,0.1379,0.3889,0.4574,0.1026,0.4046,0.511,2026-06
CUST1000445,0.1675,0.4378,0.6173999999999999,0.0538,0.3954,0.4789,2026-06
CUST1000446,0.2391,0.4771,0.1233,0.2136,0.2458,0.4838,2026-06
CUST1000447,0.125,0.3962,0.3547,0.0323,0.2889,0.4068,2026-06
CUST1000448,0.4721,0.5885,0.1816,0.308,0.3699,0.3125,2026-06
CUST1000449,0.4936,0.542,0.3927,0.1872,0.4165,0.5602,2026-06
CUST1000450,0.2348,0.0659,0.2666,0.5598,0.0665,0.1203,2026-06
CUST1000451,0.2501,0.2873,0.4973,0.1429,0.3241,0.2779,2026-06
CUST1000452,0.3791,0.3132,0.4237,0.2123,0.3482,0.7072000000000001,2026-06
CUST1000453,0.3338,0.5044999999999999,0.1758,0.1989,0.5439000000000001,0.2485,2026-06
CUST1000454,0.2311,0.267,0.3194,0.1461,0.2236,0.1055,2026-06
CUST1000455,0.6153999999999999,0.3584,0.2277,0.1646,0.2591,0.1708,2026-06
CUST1000456,0.4926,0.4703,0.4474,0.1528,0.2522,0.08740000000000001,2026-06
CUST1000457,0.494,0.2713,0.3203,0.4143,0.303,0.4908,2026-06
CUST1000458,0.3746,0.6726,0.221,0.2433,0.4739,0.2777,2026-06
CUST1000459,0.3333,0.3646,0.2113,0.1258,0.3323,0.1844,2026-06
CUST1000460,0.3391,0.2445,0.1111,0.0931,0.4292,0.09569999999999999,2026-06
CUST1000461,0.4128,0.4548,0.4092,0.2194,0.5954,0.2588,2026-06
CUST1000462,0.5329,0.4406,0.488,0.1391,0.576,0.5236,2026-06
CUST1000463,0.384,0.503,0.4711,0.1659,0.3948,0.614,2026-06
CUST1000464,0.0275,0.3119,0.08110000000000001,0.1545,0.1643,0.2361,2026-06
CUST1000465,0.2225,0.3631,0.3387,0.0583,0.4308,0.4253,2026-06
CUST1000466,0.4301,0.6567,0.4666,0.08989999999999999,0.3025,0.4153,2026-06
CUST1000467,0.3742,0.3396,0.3894,0.1573,0.2841,0.4748,2026-06
CUST1000468,0.2042,0.3889,0.1978,0.2203,0.4032,0.4096,2026-06
CUST1000469,0.3897,0.4438,0.273,0.1611,0.3648,0.4985,2026-06
CUST1000470,0.4622,0.5774,0.1333,0.1933,0.2991,0.4449,2026-06
CUST1000471,0.5248,0.4539,0.4173,0.1543,0.4122,0.4146,2026-06
CUST1000472,0.5478,0.4016,0.3044,0.08599999999999999,0.2808,0.1502,2026-06
CUST1000473,0.3466,0.4412,0.4431,0.1037,0.5256,0.5447,2026-06
CUST1000474,0.4326,0.5973000000000001,0.1803,0.1963,0.2159,0.4436,2026-06
CUST1000475,0.343,0.5457,0.452,0.2016,0.3423,0.4265,2026-06
CUST1000476,0.6518,0.2989,0.3243,0.216,0.3123,0.1605,2026-06
CUST1000477,0.5435,0.5026,0.3813,0.1383,0.3044,0.0211,2026-06
CUST1000478,0.2672,0.5325,0.2854,0.1024,0.2631,0.4271,2026-06
CUST1000479,0.2523,0.01,0.01,0.2963,0.3226,0.2141,2026-06
CUST1000480,0.3414,0.5997,0.1572,0.1259,0.436,0.3864,2026-06
CUST1000481,0.5911,0.3553,0.01,0.6331,0.2236,0.0534,2026-06
CUST1000482,0.3421,0.3764,0.1668,0.2012,0.377,0.0303,2026-06
CUST1000483,0.4672,0.5414,0.5099,0.3473,0.5224,0.3892,2026-06
CUST1000484,0.2371,0.3725,0.2602,0.1609,0.3899,0.1681,2026-06
CUST1000485,0.3025,0.3072,0.107,0.0119,0.2214,0.0711,2026-06
CUST1000486,0.3757,0.4766,0.5253,0.2108,0.415,0.3937,2026-06
CUST1000487,0.242,0.5834,0.1216,0.1997,0.0624,0.5427,2026-06
CUST1000488,0.2916,0.5548999999999999,0.1681,0.0436,0.0404,0.2989,2026-06
CUST1000489,0.4523,0.6073,0.5367,0.2005,0.3978,0.4134,2026-06
CUST1000490,0.3546,0.2724,0.0407,0.01,0.6475,0.01,2026-06
CUST1000491,0.4073,0.6133,0.43,0.2713,0.5953000000000001,0.2543,2026-06
CUST1000492,0.3826,0.2681,0.4215,0.2264,0.3327,0.4477,2026-06
CUST1000493,0.07000000000000001,0.41,0.2763,0.1567,0.3341,0.5625,2026-06
CUST1000494,0.4614,0.6492,0.2778,0.1538,0.194,0.4589,2026-06
CUST1000495,0.2077,0.4385,0.344,0.1189,0.2328,0.4887,2026-06
CUST1000496,0.4064,0.4665,0.4432,0.262,0.3167,0.4518,2026-06
CUST1000497,0.3596,0.6948,0.1047,0.2312,0.3272,0.4658,2026-06
CUST1000498,0.2088,0.4155,0.3884,0.1535,0.2911,0.392,2026-06
CUST1000499,0.2444,0.3446,0.01,0.2552,0.1432,0.1543,2026-06
CUST1000500,0.3692,0.5663,0.3737,0.1231,0.6697,0.4374,2026-06
CUST1000501,0.4259,0.5185,0.3858,0.2808,0.3301,0.5606,2026-06
CUST1000502,0.4967,0.3442,0.4298,0.4108,0.2825,0.5921,2026-06
CUST1000503,0.5285,0.4825,0.01,0.1246,0.2003,0.0215,2026-06
CUST1000504,0.439,0.4915,0.01,0.2666,0.3373,0.1007,2026-06
CUST1000505,0.357,0.4796,0.2678,0.1501,0.4017,0.3531,2026-06
CUST1000506,0.1756,0.2388,0.0583,0.0586,0.3682,0.1306,2026-06
CUST1000507,0.3399,0.4699,0.4531,0.2977,0.3304,0.5054,2026-06
CUST1000508,0.3501,0.3082,0.1444,0.1386,0.2295,0.0219,2026-06
CUST1000509,0.621,0.4765,0.2274,0.1097,0.2761,0.44,2026-06
CUST1000510,0.4279,0.1329,0.0296,0.2246,0.3216,0.1578,2026-06
CUST1000511,0.3455,0.3778,0.4458,0.1184,0.4512,0.394,2026-06
CUST1000512,0.3496,0.2424,0.2624,0.2527,0.3541,0.2839,2026-06
CUST1000513,0.5389,0.2879,0.4715,0.112,0.2913,0.6819,2026-06
CUST1000514,0.3738,0.2149,0.2381,0.094,0.5127,0.1438,2026-06
CUST1000515,0.398,0.4206,0.581,0.0929,0.28,0.3956,2026-06
CUST1000516,0.5235,0.5711000000000001,0.1744,0.2609,0.1953,0.1203,2026-06
CUST1000517,0.5851,0.3923,0.26,0.01,0.3311,0.1292,2026-06
CUST1000518,0.5459000000000001,0.372,0.5252,0.1148,0.495,0.5603,2026-06
CUST1000519,0.5164,0.5718,0.3647,0.2911,0.3903,0.6631,2026-06
CUST1000520,0.3727,0.4627,0.3101,0.01,0.337,0.1922,2026-06
CUST1000521,0.2772,0.2391,0.2799,0.0948,0.1439,0.1277,2026-06
CUST1000522,0.1628,0.0891,0.438,0.298,0.3072,0.3819,2026-06
CUST1000523,0.3455,0.4767,0.3948,0.2333,0.3491,0.6544,2026-06
CUST1000524,0.4016,0.4672,0.01,0.3023,0.3576,0.1384,2026-06
CUST1000525,0.2815,0.3904,0.3338,0.1745,0.4233,0.6529,2026-06
CUST1000526,0.4867,0.2052,0.268,0.3181,0.3121,0.269,2026-06
CUST1000527,0.3547,0.3109,0.4649,0.3204,0.448,0.422,2026-06
CUST1000528,0.3926,0.2634,0.3905,0.0465,0.3549,0.1913,2026-06
CUST1000529,0.4641,0.2806,0.3993,0.1841,0.3323,0.6562,2026-06
CUST1000530,0.513,0.7202,0.223,0.0417,0.1957,0.4588,2026-06
CUST1000531,0.5743,0.3595,0.3598,0.0951,0.6341,0.4646,2026-06
CUST1000532,0.6083,0.4823,0.3111,0.196,0.1572,0.0187,2026-06
CUST1000533,0.4005,0.3012,0.2438,0.0638,0.2416,0.2677,2026-06
CUST1000534,0.3218,0.5453,0.363,0.2155,0.3019,0.6571,2026-06
CUST1000535,0.311,0.415,0.3564,0.1738,0.4488,0.5477,2026-06
CUST1000536,0.4911,0.4254,0.2954,0.168,0.4398,0.4188,2026-06
CUST1000537,0.1168,0.339,0.3601,0.1817,0.3281,0.4639,2026-06
CUST1000538,0.3262,0.5139,0.4149,0.2036,0.2652,0.4761,2026-06
CUST1000539,0.026,0.4972,0.1454,0.1673,0.312,0.486,2026-06
CUST1000540,0.4457,0.3441,0.5556,0.2035,0.3765,0.4227,2026-06
CUST1000541,0.0988,0.4866,0.07240000000000001,0.2271,0.5553,0.4402,2026-06
CUST1000542,0.5655,0.2663,0.433,0.3574,0.3014,0.5849,2026-06
CUST1000543,0.3889,0.8395,0.1807,0.2993,0.1408,0.4887,2026-06
CUST1000544,0.1294,0.6131,0.2175,0.1714,0.2044,0.6536999999999999,2026-06
CUST1000545,0.2818,0.374,0.329,0.0596,0.3713,0.1019,2026-06
CUST1000546,0.3571,0.3773,0.5682,0.2654,0.4792,0.1854,2026-06
CUST1000547,0.4164,0.3655,0.3256,0.2015,0.4483,0.5928,2026-06
CUST1000548,0.4875,0.4256,0.4506,0.1176,0.5034,0.3359,2026-06
CUST1000549,0.5319,0.4506,0.4944,0.0475,0.3073,0.6219,2026-06
CUST1000550,0.2927,0.5239,0.0973,0.3049,0.4023,0.5026,2026-06
CUST1000551,0.4522,0.6879,0.4639,0.0756,0.1479,0.2647,2026-06
CUST1000552,0.2703,0.3762,0.2175,0.1068,0.3749,0.6183999999999999,2026-06
CUST1000553,0.1148,0.2767,0.2381,0.1687,0.2607,0.1623,2026-06
CUST1000554,0.5336,0.5173,0.4543,0.1415,0.3165,0.5387,2026-06
CUST1000555,0.3978,0.4345,0.0205,0.01,0.4702,0.3258,2026-06
CUST1000556,0.3381,0.4293,0.2968,0.1768,0.4142,0.6661,2026-06
CUST1000557,0.3979,0.4698,0.0485,0.1031,0.3244,0.2789,2026-06
CUST1000558,0.593,0.4902,0.377,0.1455,0.3871,0.505,2026-06
CUST1000559,0.2442,0.3254,0.2717,0.0697,0.2238,0.1719,2026-06
CUST1000560,0.3238,0.322,0.1123,0.284,0.4418,0.1014,2026-06
CUST1000561,0.5059,0.5101,0.0154,0.2425,0.3003,0.1553,2026-06
CUST1000562,0.5196,0.6234,0.2621,0.0743,0.2539,0.4714,2026-06
CUST1000563,0.3494,0.5168,0.313,0.1619,0.4068,0.5125,2026-06
CUST1000564,0.3394,0.2792,0.2848,0.2602,0.4181,0.2231,2026-06
CUST1000565,0.421,0.4343,0.3786,0.1822,0.3652,0.368,2026-06
CUST1000566,0.4465,0.3955,0.1882,0.246,0.3932,0.6617,2026-06
CUST1000567,0.5455,0.4744,0.4131,0.2553,0.2214,0.3387,2026-06
CUST1000568,0.3232,0.3217,0.4637,0.1879,0.4554,0.5737,2026-06
CUST1000569,0.3307,0.3491,0.3743,0.2355,0.5988,0.3531,2026-06
CUST1000570,0.054,0.3871,0.3366,0.154,0.2981,0.375,2026-06
CUST1000571,0.1329,0.5664,0.1836,0.257,0.3374,0.4119,2026-06
CUST1000572,0.2993,0.6734,0.1908,0.0687,0.1994,0.5642,2026-06
CUST1000573,0.4633,0.4791,0.3093,0.2382,0.2854,0.5234,2026-06
CUST1000574,0.4603,0.674,0.2993,0.2183,0.2495,0.4212,2026-06
CUST1000575,0.2627,0.524,0.5595,0.1097,0.2394,0.3671,2026-06
CUST1000576,0.4252,0.2684,0.1485,0.2239,0.4971,0.1006,2026-06
CUST1000577,0.5139,0.4304,0.2613,0.1939,0.5112,0.4003,2026-06
CUST1000578,0.3384,0.6343,0.0289,0.1069,0.3232,0.2447,2026-06
CUST1000579,0.4194,0.4848,0.6820000000000001,0.2383,0.4791,0.8008999999999999,2026-06
CUST1000580,0.184,0.4367,0.399,0.1234,0.2325,0.6314,2026-06
CUST1000581,0.5219,0.6639,0.2587,0.2366,0.2035,0.3385,2026-06
CUST1000582,0.4228,0.4116,0.356,0.2354,0.4143,0.1093,2026-06
CUST1000583,0.5389,0.3751,0.3091,0.3251,0.3475,0.7124,2026-06
CUST1000584,0.2814,0.1847,0.2371,0.1613,0.3853,0.0602,2026-06
CUST1000585,0.2269,0.4086,0.1145,0.2495,0.1804,0.1804,2026-06
CUST1000586,0.4581,0.8286,0.2288,0.1567,0.2012,0.2925,2026-06
CUST1000587,0.6029,0.4668,0.2888,0.2686,0.288,0.3,2026-06
CUST1000588,0.2678,0.3275,0.289,0.6247,0.1185,0.1999,2026-06
CUST1000589,0.3784,0.6614,0.4604,0.216,0.259,0.355,2026-06
CUST1000590,0.4423,0.5465,0.516,0.2874,0.3676,0.3891,2026-06
CUST1000591,0.1937,0.1921,0.01,0.2656,0.471,0.2321,2026-06
CUST1000592,0.2097,0.6457000000000001,0.3077,0.19,0.2811,0.3592,2026-06
CUST1000593,0.3169,0.5968,0.2016,0.1526,0.2005,0.2897,2026-06
CUST1000594,0.3536,0.3093,0.508,0.2496,0.4166,0.01,2026-06
CUST1000595,0.2284,0.2824,0.2246,0.1252,0.3845,0.3254,2026-06
CUST1000596,0.3853,0.626,0.3847,0.2538,0.2585,0.4308,2026-06
CUST1000597,0.665,0.6768,0.3025,0.2172,0.3224,0.4111,2026-06
CUST1000598,0.4883,0.4729,0.3821,0.3082,0.2607,0.4976,2026-06
CUST1000599,0.5608,0.5279,0.3804,0.2826,0.3632,0.3753,2026-06
CUST1000600,0.1902,0.5069,0.1946,0.2448,0.279,0.2517,2026-06
CUST1000601,0.3913,0.1821,0.3189,0.2394,0.2487,0.0539,2026-06
CUST1000602,0.3711,0.2306,0.4167,0.0709,0.3066,0.1181,2026-06
CUST1000603,0.2605,0.3865,0.5095,0.3263,0.4474,0.4413,2026-06
CUST1000604,0.4668,0.3826,0.2802,0.1742,0.536,0.2831,2026-06
CUST1000605,0.2986,0.2052,0.3963,0.3051,0.3457,0.01,2026-06
CUST1000606,0.5672,0.4171,0.4238,0.113,0.368,0.3056,2026-06
CUST1000607,0.3688,0.1991,0.17,0.047,0.3371,0.0114,2026-06
CUST1000608,0.6525,0.4715,0.4991,0.1401,0.415,0.2962,2026-06
CUST1000609,0.3579,0.4426,0.5019,0.01,0.2599,0.4864,2026-06
CUST1000610,0.3417,0.2643,0.1862,0.2074,0.357,0.1767,2026-06
CUST1000611,0.3618,0.6747,0.5555,0.3149,0.4274,0.494,2026-06
CUST1000612,0.0925,0.3856,0.0557,0.1603,0.0856,0.01,2026-06
CUST1000613,0.3436,0.4693,0.01,0.0514,0.1268,0.5207000000000001,2026-06
CUST1000614,0.3138,0.2257,0.3488,0.1866,0.2529,0.3363,2026-06
CUST1000615,0.1133,0.5375,0.1195,0.4732,0.1833,0.4276,2026-06
CUST1000616,0.3976,0.532,0.1967,0.5022,0.2854,0.264,2026-06
CUST1000617,0.4721,0.5938,0.4498,0.3329,0.2636,0.4456,2026-06
CUST1000618,0.3021,0.211,0.3073,0.194,0.3366,0.1839,2026-06
CUST1000619,0.2092,0.4003,0.4132,0.1161,0.2351,0.3211,2026-06
CUST1000620,0.2415,0.6664,0.0725,0.1561,0.3102,0.5414,2026-06
CUST1000621,0.3097,0.1356,0.2622,0.1546,0.3477,0.3154,2026-06
CUST1000622,0.2625,0.1025,0.0965,0.2534,0.2461,0.1948,2026-06
CUST1000623,0.4534,0.6601,0.0683,0.2056,0.3783,0.2217,2026-06
CUST1000624,0.3719,0.4433,0.339,0.1831,0.2451,0.4537,2026-06
CUST1000625,0.5452,0.595,0.4385,0.2826,0.3582,0.6788999999999999,2026-06
CUST1000626,0.5491,0.4496,0.1013,0.0803,0.1879,0.2219,2026-06
CUST1000627,0.1466,0.2595,0.01,0.1707,0.6225000000000001,0.1792,2026-06
CUST1000628,0.3102,0.2289,0.2283,0.2169,0.3424,0.2794,2026-06
CUST1000629,0.2326,0.3499,0.5824,0.1891,0.3079,0.5276999999999999,2026-06
CUST1000630,0.5497,0.5077,0.1465,0.2019,0.4842,0.1747,2026-06
CUST1000631,0.4337,0.6394,0.262,0.1118,0.2281,0.4747,2026-06
CUST1000632,0.3484,0.4895,0.2256,0.2331,0.2502,0.1962,2026-06
CUST1000633,0.3082,0.1491,0.2773,0.2303,0.3364,0.0648,2026-06
CUST1000634,0.5002,0.6743,0.3278,0.1238,0.2917,0.4344,2026-06
CUST1000635,0.4968,0.4153,0.6069,0.1523,0.3244,0.5983000000000001,2026-06
CUST1000636,0.2529,0.5802,0.4555,0.1187,0.3406,0.2341,2026-06
CUST1000637,0.4607,0.6318,0.406,0.131,0.1268,0.3731,2026-06
CUST1000638,0.3377,0.6423,0.1702,0.2218,0.2142,0.3927,2026-06
CUST1000639,0.3769,0.3227,0.01,0.2465,0.4949,0.0825,2026-06
CUST1000640,0.2817,0.4786,0.554,0.1468,0.5387,0.5636,2026-06
CUST1000641,0.5014999999999999,0.5348000000000001,0.3258,0.2279,0.3958,0.1109,2026-06
CUST1000642,0.3183,0.5746,0.2085,0.1547,0.2973,0.4607,2026-06
CUST1000643,0.3023,0.3741,0.1363,0.2643,0.3003,0.1828,2026-06
CUST1000644,0.2865,0.5827,0.2785,0.309,0.2983,0.5851,2026-06
CUST1000645,0.3121,0.1235,0.2569,0.1252,0.2867,0.0916,2026-06
CUST1000646,0.5241,0.4084,0.322,0.223,0.5187,0.3895,2026-06
CUST1000647,0.5461,0.5296,0.1205,0.1433,0.2746,0.3348,2026-06
CUST1000648,0.4023,0.4935,0.06560000000000001,0.115,0.505,0.131,2026-06
CUST1000649,0.5427999999999999,0.4942,0.3732,0.2509,0.375,0.4653,2026-06
CUST1000650,0.2393,0.5389,0.3397,0.15,0.3566,0.5104,2026-06
CUST1000651,0.4572,0.4699,0.2371,0.2165,0.2627,0.4462,2026-06
CUST1000652,0.1464,0.4017,0.0283,0.068,0.505,0.5464,2026-06
CUST1000653,0.1563,0.0925,0.2067,0.3031,0.319,0.4047,2026-06
CUST1000654,0.2444,0.3724,0.1645,0.2618,0.6232,0.5221,2026-06
CUST1000655,0.4449,0.6993,0.1294,0.2052,0.12,0.4683,2026-06
CUST1000656,0.3586,0.548,0.5385,0.2492,0.2056,0.4933,2026-06
CUST1000657,0.4105,0.4288,0.298,0.0537,0.3983,0.3109,2026-06
CUST1000658,0.505,0.7736,0.5905,0.4424,0.2704,0.2426,2026-06
CUST1000659,0.3213,0.5294,0.5369,0.2193,0.2889,0.3268,2026-06
CUST1000660,0.4877,0.4928,0.4692,0.2607,0.3523,0.2685,2026-06
CUST1000661,0.4343,0.4047,0.5629,0.1847,0.3957,0.4463,2026-06
CUST1000662,0.2262,0.4243,0.08599999999999999,0.1277,0.1988,0.1654,2026-06
CUST1000663,0.5041,0.6288,0.1852,0.3252,0.2328,0.1969,2026-06
CUST1000664,0.2165,0.3904,0.01,0.2411,0.1778,0.3332,2026-06
CUST1000665,0.2107,0.2048,0.3761,0.0743,0.5128,0.2211,2026-06
CUST1000666,0.4863,0.6718,0.4097,0.192,0.3553,0.5955,2026-06
CUST1000667,0.3792,0.7122000000000001,0.0965,0.2268,0.2254,0.2255,2026-06
CUST1000668,0.5985,0.665,0.5219,0.0548,0.3223,0.5447,2026-06
CUST1000669,0.2627,0.2196,0.2319,0.2686,0.1764,0.2514,2026-06
CUST1000670,0.5139,0.3376,0.5309,0.2378,0.405,0.2453,2026-06
CUST1000671,0.4801,0.4854,0.3788,0.1318,0.2977,0.156,2026-06
CUST1000672,0.3852,0.7262,0.1945,0.124,0.3186,0.3377,2026-06
CUST1000673,0.3405,0.5036,0.2644,0.1958,0.2093,0.3502,2026-06
CUST1000674,0.4282,0.3641,0.415,0.2228,0.3698,0.1487,2026-06
CUST1000675,0.2236,0.1896,0.0266,0.0299,0.531,0.2332,2026-06
CUST1000676,0.5057,0.489,0.4703,0.2307,0.2904,0.4063,2026-06
CUST1000677,0.3243,0.4226,0.3552,0.1991,0.3855,0.5972,2026-06
CUST1000678,0.3028,0.4778,0.5118,0.1783,0.2626,0.2741,2026-06
CUST1000679,0.1536,0.1938,0.0368,0.0442,0.2797,0.15,2026-06
CUST1000680,0.2566,0.7044,0.1026,0.3058,0.2524,0.214,2026-06
CUST1000681,0.489,0.6,0.4254,0.3188,0.3923,0.4381,2026-06
CUST1000682,0.546,0.4616,0.1755,0.2517,0.4115,0.074,2026-06
CUST1000683,0.1978,0.4806,0.3951,0.1949,0.3999,0.4449,2026-06
CUST1000684,0.4292,0.5802,0.3491,0.1586,0.368,0.3835,2026-06
CUST1000685,0.5098,0.3484,0.2494,0.3006,0.293,0.8096,2026-06
CUST1000686,0.4198,0.6757,0.2762,0.0684,0.1436,0.3935,2026-06
CUST1000687,0.1635,0.5363,0.2772,0.2622,0.3357,0.4443,2026-06
CUST1000688,0.3223,0.0171,0.1248,0.1603,0.2726,0.06619999999999999,2026-06
CUST1000689,0.3328,0.4136,0.4342,0.1383,0.2442,0.3827,2026-06
CUST1000690,0.4068,0.5333,0.5508999999999999,0.2908,0.3921,0.6954,2026-06
CUST1000691,0.5309,0.5639,0.4962,0.2273,0.3035,0.5524,2026-06
CUST1000692,0.3768,0.0599,0.3356,0.1299,0.4461,0.3325,2026-06
CUST1000693,0.4449,0.3893,0.1394,0.1362,0.4937,0.308,2026-06
CUST1000694,0.6333,0.2261,0.3187,0.1029,0.5599,0.1017,2026-06
CUST1000695,0.1826,0.4223,0.4755,0.285,0.2594,0.2854,2026-06
CUST1000696,0.3815,0.752,0.3409,0.1963,0.1599,0.4589,2026-06
CUST1000697,0.3597,0.1226,0.1557,0.4027,0.4587,0.01,2026-06
CUST1000698,0.2943,0.4569,0.3373,0.1409,0.5318000000000001,0.1218,2026-06
CUST1000699,0.3238,0.337,0.3467,0.1538,0.1626,0.5996,2026-06
CUST1000700,0.4987,0.4905,0.01,0.6504,0.2673,0.0451,2026-06
CUST1000701,0.2407,0.4393,0.1943,0.1604,0.5127,0.3363,2026-06
CUST1000702,0.2265,0.1332,0.01,0.1627,0.4068,0.1824,2026-06
CUST1000703,0.2647,0.1264,0.3864,0.189,0.441,0.1313,2026-06
CUST1000704,0.3649,0.5914,0.1726,0.2092,0.272,0.5623,2026-06
CUST1000705,0.2579,0.0834,0.1982,0.3028,0.4962,0.0895,2026-06
CUST1000706,0.2668,0.1874,0.05,0.0679,0.1383,0.2752,2026-06
CUST1000707,0.2576,0.2706,0.38,0.1816,0.3241,0.3138,2026-06
CUST1000708,0.2083,0.213,0.1756,0.0444,0.4397,0.2801,2026-06
CUST1000709,0.5624,0.5095,0.3469,0.5128,0.2657,0.3995,2026-06
CUST1000710,0.1702,0.4444,0.2943,0.2181,0.3552,0.4418,2026-06
CUST1000711,0.3014,0.5416,0.3632,0.1698,0.3921,0.5477,2026-06
CUST1000712,0.4665,0.3818,0.2775,0.3222,0.5369,0.3662,2026-06
CUST1000713,0.2587,0.5605,0.1827,0.2354,0.2221,0.3697,2026-06
CUST1000714,0.4349,0.4161,0.5434,0.1916,0.5079,0.503,2026-06
CUST1000715,0.3416,0.7079,0.2539,0.1536,0.2322,0.3631,2026-06
CUST1000716,0.4504,0.5215,0.265,0.1913,0.2167,0.4741,2026-06
CUST1000717,0.2418,0.5321,0.495,0.2406,0.5296,0.5366,2026-06
CUST1000718,0.5047,0.5028,0.4252,0.1871,0.2263,0.3906,2026-06
CUST1000719,0.5091,0.6553,0.4142,0.0886,0.1115,0.4536,2026-06
CUST1000720,0.4725,0.3281,0.4113,0.2095,0.4895,0.5281,2026-06
CUST1000721,0.3057,0.4376,0.2336,0.1255,0.4212,0.2752,2026-06
CUST1000722,0.4742,0.5431,0.3737,0.161,0.2838,0.4194,2026-06
CUST1000723,0.3002,0.4547,0.3056,0.1028,0.3332,0.7456,2026-06
CUST1000724,0.3221,0.3067,0.01,0.113,0.4518,0.2693,2026-06
CUST1000725,0.283,0.2258,0.01,0.2252,0.4614,0.2603,2026-06
CUST1000726,0.1539,0.7705,0.3437,0.1351,0.2684,0.4072,2026-06
CUST1000727,0.07290000000000001,0.3222,0.09810000000000001,0.0541,0.4015,0.0356,2026-06
CUST1000728,0.4619,0.5838,0.1078,0.0856,0.262,0.5065,2026-06
CUST1000729,0.5185,0.5795,0.5597,0.2926,0.3616,0.4557,2026-06
CUST1000730,0.4085,0.2662,0.2782,0.2059,0.4076,0.125,2026-06
CUST1000731,0.3551,0.3983,0.5633,0.0292,0.2995,0.5226,2026-06
CUST1000732,0.4875,0.5002,0.278,0.06510000000000001,0.571,0.2338,2026-06
CUST1000733,0.4768,0.619,0.2047,0.06619999999999999,0.2334,0.2467,2026-06
CUST1000734,0.2832,0.589,0.5464,0.1912,0.6558,0.46,2026-06
CUST1000735,0.3963,0.5004,0.4559,0.0142,0.2912,0.439,2026-06
CUST1000736,0.1548,0.3207,0.0775,0.6353,0.367,0.1921,2026-06
CUST1000737,0.5085,0.5800999999999999,0.4685,0.0529,0.3466,0.4551,2026-06
CUST1000738,0.575,0.4284,0.3413,0.1228,0.2661,0.4542,2026-06
CUST1000739,0.4416,0.7164,0.3963,0.1644,0.2188,0.4367,2026-06
CUST1000740,0.2928,0.4273,0.1656,0.1495,0.323,0.2987,2026-06
CUST1000741,0.35,0.2262,0.3064,0.207,0.1675,0.2381,2026-06
CUST1000742,0.4684,0.6497000000000001,0.2078,0.5627,0.2306,0.5501,2026-06
CUST1000743,0.6355,0.2927,0.3642,0.1673,0.4714,0.2555,2026-06
CUST1000744,0.1856,0.2277,0.5188,0.0844,0.383,0.3074,2026-06
CUST1000745,0.2095,0.2525,0.2753,0.1187,0.1503,0.1801,2026-06
CUST1000746,0.5423,0.5776,0.4416,0.07480000000000001,0.2787,0.3886,2026-06
CUST1000747,0.5135999999999999,0.6856,0.6123,0.11,0.26,0.5068,2026-06
CUST1000748,0.3129,0.5077,0.3123,0.2339,0.4384,0.3568,2026-06
CUST1000749,0.3027,0.6294999999999999,0.405,0.2673,0.2785,0.402,2026-06
CUST1000750,0.244,0.5014999999999999,0.1874,0.2529,0.4045,0.4791,2026-06
CUST1000751,0.2641,0.4082,0.5733,0.2097,0.1806,0.2166,2026-06
CUST1000752,0.4665,0.6764,0.1879,0.2112,0.251,0.3368,2026-06
CUST1000753,0.3665,0.3525,0.01,0.6132,0.2805,0.1548,2026-06
CUST1000754,0.5329,0.6222,0.2535,0.2007,0.2644,0.2777,2026-06
CUST1000755,0.2685,0.415,0.5091,0.0614,0.3287,0.6291,2026-06
CUST1000756,0.5089,0.3445,0.3321,0.1164,0.4468,0.4159,2026-06
CUST1000757,0.1601,0.3797,0.4695,0.1569,0.3025,0.5332,2026-06
CUST1000758,0.4454,0.2067,0.015,0.0801,0.3894,0.1732,2026-06
CUST1000759,0.4227,0.6499,0.448,0.2823,0.1789,0.5153,2026-06
CUST1000760,0.198,0.4933,0.1592,0.1945,0.1233,0.4494,2026-06
CUST1000761,0.3823,0.6448,0.2126,0.2302,0.1429,0.388,2026-06
CUST1000762,0.2747,0.5143,0.07779999999999999,0.0964,0.2094,0.2159,2026-06
CUST1000763,0.6409,0.538,0.187,0.1225,0.2874,0.4663,2026-06
CUST1000764,0.5338000000000001,0.4949,0.1967,0.1671,0.42,0.0457,2026-06
CUST1000765,0.241,0.4865,0.2546,0.083,0.4612,0.4123,2026-06
CUST1000766,0.4319,0.5405,0.4933,0.2688,0.3734,0.4194,2026-06
CUST1000767,0.3003,0.4682,0.4395,0.2136,0.3318,0.4191,2026-06
CUST1000768,0.5294,0.1806,0.1753,0.1363,0.5928,0.07049999999999999,2026-06
CUST1000769,0.4324,0.2887,0.3033,0.2395,0.4283,0.2019,2026-06
CUST1000770,0.4871,0.6473,0.3682,0.3338,0.2303,0.4728,2026-06
CUST1000771,0.3758,0.637,0.4877,0.5175,0.2709,0.3048,2026-06
CUST1000772,0.5296,0.3506,0.3334,0.0854,0.2416,0.3645,2026-06
CUST1000773,0.4315,0.6234,0.1117,0.2156,0.3578,0.3458,2026-06
CUST1000774,0.3539,0.355,0.1829,0.1533,0.3502,0.0415,2026-06
CUST1000775,0.3097,0.4456,0.6268,0.1738,0.3243,0.427,2026-06
CUST1000776,0.3433,0.5065,0.316,0.1008,0.3807,0.3682,2026-06
CUST1000777,0.1488,0.3944,0.4142,0.2249,0.4963,0.3751,2026-06
CUST1000778,0.5224,0.5846,0.5392,0.1842,0.5705,0.3601,2026-06
CUST1000779,0.3012,0.5273,0.3437,0.1271,0.4389,0.3492,2026-06
CUST1000780,0.5276,0.6212,0.5561,0.1854,0.4344,0.4447,2026-06
CUST1000781,0.2623,0.2301,0.2056,0.1436,0.4982,0.0271,2026-06
CUST1000782,0.0765,0.466,0.2267,0.2599,0.2087,0.5908,2026-06
CUST1000783,0.2326,0.6526,0.2713,0.1942,0.1554,0.5056,2026-06
CUST1000784,0.0576,0.4251,0.01,0.249,0.412,0.189,2026-06
CUST1000785,0.1108,0.5105,0.5193,0.1311,0.3853,0.3385,2026-06
CUST1000786,0.2719,0.5125999999999999,0.2976,0.0906,0.2953,0.458,2026-06
CUST1000787,0.4508,0.317,0.3252,0.0993,0.3749,0.3966,2026-06
CUST1000788,0.3811,0.4633,0.3462,0.5879,0.3468,0.6757,2026-06
CUST1000789,0.2424,0.2934,0.3922,0.1252,0.3937,0.3832,2026-06
CUST1000790,0.5959,0.5861,0.3903,0.0988,0.4592,0.5524,2026-06
CUST1000791,0.2689,0.5044,0.01,0.6409,0.179,0.01,2026-06
CUST1000792,0.475,0.6471,0.3193,0.4637,0.2454,0.5417999999999999,2026-06
CUST1000793,0.4153,0.6183,0.3013,0.01,0.3633,0.5033,2026-06
CUST1000794,0.2582,0.324,0.3664,0.0601,0.3796,0.3453,2026-06
CUST1000795,0.4417,0.2719,0.2145,0.2142,0.5375,0.3673,2026-06
CUST1000796,0.3456,0.2303,0.4349,0.3724,0.4434,0.5805,2026-06
CUST1000797,0.0406,0.44,0.2782,0.1276,0.3247,0.4313,2026-06
CUST1000798,0.3094,0.3124,0.4633,0.159,0.2658,0.3575,2026-06
CUST1000799,0.3754,0.4351,0.0296,0.061,0.405,0.0554,2026-06
CUST1000800,0.4661,0.5362,0.4321,0.1444,0.6267,0.1992,2026-06
CUST1000801,0.2787,0.3367,0.4506,0.1547,0.2012,0.5407,2026-06
CUST1000802,0.5033,0.6391,0.1828,0.2206,0.2373,0.409,2026-06
CUST1000803,0.5456,0.3143,0.1745,0.4229,0.545,0.3351,2026-06
CUST1000804,0.5192,0.4981,0.3901,0.1919,0.4292,0.5845,2026-06
CUST1000805,0.3669,0.1486,0.1114,0.1193,0.3689,0.1504,2026-06
CUST1000806,0.3009,0.2931,0.3885,0.09470000000000001,0.3296,0.4886,2026-06
CUST1000807,0.253,0.5203,0.3603,0.01,0.4087,0.5574,2026-06
CUST1000808,0.6132,0.644,0.4335,0.2877,0.4211,0.4885,2026-06
CUST1000809,0.3229,0.6912,0.2528,0.2671,0.121,0.3212,2026-06
CUST1000810,0.2358,0.6169,0.4693,0.1416,0.3101,0.4614,2026-06
CUST1000811,0.3738,0.3895,0.4611,0.2465,0.5329,0.4639,2026-06
CUST1000812,0.4183,0.4241,0.4198,0.2316,0.4169,0.2784,2026-06
CUST1000813,0.2528,0.5438,0.3434,0.1283,0.2421,0.5027,2026-06
CUST1000814,0.4451,0.4548,0.2933,0.2816,0.3351,0.402,2026-06
CUST1000815,0.393,0.3743,0.3758,0.1333,0.3265,0.5795,2026-06
CUST1000816,0.3153,0.2183,0.277,0.2495,0.4518,0.1856,2026-06
CUST1000817,0.3666,0.2018,0.3134,0.1464,0.4822,0.1737,2026-06
CUST1000818,0.4529,0.7028,0.1282,0.1018,0.3556,0.6878,2026-06
CUST1000819,0.142,0.01,0.1701,0.2604,0.3532,0.2209,2026-06
CUST1000820,0.4619,0.3583,0.5413,0.1791,0.2258,0.614,2026-06
CUST1000821,0.5053,0.4265,0.4931,0.1444,0.2668,0.3561,2026-06
CUST1000822,0.4165,0.3229,0.2515,0.2684,0.3658,0.1714,2026-06
CUST1000823,0.5651,0.4194,0.44,0.01,0.4373,0.5504,2026-06
CUST1000824,0.3677,0.4311,0.2271,0.1717,0.4776,0.3875,2026-06
CUST1000825,0.4974,0.6278,0.01,0.2466,0.1971,0.1924,2026-06
CUST1000826,0.5957,0.2414,0.292,0.1684,0.1649,0.1514,2026-06
CUST1000827,0.2446,0.1063,0.2648,0.212,0.1484,0.033,2026-06
CUST1000828,0.3289,0.3351,0.3752,0.2249,0.3678,0.2307,2026-06
CUST1000829,0.1763,0.3133,0.0522,0.08550000000000001,0.5799,0.1828,2026-06
CUST1000830,0.5147,0.6815,0.5119,0.094,0.0939,0.5032,2026-06
CUST1000831,0.5417999999999999,0.4774,0.0944,0.1822,0.1518,0.4077,2026-06
CUST1000832,0.3171,0.598,0.2558,0.3215,0.4368,0.4477,2026-06
CUST1000833,0.07920000000000001,0.5153,0.4713,0.1781,0.3411,0.4459,2026-06
CUST1000834,0.3319,0.4591,0.3422,0.2175,0.3563,0.576,2026-06
CUST1000835,0.4202,0.2214,0.2209,0.1528,0.3203,0.1817,2026-06
CUST1000836,0.286,0.5715,0.1177,0.216,0.291,0.2568,2026-06
CUST1000837,0.3647,0.5555,0.3861,0.2628,0.2147,0.2543,2026-06
CUST1000838,0.4538,0.4306,0.4607,0.1169,0.3119,0.54,2026-06
CUST1000839,0.2651,0.5496,0.3991,0.1664,0.2368,0.5517,2026-06
CUST1000840,0.36,0.4331,0.6102,0.1473,0.4796,0.3654,2026-06
CUST1000841,0.4319,0.1329,0.133,0.1927,0.2779,0.2238,2026-06
CUST1000842,0.1727,0.2174,0.3338,0.0659,0.3161,0.0566,2026-06
CUST1000843,0.3733,0.1648,0.3678,0.245,0.3982,0.1396,2026-06
CUST1000844,0.3259,0.4666,0.3653,0.1653,0.207,0.6513,2026-06
CUST1000845,0.1305,0.4202,0.298,0.1116,0.4605,0.481,2026-06
CUST1000846,0.2567,0.2392,0.3405,0.108,0.3271,0.2445,2026-06
CUST1000847,0.291,0.2339,0.3773,0.1117,0.3859,0.1693,2026-06
CUST1000848,0.2378,0.2652,0.5071,0.258,0.4125,0.3392,2026-06
CUST1000849,0.264,0.3747,0.4027,0.293,0.3683,0.4804,2026-06
CUST1000850,0.162,0.7835,0.1496,0.2805,0.3089,0.3573,2026-06
CUST1000851,0.2645,0.4017,0.4039,0.3266,0.3708,0.4876,2026-06
CUST1000852,0.1374,0.4262,0.2666,0.1441,0.3606,0.0593,2026-06
CUST1000853,0.5024999999999999,0.4978,0.2571,0.1132,0.3881,0.5838,2026-06
CUST1000854,0.5079,0.4095,0.3967,0.1798,0.3761,0.4805,2026-06
CUST1000855,0.2162,0.2005,0.01,0.2868,0.3749,0.2531,2026-06
CUST1000856,0.5286,0.4258,0.1491,0.2464,0.3124,0.2113,2026-06
CUST1000857,0.4478,0.2733,0.0747,0.1362,0.4374,0.3326,2026-06
CUST1000858,0.3248,0.4698,0.5188,0.0747,0.363,0.5903,2026-06
CUST1000859,0.4899,0.719,0.4705,0.1475,0.3527,0.4669,2026-06
CUST1000860,0.1661,0.4783,0.1354,0.0555,0.6287,0.3938,2026-06
CUST1000861,0.6276,0.4859,0.3594,0.1254,0.4697,0.2442,2026-06
CUST1000862,0.1327,0.1921,0.01,0.2482,0.3367,0.0683,2026-06
CUST1000863,0.4759,0.3334,0.5369,0.1902,0.3418,0.5447,2026-06
CUST1000864,0.3965,0.3506,0.2726,0.0239,0.4469,0.629,2026-06
CUST1000865,0.5488,0.573,0.076,0.1384,0.2074,0.0405,2026-06
CUST1000866,0.3854,0.441,0.3014,0.07969999999999999,0.4427,0.4195,2026-06
CUST1000867,0.4284,0.5790999999999999,0.3194,0.111,0.276,0.4125,2026-06
CUST1000868,0.3772,0.1614,0.2372,0.1814,0.21,0.0639,2026-06
CUST1000869,0.1584,0.4778,0.4601,0.0606,0.3203,0.5431,2026-06
CUST1000870,0.4677,0.3983,0.01,0.234,0.1131,0.0598,2026-06
CUST1000871,0.482,0.6239,0.379,0.01,0.337,0.4065,2026-06
CUST1000872,0.3176,0.5397,0.4769,0.244,0.2536,0.5426,2026-06
CUST1000873,0.248,0.3069,0.308,0.169,0.52,0.3303,2026-06
CUST1000874,0.2032,0.4339,0.3553,0.2689,0.473,0.4881,2026-06
CUST1000875,0.0999,0.3382,0.4094,0.1882,0.4223,0.3652,2026-06
CUST1000876,0.5131,0.3215,0.3711,0.1928,0.4896,0.1121,2026-06
CUST1000877,0.3752,0.4538,0.2293,0.2781,0.2239,0.4044,2026-06
CUST1000878,0.5028,0.3867,0.4807,0.0463,0.2789,0.337,2026-06
CUST1000879,0.439,0.5253,0.1511,0.1789,0.1553,0.5399,2026-06
CUST1000880,0.4303,0.3859,0.331,0.3682,0.4324,0.1192,2026-06
CUST1000881,0.3077,0.6876,0.1287,0.2605,0.4047,0.3186,2026-06
CUST1000882,0.2027,0.3701,0.4508,0.173,0.3347,0.7027,2026-06
CUST1000883,0.3007,0.5259,0.1896,0.1713,0.2942,0.2775,2026-06
CUST1000884,0.2736,0.4972,0.1196,0.149,0.3478,0.0514,2026-06
CUST1000885,0.3982,0.5689,0.4583,0.2103,0.3719,0.4052,2026-06
CUST1000886,0.369,0.8133,0.2936,0.1262,0.0921,0.1619,2026-06
CUST1000887,0.4064,0.4088,0.3322,0.2669,0.3157,0.2491,2026-06
CUST1000888,0.4233,0.3619,0.5386,0.1637,0.329,0.435,2026-06
CUST1000889,0.1701,0.08649999999999999,0.01,0.1684,0.4523,0.1939,2026-06
CUST1000890,0.607,0.4971,0.2873,0.0738,0.4466,0.0607,2026-06
CUST1000891,0.4057,0.4644,0.2643,0.0591,0.5155999999999999,0.5411,2026-06
CUST1000892,0.4028,0.2877,0.3622,0.1832,0.43,0.1476,2026-06
CUST1000893,0.2404,0.1209,0.5505,0.1354,0.4545,0.5913,2026-06
CUST1000894,0.2433,0.4309,0.1057,0.2579,0.4612,0.5298,2026-06
CUST1000895,0.4612,0.7556,0.2078,0.1529,0.1768,0.4247,2026-06
CUST1000896,0.1469,0.1938,0.2534,0.1993,0.3906,0.1629,2026-06
CUST1000897,0.4652,0.7416,0.5999,0.6016,0.2925,0.2222,2026-06
CUST1000898,0.2631,0.5901,0.1299,0.0911,0.1922,0.4764,2026-06
CUST1000899,0.2546,0.4347,0.4322,0.0924,0.4504,0.4839,2026-06
CUST1000900,0.0985,0.3666,0.1015,0.2107,0.2849,0.1502,2026-06
CUST1000901,0.1587,0.4228,0.0733,0.212,0.5285,0.2952,2026-06
CUST1000902,0.4384,0.5225,0.5228,0.01,0.3424,0.6223,2026-06
CUST1000903,0.1399,0.1987,0.052,0.1902,0.2024,0.1623,2026-06
CUST1000904,0.44,0.5491,0.4476,0.5026,0.3153,0.5834,2026-06
CUST1000905,0.3744,0.4756,0.4485,0.0459,0.5227000000000001,0.2456,2026-06
CUST1000906,0.3554,0.7239,0.2284,0.1315,0.2548,0.3416,2026-06
CUST1000907,0.234,0.2745,0.0649,0.2366,0.2437,0.1166,2026-06
CUST1000908,0.262,0.1073,0.3122,0.6173999999999999,0.3073,0.0856,2026-06
CUST1000909,0.4064,0.4469,0.4901,0.271,0.258,0.4168,2026-06
CUST1000910,0.5077,0.463,0.2666,0.215,0.3634,0.403,2026-06
CUST1000911,0.2158,0.3953,0.7235,0.2441,0.3701,0.6402,2026-06
CUST1000912,0.5273,0.7893,0.1853,0.1104,0.3262,0.5008,2026-06
CUST1000913,0.2541,0.3728,0.2246,0.1609,0.4823,0.3782,2026-06
CUST1000914,0.3674,0.3993,0.3522,0.1743,0.3767,0.3906,2026-06
CUST1000915,0.5026,0.5288,0.3425,0.2085,0.2914,0.5641,2026-06
CUST1000916,0.3517,0.0492,0.1446,0.22,0.3407,0.3776,2026-06
CUST1000917,0.4847,0.6856,0.2353,0.23,0.2325,0.4784,2026-06
CUST1000918,0.2775,0.2442,0.1444,0.1817,0.3155,0.1594,2026-06
CUST1000919,0.503,0.587,0.3232,0.2847,0.4342,0.4273,2026-06
CUST1000920,0.3637,0.5493,0.0798,0.2622,0.2589,0.159,2026-06
CUST1000921,0.3513,0.3692,0.3421,0.2342,0.4679,0.3857,2026-06
CUST1000922,0.1696,0.2866,0.2676,0.2624,0.3908,0.146,2026-06
CUST1000923,0.3914,0.4696,0.1626,0.1248,0.4083,0.3094,2026-06
CUST1000924,0.3141,0.3899,0.5928,0.1768,0.3544,0.3839,2026-06
CUST1000925,0.2864,0.3912,0.4495,0.1514,0.5562,0.4243,2026-06
CUST1000926,0.412,0.5565,0.2917,0.1467,0.4378,0.3322,2026-06
CUST1000927,0.3069,0.1668,0.3561,0.1596,0.2499,0.0261,2026-06
CUST1000928,0.3831,0.4848,0.5868,0.2232,0.3091,0.3613,2026-06
CUST1000929,0.3883,0.6147,0.2159,0.2957,0.3257,0.307,2026-06
CUST1000930,0.2505,0.3308,0.2733,0.1389,0.6021,0.2608,2026-06
CUST1000931,0.214,0.2055,0.2394,0.1494,0.1107,0.1355,2026-06
CUST1000932,0.1023,0.3868,0.017,0.295,0.2625,0.1067,2026-06
CUST1000933,0.3748,0.3908,0.3966,0.1036,0.429,0.458,2026-06
CUST1000934,0.4818,0.5679999999999999,0.01,0.367,0.2488,0.4014,2026-06
CUST1000935,0.5247000000000001,0.5323,0.4003,0.1084,0.3777,0.8124,2026-06
CUST1000936,0.2587,0.4743,0.0531,0.2104,0.2269,0.1494,2026-06
CUST1000937,0.2653,0.6846,0.5869,0.0447,0.3473,0.5548999999999999,2026-06
CUST1000938,0.4696,0.3868,0.501,0.2321,0.4745,0.6258,2026-06
CUST1000939,0.2962,0.2875,0.2702,0.3813,0.277,0.0516,2026-06
CUST1000940,0.4217,0.2879,0.139,0.2405,0.4513,0.0394,2026-06
CUST1000941,0.654,0.574,0.4523,0.2173,0.2841,0.3394,2026-06
CUST1000942,0.4953,0.7045,0.3715,0.101,0.42,0.4743,2026-06
CUST1000943,0.3858,0.2707,0.4767,0.01,0.4262,0.6421,2026-06
CUST1000944,0.6256,0.4177,0.4789,0.1451,0.5754,0.3203,2026-06
CUST1000945,0.4126,0.6254,0.3533,0.1913,0.2811,0.263,2026-06
CUST1000946,0.4884,0.2139,0.2202,0.1572,0.4313,0.2014,2026-06
CUST1000947,0.531,0.5666,0.3602,0.2331,0.3417,0.3897,2026-06
CUST1000948,0.0983,0.1676,0.01,0.0774,0.4693,0.0568,2026-06
CUST1000949,0.4281,0.4704,0.445,0.0833,0.1608,0.6938,2026-06
CUST1000950,0.4256,0.4432,0.2213,0.1641,0.4014,0.4139,2026-06
CUST1000951,0.4499,0.5815,0.0798,0.139,0.3555,0.4635,2026-06
CUST1000952,0.4882,0.5141,0.342,0.1247,0.3243,0.4536,2026-06
CUST1000953,0.5345,0.4363,0.3232,0.6825,0.3047,0.1787,2026-06
CUST1000954,0.414,0.4446,0.4111,0.033,0.2405,0.6502,2026-06
CUST1000955,0.3355,0.1826,0.3693,0.1344,0.3043,0.01,2026-06
CUST1000956,0.4055,0.4775,0.4455,0.1832,0.3635,0.6935,2026-06
CUST1000957,0.5818,0.3464,0.0133,0.1899,0.4027,0.1718,2026-06
CUST1000958,0.2444,0.0674,0.1305,0.0426,0.3589,0.0191,2026-06
CUST1000959,0.3815,0.321,0.0348,0.1498,0.4301,0.1037,2026-06
CUST1000960,0.5359,0.4339,0.4656,0.1748,0.3912,0.279,2026-06
CUST1000961,0.2817,0.6052,0.1548,0.2495,0.2686,0.5164,2026-06
CUST1000962,0.24,0.061,0.3599,0.1568,0.5845,0.132,2026-06
CUST1000963,0.2691,0.1903,0.045,0.16,0.1833,0.0716,2026-06
CUST1000964,0.5618,0.6018,0.2078,0.2287,0.0853,0.4164,2026-06
CUST1000965,0.2258,0.2187,0.2323,0.1499,0.4561,0.2521,2026-06
CUST1000966,0.1329,0.5027,0.3461,0.1207,0.4267,0.3758,2026-06
CUST1000967,0.387,0.4298,0.5547,0.1974,0.3047,0.1451,2026-06
CUST1000968,0.4077,0.3136,0.573,0.1656,0.4825,0.3687,2026-06
CUST1000969,0.3222,0.5505,0.1662,0.2058,0.4093,0.3872,2026-06
CUST1000970,0.2085,0.3275,0.2261,0.1114,0.4123,0.2186,2026-06
CUST1000971,0.2057,0.6036,0.0477,0.3402,0.179,0.4445,2026-06
CUST1000972,0.09810000000000001,0.2635,0.4318,0.3041,0.2803,0.6028,2026-06
CUST1000973,0.4515,0.4251,0.6122,0.2298,0.4264,0.5551,2026-06
CUST1000974,0.3239,0.5374,0.3719,0.2316,0.489,0.5205,2026-06
CUST1000975,0.4156,0.4101,0.2116,0.6122,0.2164,0.2521,2026-06
CUST1000976,0.5056,0.4276,0.3693,0.09379999999999999,0.1115,0.5404,2026-06
CUST1000977,0.4455,0.3818,0.243,0.2054,0.3269,0.3104,2026-06
CUST1000978,0.37,0.2961,0.1969,0.3471,0.3385,0.1601,2026-06
CUST1000979,0.2763,0.4835,0.01,0.287,0.3264,0.1863,2026-06
CUST1000980,0.504,0.3438,0.3268,0.1354,0.3274,0.0963,2026-06
CUST1000981,0.4652,0.4014,0.3699,0.657,0.4113,0.265,2026-06
CUST1000982,0.1827,0.4714,0.3459,0.2504,0.3691,0.2357,2026-06
CUST1000983,0.5182,0.5029,0.3755,0.1599,0.3786,0.5831,2026-06
CUST1000984,0.5119,0.569,0.3928,0.1058,0.4876,0.3096,2026-06
CUST1000985,0.3332,0.6545,0.3796,0.2145,0.3544,0.6492,2026-06
CUST1000986,0.1586,0.5385,0.091,0.2864,0.3818,0.2054,2026-06
CUST1000987,0.4431,0.699,0.1738,0.3017,0.2255,0.5098,2026-06
CUST1000988,0.4359,0.2849,0.378,0.6337,0.3718,0.2269,2026-06
CUST1000989,0.0885,0.6722,0.1974,0.0824,0.2534,0.5266999999999999,2026-06
CUST1000990,0.5155999999999999,0.3399,0.5031,0.3244,0.4245,0.5643,2026-06
CUST1000991,0.1481,0.2344,0.1362,0.1184,0.3383,0.0505,2026-06
CUST1000992,0.6572,0.4134,0.3172,0.1364,0.3199,0.12,2026-06
CUST1000993,0.413,0.4296,0.1052,0.195,0.1486,0.3985,2026-06
CUST1000994,0.2684,0.4561,0.2704,0.2597,0.225,0.2876,2026-06
CUST1000995,0.2834,0.4479,0.5548999999999999,0.1113,0.3323,0.3929,2026-06
CUST1000996,0.0788,0.208,0.2202,0.1242,0.3343,0.1518,2026-06
CUST1000997,0.4232,0.3577,0.2021,0.014,0.4037,0.2871,2026-06
CUST1000998,0.1587,0.1365,0.01,0.7088,0.1382,0.01,2026-06
CUST1000999,0.34,0.3902,0.5474,0.1541,0.3447,0.5738,2026-06
CUST1001000,0.4786,0.3452,0.0601,0.251,0.2503,0.3253,2026-06
CUST1001001,0.2568,0.663,0.2668,0.1657,0.3257,0.3394,2026-06
CUST1001002,0.4067,0.4851,0.3001,0.1216,0.3606,0.5217000000000001,2026-06
CUST1001003,0.3878,0.4376,0.2486,0.265,0.3485,0.5508999999999999,2026-06
CUST1001004,0.3856,0.1215,0.01,0.0448,0.489,0.2852,2026-06
CUST1001005,0.147,0.07480000000000001,0.0119,0.07679999999999999,0.4092,0.1114,2026-06
CUST1001006,0.4356,0.3423,0.2346,0.2017,0.2446,0.4137,2026-06
CUST1001007,0.4474,0.5610000000000001,0.3167,0.2537,0.3393,0.4146,2026-06
CUST1001008,0.1591,0.3993,0.3065,0.01,0.2959,0.4715,2026-06
CUST1001009,0.575,0.5286,0.3486,0.1485,0.4427,0.3709,2026-06
CUST1001010,0.4154,0.525,0.4859,0.1564,0.3776,0.2886,2026-06
CUST1001011,0.3245,0.4551,0.01,0.2759,0.2582,0.2122,2026-06
CUST1001012,0.0506,0.1781,0.319,0.5721000000000001,0.2951,0.1072,2026-06
CUST1001013,0.4097,0.4991,0.2098,0.2126,0.1668,0.1012,2026-06
CUST1001014,0.4847,0.5776,0.4607,0.3386,0.3806,0.5783,2026-06
CUST1001015,0.116,0.0746,0.3062,0.2254,0.291,0.0965,2026-06
CUST1001016,0.3004,0.1236,0.1838,0.08119999999999999,0.3838,0.1299,2026-06
CUST1001017,0.3293,0.3882,0.2976,0.3273,0.2155,0.1295,2026-06
CUST1001018,0.4154,0.6104000000000001,0.01,0.2968,0.2757,0.3173,2026-06
CUST1001019,0.4593,0.6836,0.2949,0.1854,0.2266,0.5353,2026-06
CUST1001020,0.582,0.1495,0.2622,0.6515,0.2684,0.2188,2026-06
CUST1001021,0.4083,0.4548,0.3679,0.1148,0.3951,0.726,2026-06
CUST1001022,0.4764,0.6358,0.2208,0.2181,0.2306,0.4229,2026-06
CUST1001023,0.478,0.4631,0.1469,0.1002,0.5318000000000001,0.3808,2026-06
CUST1001024,0.2308,0.3763,0.4343,0.1574,0.2079,0.3166,2026-06
CUST1001025,0.2403,0.4026,0.01,0.5286999999999999,0.1897,0.1482,2026-06
CUST1001026,0.5019,0.3501,0.3599,0.0494,0.2504,0.3983,2026-06
CUST1001027,0.6082,0.6051,0.3891,0.2488,0.2297,0.5368000000000001,2026-06
CUST1001028,0.4161,0.4381,0.2852,0.2495,0.267,0.1558,2026-06
CUST1001029,0.4399,0.46,0.0631,0.247,0.2598,0.1322,2026-06
CUST1001030,0.4346,0.5262,0.3373,0.1513,0.5179,0.4829,2026-06
CUST1001031,0.143,0.3792,0.2727,0.1681,0.2479,0.4881,2026-06
CUST1001032,0.3764,0.1432,0.1968,0.1932,0.4746,0.1508,2026-06
CUST1001033,0.2739,0.4725,0.2283,0.2953,0.3206,0.5207000000000001,2026-06
CUST1001034,0.4567,0.6536,0.6243,0.2751,0.3491,0.504,2026-06
CUST1001035,0.4161,0.5795,0.5667,0.1758,0.3549,0.4624,2026-06
CUST1001036,0.2209,0.1989,0.1547,0.07820000000000001,0.2209,0.1342,2026-06
CUST1001037,0.1898,0.2157,0.4915,0.1367,0.3286,0.4003,2026-06
CUST1001038,0.1613,0.2769,0.2322,0.2638,0.6005,0.4175,2026-06
CUST1001039,0.3903,0.601,0.4971,0.1602,0.2442,0.3808,2026-06
CUST1001040,0.2784,0.2824,0.3379,0.1102,0.2154,0.1995,2026-06
CUST1001041,0.4603,0.442,0.01,0.1666,0.2441,0.1224,2026-06
CUST1001042,0.1687,0.4038,0.443,0.1456,0.3427,0.5648,2026-06
CUST1001043,0.2129,0.6866,0.2931,0.14,0.1781,0.3404,2026-06
CUST1001044,0.377,0.4058,0.0464,0.3355,0.2932,0.3662,2026-06
CUST1001045,0.2812,0.2343,0.2534,0.1367,0.258,0.2418,2026-06
CUST1001046,0.4097,0.5984,0.3673,0.1226,0.1578,0.4384,2026-06
CUST1001047,0.2662,0.4551,0.4229,0.2308,0.2691,0.1847,2026-06
CUST1001048,0.2924,0.5773,0.1769,0.2813,0.6263,0.4998,2026-06
CUST1001049,0.2213,0.5474,0.3423,0.2068,0.1329,0.3725,2026-06
CUST1001050,0.5584,0.6446,0.2456,0.01,0.4081,0.2359,2026-06
CUST1001051,0.0164,0.6793,0.1407,0.1022,0.2545,0.4605,2026-06
CUST1001052,0.243,0.4639,0.2145,0.4369,0.2142,0.1199,2026-06
CUST1001053,0.2971,0.0934,0.2459,0.1828,0.3813,0.1197,2026-06
CUST1001054,0.3378,0.4827,0.4511,0.1913,0.2979,0.4339,2026-06
CUST1001055,0.1025,0.1729,0.01,0.3181,0.2043,0.062,2026-06
CUST1001056,0.2448,0.2737,0.3253,0.1397,0.418,0.2768,2026-06
CUST1001057,0.1264,0.4461,0.3244,0.1714,0.2481,0.6544,2026-06
CUST1001058,0.4662,0.6697,0.5393,0.2663,0.3608,0.5396,2026-06
CUST1001059,0.4612,0.5695,0.3694,0.3842,0.4945,0.3511,2026-06
CUST1001060,0.2662,0.3024,0.01,0.1571,0.6874,0.09859999999999999,2026-06
CUST1001061,0.0574,0.2434,0.01,0.1711,0.3354,0.2358,2026-06
CUST1001062,0.5421,0.3696,0.3527,0.1575,0.6922,0.3185,2026-06
CUST1001063,0.01,0.1927,0.172,0.2906,0.2663,0.1075,2026-06
CUST1001064,0.428,0.5693,0.3256,0.1811,0.2376,0.4036,2026-06
CUST1001065,0.0622,0.2052,0.0291,0.017,0.4402,0.1224,2026-06
CUST1001066,0.3954,0.6601,0.2051,0.1673,0.1352,0.317,2026-06
CUST1001067,0.3548,0.4987,0.4869,0.2375,0.3649,0.3164,2026-06
CUST1001068,0.5563,0.3742,0.4002,0.2195,0.31,0.5487,2026-06
CUST1001069,0.5083,0.1553,0.01,0.0951,0.3366,0.1616,2026-06
CUST1001070,0.2024,0.5684,0.1496,0.1665,0.4459,0.4477,2026-06
CUST1001071,0.2916,0.4672,0.3269,0.2266,0.3569,0.2761,2026-06
CUST1001072,0.0772,0.4347,0.3241,0.4878,0.2832,0.4049,2026-06
CUST1001073,0.1775,0.4577,0.2918,0.2403,0.3231,0.5763,2026-06
CUST1001074,0.4274,0.3973,0.3712,0.1382,0.2729,0.3543,2026-06
CUST1001075,0.3128,0.5125999999999999,0.1927,0.1937,0.3659,0.351,2026-06
CUST1001076,0.4477,0.3583,0.2751,0.1586,0.305,0.6162,2026-06
CUST1001077,0.2467,0.3402,0.3642,0.2865,0.2686,0.3341,2026-06
CUST1001078,0.3408,0.2612,0.3331,0.1558,0.5593,0.4775,2026-06
CUST1001079,0.5767,0.6805,0.2394,0.0944,0.1938,0.2535,2026-06
CUST1001080,0.2885,0.2534,0.3779,0.0751,0.38,0.2125,2026-06
CUST1001081,0.2884,0.4863,0.2857,0.01,0.3325,0.3148,2026-06
CUST1001082,0.3451,0.6743,0.0592,0.2294,0.196,0.315,2026-06
CUST1001083,0.01,0.7060999999999999,0.2578,0.2494,0.2986,0.4658,2026-06
CUST1001084,0.3672,0.4639,0.4036,0.126,0.4023,0.3931,2026-06
CUST1001085,0.1641,0.4464,0.01,0.3169,0.5715,0.2224,2026-06
CUST1001086,0.364,0.4462,0.26,0.1463,0.2848,0.5219,2026-06
CUST1001087,0.3275,0.4513,0.1764,0.2147,0.0572,0.01,2026-06
CUST1001088,0.4151,0.6261,0.4707,0.122,0.3541,0.5706,2026-06
CUST1001089,0.478,0.6687,0.2377,0.3062,0.2677,0.4075,2026-06
CUST1001090,0.3146,0.4792,0.2539,0.2404,0.3832,0.5854,2026-06
CUST1001091,0.4916,0.5409,0.615,0.2691,0.5828,0.3892,2026-06
CUST1001092,0.2539,0.6394,0.2881,0.2434,0.3904,0.4861,2026-06
CUST1001093,0.3035,0.381,0.4608,0.0668,0.3169,0.5098,2026-06
CUST1001094,0.2538,0.6232,0.1211,0.3095,0.303,0.2558,2026-06
CUST1001095,0.2729,0.3851,0.6075,0.133,0.4212,0.4386,2026-06
CUST1001096,0.2752,0.3588,0.351,0.1644,0.3577,0.4358,2026-06
CUST1001097,0.1312,0.3472,0.01,0.2274,0.3275,0.1245,2026-06
CUST1001098,0.2944,0.4813,0.4103,0.0726,0.1102,0.431,2026-06
CUST1001099,0.3932,0.3721,0.1341,0.0956,0.2331,0.1047,2026-06
CUST1001100,0.2457,0.2381,0.2373,0.2603,0.3101,0.2129,2026-06
CUST1001101,0.395,0.3971,0.2289,0.2798,0.2791,0.0149,2026-06
CUST1001102,0.2742,0.3748,0.2559,0.1975,0.3356,0.3912,2026-06
CUST1001103,0.2696,0.1393,0.2846,0.119,0.4823,0.1934,2026-06
CUST1001104,0.4578,0.4949,0.4153,0.2126,0.4217,0.4243,2026-06
CUST1001105,0.2935,0.4717,0.2874,0.2475,0.4144,0.4868,2026-06
CUST1001106,0.4601,0.7017,0.2775,0.1809,0.118,0.4718,2026-06
CUST1001107,0.3299,0.4957,0.4474,0.1769,0.2087,0.4388,2026-06
CUST1001108,0.4402,0.2072,0.1328,0.166,0.4343,0.153,2026-06
CUST1001109,0.1866,0.6556999999999999,0.0842,0.3476,0.3326,0.2535,2026-06
CUST1001110,0.1954,0.3739,0.4081,0.2334,0.317,0.4287,2026-06
CUST1001111,0.5175999999999999,0.3767,0.3453,0.2468,0.6349,0.3666,2026-06
CUST1001112,0.3627,0.7498,0.3976,0.1656,0.2562,0.5295,2026-06
CUST1001113,0.5179,0.4523,0.3134,0.1633,0.4651,0.7123,2026-06
CUST1001114,0.4334,0.4994,0.5261,0.2269,0.1629,0.4192,2026-06
CUST1001115,0.2964,0.2977,0.01,0.0441,0.292,0.237,2026-06
CUST1001116,0.1459,0.5205,0.4695,0.0435,0.2919,0.4513,2026-06
CUST1001117,0.2809,0.3873,0.4216,0.09669999999999999,0.3495,0.3313,2026-06
CUST1001118,0.1992,0.6221,0.1734,0.2195,0.5394,0.3706,2026-06
CUST1001119,0.6865,0.6419,0.2394,0.4744,0.2088,0.4014,2026-06
CUST1001120,0.3232,0.753,0.07870000000000001,0.1915,0.2759,0.6415,2026-06
CUST1001121,0.2989,0.2232,0.01,0.3224,0.4614,0.08690000000000001,2026-06
CUST1001122,0.1973,0.423,0.3977,0.592,0.4427,0.4781,2026-06
CUST1001123,0.3718,0.4145,0.4437,0.308,0.2745,0.5794,2026-06
CUST1001124,0.2826,0.3706,0.3416,0.1325,0.3101,0.3216,2026-06
CUST1001125,0.3229,0.0809,0.2766,0.2237,0.3708,0.1613,2026-06
CUST1001126,0.3345,0.3517,0.3003,0.2258,0.315,0.314,2026-06
CUST1001127,0.6096,0.4419,0.4446,0.2088,0.3958,0.4479,2026-06
CUST1001128,0.387,0.3775,0.4316,0.2662,0.2656,0.2871,2026-06
CUST1001129,0.3741,0.4923,0.3652,0.1878,0.3364,0.4361,2026-06
CUST1001130,0.3727,0.5306999999999999,0.4151,0.1154,0.3486,0.4163,2026-06
CUST1001131,0.457,0.4247,0.4224,0.0843,0.5852000000000001,0.2255,2026-06
CUST1001132,0.4229,0.8671,0.3295,0.1129,0.2527,0.803,2026-06
CUST1001133,0.316,0.1516,0.2251,0.0396,0.2864,0.3874,2026-06
CUST1001134,0.5135,0.3558,0.2029,0.156,0.3587,0.09660000000000001,2026-06
CUST1001135,0.1602,0.4845,0.3659,0.238,0.3102,0.3167,2026-06
CUST1001136,0.5479000000000001,0.2926,0.2902,0.5867,0.2616,0.1805,2026-06
CUST1001137,0.2469,0.6843,0.4275,0.236,0.2998,0.2279,2026-06
CUST1001138,0.5124,0.5185,0.4543,0.2756,0.3737,0.5847,2026-06
CUST1001139,0.5152,0.1976,0.0182,0.2123,0.2854,0.109,2026-06
CUST1001140,0.2218,0.3453,0.3308,0.322,0.2999,0.401,2026-06
CUST1001141,0.3523,0.4933,0.2199,0.0762,0.1199,0.421,2026-06
CUST1001142,0.3143,0.1433,0.3064,0.3098,0.3052,0.1761,2026-06
CUST1001143,0.3157,0.4112,0.1749,0.2995,0.3731,0.1911,2026-06
CUST1001144,0.3363,0.4183,0.4494,0.2486,0.42,0.3081,2026-06
CUST1001145,0.1864,0.0885,0.0346,0.5228,0.4545,0.01,2026-06
CUST1001146,0.2935,0.2802,0.0485,0.184,0.1125,0.1816,2026-06
CUST1001147,0.5369,0.4503,0.4977,0.2447,0.4472,0.4934,2026-06
CUST1001148,0.4564,0.5563,0.01,0.1248,0.2871,0.1857,2026-06
CUST1001149,0.4026,0.5407,0.5750999999999999,0.1175,0.2582,0.2997,2026-06
CUST1001150,0.2629,0.2172,0.1253,0.1066,0.3525,0.107,2026-06
CUST1001151,0.2932,0.4005,0.2783,0.1389,0.3623,0.4447,2026-06
CUST1001152,0.5072,0.6014,0.2528,0.1762,0.2056,0.4723,2026-06
CUST1001153,0.493,0.4513,0.2731,0.0279,0.4563,0.3739,2026-06
CUST1001154,0.0733,0.5561,0.1115,0.5499000000000001,0.2821,0.42,2026-06
CUST1001155,0.3354,0.6609,0.5609,0.1458,0.6207,0.4534,2026-06
CUST1001156,0.5915,0.4078,0.5054,0.0914,0.6718,0.5555,2026-06
CUST1001157,0.5504,0.309,0.2885,0.2329,0.4726,0.1502,2026-06
CUST1001158,0.1426,0.3701,0.1797,0.2462,0.3224,0.0448,2026-06
CUST1001159,0.13,0.3842,0.3017,0.2724,0.3015,0.6627,2026-06
CUST1001160,0.3366,0.5523,0.3848,0.2266,0.3272,0.2494,2026-06
CUST1001161,0.4817,0.3069,0.1365,0.1118,0.5735,0.1949,2026-06
CUST1001162,0.5975,0.5266999999999999,0.1267,0.4364,0.2888,0.2767,2026-06
CUST1001163,0.3446,0.178,0.2821,0.6193,0.196,0.1854,2026-06
CUST1001164,0.316,0.2444,0.224,0.2407,0.3261,0.3809,2026-06
CUST1001165,0.4208,0.79,0.4454,0.1307,0.2557,0.4588,2026-06
CUST1001166,0.1846,0.4245,0.2595,0.4465,0.2415,0.2315,2026-06
CUST1001167,0.1004,0.7456,0.1154,0.2517,0.2421,0.2928,2026-06
CUST1001168,0.5006,0.5293,0.4982,0.1313,0.6381,0.3666,2026-06
CUST1001169,0.3304,0.4274,0.5192,0.0674,0.3247,0.3857,2026-06
CUST1001170,0.2587,0.7629,0.01,0.233,0.2227,0.4451,2026-06
CUST1001171,0.532,0.5309,0.4337,0.5049,0.0307,0.2686,2026-06
CUST1001172,0.4849,0.4425,0.3221,0.095,0.7387,0.4661,2026-06
CUST1001173,0.4673,0.4438,0.3392,0.1156,0.3123,0.5256,2026-06
CUST1001174,0.5775,0.3709,0.1964,0.1163,0.2619,0.01,2026-06
CUST1001175,0.4466,0.4041,0.3696,0.2702,0.3728,0.5499000000000001,2026-06
CUST1001176,0.2566,0.6506999999999999,0.1993,0.2978,0.4307,0.5473,2026-06
CUST1001177,0.3738,0.2258,0.3618,0.0859,0.2996,0.1953,2026-06
CUST1001178,0.5618,0.4095,0.2136,0.1372,0.5636,0.2433,2026-06
CUST1001179,0.4595,0.6439,0.2812,0.01,0.1948,0.3813,2026-06
CUST1001180,0.4063,0.6522,0.4633,0.06320000000000001,0.3064,0.6437,2026-06
CUST1001181,0.471,0.6476,0.1544,0.2142,0.4813,0.3382,2026-06
CUST1001182,0.4549,0.5364,0.2487,0.2669,0.3647,0.1302,2026-06
CUST1001183,0.2809,0.4264,0.2003,0.196,0.2525,0.1937,2026-06
CUST1001184,0.337,0.4929,0.5258,0.0987,0.2217,0.579,2026-06
CUST1001185,0.0738,0.4309,0.1813,0.1082,0.3586,0.3261,2026-06
CUST1001186,0.1979,0.1969,0.1297,0.3075,0.1388,0.0926,2026-06
CUST1001187,0.391,0.4775,0.5447,0.2812,0.376,0.5321,2026-06
CUST1001188,0.5385,0.3761,0.4231,0.1207,0.2768,0.4977,2026-06
CUST1001189,0.5677,0.6775,0.3544,0.1709,0.1738,0.1759,2026-06
CUST1001190,0.2834,0.6121,0.1719,0.1419,0.2511,0.3868,2026-06
CUST1001191,0.3876,0.439,0.0643,0.6971000000000001,0.334,0.0334,2026-06
CUST1001192,0.4005,0.3561,0.1951,0.1841,0.1939,0.5278,2026-06
CUST1001193,0.4864,0.5449000000000001,0.3896,0.1023,0.2864,0.6002,2026-06
CUST1001194,0.3089,0.5245,0.3686,0.1443,0.2779,0.4658,2026-06
CUST1001195,0.3954,0.4688,0.4695,0.2208,0.5896,0.3016,2026-06
CUST1001196,0.5284,0.6444,0.3783,0.3972,0.2694,0.3029,2026-06
CUST1001197,0.2239,0.3831,0.2096,0.2808,0.3587,0.01,2026-06
CUST1001198,0.3105,0.8431,0.2226,0.1894,0.2911,0.5148,2026-06
CUST1001199,0.4943,0.3589,0.4227,0.0585,0.3063,0.7564,2026-06
CUST1001200,0.5392,0.42,0.427,0.0465,0.3396,0.6199,2026-06
CUST1001201,0.01,0.5175,0.4199,0.2015,0.2117,0.5543,2026-06
CUST1001202,0.1855,0.7022,0.3954,0.0803,0.2264,0.5135999999999999,2026-06
CUST1001203,0.5181,0.4065,0.3017,0.1493,0.4039,0.3616,2026-06
CUST1001204,0.2095,0.0893,0.197,0.1653,0.2578,0.129,2026-06
CUST1001205,0.2112,0.4526,0.2593,0.3001,0.2944,0.5688,2026-06
CUST1001206,0.2456,0.4041,0.01,0.2195,0.2986,0.0382,2026-06
CUST1001207,0.3429,0.1408,0.2361,0.2451,0.4476,0.2879,2026-06
CUST1001208,0.42,0.3649,0.3325,0.1634,0.3334,0.3148,2026-06
CUST1001209,0.3455,0.4582,0.1642,0.2518,0.1905,0.1062,2026-06
CUST1001210,0.3118,0.3087,0.426,0.2257,0.4319,0.4883,2026-06
CUST1001211,0.3707,0.5484,0.3803,0.1502,0.2049,0.7369,2026-06
CUST1001212,0.4351,0.2965,0.4375,0.1027,0.5845,0.1847,2026-06
CUST1001213,0.4453,0.4813,0.3902,0.231,0.3003,0.5404,2026-06
CUST1001214,0.2602,0.8208,0.1151,0.1797,0.2552,0.4932,2026-06
CUST1001215,0.4666,0.6286,0.4463,0.2362,0.1142,0.2038,2026-06
CUST1001216,0.1901,0.3273,0.251,0.1024,0.1321,0.07049999999999999,2026-06
CUST1001217,0.4288,0.487,0.3997,0.01,0.3192,0.3404,2026-06
CUST1001218,0.3918,0.3827,0.51,0.2455,0.3788,0.2069,2026-06
CUST1001219,0.4704,0.4873,0.5587,0.0462,0.4493,0.7153,2026-06
CUST1001220,0.3228,0.1548,0.3444,0.2659,0.1764,0.09909999999999999,2026-06
CUST1001221,0.5374,0.3824,0.4706,0.0247,0.4047,0.2701,2026-06
CUST1001222,0.2614,0.4092,0.4895,0.1555,0.3351,0.5353,2026-06
CUST1001223,0.2442,0.3573,0.3549,0.1402,0.1498,0.1244,2026-06
CUST1001224,0.1138,0.5655,0.3882,0.2754,0.3168,0.4971,2026-06
CUST1001225,0.4721,0.4322,0.3462,0.09959999999999999,0.6024,0.4428,2026-06
CUST1001226,0.3969,0.4713,0.2971,0.1785,0.2895,0.4596,2026-06
CUST1001227,0.3323,0.6302,0.3163,0.01,0.1522,0.5554,2026-06
CUST1001228,0.5296,0.3395,0.3845,0.3023,0.4709,0.3161,2026-06
CUST1001229,0.4755,0.3265,0.41,0.1471,0.2189,0.5064,2026-06
CUST1001230,0.2603,0.2163,0.01,0.1661,0.6101,0.2385,2026-06
CUST1001231,0.5256,0.286,0.2876,0.1136,0.2018,0.3569,2026-06
CUST1001232,0.1832,0.4812,0.3675,0.2584,0.4199,0.7347,2026-06
CUST1001233,0.3711,0.4365,0.325,0.2195,0.2504,0.1694,2026-06
CUST1001234,0.2993,0.1689,0.4202,0.0547,0.2827,0.5558999999999999,2026-06
CUST1001235,0.4341,0.3657,0.2004,0.2171,0.3735,0.3222,2026-06
CUST1001236,0.4891,0.644,0.1029,0.6008,0.1493,0.4016,2026-06
CUST1001237,0.4363,0.1324,0.2161,0.2581,0.2989,0.0537,2026-06
CUST1001238,0.4132,0.6011,0.3194,0.4035,0.1548,0.0172,2026-06
CUST1001239,0.2568,0.2062,0.2747,0.1365,0.4989,0.1803,2026-06
CUST1001240,0.4672,0.5846,0.5051,0.2342,0.4337,0.3648,2026-06
CUST1001241,0.3507,0.6851,0.2561,0.26,0.3776,0.5629999999999999,2026-06
CUST1001242,0.4646,0.7094,0.3513,0.1559,0.2558,0.37,2026-06
CUST1001243,0.204,0.4451,0.275,0.1633,0.5124,0.6831,2026-06
CUST1001244,0.2978,0.0393,0.2966,0.0742,0.4024,0.1781,2026-06
CUST1001245,0.3229,0.4862,0.5098,0.233,0.1147,0.5565,2026-06
CUST1001246,0.3857,0.6919,0.4568,0.1589,0.4489,0.4225,2026-06
CUST1001247,0.2709,0.3989,0.0154,0.1775,0.1765,0.2258,2026-06
CUST1001248,0.3403,0.6786,0.1106,0.2882,0.338,0.2088,2026-06
CUST1001249,0.2814,0.5122,0.3759,0.1431,0.1083,0.7047,2026-06
CUST1001250,0.4554,0.5596,0.09180000000000001,0.1813,0.3168,0.0852,2026-06
CUST1001251,0.1617,0.1453,0.1874,0.2709,0.374,0.3015,2026-06
CUST1001252,0.2006,0.4937,0.4869,0.2287,0.4465,0.3951,2026-06
CUST1001253,0.4932,0.4856,0.4246,0.1892,0.4635,0.4747,2026-06
CUST1001254,0.2509,0.1353,0.3463,0.167,0.5189,0.2353,2026-06
CUST1001255,0.5286,0.6756,0.1444,0.1481,0.3115,0.2875,2026-06
CUST1001256,0.1512,0.4256,0.3154,0.6474,0.4398,0.2703,2026-06
CUST1001257,0.2577,0.5818,0.2469,0.1715,0.2802,0.2713,2026-06
CUST1001258,0.182,0.5603,0.1383,0.6574,0.1291,0.5697,2026-06
CUST1001259,0.2193,0.4851,0.4008,0.262,0.258,0.2946,2026-06
CUST1001260,0.2923,0.4187,0.1461,0.1877,0.2565,0.3767,2026-06
CUST1001261,0.1475,0.0849,0.0592,0.1707,0.5219,0.2056,2026-06
CUST1001262,0.4128,0.3648,0.3533,0.1694,0.3108,0.4049,2026-06
CUST1001263,0.407,0.5645,0.4677,0.1101,0.4971,0.3974,2026-06
CUST1001264,0.1397,0.3613,0.1821,0.1824,0.4415,0.2951,2026-06
CUST1001265,0.2455,0.4763,0.3427,0.1156,0.3673,0.3595,2026-06
CUST1001266,0.1256,0.4549,0.49,0.01,0.3078,0.5891999999999999,2026-06
CUST1001267,0.2095,0.5389,0.4426,0.2729,0.3581,0.8202,2026-06
CUST1001268,0.4993,0.4931,0.2467,0.1909,0.1484,0.4348,2026-06
CUST1001269,0.4899,0.6949,0.2663,0.1387,0.2226,0.3849,2026-06
CUST1001270,0.3925,0.6637,0.2424,0.2101,0.0384,0.4884,2026-06
CUST1001271,0.4399,0.3233,0.5706,0.0526,0.5839,0.4077,2026-06
CUST1001272,0.4116,0.5985,0.1479,0.2085,0.2792,0.4087,2026-06
CUST1001273,0.5036,0.3768,0.2799,0.1006,0.1903,0.3154,2026-06
CUST1001274,0.2958,0.5744,0.4272,0.2804,0.4181,0.5041,2026-06
CUST1001275,0.1572,0.5344,0.2094,0.2629,0.5082,0.3073,2026-06
CUST1001276,0.2702,0.08690000000000001,0.0536,0.1848,0.2705,0.2172,2026-06
CUST1001277,0.4233,0.1817,0.4584,0.2531,0.4105,0.1748,2026-06
CUST1001278,0.3875,0.6011,0.1186,0.3026,0.3025,0.4897,2026-06
CUST1001279,0.4279,0.2376,0.3089,0.2412,0.2975,0.1774,2026-06
CUST1001280,0.6145,0.6217,0.289,0.1513,0.3783,0.4503,2026-06
CUST1001281,0.3607,0.5827,0.4166,0.1661,0.3699,0.6274,2026-06
CUST1001282,0.3889,0.5249,0.418,0.2824,0.3069,0.4143,2026-06
CUST1001283,0.2578,0.4031,0.2182,0.2801,0.445,0.4396,2026-06
CUST1001284,0.4324,0.7144,0.406,0.3411,0.3139,0.3393,2026-06
CUST1001285,0.3811,0.2016,0.01,0.3856,0.513,0.0167,2026-06
CUST1001286,0.1552,0.1913,0.324,0.0612,0.4666,0.013,2026-06
CUST1001287,0.2606,0.1939,0.2059,0.2079,0.3342,0.1423,2026-06
CUST1001288,0.515,0.3803,0.205,0.3009,0.4097,0.4819,2026-06
CUST1001289,0.3433,0.3498,0.3109,0.2846,0.4129,0.4659,2026-06
CUST1001290,0.3492,0.4403,0.3505,0.1765,0.2714,0.3424,2026-06
CUST1001291,0.3893,0.5780999999999999,0.191,0.3096,0.2964,0.3931,2026-06
CUST1001292,0.1698,0.4052,0.2736,0.1106,0.3386,0.5163,2026-06
CUST1001293,0.3954,0.3602,0.2565,0.0507,0.415,0.6371,2026-06
CUST1001294,0.2776,0.371,0.2216,0.6895,0.278,0.6709000000000001,2026-06
CUST1001295,0.3965,0.5563,0.3886,0.4948,0.1965,0.5306999999999999,2026-06
CUST1001296,0.291,0.2027,0.3772,0.2079,0.6025,0.3508,2026-06
CUST1001297,0.3271,0.5387999999999999,0.1702,0.0873,0.4002,0.3042,2026-06
CUST1001298,0.2898,0.6373,0.1065,0.1456,0.3085,0.5567,2026-06
CUST1001299,0.2119,0.3178,0.0915,0.1377,0.2223,0.0381,2026-06
CUST1001300,0.0557,0.4536,0.2543,0.3155,0.5926,0.3799,2026-06
CUST1001301,0.4169,0.3678,0.5318000000000001,0.0301,0.2049,0.4366,2026-06
CUST1001302,0.09909999999999999,0.7444,0.07389999999999999,0.0574,0.1249,0.2937,2026-06
CUST1001303,0.2302,0.144,0.4556,0.2152,0.3715,0.0451,2026-06
CUST1001304,0.1005,0.4633,0.2028,0.1725,0.4784,0.2913,2026-06
CUST1001305,0.316,0.4493,0.278,0.0649,0.3686,0.2464,2026-06
CUST1001306,0.2724,0.7492,0.2265,0.2333,0.2676,0.6673,2026-06
CUST1001307,0.1369,0.2914,0.2993,0.1868,0.3132,0.1685,2026-06
CUST1001308,0.4338,0.3194,0.2252,0.1946,0.4378,0.2799,2026-06
CUST1001309,0.6573,0.5731000000000001,0.3202,0.0648,0.2328,0.5179,2026-06
CUST1001310,0.09950000000000001,0.3865,0.1861,0.2855,0.2819,0.5405,2026-06
CUST1001311,0.3986,0.7128,0.1838,0.01,0.4215,0.6059,2026-06
CUST1001312,0.3975,0.6006,0.4052,0.2331,0.321,0.3731,2026-06
CUST1001313,0.2167,0.1441,0.2466,0.2033,0.5234,0.1439,2026-06
CUST1001314,0.4195,0.4514,0.5259,0.5907,0.5678,0.4074,2026-06
CUST1001315,0.431,0.4649,0.0403,0.3572,0.1136,0.1136,2026-06
CUST1001316,0.2247,0.275,0.3913,0.2406,0.38,0.2783,2026-06
CUST1001317,0.2651,0.3075,0.0439,0.08409999999999999,0.2048,0.3091,2026-06
CUST1001318,0.0974,0.2921,0.2543,0.222,0.3204,0.5317,2026-06
CUST1001319,0.2913,0.515,0.4401,0.01,0.4401,0.354,2026-06
CUST1001320,0.487,0.5467,0.3307,0.1268,0.4049,0.3833,2026-06
CUST1001321,0.3,0.3993,0.0963,0.6466,0.1055,0.1289,2026-06
CUST1001322,0.2746,0.2521,0.3878,0.494,0.2679,0.3148,2026-06
CUST1001323,0.6028,0.3435,0.5178,0.0222,0.4832,0.4693,2026-06
CUST1001324,0.4446,0.6293,0.3694,0.2085,0.4215,0.6968,2026-06
CUST1001325,0.4502,0.2894,0.2485,0.1887,0.3275,0.0465,2026-06
CUST1001326,0.238,0.4127,0.4627,0.1527,0.29,0.5295,2026-06
CUST1001327,0.3578,0.3589,0.471,0.4982,0.3376,0.5891,2026-06
CUST1001328,0.3266,0.5732,0.4736,0.01,0.3655,0.4639,2026-06
CUST1001329,0.1286,0.2737,0.1141,0.2027,0.5114,0.1442,2026-06
CUST1001330,0.3736,0.502,0.2413,0.2309,0.4779,0.6257,2026-06
CUST1001331,0.2525,0.6103,0.1358,0.2193,0.2115,0.5266999999999999,2026-06
CUST1001332,0.5359,0.4852,0.4169,0.1364,0.429,0.5499000000000001,2026-06
CUST1001333,0.3647,0.281,0.1426,0.2102,0.3725,0.1238,2026-06
CUST1001334,0.3752,0.4764,0.3147,0.3073,0.3802,0.6483,2026-06
CUST1001335,0.3165,0.3316,0.2639,0.2638,0.1828,0.0373,2026-06
CUST1001336,0.4594,0.3792,0.1829,0.2828,0.2706,0.1768,2026-06
CUST1001337,0.3242,0.5201,0.09229999999999999,0.2733,0.2719,0.3667,2026-06
CUST1001338,0.4131,0.5,0.3477,0.2092,0.3555,0.4521,2026-06
CUST1001339,0.5084,0.576,0.3324,0.1604,0.2821,0.4392,2026-06
CUST1001340,0.375,0.5337,0.4885,0.287,0.4235,0.3997,2026-06
CUST1001341,0.2802,0.4039,0.2806,0.2436,0.4271,0.7028,2026-06
CUST1001342,0.2068,0.4425,0.4783,0.08790000000000001,0.4727,0.6453,2026-06
CUST1001343,0.3707,0.5125,0.1577,0.2192,0.3235,0.1598,2026-06
CUST1001344,0.2065,0.5589,0.3562,0.151,0.4039,0.3059,2026-06
CUST1001345,0.1152,0.3836,0.1153,0.2191,0.2143,0.2727,2026-06
CUST1001346,0.3704,0.4954,0.2244,0.2413,0.6573,0.4561,2026-06
CUST1001347,0.2814,0.2077,0.1357,0.1553,0.2046,0.2632,2026-06
CUST1001348,0.3295,0.3339,0.3746,0.1419,0.3487,0.5829,2026-06
CUST1001349,0.2626,0.1828,0.1876,0.3132,0.4085,0.1872,2026-06
CUST1001350,0.5451,0.6215000000000001,0.3703,0.0221,0.2518,0.5637,2026-06
CUST1001351,0.3583,0.01,0.1861,0.6585,0.2762,0.0731,2026-06
CUST1001352,0.1772,0.2576,0.2683,0.5188,0.116,0.1295,2026-06
CUST1001353,0.4499,0.6026,0.3223,0.2852,0.0588,0.464,2026-06
CUST1001354,0.4184,0.4903,0.2284,0.293,0.2253,0.3994,2026-06
CUST1001355,0.199,0.2028,0.0221,0.0199,0.4699,0.2467,2026-06
CUST1001356,0.3115,0.4363,0.4121,0.1722,0.3413,0.4805,2026-06
CUST1001357,0.3683,0.5583,0.4437,0.1799,0.3503,0.4256,2026-06
CUST1001358,0.5105,0.5446,0.4815,0.3173,0.4124,0.4989,2026-06
CUST1001359,0.1825,0.4486,0.5253,0.1954,0.3225,0.4783,2026-06
CUST1001360,0.4106,0.4588,0.4492,0.1456,0.6649,0.6022999999999999,2026-06
CUST1001361,0.2895,0.5608,0.2075,0.1496,0.2078,0.3941,2026-06
CUST1001362,0.5587,0.4482,0.4038,0.2745,0.2256,0.4381,2026-06
CUST1001363,0.3327,0.6947,0.2029,0.2403,0.2324,0.398,2026-06
CUST1001364,0.3311,0.3439,0.4499,0.1865,0.3925,0.2301,2026-06
CUST1001365,0.4106,0.4447,0.3465,0.1755,0.4053,0.4213,2026-06
CUST1001366,0.546,0.4548,0.4514,0.2087,0.3816,0.6105,2026-06
CUST1001367,0.357,0.5699,0.4581,0.1369,0.5396,0.4181,2026-06
CUST1001368,0.4448,0.5208,0.5333,0.2069,0.3878,0.445,2026-06
CUST1001369,0.6402,0.6223,0.4808,0.1762,0.2066,0.4392,2026-06
CUST1001370,0.1974,0.4673,0.4971,0.1493,0.4217,0.5715,2026-06
CUST1001371,0.4009,0.449,0.3768,0.1239,0.4848,0.5081,2026-06
CUST1001372,0.2792,0.1585,0.2343,0.1076,0.2122,0.294,2026-06
CUST1001373,0.3726,0.345,0.5011,0.3004,0.3731,0.5206,2026-06
CUST1001374,0.3873,0.6765,0.1916,0.1884,0.3572,0.4534,2026-06
CUST1001375,0.4969,0.3345,0.4748,0.1739,0.3218,0.4351,2026-06
CUST1001376,0.044,0.4584,0.08500000000000001,0.2098,0.3058,0.2983,2026-06
CUST1001377,0.2898,0.6121,0.3207,0.0809,0.5048,0.2343,2026-06
CUST1001378,0.4357,0.325,0.4969,0.1886,0.4522,0.5702,2026-06
CUST1001379,0.414,0.4901,0.2741,0.0959,0.4386,0.5805,2026-06
CUST1001380,0.3229,0.3336,0.4533,0.1256,0.3302,0.3098,2026-06
CUST1001381,0.1642,0.5286,0.4767,0.2002,0.3747,0.4368,2026-06
CUST1001382,0.4657,0.4579,0.3507,0.09130000000000001,0.4532,0.2892,2026-06
CUST1001383,0.4522,0.2977,0.2701,0.2273,0.3446,0.2866,2026-06
CUST1001384,0.3714,0.3657,0.3634,0.1906,0.294,0.4471,2026-06
CUST1001385,0.2515,0.4014,0.1775,0.0462,0.2739,0.0917,2026-06
CUST1001386,0.2914,0.4986,0.399,0.6429,0.4443,0.4398,2026-06
CUST1001387,0.3571,0.4042,0.4771,0.1795,0.5083,0.6328,2026-06
CUST1001388,0.4818,0.5831,0.2764,0.1544,0.1437,0.392,2026-06
CUST1001389,0.07199999999999999,0.3339,0.1408,0.1239,0.1894,0.1402,2026-06
CUST1001390,0.3438,0.5856,0.1496,0.1674,0.2932,0.4,2026-06
CUST1001391,0.399,0.3299,0.2694,0.2357,0.2647,0.3875,2026-06
CUST1001392,0.6012999999999999,0.3562,0.5233,0.2855,0.2805,0.3495,2026-06
CUST1001393,0.5073,0.6849,0.423,0.0446,0.2151,0.5239,2026-06
CUST1001394,0.3216,0.586,0.1934,0.2236,0.2749,0.2389,2026-06
CUST1001395,0.3088,0.2622,0.5794,0.0767,0.3495,0.3176,2026-06
CUST1001396,0.3022,0.4482,0.3759,0.2288,0.3373,0.3876,2026-06
CUST1001397,0.4925,0.5172,0.4219,0.0624,0.2646,0.2277,2026-06
CUST1001398,0.609,0.4733,0.1959,0.2065,0.1778,0.1953,2026-06
CUST1001399,0.4399,0.3041,0.2677,0.2582,0.3955,0.1061,2026-06
CUST1001400,0.1432,0.6455,0.4774,0.1112,0.2085,0.4839,2026-06
CUST1001401,0.5971,0.4357,0.3987,0.2119,0.4545,0.3388,2026-06
CUST1001402,0.363,0.2251,0.01,0.3324,0.4847,0.1201,2026-06
CUST1001403,0.3076,0.4085,0.5697,0.0985,0.4418,0.4074,2026-06
CUST1001404,0.2209,0.4756,0.1921,0.1291,0.3526,0.4421,2026-06
CUST1001405,0.3044,0.2446,0.2419,0.2225,0.2217,0.145,2026-06
CUST1001406,0.181,0.4194,0.1317,0.057,0.4435,0.4546,2026-06
CUST1001407,0.3583,0.2658,0.2026,0.1738,0.2818,0.1092,2026-06
CUST1001408,0.6685,0.6141,0.6641,0.1339,0.3375,0.4516,2026-06
CUST1001409,0.4089,0.5906,0.474,0.0774,0.3067,0.5107,2026-06
CUST1001410,0.4591,0.3985,0.3625,0.1595,0.4027,0.4617,2026-06
CUST1001411,0.4157,0.4249,0.4817,0.1453,0.4887,0.4587,2026-06
CUST1001412,0.27,0.594,0.4181,0.1895,0.3388,0.2628,2026-06
CUST1001413,0.2948,0.3333,0.01,0.2672,0.3334,0.032,2026-06
CUST1001414,0.5078,0.5144,0.4093,0.2296,0.6001,0.3984,2026-06
CUST1001415,0.1672,0.01,0.01,0.1499,0.5319,0.1624,2026-06
CUST1001416,0.1527,0.7014,0.083,0.2841,0.3003,0.3437,2026-06
CUST1001417,0.406,0.3273,0.2828,0.0533,0.416,0.5636,2026-06
CUST1001418,0.3818,0.1343,0.0733,0.2037,0.2015,0.1048,2026-06
CUST1001419,0.3836,0.5763,0.489,0.0916,0.3866,0.5362,2026-06
CUST1001420,0.5469000000000001,0.6994,0.4036,0.0347,0.6761,0.5032,2026-06
CUST1001421,0.2624,0.3988,0.0165,0.3035,0.247,0.1729,2026-06
CUST1001422,0.2997,0.296,0.4385,0.2863,0.4396,0.5278,2026-06
CUST1001423,0.3528,0.1819,0.3184,0.1966,0.3325,0.2654,2026-06
CUST1001424,0.5536,0.2898,0.01,0.1962,0.1891,0.1607,2026-06
CUST1001425,0.281,0.5054999999999999,0.0523,0.224,0.2444,0.1293,2026-06
CUST1001426,0.5938,0.4431,0.4022,0.2512,0.2934,0.4409,2026-06
CUST1001427,0.5629999999999999,0.7879,0.3896,0.2016,0.1705,0.5997,2026-06
CUST1001428,0.2345,0.2056,0.2555,0.0511,0.4262,0.2224,2026-06
CUST1001429,0.3698,0.3638,0.4696,0.1223,0.3716,0.4287,2026-06
CUST1001430,0.3973,0.3839,0.4908,0.2073,0.2864,0.3946,2026-06
CUST1001431,0.2165,0.5683,0.427,0.2428,0.225,0.4175,2026-06
CUST1001432,0.4058,0.7222,0.1405,0.1534,0.3623,0.4026,2026-06
CUST1001433,0.2167,0.2818,0.2993,0.2944,0.3982,0.1226,2026-06
CUST1001434,0.1121,0.0469,0.2706,0.2082,0.3685,0.1626,2026-06
CUST1001435,0.5242,0.5417999999999999,0.3262,0.0963,0.2133,0.3467,2026-06
CUST1001436,0.4515,0.4492,0.1548,0.2562,0.4717,0.5252,2026-06
CUST1001437,0.3025,0.6624,0.2137,0.1912,0.2747,0.5686,2026-06
CUST1001438,0.1619,0.1179,0.3603,0.1902,0.3224,0.3264,2026-06
CUST1001439,0.2299,0.3419,0.2941,0.2123,0.4796,0.4049,2026-06
CUST1001440,0.4978,0.6669,0.4999,0.1158,0.3057,0.4747,2026-06
CUST1001441,0.2908,0.4385,0.01,0.2306,0.2433,0.2086,2026-06
CUST1001442,0.4703,0.5228,0.4385,0.2181,0.2468,0.3932,2026-06
CUST1001443,0.3677,0.5213,0.377,0.2935,0.4773,0.6539,2026-06
CUST1001444,0.2519,0.1305,0.2933,0.4737,0.1509,0.2093,2026-06
CUST1001445,0.3511,0.4577,0.1327,0.2469,0.4568,0.8,2026-06
CUST1001446,0.4073,0.4797,0.4673,0.1645,0.4473,0.3093,2026-06
CUST1001447,0.4385,0.1671,0.3161,0.07149999999999999,0.3218,0.094,2026-06
CUST1001448,0.374,0.3473,0.4492,0.0723,0.08699999999999999,0.4893,2026-06
CUST1001449,0.5409,0.3446,0.3373,0.3307,0.2883,0.5387999999999999,2026-06
CUST1001450,0.4323,0.3833,0.3403,0.06759999999999999,0.3313,0.6329,2026-06
CUST1001451,0.3837,0.6876,0.0164,0.1729,0.0537,0.572,2026-06
CUST1001452,0.582,0.4858,0.5,0.1305,0.5522,0.4493,2026-06
CUST1001453,0.5614,0.5777,0.3701,0.226,0.1825,0.4175,2026-06
CUST1001454,0.2285,0.5464,0.1011,0.1923,0.1749,0.3591,2026-06
CUST1001455,0.3341,0.716,0.2978,0.2166,0.3239,0.374,2026-06
CUST1001456,0.2729,0.5929,0.3003,0.2649,0.2615,0.5453,2026-06
CUST1001457,0.4953,0.3511,0.2386,0.5593,0.5171,0.061,2026-06
CUST1001458,0.6397,0.5626,0.3518,0.3034,0.4064,0.4318,2026-06
CUST1001459,0.2141,0.1458,0.1547,0.1826,0.4154,0.1463,2026-06
CUST1001460,0.4242,0.5364,0.01,0.137,0.3335,0.1381,2026-06
CUST1001461,0.1871,0.1069,0.2757,0.1407,0.3883,0.1011,2026-06
CUST1001462,0.6803,0.5684,0.3535,0.2322,0.1594,0.3254,2026-06
CUST1001463,0.436,0.54,0.4444,0.1521,0.3782,0.422,2026-06
CUST1001464,0.363,0.5349,0.0731,0.0683,0.351,0.2475,2026-06
CUST1001465,0.0989,0.4465,0.2222,0.1149,0.5062,0.48,2026-06
CUST1001466,0.3716,0.6622,0.4246,0.2568,0.2717,0.7378,2026-06
CUST1001467,0.2787,0.3812,0.4439,0.299,0.3501,0.5689,2026-06
CUST1001468,0.1239,0.4494,0.01,0.2643,0.2702,0.179,2026-06
CUST1001469,0.3086,0.4341,0.3692,0.2184,0.3469,0.2541,2026-06
CUST1001470,0.4457,0.4284,0.3117,0.1842,0.3778,0.5208,2026-06
CUST1001471,0.5049,0.6143,0.4527,0.1551,0.2434,0.5135999999999999,2026-06
CUST1001472,0.2707,0.5821,0.464,0.0488,0.3506,0.3864,2026-06
CUST1001473,0.3606,0.4852,0.3144,0.2611,0.6076,0.4948,2026-06
CUST1001474,0.221,0.4489,0.1237,0.09660000000000001,0.3613,0.431,2026-06
CUST1001475,0.1917,0.07149999999999999,0.1047,0.232,0.4871,0.1535,2026-06
CUST1001476,0.2629,0.3857,0.01,0.3119,0.2207,0.281,2026-06
CUST1001477,0.1257,0.2715,0.546,0.1385,0.2936,0.5831,2026-06
CUST1001478,0.3799,0.3352,0.4277,0.148,0.3574,0.6763,2026-06
CUST1001479,0.1487,0.2143,0.046,0.2584,0.397,0.2065,2026-06
CUST1001480,0.4656,0.3573,0.3366,0.6522,0.4413,0.0755,2026-06
CUST1001481,0.445,0.6568000000000001,0.2424,0.2734,0.4608,0.5228,2026-06
CUST1001482,0.2737,0.1297,0.4092,0.2416,0.2272,0.0653,2026-06
CUST1001483,0.3353,0.3399,0.3075,0.2253,0.3217,0.5031,2026-06
CUST1001484,0.0956,0.528,0.197,0.032,0.2826,0.1973,2026-06
CUST1001485,0.409,0.2092,0.3137,0.1759,0.4038,0.2448,2026-06
CUST1001486,0.1738,0.1994,0.2374,0.2187,0.3069,0.3333,2026-06
CUST1001487,0.2825,0.3993,0.409,0.1771,0.2888,0.6488,2026-06
CUST1001488,0.2833,0.1197,0.3779,0.2868,0.1665,0.2144,2026-06
CUST1001489,0.3199,0.1998,0.1659,0.174,0.321,0.1446,2026-06
CUST1001490,0.3011,0.5384,0.0143,0.2174,0.3512,0.2165,2026-06
CUST1001491,0.575,0.6394,0.3689,0.2073,0.398,0.2664,2026-06
CUST1001492,0.4366,0.6694,0.3277,0.2777,0.3178,0.2216,2026-06
CUST1001493,0.5256999999999999,0.4397,0.417,0.1555,0.2605,0.4403,2026-06
CUST1001494,0.4246,0.2769,0.2063,0.153,0.5299,0.2551,2026-06
CUST1001495,0.5685,0.7128,0.4554,0.01,0.3218,0.4382,2026-06
CUST1001496,0.2644,0.2191,0.2084,0.1613,0.2511,0.2354,2026-06
CUST1001497,0.3369,0.4088,0.2631,0.2707,0.5997,0.2823,2026-06
CUST1001498,0.4318,0.6186,0.3052,0.2322,0.212,0.5702,2026-06
CUST1001499,0.4364,0.5638,0.0766,0.2719,0.1811,0.1641,2026-06
CUST1001500,0.2944,0.203,0.1059,0.1235,0.2541,0.1167,2026-06
CUST1001501,0.469,0.5037,0.5906,0.3066,0.2563,0.5067,2026-06
CUST1001502,0.3647,0.7916,0.3422,0.2102,0.146,0.5342,2026-06
CUST1001503,0.3488,0.4841,0.2478,0.1782,0.6768,0.3025,2026-06
CUST1001504,0.408,0.1216,0.4244,0.1905,0.4632,0.0987,2026-06
CUST1001505,0.3403,0.3059,0.2851,0.152,0.3341,0.1018,2026-06
CUST1001506,0.3685,0.3246,0.2609,0.1967,0.3708,0.4472,2026-06
CUST1001507,0.1809,0.3175,0.4915,0.1885,0.3519,0.1968,2026-06
CUST1001508,0.3977,0.4159,0.4639,0.1898,0.3334,0.2756,2026-06
CUST1001509,0.2768,0.5435,0.2832,0.2095,0.3254,0.4645,2026-06
CUST1001510,0.2375,0.3862,0.1894,0.1848,0.2116,0.2216,2026-06
CUST1001511,0.2392,0.3049,0.08939999999999999,0.2689,0.2829,0.2249,2026-06
CUST1001512,0.2861,0.2687,0.323,0.1383,0.6207,0.3092,2026-06
CUST1001513,0.3985,0.4741,0.1057,0.3325,0.2225,0.1245,2026-06
CUST1001514,0.4388,0.5191,0.2693,0.18,0.4363,0.4231,2026-06
CUST1001515,0.4625,0.479,0.5399,0.2049,0.3836,0.6302,2026-06
CUST1001516,0.2338,0.4175,0.0584,0.1222,0.228,0.1453,2026-06
CUST1001517,0.3776,0.4691,0.1424,0.0125,0.3412,0.3474,2026-06
CUST1001518,0.2025,0.01,0.2589,0.2707,0.4229,0.1334,2026-06
CUST1001519,0.5004999999999999,0.5689,0.4633,0.2114,0.4817,0.4849,2026-06
CUST1001520,0.4044,0.4772,0.1997,0.1939,0.3918,0.5603,2026-06
CUST1001521,0.311,0.4481,0.1838,0.2195,0.3032,0.6171,2026-06
CUST1001522,0.5722,0.4516,0.3315,0.2175,0.1997,0.3928,2026-06
CUST1001523,0.3874,0.4558,0.3904,0.2475,0.4449,0.5362,2026-06
CUST1001524,0.1237,0.3939,0.182,0.2319,0.6356000000000001,0.3256,2026-06
CUST1001525,0.3354,0.597,0.2354,0.2675,0.4376,0.4846,2026-06
CUST1001526,0.479,0.4809,0.5076000000000001,0.151,0.3565,0.4914,2026-06
CUST1001527,0.239,0.2993,0.0552,0.2865,0.222,0.193,2026-06
CUST1001528,0.6201,0.648,0.1248,0.2295,0.1178,0.5041,2026-06
CUST1001529,0.2801,0.4297,0.4535,0.2467,0.325,0.4236,2026-06
CUST1001530,0.2951,0.3082,0.112,0.281,0.4141,0.1941,2026-06
CUST1001531,0.1396,0.3884,0.2149,0.1663,0.3727,0.1441,2026-06
CUST1001532,0.5076000000000001,0.3636,0.1975,0.1276,0.3407,0.07290000000000001,2026-06
CUST1001533,0.5232,0.4358,0.4048,0.2387,0.3639,0.5182,2026-06
CUST1001534,0.1899,0.2141,0.305,0.2406,0.3331,0.4071,2026-06
CUST1001535,0.5798,0.7153,0.3799,0.1467,0.2839,0.3079,2026-06
CUST1001536,0.3772,0.2751,0.2061,0.1445,0.4222,0.1968,2026-06
CUST1001537,0.3085,0.3936,0.32,0.06710000000000001,0.3988,0.5108,2026-06
CUST1001538,0.2509,0.5963000000000001,0.1937,0.4937,0.1248,0.346,2026-06
CUST1001539,0.1771,0.4786,0.1736,0.2474,0.2218,0.4957,2026-06
CUST1001540,0.4695,0.6209,0.217,0.367,0.3403,0.4232,2026-06
CUST1001541,0.1555,0.3647,0.01,0.125,0.2872,0.1657,2026-06
CUST1001542,0.2898,0.4098,0.3248,0.054,0.4125,0.4775,2026-06
CUST1001543,0.4071,0.3337,0.5502,0.4759,0.204,0.5179,2026-06
CUST1001544,0.3541,0.5513,0.395,0.1265,0.5093,0.2865,2026-06
CUST1001545,0.3511,0.3005,0.3003,0.0674,0.3573,0.228,2026-06
CUST1001546,0.3165,0.2425,0.4079,0.1408,0.3377,0.5206,2026-06
CUST1001547,0.1049,0.2862,0.1672,0.2862,0.3525,0.1968,2026-06
CUST1001548,0.2255,0.1985,0.1969,0.2879,0.3374,0.1881,2026-06
CUST1001549,0.5899,0.5013,0.01,0.1193,0.2463,0.3447,2026-06
CUST1001550,0.3056,0.326,0.5585,0.1095,0.3878,0.6830000000000001,2026-06
CUST1001551,0.5831,0.5829,0.3696,0.257,0.2996,0.3302,2026-06
CUST1001552,0.2412,0.6073,0.2092,0.4026,0.2782,0.3362,2026-06
CUST1001553,0.4265,0.631,0.3746,0.2164,0.3107,0.4056,2026-06
CUST1001554,0.2901,0.586,0.2124,0.1842,0.2464,0.64,2026-06
CUST1001555,0.4977,0.3767,0.4528,0.08699999999999999,0.3904,0.4295,2026-06
CUST1001556,0.1721,0.5374,0.0372,0.118,0.2176,0.4534,2026-06
CUST1001557,0.2496,0.3433,0.2865,0.0873,0.5697,0.383,2026-06
CUST1001558,0.339,0.3293,0.15,0.6133,0.191,0.3247,2026-06
CUST1001559,0.2471,0.3296,0.1009,0.1824,0.1764,0.2895,2026-06
CUST1001560,0.3075,0.3536,0.4853,0.3047,0.4478,0.3426,2026-06
CUST1001561,0.3086,0.2884,0.01,0.1675,0.5159,0.1735,2026-06
CUST1001562,0.4338,0.3821,0.4498,0.1944,0.379,0.348,2026-06
CUST1001563,0.6059,0.5568,0.5165,0.1332,0.3397,0.6671,2026-06
CUST1001564,0.278,0.1985,0.1323,0.1498,0.5058,0.1686,2026-06
CUST1001565,0.1054,0.4703,0.3968,0.1194,0.4463,0.4439,2026-06
CUST1001566,0.401,0.3789,0.5878,0.1966,0.1652,0.3537,2026-06
CUST1001567,0.3169,0.1569,0.2395,0.28,0.204,0.1005,2026-06
CUST1001568,0.3578,0.6339,0.074,0.2217,0.2659,0.4171,2026-06
CUST1001569,0.3935,0.5024,0.2628,0.217,0.226,0.4852,2026-06
CUST1001570,0.1633,0.2523,0.0774,0.6325,0.0979,0.1175,2026-06
CUST1001571,0.6128,0.7516,0.1858,0.2562,0.1995,0.4248,2026-06
CUST1001572,0.2506,0.2336,0.01,0.5717,0.07539999999999999,0.01,2026-06
CUST1001573,0.434,0.5847,0.2588,0.5942,0.1348,0.231,2026-06
CUST1001574,0.3571,0.8505,0.1077,0.2733,0.3124,0.3426,2026-06
CUST1001575,0.2581,0.6661,0.2705,0.2605,0.22,0.3738,2026-06
CUST1001576,0.2636,0.5681,0.4118,0.079,0.3017,0.5154,2026-06
CUST1001577,0.4573,0.6387,0.0687,0.1943,0.3274,0.4524,2026-06
CUST1001578,0.1889,0.48,0.2564,0.1372,0.1692,0.1689,2026-06
CUST1001579,0.3828,0.3555,0.2812,0.1025,0.4333,0.0649,2026-06
CUST1001580,0.281,0.5819,0.3924,0.3107,0.427,0.413,2026-06
CUST1001581,0.4534,0.1747,0.5053,0.1661,0.3324,0.0861,2026-06
CUST1001582,0.6258,0.6129,0.2237,0.1038,0.2002,0.3415,2026-06
CUST1001583,0.43,0.6294999999999999,0.3237,0.1001,0.1399,0.4192,2026-06
CUST1001584,0.5415,0.3221,0.2638,0.2075,0.3498,0.1546,2026-06
CUST1001585,0.185,0.4642,0.01,0.1069,0.3614,0.1394,2026-06
CUST1001586,0.6137,0.2757,0.01,0.2242,0.2741,0.0379,2026-06
CUST1001587,0.4487,0.5194,0.1725,0.2813,0.2527,0.1556,2026-06
CUST1001588,0.3582,0.2749,0.0593,0.2066,0.2193,0.3576,2026-06
CUST1001589,0.2831,0.5857,0.3413,0.2083,0.2393,0.4067,2026-06
CUST1001590,0.4038,0.5275,0.2069,0.2246,0.2055,0.2513,2026-06
CUST1001591,0.0398,0.1382,0.01,0.1638,0.2576,0.0788,2026-06
CUST1001592,0.4676,0.4511,0.356,0.1921,0.3763,0.5844,2026-06
CUST1001593,0.3653,0.4731,0.3441,0.15,0.4157,0.5921,2026-06
CUST1001594,0.3913,0.5227000000000001,0.3252,0.1133,0.485,0.7482,2026-06
CUST1001595,0.2144,0.3592,0.4556,0.3851,0.3248,0.4706,2026-06
CUST1001596,0.5623,0.5904,0.5123,0.113,0.1435,0.3449,2026-06
CUST1001597,0.3803,0.583,0.3775,0.2756,0.3034,0.4305,2026-06
CUST1001598,0.3934,0.5995,0.2351,0.33,0.3092,0.3793,2026-06
CUST1001599,0.1989,0.53,0.1539,0.3126,0.4193,0.3429,2026-06
CUST1001600,0.3082,0.6666,0.2365,0.2421,0.24,0.4577,2026-06
CUST1001601,0.4451,0.5939,0.3428,0.1519,0.3229,0.5473,2026-06
CUST1001602,0.4745,0.5620000000000001,0.467,0.1828,0.3079,0.4284,2026-06
CUST1001603,0.2074,0.361,0.3794,0.1895,0.3893,0.3643,2026-06
CUST1001604,0.5008,0.5358000000000001,0.4833,0.1305,0.3267,0.182,2026-06
CUST1001605,0.3207,0.4345,0.5703,0.3141,0.3716,0.5874,2026-06
CUST1001606,0.1379,0.5101,0.1235,0.1966,0.1245,0.3057,2026-06
CUST1001607,0.3241,0.6078,0.1688,0.6242,0.1781,0.2776,2026-06
CUST1001608,0.4023,0.2945,0.1441,0.1591,0.2793,0.1752,2026-06
CUST1001609,0.5563,0.4231,0.2969,0.202,0.3344,0.7145,2026-06
CUST1001610,0.4989,0.3424,0.06850000000000001,0.2575,0.5345,0.2031,2026-06
CUST1001611,0.2942,0.6086,0.238,0.2109,0.1144,0.5205,2026-06
CUST1001612,0.2137,0.272,0.5148,0.5869,0.2437,0.4612,2026-06
CUST1001613,0.4561,0.6183,0.4464,0.15,0.1747,0.5474,2026-06
CUST1001614,0.5122,0.7367,0.1734,0.1401,0.2527,0.3316,2026-06
CUST1001615,0.2802,0.4439,0.2436,0.2269,0.3536,0.2827,2026-06
CUST1001616,0.3177,0.3305,0.0497,0.1507,0.373,0.289,2026-06
CUST1001617,0.5409,0.3972,0.2269,0.1445,0.5273,0.3514,2026-06
CUST1001618,0.4533,0.5954,0.1804,0.1776,0.3217,0.4812,2026-06
CUST1001619,0.402,0.6411,0.5168,0.0195,0.0934,0.549,2026-06
CUST1001620,0.3499,0.3137,0.4181,0.674,0.2501,0.2669,2026-06
CUST1001621,0.159,0.1528,0.3317,0.1423,0.2763,0.3283,2026-06
CUST1001622,0.5282,0.4392,0.01,0.6245000000000001,0.3236,0.1155,2026-06
CUST1001623,0.3015,0.421,0.4232,0.2291,0.4026,0.5835,2026-06
CUST1001624,0.6556,0.4268,0.4185,0.1823,0.623,0.4388,2026-06
CUST1001625,0.2362,0.2872,0.1079,0.1926,0.2787,0.4111,2026-06
CUST1001626,0.0751,0.2383,0.0951,0.1724,0.3379,0.1265,2026-06
CUST1001627,0.4031,0.2257,0.3043,0.1574,0.2742,0.1533,2026-06
CUST1001628,0.4474,0.6394,0.1692,0.1264,0.2635,0.4425,2026-06
CUST1001629,0.2954,0.3809,0.2828,0.07389999999999999,0.5188,0.2747,2026-06
CUST1001630,0.3867,0.4226,0.5097,0.2881,0.4182,0.4203,2026-06
CUST1001631,0.2687,0.5364,0.1262,0.2281,0.2678,0.313,2026-06
CUST1001632,0.3482,0.551,0.4103,0.1278,0.3248,0.4952,2026-06
CUST1001633,0.4409,0.4673,0.2028,0.2253,0.2958,0.3903,2026-06
CUST1001634,0.4394,0.4194,0.4524,0.0806,0.5483,0.4164,2026-06
CUST1001635,0.13,0.4151,0.2303,0.2272,0.4967,0.3383,2026-06
CUST1001636,0.2291,0.3714,0.2772,0.2624,0.1267,0.0839,2026-06
CUST1001637,0.4824,0.4429,0.388,0.2211,0.3962,0.4775,2026-06
CUST1001638,0.5777,0.5328000000000001,0.2504,0.2415,0.295,0.5733,2026-06
CUST1001639,0.443,0.4924,0.2405,0.1656,0.5226,0.3559,2026-06
CUST1001640,0.433,0.4705,0.2622,0.1627,0.3968,0.08110000000000001,2026-06
CUST1001641,0.4683,0.5296,0.3797,0.1822,0.306,0.3211,2026-06
CUST1001642,0.5085,0.5238,0.3571,0.2378,0.3607,0.4581,2026-06
CUST1001643,0.4368,0.3342,0.01,0.4333,0.01,0.0765,2026-06
CUST1001644,0.3272,0.2968,0.2182,0.0934,0.4662,0.3049,2026-06
CUST1001645,0.4493,0.6072,0.1208,0.0488,0.3113,0.2428,2026-06
CUST1001646,0.3944,0.6059,0.2656,0.2317,0.3131,0.4199,2026-06
CUST1001647,0.1667,0.4755,0.3843,0.027,0.3453,0.3495,2026-06
CUST1001648,0.585,0.5866,0.221,0.1823,0.1539,0.2714,2026-06
CUST1001649,0.6179,0.487,0.5305,0.1666,0.3091,0.3841,2026-06
CUST1001650,0.2484,0.3224,0.01,0.1191,0.0833,0.0738,2026-06
CUST1001651,0.124,0.3715,0.1892,0.0324,0.5247000000000001,0.01,2026-06
CUST1001652,0.5169,0.3776,0.4049,0.0703,0.2616,0.5823,2026-06
CUST1001653,0.1218,0.3722,0.5019,0.2831,0.465,0.5228,2026-06
CUST1001654,0.3001,0.4247,0.2929,0.5822000000000001,0.1168,0.4826,2026-06
CUST1001655,0.1789,0.5201,0.392,0.1389,0.3506,0.5575,2026-06
CUST1001656,0.427,0.6665,0.3013,0.1024,0.355,0.2746,2026-06
CUST1001657,0.3507,0.4177,0.545,0.0414,0.504,0.4655,2026-06
CUST1001658,0.2478,0.0364,0.06710000000000001,0.1943,0.3464,0.1744,2026-06
CUST1001659,0.2232,0.4846,0.0605,0.3095,0.2448,0.1043,2026-06
CUST1001660,0.09180000000000001,0.3259,0.01,0.3117,0.3103,0.1776,2026-06
CUST1001661,0.3284,0.4811,0.1299,0.2274,0.3166,0.2186,2026-06
CUST1001662,0.4653,0.6146,0.3269,0.1536,0.4111,0.4588,2026-06
CUST1001663,0.2959,0.3908,0.4695,0.06950000000000001,0.4368,0.4742,2026-06
CUST1001664,0.4129,0.356,0.2919,0.1781,0.2604,0.5812,2026-06
CUST1001665,0.2282,0.5312,0.4822,0.1638,0.2854,0.5097,2026-06
CUST1001666,0.2738,0.5074,0.3134,0.1433,0.5151,0.4037,2026-06
CUST1001667,0.3519,0.5646,0.2587,0.1648,0.4683,0.3259,2026-06
CUST1001668,0.3014,0.5113,0.2514,0.219,0.31,0.3492,2026-06
CUST1001669,0.2236,0.4207,0.4925,0.2641,0.383,0.2647,2026-06
CUST1001670,0.3116,0.4594,0.024,0.08790000000000001,0.1579,0.149,2026-06
CUST1001671,0.5604,0.5154,0.4311,0.1575,0.4143,0.2324,2026-06
CUST1001672,0.3801,0.5645,0.331,0.101,0.4426,0.2835,2026-06
CUST1001673,0.6022,0.4615,0.331,0.1658,0.3472,0.4261,2026-06
CUST1001674,0.1162,0.3788,0.01,0.1191,0.5407999999999999,0.2217,2026-06
CUST1001675,0.2932,0.7012,0.4264,0.1961,0.1485,0.1551,2026-06
CUST1001676,0.2587,0.5431,0.4292,0.1787,0.3274,0.4574,2026-06
CUST1001677,0.1722,0.4761,0.3082,0.2938,0.2877,0.4232,2026-06
CUST1001678,0.0325,0.5447,0.49,0.338,0.2953,0.489,2026-06
CUST1001679,0.4089,0.7108,0.1363,0.2456,0.2353,0.5302,2026-06
CUST1001680,0.169,0.2885,0.2523,0.2649,0.1917,0.2999,2026-06
CUST1001681,0.3797,0.3835,0.01,0.335,0.0588,0.2077,2026-06
CUST1001682,0.1634,0.1334,0.226,0.2632,0.2866,0.131,2026-06
CUST1001683,0.4914,0.6797,0.4437,0.1077,0.5056,0.5564,2026-06
CUST1001684,0.2813,0.3608,0.1513,0.1218,0.4045,0.3046,2026-06
CUST1001685,0.5423,0.4761,0.2092,0.324,0.6311,0.5049,2026-06
CUST1001686,0.4056,0.6217,0.2618,0.1843,0.1023,0.3626,2026-06
CUST1001687,0.2877,0.4234,0.3257,0.2278,0.3343,0.4768,2026-06
CUST1001688,0.3148,0.6259,0.4293,0.0462,0.2612,0.579,2026-06
CUST1001689,0.2494,0.374,0.5054,0.6342,0.2524,0.235,2026-06
CUST1001690,0.4111,0.327,0.2344,0.1638,0.5466,0.1863,2026-06
CUST1001691,0.1806,0.4677,0.3599,0.0362,0.3332,0.3676,2026-06
CUST1001692,0.1458,0.3716,0.3097,0.1005,0.3182,0.0838,2026-06
CUST1001693,0.3149,0.2458,0.2623,0.1674,0.4632,0.2473,2026-06
CUST1001694,0.2514,0.2751,0.2429,0.0518,0.3625,0.1062,2026-06
CUST1001695,0.3403,0.2695,0.2167,0.2037,0.4133,0.2111,2026-06
CUST1001696,0.4024,0.0762,0.0638,0.1644,0.302,0.1463,2026-06
CUST1001697,0.388,0.5184,0.5426,0.246,0.2998,0.5747,2026-06
CUST1001698,0.5896,0.5835,0.5168,0.183,0.2499,0.5701000000000001,2026-06
CUST1001699,0.3898,0.4756,0.2332,0.2382,0.3393,0.3302,2026-06
CUST1001700,0.4907,0.6991000000000001,0.2289,0.01,0.3692,0.4426,2026-06
CUST1001701,0.4605,0.3458,0.5003,0.2035,0.2055,0.5688,2026-06
CUST1001702,0.2799,0.3491,0.4227,0.07099999999999999,0.3549,0.4609,2026-06
CUST1001703,0.2367,0.083,0.3493,0.1101,0.3458,0.3342,2026-06
CUST1001704,0.1839,0.4469,0.3633,0.1478,0.2615,0.4906,2026-06
CUST1001705,0.6156,0.4714,0.1016,0.0482,0.2766,0.1903,2026-06
CUST1001706,0.2654,0.3089,0.081,0.5152,0.2706,0.01,2026-06
CUST1001707,0.2273,0.628,0.3669,0.1257,0.2913,0.5329,2026-06
CUST1001708,0.5077,0.5669,0.1913,0.3574,0.261,0.4694,2026-06
CUST1001709,0.1795,0.0825,0.01,0.5716,0.2866,0.1378,2026-06
CUST1001710,0.2377,0.3186,0.3177,0.2375,0.4651,0.4513,2026-06
CUST1001711,0.1916,0.2702,0.09229999999999999,0.2051,0.2332,0.1156,2026-06
CUST1001712,0.5218,0.4817,0.0723,0.1859,0.2796,0.09370000000000001,2026-06
CUST1001713,0.3674,0.4407,0.5682,0.1528,0.3067,0.1917,2026-06
CUST1001714,0.3347,0.5826,0.4126,0.2735,0.4251,0.3189,2026-06
CUST1001715,0.3838,0.5775,0.3969,0.3161,0.2666,0.4291,2026-06
CUST1001716,0.3186,0.6166,0.36,0.0912,0.4273,0.2588,2026-06
CUST1001717,0.2869,0.5225,0.063,0.2196,0.2867,0.8098,2026-06
CUST1001718,0.2537,0.502,0.2955,0.2055,0.2582,0.2221,2026-06
CUST1001719,0.4749,0.3376,0.3913,0.09959999999999999,0.3879,0.3727,2026-06
CUST1001720,0.3847,0.4898,0.4535,0.1563,0.6526999999999999,0.42,2026-06
CUST1001721,0.4142,0.5659999999999999,0.5417,0.054,0.2591,0.294,2026-06
CUST1001722,0.1957,0.5448,0.6036,0.1165,0.1665,0.2417,2026-06
CUST1001723,0.5515,0.4007,0.4813,0.2005,0.7336,0.4751,2026-06
CUST1001724,0.4849,0.6205000000000001,0.4202,0.1372,0.2628,0.4855,2026-06
CUST1001725,0.4415,0.4084,0.0677,0.1831,0.271,0.202,2026-06
CUST1001726,0.3688,0.4579,0.3047,0.1833,0.3408,0.5319,2026-06
CUST1001727,0.5373,0.47,0.2621,0.2719,0.2451,0.3497,2026-06
CUST1001728,0.3483,0.3358,0.01,0.0762,0.2443,0.2726,2026-06
CUST1001729,0.2375,0.42,0.3768,0.1101,0.2583,0.4305,2026-06
CUST1001730,0.1646,0.1566,0.2962,0.0354,0.4597,0.1865,2026-06
CUST1001731,0.1848,0.2416,0.2698,0.1573,0.4603,0.0902,2026-06
CUST1001732,0.3147,0.5609,0.4426,0.1105,0.4409,0.4667,2026-06
CUST1001733,0.4256,0.5047,0.5807,0.1757,0.2796,0.361,2026-06
CUST1001734,0.2472,0.3556,0.2852,0.1154,0.5214,0.3979,2026-06
CUST1001735,0.2163,0.2908,0.01,0.0888,0.3604,0.0563,2026-06
CUST1001736,0.3182,0.3563,0.1639,0.2526,0.3665,0.3156,2026-06
CUST1001737,0.5329,0.7071,0.4477,0.0479,0.2326,0.6617,2026-06
CUST1001738,0.5772,0.3842,0.4299,0.2957,0.3666,0.2838,2026-06
CUST1001739,0.6236,0.3975,0.3212,0.3294,0.4876,0.3816,2026-06
CUST1001740,0.2786,0.2637,0.3089,0.1539,0.2516,0.2754,2026-06
CUST1001741,0.3551,0.6082,0.1463,0.2473,0.0319,0.1804,2026-06
CUST1001742,0.487,0.553,0.3904,0.0789,0.5157,0.609,2026-06
CUST1001743,0.3668,0.5583,0.2786,0.1117,0.2025,0.4526,2026-06
CUST1001744,0.2995,0.4927,0.2968,0.178,0.3844,0.4266,2026-06
CUST1001745,0.3665,0.628,0.3673,0.1903,0.5545,0.4061,2026-06
CUST1001746,0.4876,0.4649,0.588,0.1843,0.5119,0.3884,2026-06
CUST1001747,0.6444,0.4018,0.4298,0.2018,0.1953,0.4991,2026-06
CUST1001748,0.3395,0.2676,0.3977,0.2754,0.3305,0.5624,2026-06
CUST1001749,0.1777,0.6084000000000001,0.2993,0.2693,0.3593,0.3518,2026-06
CUST1001750,0.3319,0.1669,0.1859,0.2939,0.2878,0.1208,2026-06
CUST1001751,0.3253,0.4455,0.3298,0.2054,0.2841,0.336,2026-06
CUST1001752,0.1323,0.5261,0.4129,0.2011,0.3035,0.374,2026-06
CUST1001753,0.2818,0.4833,0.3714,0.2009,0.5098,0.3936,2026-06
CUST1001754,0.3627,0.2688,0.3785,0.674,0.3098,0.1504,2026-06
CUST1001755,0.4428,0.1959,0.2814,0.3159,0.6077,0.1489,2026-06
CUST1001756,0.4454,0.4615,0.5196,0.1547,0.4121,0.5251,2026-06
CUST1001757,0.1301,0.2411,0.0602,0.1467,0.3919,0.246,2026-06
CUST1001758,0.5054999999999999,0.4119,0.4561,0.0926,0.3943,0.662,2026-06
CUST1001759,0.3198,0.1127,0.0167,0.0968,0.3575,0.2767,2026-06
CUST1001760,0.2497,0.4878,0.367,0.1302,0.3201,0.4764,2026-06
CUST1001761,0.09329999999999999,0.292,0.223,0.534,0.2333,0.1439,2026-06
CUST1001762,0.5064,0.5580000000000001,0.5281,0.2838,0.3444,0.5614,2026-06
CUST1001763,0.4714,0.722,0.06,0.2769,0.3013,0.348,2026-06
CUST1001764,0.274,0.3348,0.1958,0.1465,0.3124,0.5331,2026-06
CUST1001765,0.2341,0.358,0.2713,0.1311,0.4025,0.4635,2026-06
CUST1001766,0.3696,0.5475,0.0594,0.2287,0.3555,0.136,2026-06
CUST1001767,0.399,0.1691,0.4151,0.2683,0.3406,0.3012,2026-06
CUST1001768,0.3434,0.4897,0.4884,0.1095,0.2007,0.5036,2026-06
CUST1001769,0.1891,0.6515,0.2098,0.1256,0.2869,0.3046,2026-06
CUST1001770,0.2715,0.3353,0.3878,0.2097,0.3715,0.3708,2026-06
CUST1001771,0.3544,0.1942,0.2569,0.01,0.3867,0.197,2026-06
CUST1001772,0.4479,0.5242,0.3751,0.1217,0.4116,0.3609,2026-06
CUST1001773,0.2535,0.2642,0.09320000000000001,0.1959,0.3455,0.2026,2026-06
CUST1001774,0.1972,0.1517,0.1187,0.1114,0.5397999999999999,0.1264,2026-06
CUST1001775,0.3712,0.6571,0.1308,0.0609,0.2437,0.5894,2026-06
CUST1001776,0.3069,0.4025,0.3051,0.1415,0.417,0.4673,2026-06
CUST1001777,0.1989,0.5501,0.4718,0.0804,0.2128,0.6644,2026-06
CUST1001778,0.4333,0.4232,0.3913,0.1182,0.377,0.681,2026-06
CUST1001779,0.2326,0.4578,0.4056,0.0606,0.5048,0.5288,2026-06
CUST1001780,0.4471,0.4227,0.409,0.1554,0.4895,0.455,2026-06
CUST1001781,0.3862,0.6572,0.1103,0.4047,0.2732,0.5151,2026-06
CUST1001782,0.1196,0.1924,0.01,0.3677,0.4121,0.0314,2026-06
CUST1001783,0.4217,0.4381,0.3832,0.1767,0.2775,0.5194,2026-06
CUST1001784,0.4277,0.2044,0.1389,0.1214,0.3254,0.21,2026-06
CUST1001785,0.3181,0.5489000000000001,0.3443,0.1806,0.323,0.5937,2026-06
CUST1001786,0.4448,0.5734,0.1288,0.2668,0.546,0.4958,2026-06
CUST1001787,0.3776,0.6898,0.3089,0.1186,0.1933,0.4965,2026-06
CUST1001788,0.2671,0.3818,0.3492,0.0757,0.4028,0.3629,2026-06
CUST1001789,0.5046,0.6749000000000001,0.398,0.1408,0.3075,0.3691,2026-06
CUST1001790,0.2106,0.4711,0.1595,0.2056,0.3703,0.5671,2026-06
CUST1001791,0.29,0.07969999999999999,0.359,0.1247,0.2888,0.1858,2026-06
CUST1001792,0.4859,0.4159,0.313,0.1445,0.1392,0.2255,2026-06
CUST1001793,0.1411,0.6438,0.4649,0.1082,0.3495,0.4383,2026-06
CUST1001794,0.4877,0.7634,0.5758,0.2689,0.221,0.3961,2026-06
CUST1001795,0.2062,0.2417,0.3272,0.1698,0.4335,0.0636,2026-06
CUST1001796,0.4821,0.1462,0.1356,0.1294,0.4342,0.157,2026-06
CUST1001797,0.3701,0.4964,0.4192,0.222,0.2658,0.3035,2026-06
CUST1001798,0.3297,0.4974,0.3507,0.2787,0.1187,0.3508,2026-06
CUST1001799,0.5987,0.4734,0.4687,0.5013,0.2914,0.597,2026-06
CUST1001800,0.3317,0.4759,0.2563,0.2801,0.6009,0.4274,2026-06
CUST1001801,0.4307,0.7198,0.3868,0.1127,0.2134,0.4339,2026-06
CUST1001802,0.1834,0.6424,0.3036,0.1881,0.2216,0.341,2026-06
CUST1001803,0.062,0.3082,0.1024,0.1216,0.2446,0.2488,2026-06
CUST1001804,0.3453,0.7171999999999999,0.4587,0.2014,0.2533,0.4035,2026-06
CUST1001805,0.6104000000000001,0.6621,0.3961,0.1599,0.4085,0.4158,2026-06
CUST1001806,0.5499000000000001,0.6367,0.5174,0.2638,0.5359,0.5298,2026-06
CUST1001807,0.3504,0.3689,0.2986,0.3544,0.2566,0.0612,2026-06
CUST1001808,0.0683,0.2115,0.01,0.166,0.0713,0.1825,2026-06
CUST1001809,0.2115,0.3039,0.01,0.3425,0.2674,0.2836,2026-06
CUST1001810,0.3933,0.3445,0.292,0.2074,0.3002,0.1858,2026-06
CUST1001811,0.1379,0.5661,0.3997,0.331,0.2514,0.4061,2026-06
CUST1001812,0.3213,0.1571,0.3187,0.0613,0.3118,0.2829,2026-06
CUST1001813,0.1333,0.6914,0.2771,0.2132,0.3612,0.4111,2026-06
CUST1001814,0.08110000000000001,0.0779,0.0545,0.2773,0.5594,0.2485,2026-06
CUST1001815,0.2186,0.4397,0.2386,0.16,0.2955,0.2316,2026-06
CUST1001816,0.5323,0.4748,0.4067,0.2305,0.2939,0.552,2026-06
CUST1001817,0.2667,0.4584,0.3905,0.2389,0.228,0.375,2026-06
CUST1001818,0.4455,0.4357,0.3399,0.1288,0.5838,0.3874,2026-06
CUST1001819,0.3159,0.5064,0.3511,0.1831,0.4158,0.4505,2026-06
CUST1001820,0.3098,0.4181,0.3558,0.1732,0.3212,0.6278,2026-06
CUST1001821,0.4776,0.4222,0.01,0.1084,0.299,0.0387,2026-06
CUST1001822,0.382,0.4394,0.179,0.0803,0.2551,0.445,2026-06
CUST1001823,0.2142,0.1103,0.1958,0.1915,0.1937,0.149,2026-06
CUST1001824,0.1756,0.2059,0.1405,0.188,0.3212,0.2212,2026-06
CUST1001825,0.4105,0.7167,0.3602,0.2536,0.13,0.6633,2026-06
CUST1001826,0.4744,0.3724,0.4619,0.28,0.0699,0.4806,2026-06
CUST1001827,0.3181,0.1443,0.1971,0.01,0.7042,0.1557,2026-06
CUST1001828,0.202,0.5276,0.3443,0.1591,0.2636,0.4025,2026-06
CUST1001829,0.243,0.4993,0.2751,0.0172,0.6566,0.2423,2026-06
CUST1001830,0.3662,0.4497,0.4468,0.1396,0.413,0.5116000000000001,2026-06
CUST1001831,0.5321,0.404,0.2903,0.1165,0.3841,0.4353,2026-06
CUST1001832,0.2838,0.7365,0.2133,0.2421,0.1489,0.4917,2026-06
CUST1001833,0.4048,0.4766,0.4269,0.127,0.4645,0.4872,2026-06
CUST1001834,0.3002,0.3887,0.3978,0.7145,0.2615,0.2036,2026-06
CUST1001835,0.261,0.3816,0.3489,0.1882,0.3324,0.5406,2026-06
CUST1001836,0.5865,0.1893,0.3245,0.1478,0.3129,0.1866,2026-06
CUST1001837,0.531,0.4786,0.314,0.0572,0.4074,0.7781,2026-06
CUST1001838,0.4775,0.3747,0.356,0.2235,0.3843,0.3686,2026-06
CUST1001839,0.4523,0.4197,0.317,0.2953,0.3563,0.5196,2026-06
CUST1001840,0.2954,0.5073,0.4912,0.1953,0.342,0.4501,2026-06
CUST1001841,0.4761,0.4319,0.1873,0.3158,0.4923,0.0711,2026-06
CUST1001842,0.3292,0.5939,0.4044,0.1936,0.5193,0.2843,2026-06
CUST1001843,0.3742,0.1057,0.2762,0.06900000000000001,0.2304,0.1223,2026-06
CUST1001844,0.3219,0.4609,0.2902,0.0973,0.201,0.4919,2026-06
CUST1001845,0.294,0.5341,0.3179,0.2342,0.4108,0.6429,2026-06
CUST1001846,0.3397,0.7658,0.1472,0.0677,0.2707,0.4369,2026-06
CUST1001847,0.5049,0.3641,0.3454,0.1394,0.3597,0.1781,2026-06
CUST1001848,0.3769,0.0718,0.2875,0.09950000000000001,0.3438,0.1385,2026-06
CUST1001849,0.5459000000000001,0.6355,0.3693,0.2195,0.4142,0.5007,2026-06
CUST1001850,0.3935,0.3895,0.1434,0.3955,0.451,0.2117,2026-06
CUST1001851,0.3138,0.2563,0.128,0.1322,0.2891,0.1353,2026-06
CUST1001852,0.4627,0.6573,0.3243,0.0711,0.3136,0.434,2026-06
CUST1001853,0.1703,0.3088,0.01,0.2373,0.3101,0.3066,2026-06
CUST1001854,0.2678,0.3517,0.01,0.2263,0.2358,0.2829,2026-06
CUST1001855,0.5021,0.4117,0.5593,0.1722,0.3203,0.6153,2026-06
CUST1001856,0.336,0.135,0.2754,0.1505,0.4374,0.01,2026-06
CUST1001857,0.4053,0.6324,0.2693,0.2412,0.2394,0.3872,2026-06
CUST1001858,0.4104,0.3104,0.1345,0.1542,0.4716,0.0866,2026-06
CUST1001859,0.2305,0.4377,0.4941,0.1788,0.2872,0.4649,2026-06
CUST1001860,0.2467,0.5451,0.313,0.2213,0.314,0.3947,2026-06
CUST1001861,0.5386,0.641,0.3779,0.1211,0.2272,0.4394,2026-06
CUST1001862,0.4441,0.5286999999999999,0.1389,0.0973,0.1871,0.1389,2026-06
CUST1001863,0.4851,0.521,0.5957,0.2723,0.604,0.4742,2026-06
CUST1001864,0.3023,0.2284,0.2101,0.1283,0.2705,0.2469,2026-06
CUST1001865,0.01,0.1383,0.1858,0.1248,0.5961,0.1752,2026-06
CUST1001866,0.4287,0.5244,0.5296,0.1979,0.2582,0.371,2026-06
CUST1001867,0.3069,0.1836,0.1922,0.01,0.3928,0.01,2026-06
CUST1001868,0.2093,0.5639999999999999,0.6148,0.2677,0.2793,0.7019,2026-06
CUST1001869,0.1541,0.5416,0.3308,0.166,0.2138,0.401,2026-06
CUST1001870,0.51,0.456,0.4621,0.0378,0.317,0.4865,2026-06
CUST1001871,0.2728,0.6993,0.4234,0.2225,0.2806,0.2426,2026-06
CUST1001872,0.2693,0.4629,0.3548,0.1152,0.4458,0.4623,2026-06
CUST1001873,0.46,0.6086,0.344,0.6088,0.2554,0.3778,2026-06
CUST1001874,0.3205,0.0648,0.4325,0.1016,0.4094,0.3362,2026-06
CUST1001875,0.3222,0.5626,0.2153,0.1182,0.3728,0.6337,2026-06
CUST1001876,0.3881,0.4387,0.4503,0.2761,0.3968,0.4399,2026-06
CUST1001877,0.3797,0.6881,0.2476,0.1644,0.1897,0.409,2026-06
CUST1001878,0.3158,0.5054,0.0509,0.09909999999999999,0.2532,0.3234,2026-06
CUST1001879,0.2416,0.3923,0.3905,0.08599999999999999,0.4201,0.3301,2026-06
CUST1001880,0.4383,0.5794,0.3659,0.1544,0.3086,0.4296,2026-06
CUST1001881,0.4023,0.4438,0.4032,0.1419,0.3874,0.4741,2026-06
CUST1001882,0.0206,0.6917,0.2692,0.1819,0.3432,0.4,2026-06
CUST1001883,0.334,0.7511,0.4056,0.2591,0.2916,0.5306999999999999,2026-06
CUST1001884,0.4715,0.3399,0.3103,0.2029,0.2806,0.0263,2026-06
CUST1001885,0.4504,0.5302,0.2589,0.1899,0.2689,0.4638,2026-06
CUST1001886,0.2603,0.6905,0.1057,0.2056,0.3551,0.3057,2026-06
CUST1001887,0.4369,0.5883,0.146,0.2741,0.3071,0.4142,2026-06
CUST1001888,0.256,0.3298,0.2049,0.1178,0.4311,0.01,2026-06
CUST1001889,0.3246,0.4303,0.4387,0.01,0.4002,0.4249,2026-06
CUST1001890,0.2909,0.4312,0.4214,0.2344,0.4024,0.6482,2026-06
CUST1001891,0.4094,0.3493,0.3645,0.1669,0.1931,0.4916,2026-06
CUST1001892,0.3617,0.5472,0.4287,0.0954,0.4569,0.5024999999999999,2026-06
CUST1001893,0.1803,0.4641,0.3679,0.2107,0.303,0.6034,2026-06
CUST1001894,0.4664,0.5384,0.3434,0.1041,0.3859,0.7373,2026-06
CUST1001895,0.448,0.599,0.01,0.3381,0.1992,0.0294,2026-06
CUST1001896,0.0851,0.3623,0.1893,0.2331,0.2826,0.4507,2026-06
CUST1001897,0.5901,0.7023,0.259,0.1265,0.3506,0.4217,2026-06
CUST1001898,0.2006,0.4073,0.3571,0.2324,0.4792,0.4487,2026-06
CUST1001899,0.3984,0.2629,0.3188,0.2818,0.3455,0.2285,2026-06
CUST1001900,0.347,0.7342,0.3654,0.2068,0.3506,0.4852,2026-06
CUST1001901,0.2935,0.2232,0.3182,0.2147,0.3503,0.01,2026-06
CUST1001902,0.1976,0.6287,0.2762,0.1747,0.4277,0.43,2026-06
CUST1001903,0.229,0.0293,0.3886,0.01,0.4046,0.3037,2026-06
CUST1001904,0.0598,0.3417,0.01,0.3567,0.1226,0.0389,2026-06
CUST1001905,0.3348,0.4589,0.6683,0.3505,0.3381,0.6175,2026-06
CUST1001906,0.456,0.4073,0.3296,0.104,0.503,0.471,2026-06
CUST1001907,0.2875,0.2249,0.3045,0.1841,0.3263,0.0644,2026-06
CUST1001908,0.3553,0.381,0.2486,0.1353,0.2454,0.4858,2026-06
CUST1001909,0.4326,0.6279,0.4882,0.2758,0.1756,0.6096,2026-06
CUST1001910,0.4557,0.26,0.277,0.2791,0.4567,0.1769,2026-06
CUST1001911,0.446,0.6012999999999999,0.3997,0.2625,0.4439,0.3285,2026-06
CUST1001912,0.1134,0.2567,0.3729,0.1881,0.334,0.4052,2026-06
CUST1001913,0.4375,0.301,0.3456,0.1724,0.6485,0.2043,2026-06
CUST1001914,0.3255,0.2234,0.2413,0.1025,0.3855,0.2153,2026-06
CUST1001915,0.1945,0.5352,0.1095,0.2088,0.3424,0.1175,2026-06
CUST1001916,0.5151,0.4468,0.4126,0.6117,0.2917,0.3861,2026-06
CUST1001917,0.2826,0.1919,0.1399,0.1408,0.3458,0.0429,2026-06
CUST1001918,0.4219,0.628,0.2812,0.0659,0.3256,0.3675,2026-06
CUST1001919,0.4796,0.3626,0.1971,0.1101,0.4222,0.3679,2026-06
CUST1001920,0.5822000000000001,0.3634,0.4969,0.248,0.6763,0.4081,2026-06
CUST1001921,0.2424,0.4505,0.3887,0.08409999999999999,0.4755,0.3761,2026-06
CUST1001922,0.4582,0.4104,0.4889,0.2681,0.4285,0.4232,2026-06
CUST1001923,0.3429,0.5911,0.3529,0.1741,0.3756,0.4778,2026-06
CUST1001924,0.5124,0.5692,0.456,0.2901,0.324,0.3821,2026-06
CUST1001925,0.304,0.4718,0.2532,0.2874,0.3467,0.3175,2026-06
CUST1001926,0.4788,0.6475,0.2202,0.1694,0.2962,0.2162,2026-06
CUST1001927,0.5764,0.6281,0.3601,0.1599,0.302,0.4589,2026-06
CUST1001928,0.3365,0.4575,0.4558,0.1917,0.3795,0.6048,2026-06
CUST1001929,0.572,0.3952,0.3625,0.1152,0.5181,0.6099,2026-06
CUST1001930,0.2954,0.4229,0.2937,0.0835,0.4453,0.5627,2026-06
CUST1001931,0.1368,0.3375,0.2331,0.1687,0.407,0.3052,2026-06
CUST1001932,0.0934,0.3441,0.2834,0.2141,0.3291,0.4033,2026-06
CUST1001933,0.4214,0.7233000000000001,0.1221,0.09619999999999999,0.3192,0.458,2026-06
CUST1001934,0.3592,0.3759,0.3025,0.2809,0.364,0.4146,2026-06
CUST1001935,0.3609,0.1153,0.1528,0.1786,0.3464,0.2046,2026-06
CUST1001936,0.2756,0.2425,0.1846,0.1693,0.349,0.3689,2026-06
CUST1001937,0.2655,0.4748,0.4765,0.1931,0.543,0.2768,2026-06
CUST1001938,0.1611,0.203,0.4803,0.1517,0.2877,0.5822000000000001,2026-06
CUST1001939,0.2457,0.2978,0.1982,0.1713,0.669,0.3507,2026-06
CUST1001940,0.2331,0.2378,0.1792,0.7033,0.1859,0.0919,2026-06
CUST1001941,0.5328000000000001,0.4688,0.3395,0.6254,0.178,0.4477,2026-06
CUST1001942,0.5359,0.3539,0.3117,0.1519,0.609,0.0602,2026-06
CUST1001943,0.4674,0.6841,0.4379,0.2414,0.2079,0.3413,2026-06
CUST1001944,0.4494,0.4728,0.4292,0.173,0.3677,0.4541,2026-06
CUST1001945,0.3335,0.1397,0.2933,0.1263,0.3739,0.07829999999999999,2026-06
CUST1001946,0.3051,0.141,0.1699,0.2477,0.5299,0.1008,2026-06
CUST1001947,0.2739,0.4528,0.4284,0.2601,0.3432,0.5044,2026-06
CUST1001948,0.3513,0.61,0.3205,0.2025,0.2634,0.6534,2026-06
CUST1001949,0.4566,0.2303,0.3426,0.1052,0.3549,0.1718,2026-06
CUST1001950,0.4011,0.5113,0.3245,0.1696,0.3851,0.4559,2026-06
CUST1001951,0.1665,0.3699,0.4399,0.2546,0.3426,0.4749,2026-06
CUST1001952,0.4666,0.4683,0.3806,0.2769,0.5377999999999999,0.5305,2026-06
CUST1001953,0.3677,0.8011,0.0369,0.1177,0.2513,0.3668,2026-06
CUST1001954,0.4267,0.579,0.4022,0.2151,0.3541,0.4714,2026-06
CUST1001955,0.2929,0.5918,0.1816,0.1379,0.5951,0.5568,2026-06
CUST1001956,0.2273,0.3014,0.01,0.1502,0.3938,0.078,2026-06
CUST1001957,0.3729,0.4188,0.3535,0.4702,0.4484,0.5171,2026-06
CUST1001958,0.4913,0.2778,0.3677,0.2243,0.4519,0.4255,2026-06
CUST1001959,0.4793,0.3382,0.4112,0.2389,0.1338,0.7537,2026-06
CUST1001960,0.4714,0.5357,0.2725,0.1298,0.4873,0.318,2026-06
CUST1001961,0.4041,0.2485,0.4446,0.2304,0.4121,0.3647,2026-06
CUST1001962,0.3452,0.2335,0.2838,0.175,0.5351,0.231,2026-06
CUST1001963,0.5266999999999999,0.5064,0.5204,0.1568,0.2507,0.5479000000000001,2026-06
CUST1001964,0.3901,0.697,0.4807,0.1283,0.1476,0.3357,2026-06
CUST1001965,0.4438,0.381,0.1676,0.7153,0.4798,0.01,2026-06
CUST1001966,0.2335,0.3896,0.1919,0.2936,0.3316,0.216,2026-06
CUST1001967,0.0959,0.7074,0.0344,0.2135,0.3214,0.3789,2026-06
CUST1001968,0.4533,0.5044999999999999,0.4099,0.3109,0.4438,0.5800999999999999,2026-06
CUST1001969,0.3529,0.4825,0.2939,0.2338,0.3923,0.4192,2026-06
CUST1001970,0.4766,0.6337,0.1579,0.2681,0.2797,0.4165,2026-06
CUST1001971,0.5143,0.444,0.5416,0.238,0.3896,0.5853,2026-06
CUST1001972,0.3874,0.5133,0.2851,0.2394,0.2338,0.4017,2026-06
CUST1001973,0.7062,0.1473,0.3866,0.191,0.3167,0.2307,2026-06
CUST1001974,0.3697,0.6536,0.4101,0.1046,0.3573,0.5829,2026-06
CUST1001975,0.2981,0.5553,0.35,0.4472,0.2124,0.3325,2026-06
CUST1001976,0.3177,0.467,0.3637,0.1212,0.3256,0.4803,2026-06
CUST1001977,0.289,0.3994,0.3902,0.2778,0.2717,0.3491,2026-06
CUST1001978,0.2775,0.1467,0.248,0.1201,0.2969,0.1433,2026-06
CUST1001979,0.3015,0.3839,0.353,0.2153,0.4623,0.298,2026-06
CUST1001980,0.438,0.6344,0.0677,0.2408,0.1761,0.4672,2026-06
CUST1001981,0.3538,0.491,0.3157,0.2007,0.4574,0.3363,2026-06
CUST1001982,0.5712,0.5128,0.4333,0.1436,0.3185,0.5286,2026-06
CUST1001983,0.5697,0.4666,0.3314,0.2542,0.6683,0.5268,2026-06
CUST1001984,0.5597,0.3379,0.2761,0.2276,0.1949,0.08799999999999999,2026-06
CUST1001985,0.4936,0.5206,0.3848,0.1027,0.4111,0.6317,2026-06
CUST1001986,0.0712,0.3113,0.2909,0.1747,0.2287,0.5701000000000001,2026-06
CUST1001987,0.2376,0.2123,0.208,0.2045,0.2891,0.362,2026-06
CUST1001988,0.6018,0.5974,0.4634,0.1576,0.3483,0.4674,2026-06
CUST1001989,0.3081,0.587,0.1853,0.283,0.3425,0.3849,2026-06
CUST1001990,0.2168,0.7756999999999999,0.1191,0.3341,0.4369,0.5324,2026-06
CUST1001991,0.3699,0.5695,0.4383,0.2854,0.2325,0.6577,2026-06
CUST1001992,0.4053,0.5499000000000001,0.2668,0.1691,0.3801,0.5276999999999999,2026-06
CUST1001993,0.5653,0.3991,0.5109,0.1716,0.3043,0.4729,2026-06
CUST1001994,0.3302,0.6109,0.371,0.0645,0.2506,0.4739,2026-06
CUST1001995,0.1548,0.4782,0.3727,0.1151,0.2961,0.3951,2026-06
CUST1001996,0.3859,0.5056,0.353,0.0868,0.2946,0.428,2026-06
CUST1001997,0.7058,0.6478,0.446,0.5201,0.142,0.186,2026-06
CUST1001998,0.3575,0.4385,0.3485,0.1789,0.4216,0.174,2026-06
CUST1001999,0.4685,0.3395,0.4021,0.1284,0.3439,0.6863,2026-06
CUST1002000,0.1533,0.5754,0.3451,0.1842,0.3962,0.3784,2026-06
CUST1002001,0.4161,0.5455,0.6531,0.6849,0.1477,0.5931999999999999,2026-06
CUST1002002,0.2224,0.3489,0.2004,0.2235,0.3181,0.01,2026-06
CUST1002003,0.2405,0.148,0.1007,0.0563,0.3111,0.1714,2026-06
CUST1002004,0.2121,0.4261,0.4525,0.1417,0.4113,0.49,2026-06
CUST1002005,0.1517,0.5121,0.5403,0.2045,0.2583,0.4726,2026-06
CUST1002006,0.4998,0.3456,0.01,0.0769,0.2944,0.0945,2026-06
CUST1002007,0.4307,0.5945,0.4352,0.1911,0.2671,0.4419,2026-06
CUST1002008,0.6112,0.4772,0.3123,0.2395,0.2833,0.3284,2026-06
CUST1002009,0.3597,0.7302999999999999,0.1949,0.2234,0.2825,0.2718,2026-06
CUST1002010,0.3811,0.2449,0.136,0.3263,0.6032,0.1488,2026-06
CUST1002011,0.4475,0.3995,0.3302,0.1356,0.4715,0.0703,2026-06
CUST1002012,0.4412,0.4151,0.1089,0.108,0.3727,0.4978,2026-06
CUST1002013,0.1812,0.01,0.01,0.1721,0.6427,0.0265,2026-06
CUST1002014,0.3387,0.3047,0.3195,0.1786,0.3844,0.101,2026-06
CUST1002015,0.5614,0.5392,0.235,0.2936,0.3071,0.4294,2026-06
CUST1002016,0.5233,0.2519,0.3033,0.1793,0.5476,0.255,2026-06
CUST1002017,0.6118,0.2474,0.2372,0.7088,0.236,0.2528,2026-06
CUST1002018,0.6276,0.2964,0.2172,0.01,0.475,0.1087,2026-06
CUST1002019,0.3209,0.3735,0.1678,0.1966,0.186,0.1709,2026-06
CUST1002020,0.2539,0.316,0.2748,0.0426,0.2837,0.4637,2026-06
CUST1002021,0.3192,0.5065,0.4862,0.2264,0.3634,0.208,2026-06
CUST1002022,0.3014,0.3439,0.2548,0.1602,0.3534,0.2132,2026-06
CUST1002023,0.5102,0.3802,0.5028,0.5078,0.062,0.5999,2026-06
CUST1002024,0.3203,0.1971,0.09619999999999999,0.232,0.3961,0.01,2026-06
CUST1002025,0.5361,0.7511,0.2598,0.2063,0.3567,0.5175,2026-06
CUST1002026,0.5548,0.5467,0.3581,0.1169,0.3671,0.6529,2026-06
CUST1002027,0.4609,0.4406,0.5422,0.1426,0.5352,0.4573,2026-06
CUST1002028,0.4898,0.389,0.352,0.2301,0.335,0.4016,2026-06
CUST1002029,0.2146,0.1672,0.1426,0.3162,0.314,0.2424,2026-06
CUST1002030,0.1464,0.7058,0.09909999999999999,0.1616,0.2136,0.4275,2026-06
CUST1002031,0.2243,0.1222,0.2763,0.0701,0.5835,0.3193,2026-06
CUST1002032,0.2731,0.5744,0.2395,0.2938,0.2202,0.3514,2026-06
CUST1002033,0.416,0.4974,0.242,0.2821,0.2211,0.2907,2026-06
CUST1002034,0.4665,0.6964,0.2195,0.2421,0.4141,0.4823,2026-06
CUST1002035,0.5138,0.6981000000000001,0.3399,0.1342,0.0838,0.5437,2026-06
CUST1002036,0.3103,0.3749,0.4269,0.01,0.3944,0.3461,2026-06
CUST1002037,0.2229,0.2583,0.1631,0.0737,0.2817,0.2887,2026-06
CUST1002038,0.2815,0.283,0.3448,0.0654,0.2162,0.3147,2026-06
CUST1002039,0.2191,0.4077,0.3353,0.0357,0.3908,0.4907,2026-06
CUST1002040,0.0514,0.436,0.1663,0.2075,0.4198,0.3747,2026-06
CUST1002041,0.596,0.3332,0.2891,0.222,0.3304,0.4529,2026-06
CUST1002042,0.3266,0.2868,0.0315,0.1703,0.0195,0.2539,2026-06
CUST1002043,0.4146,0.4222,0.3667,0.1629,0.4028,0.536,2026-06
CUST1002044,0.3274,0.6535,0.5389,0.1934,0.2017,0.3993,2026-06
CUST1002045,0.0755,0.4235,0.4516,0.1892,0.2813,0.485,2026-06
CUST1002046,0.5087,0.1361,0.3666,0.073,0.6016,0.3661,2026-06
CUST1002047,0.4496,0.5039,0.5792,0.1457,0.4159,0.3952,2026-06
CUST1002048,0.3442,0.4342,0.4954,0.0743,0.2954,0.7048,2026-06
CUST1002049,0.3311,0.4398,0.4996,0.1378,0.2238,0.7315,2026-06
CUST1002050,0.5745,0.3471,0.3586,0.1602,0.4389,0.6924,2026-06
CUST1002051,0.3132,0.147,0.2993,0.08119999999999999,0.441,0.2107,2026-06
CUST1002052,0.3829,0.5608,0.1257,0.097,0.0994,0.6551,2026-06
CUST1002053,0.5597,0.4775,0.1771,0.156,0.1937,0.1834,2026-06
CUST1002054,0.4373,0.6489,0.417,0.3045,0.2139,0.4363,2026-06
CUST1002055,0.3563,0.5213,0.4649,0.2094,0.1076,0.4227,2026-06
CUST1002056,0.2757,0.413,0.4887,0.3064,0.3454,0.4305,2026-06
CUST1002057,0.1907,0.3938,0.2037,0.2597,0.3744,0.2733,2026-06
CUST1002058,0.4449,0.5024999999999999,0.4987,0.1249,0.4106,0.4771,2026-06
CUST1002059,0.1753,0.148,0.2747,0.3458,0.3264,0.01,2026-06
CUST1002060,0.07969999999999999,0.1961,0.01,0.184,0.2273,0.1833,2026-06
CUST1002061,0.2231,0.1939,0.3098,0.3316,0.3451,0.4725,2026-06
CUST1002062,0.377,0.6474,0.2583,0.0318,0.2351,0.4506,2026-06
CUST1002063,0.371,0.4392,0.01,0.2964,0.2917,0.108,2026-06
CUST1002064,0.1464,0.3487,0.4906,0.1178,0.1529,0.5862000000000001,2026-06
CUST1002065,0.1112,0.4902,0.3488,0.318,0.4533,0.4847,2026-06
CUST1002066,0.4891,0.434,0.01,0.2451,0.2407,0.378,2026-06
CUST1002067,0.2537,0.4628,0.01,0.1851,0.6188,0.1802,2026-06
CUST1002068,0.5782,0.3709,0.3782,0.2161,0.3852,0.382,2026-06
CUST1002069,0.5816,0.2544,0.6995,0.2929,0.475,0.3923,2026-06
CUST1002070,0.6222,0.5002,0.4176,0.0271,0.4,0.4511,2026-06
CUST1002071,0.267,0.3486,0.1793,0.2094,0.0723,0.1546,2026-06
CUST1002072,0.2008,0.467,0.1685,0.1778,0.3252,0.01,2026-06
CUST1002073,0.3537,0.4662,0.2669,0.2323,0.316,0.57,2026-06
CUST1002074,0.3693,0.4478,0.3899,0.1097,0.4206,0.4697,2026-06
CUST1002075,0.064,0.1396,0.01,0.2252,0.3197,0.1536,2026-06
CUST1002076,0.3827,0.495,0.1478,0.2101,0.5064,0.2235,2026-06
CUST1002077,0.3568,0.6525,0.4649,0.0433,0.2863,0.57,2026-06
CUST1002078,0.3878,0.4028,0.4499,0.0489,0.4223,0.4244,2026-06
CUST1002079,0.3531,0.3749,0.4579,0.0136,0.4353,0.7128,2026-06
CUST1002080,0.2384,0.2559,0.1557,0.1695,0.4122,0.0236,2026-06
CUST1002081,0.356,0.7196,0.09089999999999999,0.0485,0.1587,0.3041,2026-06
CUST1002082,0.1358,0.4613,0.2387,0.1693,0.2237,0.2653,2026-06
CUST1002083,0.3457,0.2449,0.1814,0.2098,0.4608,0.2982,2026-06
CUST1002084,0.5413,0.6008,0.0327,0.1823,0.163,0.6145,2026-06
CUST1002085,0.4013,0.7113,0.2546,0.3188,0.3016,0.3673,2026-06
CUST1002086,0.1059,0.1934,0.1062,0.1045,0.2141,0.1039,2026-06
CUST1002087,0.471,0.3071,0.1089,0.1289,0.1182,0.0327,2026-06
CUST1002088,0.5759,0.4787,0.1645,0.1872,0.6462,0.4725,2026-06
CUST1002089,0.5283,0.5812,0.328,0.2168,0.3252,0.3522,2026-06
CUST1002090,0.2562,0.4715,0.349,0.221,0.3726,0.3253,2026-06
CUST1002091,0.2695,0.4358,0.3471,0.1945,0.4869,0.6089,2026-06
CUST1002092,0.1211,0.1855,0.1467,0.2836,0.5772,0.1456,2026-06
CUST1002093,0.1587,0.4609,0.3179,0.2688,0.406,0.4301,2026-06
CUST1002094,0.3853,0.4219,0.3957,0.1607,0.4337,0.3775,2026-06
CUST1002095,0.1704,0.2303,0.3165,0.1136,0.3998,0.2485,2026-06
CUST1002096,0.3769,0.4989,0.4222,0.1169,0.4441,0.6116,2026-06
CUST1002097,0.5437,0.293,0.2534,0.214,0.285,0.4025,2026-06
CUST1002098,0.2739,0.3865,0.2857,0.2283,0.2068,0.4584,2026-06
CUST1002099,0.3725,0.3499,0.4181,0.0934,0.3929,0.448,2026-06
CUST1002100,0.3299,0.0312,0.3024,0.1279,0.327,0.244,2026-06
CUST1002101,0.5465,0.7117,0.1836,0.065,0.2491,0.1356,2026-06
CUST1002102,0.227,0.6191,0.2716,0.2045,0.2903,0.348,2026-06
CUST1002103,0.344,0.6475,0.09669999999999999,0.1395,0.3532,0.1492,2026-06
CUST1002104,0.574,0.3909,0.135,0.0471,0.1503,0.1145,2026-06
CUST1002105,0.5249,0.2994,0.2513,0.1645,0.3155,0.2402,2026-06
CUST1002106,0.3221,0.1693,0.1115,0.1224,0.2995,0.1841,2026-06
CUST1002107,0.2907,0.526,0.1905,0.3091,0.5915,0.3492,2026-06
CUST1002108,0.491,0.2409,0.1639,0.1331,0.2875,0.1325,2026-06
CUST1002109,0.2627,0.4741,0.4165,0.2129,0.4324,0.5193,2026-06
CUST1002110,0.4343,0.3864,0.2132,0.2732,0.2754,0.4999,2026-06
CUST1002111,0.4765,0.7448,0.4582,0.1966,0.2751,0.5985,2026-06
CUST1002112,0.595,0.6812,0.4914,0.2314,0.2348,0.4071,2026-06
CUST1002113,0.2515,0.3519,0.3618,0.1419,0.4647,0.3631,2026-06
CUST1002114,0.3377,0.3476,0.3728,0.1613,0.1928,0.5898,2026-06
CUST1002115,0.2917,0.3228,0.149,0.1933,0.5299,0.2253,2026-06
CUST1002116,0.1332,0.3194,0.01,0.1836,0.2856,0.4033,2026-06
CUST1002117,0.4728,0.3408,0.4781,0.4987,0.3243,0.3435,2026-06
CUST1002118,0.3514,0.3378,0.4591,0.0892,0.2299,0.7043,2026-06
CUST1002119,0.428,0.4604,0.5093,0.2354,0.5496,0.5368000000000001,2026-06
CUST1002120,0.3102,0.2865,0.205,0.1984,0.2577,0.428,2026-06
CUST1002121,0.3358,0.1837,0.2994,0.622,0.1492,0.0497,2026-06
CUST1002122,0.4441,0.2492,0.1292,0.0677,0.2136,0.0255,2026-06
CUST1002123,0.2922,0.4718,0.3729,0.1226,0.2925,0.2286,2026-06
CUST1002124,0.5574,0.4892,0.2331,0.316,0.4501,0.3254,2026-06
CUST1002125,0.5133,0.419,0.43,0.1055,0.3051,0.5914,2026-06
CUST1002126,0.5112,0.7596000000000001,0.3689,0.2993,0.5918,0.2886,2026-06
CUST1002127,0.4356,0.4246,0.1756,0.2108,0.3304,0.4738,2026-06
CUST1002128,0.3278,0.3099,0.0687,0.1081,0.4477,0.0524,2026-06
CUST1002129,0.2861,0.6882,0.2419,0.2401,0.3911,0.4022,2026-06
CUST1002130,0.2684,0.5344,0.5084,0.01,0.3953,0.4483,2026-06
CUST1002131,0.3936,0.4014,0.4193,0.1885,0.3248,0.59,2026-06
CUST1002132,0.3485,0.5196,0.2173,0.2955,0.6213,0.3628,2026-06
CUST1002133,0.2653,0.4072,0.3266,0.1717,0.3775,0.1809,2026-06
CUST1002134,0.4309,0.2299,0.1505,0.1356,0.5953000000000001,0.1131,2026-06
CUST1002135,0.3968,0.3878,0.6098,0.2426,0.4236,0.3109,2026-06
CUST1002136,0.2831,0.5207000000000001,0.2397,0.1144,0.3098,0.1549,2026-06
CUST1002137,0.5237000000000001,0.5207000000000001,0.4434,0.0322,0.4847,0.4646,2026-06
CUST1002138,0.2326,0.252,0.2653,0.3027,0.3916,0.4685,2026-06
CUST1002139,0.3257,0.5325,0.3873,0.07820000000000001,0.281,0.4234,2026-06
CUST1002140,0.429,0.2693,0.3807,0.2701,0.4864,0.1909,2026-06
CUST1002141,0.1033,0.3874,0.0296,0.3333,0.2511,0.1484,2026-06
CUST1002142,0.5631,0.6802,0.3447,0.2439,0.4216,0.308,2026-06
CUST1002143,0.4022,0.4539,0.2203,0.0422,0.2932,0.6839,2026-06
CUST1002144,0.1669,0.1378,0.1745,0.3374,0.2512,0.1294,2026-06
CUST1002145,0.2555,0.5002,0.01,0.1258,0.1829,0.2346,2026-06
CUST1002146,0.4678,0.7227,0.5364,0.3175,0.3465,0.4107,2026-06
CUST1002147,0.4967,0.3103,0.2113,0.1917,0.2614,0.3468,2026-06
CUST1002148,0.3032,0.6446,0.3862,0.0551,0.2716,0.4772,2026-06
CUST1002149,0.5757,0.6198,0.362,0.2314,0.3161,0.3703,2026-06
CUST1002150,0.5532,0.8092,0.4265,0.0547,0.1963,0.2441,2026-06
CUST1002151,0.4975,0.4726,0.3242,0.2901,0.3232,0.3598,2026-06
CUST1002152,0.1841,0.5387,0.3674,0.1906,0.3423,0.4392,2026-06
CUST1002153,0.4756,0.3686,0.1541,0.2508,0.3268,0.124,2026-06
CUST1002154,0.2454,0.2191,0.234,0.0644,0.4575,0.3835,2026-06
CUST1002155,0.2919,0.2286,0.0332,0.1855,0.5402,0.0803,2026-06
CUST1002156,0.4764,0.4226,0.3007,0.2086,0.2626,0.1529,2026-06
CUST1002157,0.3717,0.1848,0.1852,0.597,0.3556,0.1163,2026-06
CUST1002158,0.1202,0.3697,0.5972,0.1141,0.2792,0.6684,2026-06
CUST1002159,0.2802,0.1517,0.2115,0.0687,0.1394,0.1695,2026-06
CUST1002160,0.4075,0.6311,0.274,0.6718,0.0722,0.3167,2026-06
CUST1002161,0.2077,0.725,0.3011,0.2223,0.2983,0.4244,2026-06
CUST1002162,0.2103,0.486,0.3243,0.2511,0.407,0.5974,2026-06
CUST1002163,0.3541,0.4646,0.4598,0.2697,0.308,0.4327,2026-06
CUST1002164,0.4768,0.4658,0.617,0.1874,0.3407,0.8455,2026-06
CUST1002165,0.2584,0.396,0.4107,0.2518,0.3257,0.6156,2026-06
CUST1002166,0.4592,0.5492,0.5372,0.129,0.4678,0.4876,2026-06
CUST1002167,0.3057,0.22,0.1711,0.2111,0.4091,0.2265,2026-06
CUST1002168,0.2874,0.5196,0.2567,0.145,0.4408,0.3428,2026-06
CUST1002169,0.2982,0.2655,0.5696,0.1822,0.1868,0.5197000000000001,2026-06
CUST1002170,0.4107,0.7306,0.0461,0.1155,0.0545,0.4862,2026-06
CUST1002171,0.315,0.4734,0.4726,0.2418,0.2551,0.2212,2026-06
CUST1002172,0.3728,0.426,0.4051,0.2023,0.2924,0.3517,2026-06
CUST1002173,0.5746,0.5593,0.4688,0.1472,0.3105,0.3592,2026-06
CUST1002174,0.442,0.4263,0.4962,0.1788,0.3389,0.6094000000000001,2026-06
CUST1002175,0.513,0.3603,0.3571,0.1471,0.3453,0.433,2026-06
CUST1002176,0.3047,0.6025,0.2198,0.1168,0.2235,0.4556,2026-06
CUST1002177,0.3424,0.191,0.2528,0.257,0.3109,0.1649,2026-06
CUST1002178,0.3415,0.4398,0.463,0.1487,0.2523,0.3371,2026-06
CUST1002179,0.2634,0.2387,0.1666,0.0965,0.614,0.244,2026-06
CUST1002180,0.3563,0.697,0.3366,0.2758,0.307,0.4039,2026-06
CUST1002181,0.4796,0.6502,0.2298,0.239,0.335,0.4082,2026-06
CUST1002182,0.4798,0.7967,0.5138,0.1891,0.4156,0.3667,2026-06
CUST1002183,0.3333,0.4884,0.4364,0.1011,0.3642,0.4497,2026-06
CUST1002184,0.6031,0.4388,0.364,0.1418,0.5087,0.3594,2026-06
CUST1002185,0.341,0.3478,0.4797,0.2045,0.4169,0.493,2026-06
CUST1002186,0.3387,0.3009,0.2022,0.2127,0.4013,0.2413,2026-06
CUST1002187,0.1937,0.3562,0.2751,0.1683,0.4771,0.1545,2026-06
CUST1002188,0.2633,0.246,0.1656,0.3167,0.3314,0.3687,2026-06
CUST1002189,0.3726,0.3505,0.1963,0.2954,0.018,0.1343,2026-06
CUST1002190,0.5014999999999999,0.6073,0.398,0.158,0.1974,0.2514,2026-06
CUST1002191,0.3669,0.3439,0.3156,0.17,0.3182,0.5345,2026-06
CUST1002192,0.1525,0.5394,0.4366,0.2647,0.365,0.4924,2026-06
CUST1002193,0.3025,0.5372,0.3395,0.2122,0.4733,0.6701,2026-06
CUST1002194,0.0983,0.647,0.5009,0.0532,0.2809,0.3144,2026-06
CUST1002195,0.1432,0.5459000000000001,0.2105,0.3469,0.2218,0.3562,2026-06
CUST1002196,0.4986,0.4535,0.4901,0.0376,0.4304,0.2316,2026-06
CUST1002197,0.1325,0.2427,0.0824,0.204,0.1213,0.0935,2026-06
CUST1002198,0.01,0.3334,0.01,0.1636,0.1218,0.2255,2026-06
CUST1002199,0.2567,0.2391,0.1192,0.1592,0.2819,0.0842,2026-06
CUST1002200,0.5935,0.3536,0.2931,0.1214,0.4526,0.2773,2026-06
CUST1002201,0.1878,0.3186,0.3168,0.1241,0.3624,0.3922,2026-06
CUST1002202,0.3516,0.3517,0.3586,0.1743,0.5022,0.499,2026-06
CUST1002203,0.408,0.3622,0.1989,0.1981,0.14,0.1474,2026-06
CUST1002204,0.2933,0.4909,0.4619,0.2937,0.2778,0.3568,2026-06
CUST1002205,0.1708,0.5377999999999999,0.4352,0.1826,0.3704,0.3704,2026-06
CUST1002206,0.5852000000000001,0.4716,0.4038,0.2834,0.383,0.4725,2026-06
CUST1002207,0.5027,0.3451,0.2798,0.328,0.3684,0.7134,2026-06
CUST1002208,0.2603,0.6153999999999999,0.2201,0.1992,0.2271,0.4073,2026-06
CUST1002209,0.4494,0.4902,0.3267,0.5538,0.3743,0.3438,2026-06
CUST1002210,0.3118,0.5305,0.115,0.108,0.2879,0.3972,2026-06
CUST1002211,0.4348,0.7369,0.4002,0.1286,0.1059,0.5433,2026-06
CUST1002212,0.3766,0.7445000000000001,0.105,0.3022,0.4059,0.4556,2026-06
CUST1002213,0.4015,0.3976,0.5065,0.0655,0.3915,0.6526,2026-06
CUST1002214,0.1658,0.3025,0.3929,0.2517,0.3804,0.6042999999999999,2026-06
CUST1002215,0.193,0.503,0.199,0.1605,0.3961,0.532,2026-06
CUST1002216,0.122,0.4202,0.09130000000000001,0.3009,0.2284,0.1034,2026-06
CUST1002217,0.1896,0.8129,0.3681,0.1231,0.3009,0.3167,2026-06
CUST1002218,0.4307,0.7092000000000001,0.2634,0.1168,0.1549,0.5217000000000001,2026-06
CUST1002219,0.4483,0.6476,0.5451,0.2536,0.1851,0.3525,2026-06
CUST1002220,0.4108,0.6054,0.01,0.2303,0.1595,0.1894,2026-06
CUST1002221,0.3058,0.3086,0.1322,0.2422,0.3061,0.0435,2026-06
CUST1002222,0.3137,0.187,0.4354,0.1609,0.4248,0.1478,2026-06
CUST1002223,0.4408,0.6055,0.0398,0.2487,0.2878,0.3511,2026-06
CUST1002224,0.2856,0.2187,0.1952,0.3149,0.4554,0.1105,2026-06
CUST1002225,0.2704,0.6587,0.2821,0.2212,0.2371,0.4775,2026-06
CUST1002226,0.5249,0.6822,0.424,0.2497,0.4882,0.4189,2026-06
CUST1002227,0.4985,0.6806,0.2129,0.1719,0.2998,0.5014,2026-06
CUST1002228,0.2872,0.3819,0.3103,0.1889,0.5164,0.0902,2026-06
CUST1002229,0.5071,0.3591,0.3029,0.1075,0.2616,0.4783,2026-06
CUST1002230,0.5794,0.5913,0.3981,0.0218,0.2721,0.3226,2026-06
CUST1002231,0.343,0.2988,0.2273,0.6746,0.5008,0.2495,2026-06
CUST1002232,0.0536,0.3319,0.0154,0.0769,0.3907,0.0772,2026-06
CUST1002233,0.2344,0.4103,0.4863,0.1671,0.4873,0.6852,2026-06
CUST1002234,0.09,0.6251,0.1674,0.1772,0.2519,0.3811,2026-06
CUST1002235,0.6086,0.3671,0.5972,0.315,0.4132,0.6475,2026-06
CUST1002236,0.1116,0.1839,0.2222,0.0935,0.4678,0.2617,2026-06
CUST1002237,0.601,0.3115,0.2718,0.1258,0.5018,0.4752,2026-06
CUST1002238,0.1588,0.6551,0.4687,0.2621,0.3441,0.4036,2026-06
CUST1002239,0.01,0.248,0.01,0.1211,0.2985,0.2041,2026-06
CUST1002240,0.3792,0.5219,0.4812,0.1384,0.4444,0.5764,2026-06
CUST1002241,0.3231,0.5604,0.4448,0.2432,0.435,0.4666,2026-06
CUST1002242,0.2444,0.286,0.4918,0.1426,0.3384,0.5610000000000001,2026-06
CUST1002243,0.5384,0.3602,0.3499,0.1544,0.4333,0.4265,2026-06
CUST1002244,0.3074,0.4013,0.3265,0.3156,0.4274,0.491,2026-06
CUST1002245,0.4342,0.1918,0.1985,0.0531,0.3331,0.312,2026-06
CUST1002246,0.3316,0.4222,0.221,0.1909,0.3701,0.3851,2026-06
CUST1002247,0.3055,0.3629,0.3275,0.1443,0.2742,0.5982,2026-06
CUST1002248,0.5134,0.6964,0.3962,0.2524,0.5063,0.4193,2026-06
CUST1002249,0.479,0.3962,0.3666,0.0388,0.3468,0.6398,2026-06
CUST1002250,0.2872,0.0692,0.0788,0.3037,0.1132,0.08359999999999999,2026-06
CUST1002251,0.4919,0.6067,0.1234,0.2605,0.3454,0.278,2026-06
CUST1002252,0.3176,0.3507,0.3995,0.1246,0.3045,0.4651,2026-06
CUST1002253,0.1238,0.4566,0.4839,0.039,0.3879,0.6266,2026-06
CUST1002254,0.4964,0.4417,0.3915,0.0958,0.2805,0.3273,2026-06
CUST1002255,0.2948,0.4735,0.4772,0.1147,0.469,0.5292,2026-06
CUST1002256,0.4594,0.4073,0.4161,0.2462,0.1958,0.34,2026-06
CUST1002257,0.3592,0.4517,0.01,0.1943,0.3635,0.317,2026-06
CUST1002258,0.437,0.506,0.17,0.1259,0.3126,0.3219,2026-06
CUST1002259,0.2093,0.2329,0.1656,0.641,0.4973,0.0445,2026-06
CUST1002260,0.1169,0.19,0.01,0.2701,0.2222,0.09080000000000001,2026-06
CUST1002261,0.6182,0.5847,0.4485,0.0298,0.3114,0.3726,2026-06
CUST1002262,0.3284,0.4121,0.5799,0.2579,0.413,0.3577,2026-06
CUST1002263,0.2984,0.5234,0.2747,0.1367,0.3335,0.6299,2026-06
CUST1002264,0.4008,0.5436,0.3537,0.1896,0.2127,0.3353,2026-06
CUST1002265,0.7164,0.4824,0.5642,0.1696,0.3682,0.4401,2026-06
CUST1002266,0.2806,0.2064,0.2812,0.32,0.5984,0.06510000000000001,2026-06
CUST1002267,0.5322,0.4398,0.1905,0.154,0.4204,0.2101,2026-06
CUST1002268,0.2196,0.4755,0.3633,0.2484,0.1953,0.4688,2026-06
CUST1002269,0.5429,0.4615,0.4434,0.2042,0.317,0.504,2026-06
CUST1002270,0.4176,0.6254,0.2776,0.09470000000000001,0.4282,0.5011,2026-06
CUST1002271,0.2747,0.2066,0.4447,0.2183,0.3423,0.3442,2026-06
CUST1002272,0.4131,0.4729,0.1566,0.1848,0.6767,0.0687,2026-06
CUST1002273,0.3457,0.4624,0.6163999999999999,0.2025,0.4869,0.2811,2026-06
CUST1002274,0.08450000000000001,0.4537,0.2248,0.2151,0.3268,0.14,2026-06
CUST1002275,0.2006,0.5496,0.0201,0.2463,0.1278,0.4893,2026-06
CUST1002276,0.525,0.5584,0.3591,0.1553,0.2453,0.0987,2026-06
CUST1002277,0.4179,0.3569,0.4474,0.2421,0.3721,0.4791,2026-06
CUST1002278,0.283,0.4847,0.5818,0.226,0.3303,0.5314,2026-06
CUST1002279,0.4539,0.2728,0.4004,0.2283,0.3998,0.5102,2026-06
CUST1002280,0.4497,0.3922,0.4076,0.1955,0.4661,0.3025,2026-06
CUST1002281,0.2201,0.5076000000000001,0.4473,0.1384,0.1916,0.4295,2026-06
CUST1002282,0.3925,0.6296,0.01,0.3458,0.2941,0.1964,2026-06
CUST1002283,0.1868,0.395,0.2687,0.1323,0.3967,0.5741000000000001,2026-06
CUST1002284,0.5203,0.4051,0.5719,0.265,0.5649,0.496,2026-06
CUST1002285,0.2683,0.2979,0.2914,0.1111,0.1809,0.0704,2026-06
CUST1002286,0.4909,0.2651,0.2824,0.2058,0.6994,0.2166,2026-06
CUST1002287,0.4905,0.5562,0.5187,0.1559,0.1814,0.4928,2026-06
CUST1002288,0.3874,0.4977,0.6165,0.1894,0.1667,0.7432,2026-06
CUST1002289,0.2612,0.3204,0.3608,0.0521,0.5315,0.0793,2026-06
CUST1002290,0.2113,0.5667,0.2536,0.1592,0.3247,0.5444,2026-06
CUST1002291,0.5247000000000001,0.452,0.2453,0.1796,0.2806,0.6352,2026-06
CUST1002292,0.2261,0.3386,0.3699,0.1359,0.2608,0.3539,2026-06
CUST1002293,0.3624,0.4966,0.0663,0.1942,0.2738,0.3422,2026-06
CUST1002294,0.3278,0.5766,0.2219,0.3482,0.2293,0.552,2026-06
CUST1002295,0.5159,0.3283,0.0146,0.1774,0.3308,0.3158,2026-06
CUST1002296,0.4707,0.4687,0.4171,0.1542,0.415,0.591,2026-06
CUST1002297,0.0794,0.1589,0.09370000000000001,0.273,0.2963,0.2003,2026-06
CUST1002298,0.4038,0.6840000000000001,0.2651,0.1941,0.211,0.3584,2026-06
CUST1002299,0.4554,0.6155,0.2366,0.3192,0.3586,0.2439,2026-06
CUST1002300,0.4567,0.5232,0.4326,0.3336,0.4348,0.6235000000000001,2026-06
CUST1002301,0.3703,0.6548,0.4047,0.1405,0.2956,0.4013,2026-06
CUST1002302,0.485,0.4734,0.6087,0.7517,0.4084,0.3887,2026-06
CUST1002303,0.2595,0.5233,0.3197,0.1243,0.2531,0.5427,2026-06
CUST1002304,0.1098,0.3277,0.01,0.1853,0.5193,0.2207,2026-06
CUST1002305,0.495,0.5052,0.4585,0.1833,0.8254,0.482,2026-06
CUST1002306,0.6108,0.2134,0.3894,0.0696,0.492,0.2283,2026-06
CUST1002307,0.4455,0.6286,0.2072,0.1407,0.2729,0.6263,2026-06
CUST1002308,0.5541,0.3273,0.365,0.0969,0.3497,0.27,2026-06
CUST1002309,0.4779,0.171,0.01,0.145,0.2877,0.0246,2026-06
CUST1002310,0.0601,0.4506,0.2946,0.2835,0.2464,0.309,2026-06
CUST1002311,0.4096,0.3397,0.5139,0.1851,0.4085,0.5542,2026-06
CUST1002312,0.1229,0.5419,0.4513,0.0456,0.3337,0.5041,2026-06
CUST1002313,0.1446,0.1228,0.1208,0.1247,0.4634,0.2634,2026-06
CUST1002314,0.4206,0.4108,0.2078,0.0911,0.5188,0.1529,2026-06
CUST1002315,0.1733,0.3398,0.483,0.5486,0.3171,0.5424,2026-06
CUST1002316,0.237,0.2517,0.5121,0.1072,0.3377,0.3534,2026-06
CUST1002317,0.3095,0.4205,0.3877,0.1377,0.2972,0.2926,2026-06
CUST1002318,0.2073,0.4335,0.1259,0.3031,0.2639,0.3814,2026-06
CUST1002319,0.4324,0.2608,0.5479000000000001,0.2286,0.5268,0.3755,2026-06
CUST1002320,0.4284,0.6667,0.3207,0.1207,0.4206,0.3801,2026-06
CUST1002321,0.0924,0.4911,0.6052999999999999,0.2466,0.413,0.3535,2026-06
CUST1002322,0.4275,0.6405,0.3295,0.1758,0.1981,0.3933,2026-06
CUST1002323,0.5373,0.3512,0.3621,0.226,0.3476,0.3467,2026-06
CUST1002324,0.4167,0.5006,0.2596,0.1453,0.244,0.3277,2026-06
CUST1002325,0.3104,0.536,0.3555,0.2908,0.4251,0.308,2026-06
CUST1002326,0.2576,0.6483,0.2663,0.1129,0.1627,0.4508,2026-06
CUST1002327,0.4573,0.2104,0.01,0.1608,0.2617,0.2639,2026-06
CUST1002328,0.3239,0.1053,0.2771,0.0488,0.2447,0.0958,2026-06
CUST1002329,0.4124,0.7323,0.3159,0.2031,0.3901,0.4829,2026-06
CUST1002330,0.4711,0.767,0.2472,0.0975,0.2409,0.3821,2026-06
CUST1002331,0.5153,0.5461,0.4835,0.1178,0.31,0.2566,2026-06
CUST1002332,0.2056,0.2857,0.0815,0.1572,0.1713,0.08119999999999999,2026-06
CUST1002333,0.1667,0.3041,0.029,0.315,0.1796,0.3917,2026-06
CUST1002334,0.3075,0.311,0.3948,0.2138,0.3284,0.3219,2026-06
CUST1002335,0.2974,0.4999,0.5018,0.1277,0.422,0.4021,2026-06
CUST1002336,0.2931,0.625,0.2401,0.3319,0.2331,0.5077,2026-06
CUST1002337,0.093,0.4408,0.2152,0.0263,0.2538,0.3961,2026-06
CUST1002338,0.4587,0.5323,0.4598,0.2655,0.4189,0.2864,2026-06
CUST1002339,0.1713,0.3798,0.2534,0.01,0.5085,0.2353,2026-06
CUST1002340,0.1412,0.4737,0.4363,0.1578,0.215,0.4041,2026-06
CUST1002341,0.3226,0.6639,0.296,0.1794,0.1934,0.3087,2026-06
CUST1002342,0.5738,0.5659999999999999,0.32,0.09080000000000001,0.2222,0.2582,2026-06
CUST1002343,0.306,0.4164,0.3113,0.2506,0.3088,0.3906,2026-06
CUST1002344,0.4686,0.4416,0.5078,0.1597,0.4463,0.3756,2026-06
CUST1002345,0.2055,0.5189,0.2274,0.2438,0.1597,0.2941,2026-06
CUST1002346,0.132,0.2974,0.1157,0.0572,0.5104,0.1506,2026-06
CUST1002347,0.2563,0.5054,0.5548,0.139,0.5294,0.4989,2026-06
CUST1002348,0.4496,0.3265,0.4557,0.01,0.3171,0.6341,2026-06
CUST1002349,0.4659,0.3177,0.2184,0.1313,0.7261,0.2275,2026-06
CUST1002350,0.0548,0.2345,0.1504,0.0755,0.06510000000000001,0.2069,2026-06
CUST1002351,0.2272,0.701,0.4075,0.1023,0.3619,0.3831,2026-06
CUST1002352,0.4789,0.5580000000000001,0.3989,0.36,0.2898,0.2961,2026-06
CUST1002353,0.1729,0.137,0.1096,0.1951,0.5581,0.1633,2026-06
CUST1002354,0.5561,0.4613,0.3369,0.1784,0.3851,0.3848,2026-06
CUST1002355,0.3728,0.4474,0.3672,0.3002,0.3522,0.5629999999999999,2026-06
CUST1002356,0.4284,0.3383,0.4868,0.1795,0.4937,0.3496,2026-06
CUST1002357,0.4669,0.536,0.6261,0.2051,0.3631,0.5921999999999999,2026-06
CUST1002358,0.4284,0.2103,0.2822,0.1436,0.3863,0.095,2026-06
CUST1002359,0.2816,0.6862,0.1534,0.0511,0.2261,0.5301,2026-06
CUST1002360,0.217,0.1944,0.1028,0.2416,0.5435,0.3715,2026-06
CUST1002361,0.2381,0.6277,0.5121,0.2563,0.3135,0.3806,2026-06
CUST1002362,0.1888,0.4071,0.5665,0.08359999999999999,0.3643,0.2968,2026-06
CUST1002363,0.2444,0.504,0.07140000000000001,0.2148,0.2412,0.4598,2026-06
CUST1002364,0.2486,0.5756,0.1657,0.3526,0.4111,0.2885,2026-06
CUST1002365,0.4385,0.5891,0.361,0.0467,0.1184,0.6761,2026-06
CUST1002366,0.4485,0.5743,0.5023,0.2413,0.5632,0.4641,2026-06
CUST1002367,0.4741,0.6604,0.4684,0.1411,0.2537,0.5755,2026-06
CUST1002368,0.4315,0.7046,0.2255,0.1934,0.2423,0.5694,2026-06
CUST1002369,0.2879,0.08550000000000001,0.3546,0.0415,0.5361,0.2484,2026-06
CUST1002370,0.3565,0.2973,0.5556,0.2686,0.2796,0.2351,2026-06
CUST1002371,0.26,0.3071,0.4436,0.1326,0.3983,0.2808,2026-06
CUST1002372,0.225,0.317,0.0936,0.2419,0.0891,0.0368,2026-06
CUST1002373,0.4575,0.7701,0.2834,0.181,0.1752,0.4866,2026-06
CUST1002374,0.3806,0.4345,0.4779,0.0863,0.3476,0.0892,2026-06
CUST1002375,0.2259,0.1819,0.0264,0.1426,0.5750999999999999,0.1604,2026-06
CUST1002376,0.09669999999999999,0.4575,0.39,0.1482,0.2359,0.422,2026-06
CUST1002377,0.4342,0.4843,0.301,0.09959999999999999,0.6543,0.3835,2026-06
CUST1002378,0.4249,0.4277,0.4833,0.1548,0.6191,0.4499,2026-06
CUST1002379,0.6722,0.1244,0.4217,0.1374,0.556,0.035,2026-06
CUST1002380,0.2253,0.5239,0.082,0.1726,0.2814,0.3206,2026-06
CUST1002381,0.1386,0.474,0.2533,0.6492,0.3569,0.3646,2026-06
CUST1002382,0.1857,0.2043,0.2119,0.3318,0.3792,0.1676,2026-06
CUST1002383,0.1831,0.3755,0.2631,0.57,0.4307,0.0408,2026-06
CUST1002384,0.2282,0.1527,0.2781,0.1402,0.3137,0.1113,2026-06
CUST1002385,0.3423,0.6754,0.1222,0.2489,0.3689,0.3391,2026-06
CUST1002386,0.4046,0.6114000000000001,0.3996,0.091,0.4435,0.451,2026-06
CUST1002387,0.218,0.4825,0.3699,0.2333,0.2983,0.2613,2026-06
CUST1002388,0.1779,0.2649,0.2468,0.3028,0.3522,0.1819,2026-06
CUST1002389,0.01,0.5118,0.5797,0.2365,0.461,0.2345,2026-06
CUST1002390,0.1679,0.4234,0.3106,0.0462,0.3191,0.428,2026-06
CUST1002391,0.3999,0.7696,0.2708,0.0965,0.1734,0.4688,2026-06
CUST1002392,0.3869,0.4374,0.3957,0.1805,0.4851,0.3324,2026-06
CUST1002393,0.2324,0.2987,0.2747,0.2998,0.5194,0.5445,2026-06
CUST1002394,0.3306,0.1314,0.01,0.168,0.1032,0.2241,2026-06
CUST1002395,0.2987,0.355,0.444,0.1526,0.4262,0.6879,2026-06
CUST1002396,0.2509,0.2333,0.3736,0.1645,0.3485,0.5679999999999999,2026-06
CUST1002397,0.0944,0.161,0.01,0.1703,0.09229999999999999,0.2357,2026-06
CUST1002398,0.4959,0.5413,0.5266999999999999,0.2628,0.19,0.5443,2026-06
CUST1002399,0.649,0.6788,0.4733,0.2704,0.2488,0.3912,2026-06
CUST1002400,0.3945,0.5668,0.6142,0.1616,0.3377,0.389,2026-06
CUST1002401,0.2696,0.7259,0.283,0.1559,0.3091,0.4426,2026-06
CUST1002402,0.4882,0.5538,0.2902,0.1746,0.3092,0.2838,2026-06
CUST1002403,0.3377,0.3253,0.3633,0.3256,0.265,0.4871,2026-06
CUST1002404,0.1549,0.3644,0.2167,0.6311,0.2731,0.216,2026-06
CUST1002405,0.2662,0.135,0.01,0.0613,0.4393,0.1975,2026-06
CUST1002406,0.3017,0.6056,0.01,0.3263,0.3058,0.5647,2026-06
CUST1002407,0.4904,0.6834,0.3945,0.1078,0.4139,0.7095,2026-06
CUST1002408,0.476,0.6259,0.2331,0.2379,0.3473,0.405,2026-06
CUST1002409,0.3952,0.5455,0.01,0.3101,0.2561,0.3234,2026-06
CUST1002410,0.2967,0.7047,0.438,0.1578,0.2617,0.323,2026-06
CUST1002411,0.2535,0.0759,0.01,0.1209,0.4355,0.0386,2026-06
CUST1002412,0.4052,0.5132,0.5184,0.1274,0.4547,0.5131,2026-06
CUST1002413,0.6239,0.5379,0.01,0.1342,0.3667,0.2472,2026-06
CUST1002414,0.3802,0.6632,0.3406,0.4067,0.3538,0.4506,2026-06
CUST1002415,0.3245,0.1662,0.2484,0.2843,0.383,0.5191,2026-06
CUST1002416,0.4448,0.4953,0.1385,0.0289,0.2376,0.1054,2026-06
CUST1002417,0.3453,0.3129,0.2323,0.1817,0.3656,0.01,2026-06
CUST1002418,0.6011,0.202,0.0912,0.1101,0.6244,0.226,2026-06
CUST1002419,0.4533,0.6362,0.257,0.2769,0.2857,0.4596,2026-06
CUST1002420,0.4987,0.3548,0.3684,0.175,0.3426,0.3604,2026-06
CUST1002421,0.2812,0.3694,0.2315,0.0784,0.3104,0.119,2026-06
CUST1002422,0.6106,0.6975,0.3241,0.2133,0.3302,0.5342,2026-06
CUST1002423,0.2856,0.3853,0.3153,0.0725,0.2811,0.2066,2026-06
CUST1002424,0.3435,0.5475,0.1916,0.0563,0.3646,0.4257,2026-06
CUST1002425,0.4671,0.6882,0.3538,0.09420000000000001,0.473,0.4511,2026-06
CUST1002426,0.4219,0.7176,0.3038,0.2894,0.4324,0.4613,2026-06
CUST1002427,0.2359,0.0858,0.373,0.2474,0.2443,0.0726,2026-06
CUST1002428,0.4683,0.4865,0.4244,0.1923,0.3949,0.2389,2026-06
CUST1002429,0.2792,0.5572,0.5348000000000001,0.0434,0.4642,0.405,2026-06
CUST1002430,0.2143,0.1915,0.01,0.2014,0.4919,0.068,2026-06
CUST1002431,0.3016,0.7181,0.1867,0.2074,0.3056,0.4198,2026-06
CUST1002432,0.1018,0.5959,0.4208,0.1484,0.4297,0.3002,2026-06
CUST1002433,0.2445,0.6182,0.1029,0.1279,0.2359,0.2042,2026-06
CUST1002434,0.3318,0.153,0.1227,0.2006,0.5184,0.2854,2026-06
CUST1002435,0.2973,0.3779,0.2267,0.1226,0.303,0.0827,2026-06
CUST1002436,0.3508,0.3657,0.3503,0.6413,0.3743,0.3521,2026-06
CUST1002437,0.4399,0.4746,0.4979,0.1841,0.3071,0.2449,2026-06
CUST1002438,0.3342,0.2372,0.1499,0.1229,0.1921,0.2362,2026-06
CUST1002439,0.2865,0.5125,0.0851,0.2583,0.2769,0.3619,2026-06
CUST1002440,0.5165999999999999,0.3754,0.197,0.3059,0.3458,0.1835,2026-06
CUST1002441,0.5404,0.6234,0.3887,0.1803,0.5054999999999999,0.4949,2026-06
CUST1002442,0.4784,0.3441,0.01,0.2158,0.3941,0.1775,2026-06
CUST1002443,0.3224,0.4289,0.3437,0.2543,0.2964,0.4611,2026-06
CUST1002444,0.6568000000000001,0.4876,0.3888,0.11,0.38,0.2848,2026-06
CUST1002445,0.3406,0.6158,0.5285,0.01,0.3913,0.5376,2026-06
CUST1002446,0.2684,0.4042,0.2751,0.1869,0.3509,0.4104,2026-06
CUST1002447,0.4762,0.5337,0.4977,0.1911,0.3956,0.5641,2026-06
CUST1002448,0.1856,0.7057,0.2326,0.1337,0.3578,0.32,2026-06
CUST1002449,0.3925,0.4669,0.1059,0.3867,0.2649,0.2769,2026-06
CUST1002450,0.2685,0.3511,0.2513,0.1905,0.2607,0.5058,2026-06
CUST1002451,0.6383,0.4173,0.2184,0.2435,0.5755,0.155,2026-06
CUST1002452,0.389,0.2077,0.2801,0.2745,0.388,0.2672,2026-06
CUST1002453,0.4147,0.5048,0.3955,0.2712,0.2333,0.3667,2026-06
CUST1002454,0.5893,0.4621,0.1137,0.1386,0.2658,0.3214,2026-06
CUST1002455,0.4648,0.377,0.4126,0.1766,0.2777,0.3759,2026-06
CUST1002456,0.5066000000000001,0.7383,0.4842,0.1565,0.3915,0.4364,2026-06
CUST1002457,0.3091,0.5849,0.4185,0.0396,0.3753,0.4416,2026-06
CUST1002458,0.4215,0.4204,0.2747,0.5438,0.1786,0.4464,2026-06
CUST1002459,0.0482,0.3769,0.0559,0.2613,0.2091,0.2507,2026-06
CUST1002460,0.2768,0.4192,0.3874,0.1609,0.2486,0.3006,2026-06
CUST1002461,0.1679,0.2615,0.4489,0.293,0.3523,0.6556999999999999,2026-06
CUST1002462,0.4006,0.4003,0.3916,0.5738,0.3159,0.4092,2026-06
CUST1002463,0.2799,0.6448,0.1905,0.2592,0.3282,0.4494,2026-06
CUST1002464,0.5458,0.5132,0.4252,0.465,0.0141,0.6302,2026-06
CUST1002465,0.5516,0.3978,0.3991,0.4854,0.3682,0.2893,2026-06
CUST1002466,0.2198,0.3627,0.1478,0.1694,0.3652,0.2302,2026-06
CUST1002467,0.5332,0.1458,0.2409,0.1256,0.297,0.01,2026-06
CUST1002468,0.4162,0.6736,0.1414,0.4828,0.224,0.0595,2026-06
CUST1002469,0.4431,0.4473,0.3785,0.1468,0.3018,0.4172,2026-06
CUST1002470,0.4285,0.4181,0.3943,0.1476,0.2502,0.433,2026-06
CUST1002471,0.2011,0.1216,0.207,0.259,0.3182,0.1461,2026-06
CUST1002472,0.4343,0.3934,0.417,0.1369,0.3946,0.5346,2026-06
CUST1002473,0.4615,0.4338,0.3132,0.5161,0.2186,0.074,2026-06
CUST1002474,0.6784,0.7398,0.3022,0.3371,0.2142,0.4221,2026-06
CUST1002475,0.3034,0.555,0.13,0.1864,0.4355,0.4972,2026-06
CUST1002476,0.2661,0.0917,0.2628,0.1215,0.2574,0.2684,2026-06
CUST1002477,0.1466,0.2222,0.197,0.3138,0.4991,0.1093,2026-06
CUST1002478,0.3952,0.6153,0.1303,0.07539999999999999,0.2063,0.1684,2026-06
CUST1002479,0.3125,0.3861,0.478,0.2623,0.324,0.1189,2026-06
CUST1002480,0.3151,0.5824,0.1659,0.1852,0.2348,0.0655,2026-06
CUST1002481,0.3448,0.694,0.3659,0.1462,0.3103,0.3321,2026-06
CUST1002482,0.1972,0.2744,0.2992,0.2933,0.4057,0.1907,2026-06
CUST1002483,0.6397,0.4771,0.2638,0.2907,0.2714,0.3298,2026-06
CUST1002484,0.4247,0.5878,0.2246,0.223,0.3025,0.3788,2026-06
CUST1002485,0.445,0.5729,0.333,0.1822,0.4212,0.1715,2026-06
CUST1002486,0.5636,0.3767,0.5079,0.2969,0.4699,0.4031,2026-06
CUST1002487,0.206,0.4388,0.3501,0.1319,0.2856,0.5434,2026-06
CUST1002488,0.2881,0.3051,0.021,0.1537,0.2651,0.0493,2026-06
CUST1002489,0.509,0.4534,0.3678,0.1742,0.3227,0.643,2026-06
CUST1002490,0.2436,0.3889,0.2814,0.2932,0.2613,0.5904,2026-06
CUST1002491,0.3063,0.7565,0.1217,0.295,0.3262,0.373,2026-06
CUST1002492,0.3676,0.5465,0.2792,0.5201,0.3762,0.2937,2026-06
CUST1002493,0.4829,0.4504,0.2261,0.3366,0.3825,0.2871,2026-06
CUST1002494,0.327,0.3657,0.345,0.056,0.3057,0.7141999999999999,2026-06
CUST1002495,0.4607,0.6301,0.4929,0.1296,0.4473,0.4389,2026-06
CUST1002496,0.01,0.1636,0.01,0.1556,0.1945,0.0577,2026-06
CUST1002497,0.5085,0.2599,0.3816,0.1019,0.1672,0.0363,2026-06
CUST1002498,0.318,0.6213,0.1149,0.2397,0.3256,0.3544,2026-06
CUST1002499,0.1685,0.3124,0.4011,0.1854,0.3654,0.4944,2026-06
CUST1002500,0.5047,0.5191,0.3902,0.1392,0.4472,0.444,2026-06
CUST1002501,0.4202,0.4346,0.1109,0.0746,0.2222,0.2099,2026-06
CUST1002502,0.537,0.5103,0.01,0.11,0.3046,0.0741,2026-06
CUST1002503,0.4858,0.3344,0.3315,0.1553,0.3264,0.5964,2026-06
CUST1002504,0.4355,0.5239,0.3021,0.1666,0.1225,0.3206,2026-06
CUST1002505,0.4346,0.2978,0.189,0.2484,0.1569,0.1993,2026-06
CUST1002506,0.5017,0.231,0.3344,0.3075,0.6347,0.1777,2026-06
CUST1002507,0.2295,0.5245,0.2309,0.3125,0.2921,0.4118,2026-06
CUST1002508,0.4063,0.6825,0.1275,0.2073,0.2783,0.3628,2026-06
CUST1002509,0.2449,0.3645,0.4059,0.2293,0.4756,0.673,2026-06
CUST1002510,0.5153,0.4172,0.3413,0.0725,0.3475,0.358,2026-06
CUST1002511,0.2944,0.7852,0.1797,0.2052,0.2139,0.2627,2026-06
CUST1002512,0.3519,0.3515,0.0931,0.2453,0.3106,0.2017,2026-06
CUST1002513,0.4038,0.5907,0.3654,0.2338,0.3772,0.4758,2026-06
CUST1002514,0.3639,0.3713,0.3755,0.2781,0.264,0.6082,2026-06
CUST1002515,0.4573,0.412,0.027,0.2821,0.1626,0.3045,2026-06
CUST1002516,0.4202,0.5765,0.3868,0.1386,0.3111,0.413,2026-06
CUST1002517,0.2648,0.2778,0.2169,0.1436,0.455,0.1386,2026-06
CUST1002518,0.2443,0.4712,0.1623,0.1435,0.1038,0.4772,2026-06
CUST1002519,0.0506,0.6223,0.3439,0.2742,0.3394,0.1721,2026-06
CUST1002520,0.2394,0.4344,0.01,0.1891,0.4047,0.2145,2026-06
CUST1002521,0.4735,0.461,0.1623,0.3061,0.2162,0.1402,2026-06
CUST1002522,0.3392,0.6016,0.2192,0.126,0.3463,0.3908,2026-06
CUST1002523,0.6682,0.3909,0.2329,0.06279999999999999,0.2494,0.2872,2026-06
CUST1002524,0.3722,0.5499000000000001,0.1595,0.2125,0.3398,0.3281,2026-06
CUST1002525,0.1292,0.4552,0.3597,0.1677,0.4222,0.6065,2026-06
CUST1002526,0.3273,0.3205,0.3476,0.2323,0.426,0.2866,2026-06
CUST1002527,0.3484,0.1542,0.1565,0.0249,0.2837,0.1259,2026-06
CUST1002528,0.2022,0.1518,0.2923,0.3273,0.3152,0.3232,2026-06
CUST1002529,0.3211,0.1471,0.1789,0.0258,0.4143,0.4098,2026-06
CUST1002530,0.4505,0.2351,0.09669999999999999,0.1945,0.6921,0.154,2026-06
CUST1002531,0.4495,0.4839,0.3877,0.1169,0.3587,0.5169,2026-06
CUST1002532,0.2945,0.2723,0.2361,0.1179,0.3053,0.4307,2026-06
CUST1002533,0.0969,0.2499,0.4447,0.2141,0.3442,0.3483,2026-06
CUST1002534,0.584,0.5627,0.4379,0.09959999999999999,0.2938,0.4694,2026-06
CUST1002535,0.3547,0.3372,0.6377,0.07149999999999999,0.4303,0.6936,2026-06
CUST1002536,0.1224,0.1806,0.261,0.3548,0.3686,0.1009,2026-06
CUST1002537,0.3031,0.181,0.2565,0.0838,0.546,0.2503,2026-06
CUST1002538,0.1438,0.1519,0.2182,0.1706,0.346,0.1199,2026-06
CUST1002539,0.1408,0.5113,0.3339,0.1572,0.3354,0.4393,2026-06
CUST1002540,0.3517,0.4807,0.3301,0.1755,0.2464,0.4284,2026-06
CUST1002541,0.4662,0.7417,0.1483,0.244,0.1142,0.3683,2026-06
CUST1002542,0.3944,0.5888,0.3184,0.3022,0.2779,0.3512,2026-06
CUST1002543,0.4409,0.5407,0.1676,0.283,0.3599,0.0795,2026-06
CUST1002544,0.2437,0.422,0.5234,0.0948,0.289,0.3736,2026-06
CUST1002545,0.5334,0.8531,0.2725,0.2524,0.1309,0.4828,2026-06
CUST1002546,0.3919,0.6706,0.1178,0.1356,0.2901,0.4283,2026-06
CUST1002547,0.3758,0.4422,0.4421,0.0274,0.3966,0.5618,2026-06
CUST1002548,0.3415,0.3578,0.5169,0.1832,0.434,0.5322,2026-06
CUST1002549,0.3634,0.4405,0.6624,0.1736,0.3544,0.5165999999999999,2026-06
CUST1002550,0.1734,0.495,0.1896,0.1181,0.3252,0.4378,2026-06
CUST1002551,0.3174,0.6401,0.2951,0.1562,0.3085,0.3677,2026-06
CUST1002552,0.3857,0.4405,0.3399,0.1051,0.4105,0.2676,2026-06
CUST1002553,0.2406,0.3317,0.1426,0.1212,0.3611,0.1795,2026-06
CUST1002554,0.2204,0.4702,0.416,0.0912,0.4238,0.2923,2026-06
CUST1002555,0.4753,0.5959,0.2963,0.169,0.255,0.1618,2026-06
CUST1002556,0.5805,0.7106,0.3168,0.0833,0.348,0.4522,2026-06
CUST1002557,0.1876,0.2189,0.1866,0.2435,0.3718,0.1067,2026-06
CUST1002558,0.3402,0.6338,0.2076,0.0771,0.2282,0.4561,2026-06
CUST1002559,0.434,0.2781,0.1269,0.1171,0.3974,0.3665,2026-06
CUST1002560,0.4672,0.2272,0.162,0.2187,0.5541,0.01,2026-06
CUST1002561,0.5094,0.2832,0.2689,0.5082,0.3718,0.3313,2026-06
CUST1002562,0.355,0.2075,0.2709,0.2887,0.3927,0.01,2026-06
CUST1002563,0.2516,0.4325,0.4785,0.1694,0.3244,0.579,2026-06
CUST1002564,0.2562,0.157,0.2508,0.1623,0.2587,0.04,2026-06
CUST1002565,0.1528,0.3095,0.1803,0.2009,0.2173,0.138,2026-06
CUST1002566,0.54,0.3829,0.5029,0.1998,0.4781,0.3608,2026-06
CUST1002567,0.4614,0.6083,0.357,0.1415,0.1981,0.4359,2026-06
CUST1002568,0.3383,0.625,0.2339,0.1342,0.3923,0.5473,2026-06
CUST1002569,0.2276,0.2202,0.3424,0.1373,0.3667,0.1917,2026-06
CUST1002570,0.4057,0.1731,0.2292,0.0548,0.3693,0.5571,2026-06
CUST1002571,0.2231,0.2388,0.4396,0.2785,0.3176,0.5285,2026-06
CUST1002572,0.4695,0.08359999999999999,0.1524,0.1415,0.3347,0.1154,2026-06
CUST1002573,0.3808,0.3012,0.2533,0.1816,0.3264,0.1425,2026-06
CUST1002574,0.3847,0.4464,0.4875,0.0186,0.1748,0.1114,2026-06
CUST1002575,0.4392,0.6555,0.4732,0.0323,0.2371,0.59,2026-06
CUST1002576,0.2622,0.5411,0.1986,0.3259,0.1979,0.3497,2026-06
CUST1002577,0.1058,0.4425,0.3976,0.0323,0.4521,0.4431,2026-06
CUST1002578,0.5329,0.5482,0.5038,0.1274,0.3767,0.399,2026-06
CUST1002579,0.3655,0.2692,0.4258,0.2681,0.3908,0.6807,2026-06
CUST1002580,0.1245,0.241,0.041,0.1835,0.3266,0.1952,2026-06
CUST1002581,0.5082,0.7038,0.3104,0.0735,0.2163,0.4698,2026-06
CUST1002582,0.2874,0.2633,0.354,0.1013,0.3633,0.3615,2026-06
CUST1002583,0.2256,0.4617,0.5374,0.1578,0.4597,0.4457,2026-06
CUST1002584,0.3329,0.2934,0.4252,0.2996,0.484,0.2433,2026-06
CUST1002585,0.3714,0.6922,0.2173,0.222,0.1918,0.5790999999999999,2026-06
CUST1002586,0.3685,0.2827,0.3391,0.1855,0.2234,0.01,2026-06
CUST1002587,0.4057,0.4306,0.0432,0.0674,0.5709,0.4555,2026-06
CUST1002588,0.3884,0.3985,0.3466,0.1329,0.1716,0.3468,2026-06
CUST1002589,0.5611,0.3702,0.2743,0.1072,0.3931,0.1945,2026-06
CUST1002590,0.3676,0.2874,0.2507,0.2173,0.2817,0.103,2026-06
CUST1002591,0.493,0.4214,0.312,0.0755,0.4184,0.5729,2026-06
CUST1002592,0.2631,0.4653,0.4024,0.1148,0.3268,0.5142,2026-06
CUST1002593,0.4587,0.6079,0.4602,0.2049,0.371,0.3852,2026-06
CUST1002594,0.296,0.4167,0.4072,0.1562,0.3948,0.3489,2026-06
CUST1002595,0.4215,0.5911999999999999,0.2248,0.2132,0.4947,0.4755,2026-06
CUST1002596,0.2886,0.7879,0.124,0.1769,0.3786,0.3523,2026-06
CUST1002597,0.4357,0.5457,0.014,0.2028,0.3344,0.1471,2026-06
CUST1002598,0.2499,0.6021,0.2183,0.0428,0.2868,0.1417,2026-06
CUST1002599,0.1009,0.4116,0.1368,0.3495,0.1367,0.2017,2026-06
CUST1002600,0.3191,0.6989,0.4288,0.245,0.0607,0.6321,2026-06
CUST1002601,0.4169,0.4397,0.3673,0.1412,0.5229,0.421,2026-06
CUST1002602,0.3669,0.4585,0.484,0.2275,0.5419,0.5748,2026-06
CUST1002603,0.3752,0.4753,0.1043,0.2758,0.383,0.06909999999999999,2026-06
CUST1002604,0.3163,0.3866,0.3945,0.2066,0.2225,0.1244,2026-06
CUST1002605,0.4101,0.4234,0.2165,0.1727,0.592,0.5442,2026-06
CUST1002606,0.4067,0.3902,0.3266,0.1875,0.3578,0.4285,2026-06
CUST1002607,0.3728,0.4081,0.3002,0.2765,0.535,0.4471,2026-06
CUST1002608,0.1408,0.4948,0.2281,0.1707,0.2798,0.4664,2026-06
CUST1002609,0.1689,0.3714,0.0582,0.1921,0.302,0.0895,2026-06
CUST1002610,0.179,0.1155,0.0581,0.0876,0.3098,0.3288,2026-06
CUST1002611,0.2246,0.6985,0.3748,0.1937,0.2329,0.4457,2026-06
CUST1002612,0.3719,0.5256,0.3595,0.0507,0.461,0.3775,2026-06
CUST1002613,0.5746,0.5123,0.3801,0.1619,0.08890000000000001,0.3366,2026-06
CUST1002614,0.4743,0.5933,0.3139,0.2705,0.3107,0.5666,2026-06
CUST1002615,0.5547,0.4958,0.4964,0.1126,0.2004,0.4634,2026-06
CUST1002616,0.2043,0.179,0.1455,0.1992,0.2322,0.01,2026-06
CUST1002617,0.3629,0.5331,0.394,0.6092,0.2307,0.5706,2026-06
CUST1002618,0.4147,0.6861,0.054,0.3284,0.3328,0.2918,2026-06
CUST1002619,0.268,0.4569,0.34,0.1661,0.1987,0.3829,2026-06
CUST1002620,0.3313,0.5684,0.4418,0.3531,0.4063,0.4716,2026-06
CUST1002621,0.3353,0.4968,0.4668,0.1811,0.2907,0.4732,2026-06
CUST1002622,0.2951,0.2525,0.3417,0.7619,0.3904,0.2098,2026-06
CUST1002623,0.5351,0.844,0.4938,0.1662,0.3129,0.5766,2026-06
CUST1002624,0.2587,0.3861,0.2589,0.1129,0.5385,0.4489,2026-06
CUST1002625,0.2526,0.3603,0.3779,0.1065,0.4155,0.5367,2026-06
CUST1002626,0.4911,0.338,0.3405,0.1424,0.4226,0.3318,2026-06
CUST1002627,0.2257,0.3187,0.3108,0.1153,0.371,0.0468,2026-06
CUST1002628,0.4241,0.3969,0.2254,0.1193,0.4447,0.2181,2026-06
CUST1002629,0.0267,0.255,0.09370000000000001,0.2049,0.4716,0.2123,2026-06
CUST1002630,0.5348000000000001,0.4517,0.5134,0.1741,0.4344,0.4854,2026-06
CUST1002631,0.2774,0.4442,0.3004,0.2072,0.386,0.3591,2026-06
CUST1002632,0.6229,0.4833,0.3298,0.327,0.413,0.4638,2026-06
CUST1002633,0.3527,0.381,0.5106000000000001,0.01,0.3546,0.5602,2026-06
CUST1002634,0.3788,0.4899,0.4782,0.2429,0.3855,0.6492,2026-06
CUST1002635,0.1727,0.4362,0.2646,0.092,0.3672,0.454,2026-06
CUST1002636,0.3469,0.4099,0.2122,0.1573,0.4589,0.422,2026-06
CUST1002637,0.4002,0.5064,0.213,0.1427,0.2336,0.3502,2026-06
CUST1002638,0.2404,0.1982,0.3473,0.7016,0.4209,0.5124,2026-06
CUST1002639,0.2447,0.3976,0.297,0.0864,0.4041,0.4129,2026-06
CUST1002640,0.3925,0.486,0.2985,0.1907,0.219,0.6307,2026-06
CUST1002641,0.5891,0.4546,0.5072,0.0784,0.2531,0.5812,2026-06
CUST1002642,0.5457,0.3892,0.2648,0.1879,0.4925,0.5975,2026-06
CUST1002643,0.22,0.2874,0.3483,0.0447,0.2794,0.0677,2026-06
CUST1002644,0.2558,0.5759,0.4628,0.2544,0.4219,0.3733,2026-06
CUST1002645,0.5564,0.4206,0.4006,0.2474,0.3118,0.4972,2026-06
CUST1002646,0.4132,0.4068,0.0297,0.2448,0.3679,0.2816,2026-06
CUST1002647,0.438,0.6836,0.2681,0.2465,0.293,0.4763,2026-06
CUST1002648,0.1854,0.4692,0.4554,0.2805,0.3605,0.4139,2026-06
CUST1002649,0.06909999999999999,0.427,0.313,0.1415,0.4919,0.255,2026-06
CUST1002650,0.2743,0.3822,0.3149,0.3199,0.3182,0.4281,2026-06
CUST1002651,0.3251,0.3956,0.2042,0.1761,0.3211,0.3693,2026-06
CUST1002652,0.2561,0.5016,0.5402,0.1381,0.4011,0.5814,2026-06
CUST1002653,0.5145999999999999,0.4406,0.3239,0.01,0.1695,0.08210000000000001,2026-06
CUST1002654,0.4555,0.4315,0.1615,0.1499,0.5413,0.2559,2026-06
CUST1002655,0.1968,0.5305,0.4532,0.0602,0.2906,0.3188,2026-06
CUST1002656,0.3971,0.3643,0.4747,0.217,0.3886,0.6149,2026-06
CUST1002657,0.1457,0.4179,0.5524,0.1885,0.282,0.5037,2026-06
CUST1002658,0.3591,0.3254,0.4722,0.1664,0.5246,0.3281,2026-06
CUST1002659,0.2877,0.2692,0.1174,0.01,0.3054,0.2265,2026-06
CUST1002660,0.5047,0.5067,0.4548,0.1544,0.6002,0.144,2026-06
CUST1002661,0.3242,0.3811,0.4201,0.0857,0.5371,0.4011,2026-06
CUST1002662,0.3204,0.5635,0.2196,0.2491,0.4794,0.4728,2026-06
CUST1002663,0.3086,0.2015,0.0883,0.1638,0.07149999999999999,0.1141,2026-06
CUST1002664,0.3827,0.3339,0.545,0.2069,0.4205,0.4916,2026-06
CUST1002665,0.4064,0.224,0.2545,0.3197,0.5501,0.2521,2026-06
CUST1002666,0.3278,0.642,0.076,0.2354,0.1907,0.4231,2026-06
CUST1002667,0.3081,0.41,0.3807,0.2422,0.4088,0.2956,2026-06
CUST1002668,0.3069,0.4908,0.2017,0.1363,0.2907,0.5859,2026-06
CUST1002669,0.3112,0.2668,0.4595,0.66,0.2427,0.3723,2026-06
CUST1002670,0.3343,0.3211,0.378,0.1863,0.2445,0.4752,2026-06
CUST1002671,0.4891,0.7834,0.2166,0.1925,0.2385,0.3291,2026-06
CUST1002672,0.4547,0.379,0.4065,0.1432,0.3903,0.8001,2026-06
CUST1002673,0.572,0.6413,0.3527,0.1363,0.1522,0.3916,2026-06
CUST1002674,0.1608,0.5971,0.1894,0.1652,0.3784,0.2762,2026-06
CUST1002675,0.2686,0.4362,0.1279,0.09660000000000001,0.485,0.3628,2026-06
CUST1002676,0.1478,0.5327,0.3482,0.2542,0.5728,0.4857,2026-06
CUST1002677,0.5177,0.4562,0.4135,0.1667,0.2904,0.5488,2026-06
CUST1002678,0.424,0.5574,0.06909999999999999,0.2367,0.5768,0.4162,2026-06
CUST1002679,0.2379,0.4324,0.5132,0.3602,0.2649,0.5389,2026-06
CUST1002680,0.4252,0.3288,0.1694,0.1376,0.2572,0.146,2026-06
CUST1002681,0.1944,0.4732,0.01,0.1096,0.09030000000000001,0.2146,2026-06
CUST1002682,0.4114,0.5342,0.3836,0.2187,0.4084,0.6041,2026-06
CUST1002683,0.3282,0.3132,0.15,0.0539,0.3554,0.01,2026-06
CUST1002684,0.2485,0.3647,0.5542,0.1505,0.3817,0.5818,2026-06
CUST1002685,0.3279,0.6589,0.389,0.1993,0.2594,0.3972,2026-06
CUST1002686,0.5047,0.6202,0.2694,0.08799999999999999,0.1012,0.3705,2026-06
CUST1002687,0.3873,0.4493,0.5266,0.5847,0.3539,0.2678,2026-06
CUST1002688,0.3572,0.1896,0.18,0.3098,0.2842,0.2563,2026-06
CUST1002689,0.3778,0.1777,0.3678,0.1154,0.3434,0.1949,2026-06
CUST1002690,0.4798,0.631,0.3247,0.238,0.2147,0.3969,2026-06
CUST1002691,0.5038,0.4347,0.1984,0.1247,0.4946,0.1116,2026-06
CUST1002692,0.3679,0.5523,0.01,0.264,0.2604,0.0983,2026-06
CUST1002693,0.5214,0.5174,0.488,0.2246,0.3868,0.5646,2026-06
CUST1002694,0.51,0.464,0.4281,0.2321,0.4344,0.5404,2026-06
CUST1002695,0.3221,0.1834,0.1025,0.2532,0.4628,0.1638,2026-06
CUST1002696,0.3676,0.6853,0.4668,0.1589,0.2744,0.3123,2026-06
CUST1002697,0.6192,0.4191,0.2403,0.2254,0.5528999999999999,0.2444,2026-06
CUST1002698,0.246,0.5848,0.2572,0.01,0.3304,0.5756,2026-06
CUST1002699,0.4309,0.4346,0.5087,0.1531,0.2542,0.3912,2026-06
CUST1002700,0.4776,0.357,0.0184,0.2075,0.3553,0.6056,2026-06
CUST1002701,0.3595,0.7004,0.2804,0.2007,0.3818,0.6464,2026-06
CUST1002702,0.6044,0.4847,0.4718,0.2289,0.2213,0.5637,2026-06
CUST1002703,0.5293,0.718,0.2722,0.1202,0.3858,0.4009,2026-06
CUST1002704,0.4741,0.3121,0.4396,0.1177,0.3092,0.5475,2026-06
CUST1002705,0.2166,0.1656,0.3273,0.1025,0.2966,0.3054,2026-06
CUST1002706,0.3567,0.4384,0.1058,0.2868,0.5682,0.4592,2026-06
CUST1002707,0.37,0.2199,0.2776,0.1158,0.2241,0.2181,2026-06
CUST1002708,0.2311,0.192,0.01,0.2862,0.06320000000000001,0.2501,2026-06
CUST1002709,0.169,0.1543,0.0223,0.1658,0.3769,0.1141,2026-06
CUST1002710,0.0665,0.0934,0.1732,0.0559,0.2346,0.3006,2026-06
CUST1002711,0.3473,0.2224,0.4693,0.2589,0.2649,0.3431,2026-06
CUST1002712,0.4699,0.3873,0.3959,0.3817,0.2184,0.4156,2026-06
CUST1002713,0.1726,0.2698,0.451,0.221,0.308,0.2329,2026-06
CUST1002714,0.4876,0.471,0.544,0.1192,0.3626,0.7168,2026-06
CUST1002715,0.2912,0.5708,0.4918,0.1413,0.248,0.5439000000000001,2026-06
CUST1002716,0.451,0.5623,0.242,0.2347,0.354,0.1029,2026-06
CUST1002717,0.0987,0.2709,0.0439,0.1736,0.3308,0.0291,2026-06
CUST1002718,0.325,0.3859,0.01,0.3283,0.2031,0.0505,2026-06
CUST1002719,0.3535,0.1748,0.2132,0.2368,0.2114,0.1627,2026-06
CUST1002720,0.3034,0.49,0.41,0.1883,0.1579,0.4616,2026-06
CUST1002721,0.4834,0.7534999999999999,0.1847,0.1824,0.4007,0.631,2026-06
CUST1002722,0.2948,0.4164,0.1206,0.4849,0.1752,0.0209,2026-06
CUST1002723,0.2368,0.2189,0.2674,0.2346,0.2431,0.171,2026-06
CUST1002724,0.2603,0.3105,0.1498,0.1675,0.3958,0.0988,2026-06
CUST1002725,0.2882,0.6195000000000001,0.1271,0.1944,0.2971,0.4309,2026-06
CUST1002726,0.3118,0.1469,0.1381,0.0922,0.4515,0.2832,2026-06
CUST1002727,0.1233,0.3992,0.01,0.513,0.1602,0.01,2026-06
CUST1002728,0.4126,0.5251,0.1945,0.164,0.2609,0.396,2026-06
CUST1002729,0.5768,0.4859,0.1413,0.2967,0.2249,0.0472,2026-06
CUST1002730,0.2836,0.3903,0.0755,0.2961,0.293,0.3848,2026-06
CUST1002731,0.4703,0.5379,0.494,0.1679,0.3011,0.4928,2026-06
CUST1002732,0.434,0.4677,0.0473,0.2989,0.2191,0.139,2026-06
CUST1002733,0.1567,0.4489,0.3024,0.632,0.3293,0.3938,2026-06
CUST1002734,0.1842,0.6483,0.2691,0.2208,0.3781,0.3543,2026-06
CUST1002735,0.3225,0.2215,0.5363,0.1138,0.3474,0.413,2026-06
CUST1002736,0.3649,0.4242,0.0527,0.1362,0.3293,0.0975,2026-06
CUST1002737,0.4503,0.5976,0.4539,0.1094,0.4223,0.336,2026-06
CUST1002738,0.3174,0.3548,0.3689,0.0835,0.2204,0.376,2026-06
CUST1002739,0.4312,0.4434,0.3804,0.1883,0.4724,0.3065,2026-06
CUST1002740,0.4484,0.5647,0.4757,0.0791,0.209,0.6066,2026-06
CUST1002741,0.1764,0.6478,0.2454,0.1775,0.1909,0.5667,2026-06
CUST1002742,0.3549,0.5185,0.2738,0.1973,0.1293,0.4612,2026-06
CUST1002743,0.351,0.4712,0.546,0.1366,0.6451,0.2878,2026-06
CUST1002744,0.4194,0.6987,0.1327,0.2505,0.2579,0.3272,2026-06
CUST1002745,0.5205,0.6368,0.3692,0.4642,0.3022,0.3503,2026-06
CUST1002746,0.2644,0.6457000000000001,0.2206,0.0822,0.2864,0.361,2026-06
CUST1002747,0.2843,0.3434,0.282,0.2589,0.5696,0.2616,2026-06
CUST1002748,0.2921,0.4159,0.3978,0.1513,0.4312,0.6815,2026-06
CUST1002749,0.3304,0.7257,0.1328,0.2769,0.2677,0.3257,2026-06
CUST1002750,0.3554,0.2415,0.3353,0.1666,0.2368,0.1874,2026-06
CUST1002751,0.29,0.4646,0.5152,0.3258,0.4431,0.4768,2026-06
CUST1002752,0.4411,0.3237,0.4105,0.5263,0.3138,0.5554,2026-06
CUST1002753,0.1008,0.2521,0.104,0.2555,0.5334,0.185,2026-06
CUST1002754,0.3823,0.366,0.6029,0.2116,0.0975,0.374,2026-06
CUST1002755,0.4491,0.4109,0.1648,0.1941,0.3485,0.1632,2026-06
CUST1002756,0.4099,0.6742,0.3701,0.2224,0.2929,0.5808,2026-06
CUST1002757,0.5295,0.2659,0.1825,0.2127,0.3617,0.01,2026-06
CUST1002758,0.3421,0.4017,0.2773,0.1483,0.3659,0.4457,2026-06
CUST1002759,0.2565,0.2999,0.4226,0.2604,0.3902,0.5494,2026-06
CUST1002760,0.3807,0.4476,0.2355,0.0799,0.3601,0.5141,2026-06
CUST1002761,0.4702,0.5977,0.4738,0.2138,0.3482,0.4809,2026-06
CUST1002762,0.2752,0.6464,0.0854,0.1939,0.1164,0.4112,2026-06
CUST1002763,0.2696,0.6776,0.1255,0.16,0.2451,0.6778,2026-06
CUST1002764,0.3925,0.5621,0.4117,0.283,0.3325,0.5352,2026-06
CUST1002765,0.4115,0.4383,0.3482,0.2176,0.3874,0.4343,2026-06
CUST1002766,0.1613,0.3991,0.4597,0.1886,0.4005,0.3459,2026-06
CUST1002767,0.4147,0.6189,0.2904,0.1575,0.2406,0.2628,2026-06
CUST1002768,0.4402,0.3456,0.2562,0.1296,0.4118,0.2916,2026-06
CUST1002769,0.1632,0.1257,0.4012,0.1152,0.2426,0.2567,2026-06
CUST1002770,0.3851,0.31,0.3418,0.0558,0.2049,0.2497,2026-06
CUST1002771,0.4493,0.5590000000000001,0.5276,0.1375,0.364,0.6281,2026-06
CUST1002772,0.4155,0.4137,0.3914,0.2081,0.3433,0.6257,2026-06
CUST1002773,0.3742,0.5291,0.0339,0.09520000000000001,0.182,0.2358,2026-06
CUST1002774,0.2478,0.4482,0.4604,0.0298,0.3666,0.5185,2026-06
CUST1002775,0.323,0.4659,0.3401,0.1235,0.1722,0.5965,2026-06
CUST1002776,0.1215,0.3934,0.2918,0.0916,0.5431,0.3615,2026-06
CUST1002777,0.1079,0.2071,0.2292,0.1417,0.5105,0.2234,2026-06
CUST1002778,0.3825,0.2641,0.1218,0.1733,0.5416,0.191,2026-06
CUST1002779,0.4534,0.6414,0.3872,0.0132,0.2794,0.2657,2026-06
CUST1002780,0.4131,0.7957,0.1074,0.1669,0.2679,0.4899,2026-06
CUST1002781,0.4039,0.2581,0.1441,0.1727,0.4928,0.1715,2026-06
CUST1002782,0.3693,0.5971,0.4073,0.1864,0.2125,0.4262,2026-06
CUST1002783,0.4799,0.218,0.1477,0.2635,0.1739,0.2165,2026-06
CUST1002784,0.3967,0.5911,0.4566,0.2021,0.4232,0.5983000000000001,2026-06
CUST1002785,0.2439,0.5238,0.2346,0.3125,0.2415,0.3876,2026-06
CUST1002786,0.4242,0.3461,0.3717,0.1097,0.2606,0.2838,2026-06
CUST1002787,0.3945,0.6979,0.262,0.1995,0.3214,0.5145,2026-06
CUST1002788,0.1712,0.7746,0.4788,0.2429,0.3004,0.4382,2026-06
CUST1002789,0.1671,0.1212,0.273,0.276,0.5187,0.1192,2026-06
CUST1002790,0.4567,0.6731,0.4134,0.1748,0.4041,0.2175,2026-06
CUST1002791,0.4087,0.4536,0.2126,0.2834,0.3905,0.7027,2026-06
CUST1002792,0.212,0.2679,0.3854,0.2093,0.2903,0.3593,2026-06
CUST1002793,0.3535,0.4099,0.4126,0.3204,0.3031,0.628,2026-06
CUST1002794,0.2236,0.1715,0.01,0.1383,0.5466,0.01,2026-06
CUST1002795,0.4355,0.4824,0.5226,0.08110000000000001,0.4456,0.3469,2026-06
CUST1002796,0.4357,0.4534,0.484,0.1466,0.4824,0.5847,2026-06
CUST1002797,0.4389,0.5955,0.2058,0.1512,0.1755,0.3586,2026-06
CUST1002798,0.5406,0.5865,0.1719,0.2403,0.2379,0.4283,2026-06
CUST1002799,0.1797,0.4225,0.1826,0.2223,0.2726,0.417,2026-06
CUST1002800,0.4646,0.4819,0.2871,0.0333,0.3909,0.3694,2026-06
CUST1002801,0.2272,0.08400000000000001,0.3087,0.1354,0.3099,0.2966,2026-06
CUST1002802,0.3055,0.7117,0.609,0.4789,0.3004,0.4184,2026-06
CUST1002803,0.3637,0.4286,0.1881,0.6111,0.0285,0.3549,2026-06
CUST1002804,0.4834,0.7173,0.4975,0.1519,0.4806,0.4012,2026-06
CUST1002805,0.2727,0.3871,0.2857,0.1275,0.4619,0.3105,2026-06
CUST1002806,0.06859999999999999,0.6768999999999999,0.2457,0.1273,0.281,0.5098,2026-06
CUST1002807,0.3753,0.7475000000000001,0.0844,0.0808,0.2103,0.3776,2026-06
CUST1002808,0.3489,0.661,0.4133,0.01,0.3814,0.5769,2026-06
CUST1002809,0.4143,0.5397999999999999,0.0901,0.2769,0.4568,0.2878,2026-06
CUST1002810,0.2541,0.2536,0.0696,0.1878,0.4475,0.1632,2026-06
CUST1002811,0.2652,0.2073,0.01,0.2049,0.2086,0.4694,2026-06
CUST1002812,0.4313,0.5392,0.2933,0.1423,0.5096000000000001,0.3,2026-06
CUST1002813,0.1397,0.1623,0.2577,0.227,0.3679,0.1038,2026-06
CUST1002814,0.3703,0.5009,0.421,0.1226,0.3226,0.3246,2026-06
CUST1002815,0.1861,0.6114000000000001,0.026,0.4376,0.262,0.4144,2026-06
CUST1002816,0.2409,0.3569,0.3299,0.2483,0.3861,0.4595,2026-06
CUST1002817,0.2449,0.3961,0.5377,0.3064,0.3334,0.5635,2026-06
CUST1002818,0.4706,0.5982,0.2159,0.1426,0.2544,0.6667,2026-06
CUST1002819,0.3538,0.207,0.1598,0.2899,0.362,0.1334,2026-06
CUST1002820,0.4221,0.4548,0.2264,0.1575,0.4046,0.1428,2026-06
CUST1002821,0.3703,0.4526,0.01,0.0613,0.2444,0.2535,2026-06
CUST1002822,0.3665,0.2823,0.4148,0.2013,0.249,0.5288,2026-06
CUST1002823,0.3611,0.5306999999999999,0.3759,0.2217,0.335,0.3865,2026-06
CUST1002824,0.4239,0.1953,0.09569999999999999,0.2158,0.231,0.07290000000000001,2026-06
CUST1002825,0.0601,0.5399,0.3661,0.0104,0.2897,0.1408,2026-06
CUST1002826,0.149,0.2772,0.4179,0.1353,0.4183,0.2928,2026-06
CUST1002827,0.3759,0.2271,0.3379,0.3091,0.2231,0.07679999999999999,2026-06
CUST1002828,0.3038,0.4912,0.0358,0.241,0.4854,0.1655,2026-06
CUST1002829,0.4335,0.6731,0.2014,0.1967,0.4426,0.3977,2026-06
CUST1002830,0.3912,0.2148,0.2489,0.1393,0.3701,0.2707,2026-06
CUST1002831,0.4586,0.4404,0.3832,0.2882,0.6062,0.5093,2026-06
CUST1002832,0.2223,0.3955,0.3864,0.2207,0.2461,0.4191,2026-06
CUST1002833,0.535,0.3792,0.01,0.1265,0.3424,0.0688,2026-06
CUST1002834,0.3387,0.7005,0.1378,0.1034,0.3343,0.4269,2026-06
CUST1002835,0.1358,0.5613,0.2583,0.181,0.1684,0.2321,2026-06
CUST1002836,0.1141,0.1603,0.2567,0.1191,0.3376,0.1912,2026-06
CUST1002837,0.1847,0.5824,0.0795,0.2479,0.3254,0.2014,2026-06
CUST1002838,0.2984,0.4939,0.5447,0.273,0.3421,0.5266,2026-06
CUST1002839,0.3928,0.0618,0.1945,0.1391,0.4396,0.3863,2026-06
CUST1002840,0.3922,0.3559,0.2794,0.09520000000000001,0.3554,0.2974,2026-06
CUST1002841,0.3201,0.7527,0.2597,0.1406,0.2016,0.4963,2026-06
CUST1002842,0.4047,0.512,0.3592,0.1976,0.2283,0.4849,2026-06
CUST1002843,0.3289,0.4236,0.4191,0.2117,0.4427,0.4601,2026-06
CUST1002844,0.128,0.5265,0.1343,0.1892,0.3354,0.6016,2026-06
CUST1002845,0.4475,0.4871,0.3919,0.0852,0.4073,0.3474,2026-06
CUST1002846,0.269,0.3319,0.493,0.3028,0.2855,0.3944,2026-06
CUST1002847,0.2081,0.2261,0.1208,0.1911,0.3094,0.2082,2026-06
CUST1002848,0.1594,0.3173,0.4387,0.6497000000000001,0.0451,0.4552,2026-06
CUST1002849,0.1945,0.3964,0.2087,0.1886,0.2944,0.6463,2026-06
CUST1002850,0.3383,0.6232,0.2623,0.1533,0.329,0.4673,2026-06
CUST1002851,0.151,0.4275,0.4985,0.1119,0.2557,0.5734,2026-06
CUST1002852,0.4256,0.2068,0.4156,0.0847,0.4404,0.6299,2026-06
CUST1002853,0.3253,0.2949,0.1925,0.0545,0.2788,0.0704,2026-06
CUST1002854,0.5979,0.4541,0.2836,0.26,0.3397,0.4338,2026-06
CUST1002855,0.3804,0.7203000000000001,0.1944,0.2332,0.2543,0.3797,2026-06
CUST1002856,0.2038,0.2201,0.1541,0.2821,0.2626,0.2367,2026-06
CUST1002857,0.1163,0.5491,0.202,0.3017,0.3485,0.5499000000000001,2026-06
CUST1002858,0.3365,0.5211,0.3637,0.1229,0.3386,0.6492,2026-06
CUST1002859,0.4418,0.4407,0.3512,0.1737,0.3488,0.3054,2026-06
CUST1002860,0.3347,0.4066,0.5732,0.136,0.1491,0.6672,2026-06
CUST1002861,0.1142,0.373,0.4214,0.1979,0.2953,0.0978,2026-06
CUST1002862,0.2988,0.583,0.1933,0.1305,0.3537,0.2969,2026-06
CUST1002863,0.5088,0.5393,0.5626,0.0552,0.2814,0.3464,2026-06
CUST1002864,0.2445,0.4487,0.4614,0.1087,0.4419,0.4316,2026-06
CUST1002865,0.2518,0.3883,0.01,0.2166,0.241,0.2401,2026-06
CUST1002866,0.4826,0.7143,0.0169,0.0867,0.2387,0.0668,2026-06
CUST1002867,0.5303,0.4691,0.4392,0.1424,0.4208,0.5948,2026-06
CUST1002868,0.3082,0.5456,0.3567,0.1755,0.2371,0.5293,2026-06
CUST1002869,0.2138,0.3887,0.6029,0.1045,0.4263,0.4098,2026-06
CUST1002870,0.3459,0.3842,0.1738,0.2607,0.3107,0.0843,2026-06
CUST1002871,0.1312,0.2223,0.01,0.3237,0.2353,0.01,2026-06
CUST1002872,0.1334,0.5232,0.2663,0.3016,0.2887,0.5558,2026-06
CUST1002873,0.2683,0.6258,0.2422,0.185,0.3379,0.3363,2026-06
CUST1002874,0.1518,0.2109,0.1482,0.11,0.5306999999999999,0.1325,2026-06
CUST1002875,0.4038,0.4024,0.5698,0.2161,0.4042,0.5236,2026-06
CUST1002876,0.3025,0.3659,0.3546,0.3011,0.2986,0.4596,2026-06
CUST1002877,0.4578,0.6632,0.2061,0.1858,0.0712,0.3737,2026-06
CUST1002878,0.6439,0.4564,0.4781,0.1689,0.3102,0.43,2026-06
CUST1002879,0.0639,0.5893,0.0735,0.2384,0.3514,0.4909,2026-06
CUST1002880,0.4073,0.544,0.2066,0.2591,0.1074,0.3959,2026-06
CUST1002881,0.2991,0.4844,0.4305,0.0988,0.3651,0.6398,2026-06
CUST1002882,0.4456,0.5955,0.5173,0.1124,0.3157,0.3797,2026-06
CUST1002883,0.3399,0.3911,0.1959,0.0259,0.351,0.2667,2026-06
CUST1002884,0.2891,0.519,0.1914,0.037,0.3855,0.3239,2026-06
CUST1002885,0.4655,0.2734,0.4969,0.5887,0.3383,0.4716,2026-06
CUST1002886,0.2532,0.4613,0.3563,0.2186,0.1719,0.4989,2026-06
CUST1002887,0.431,0.4168,0.1326,0.125,0.4754,0.3767,2026-06
CUST1002888,0.4561,0.3619,0.2702,0.0989,0.6296,0.5088,2026-06
CUST1002889,0.5106000000000001,0.4453,0.4404,0.0584,0.4171,0.5167,2026-06
CUST1002890,0.5301,0.3961,0.5387999999999999,0.0834,0.3029,0.3965,2026-06
CUST1002891,0.3455,0.4582,0.4552,0.1208,0.4926,0.5534,2026-06
CUST1002892,0.3698,0.3333,0.3219,0.3051,0.4507,0.6116,2026-06
CUST1002893,0.377,0.3919,0.01,0.1363,0.2212,0.1519,2026-06
CUST1002894,0.2369,0.6349,0.1754,0.2363,0.2816,0.2711,2026-06
CUST1002895,0.438,0.5024999999999999,0.4044,0.0202,0.3374,0.5442,2026-06
CUST1002896,0.3764,0.3923,0.3558,0.1205,0.3198,0.6744,2026-06
CUST1002897,0.2149,0.2154,0.1218,0.1627,0.4005,0.33,2026-06
CUST1002898,0.3325,0.5597,0.2201,0.6472,0.273,0.2206,2026-06
CUST1002899,0.5159,0.4416,0.4179,0.1591,0.3904,0.4789,2026-06
CUST1002900,0.0916,0.7032,0.3707,0.1823,0.3395,0.4861,2026-06
CUST1002901,0.1892,0.08649999999999999,0.2619,0.2505,0.2239,0.09669999999999999,2026-06
CUST1002902,0.4475,0.7392,0.4128,0.1273,0.3818,0.4664,2026-06
CUST1002903,0.2886,0.5205,0.5658,0.1023,0.4214,0.286,2026-06
CUST1002904,0.3724,0.7672,0.4397,0.2943,0.4178,0.5906,2026-06
CUST1002905,0.3154,0.2001,0.2808,0.1003,0.2296,0.0862,2026-06
CUST1002906,0.3393,0.2442,0.2418,0.1787,0.4848,0.0982,2026-06
CUST1002907,0.2291,0.2808,0.01,0.1689,0.4341,0.1382,2026-06
CUST1002908,0.2988,0.4065,0.4111,0.1152,0.3936,0.6309,2026-06
CUST1002909,0.1593,0.2773,0.3411,0.1149,0.501,0.1374,2026-06
CUST1002910,0.4369,0.2715,0.278,0.3059,0.6093,0.1681,2026-06
CUST1002911,0.2236,0.1429,0.0677,0.335,0.2338,0.1474,2026-06
CUST1002912,0.4449,0.2192,0.2615,0.2114,0.2781,0.4144,2026-06
CUST1002913,0.3185,0.5941,0.1793,0.1989,0.1948,0.4823,2026-06
CUST1002914,0.25,0.751,0.1656,0.1473,0.3164,0.5121,2026-06
CUST1002915,0.5047,0.7331,0.3928,0.1997,0.507,0.4666,2026-06
CUST1002916,0.1931,0.3054,0.4661,0.1564,0.4706,0.3617,2026-06
CUST1002917,0.2816,0.4752,0.5608,0.1436,0.4374,0.7534,2026-06
CUST1002918,0.4546,0.3026,0.0226,0.2538,0.3658,0.2273,2026-06
CUST1002919,0.1781,0.3666,0.0965,0.2613,0.3055,0.2564,2026-06
CUST1002920,0.2521,0.2648,0.4536,0.09660000000000001,0.4234,0.4647,2026-06
CUST1002921,0.242,0.4758,0.3981,0.06660000000000001,0.4054,0.2733,2026-06
CUST1002922,0.3136,0.1939,0.4274,0.1436,0.449,0.01,2026-06
CUST1002923,0.3753,0.3798,0.2597,0.1762,0.3633,0.2184,2026-06
CUST1002924,0.5449000000000001,0.5954,0.5173,0.0725,0.3485,0.2669,2026-06
CUST1002925,0.3188,0.0546,0.2749,0.1299,0.5538,0.0126,2026-06
CUST1002926,0.351,0.2701,0.4047,0.1705,0.3486,0.035,2026-06
CUST1002927,0.3453,0.5161,0.4072,0.1578,0.3141,0.6865,2026-06
CUST1002928,0.3933,0.4512,0.4361,0.1405,0.3596,0.3514,2026-06
CUST1002929,0.3808,0.426,0.3077,0.2405,0.2701,0.4947,2026-06
CUST1002930,0.3385,0.377,0.332,0.2568,0.4085,0.3632,2026-06
CUST1002931,0.158,0.3407,0.01,0.1646,0.2496,0.1649,2026-06
CUST1002932,0.208,0.1719,0.1657,0.1059,0.3126,0.09669999999999999,2026-06
CUST1002933,0.3332,0.2261,0.1229,0.1612,0.4323,0.2121,2026-06
CUST1002934,0.2028,0.5679,0.1787,0.2205,0.3369,0.4532,2026-06
CUST1002935,0.319,0.5436,0.3088,0.2514,0.4197,0.37,2026-06
CUST1002936,0.2578,0.7581,0.2836,0.2089,0.2239,0.5099,2026-06
CUST1002937,0.2051,0.3114,0.5528999999999999,0.4707,0.2837,0.1949,2026-06
CUST1002938,0.5996,0.7433999999999999,0.3222,0.1568,0.3099,0.5774,2026-06
CUST1002939,0.231,0.3376,0.1973,0.0959,0.2886,0.541,2026-06
CUST1002940,0.1364,0.282,0.3255,0.1031,0.163,0.5714,2026-06
CUST1002941,0.4434,0.4489,0.3837,0.1624,0.4083,0.5637,2026-06
CUST1002942,0.4,0.332,0.4769,0.2151,0.3422,0.5233,2026-06
CUST1002943,0.5128,0.5033,0.3905,0.2142,0.6162,0.4227,2026-06
CUST1002944,0.3892,0.1373,0.1704,0.1439,0.4851,0.1095,2026-06
CUST1002945,0.2906,0.3748,0.2205,0.1677,0.6425999999999999,0.4425,2026-06
CUST1002946,0.2275,0.1073,0.4077,0.1482,0.3784,0.323,2026-06
CUST1002947,0.4888,0.3518,0.1707,0.2491,0.1998,0.2362,2026-06
CUST1002948,0.3601,0.412,0.3013,0.2806,0.3922,0.6133,2026-06
CUST1002949,0.3044,0.5635,0.5344,0.1709,0.532,0.5526,2026-06
CUST1002950,0.2884,0.5118,0.3647,0.2379,0.2754,0.5302,2026-06
CUST1002951,0.2793,0.5562,0.3459,0.2487,0.3592,0.4483,2026-06
CUST1002952,0.3439,0.2614,0.4948,0.0769,0.2958,0.4103,2026-06
CUST1002953,0.2853,0.2223,0.2289,0.2728,0.2431,0.0832,2026-06
CUST1002954,0.3883,0.385,0.4848,0.2054,0.4224,0.5404,2026-06
CUST1002955,0.1608,0.222,0.01,0.1874,0.3049,0.2525,2026-06
CUST1002956,0.1755,0.0146,0.3799,0.3835,0.4628,0.2779,2026-06
CUST1002957,0.2175,0.4662,0.171,0.1912,0.2905,0.3182,2026-06
CUST1002958,0.1272,0.3235,0.0387,0.3087,0.3524,0.5028,2026-06
CUST1002959,0.1795,0.168,0.2705,0.225,0.2973,0.2183,2026-06
CUST1002960,0.2421,0.479,0.2874,0.3267,0.2569,0.5838,2026-06
CUST1002961,0.356,0.3406,0.4387,0.204,0.4443,0.5602,2026-06
CUST1002962,0.2342,0.3231,0.0271,0.1048,0.5306999999999999,0.1558,2026-06
CUST1002963,0.2272,0.2092,0.2916,0.1546,0.266,0.2448,2026-06
CUST1002964,0.242,0.5657,0.4886,0.0781,0.2953,0.5366,2026-06
CUST1002965,0.2946,0.4631,0.3898,0.1928,0.3211,0.4443,2026-06
CUST1002966,0.201,0.6512,0.2531,0.2763,0.3499,0.3733,2026-06
CUST1002967,0.3197,0.4156,0.3187,0.5702,0.1371,0.3225,2026-06
CUST1002968,0.1465,0.6641,0.1758,0.2397,0.2724,0.4036,2026-06
CUST1002969,0.4802,0.8427,0.3548,0.188,0.1102,0.7622,2026-06
CUST1002970,0.436,0.3516,0.2105,0.2017,0.2449,0.1859,2026-06
CUST1002971,0.488,0.4338,0.0706,0.0847,0.2276,0.2483,2026-06
CUST1002972,0.161,0.2694,0.1147,0.1335,0.3693,0.0851,2026-06
CUST1002973,0.3915,0.1866,0.1912,0.01,0.3538,0.2562,2026-06
CUST1002974,0.4112,0.5620000000000001,0.059,0.1207,0.3447,0.3139,2026-06
CUST1002975,0.3197,0.5966,0.0433,0.3124,0.341,0.2329,2026-06
CUST1002976,0.4882,0.4287,0.0809,0.2624,0.3212,0.07000000000000001,2026-06
CUST1002977,0.0586,0.2417,0.4079,0.3461,0.3737,0.6586,2026-06
CUST1002978,0.239,0.415,0.2131,0.143,0.4482,0.1629,2026-06
CUST1002979,0.3825,0.5613,0.2055,0.1223,0.4149,0.52,2026-06
CUST1002980,0.1892,0.3002,0.1293,0.2641,0.3829,0.1339,2026-06
CUST1002981,0.541,0.7071,0.3568,0.1291,0.4223,0.4941,2026-06
CUST1002982,0.5002,0.4909,0.3675,0.2498,0.2124,0.5453,2026-06
CUST1002983,0.462,0.4849,0.1908,0.2638,0.3201,0.1759,2026-06
CUST1002984,0.4293,0.3395,0.3293,0.0885,0.3462,0.4021,2026-06
CUST1002985,0.4509,0.3189,0.5639,0.1463,0.3013,0.5847,2026-06
CUST1002986,0.4411,0.4322,0.1848,0.1797,0.2366,0.2509,2026-06
CUST1002987,0.6395,0.2638,0.3949,0.1142,0.5896,0.1689,2026-06
CUST1002988,0.3459,0.1909,0.4193,0.157,0.4242,0.4321,2026-06
CUST1002989,0.1168,0.2461,0.0429,0.3137,0.3422,0.1782,2026-06
CUST1002990,0.3309,0.3295,0.3965,0.1446,0.3759,0.5009,2026-06
CUST1002991,0.2735,0.4408,0.0964,0.1096,0.394,0.1144,2026-06
CUST1002992,0.4171,0.4529,0.2304,0.1179,0.4056,0.6261,2026-06
CUST1002993,0.4024,0.6098,0.3167,0.2373,0.3293,0.5638,2026-06
CUST1002994,0.3899,0.5635,0.3608,0.2867,0.4392,0.4552,2026-06
CUST1002995,0.4758,0.0327,0.2448,0.0179,0.4373,0.0945,2026-06
CUST1002996,0.548,0.5802,0.2265,0.0353,0.1813,0.5620000000000001,2026-06
CUST1002997,0.1744,0.3282,0.3907,0.1896,0.1888,0.3129,2026-06
CUST1002998,0.2873,0.2716,0.0682,0.2287,0.524,0.06270000000000001,2026-06
CUST1002999,0.4806,0.6195000000000001,0.5933,0.1038,0.3871,0.4503,2026-06
CUST1003000,0.5328000000000001,0.4435,0.2565,0.0794,0.2547,0.6561,2026-06
CUST1003001,0.223,0.2313,0.3548,0.7134,0.3133,0.4698,2026-06
CUST1003002,0.1362,0.2678,0.3171,0.1834,0.3184,0.3633,2026-06
CUST1003003,0.4001,0.7035,0.0629,0.08989999999999999,0.336,0.3005,2026-06
CUST1003004,0.192,0.5349,0.2305,0.1741,0.3823,0.3514,2026-06
CUST1003005,0.2201,0.4724,0.4121,0.201,0.3823,0.466,2026-06
CUST1003006,0.5214,0.6209,0.1528,0.1003,0.4599,0.5009,2026-06
CUST1003007,0.0402,0.3463,0.3657,0.1883,0.3915,0.3811,2026-06
CUST1003008,0.5803,0.524,0.2988,0.204,0.3892,0.3159,2026-06
CUST1003009,0.2132,0.0786,0.3661,0.1445,0.5135,0.1057,2026-06
CUST1003010,0.5329,0.3541,0.1029,0.6039,0.2066,0.1281,2026-06
CUST1003011,0.5313,0.4219,0.06900000000000001,0.1658,0.6178,0.1311,2026-06
CUST1003012,0.4503,0.4295,0.3478,0.6753,0.6127,0.4658,2026-06
CUST1003013,0.2363,0.0878,0.4202,0.2379,0.1239,0.2502,2026-06
CUST1003014,0.3577,0.6362,0.3566,0.266,0.2435,0.2983,2026-06
CUST1003015,0.5793,0.6928,0.3852,0.1045,0.3507,0.3288,2026-06
CUST1003016,0.1587,0.5301,0.01,0.1107,0.2453,0.1443,2026-06
CUST1003017,0.214,0.5496,0.1968,0.1351,0.3118,0.4446,2026-06
CUST1003018,0.1805,0.4986,0.441,0.1084,0.3443,0.5665,2026-06
CUST1003019,0.2775,0.2782,0.2859,0.2334,0.2015,0.1539,2026-06
CUST1003020,0.2893,0.5017,0.2581,0.01,0.288,0.423,2026-06
CUST1003021,0.1992,0.0586,0.2462,0.239,0.4127,0.3395,2026-06
CUST1003022,0.25,0.6002999999999999,0.3492,0.1528,0.2875,0.4036,2026-06
CUST1003023,0.1981,0.2744,0.3971,0.1851,0.4424,0.3756,2026-06
CUST1003024,0.3586,0.547,0.2976,0.206,0.4624,0.3839,2026-06
CUST1003025,0.2462,0.5044999999999999,0.4105,0.1947,0.2188,0.4871,2026-06
CUST1003026,0.4042,0.6536,0.4793,0.1298,0.2021,0.5258,2026-06
CUST1003027,0.4098,0.6606,0.4003,0.0349,0.318,0.3244,2026-06
CUST1003028,0.4181,0.6245000000000001,0.301,0.2311,0.2212,0.2798,2026-06
CUST1003029,0.3778,0.406,0.066,0.2489,0.4031,0.3604,2026-06
CUST1003030,0.487,0.4833,0.5849,0.09950000000000001,0.2738,0.4141,2026-06
CUST1003031,0.2641,0.4426,0.0149,0.0665,0.2831,0.2066,2026-06
CUST1003032,0.4575,0.3229,0.4537,0.1298,0.4684,0.4409,2026-06
CUST1003033,0.4403,0.5776,0.4926,0.0383,0.4637,0.5059,2026-06
CUST1003034,0.2027,0.6583,0.2475,0.2411,0.1928,0.2867,2026-06
CUST1003035,0.2339,0.4313,0.1495,0.2726,0.2305,0.1678,2026-06
CUST1003036,0.3382,0.2523,0.4078,0.1432,0.553,0.3575,2026-06
CUST1003037,0.4485,0.5997,0.1282,0.3195,0.316,0.5138,2026-06
CUST1003038,0.5026,0.6096,0.1385,0.0233,0.2901,0.1978,2026-06
CUST1003039,0.4598,0.4587,0.2853,0.2776,0.3346,0.4356,2026-06
CUST1003040,0.5459000000000001,0.7217,0.4007,0.0829,0.2222,0.4236,2026-06
CUST1003041,0.2667,0.3001,0.3823,0.287,0.3337,0.5402,2026-06
CUST1003042,0.3531,0.2057,0.4245,0.285,0.3938,0.09619999999999999,2026-06
CUST1003043,0.374,0.5043,0.3775,0.1412,0.3342,0.4488,2026-06
CUST1003044,0.4145,0.4318,0.4434,0.1044,0.2119,0.5536,2026-06
CUST1003045,0.4335,0.5988,0.5403,0.1378,0.3999,0.6027,2026-06
CUST1003046,0.2882,0.2651,0.3738,0.5016,0.2965,0.6449,2026-06
CUST1003047,0.5283,0.4875,0.4974,0.6361,0.2664,0.3098,2026-06
CUST1003048,0.3357,0.3353,0.429,0.1025,0.3209,0.278,2026-06
CUST1003049,0.2256,0.1048,0.1346,0.1863,0.2125,0.1132,2026-06
CUST1003050,0.4638,0.4443,0.2455,0.0593,0.2885,0.4916,2026-06
CUST1003051,0.173,0.2064,0.1622,0.2309,0.1904,0.09379999999999999,2026-06
CUST1003052,0.381,0.3051,0.3718,0.1797,0.4805,0.2316,2026-06
CUST1003053,0.5453,0.2421,0.1367,0.09669999999999999,0.4377,0.0766,2026-06
CUST1003054,0.1652,0.1235,0.2478,0.0231,0.4132,0.3137,2026-06
CUST1003055,0.2975,0.417,0.4862,0.2204,0.3989,0.4473,2026-06
CUST1003056,0.0688,0.1173,0.01,0.2157,0.2455,0.1178,2026-06
CUST1003057,0.4916,0.4592,0.1635,0.2498,0.3538,0.1327,2026-06
CUST1003058,0.3629,0.3828,0.4972,0.3024,0.5113,0.5014,2026-06
CUST1003059,0.5857,0.6291,0.4298,0.4127,0.1279,0.7331,2026-06
CUST1003060,0.4021,0.7697000000000001,0.1251,0.2275,0.295,0.3235,2026-06
CUST1003061,0.2277,0.2786,0.257,0.206,0.5041,0.1944,2026-06
CUST1003062,0.2977,0.6411,0.3437,0.2032,0.3639,0.5101,2026-06
CUST1003063,0.269,0.0606,0.2323,0.2746,0.4233,0.29,2026-06
CUST1003064,0.4372,0.2534,0.1721,0.0545,0.3332,0.4128,2026-06
CUST1003065,0.4144,0.4951,0.2872,0.2151,0.3176,0.424,2026-06
CUST1003066,0.2381,0.1478,0.3035,0.1331,0.3732,0.1076,2026-06
CUST1003067,0.2728,0.6495,0.4374,0.291,0.2799,0.218,2026-06
CUST1003068,0.385,0.4366,0.4804,0.2684,0.4151,0.5784,2026-06
CUST1003069,0.221,0.6939,0.1801,0.2461,0.2659,0.3756,2026-06
CUST1003070,0.2944,0.1703,0.3229,0.08450000000000001,0.3605,0.3105,2026-06
CUST1003071,0.3376,0.2388,0.1226,0.0421,0.3716,0.3546,2026-06
CUST1003072,0.188,0.5438,0.1886,0.2365,0.5749,0.4228,2026-06
CUST1003073,0.4118,0.6212,0.2925,0.2022,0.3684,0.4704,2026-06
CUST1003074,0.6059,0.5464,0.01,0.07199999999999999,0.2127,0.2487,2026-06
CUST1003075,0.4969,0.3641,0.0218,0.8196,0.2359,0.01,2026-06
CUST1003076,0.2312,0.596,0.3576,0.1345,0.426,0.4851,2026-06
CUST1003077,0.4806,0.01,0.1578,0.1776,0.3667,0.1954,2026-06
CUST1003078,0.3224,0.4832,0.01,0.309,0.358,0.153,2026-06
CUST1003079,0.2627,0.2348,0.3387,0.1441,0.2997,0.1068,2026-06
CUST1003080,0.1195,0.3269,0.2251,0.1686,0.2649,0.1238,2026-06
CUST1003081,0.4359,0.3725,0.2557,0.2247,0.4848,0.4783,2026-06
CUST1003082,0.2368,0.6112,0.3199,0.1491,0.3321,0.5296999999999999,2026-06
CUST1003083,0.2088,0.5579,0.357,0.1885,0.491,0.4191,2026-06
CUST1003084,0.5175,0.5547,0.4495,0.248,0.3784,0.715,2026-06
CUST1003085,0.1097,0.2968,0.3107,0.2666,0.4232,0.1858,2026-06
CUST1003086,0.4854,0.1739,0.3839,0.6133999999999999,0.4738,0.2617,2026-06
CUST1003087,0.3427,0.3457,0.4054,0.2592,0.366,0.3136,2026-06
CUST1003088,0.2973,0.1794,0.1562,0.1221,0.4235,0.1681,2026-06
CUST1003089,0.2704,0.3687,0.1353,0.1556,0.2463,0.2038,2026-06
CUST1003090,0.4562,0.5909,0.1897,0.3282,0.3038,0.432,2026-06
CUST1003091,0.3595,0.4875,0.5744,0.2794,0.2251,0.5083,2026-06
CUST1003092,0.3174,0.2271,0.2154,0.0584,0.2836,0.2108,2026-06
CUST1003093,0.2225,0.7358,0.4099,0.41,0.387,0.3275,2026-06
CUST1003094,0.5164,0.3754,0.2555,0.2068,0.2744,0.06859999999999999,2026-06
CUST1003095,0.4246,0.01,0.3481,0.2902,0.4014,0.1348,2026-06
CUST1003096,0.4493,0.5304,0.4033,0.5567,0.2543,0.2619,2026-06
CUST1003097,0.3138,0.2272,0.3418,0.175,0.2775,0.2973,2026-06
CUST1003098,0.4425,0.3875,0.3256,0.2274,0.3894,0.4737,2026-06
CUST1003099,0.3287,0.7255,0.2186,0.3568,0.1799,0.5721000000000001,2026-06
CUST1003100,0.4519,0.5407,0.1489,0.1535,0.3631,0.2788,2026-06
CUST1003101,0.3993,0.7366,0.2456,0.1588,0.0429,0.5364,2026-06
CUST1003102,0.1915,0.1719,0.2217,0.2374,0.3927,0.1726,2026-06
CUST1003103,0.4684,0.3466,0.5298,0.2633,0.306,0.4892,2026-06
CUST1003104,0.3064,0.604,0.3543,0.2359,0.3617,0.539,2026-06
CUST1003105,0.5682,0.4517,0.5173,0.2188,0.4291,0.6941000000000001,2026-06
CUST1003106,0.3859,0.329,0.4938,0.1819,0.245,0.4514,2026-06
CUST1003107,0.3073,0.2683,0.0283,0.1657,0.4524,0.2206,2026-06
CUST1003108,0.4442,0.5085,0.4438,0.07920000000000001,0.4345,0.6423,2026-06
CUST1003109,0.233,0.5405,0.1649,0.2304,0.2738,0.1943,2026-06
CUST1003110,0.4233,0.4295,0.3722,0.2931,0.4127,0.6379,2026-06
CUST1003111,0.1984,0.2949,0.2998,0.1092,0.334,0.2064,2026-06
CUST1003112,0.2303,0.279,0.3084,0.1604,0.3031,0.623,2026-06
CUST1003113,0.225,0.5393,0.0471,0.09710000000000001,0.2046,0.3152,2026-06
CUST1003114,0.1481,0.5219,0.0914,0.1431,0.3648,0.1248,2026-06
CUST1003115,0.4285,0.2499,0.27,0.3052,0.3893,0.1191,2026-06
CUST1003116,0.482,0.6643,0.3883,0.1762,0.2131,0.4029,2026-06
CUST1003117,0.4928,0.412,0.4123,0.1159,0.3707,0.4582,2026-06
CUST1003118,0.4162,0.347,0.3134,0.0407,0.3526,0.09619999999999999,2026-06
CUST1003119,0.4945,0.7877999999999999,0.3834,0.3308,0.2247,0.578,2026-06
CUST1003120,0.2164,0.279,0.614,0.1765,0.2763,0.2188,2026-06
CUST1003121,0.4093,0.4126,0.2853,0.1371,0.271,0.5087,2026-06
CUST1003122,0.4386,0.2572,0.2596,0.1722,0.3566,0.4411,2026-06
CUST1003123,0.378,0.4784,0.4289,0.1659,0.4438,0.4366,2026-06
CUST1003124,0.4153,0.6782,0.4663,0.1448,0.4211,0.4064,2026-06
CUST1003125,0.4562,0.2245,0.2389,0.3162,0.2838,0.0116,2026-06
CUST1003126,0.3328,0.419,0.4575,0.137,0.3767,0.3697,2026-06
CUST1003127,0.4177,0.5746,0.3779,0.1948,0.1536,0.4924,2026-06
CUST1003128,0.529,0.276,0.4257,0.6089,0.1922,0.5494,2026-06
CUST1003129,0.3685,0.7193000000000001,0.5217000000000001,0.0649,0.2215,0.5064,2026-06
CUST1003130,0.4082,0.6389,0.1583,0.2812,0.3078,0.4518,2026-06
CUST1003131,0.3776,0.7446,0.2373,0.0219,0.1239,0.3633,2026-06
CUST1003132,0.5095,0.5225,0.2908,0.1786,0.3086,0.404,2026-06
CUST1003133,0.3283,0.4009,0.4159,0.1787,0.3731,0.3589,2026-06
CUST1003134,0.2264,0.1376,0.1848,0.0784,0.4044,0.2237,2026-06
CUST1003135,0.5947,0.6738,0.1974,0.2949,0.2709,0.3009,2026-06
CUST1003136,0.2464,0.1815,0.1835,0.1967,0.3508,0.2201,2026-06
CUST1003137,0.5026,0.2698,0.1001,0.3473,0.4094,0.217,2026-06
CUST1003138,0.4,0.5493,0.2558,0.0251,0.1078,0.5874,2026-06
CUST1003139,0.4094,0.348,0.3925,0.1467,0.3469,0.4734,2026-06
CUST1003140,0.343,0.5254,0.3715,0.1938,0.2501,0.7681,2026-06
CUST1003141,0.5091,0.2895,0.2527,0.0569,0.3748,0.1613,2026-06
CUST1003142,0.4971,0.5694,0.4191,0.2374,0.4143,0.569,2026-06
CUST1003143,0.4247,0.4162,0.3362,0.1201,0.447,0.4328,2026-06
CUST1003144,0.4013,0.2238,0.2382,0.2613,0.4465,0.0856,2026-06
CUST1003145,0.2255,0.1495,0.1197,0.1667,0.3598,0.2617,2026-06
CUST1003146,0.4591,0.4428,0.0839,0.2047,0.3117,0.1294,2026-06
CUST1003147,0.3321,0.1098,0.3863,0.0873,0.4165,0.1918,2026-06
CUST1003148,0.2385,0.2712,0.0693,0.1947,0.2525,0.314,2026-06
CUST1003149,0.4515,0.6079,0.4167,0.2233,0.3788,0.4925,2026-06
CUST1003150,0.6004,0.8066,0.3893,0.2197,0.1868,0.3376,2026-06
CUST1003151,0.3642,0.5657,0.01,0.2016,0.334,0.1072,2026-06
CUST1003152,0.3715,0.4885,0.4044,0.0556,0.1831,0.2873,2026-06
CUST1003153,0.14,0.2658,0.0699,0.6622,0.18,0.08400000000000001,2026-06
CUST1003154,0.3748,0.4118,0.452,0.182,0.4245,0.6464,2026-06
CUST1003155,0.2223,0.7337,0.2266,0.1986,0.0752,0.3831,2026-06
CUST1003156,0.533,0.3512,0.1971,0.1514,0.5381,0.3662,2026-06
CUST1003157,0.2331,0.4431,0.4847,0.1585,0.2865,0.6802,2026-06
CUST1003158,0.3448,0.1725,0.4206,0.098,0.3315,0.2617,2026-06
CUST1003159,0.3306,0.4507,0.2694,0.1928,0.1997,0.1092,2026-06
CUST1003160,0.0154,0.6667,0.1369,0.328,0.2507,0.5097,2026-06
CUST1003161,0.4933,0.4652,0.4211,0.1251,0.4442,0.3749,2026-06
CUST1003162,0.441,0.5265,0.01,0.1613,0.3472,0.09909999999999999,2026-06
CUST1003163,0.3433,0.518,0.2389,0.2827,0.2621,0.4106,2026-06
CUST1003164,0.4277,0.4838,0.3734,0.1128,0.3767,0.361,2026-06
CUST1003165,0.2235,0.5818,0.2919,0.0912,0.1405,0.3967,2026-06
CUST1003166,0.6121,0.583,0.4083,0.1265,0.5001,0.3208,2026-06
CUST1003167,0.329,0.4052,0.4188,0.1093,0.4362,0.4648,2026-06
CUST1003168,0.1986,0.3118,0.3042,0.5846,0.1487,0.1219,2026-06
CUST1003169,0.5728,0.5284,0.5139,0.1594,0.2474,0.367,2026-06
CUST1003170,0.1294,0.4501,0.1409,0.1874,0.2768,0.3482,2026-06
CUST1003171,0.3646,0.7542,0.4456,0.137,0.267,0.4312,2026-06
CUST1003172,0.2255,0.7771,0.1808,0.1727,0.311,0.1726,2026-06
CUST1003173,0.2475,0.5037,0.358,0.2306,0.3547,0.3722,2026-06
CUST1003174,0.3483,0.4582,0.5183,0.1075,0.3286,0.3307,2026-06
CUST1003175,0.4873,0.3722,0.3609,0.1283,0.3731,0.0592,2026-06
CUST1003176,0.4072,0.6989,0.1874,0.1616,0.2284,0.5306,2026-06
CUST1003177,0.4052,0.6039,0.3216,0.2104,0.3153,0.4423,2026-06
CUST1003178,0.3898,0.4864,0.01,0.1923,0.3307,0.4265,2026-06
CUST1003179,0.4144,0.6783,0.054,0.0926,0.2098,0.4467,2026-06
CUST1003180,0.3794,0.5016,0.1582,0.4741,0.2136,0.1939,2026-06
CUST1003181,0.2737,0.3823,0.1192,0.1259,0.2115,0.0222,2026-06
CUST1003182,0.1991,0.4521,0.2028,0.1228,0.5306999999999999,0.3513,2026-06
CUST1003183,0.4018,0.391,0.4702,0.2128,0.3584,0.402,2026-06
CUST1003184,0.2755,0.5295,0.1995,0.2546,0.2475,0.2098,2026-06
CUST1003185,0.5003,0.4376,0.3503,0.2864,0.09420000000000001,0.5962,2026-06
CUST1003186,0.5918,0.6688,0.1862,0.1964,0.4033,0.2294,2026-06
CUST1003187,0.5657,0.5204,0.4108,0.0765,0.3393,0.4514,2026-06
CUST1003188,0.478,0.6101,0.0386,0.2209,0.2016,0.2691,2026-06
CUST1003189,0.2923,0.376,0.4258,0.1547,0.2436,0.4948,2026-06
CUST1003190,0.3553,0.6726,0.2544,0.2928,0.2699,0.4023,2026-06
CUST1003191,0.5633,0.6765,0.3471,0.2591,0.1563,0.4141,2026-06
CUST1003192,0.4333,0.427,0.372,0.199,0.3036,0.4617,2026-06
CUST1003193,0.4339,0.5032,0.473,0.2894,0.3084,0.3431,2026-06
CUST1003194,0.12,0.4244,0.3361,0.5451,0.2574,0.5915,2026-06
CUST1003195,0.2183,0.554,0.3459,0.1747,0.2977,0.321,2026-06
CUST1003196,0.4238,0.6009,0.4036,0.1305,0.2975,0.4413,2026-06
CUST1003197,0.5182,0.3315,0.2647,0.1833,0.5402,0.3565,2026-06
CUST1003198,0.5424,0.5815,0.4009,0.148,0.377,0.533,2026-06
CUST1003199,0.3143,0.4117,0.4756,0.1125,0.452,0.4801,2026-06
CUST1003200,0.2335,0.3915,0.4118,0.2114,0.4339,0.1872,2026-06
CUST1003201,0.3509,0.3643,0.3964,0.151,0.4151,0.5017,2026-06
CUST1003202,0.4162,0.3908,0.5213,0.097,0.5501,0.2107,2026-06
CUST1003203,0.4493,0.4939,0.3661,0.2328,0.3776,0.5844,2026-06
CUST1003204,0.535,0.2213,0.2336,0.2298,0.3375,0.1307,2026-06
CUST1003205,0.2861,0.4666,0.2327,0.1451,0.3512,0.6029,2026-06
CUST1003206,0.2232,0.1184,0.3364,0.2268,0.3142,0.246,2026-06
CUST1003207,0.319,0.3882,0.0152,0.2198,0.4081,0.3628,2026-06
CUST1003208,0.431,0.4762,0.2763,0.0164,0.5194,0.4014,2026-06
CUST1003209,0.5216,0.4323,0.01,0.1463,0.3684,0.1949,2026-06
CUST1003210,0.3097,0.4448,0.2382,0.1523,0.287,0.1751,2026-06
CUST1003211,0.5203,0.4774,0.4458,0.2662,0.3698,0.3554,2026-06
CUST1003212,0.1854,0.2485,0.2575,0.1085,0.4161,0.0606,2026-06
CUST1003213,0.0553,0.3088,0.2062,0.0466,0.3851,0.4422,2026-06
CUST1003214,0.1071,0.5304,0.1929,0.1732,0.2189,0.2933,2026-06
CUST1003215,0.0902,0.7149,0.2498,0.2454,0.3333,0.207,2026-06
CUST1003216,0.3887,0.2917,0.2835,0.2445,0.4074,0.4217,2026-06
CUST1003217,0.5007,0.3713,0.5649,0.1936,0.438,0.7050999999999999,2026-06
CUST1003218,0.2051,0.3338,0.5135999999999999,0.2332,0.4139,0.3772,2026-06
CUST1003219,0.3386,0.235,0.4672,0.0703,0.5019,0.3388,2026-06
CUST1003220,0.241,0.3373,0.3542,0.09619999999999999,0.2318,0.6219,2026-06
CUST1003221,0.3712,0.3201,0.4018,0.3274,0.4338,0.2843,2026-06
CUST1003222,0.2431,0.5119,0.3185,0.0538,0.2487,0.6022999999999999,2026-06
CUST1003223,0.4187,0.648,0.5723,0.1314,0.2646,0.537,2026-06
CUST1003224,0.2825,0.4331,0.1763,0.3117,0.1511,0.6387,2026-06
CUST1003225,0.4518,0.5172,0.0533,0.1342,0.3103,0.1178,2026-06
CUST1003226,0.3535,0.2685,0.4501,0.0595,0.3428,0.6261,2026-06
CUST1003227,0.2829,0.3325,0.1912,0.233,0.1937,0.2777,2026-06
CUST1003228,0.2363,0.6152,0.5181,0.2801,0.2731,0.4227,2026-06
CUST1003229,0.5491,0.751,0.2285,0.1801,0.2182,0.2944,2026-06
CUST1003230,0.2553,0.6213,0.1859,0.3005,0.1639,0.504,2026-06
CUST1003231,0.5039,0.4376,0.404,0.4897,0.3684,0.7174,2026-06
CUST1003232,0.2895,0.7052,0.4387,0.1067,0.3409,0.5244,2026-06
CUST1003233,0.01,0.4508,0.1136,0.2358,0.2894,0.3982,2026-06
CUST1003234,0.2359,0.195,0.0721,0.1926,0.4168,0.0756,2026-06
CUST1003235,0.1658,0.6083,0.188,0.2603,0.3189,0.4651,2026-06
CUST1003236,0.5204,0.4078,0.3283,0.1715,0.2624,0.239,2026-06
CUST1003237,0.6077,0.413,0.4047,0.2993,0.3593,0.4801,2026-06
CUST1003238,0.4236,0.4505,0.2996,0.1959,0.6089,0.1619,2026-06
CUST1003239,0.3629,0.12,0.0825,0.2193,0.2741,0.2099,2026-06
CUST1003240,0.4267,0.4692,0.3824,0.2222,0.2825,0.2955,2026-06
CUST1003241,0.4786,0.7272999999999999,0.3947,0.3065,0.2604,0.3829,2026-06
CUST1003242,0.3794,0.6042,0.4158,0.2524,0.2989,0.4889,2026-06
CUST1003243,0.3974,0.488,0.496,0.1294,0.4795,0.3065,2026-06
CUST1003244,0.4405,0.3733,0.351,0.01,0.3339,0.3173,2026-06
CUST1003245,0.2769,0.1092,0.3405,0.1575,0.4203,0.1246,2026-06
CUST1003246,0.4955,0.3981,0.3738,0.0373,0.3593,0.4617,2026-06
CUST1003247,0.4687,0.4273,0.5029,0.2518,0.4355,0.3037,2026-06
CUST1003248,0.2427,0.3411,0.3949,0.146,0.2542,0.1632,2026-06
CUST1003249,0.4235,0.4223,0.4371,0.1522,0.3183,0.5482,2026-06
CUST1003250,0.2473,0.5598,0.01,0.3099,0.2624,0.1756,2026-06
CUST1003251,0.3792,0.0474,0.0742,0.1137,0.5024999999999999,0.08069999999999999,2026-06
CUST1003252,0.433,0.5653,0.442,0.2253,0.4981,0.4584,2026-06
CUST1003253,0.2586,0.2999,0.4112,0.1917,0.4121,0.3532,2026-06
CUST1003254,0.44,0.5772,0.1636,0.1675,0.312,0.5393,2026-06
CUST1003255,0.4881,0.152,0.3516,0.1647,0.3445,0.1472,2026-06
CUST1003256,0.4219,0.7153,0.0814,0.1451,0.1579,0.4133,2026-06
CUST1003257,0.5706,0.6791,0.3764,0.2245,0.6349,0.4924,2026-06
CUST1003258,0.19,0.6103,0.01,0.1708,0.3177,0.3722,2026-06
CUST1003259,0.2943,0.5335,0.1137,0.1644,0.1549,0.3348,2026-06
CUST1003260,0.5342,0.5291,0.419,0.2618,0.3128,0.4658,2026-06
CUST1003261,0.2057,0.3206,0.2128,0.1422,0.2962,0.2735,2026-06
CUST1003262,0.3404,0.7035,0.1671,0.0794,0.237,0.3637,2026-06
CUST1003263,0.1088,0.3071,0.01,0.2308,0.1686,0.3822,2026-06
CUST1003264,0.2644,0.1965,0.2289,0.1803,0.3323,0.1436,2026-06
CUST1003265,0.6045,0.3255,0.3029,0.0853,0.4714,0.3813,2026-06
CUST1003266,0.2399,0.7317,0.06320000000000001,0.1798,0.2919,0.7682,2026-06
CUST1003267,0.5332,0.5182,0.4759,0.0711,0.3366,0.3638,2026-06
CUST1003268,0.4577,0.4782,0.3867,0.07140000000000001,0.5827,0.3687,2026-06
CUST1003269,0.4077,0.3576,0.3557,0.3385,0.4751,0.3677,2026-06
CUST1003270,0.2529,0.4269,0.2957,0.3268,0.2758,0.3911,2026-06
CUST1003271,0.3105,0.3288,0.3797,0.1743,0.3712,0.3871,2026-06
CUST1003272,0.2931,0.2878,0.3829,0.1157,0.2503,0.2544,2026-06
CUST1003273,0.2658,0.3095,0.391,0.3161,0.2008,0.1221,2026-06
CUST1003274,0.4823,0.5495,0.3679,0.6569,0.1281,0.4181,2026-06
CUST1003275,0.351,0.1713,0.4135,0.6122,0.2841,0.6667,2026-06
CUST1003276,0.2006,0.2672,0.01,0.01,0.3611,0.2003,2026-06
CUST1003277,0.3148,0.2927,0.3456,0.2256,0.2939,0.6075,2026-06
CUST1003278,0.6163,0.4565,0.409,0.3009,0.4274,0.3128,2026-06
CUST1003279,0.4344,0.2883,0.3085,0.1141,0.5245,0.235,2026-06
CUST1003280,0.2187,0.2104,0.1759,0.2123,0.3492,0.5449000000000001,2026-06
CUST1003281,0.4376,0.4348,0.47,0.0982,0.3023,0.4278,2026-06
CUST1003282,0.3637,0.4045,0.2288,0.1752,0.4132,0.3924,2026-06
CUST1003283,0.3879,0.5656,0.4117,0.0305,0.4022,0.4488,2026-06
CUST1003284,0.3896,0.4622,0.4326,0.1427,0.4529,0.7328,2026-06
CUST1003285,0.4799,0.3694,0.3496,0.0549,0.4976,0.4359,2026-06
CUST1003286,0.4026,0.33,0.2601,0.1843,0.356,0.1661,2026-06
CUST1003287,0.5036,0.2368,0.2733,0.2136,0.2625,0.233,2026-06
CUST1003288,0.1662,0.3245,0.2326,0.2925,0.3251,0.54,2026-06
CUST1003289,0.4725,0.7461,0.3645,0.1795,0.1949,0.4818,2026-06
CUST1003290,0.3167,0.2539,0.3326,0.1768,0.3632,0.2408,2026-06
CUST1003291,0.038,0.2479,0.01,0.1264,0.4457,0.1958,2026-06
CUST1003292,0.433,0.5151,0.1679,0.0209,0.2167,0.1681,2026-06
CUST1003293,0.392,0.2363,0.3103,0.2454,0.456,0.0251,2026-06
CUST1003294,0.2376,0.2755,0.2717,0.4793,0.3673,0.4977,2026-06
CUST1003295,0.2629,0.2569,0.1493,0.1223,0.41,0.1281,2026-06
CUST1003296,0.5387,0.7482,0.222,0.154,0.2803,0.6558,2026-06
CUST1003297,0.4732,0.8327,0.3533,0.0568,0.2502,0.3696,2026-06
CUST1003298,0.4415,0.5319,0.2028,0.3286,0.4183,0.1194,2026-06
CUST1003299,0.2584,0.21,0.01,0.0711,0.5337,0.01,2026-06
CUST1003300,0.315,0.4797,0.3403,0.1714,0.2391,0.5249,2026-06
CUST1003301,0.1418,0.7079,0.43,0.2015,0.3063,0.4674,2026-06
CUST1003302,0.2149,0.4138,0.3019,0.2833,0.1424,0.06900000000000001,2026-06
CUST1003303,0.2554,0.1163,0.0646,0.3511,0.4421,0.1404,2026-06
CUST1003304,0.3638,0.2716,0.064,0.0292,0.4045,0.4209,2026-06
CUST1003305,0.3729,0.3242,0.5715,0.203,0.5028,0.3593,2026-06
CUST1003306,0.1348,0.2271,0.2815,0.2209,0.4603,0.2388,2026-06
CUST1003307,0.2671,0.2921,0.3585,0.1588,0.5463,0.0806,2026-06
CUST1003308,0.2247,0.3328,0.2223,0.0742,0.2898,0.2521,2026-06
CUST1003309,0.2269,0.2557,0.0146,0.3009,0.4892,0.09660000000000001,2026-06
CUST1003310,0.5687,0.2968,0.5113,0.4955,0.3897,0.4641,2026-06
CUST1003311,0.462,0.3845,0.01,0.1308,0.1753,0.1652,2026-06
CUST1003312,0.1092,0.5593,0.2571,0.4152,0.3407,0.7151999999999999,2026-06
CUST1003313,0.2723,0.3311,0.1302,0.3245,0.4204,0.1675,2026-06
CUST1003314,0.1127,0.1993,0.2874,0.0148,0.5969,0.114,2026-06
CUST1003315,0.4173,0.7017,0.5987,0.1697,0.4515,0.5958,2026-06
CUST1003316,0.0839,0.2259,0.3911,0.2421,0.3612,0.1958,2026-06
CUST1003317,0.0934,0.4846,0.3669,0.6342,0.1139,0.4431,2026-06
CUST1003318,0.3555,0.7512,0.5825,0.2854,0.2379,0.2837,2026-06
CUST1003319,0.4025,0.4938,0.5776,0.2152,0.5168,0.4686,2026-06
CUST1003320,0.2692,0.3476,0.3391,0.2067,0.417,0.4162,2026-06
CUST1003321,0.1019,0.4581,0.3135,0.2471,0.3334,0.4514,2026-06
CUST1003322,0.2465,0.2968,0.4453,0.0629,0.348,0.4527,2026-06
CUST1003323,0.2061,0.6619,0.5105,0.1385,0.2945,0.6757,2026-06
CUST1003324,0.0382,0.3208,0.1382,0.3082,0.4369,0.1255,2026-06
CUST1003325,0.2886,0.3317,0.4306,0.0113,0.367,0.4033,2026-06
CUST1003326,0.5066000000000001,0.3843,0.01,0.1235,0.0608,0.171,2026-06
CUST1003327,0.369,0.5018,0.5149,0.1415,0.5134,0.6549,2026-06
CUST1003328,0.2957,0.4583,0.1962,0.01,0.1651,0.6075,2026-06
CUST1003329,0.2702,0.3642,0.3195,0.3115,0.3956,0.3354,2026-06
CUST1003330,0.4262,0.2773,0.3158,0.1946,0.3073,0.1526,2026-06
CUST1003331,0.4312,0.2785,0.0872,0.2269,0.6531,0.2004,2026-06
CUST1003332,0.1365,0.5078,0.1552,0.1445,0.3376,0.4746,2026-06
CUST1003333,0.3063,0.4072,0.5790999999999999,0.1574,0.3458,0.5039,2026-06
CUST1003334,0.2118,0.4845,0.2542,0.307,0.2263,0.4139,2026-06
CUST1003335,0.4335,0.3575,0.4556,0.1095,0.1923,0.6136,2026-06
CUST1003336,0.363,0.4869,0.318,0.0936,0.2912,0.4858,2026-06
CUST1003337,0.4851,0.3695,0.4536,0.0668,0.3553,0.3512,2026-06
CUST1003338,0.1109,0.5145999999999999,0.2733,0.1759,0.2731,0.3525,2026-06
CUST1003339,0.5762,0.5009,0.2712,0.2815,0.2515,0.3818,2026-06
CUST1003340,0.3741,0.5881999999999999,0.351,0.312,0.3282,0.3726,2026-06
CUST1003341,0.4787,0.65,0.113,0.1079,0.3224,0.4246,2026-06
CUST1003342,0.1448,0.5285,0.2947,0.2002,0.326,0.4906,2026-06
CUST1003343,0.4197,0.638,0.4484,0.2967,0.4721,0.4663,2026-06
CUST1003344,0.4657,0.29,0.317,0.2013,0.3496,0.3635,2026-06
CUST1003345,0.2579,0.2993,0.5734,0.1952,0.3929,0.4075,2026-06
CUST1003346,0.3213,0.6272,0.1812,0.0509,0.3389,0.302,2026-06
CUST1003347,0.5708,0.3014,0.2925,0.2167,0.3782,0.3809,2026-06
CUST1003348,0.1919,0.29,0.083,0.1328,0.4912,0.0801,2026-06
CUST1003349,0.4461,0.3553,0.4971,0.2357,0.3184,0.3028,2026-06
CUST1003350,0.1933,0.225,0.1593,0.1599,0.2523,0.142,2026-06
CUST1003351,0.2481,0.1216,0.4144,0.1864,0.4149,0.2288,2026-06
CUST1003352,0.1837,0.2862,0.1403,0.1834,0.336,0.132,2026-06
CUST1003353,0.5122,0.583,0.4142,0.1193,0.3109,0.3391,2026-06
CUST1003354,0.4081,0.0467,0.2387,0.2703,0.4203,0.1646,2026-06
CUST1003355,0.5397,0.3364,0.4475,0.06660000000000001,0.4485,0.2617,2026-06
CUST1003356,0.3281,0.3532,0.0598,0.2671,0.1723,0.2165,2026-06
CUST1003357,0.039,0.3486,0.2153,0.0622,0.5769,0.2403,2026-06
CUST1003358,0.397,0.5397999999999999,0.3521,0.07149999999999999,0.4651,0.317,2026-06
CUST1003359,0.5155,0.4993,0.2743,0.1116,0.3871,0.3844,2026-06
CUST1003360,0.2021,0.1867,0.3169,0.219,0.3978,0.2934,2026-06
CUST1003361,0.4826,0.2849,0.3197,0.1501,0.3355,0.2355,2026-06
CUST1003362,0.4983,0.3909,0.5103,0.1325,0.4685,0.3946,2026-06
CUST1003363,0.1397,0.2364,0.252,0.0488,0.4138,0.0237,2026-06
CUST1003364,0.3834,0.4047,0.4222,0.266,0.3812,0.391,2026-06
CUST1003365,0.3625,0.2792,0.1588,0.5580000000000001,0.0698,0.01,2026-06
CUST1003366,0.5321,0.6038,0.2404,0.1069,0.1629,0.5503,2026-06
CUST1003367,0.428,0.4719,0.465,0.07539999999999999,0.2825,0.4776,2026-06
CUST1003368,0.4875,0.5174,0.1927,0.104,0.4493,0.2145,2026-06
CUST1003369,0.4411,0.4579,0.4669,0.5407,0.3352,0.6403,2026-06
CUST1003370,0.2962,0.4254,0.5676,0.077,0.3608,0.5874,2026-06
CUST1003371,0.675,0.6657999999999999,0.3991,0.2885,0.2442,0.4337,2026-06
CUST1003372,0.3277,0.1355,0.4932,0.1324,0.2728,0.2059,2026-06
CUST1003373,0.3234,0.4896,0.01,0.3583,0.5991,0.4893,2026-06
CUST1003374,0.3212,0.2854,0.1619,0.2362,0.4662,0.1624,2026-06
CUST1003375,0.4674,0.4233,0.5019,0.1006,0.4219,0.5057,2026-06
CUST1003376,0.474,0.6838,0.3042,0.2706,0.1834,0.3505,2026-06
CUST1003377,0.2912,0.08210000000000001,0.01,0.1,0.5865,0.1105,2026-06
CUST1003378,0.2642,0.5258,0.4155,0.089,0.3511,0.5152,2026-06
CUST1003379,0.1127,0.2247,0.4265,0.2537,0.3326,0.2769,2026-06
CUST1003380,0.2413,0.541,0.2127,0.1685,0.3143,0.501,2026-06
CUST1003381,0.2779,0.4246,0.1776,0.1279,0.5574,0.3867,2026-06
CUST1003382,0.4182,0.4331,0.3507,0.3064,0.3135,0.5021,2026-06
CUST1003383,0.4329,0.5073,0.2958,0.3277,0.3333,0.3418,2026-06
CUST1003384,0.5651,0.1671,0.2985,0.0206,0.4002,0.202,2026-06
CUST1003385,0.4975,0.504,0.3753,0.1826,0.3104,0.5142,2026-06
CUST1003386,0.4742,0.6333,0.2396,0.2759,0.1826,0.2719,2026-06
CUST1003387,0.3369,0.4175,0.01,0.1164,0.2524,0.1593,2026-06
CUST1003388,0.4558,0.6582,0.4692,0.2578,0.2856,0.5689,2026-06
CUST1003389,0.4484,0.6885,0.4363,0.227,0.303,0.382,2026-06
CUST1003390,0.3481,0.6382,0.2836,0.2195,0.1553,0.4391,2026-06
CUST1003391,0.5208,0.3856,0.4892,0.1303,0.5593,0.2851,2026-06
CUST1003392,0.4882,0.5803,0.4184,0.1648,0.3025,0.4236,2026-06
CUST1003393,0.1825,0.1883,0.01,0.6439,0.4445,0.1926,2026-06
CUST1003394,0.4702,0.614,0.5001,0.1366,0.4616,0.5828,2026-06
CUST1003395,0.3935,0.3805,0.0893,0.2112,0.5753,0.1454,2026-06
CUST1003396,0.21,0.1477,0.2088,0.3518,0.5036,0.2762,2026-06
CUST1003397,0.3826,0.382,0.01,0.1658,0.3877,0.2118,2026-06
CUST1003398,0.3689,0.3605,0.3528,0.1288,0.6356000000000001,0.2413,2026-06
CUST1003399,0.3395,0.4566,0.4342,0.2702,0.5272,0.5828,2026-06
CUST1003400,0.3345,0.6022,0.2491,0.2066,0.3043,0.4196,2026-06
CUST1003401,0.4527,0.4315,0.2681,0.1744,0.3703,0.1441,2026-06
CUST1003402,0.0622,0.4079,0.1724,0.2792,0.4153,0.2842,2026-06
CUST1003403,0.1142,0.1269,0.0607,0.2587,0.1674,0.1249,2026-06
CUST1003404,0.1778,0.5534,0.3205,0.2384,0.2575,0.2733,2026-06
CUST1003405,0.1912,0.6077,0.1149,0.2679,0.3134,0.4716,2026-06
CUST1003406,0.4895,0.7685,0.0629,0.2939,0.2938,0.4168,2026-06
CUST1003407,0.416,0.1367,0.2238,0.1695,0.6712,0.0784,2026-06
CUST1003408,0.3121,0.5165,0.1875,0.2475,0.3878,0.4542,2026-06
CUST1003409,0.3942,0.3089,0.01,0.6524,0.282,0.01,2026-06
CUST1003410,0.5476,0.4144,0.3629,0.1078,0.3795,0.4698,2026-06
CUST1003411,0.1785,0.5009,0.0462,0.1279,0.2953,0.061,2026-06
CUST1003412,0.1845,0.4655,0.1402,0.2076,0.1534,0.2585,2026-06
CUST1003413,0.3834,0.458,0.5532,0.1024,0.4071,0.3654,2026-06
CUST1003414,0.3657,0.6067,0.3046,0.1376,0.223,0.5202,2026-06
CUST1003415,0.4142,0.6583,0.4617,0.2362,0.4507,0.3156,2026-06
CUST1003416,0.3719,0.783,0.3938,0.1398,0.2626,0.5309,2026-06
CUST1003417,0.2902,0.3376,0.2821,0.1717,0.4416,0.2191,2026-06
CUST1003418,0.3004,0.3839,0.2822,0.1898,0.2316,0.245,2026-06
CUST1003419,0.2286,0.3428,0.5674,0.2249,0.207,0.4841,2026-06
CUST1003420,0.2769,0.5965,0.1975,0.0246,0.1346,0.2525,2026-06
CUST1003421,0.3811,0.3014,0.2984,0.6093,0.2706,0.2463,2026-06
CUST1003422,0.223,0.2193,0.3025,0.5417,0.4526,0.0421,2026-06
CUST1003423,0.336,0.4823,0.5155999999999999,0.1048,0.4492,0.7296,2026-06
CUST1003424,0.4491,0.3842,0.3326,0.3377,0.3373,0.5155,2026-06
CUST1003425,0.5551,0.8287,0.4137,0.2848,0.3052,0.457,2026-06
CUST1003426,0.2699,0.0547,0.01,0.2571,0.2599,0.3666,2026-06
CUST1003427,0.2719,0.4433,0.4616,0.2071,0.3355,0.334,2026-06
CUST1003428,0.2935,0.4935,0.3232,0.2453,0.3218,0.445,2026-06
CUST1003429,0.4797,0.5712,0.218,0.5659999999999999,0.2345,0.1544,2026-06
CUST1003430,0.2265,0.5208,0.4465,0.1874,0.4943,0.4273,2026-06
CUST1003431,0.3962,0.1031,0.2574,0.1892,0.3634,0.1581,2026-06
CUST1003432,0.3967,0.3371,0.1956,0.0488,0.3769,0.667,2026-06
CUST1003433,0.3547,0.6437,0.496,0.2087,0.2612,0.5167,2026-06
CUST1003434,0.1972,0.2871,0.3554,0.0559,0.4257,0.1987,2026-06
CUST1003435,0.4646,0.454,0.4661,0.065,0.4744,0.3851,2026-06
CUST1003436,0.5551,0.6774,0.4191,0.2379,0.3941,0.2638,2026-06
CUST1003437,0.3653,0.5255,0.2204,0.2228,0.6952,0.4046,2026-06
CUST1003438,0.2822,0.5572,0.4446,0.2739,0.3478,0.464,2026-06
CUST1003439,0.2329,0.5199,0.5336,0.1479,0.2802,0.3496,2026-06
CUST1003440,0.2995,0.3574,0.5431,0.2166,0.2539,0.4165,2026-06
CUST1003441,0.2735,0.1908,0.01,0.2773,0.3577,0.1652,2026-06
CUST1003442,0.1958,0.209,0.2561,0.2195,0.5827,0.3186,2026-06
CUST1003443,0.2429,0.3648,0.3603,0.0322,0.1936,0.5076000000000001,2026-06
CUST1003444,0.2143,0.3898,0.2181,0.1261,0.6492,0.3545,2026-06
CUST1003445,0.0847,0.0692,0.01,0.07820000000000001,0.2497,0.1102,2026-06
CUST1003446,0.4068,0.4929,0.4359,0.1186,0.2102,0.3034,2026-06
CUST1003447,0.1431,0.1449,0.3069,0.1851,0.3231,0.0975,2026-06
CUST1003448,0.3044,0.3468,0.4828,0.337,0.3825,0.3557,2026-06
CUST1003449,0.5343,0.7005,0.2237,0.2506,0.1641,0.3723,2026-06
CUST1003450,0.273,0.6042999999999999,0.0693,0.1859,0.178,0.4463,2026-06
CUST1003451,0.5038,0.6149,0.4328,0.1662,0.2585,0.4346,2026-06
CUST1003452,0.4764,0.3666,0.3287,0.2276,0.2994,0.2966,2026-06
CUST1003453,0.1741,0.1806,0.2416,0.1538,0.2472,0.107,2026-06
CUST1003454,0.2286,0.4634,0.1324,0.1966,0.1242,0.1732,2026-06
CUST1003455,0.5061,0.4543,0.4793,0.1916,0.5375,0.2961,2026-06
CUST1003456,0.4774,0.6469,0.1966,0.2858,0.2914,0.4507,2026-06
CUST1003457,0.3149,0.4281,0.4259,0.0881,0.3152,0.5017,2026-06
CUST1003458,0.4964,0.6499,0.3428,0.01,0.3566,0.3279,2026-06
CUST1003459,0.3076,0.2073,0.01,0.3171,0.4743,0.1248,2026-06
CUST1003460,0.4579,0.3063,0.5238,0.1227,0.2131,0.4578,2026-06
CUST1003461,0.2179,0.206,0.1414,0.1201,0.5779,0.2071,2026-06
CUST1003462,0.3931,0.3986,0.5770999999999999,0.1747,0.4946,0.3549,2026-06
CUST1003463,0.3838,0.3455,0.3025,0.1337,0.2981,0.4536,2026-06
CUST1003464,0.3096,0.7393999999999999,0.1314,0.2522,0.4503,0.3571,2026-06
CUST1003465,0.3533,0.7184,0.1384,0.1735,0.3799,0.4306,2026-06
CUST1003466,0.2088,0.4819,0.2634,0.0156,0.3014,0.3668,2026-06
CUST1003467,0.4255,0.3524,0.4577,0.2092,0.2486,0.3828,2026-06
CUST1003468,0.3618,0.4605,0.2098,0.1881,0.4149,0.1451,2026-06
CUST1003469,0.222,0.1868,0.2792,0.3721,0.6,0.095,2026-06
CUST1003470,0.2465,0.4346,0.4516,0.1318,0.4382,0.4365,2026-06
CUST1003471,0.4425,0.6571,0.4872,0.4717,0.2486,0.6029,2026-06
CUST1003472,0.3265,0.6691,0.3582,0.1897,0.3127,0.3897,2026-06
CUST1003473,0.2483,0.6546,0.01,0.2192,0.3577,0.4972,2026-06
CUST1003474,0.5944,0.7094,0.3913,0.0658,0.2561,0.2128,2026-06
CUST1003475,0.2671,0.6662,0.4697,0.7653,0.427,0.5862000000000001,2026-06
CUST1003476,0.1433,0.3091,0.01,0.2756,0.298,0.1992,2026-06
CUST1003477,0.363,0.6885,0.1951,0.1945,0.3326,0.2128,2026-06
CUST1003478,0.4902,0.495,0.4258,0.1937,0.2557,0.3688,2026-06
CUST1003479,0.3615,0.2606,0.31,0.4726,0.2463,0.306,2026-06
CUST1003480,0.07480000000000001,0.1584,0.01,0.233,0.5765,0.0998,2026-06
CUST1003481,0.2377,0.4727,0.4339,0.1353,0.4362,0.2803,2026-06
CUST1003482,0.428,0.7524999999999999,0.4388,0.1215,0.3752,0.3161,2026-06
CUST1003483,0.5555,0.4305,0.2409,0.1298,0.2883,0.3236,2026-06
CUST1003484,0.24,0.0828,0.3867,0.09719999999999999,0.3314,0.1406,2026-06
CUST1003485,0.5491,0.6335,0.3838,0.2359,0.6004,0.5261,2026-06
CUST1003486,0.4512,0.4266,0.4035,0.1913,0.4628,0.4226,2026-06
CUST1003487,0.2336,0.4657,0.2735,0.223,0.2852,0.7479,2026-06
CUST1003488,0.4043,0.2253,0.5444,0.279,0.1637,0.3712,2026-06
CUST1003489,0.1125,0.1591,0.0708,0.1516,0.3599,0.483,2026-06
CUST1003490,0.4811,0.8828,0.5673,0.1864,0.3752,0.2832,2026-06
CUST1003491,0.1293,0.5797,0.1029,0.2513,0.1262,0.2665,2026-06
CUST1003492,0.4561,0.5631,0.441,0.2058,0.2748,0.3506,2026-06
CUST1003493,0.2529,0.5123,0.2007,0.2282,0.4086,0.3201,2026-06
CUST1003494,0.3258,0.5531,0.4954,0.1617,0.4004,0.3024,2026-06
CUST1003495,0.4758,0.3643,0.0427,0.1849,0.4797,0.1709,2026-06
CUST1003496,0.2794,0.4588,0.408,0.01,0.328,0.5988,2026-06
CUST1003497,0.2132,0.1944,0.2108,0.2529,0.3794,0.1447,2026-06
CUST1003498,0.3894,0.5148,0.09859999999999999,0.1671,0.4088,0.5268,2026-06
CUST1003499,0.2548,0.3964,0.1266,0.08840000000000001,0.2987,0.2601,2026-06
CUST1003500,0.1836,0.2078,0.01,0.1568,0.4936,0.1199,2026-06
CUST1003501,0.367,0.7546,0.2845,0.1473,0.2199,0.4059,2026-06
CUST1003502,0.3014,0.4538,0.3266,0.2002,0.1636,0.4743,2026-06
CUST1003503,0.5894,0.7106,0.2193,0.3876,0.1862,0.5601,2026-06
CUST1003504,0.2699,0.1508,0.2745,0.0704,0.3527,0.1182,2026-06
CUST1003505,0.2467,0.3724,0.321,0.2943,0.361,0.58,2026-06
CUST1003506,0.5581,0.4124,0.3663,0.2954,0.479,0.4636,2026-06
CUST1003507,0.2618,0.4872,0.5642,0.1644,0.5228,0.4293,2026-06
CUST1003508,0.3612,0.4695,0.2694,0.2513,0.7267,0.4692,2026-06
CUST1003509,0.2133,0.4063,0.1073,0.3105,0.2834,0.2481,2026-06
CUST1003510,0.2829,0.4248,0.01,0.5629,0.1499,0.01,2026-06
CUST1003511,0.3796,0.2226,0.2387,0.2183,0.5739,0.1377,2026-06
CUST1003512,0.3044,0.7657,0.3291,0.1959,0.2543,0.3672,2026-06
CUST1003513,0.0407,0.5766,0.1948,0.0369,0.5138,0.4318,2026-06
CUST1003514,0.3155,0.5356,0.0507,0.153,0.2803,0.2212,2026-06
CUST1003515,0.2474,0.2448,0.4653,0.1671,0.3184,0.3486,2026-06
CUST1003516,0.2449,0.1133,0.3392,0.151,0.2542,0.3048,2026-06
CUST1003517,0.3232,0.4918,0.3956,0.3402,0.2972,0.4235,2026-06
CUST1003518,0.1466,0.1411,0.01,0.1549,0.4088,0.2437,2026-06
CUST1003519,0.2222,0.2904,0.1238,0.0958,0.358,0.1331,2026-06
CUST1003520,0.3276,0.4665,0.3387,0.1948,0.3897,0.6075,2026-06
CUST1003521,0.1661,0.1542,0.1819,0.2081,0.2243,0.2181,2026-06
CUST1003522,0.3916,0.2076,0.4225,0.1358,0.3673,0.3894,2026-06
CUST1003523,0.6015,0.4809,0.052,0.174,0.3122,0.1079,2026-06
CUST1003524,0.2468,0.2741,0.4378,0.2698,0.3326,0.5357,2026-06
CUST1003525,0.1842,0.5148,0.4485,0.1937,0.4377,0.5897,2026-06
CUST1003526,0.3808,0.2594,0.433,0.1296,0.2547,0.3534,2026-06
CUST1003527,0.322,0.6345,0.1563,0.0408,0.2919,0.4951,2026-06
CUST1003528,0.501,0.4656,0.3406,0.1718,0.3488,0.1763,2026-06
CUST1003529,0.3064,0.4888,0.2729,0.6288,0.4378,0.4018,2026-06
CUST1003530,0.4246,0.6568000000000001,0.2489,0.1479,0.294,0.5617,2026-06
CUST1003531,0.4046,0.6083,0.4743,0.04,0.3159,0.5974,2026-06
CUST1003532,0.416,0.449,0.3497,0.146,0.3652,0.6304999999999999,2026-06
CUST1003533,0.2709,0.6734,0.3867,0.246,0.3573,0.2984,2026-06
CUST1003534,0.1946,0.3855,0.2198,0.1313,0.728,0.5208,2026-06
CUST1003535,0.2045,0.3578,0.3673,0.2422,0.3084,0.4115,2026-06
CUST1003536,0.3588,0.7719,0.3365,0.0241,0.2033,0.6754,2026-06
CUST1003537,0.4771,0.6089,0.3021,0.1871,0.1708,0.5591,2026-06
CUST1003538,0.5486,0.7574,0.2547,0.1353,0.1905,0.2721,2026-06
CUST1003539,0.1814,0.2163,0.2036,0.1958,0.4661,0.0935,2026-06
CUST1003540,0.1717,0.3189,0.4526,0.1327,0.2783,0.2838,2026-06
CUST1003541,0.4159,0.5131,0.401,0.1922,0.2916,0.3481,2026-06
CUST1003542,0.3315,0.08069999999999999,0.1824,0.2448,0.2627,0.1902,2026-06
CUST1003543,0.2571,0.2816,0.2394,0.057,0.1881,0.2916,2026-06
CUST1003544,0.3353,0.4223,0.4626,0.074,0.3565,0.5364,2026-06
CUST1003545,0.3667,0.5047,0.4881,0.2672,0.3921,0.3412,2026-06
CUST1003546,0.5614,0.4824,0.281,0.1518,0.3738,0.3191,2026-06
CUST1003547,0.3069,0.4552,0.549,0.1632,0.2225,0.4224,2026-06
CUST1003548,0.2559,0.3626,0.1178,0.01,0.3929,0.3203,2026-06
CUST1003549,0.4378,0.4192,0.4947,0.2514,0.4178,0.4597,2026-06
CUST1003550,0.2926,0.4148,0.2561,0.2593,0.2671,0.3134,2026-06
CUST1003551,0.2768,0.3784,0.3275,0.1358,0.2864,0.4416,2026-06
CUST1003552,0.5125999999999999,0.3548,0.2837,0.2173,0.7295,0.1621,2026-06
CUST1003553,0.4126,0.4063,0.2438,0.048,0.5677,0.4625,2026-06
CUST1003554,0.2166,0.3534,0.4036,0.1744,0.3717,0.5238,2026-06
CUST1003555,0.471,0.6055,0.2794,0.1301,0.1952,0.2345,2026-06
CUST1003556,0.424,0.4823,0.508,0.1853,0.3889,0.4497,2026-06
CUST1003557,0.1869,0.2694,0.2584,0.2193,0.377,0.2802,2026-06
CUST1003558,0.2454,0.2847,0.345,0.1169,0.3743,0.2471,2026-06
CUST1003559,0.2753,0.4382,0.3935,0.1776,0.2775,0.3427,2026-06
CUST1003560,0.5202,0.3412,0.3326,0.2939,0.5492,0.1785,2026-06
CUST1003561,0.3546,0.4626,0.3698,0.2421,0.4532,0.4084,2026-06
CUST1003562,0.4389,0.07729999999999999,0.3663,0.1124,0.2243,0.1524,2026-06
CUST1003563,0.4561,0.3553,0.1695,0.1031,0.2022,0.1433,2026-06
CUST1003564,0.4896,0.6022,0.3383,0.3196,0.4945,0.5266999999999999,2026-06
CUST1003565,0.4873,0.5276999999999999,0.2863,0.2586,0.3143,0.4294,2026-06
CUST1003566,0.2259,0.3941,0.2948,0.0441,0.4032,0.4084,2026-06
CUST1003567,0.3679,0.5289,0.352,0.0185,0.379,0.4576,2026-06
CUST1003568,0.3682,0.6536,0.1158,0.1948,0.2367,0.3497,2026-06
CUST1003569,0.3539,0.1148,0.2507,0.2387,0.1832,0.0547,2026-06
CUST1003570,0.2738,0.1806,0.2135,0.1793,0.472,0.1747,2026-06
CUST1003571,0.3592,0.1666,0.4226,0.5451,0.3356,0.3662,2026-06
CUST1003572,0.4112,0.8605,0.4649,0.2387,0.4447,0.4248,2026-06
CUST1003573,0.3067,0.4809,0.4087,0.0404,0.4155,0.5494,2026-06
CUST1003574,0.4257,0.3231,0.4588,0.2061,0.3459,0.2265,2026-06
CUST1003575,0.363,0.5524,0.4283,0.0134,0.3189,0.411,2026-06
CUST1003576,0.2874,0.4437,0.4878,0.4221,0.3964,0.3996,2026-06
CUST1003577,0.1125,0.2214,0.01,0.1634,0.2124,0.0824,2026-06
CUST1003578,0.1415,0.7089,0.1295,0.3224,0.1218,0.4198,2026-06
CUST1003579,0.3272,0.1559,0.2445,0.0645,0.3003,0.1842,2026-06
CUST1003580,0.2461,0.1994,0.1642,0.2941,0.2607,0.321,2026-06
CUST1003581,0.3576,0.2961,0.1729,0.1169,0.3179,0.249,2026-06
CUST1003582,0.2755,0.1981,0.2776,0.0208,0.3793,0.09859999999999999,2026-06
CUST1003583,0.2913,0.3035,0.4778,0.2163,0.3426,0.4504,2026-06
CUST1003584,0.4512,0.4465,0.3066,0.1949,0.2559,0.5165,2026-06
CUST1003585,0.4206,0.616,0.3731,0.2184,0.3463,0.303,2026-06
CUST1003586,0.2542,0.1296,0.1811,0.5434,0.212,0.0554,2026-06
CUST1003587,0.2024,0.5651,0.4102,0.2243,0.4734,0.2417,2026-06
CUST1003588,0.1723,0.2064,0.01,0.2322,0.4048,0.2612,2026-06
CUST1003589,0.2252,0.3496,0.01,0.6009,0.129,0.1415,2026-06
CUST1003590,0.3133,0.6911,0.2131,0.0853,0.2042,0.5933,2026-06
CUST1003591,0.151,0.598,0.3715,0.175,0.335,0.3473,2026-06
CUST1003592,0.2259,0.217,0.1138,0.08,0.2993,0.4165,2026-06
CUST1003593,0.1995,0.3343,0.1572,0.5851,0.141,0.2747,2026-06
CUST1003594,0.1314,0.1972,0.01,0.1676,0.5467,0.1795,2026-06
CUST1003595,0.025,0.3921,0.4447,0.3301,0.3425,0.4189,2026-06
CUST1003596,0.4748,0.4876,0.01,0.1136,0.195,0.1575,2026-06
CUST1003597,0.4679,0.6093,0.4033,0.1623,0.4061,0.2728,2026-06
CUST1003598,0.4175,0.6261,0.5351,0.3915,0.3674,0.4267,2026-06
CUST1003599,0.6159,0.6126,0.396,0.08169999999999999,0.4101,0.3313,2026-06
CUST1003600,0.324,0.5393,0.194,0.2478,0.6583,0.5772,2026-06
CUST1003601,0.5222,0.1797,0.2954,0.5266,0.2328,0.01,2026-06
CUST1003602,0.4388,0.3311,0.01,0.2529,0.301,0.01,2026-06
CUST1003603,0.3859,0.3017,0.1054,0.2099,0.4909,0.134,2026-06
CUST1003604,0.4789,0.4371,0.3431,0.2606,0.4392,0.5309,2026-06
CUST1003605,0.3346,0.255,0.2518,0.09619999999999999,0.4802,0.1751,2026-06
CUST1003606,0.3915,0.5106000000000001,0.1282,0.0725,0.289,0.4321,2026-06
CUST1003607,0.2946,0.2666,0.3899,0.185,0.3451,0.597,2026-06
CUST1003608,0.1737,0.3748,0.0548,0.229,0.2253,0.1384,2026-06
CUST1003609,0.3789,0.4617,0.5094,0.2134,0.4701,0.3437,2026-06
CUST1003610,0.5693,0.1702,0.1123,0.6118,0.2419,0.1449,2026-06
CUST1003611,0.5393,0.3798,0.3085,0.1776,0.5775,0.2764,2026-06
CUST1003612,0.1724,0.4178,0.6163,0.12,0.3166,0.6876,2026-06
CUST1003613,0.2178,0.5109,0.2224,0.0766,0.1881,0.3149,2026-06
CUST1003614,0.1935,0.2836,0.1938,0.1091,0.4067,0.2682,2026-06
CUST1003615,0.2201,0.0445,0.1302,0.2466,0.361,0.0568,2026-06
CUST1003616,0.6156,0.4605,0.4713,0.2779,0.3385,0.411,2026-06
CUST1003617,0.103,0.6025,0.1065,0.2535,0.324,0.5385,2026-06
CUST1003618,0.3531,0.3773,0.4718,0.2703,0.282,0.6172,2026-06
CUST1003619,0.6393,0.534,0.4618,0.2325,0.5436,0.3114,2026-06
CUST1003620,0.2531,0.4592,0.4636,0.1104,0.4634,0.4938,2026-06
CUST1003621,0.2263,0.1512,0.3795,0.2138,0.2426,0.2006,2026-06
CUST1003622,0.3511,0.4182,0.4182,0.1149,0.4597,0.5276,2026-06
CUST1003623,0.404,0.4503,0.3081,0.2827,0.3706,0.5639,2026-06
CUST1003624,0.3,0.4641,0.5447,0.1459,0.1743,0.6234,2026-06
CUST1003625,0.5969,0.4184,0.0718,0.1745,0.3086,0.1353,2026-06
CUST1003626,0.3945,0.5116000000000001,0.3672,0.2472,0.2776,0.4388,2026-06
CUST1003627,0.3678,0.5772,0.199,0.1898,0.2803,0.4046,2026-06
CUST1003628,0.3912,0.3395,0.1938,0.3138,0.2872,0.1812,2026-06
CUST1003629,0.1868,0.3246,0.3846,0.2012,0.3835,0.4877,2026-06
CUST1003630,0.3035,0.2111,0.4999,0.0427,0.1913,0.6296,2026-06
CUST1003631,0.3447,0.3959,0.5014999999999999,0.1557,0.2715,0.5202,2026-06
CUST1003632,0.1383,0.2061,0.1568,0.262,0.3585,0.2363,2026-06
CUST1003633,0.2209,0.3367,0.09279999999999999,0.3055,0.2139,0.1906,2026-06
CUST1003634,0.2004,0.1785,0.2058,0.1176,0.3725,0.1045,2026-06
CUST1003635,0.5172,0.726,0.4411,0.1929,0.2791,0.5238,2026-06
CUST1003636,0.2737,0.4252,0.4266,0.1043,0.5828,0.3023,2026-06
CUST1003637,0.1917,0.4147,0.3111,0.06759999999999999,0.3124,0.2439,2026-06
CUST1003638,0.1882,0.393,0.3919,0.0786,0.3003,0.3699,2026-06
CUST1003639,0.08740000000000001,0.1515,0.2629,0.188,0.4633,0.2159,2026-06
CUST1003640,0.3769,0.7166,0.3634,0.2465,0.2368,0.488,2026-06
CUST1003641,0.3733,0.2417,0.5497,0.2528,0.4259,0.4806,2026-06
CUST1003642,0.3505,0.2128,0.3345,0.1775,0.2272,0.0694,2026-06
CUST1003643,0.3841,0.4173,0.1772,0.2039,0.5616,0.4249,2026-06
CUST1003644,0.4961,0.2644,0.301,0.2377,0.2763,0.211,2026-06
CUST1003645,0.2028,0.0433,0.08409999999999999,0.2361,0.1672,0.1582,2026-06
CUST1003646,0.2374,0.1734,0.01,0.3705,0.4052,0.1536,2026-06
CUST1003647,0.3752,0.7897999999999999,0.4257,0.0828,0.2294,0.4499,2026-06
CUST1003648,0.4023,0.5296999999999999,0.4246,0.1237,0.3418,0.4196,2026-06
CUST1003649,0.1998,0.6203,0.5669999999999999,0.2362,0.3096,0.3668,2026-06
CUST1003650,0.4478,0.6146,0.3211,0.1963,0.3199,0.466,2026-06
CUST1003651,0.432,0.7231,0.472,0.1475,0.2131,0.3445,2026-06
CUST1003652,0.2041,0.5235,0.1169,0.2452,0.359,0.3897,2026-06
CUST1003653,0.3297,0.4348,0.4554,0.136,0.3751,0.3505,2026-06
CUST1003654,0.4217,0.3096,0.2786,0.2087,0.4315,0.3899,2026-06
CUST1003655,0.2451,0.1125,0.1716,0.3783,0.5102,0.2814,2026-06
CUST1003656,0.3547,0.2978,0.24,0.1597,0.226,0.1173,2026-06
CUST1003657,0.1616,0.2886,0.3749,0.2664,0.3582,0.1199,2026-06
CUST1003658,0.6106,0.4635,0.3344,0.1259,0.5072,0.3984,2026-06
CUST1003659,0.2201,0.08110000000000001,0.3091,0.1325,0.1316,0.4139,2026-06
CUST1003660,0.3742,0.721,0.2241,0.2074,0.2852,0.4004,2026-06
CUST1003661,0.1832,0.5276,0.075,0.0608,0.3288,0.1294,2026-06
CUST1003662,0.4696,0.4641,0.1996,0.0964,0.2348,0.22,2026-06
CUST1003663,0.1174,0.7355,0.1078,0.1922,0.384,0.3999,2026-06
CUST1003664,0.1902,0.4324,0.4831,0.2738,0.3885,0.3104,2026-06
CUST1003665,0.2487,0.2325,0.2212,0.1494,0.4402,0.01,2026-06
CUST1003666,0.3009,0.5359,0.5178,0.1367,0.4167,0.7855,2026-06
CUST1003667,0.2162,0.2653,0.01,0.1892,0.2708,0.0456,2026-06
CUST1003668,0.2729,0.1574,0.1684,0.1821,0.3242,0.1039,2026-06
CUST1003669,0.408,0.3339,0.01,0.1608,0.3703,0.1316,2026-06
CUST1003670,0.3218,0.4332,0.404,0.1206,0.4254,0.5043,2026-06
CUST1003671,0.1499,0.2327,0.2673,0.13,0.51,0.1429,2026-06
CUST1003672,0.2856,0.4255,0.4682,0.1828,0.3178,0.3329,2026-06
CUST1003673,0.486,0.5965,0.4682,0.2033,0.1894,0.2767,2026-06
CUST1003674,0.307,0.7187,0.4818,0.0673,0.2467,0.3263,2026-06
CUST1003675,0.5842000000000001,0.789,0.2138,0.0343,0.1838,0.3544,2026-06
CUST1003676,0.4175,0.5522,0.308,0.2755,0.3872,0.4548,2026-06
CUST1003677,0.4238,0.639,0.3295,0.3251,0.1601,0.4599,2026-06
CUST1003678,0.5412,0.8452,0.1192,0.1269,0.115,0.2878,2026-06
CUST1003679,0.1514,0.1902,0.01,0.3289,0.468,0.1189,2026-06
CUST1003680,0.2067,0.4703,0.01,0.022,0.2669,0.1835,2026-06
CUST1003681,0.3066,0.2489,0.4626,0.0452,0.3541,0.3804,2026-06
CUST1003682,0.4999,0.2433,0.1634,0.3192,0.3529,0.3723,2026-06
CUST1003683,0.3109,0.2068,0.1941,0.0573,0.3278,0.1627,2026-06
CUST1003684,0.22,0.163,0.1279,0.1346,0.4268,0.2396,2026-06
CUST1003685,0.2763,0.6104000000000001,0.1945,0.1586,0.2516,0.3424,2026-06
CUST1003686,0.2839,0.4665,0.2184,0.1737,0.2754,0.5079,2026-06
CUST1003687,0.1947,0.3967,0.0498,0.1083,0.1651,0.1398,2026-06
CUST1003688,0.3912,0.3324,0.1291,0.2171,0.372,0.4084,2026-06
CUST1003689,0.2157,0.4766,0.3468,0.2625,0.5823,0.2044,2026-06
CUST1003690,0.2192,0.5034,0.432,0.309,0.3085,0.6178,2026-06
CUST1003691,0.3443,0.6663,0.4144,0.1589,0.3885,0.3403,2026-06
CUST1003692,0.1839,0.2532,0.3199,0.1631,0.3195,0.0497,2026-06
CUST1003693,0.5753,0.5117,0.1231,0.2463,0.2846,0.2689,2026-06
CUST1003694,0.1539,0.2086,0.211,0.07140000000000001,0.4246,0.0308,2026-06
CUST1003695,0.4806,0.4125,0.0507,0.2229,0.3385,0.1432,2026-06
CUST1003696,0.166,0.5113,0.4411,0.0961,0.4218,0.2418,2026-06
CUST1003697,0.3811,0.323,0.4153,0.1869,0.4908,0.5596,2026-06
CUST1003698,0.2909,0.0701,0.4732,0.1142,0.6446,0.1339,2026-06
CUST1003699,0.5237000000000001,0.7589,0.515,0.13,0.3294,0.4674,2026-06
CUST1003700,0.4556,0.5778,0.2749,0.2918,0.3256,0.4683,2026-06
CUST1003701,0.1678,0.6717,0.1762,0.6853,0.1273,0.3638,2026-06
CUST1003702,0.1981,0.4822,0.4942,0.1259,0.3212,0.63,2026-06
CUST1003703,0.2154,0.658,0.2497,0.2746,0.2726,0.6365,2026-06
CUST1003704,0.4519,0.5242,0.3562,0.1532,0.2567,0.3224,2026-06
CUST1003705,0.2968,0.4557,0.0466,0.3478,0.605,0.279,2026-06
CUST1003706,0.3599,0.3984,0.2918,0.3222,0.3158,0.6232,2026-06
CUST1003707,0.1526,0.01,0.2555,0.0617,0.4703,0.133,2026-06
CUST1003708,0.4101,0.5052,0.3592,0.217,0.3145,0.5185999999999999,2026-06
CUST1003709,0.3766,0.6696,0.5093,0.1279,0.2929,0.3213,2026-06
CUST1003710,0.2907,0.4455,0.2801,0.2488,0.3039,0.672,2026-06
CUST1003711,0.3043,0.2011,0.4297,0.6256,0.3676,0.4891,2026-06
CUST1003712,0.0436,0.2386,0.1976,0.1809,0.276,0.1914,2026-06
CUST1003713,0.2794,0.1205,0.0409,0.1466,0.3378,0.0566,2026-06
CUST1003714,0.2405,0.4009,0.3921,0.5158,0.2061,0.4751,2026-06
CUST1003715,0.429,0.58,0.3868,0.0381,0.2892,0.4827,2026-06
CUST1003716,0.345,0.8925,0.2605,0.1514,0.3101,0.5422,2026-06
CUST1003717,0.3621,0.6494,0.5224,0.1154,0.3417,0.6533,2026-06
CUST1003718,0.2811,0.6676,0.1534,0.148,0.2461,0.2861,2026-06
CUST1003719,0.1935,0.4179,0.1773,0.2047,0.2852,0.2365,2026-06
CUST1003720,0.4533,0.3686,0.3784,0.076,0.3944,0.3901,2026-06
CUST1003721,0.2943,0.4128,0.4207,0.1911,0.2778,0.4297,2026-06
CUST1003722,0.2271,0.4094,0.3459,0.1272,0.3809,0.5079,2026-06
CUST1003723,0.5036,0.447,0.2491,0.2423,0.4851,0.09329999999999999,2026-06
CUST1003724,0.3523,0.469,0.5387,0.1323,0.434,0.5076000000000001,2026-06
CUST1003725,0.2073,0.2486,0.2091,0.1031,0.319,0.1296,2026-06
CUST1003726,0.3596,0.2455,0.2659,0.1769,0.4767,0.1905,2026-06
CUST1003727,0.2769,0.1684,0.1663,0.2505,0.3312,0.0838,2026-06
CUST1003728,0.1972,0.5692,0.1596,0.2647,0.2452,0.378,2026-06
CUST1003729,0.1702,0.2454,0.389,0.2597,0.4534,0.5673,2026-06
CUST1003730,0.4511,0.6606,0.2863,0.2278,0.2164,0.5089,2026-06
CUST1003731,0.5154,0.4903,0.3383,0.4801,0.1723,0.5415,2026-06
CUST1003732,0.4626,0.7653,0.226,0.01,0.1785,0.3185,2026-06
CUST1003733,0.0546,0.4054,0.01,0.1553,0.5675,0.063,2026-06
CUST1003734,0.4201,0.2764,0.3697,0.1824,0.2531,0.4378,2026-06
CUST1003735,0.5496,0.6342,0.3907,0.6129,0.2077,0.5511,2026-06
CUST1003736,0.2811,0.4186,0.4576,0.1899,0.4451,0.3696,2026-06
CUST1003737,0.1942,0.4535,0.2269,0.2262,0.2977,0.5271,2026-06
CUST1003738,0.4091,0.5799,0.3552,0.3109,0.3644,0.2667,2026-06
CUST1003739,0.4827,0.6882,0.1861,0.06909999999999999,0.3601,0.3927,2026-06
CUST1003740,0.1409,0.3994,0.0696,0.1976,0.4097,0.4875,2026-06
CUST1003741,0.3047,0.388,0.287,0.2723,0.4133,0.4541,2026-06
CUST1003742,0.4576,0.4931,0.3019,0.2845,0.3707,0.5148,2026-06
CUST1003743,0.255,0.6046,0.2587,0.2539,0.2826,0.2834,2026-06
CUST1003744,0.139,0.4025,0.4779,0.1329,0.282,0.5873,2026-06
CUST1003745,0.4182,0.5391,0.5018,0.0254,0.2702,0.5556,2026-06
CUST1003746,0.1029,0.3071,0.01,0.6237,0.3574,0.0228,2026-06
CUST1003747,0.4659,0.4827,0.4364,0.1472,0.2849,0.6998,2026-06
CUST1003748,0.187,0.4736,0.2052,0.1129,0.2291,0.3348,2026-06
CUST1003749,0.4006,0.3551,0.4683,0.163,0.153,0.4841,2026-06
CUST1003750,0.405,0.3976,0.2659,0.07870000000000001,0.3218,0.1626,2026-06
CUST1003751,0.2127,0.01,0.299,0.1726,0.2719,0.1912,2026-06
CUST1003752,0.2905,0.3624,0.2954,0.1626,0.378,0.3388,2026-06
CUST1003753,0.555,0.4496,0.2844,0.2143,0.3193,0.3304,2026-06
CUST1003754,0.4935,0.2431,0.1228,0.1063,0.5239,0.0474,2026-06
CUST1003755,0.3997,0.2211,0.2966,0.2111,0.4448,0.1876,2026-06
CUST1003756,0.1521,0.3456,0.4066,0.1782,0.3944,0.5135999999999999,2026-06
CUST1003757,0.4649,0.5687,0.2762,0.2517,0.3337,0.4088,2026-06
CUST1003758,0.3732,0.6301,0.5779,0.2322,0.2061,0.4837,2026-06
CUST1003759,0.2533,0.3094,0.4371,0.2202,0.2468,0.3975,2026-06
CUST1003760,0.3601,0.2241,0.12,0.1865,0.3479,0.117,2026-06
CUST1003761,0.0515,0.6929,0.3039,0.2559,0.2668,0.5028,2026-06
CUST1003762,0.6156,0.593,0.3051,0.3021,0.3123,0.431,2026-06
CUST1003763,0.5027,0.3008,0.2926,0.01,0.3362,0.1867,2026-06
CUST1003764,0.163,0.6791,0.2419,0.1726,0.2514,0.4805,2026-06
CUST1003765,0.3541,0.3527,0.4037,0.0455,0.3116,0.4952,2026-06
CUST1003766,0.2323,0.3486,0.454,0.3185,0.317,0.5417999999999999,2026-06
CUST1003767,0.3652,0.2957,0.5389,0.6079,0.2206,0.2657,2026-06
CUST1003768,0.5593,0.6091,0.4747,0.1594,0.2559,0.4322,2026-06
CUST1003769,0.2515,0.345,0.3917,0.1387,0.2817,0.19,2026-06
CUST1003770,0.4747,0.2866,0.3314,0.1634,0.2288,0.0635,2026-06
CUST1003771,0.5202,0.6017,0.3749,0.2628,0.3209,0.4755,2026-06
CUST1003772,0.4218,0.6965,0.4441,0.2041,0.2546,0.4834,2026-06
CUST1003773,0.3699,0.3476,0.5406,0.1693,0.3103,0.4235,2026-06
CUST1003774,0.1752,0.3282,0.4647,0.3291,0.4025,0.6108,2026-06
CUST1003775,0.1783,0.1453,0.2586,0.1051,0.2787,0.1375,2026-06
CUST1003776,0.196,0.3373,0.1224,0.1654,0.2223,0.1375,2026-06
CUST1003777,0.3973,0.7542,0.2751,0.2277,0.4656,0.3409,2026-06
CUST1003778,0.15,0.5104,0.2539,0.2094,0.4639,0.4435,2026-06
CUST1003779,0.3778,0.4809,0.4947,0.2136,0.4668,0.3982,2026-06
CUST1003780,0.6361,0.6827,0.5101,0.1722,0.2235,0.4039,2026-06
CUST1003781,0.2839,0.4349,0.3957,0.1795,0.3734,0.0497,2026-06
CUST1003782,0.3261,0.0487,0.239,0.2532,0.2969,0.3539,2026-06
CUST1003783,0.4808,0.5511,0.5367,0.1908,0.2292,0.912,2026-06
CUST1003784,0.5489000000000001,0.4745,0.0857,0.1112,0.3872,0.108,2026-06
CUST1003785,0.6382,0.6322,0.4705,0.2587,0.1937,0.5935,2026-06
CUST1003786,0.7141999999999999,0.5169,0.4257,0.1221,0.3242,0.4655,2026-06
CUST1003787,0.2645,0.3976,0.1809,0.0951,0.4695,0.2243,2026-06
CUST1003788,0.475,0.4139,0.3104,0.1157,0.2126,0.4589,2026-06
CUST1003789,0.36,0.1963,0.4533,0.1752,0.3458,0.3373,2026-06
CUST1003790,0.2736,0.5841,0.5028,0.1179,0.2716,0.3266,2026-06
CUST1003791,0.3714,0.5062,0.3006,0.2263,0.3583,0.5109,2026-06
CUST1003792,0.3648,0.4004,0.5029,0.01,0.3682,0.5053,2026-06
CUST1003793,0.4417,0.4545,0.4929,0.01,0.4667,0.4313,2026-06
CUST1003794,0.3305,0.0885,0.2831,0.2329,0.3077,0.0893,2026-06
CUST1003795,0.2096,0.1184,0.1919,0.0839,0.4174,0.2681,2026-06
CUST1003796,0.2276,0.5436,0.2464,0.2642,0.2401,0.3702,2026-06
CUST1003797,0.3419,0.4699,0.4303,0.1556,0.3989,0.4947,2026-06
CUST1003798,0.5494,0.4798,0.2779,0.2916,0.3528,0.2284,2026-06
CUST1003799,0.2205,0.105,0.1997,0.1955,0.2212,0.0793,2026-06
CUST1003800,0.6411,0.5513,0.4846,0.116,0.6787,0.3061,2026-06
CUST1003801,0.5526,0.7429,0.3261,0.2879,0.2661,0.2954,2026-06
CUST1003802,0.2068,0.5165999999999999,0.3296,0.1609,0.4086,0.3618,2026-06
CUST1003803,0.4841,0.5868,0.3903,0.1123,0.3462,0.34,2026-06
CUST1003804,0.3316,0.1185,0.4424,0.5369,0.2794,0.187,2026-06
CUST1003805,0.3176,0.4666,0.5175,0.1154,0.4743,0.6019,2026-06
CUST1003806,0.1912,0.4691,0.5787,0.0669,0.3779,0.4868,2026-06
CUST1003807,0.4002,0.3914,0.3265,0.3734,0.3192,0.3997,2026-06
CUST1003808,0.2809,0.3207,0.4919,0.1523,0.3199,0.5124,2026-06
CUST1003809,0.4131,0.2108,0.336,0.1763,0.6142,0.1541,2026-06
CUST1003810,0.2053,0.3536,0.4348,0.1864,0.2188,0.6152,2026-06
CUST1003811,0.4527,0.1848,0.0854,0.1666,0.5546,0.0465,2026-06
CUST1003812,0.486,0.4692,0.515,0.1868,0.3521,0.3767,2026-06
CUST1003813,0.5325,0.3285,0.5018,0.2248,0.406,0.7059,2026-06
CUST1003814,0.2629,0.2751,0.1419,0.3224,0.1793,0.1106,2026-06
CUST1003815,0.2937,0.1054,0.3852,0.07290000000000001,0.4705,0.065,2026-06
CUST1003816,0.4343,0.5686,0.5407,0.1492,0.4068,0.2912,2026-06
CUST1003817,0.289,0.4473,0.0615,0.1752,0.2261,0.1453,2026-06
CUST1003818,0.1914,0.489,0.4952,0.1467,0.2276,0.5065,2026-06
CUST1003819,0.0848,0.2591,0.4637,0.4288,0.2809,0.5728,2026-06
CUST1003820,0.3696,0.3476,0.01,0.2912,0.4211,0.1711,2026-06
CUST1003821,0.5755,0.6473,0.5629,0.1201,0.4789,0.3347,2026-06
CUST1003822,0.4542,0.5933,0.2943,0.325,0.4108,0.4472,2026-06
CUST1003823,0.3567,0.5958,0.0673,0.121,0.256,0.3333,2026-06
CUST1003824,0.01,0.3623,0.1337,0.2244,0.246,0.2326,2026-06
CUST1003825,0.226,0.2522,0.4684,0.0303,0.523,0.5203,2026-06
CUST1003826,0.4507,0.5603,0.3869,0.2,0.2699,0.4876,2026-06
CUST1003827,0.4834,0.3251,0.5425,0.09660000000000001,0.3319,0.441,2026-06
CUST1003828,0.3742,0.4044,0.2289,0.1408,0.2929,0.4925,2026-06
CUST1003829,0.3044,0.1884,0.01,0.5293,0.261,0.4316,2026-06
CUST1003830,0.0333,0.429,0.2461,0.0412,0.211,0.5754,2026-06
CUST1003831,0.3595,0.3805,0.5132,0.2507,0.3537,0.35,2026-06
CUST1003832,0.3464,0.4198,0.4223,0.0236,0.2241,0.4394,2026-06
CUST1003833,0.3497,0.3171,0.1619,0.037,0.3525,0.1401,2026-06
CUST1003834,0.1007,0.0936,0.3064,0.5397999999999999,0.1951,0.01,2026-06
CUST1003835,0.1336,0.6805,0.279,0.0608,0.2508,0.2349,2026-06
CUST1003836,0.5068,0.4051,0.1487,0.2116,0.3182,0.2463,2026-06
CUST1003837,0.4727,0.5732,0.3348,0.1841,0.4211,0.3827,2026-06
CUST1003838,0.264,0.535,0.2934,0.1542,0.3478,0.4806,2026-06
CUST1003839,0.3301,0.2886,0.3746,0.2306,0.2595,0.2246,2026-06
CUST1003840,0.35,0.3924,0.3998,0.2362,0.416,0.5179,2026-06
CUST1003841,0.4754,0.8434,0.3467,0.2295,0.2551,0.4826,2026-06
CUST1003842,0.4574,0.4232,0.3921,0.1504,0.3115,0.4279,2026-06
CUST1003843,0.537,0.4295,0.3694,0.095,0.3378,0.4677,2026-06
CUST1003844,0.52,0.6686,0.1591,0.1341,0.2467,0.4339,2026-06
CUST1003845,0.06859999999999999,0.2164,0.0698,0.0838,0.4853,0.0487,2026-06
CUST1003846,0.1572,0.4367,0.2129,0.3859,0.2398,0.2892,2026-06
CUST1003847,0.4993,0.362,0.4719,0.0353,0.4392,0.3822,2026-06
CUST1003848,0.4947,0.4595,0.4806,0.0481,0.3442,0.7389,2026-06
CUST1003849,0.5123,0.2196,0.2358,0.174,0.3998,0.1312,2026-06
CUST1003850,0.4741,0.4862,0.2956,0.2645,0.5866,0.2446,2026-06
CUST1003851,0.4313,0.4164,0.4951,0.1534,0.3722,0.5698,2026-06
CUST1003852,0.306,0.4244,0.4079,0.1021,0.4159,0.4539,2026-06
CUST1003853,0.3001,0.5022,0.0194,0.302,0.3043,0.08260000000000001,2026-06
CUST1003854,0.4928,0.7794,0.3983,0.2195,0.4113,0.6064000000000001,2026-06
CUST1003855,0.1808,0.0888,0.019,0.279,0.4794,0.034,2026-06
CUST1003856,0.18,0.1944,0.01,0.1358,0.489,0.1627,2026-06
CUST1003857,0.471,0.6149,0.33,0.09950000000000001,0.4259,0.5124,2026-06
CUST1003858,0.5169,0.666,0.4519,0.1392,0.2077,0.2196,2026-06
CUST1003859,0.3615,0.3925,0.0596,0.2696,0.1881,0.1653,2026-06
CUST1003860,0.3565,0.721,0.2985,0.3055,0.2049,0.3214,2026-06
CUST1003861,0.3955,0.3058,0.1502,0.355,0.2895,0.6252,2026-06
CUST1003862,0.4653,0.5097,0.3593,0.1574,0.2595,0.3882,2026-06
CUST1003863,0.4691,0.5209,0.2736,0.2267,0.3906,0.3574,2026-06
CUST1003864,0.457,0.5095,0.466,0.234,0.4063,0.3324,2026-06
CUST1003865,0.3496,0.4405,0.0157,0.2322,0.0198,0.1292,2026-06
CUST1003866,0.2966,0.2595,0.2561,0.1912,0.5046,0.1592,2026-06
CUST1003867,0.4585,0.6194,0.2359,0.1047,0.2678,0.2734,2026-06
CUST1003868,0.3755,0.4466,0.2616,0.158,0.6083,0.4231,2026-06
CUST1003869,0.4132,0.319,0.0287,0.2611,0.171,0.09719999999999999,2026-06
CUST1003870,0.4421,0.3153,0.4317,0.2065,0.3915,0.4415,2026-06
CUST1003871,0.1022,0.7121,0.4188,0.1332,0.2805,0.356,2026-06
CUST1003872,0.4351,0.3334,0.2692,0.1492,0.489,0.1983,2026-06
CUST1003873,0.1301,0.2803,0.1822,0.1418,0.1143,0.2038,2026-06
CUST1003874,0.4693,0.4372,0.3965,0.1303,0.369,0.4981,2026-06
CUST1003875,0.1976,0.3948,0.5728,0.0222,0.4667,0.3782,2026-06
CUST1003876,0.4661,0.2137,0.2929,0.1898,0.2905,0.2871,2026-06
CUST1003877,0.2472,0.2352,0.01,0.066,0.1477,0.248,2026-06
CUST1003878,0.4528,0.7433,0.5059,0.041,0.1862,0.5389,2026-06
CUST1003879,0.2615,0.161,0.0109,0.2283,0.2727,0.1398,2026-06
CUST1003880,0.1279,0.2311,0.2411,0.046,0.4078,0.3501,2026-06
CUST1003881,0.527,0.5752,0.2127,0.2468,0.4052,0.2374,2026-06
CUST1003882,0.4694,0.4612,0.3048,0.1459,0.3107,0.425,2026-06
CUST1003883,0.5324,0.5206,0.5219,0.2772,0.4129,0.2443,2026-06
CUST1003884,0.4072,0.3377,0.3234,0.1436,0.4355,0.4357,2026-06
CUST1003885,0.2088,0.2728,0.0516,0.1366,0.3436,0.1945,2026-06
CUST1003886,0.4011,0.2407,0.2492,0.049,0.3954,0.1598,2026-06
CUST1003887,0.3135,0.3181,0.4244,0.2161,0.395,0.5063,2026-06
CUST1003888,0.5432,0.6183999999999999,0.3702,0.1073,0.302,0.2927,2026-06
CUST1003889,0.4992,0.3721,0.3077,0.08069999999999999,0.5558999999999999,0.0804,2026-06
CUST1003890,0.3156,0.7462,0.1084,0.2833,0.1328,0.01,2026-06
CUST1003891,0.363,0.2342,0.2981,0.0407,0.4123,0.1473,2026-06
CUST1003892,0.5338000000000001,0.6941000000000001,0.2988,0.0822,0.2514,0.5447,2026-06
CUST1003893,0.3521,0.5303,0.1939,0.1664,0.2822,0.3946,2026-06
CUST1003894,0.2147,0.3442,0.1122,0.0882,0.1272,0.0406,2026-06
CUST1003895,0.3927,0.6802,0.5217000000000001,0.2347,0.3491,0.7654,2026-06
CUST1003896,0.4578,0.6536,0.1995,0.5753,0.3432,0.403,2026-06
CUST1003897,0.211,0.5125,0.2577,0.1042,0.2213,0.5975,2026-06
CUST1003898,0.3159,0.5967,0.5004999999999999,0.01,0.266,0.453,2026-06
CUST1003899,0.1451,0.3558,0.1017,0.1173,0.3341,0.2181,2026-06
CUST1003900,0.048,0.1603,0.0583,0.2332,0.4844,0.1645,2026-06
CUST1003901,0.0484,0.1527,0.01,0.0741,0.2271,0.01,2026-06
CUST1003902,0.2489,0.245,0.2649,0.1906,0.2426,0.1453,2026-06
CUST1003903,0.3559,0.3812,0.3894,0.2804,0.3546,0.6409,2026-06
CUST1003904,0.3647,0.1255,0.3555,0.01,0.2342,0.1915,2026-06
CUST1003905,0.276,0.5757,0.1761,0.01,0.1406,0.4476,2026-06
CUST1003906,0.5361,0.6325,0.1037,0.09089999999999999,0.4083,0.4087,2026-06
CUST1003907,0.603,0.8236,0.3754,0.2163,0.2353,0.4874,2026-06
CUST1003908,0.2692,0.1869,0.2797,0.1339,0.3236,0.3327,2026-06
CUST1003909,0.361,0.3775,0.1707,0.1637,0.5299,0.226,2026-06
CUST1003910,0.5435,0.4217,0.4185,0.073,0.4364,0.4912,2026-06
CUST1003911,0.2377,0.2982,0.0891,0.08359999999999999,0.1685,0.0716,2026-06
CUST1003912,0.3067,0.3571,0.3785,0.1887,0.3285,0.4619,2026-06
CUST1003913,0.4308,0.4812,0.5159,0.1566,0.2995,0.3448,2026-06
CUST1003914,0.4988,0.6471,0.2202,0.1642,0.2439,0.4237,2026-06
CUST1003915,0.259,0.517,0.4642,0.2159,0.3876,0.5451,2026-06
CUST1003916,0.297,0.376,0.09370000000000001,0.2309,0.1013,0.01,2026-06
CUST1003917,0.3612,0.4436,0.2547,0.2144,0.2358,0.3436,2026-06
CUST1003918,0.4096,0.5802,0.4903,0.2697,0.3433,0.3484,2026-06
CUST1003919,0.131,0.266,0.1646,0.1148,0.318,0.2912,2026-06
CUST1003920,0.4969,0.1306,0.2921,0.1939,0.4389,0.4019,2026-06
CUST1003921,0.2297,0.5062,0.3696,0.0693,0.4183,0.548,2026-06
CUST1003922,0.1699,0.3969,0.414,0.189,0.4085,0.5669,2026-06
CUST1003923,0.4515,0.5221,0.4736,0.1198,0.3587,0.5874,2026-06
CUST1003924,0.3879,0.2968,0.291,0.1566,0.6129,0.2529,2026-06
CUST1003925,0.2873,0.2826,0.6575,0.2333,0.133,0.427,2026-06
CUST1003926,0.1604,0.6763,0.2645,0.1019,0.4831,0.6506,2026-06
CUST1003927,0.4575,0.6567,0.3635,0.1463,0.3036,0.4389,2026-06
CUST1003928,0.3458,0.1332,0.01,0.0154,0.2486,0.3052,2026-06
CUST1003929,0.4879,0.4081,0.1666,0.1077,0.432,0.1411,2026-06
CUST1003930,0.2245,0.5027,0.1986,0.08840000000000001,0.1783,0.4008,2026-06
CUST1003931,0.193,0.1763,0.3631,0.2426,0.3895,0.1779,2026-06
CUST1003932,0.4926,0.4959,0.4512,0.0497,0.3657,0.3218,2026-06
CUST1003933,0.3037,0.6761,0.1517,0.1044,0.1246,0.3682,2026-06
CUST1003934,0.0905,0.5386,0.08119999999999999,0.141,0.2261,0.3587,2026-06
CUST1003935,0.3787,0.4896,0.397,0.1497,0.4723,0.5817,2026-06
CUST1003936,0.4051,0.7408,0.1293,0.1537,0.129,0.554,2026-06
CUST1003937,0.553,0.3353,0.4358,0.2416,0.3313,0.5165999999999999,2026-06
CUST1003938,0.2725,0.5886,0.3593,0.1239,0.4401,0.4614,2026-06
CUST1003939,0.1412,0.4984,0.0388,0.2608,0.4081,0.5064,2026-06
CUST1003940,0.3794,0.6138,0.2615,0.2569,0.1288,0.5722,2026-06
CUST1003941,0.2101,0.4133,0.1121,0.3386,0.4174,0.4604,2026-06
CUST1003942,0.3918,0.3269,0.2722,0.2268,0.2582,0.3052,2026-06
CUST1003943,0.4004,0.5546,0.3928,0.1863,0.5129,0.5921999999999999,2026-06
CUST1003944,0.2497,0.4607,0.3155,0.2188,0.4362,0.5717,2026-06
CUST1003945,0.4083,0.5195,0.5386,0.2044,0.3497,0.5738,2026-06
CUST1003946,0.3959,0.6772,0.2319,0.2149,0.2048,0.3214,2026-06
CUST1003947,0.4495,0.765,0.3061,0.2322,0.3187,0.2658,2026-06
CUST1003948,0.268,0.0477,0.01,0.2685,0.5281,0.0653,2026-06
CUST1003949,0.2387,0.5671,0.3876,0.5147,0.3894,0.2716,2026-06
CUST1003950,0.4713,0.4654,0.2647,0.01,0.6156,0.2042,2026-06
CUST1003951,0.5213,0.5975,0.4163,0.09569999999999999,0.2779,0.4624,2026-06
CUST1003952,0.2199,0.6506999999999999,0.4385,0.1223,0.33,0.383,2026-06
CUST1003953,0.3632,0.6435,0.2941,0.1622,0.2351,0.4032,2026-06
CUST1003954,0.1216,0.3374,0.2672,0.1525,0.214,0.1303,2026-06
CUST1003955,0.5139,0.5306,0.5034999999999999,0.2698,0.3731,0.5973000000000001,2026-06
CUST1003956,0.4796,0.3959,0.2632,0.2329,0.3565,0.4357,2026-06
CUST1003957,0.3271,0.6446,0.1945,0.2444,0.2206,0.5525,2026-06
CUST1003958,0.2493,0.2738,0.2997,0.0283,0.3432,0.314,2026-06
CUST1003959,0.4728,0.3866,0.4055,0.1283,0.5306,0.2868,2026-06
CUST1003960,0.3998,0.2615,0.2129,0.2683,0.4726,0.0482,2026-06
CUST1003961,0.5024,0.4208,0.3102,0.2975,0.4052,0.2739,2026-06
CUST1003962,0.3922,0.3302,0.2838,0.2409,0.1055,0.5728,2026-06
CUST1003963,0.4268,0.5688,0.1179,0.2376,0.1397,0.4568,2026-06
CUST1003964,0.4074,0.5977,0.2538,0.1456,0.207,0.4885,2026-06
CUST1003965,0.5178,0.4342,0.4803,0.1205,0.3186,0.3146,2026-06
CUST1003966,0.2782,0.3446,0.3869,0.1067,0.4111,0.4268,2026-06
CUST1003967,0.4293,0.4364,0.2856,0.2524,0.5203,0.4176,2026-06
CUST1003968,0.2503,0.65,0.7169,0.1413,0.5506,0.3739,2026-06
CUST1003969,0.4816,0.5947,0.1707,0.283,0.3715,0.4031,2026-06
CUST1003970,0.4936,0.2663,0.3801,0.2601,0.2222,0.5784,2026-06
CUST1003971,0.3504,0.1686,0.07480000000000001,0.1961,0.3639,0.3463,2026-06
CUST1003972,0.5397,0.5495,0.3389,0.0987,0.4047,0.4114,2026-06
CUST1003973,0.1715,0.6506999999999999,0.3111,0.6028,0.2034,0.4813,2026-06
CUST1003974,0.5069,0.5019,0.4709,0.1504,0.253,0.5611,2026-06
CUST1003975,0.3199,0.449,0.3779,0.1867,0.3648,0.3596,2026-06
CUST1003976,0.295,0.4778,0.3714,0.2427,0.3879,0.4119,2026-06
CUST1003977,0.3194,0.3608,0.4943,0.1885,0.1486,0.2931,2026-06
CUST1003978,0.4688,0.5451,0.01,0.3165,0.3153,0.2948,2026-06
CUST1003979,0.2247,0.3378,0.2949,0.2968,0.3419,0.2977,2026-06
CUST1003980,0.6375999999999999,0.4901,0.48,0.1177,0.4838,0.2753,2026-06
CUST1003981,0.2585,0.47,0.207,0.1181,0.4075,0.4786,2026-06
CUST1003982,0.3509,0.5702,0.1349,0.0882,0.2303,0.1457,2026-06
CUST1003983,0.3781,0.5122,0.4085,0.0677,0.5092,0.4446,2026-06
CUST1003984,0.1865,0.3051,0.2197,0.08840000000000001,0.1915,0.0451,2026-06
CUST1003985,0.5198,0.3048,0.5946,0.4724,0.2676,0.3592,2026-06
CUST1003986,0.2664,0.5354,0.028,0.1704,0.3267,0.2657,2026-06
CUST1003987,0.4462,0.5617,0.2695,0.162,0.2347,0.4005,2026-06
CUST1003988,0.6297,0.4837,0.5556,0.1318,0.3138,0.4499,2026-06
CUST1003989,0.5134,0.3542,0.4109,0.1926,0.2597,0.7412,2026-06
CUST1003990,0.5591,0.7295,0.431,0.2038,0.2408,0.3303,2026-06
CUST1003991,0.3629,0.4491,0.4104,0.1574,0.3444,0.7175,2026-06
CUST1003992,0.4897,0.5668,0.2587,0.1277,0.3695,0.3635,2026-06
CUST1003993,0.3312,0.4632,0.3494,0.01,0.4325,0.6176,2026-06
CUST1003994,0.386,0.4863,0.409,0.2175,0.4015,0.1962,2026-06
CUST1003995,0.4656,0.4138,0.5189,0.1074,0.4414,0.501,2026-06
CUST1003996,0.3871,0.4906,0.2019,0.6805,0.4605,0.3344,2026-06
CUST1003997,0.5589,0.5203,0.4758,0.2818,0.3699,0.4169,2026-06
CUST1003998,0.5155999999999999,0.6807,0.4611,0.0915,0.31,0.4851,2026-06
CUST1003999,0.3006,0.4931,0.3353,0.1838,0.375,0.4225,2026-06
CUST1004000,0.4037,0.4359,0.2752,0.2558,0.4008,0.4654,2026-06
CUST1004001,0.5133,0.3294,0.5401,0.5046,0.2034,0.6967,2026-06
CUST1004002,0.3026,0.6072,0.1338,0.2727,0.178,0.346,2026-06
CUST1004003,0.139,0.3212,0.1094,0.2302,0.483,0.114,2026-06
CUST1004004,0.4101,0.5254,0.1764,0.5933,0.2771,0.353,2026-06
CUST1004005,0.2478,0.4439,0.5955,0.2141,0.3506,0.4561,2026-06
CUST1004006,0.2606,0.3476,0.1713,0.092,0.3692,0.0562,2026-06
CUST1004007,0.1967,0.2444,0.3492,0.1611,0.3442,0.5594,2026-06
CUST1004008,0.3574,0.259,0.3183,0.1704,0.4585,0.176,2026-06
CUST1004009,0.2987,0.3308,0.2588,0.2519,0.4634,0.3579,2026-06
CUST1004010,0.1703,0.2125,0.422,0.2809,0.4681,0.2115,2026-06
CUST1004011,0.2025,0.3894,0.1455,0.2356,0.3083,0.4588,2026-06
CUST1004012,0.3199,0.525,0.3067,0.1961,0.2668,0.3119,2026-06
CUST1004013,0.1897,0.1533,0.3325,0.1254,0.492,0.247,2026-06
CUST1004014,0.3125,0.3315,0.533,0.1947,0.3783,0.5184,2026-06
CUST1004015,0.363,0.4529,0.2146,0.1164,0.486,0.0302,2026-06
CUST1004016,0.2171,0.2663,0.227,0.1105,0.4946,0.3995,2026-06
CUST1004017,0.373,0.4326,0.4304,0.1427,0.3532,0.2805,2026-06
CUST1004018,0.2154,0.2877,0.2381,0.2122,0.2818,0.01,2026-06
CUST1004019,0.2722,0.3118,0.6606,0.0331,0.295,0.5285,2026-06
CUST1004020,0.325,0.3174,0.4627,0.2068,0.2651,0.5093,2026-06
CUST1004021,0.2243,0.7428,0.2047,0.2317,0.3561,0.4745,2026-06
CUST1004022,0.2308,0.1985,0.4377,0.1161,0.4858,0.0575,2026-06
CUST1004023,0.1,0.07920000000000001,0.3712,0.107,0.1916,0.2421,2026-06
CUST1004024,0.2486,0.6701,0.3311,0.1731,0.3182,0.393,2026-06
CUST1004025,0.5024,0.4347,0.2036,0.2272,0.3005,0.0518,2026-06
CUST1004026,0.4383,0.7949000000000001,0.4932,0.1124,0.433,0.4671,2026-06
CUST1004027,0.5102,0.3301,0.5795,0.297,0.4169,0.4803,2026-06
CUST1004028,0.2863,0.3695,0.2042,0.2121,0.3511,0.2172,2026-06
CUST1004029,0.3474,0.3554,0.0455,0.5316,0.1516,0.3412,2026-06
CUST1004030,0.36,0.3692,0.2473,0.1493,0.3221,0.1695,2026-06
CUST1004031,0.2683,0.4214,0.3289,0.1501,0.306,0.3203,2026-06
CUST1004032,0.1023,0.4249,0.438,0.2239,0.404,0.4872,2026-06
CUST1004033,0.4066,0.4426,0.2076,0.1159,0.339,0.405,2026-06
CUST1004034,0.3431,0.3645,0.4629,0.1569,0.4433,0.4896,2026-06
CUST1004035,0.3515,0.3842,0.5286,0.01,0.3456,0.3504,2026-06
CUST1004036,0.1945,0.2534,0.264,0.7237,0.2681,0.0509,2026-06
CUST1004037,0.5844,0.4844,0.01,0.1379,0.4153,0.0964,2026-06
CUST1004038,0.3327,0.3596,0.1389,0.2322,0.6566,0.3685,2026-06
CUST1004039,0.3008,0.1649,0.2959,0.293,0.5124,0.3092,2026-06
CUST1004040,0.5296,0.504,0.3632,0.2043,0.4673,0.5600000000000001,2026-06
CUST1004041,0.2485,0.617,0.3315,0.5424,0.2882,0.2335,2026-06
CUST1004042,0.3208,0.4804,0.1563,0.138,0.2291,0.4177,2026-06
CUST1004043,0.175,0.7097,0.2536,0.1225,0.2017,0.5606,2026-06
CUST1004044,0.5231,0.4692,0.4886,0.0504,0.2854,0.5333,2026-06
CUST1004045,0.3429,0.4727,0.5453,0.4391,0.287,0.6549,2026-06
CUST1004046,0.3196,0.4354,0.6343,0.06809999999999999,0.3164,0.4344,2026-06
CUST1004047,0.5299,0.4579,0.285,0.06370000000000001,0.374,0.3582,2026-06
CUST1004048,0.4854,0.4353,0.0633,0.2555,0.2121,0.1344,2026-06
CUST1004049,0.2591,0.0435,0.0885,0.2134,0.2849,0.1858,2026-06
CUST1004050,0.4215,0.1552,0.2102,0.1881,0.3785,0.01,2026-06
CUST1004051,0.3943,0.3187,0.188,0.1459,0.2922,0.1185,2026-06
CUST1004052,0.4615,0.6057,0.3943,0.2327,0.1851,0.6887,2026-06
CUST1004053,0.2279,0.1469,0.4146,0.1896,0.2428,0.1125,2026-06
CUST1004054,0.6656,0.4339,0.01,0.1564,0.3007,0.2652,2026-06
CUST1004055,0.1647,0.422,0.3087,0.0469,0.2757,0.4718,2026-06
CUST1004056,0.3062,0.466,0.1163,0.2344,0.1973,0.0625,2026-06
CUST1004057,0.209,0.2027,0.2299,0.08210000000000001,0.3759,0.01,2026-06
CUST1004058,0.293,0.1752,0.2485,0.2619,0.281,0.3202,2026-06
CUST1004059,0.2252,0.1259,0.3105,0.221,0.4495,0.3777,2026-06
CUST1004060,0.364,0.6434,0.2867,0.2011,0.3244,0.4905,2026-06
CUST1004061,0.5692,0.449,0.391,0.01,0.3522,0.4191,2026-06
CUST1004062,0.3756,0.3285,0.4272,0.2805,0.4536,0.3076,2026-06
CUST1004063,0.2742,0.3129,0.2733,0.2883,0.4319,0.4655,2026-06
CUST1004064,0.2587,0.3003,0.3039,0.2593,0.3891,0.163,2026-06
CUST1004065,0.2752,0.3762,0.3205,0.1305,0.2804,0.4409,2026-06
CUST1004066,0.5413,0.5397999999999999,0.3376,0.0341,0.2467,0.4073,2026-06
CUST1004067,0.2205,0.4142,0.2668,0.2526,0.5125999999999999,0.4026,2026-06
CUST1004068,0.1403,0.4084,0.362,0.2113,0.425,0.5637,2026-06
CUST1004069,0.4726,0.6745,0.4354,0.2318,0.4184,0.3868,2026-06
CUST1004070,0.4494,0.5942,0.01,0.09520000000000001,0.4589,0.2725,2026-06
CUST1004071,0.4457,0.414,0.3057,0.1055,0.3265,0.4271,2026-06
CUST1004072,0.4998,0.5925,0.1991,0.01,0.2449,0.3426,2026-06
CUST1004073,0.5393,0.3288,0.3241,0.2489,0.5705,0.01,2026-06
CUST1004074,0.4377,0.5642,0.5547,0.241,0.4693,0.3274,2026-06
CUST1004075,0.0838,0.3444,0.1289,0.2462,0.2296,0.09719999999999999,2026-06
CUST1004076,0.4642,0.0842,0.2719,0.0443,0.5385,0.3601,2026-06
CUST1004077,0.3817,0.3989,0.4964,0.0133,0.4062,0.4659,2026-06
CUST1004078,0.1292,0.2213,0.5445,0.141,0.4302,0.2548,2026-06
CUST1004079,0.324,0.4101,0.3787,0.2687,0.4707,0.5814,2026-06
CUST1004080,0.3423,0.6193,0.35,0.1911,0.2698,0.4048,2026-06
CUST1004081,0.454,0.5499000000000001,0.6296,0.1213,0.2151,0.6143,2026-06
CUST1004082,0.3841,0.2128,0.3257,0.01,0.3817,0.2627,2026-06
CUST1004083,0.2899,0.3195,0.3895,0.1895,0.3468,0.1971,2026-06
CUST1004084,0.3606,0.4634,0.2569,0.2194,0.1427,0.4683,2026-06
CUST1004085,0.2592,0.4554,0.3101,0.1226,0.268,0.4294,2026-06
CUST1004086,0.3967,0.3522,0.01,0.1532,0.4109,0.1235,2026-06
CUST1004087,0.4454,0.2436,0.321,0.1839,0.3569,0.2074,2026-06
CUST1004088,0.3742,0.5961,0.0287,0.1427,0.2596,0.4783,2026-06
CUST1004089,0.4843,0.4011,0.2102,0.181,0.4795,0.2209,2026-06
CUST1004090,0.2351,0.4791,0.2926,0.6849,0.1588,0.3455,2026-06
CUST1004091,0.3056,0.3112,0.3254,0.2205,0.3843,0.4485,2026-06
CUST1004092,0.224,0.4246,0.4421,0.1833,0.4097,0.3108,2026-06
CUST1004093,0.3681,0.6551,0.236,0.122,0.2788,0.3744,2026-06
CUST1004094,0.4308,0.3812,0.4555,0.2639,0.4242,0.5742,2026-06
CUST1004095,0.4413,0.5076000000000001,0.109,0.1959,0.2304,0.4861,2026-06
CUST1004096,0.5161,0.5859,0.3158,0.2757,0.4064,0.3112,2026-06
CUST1004097,0.4685,0.3458,0.4465,0.1387,0.5785,0.5112,2026-06
CUST1004098,0.4553,0.5808,0.3467,0.1303,0.1856,0.7267,2026-06
CUST1004099,0.4794,0.5102,0.224,0.3085,0.334,0.395,2026-06
CUST1004100,0.4387,0.3393,0.3385,0.251,0.3507,0.495,2026-06
CUST1004101,0.3757,0.5522,0.3435,0.2457,0.3539,0.4092,2026-06
CUST1004102,0.4653,0.3388,0.1229,0.1716,0.3042,0.1469,2026-06
CUST1004103,0.5786,0.6766,0.3461,0.0594,0.2479,0.3975,2026-06
CUST1004104,0.5284,0.3835,0.3262,0.0712,0.597,0.1649,2026-06
CUST1004105,0.1259,0.1105,0.01,0.6872,0.1653,0.1783,2026-06
CUST1004106,0.3181,0.5024999999999999,0.3021,0.0158,0.3518,0.5945,2026-06
CUST1004107,0.172,0.2123,0.2633,0.01,0.2517,0.0199,2026-06
CUST1004108,0.2337,0.1234,0.2681,0.3355,0.1903,0.2951,2026-06
CUST1004109,0.0569,0.2159,0.0576,0.2192,0.4027,0.2103,2026-06
CUST1004110,0.2558,0.5204,0.1638,0.1904,0.2508,0.3918,2026-06
CUST1004111,0.4311,0.8689,0.4306,0.1872,0.422,0.5603,2026-06
CUST1004112,0.2691,0.1868,0.229,0.1296,0.4216,0.1637,2026-06
CUST1004113,0.3677,0.187,0.3048,0.1928,0.3648,0.3952,2026-06
CUST1004114,0.1486,0.3203,0.2126,0.2587,0.2927,0.1258,2026-06
CUST1004115,0.4034,0.5112,0.379,0.144,0.3842,0.3738,2026-06
CUST1004116,0.3024,0.5294,0.4298,0.181,0.4092,0.3906,2026-06
CUST1004117,0.3206,0.2429,0.1964,0.1073,0.4502,0.2626,2026-06
CUST1004118,0.1748,0.3465,0.3787,0.2973,0.435,0.6109,2026-06
CUST1004119,0.336,0.3691,0.3877,0.2277,0.3639,0.5533,2026-06
CUST1004120,0.5572,0.3129,0.3772,0.109,0.4249,0.3578,2026-06
CUST1004121,0.1629,0.4501,0.1957,0.1522,0.2991,0.4027,2026-06
CUST1004122,0.2918,0.6413,0.193,0.3181,0.3394,0.4677,2026-06
CUST1004123,0.264,0.4989,0.4917,0.1172,0.3742,0.4649,2026-06
CUST1004124,0.2889,0.3979,0.3012,0.0197,0.511,0.3586,2026-06
CUST1004125,0.3069,0.5214,0.5204,0.1737,0.4383,0.4541,2026-06
CUST1004126,0.2712,0.4495,0.1304,0.1949,0.06419999999999999,0.4183,2026-06
CUST1004127,0.2622,0.2939,0.3083,0.2135,0.278,0.3416,2026-06
CUST1004128,0.1662,0.1982,0.01,0.0366,0.2001,0.2393,2026-06
CUST1004129,0.2927,0.2945,0.1291,0.2625,0.2376,0.2293,2026-06
CUST1004130,0.254,0.357,0.1693,0.2338,0.472,0.4483,2026-06
CUST1004131,0.4393,0.369,0.01,0.2667,0.3252,0.0441,2026-06
CUST1004132,0.2125,0.4047,0.1364,0.2457,0.2736,0.2458,2026-06
CUST1004133,0.4497,0.5059,0.4378,0.1904,0.4311,0.3869,2026-06
CUST1004134,0.2228,0.4711,0.1988,0.2103,0.4662,0.3135,2026-06
CUST1004135,0.4329,0.1896,0.1427,0.1834,0.5268,0.3501,2026-06
CUST1004136,0.221,0.1523,0.3534,0.08169999999999999,0.3633,0.1856,2026-06
CUST1004137,0.397,0.5021,0.0574,0.4795,0.2103,0.3247,2026-06
CUST1004138,0.414,0.5122,0.3005,0.1394,0.2995,0.3887,2026-06
CUST1004139,0.1859,0.139,0.1302,0.0948,0.4093,0.1962,2026-06
CUST1004140,0.3365,0.6371,0.3405,0.3394,0.4825,0.3184,2026-06
CUST1004141,0.1721,0.2234,0.1707,0.2519,0.284,0.3543,2026-06
CUST1004142,0.2629,0.5857,0.285,0.2499,0.2899,0.5628,2026-06
CUST1004143,0.5571,0.4027,0.1196,0.0805,0.4566,0.4361,2026-06
CUST1004144,0.2484,0.1841,0.245,0.167,0.2515,0.2306,2026-06
CUST1004145,0.3867,0.796,0.4378,0.2276,0.2438,0.4834,2026-06
CUST1004146,0.43,0.6686,0.3905,0.257,0.3314,0.4644,2026-06
CUST1004147,0.3722,0.0818,0.4335,0.2306,0.2868,0.1544,2026-06
CUST1004148,0.5161,0.2797,0.3562,0.1035,0.3922,0.1093,2026-06
CUST1004149,0.3638,0.4448,0.1916,0.1015,0.3415,0.2574,2026-06
CUST1004150,0.1955,0.4597,0.2467,0.22,0.3097,0.5528,2026-06
CUST1004151,0.462,0.5021,0.286,0.2768,0.228,0.4736,2026-06
CUST1004152,0.3944,0.4509,0.4221,0.1578,0.2679,0.4007,2026-06
CUST1004153,0.4704,0.6288,0.5336,0.1695,0.3532,0.4193,2026-06
CUST1004154,0.1276,0.4538,0.4859,0.1331,0.2848,0.6453,2026-06
CUST1004155,0.3543,0.7412,0.2491,0.1486,0.3989,0.3582,2026-06
CUST1004156,0.496,0.423,0.4122,0.2768,0.176,0.4503,2026-06
CUST1004157,0.4992,0.4186,0.4283,0.1672,0.5018,0.3918,2026-06
CUST1004158,0.2812,0.7575,0.1424,0.1217,0.4752,0.1283,2026-06
CUST1004159,0.4573,0.7163,0.2456,0.1,0.3372,0.333,2026-06
CUST1004160,0.2725,0.197,0.307,0.1992,0.2831,0.1778,2026-06
CUST1004161,0.2702,0.5533,0.4185,0.2899,0.2008,0.4001,2026-06
CUST1004162,0.5081,0.77,0.2765,0.2894,0.1635,0.3949,2026-06
CUST1004163,0.4518,0.5351,0.3279,0.2973,0.3601,0.3155,2026-06
CUST1004164,0.06660000000000001,0.257,0.1496,0.2319,0.2619,0.4694,2026-06
CUST1004165,0.3469,0.3223,0.1356,0.2216,0.474,0.2621,2026-06
CUST1004166,0.2078,0.5844,0.54,0.2418,0.3124,0.209,2026-06
CUST1004167,0.4663,0.4757,0.2987,0.2174,0.4421,0.1215,2026-06
CUST1004168,0.4993,0.5381,0.2531,0.07630000000000001,0.2461,0.3037,2026-06
CUST1004169,0.4272,0.3646,0.1488,0.2354,0.5452,0.3202,2026-06
CUST1004170,0.4795,0.3139,0.4087,0.2777,0.3951,0.4476,2026-06
CUST1004171,0.4663,0.3784,0.5944,0.3005,0.2342,0.331,2026-06
CUST1004172,0.5419,0.3788,0.09320000000000001,0.1724,0.5173,0.0207,2026-06
CUST1004173,0.365,0.3523,0.3826,0.1184,0.2441,0.4581,2026-06
CUST1004174,0.3875,0.5563,0.6372,0.1114,0.1625,0.3849,2026-06
CUST1004175,0.4213,0.761,0.2926,0.4835,0.2617,0.2666,2026-06
CUST1004176,0.2561,0.075,0.0771,0.266,0.4732,0.2956,2026-06
CUST1004177,0.502,0.7323,0.128,0.0618,0.201,0.3204,2026-06
CUST1004178,0.4193,0.7546,0.4574,0.2369,0.3219,0.7812,2026-06
CUST1004179,0.4409,0.4126,0.5864,0.2211,0.2468,0.4425,2026-06
CUST1004180,0.1504,0.5152,0.1945,0.1943,0.6365,0.2707,2026-06
CUST1004181,0.5214,0.639,0.1251,0.1683,0.1877,0.3027,2026-06
CUST1004182,0.2574,0.4561,0.3442,0.1504,0.3748,0.6301,2026-06
CUST1004183,0.4988,0.6871,0.2826,0.3106,0.243,0.3063,2026-06
CUST1004184,0.4081,0.4404,0.3866,0.115,0.5108,0.5994,2026-06
CUST1004185,0.4062,0.5800999999999999,0.2379,0.158,0.3009,0.6131,2026-06
CUST1004186,0.3327,0.347,0.2987,0.1196,0.5181,0.1796,2026-06
CUST1004187,0.1326,0.1684,0.3505,0.334,0.4485,0.257,2026-06
CUST1004188,0.0824,0.1223,0.01,0.5229,0.368,0.2196,2026-06
CUST1004189,0.3949,0.2557,0.3417,0.1956,0.244,0.6922,2026-06
CUST1004190,0.2142,0.1121,0.3483,0.3343,0.4291,0.2174,2026-06
CUST1004191,0.4201,0.445,0.4504,0.0882,0.2608,0.4307,2026-06
CUST1004192,0.4763,0.3441,0.3726,0.09080000000000001,0.4748,0.5558,2026-06
CUST1004193,0.4667,0.6077,0.0442,0.1359,0.2455,0.3451,2026-06
CUST1004194,0.571,0.2945,0.303,0.247,0.3437,0.1952,2026-06
CUST1004195,0.2187,0.3916,0.3352,0.214,0.3663,0.5618,2026-06
CUST1004196,0.4941,0.2613,0.2502,0.0815,0.3482,0.2024,2026-06
CUST1004197,0.2363,0.1568,0.01,0.1528,0.5026,0.1113,2026-06
CUST1004198,0.1764,0.2897,0.516,0.2076,0.4622,0.3588,2026-06
CUST1004199,0.2722,0.2601,0.111,0.202,0.4002,0.08019999999999999,2026-06
CUST1004200,0.2258,0.4662,0.3853,0.2139,0.4473,0.615,2026-06
CUST1004201,0.5426,0.6834,0.492,0.1024,0.0969,0.4928,2026-06
CUST1004202,0.5556,0.4634,0.3439,0.3151,0.3273,0.1666,2026-06
CUST1004203,0.2857,0.2721,0.3756,0.0823,0.321,0.471,2026-06
CUST1004204,0.1085,0.2586,0.0658,0.1424,0.3775,0.2725,2026-06
CUST1004205,0.5385,0.2714,0.2817,0.136,0.4646,0.2027,2026-06
CUST1004206,0.3997,0.3122,0.2938,0.01,0.3051,0.3316,2026-06
CUST1004207,0.1229,0.1315,0.3829,0.2023,0.2637,0.0502,2026-06
CUST1004208,0.2868,0.3078,0.5004999999999999,0.1395,0.5752,0.3903,2026-06
CUST1004209,0.1508,0.5573,0.1777,0.2865,0.2871,0.3686,2026-06
CUST1004210,0.4383,0.443,0.1758,0.1925,0.585,0.3457,2026-06
CUST1004211,0.3122,0.6066,0.5024,0.2149,0.3064,0.5626,2026-06
CUST1004212,0.4683,0.7050999999999999,0.4966,0.2049,0.5895,0.2717,2026-06
CUST1004213,0.1476,0.09950000000000001,0.01,0.2378,0.3934,0.0668,2026-06
CUST1004214,0.375,0.3789,0.2288,0.2573,0.3936,0.1247,2026-06
CUST1004215,0.3403,0.6054,0.4281,0.1598,0.2945,0.3473,2026-06
CUST1004216,0.3529,0.3187,0.2942,0.1919,0.0956,0.4283,2026-06
CUST1004217,0.5939,0.5803,0.297,0.0579,0.4214,0.7279,2026-06
CUST1004218,0.4913,0.6919999999999999,0.2871,0.1755,0.1387,0.5344,2026-06
CUST1004219,0.4851,0.3246,0.307,0.0129,0.4523,0.1908,2026-06
CUST1004220,0.3987,0.1994,0.3795,0.0178,0.4436,0.1543,2026-06
CUST1004221,0.2368,0.2606,0.01,0.2637,0.2348,0.1374,2026-06
CUST1004222,0.2087,0.2199,0.1633,0.116,0.5004999999999999,0.0867,2026-06
CUST1004223,0.1389,0.0955,0.129,0.2496,0.5573,0.2254,2026-06
CUST1004224,0.4263,0.4367,0.5181,0.1743,0.5610000000000001,0.4512,2026-06
CUST1004225,0.5949,0.3762,0.3422,0.2371,0.3336,0.3983,2026-06
CUST1004226,0.4428,0.5683,0.4589,0.201,0.3174,0.3907,2026-06
CUST1004227,0.3009,0.428,0.01,0.2301,0.2754,0.2816,2026-06
CUST1004228,0.1952,0.3521,0.4245,0.2292,0.3165,0.4133,2026-06
CUST1004229,0.5574,0.2859,0.4481,0.1737,0.4113,0.649,2026-06
CUST1004230,0.4695,0.4984,0.4911,0.1744,0.3056,0.419,2026-06
CUST1004231,0.4048,0.5305,0.5619,0.3317,0.3485,0.3003,2026-06
CUST1004232,0.3177,0.6646,0.12,0.1832,0.36,0.5065,2026-06
CUST1004233,0.2718,0.1719,0.082,0.1139,0.3837,0.3498,2026-06
CUST1004234,0.577,0.3278,0.6409,0.2639,0.4105,0.4102,2026-06
CUST1004235,0.1764,0.316,0.01,0.0619,0.1456,0.1545,2026-06
CUST1004236,0.4593,0.2913,0.01,0.3701,0.4413,0.06660000000000001,2026-06
CUST1004237,0.3371,0.6274999999999999,0.3707,0.1011,0.2036,0.4599,2026-06
CUST1004238,0.5416,0.4783,0.5861,0.1604,0.4067,0.4794,2026-06
CUST1004239,0.5547,0.2997,0.2389,0.28,0.403,0.2197,2026-06
CUST1004240,0.1775,0.3945,0.0274,0.2531,0.3655,0.0302,2026-06
CUST1004241,0.2271,0.4084,0.3498,0.1723,0.2539,0.246,2026-06
CUST1004242,0.2599,0.4026,0.035,0.0508,0.316,0.1972,2026-06
CUST1004243,0.3745,0.4962,0.4889,0.1287,0.2533,0.339,2026-06
CUST1004244,0.4011,0.5018,0.4033,0.1652,0.233,0.6302,2026-06
CUST1004245,0.0449,0.5537,0.0725,0.3171,0.3264,0.2937,2026-06
CUST1004246,0.3582,0.6113,0.2997,0.139,0.4455,0.2752,2026-06
CUST1004247,0.2955,0.2871,0.2159,0.1021,0.4442,0.2723,2026-06
CUST1004248,0.4273,0.4443,0.4259,0.2724,0.3293,0.4526,2026-06
CUST1004249,0.3732,0.3226,0.2487,0.129,0.312,0.0693,2026-06
CUST1004250,0.5006,0.702,0.4598,0.2321,0.2646,0.6954,2026-06
CUST1004251,0.4287,0.4705,0.1313,0.1122,0.5192,0.3604,2026-06
CUST1004252,0.3872,0.5003,0.5256999999999999,0.4639,0.2732,0.3383,2026-06
CUST1004253,0.5301,0.2769,0.1802,0.639,0.1403,0.0414,2026-06
CUST1004254,0.2806,0.2731,0.3414,0.1654,0.4165,0.5072,2026-06
CUST1004255,0.2731,0.3026,0.2475,0.2618,0.2406,0.1862,2026-06
CUST1004256,0.1935,0.3088,0.3783,0.6876,0.3753,0.2781,2026-06
CUST1004257,0.3844,0.7,0.1692,0.2424,0.2172,0.4269,2026-06
CUST1004258,0.01,0.3124,0.01,0.1488,0.4915,0.0876,2026-06
CUST1004259,0.1928,0.6253,0.1817,0.407,0.2862,0.407,2026-06
CUST1004260,0.3806,0.6065,0.3851,0.2432,0.3653,0.2774,2026-06
CUST1004261,0.4829,0.6652,0.3055,0.3755,0.3396,0.2525,2026-06
CUST1004262,0.3631,0.5906,0.1759,0.1905,0.2521,0.4312,2026-06
CUST1004263,0.2484,0.3124,0.3034,0.5169,0.2073,0.4442,2026-06
CUST1004264,0.3494,0.474,0.3918,0.2503,0.1754,0.3245,2026-06
CUST1004265,0.5957,0.3339,0.0577,0.24,0.2332,0.2742,2026-06
CUST1004266,0.4727,0.4879,0.3932,0.082,0.3455,0.4499,2026-06
CUST1004267,0.4904,0.4754,0.5515,0.0503,0.3552,0.41,2026-06
CUST1004268,0.244,0.36,0.5407,0.0696,0.1751,0.3765,2026-06
CUST1004269,0.4565,0.4838,0.5503,0.01,0.3088,0.846,2026-06
CUST1004270,0.4685,0.5172,0.3282,0.2418,0.3615,0.4493,2026-06
CUST1004271,0.4019,0.5819,0.4199,0.1415,0.2809,0.4628,2026-06
CUST1004272,0.1691,0.4972,0.01,0.186,0.2353,0.3018,2026-06
CUST1004273,0.4866,0.7035,0.1767,0.1784,0.1486,0.5853,2026-06
CUST1004274,0.4133,0.3207,0.3882,0.2127,0.441,0.3123,2026-06
CUST1004275,0.3835,0.4747,0.2837,0.2347,0.1528,0.4497,2026-06
CUST1004276,0.4372,0.461,0.3262,0.212,0.3031,0.1462,2026-06
CUST1004277,0.528,0.5814,0.316,0.157,0.1264,0.2851,2026-06
CUST1004278,0.4118,0.3885,0.4719,0.1149,0.3122,0.5649,2026-06
CUST1004279,0.4671,0.3367,0.4519,0.1163,0.6818,0.5897,2026-06
CUST1004280,0.241,0.7339,0.0155,0.6627,0.3299,0.3724,2026-06
CUST1004281,0.4553,0.5541,0.5705,0.2151,0.5024999999999999,0.3555,2026-06
CUST1004282,0.4342,0.6027,0.253,0.1883,0.4012,0.3642,2026-06
CUST1004283,0.2395,0.6864,0.4659,0.2089,0.3354,0.3548,2026-06
CUST1004284,0.3,0.3985,0.324,0.3725,0.1791,0.342,2026-06
CUST1004285,0.1451,0.5901,0.4091,0.01,0.285,0.5814,2026-06
CUST1004286,0.4658,0.4894,0.3975,0.1319,0.2765,0.3463,2026-06
CUST1004287,0.1579,0.5689,0.5026,0.1372,0.3035,0.4364,2026-06
CUST1004288,0.4859,0.5256,0.5894,0.155,0.4696,0.4968,2026-06
CUST1004289,0.4401,0.5873,0.2938,0.1922,0.1427,0.5329,2026-06
CUST1004290,0.3938,0.5036,0.2637,0.1924,0.6009,0.3798,2026-06
CUST1004291,0.3229,0.418,0.4631,0.6486,0.2525,0.5333,2026-06
CUST1004292,0.3856,0.4853,0.4061,0.1205,0.2629,0.5328000000000001,2026-06
CUST1004293,0.4303,0.6849,0.3078,0.1102,0.2967,0.4876,2026-06
CUST1004294,0.1259,0.4408,0.3828,0.126,0.4364,0.5966,2026-06
CUST1004295,0.3115,0.2814,0.4817,0.6955,0.2029,0.5366,2026-06
CUST1004296,0.4691,0.6093,0.2233,0.06519999999999999,0.3221,0.2515,2026-06
CUST1004297,0.2751,0.585,0.2542,0.1588,0.2789,0.3189,2026-06
CUST1004298,0.136,0.3253,0.2168,0.1776,0.2489,0.0863,2026-06
CUST1004299,0.2837,0.5395,0.1437,0.3244,0.2883,0.2885,2026-06
CUST1004300,0.1952,0.01,0.2456,0.2566,0.3162,0.2277,2026-06
CUST1004301,0.4772,0.4971,0.1157,0.1669,0.3517,0.1236,2026-06
CUST1004302,0.4751,0.5241,0.4628,0.07439999999999999,0.5074,0.5829,2026-06
CUST1004303,0.3893,0.6034,0.3596,0.1686,0.2267,0.4446,2026-06
CUST1004304,0.491,0.6601,0.2885,0.1937,0.2101,0.4412,2026-06
CUST1004305,0.4671,0.7081,0.2172,0.1945,0.2893,0.3797,2026-06
CUST1004306,0.5066000000000001,0.5331,0.3247,0.0946,0.3657,0.783,2026-06
CUST1004307,0.4525,0.6016,0.5278,0.1836,0.3326,0.6858,2026-06
CUST1004308,0.3424,0.6093,0.5362,0.2461,0.3066,0.2617,2026-06
CUST1004309,0.4737,0.7285,0.1911,0.1927,0.2055,0.3704,2026-06
CUST1004310,0.2439,0.2926,0.0626,0.0723,0.2753,0.356,2026-06
CUST1004311,0.3117,0.3824,0.388,0.2979,0.4606,0.5863,2026-06
CUST1004312,0.474,0.5474,0.3167,0.0249,0.242,0.5338000000000001,2026-06
CUST1004313,0.4831,0.5183,0.4661,0.2627,0.4246,0.6163999999999999,2026-06
CUST1004314,0.373,0.472,0.3529,0.2121,0.2461,0.5426,2026-06
CUST1004315,0.365,0.3214,0.3814,0.5465,0.3983,0.1679,2026-06
CUST1004316,0.1889,0.4562,0.0375,0.2845,0.402,0.0111,2026-06
CUST1004317,0.4735,0.5152,0.4243,0.1161,0.5107,0.4828,2026-06
CUST1004318,0.2454,0.5413,0.3342,0.3578,0.223,0.2742,2026-06
CUST1004319,0.4135,0.4955,0.1883,0.4222,0.1651,0.2922,2026-06
CUST1004320,0.4257,0.3329,0.3881,0.0936,0.3478,0.3814,2026-06
CUST1004321,0.2286,0.059,0.2059,0.0493,0.6702,0.2168,2026-06
CUST1004322,0.233,0.1722,0.0717,0.1227,0.4936,0.3203,2026-06
CUST1004323,0.3657,0.5233,0.5054999999999999,0.0761,0.6625,0.313,2026-06
CUST1004324,0.248,0.1933,0.01,0.5877,0.1083,0.062,2026-06
CUST1004325,0.497,0.4607,0.4693,0.1145,0.5165999999999999,0.3276,2026-06
CUST1004326,0.4469,0.4035,0.4176,0.0859,0.2516,0.4973,2026-06
CUST1004327,0.3916,0.6446,0.5231,0.0616,0.1971,0.7112000000000001,2026-06
CUST1004328,0.4258,0.6818,0.5368000000000001,0.3322,0.5111,0.4444,2026-06
CUST1004329,0.3971,0.5399,0.4223,0.246,0.3602,0.5042,2026-06
CUST1004330,0.5114,0.6808999999999999,0.1477,0.1084,0.259,0.3207,2026-06
CUST1004331,0.4854,0.4388,0.4286,0.1899,0.2359,0.4033,2026-06
CUST1004332,0.3991,0.2796,0.5384,0.1825,0.4098,0.3594,2026-06
CUST1004333,0.0172,0.2136,0.0432,0.254,0.3145,0.1019,2026-06
CUST1004334,0.5083,0.5363,0.2885,0.1622,0.5891,0.4347,2026-06
CUST1004335,0.4372,0.3625,0.4082,0.1264,0.3933,0.5339,2026-06
CUST1004336,0.6162,0.5713,0.4885,0.1985,0.31,0.2446,2026-06
CUST1004337,0.6101,0.3908,0.5603,0.0922,0.365,0.428,2026-06
CUST1004338,0.2701,0.1945,0.1409,0.1883,0.3401,0.1706,2026-06
CUST1004339,0.1496,0.4709,0.3223,0.1479,0.268,0.3197,2026-06
CUST1004340,0.3576,0.3495,0.5365,0.1819,0.2574,0.4483,2026-06
CUST1004341,0.5911,0.6518,0.3073,0.1814,0.0789,0.4125,2026-06
CUST1004342,0.3153,0.5018,0.4141,0.1661,0.3867,0.4899,2026-06
CUST1004343,0.6202,0.4925,0.4255,0.1517,0.2624,0.4271,2026-06
CUST1004344,0.4486,0.3437,0.0696,0.252,0.5071,0.01,2026-06
CUST1004345,0.2027,0.1275,0.0558,0.249,0.3502,0.3601,2026-06
CUST1004346,0.4662,0.1582,0.1009,0.1143,0.4716,0.2513,2026-06
CUST1004347,0.1642,0.519,0.2572,0.5223,0.2946,0.2623,2026-06
CUST1004348,0.1796,0.3863,0.1673,0.1842,0.1474,0.3794,2026-06
CUST1004349,0.4705,0.3121,0.3603,0.1782,0.3374,0.0885,2026-06
CUST1004350,0.4535,0.6686,0.2174,0.2919,0.2475,0.5057,2026-06
CUST1004351,0.3495,0.3586,0.2364,0.0167,0.4622,0.3694,2026-06
CUST1004352,0.4289,0.4703,0.4603,0.1864,0.2019,0.4645,2026-06
CUST1004353,0.381,0.4871,0.3807,0.2004,0.2913,0.574,2026-06
CUST1004354,0.1778,0.5342,0.1437,0.1388,0.3686,0.4032,2026-06
CUST1004355,0.5092,0.7188,0.3987,0.2626,0.2787,0.5011,2026-06
CUST1004356,0.4885,0.4294,0.1138,0.1177,0.4104,0.0983,2026-06
CUST1004357,0.5523,0.463,0.5097,0.2255,0.3249,0.6729000000000001,2026-06
CUST1004358,0.2377,0.184,0.173,0.1253,0.3807,0.5481,2026-06
CUST1004359,0.1454,0.2234,0.01,0.155,0.3634,0.06759999999999999,2026-06
CUST1004360,0.2531,0.4229,0.2469,0.1282,0.3002,0.6294999999999999,2026-06
CUST1004361,0.4608,0.5377999999999999,0.5558999999999999,0.1592,0.1547,0.6614,2026-06
CUST1004362,0.4479,0.3774,0.4842,0.1007,0.3145,0.5223,2026-06
CUST1004363,0.2359,0.6028,0.1921,0.09520000000000001,0.2405,0.5175,2026-06
CUST1004364,0.4656,0.4755,0.01,0.1496,0.3502,0.2695,2026-06
CUST1004365,0.325,0.4367,0.3361,0.6707,0.3072,0.358,2026-06
CUST1004366,0.5137,0.6903,0.4413,0.0634,0.2952,0.3882,2026-06
CUST1004367,0.1549,0.2013,0.2529,0.2844,0.5955,0.3189,2026-06
CUST1004368,0.3297,0.4018,0.2857,0.277,0.3961,0.4733,2026-06
CUST1004369,0.4466,0.4708,0.5427999999999999,0.1471,0.312,0.5875,2026-06
CUST1004370,0.3018,0.3773,0.4291,0.1401,0.3126,0.5165,2026-06
CUST1004371,0.2737,0.6395,0.1191,0.1614,0.163,0.7323,2026-06
CUST1004372,0.2562,0.4689,0.407,0.1828,0.313,0.3661,2026-06
CUST1004373,0.4742,0.7289,0.4732,0.2621,0.5157,0.4358,2026-06
CUST1004374,0.2853,0.4947,0.09520000000000001,0.089,0.5389,0.384,2026-06
CUST1004375,0.2606,0.5848,0.3755,0.2027,0.2689,0.5292,2026-06
CUST1004376,0.2276,0.3781,0.0901,0.695,0.102,0.0332,2026-06
CUST1004377,0.1477,0.5619,0.2466,0.2077,0.2976,0.3602,2026-06
CUST1004378,0.2454,0.2123,0.345,0.1958,0.3928,0.1589,2026-06
CUST1004379,0.2806,0.1149,0.1795,0.07190000000000001,0.3428,0.2524,2026-06
CUST1004380,0.1982,0.01,0.0273,0.6585,0.4208,0.2304,2026-06
CUST1004381,0.35,0.4309,0.1811,0.3212,0.5855,0.4853,2026-06
CUST1004382,0.4007,0.3778,0.4196,0.1893,0.4214,0.3926,2026-06
CUST1004383,0.379,0.3675,0.3555,0.1253,0.3955,0.5075,2026-06
CUST1004384,0.2694,0.1172,0.4075,0.0605,0.3081,0.0745,2026-06
CUST1004385,0.5265,0.6056,0.1911,0.126,0.1961,0.3202,2026-06
CUST1004386,0.5274,0.5334,0.4355,0.2094,0.3117,0.5901999999999999,2026-06
CUST1004387,0.1499,0.6935,0.2126,0.2907,0.01,0.4303,2026-06
CUST1004388,0.369,0.491,0.1507,0.1126,0.3456,0.5155999999999999,2026-06
CUST1004389,0.2238,0.3339,0.0746,0.2799,0.4839,0.1112,2026-06
CUST1004390,0.4155,0.5466,0.4911,0.3666,0.1597,0.5867,2026-06
CUST1004391,0.1689,0.2879,0.3531,0.1972,0.2968,0.124,2026-06
CUST1004392,0.4625,0.4733,0.07679999999999999,0.1643,0.3155,0.321,2026-06
CUST1004393,0.3686,0.514,0.382,0.1258,0.1654,0.1133,2026-06
CUST1004394,0.2319,0.258,0.2109,0.1356,0.2864,0.4882,2026-06
CUST1004395,0.3996,0.4418,0.3333,0.2759,0.2125,0.3594,2026-06
CUST1004396,0.4831,0.7337,0.0825,0.1935,0.2925,0.4252,2026-06
CUST1004397,0.2351,0.3225,0.1314,0.16,0.3873,0.3552,2026-06
CUST1004398,0.2606,0.4653,0.3561,0.2683,0.3866,0.6017,2026-06
CUST1004399,0.2875,0.4349,0.3992,0.1149,0.3372,0.4971,2026-06
CUST1004400,0.1353,0.6366000000000001,0.1593,0.2688,0.3805,0.3128,2026-06
CUST1004401,0.3515,0.393,0.3397,0.2873,0.2953,0.3198,2026-06
CUST1004402,0.2543,0.3439,0.4442,0.2472,0.4045,0.3063,2026-06
CUST1004403,0.4731,0.4319,0.3195,0.01,0.3997,0.6031,2026-06
CUST1004404,0.2963,0.4006,0.428,0.3534,0.4698,0.5463,2026-06
CUST1004405,0.2269,0.0405,0.1196,0.143,0.176,0.0799,2026-06
CUST1004406,0.4181,0.4624,0.2817,0.5644,0.1589,0.3891,2026-06
CUST1004407,0.32,0.3506,0.2665,0.2345,0.6494,0.3517,2026-06
CUST1004408,0.3669,0.5213,0.3832,0.01,0.4566,0.4656,2026-06
CUST1004409,0.4946,0.4193,0.3693,0.1378,0.3743,0.2865,2026-06
CUST1004410,0.3084,0.5242,0.1611,0.2029,0.4736,0.4269,2026-06
CUST1004411,0.4933,0.4046,0.4544,0.0508,0.4726,0.469,2026-06
CUST1004412,0.2188,0.5874,0.2562,0.0114,0.2062,0.5178,2026-06
CUST1004413,0.4236,0.3793,0.3631,0.136,0.5359,0.4745,2026-06
CUST1004414,0.1065,0.4431,0.2612,0.1924,0.3966,0.4245,2026-06
CUST1004415,0.4528,0.0936,0.1014,0.1254,0.1828,0.114,2026-06
CUST1004416,0.4486,0.5906,0.4223,0.2112,0.3777,0.2836,2026-06
CUST1004417,0.3245,0.4201,0.4832,0.1872,0.3523,0.5236,2026-06
CUST1004418,0.2869,0.0152,0.0955,0.2482,0.1968,0.1892,2026-06
CUST1004419,0.3863,0.2578,0.073,0.3275,0.2561,0.2745,2026-06
CUST1004420,0.4968,0.6082,0.3016,0.3088,0.4472,0.3952,2026-06
CUST1004421,0.5135999999999999,0.5027,0.483,0.1961,0.3359,0.6346000000000001,2026-06
CUST1004422,0.4856,0.5663,0.3959,0.1133,0.3441,0.3471,2026-06
CUST1004423,0.2344,0.5011,0.298,0.1101,0.3267,0.6355,2026-06
CUST1004424,0.2954,0.1242,0.1629,0.1569,0.1474,0.1861,2026-06
CUST1004425,0.4546,0.6017,0.2357,0.6850000000000001,0.1313,0.4152,2026-06
CUST1004426,0.1024,0.4881,0.2318,0.1583,0.4646,0.275,2026-06
CUST1004427,0.1916,0.4104,0.3537,0.0532,0.3104,0.3162,2026-06
CUST1004428,0.4098,0.3297,0.3043,0.0282,0.4157,0.4901,2026-06
CUST1004429,0.3837,0.6334,0.3034,0.1134,0.4193,0.2443,2026-06
CUST1004430,0.3248,0.2429,0.0801,0.0675,0.2652,0.2638,2026-06
CUST1004431,0.3689,0.7897999999999999,0.4992,0.1431,0.3308,0.5481,2026-06
CUST1004432,0.4582,0.3705,0.1972,0.1372,0.5263,0.3346,2026-06
CUST1004433,0.0843,0.4764,0.01,0.1972,0.2889,0.09,2026-06
CUST1004434,0.259,0.3857,0.1408,0.257,0.2937,0.2591,2026-06
CUST1004435,0.5632,0.3229,0.3814,0.1911,0.3007,0.3406,2026-06
CUST1004436,0.163,0.4867,0.2058,0.2323,0.2286,0.2196,2026-06
CUST1004437,0.2965,0.1793,0.1116,0.1678,0.2032,0.177,2026-06
CUST1004438,0.3016,0.2075,0.1816,0.1978,0.2248,0.0945,2026-06
CUST1004439,0.3287,0.09710000000000001,0.4486,0.2981,0.4299,0.1404,2026-06
CUST1004440,0.3686,0.4989,0.1458,0.2554,0.4261,0.3722,2026-06
CUST1004441,0.1414,0.4487,0.2853,0.1135,0.2658,0.3895,2026-06
CUST1004442,0.3755,0.4068,0.4993,0.3115,0.4421,0.6182,2026-06
CUST1004443,0.47,0.531,0.3619,0.032,0.4285,0.4865,2026-06
CUST1004444,0.3199,0.5269,0.4423,0.2612,0.3912,0.5292,2026-06
CUST1004445,0.3566,0.5416,0.1938,0.1379,0.3486,0.1755,2026-06
CUST1004446,0.2919,0.3332,0.2983,0.1137,0.3335,0.5848,2026-06
CUST1004447,0.4888,0.5331,0.4269,0.2482,0.3654,0.4085,2026-06
CUST1004448,0.4433,0.3049,0.5235,0.1655,0.2338,0.3788,2026-06
CUST1004449,0.4676,0.4535,0.3769,0.068,0.3919,0.3902,2026-06
CUST1004450,0.7020999999999999,0.2903,0.5809,0.1784,0.2963,0.3684,2026-06
CUST1004451,0.6669,0.397,0.6059,0.1522,0.5721000000000001,0.4288,2026-06
CUST1004452,0.4746,0.5613,0.5179,0.0207,0.3071,0.7897,2026-06
CUST1004453,0.2231,0.2921,0.07340000000000001,0.3273,0.2854,0.1759,2026-06
CUST1004454,0.2251,0.3722,0.4975,0.2454,0.2901,0.5527,2026-06
CUST1004455,0.2338,0.3825,0.3885,0.1046,0.2605,0.4395,2026-06
CUST1004456,0.4477,0.4267,0.5423,0.2133,0.4383,0.4839,2026-06
CUST1004457,0.482,0.5309,0.5084,0.3031,0.3103,0.4676,2026-06
CUST1004458,0.5624,0.5572,0.3622,0.2265,0.3427,0.4267,2026-06
CUST1004459,0.6026,0.3988,0.3831,0.279,0.5258,0.5177,2026-06
CUST1004460,0.3883,0.2409,0.1899,0.1556,0.2735,0.2444,2026-06
CUST1004461,0.3117,0.4346,0.2136,0.236,0.2641,0.2017,2026-06
CUST1004462,0.3471,0.5704,0.0471,0.3015,0.3511,0.35,2026-06
CUST1004463,0.2323,0.3108,0.1351,0.2179,0.1789,0.0939,2026-06
CUST1004464,0.5985,0.3444,0.2977,0.1339,0.6585,0.1644,2026-06
CUST1004465,0.4127,0.432,0.6281,0.1827,0.3205,0.3942,2026-06
CUST1004466,0.5409,0.5105,0.01,0.2182,0.1298,0.2146,2026-06
CUST1004467,0.1337,0.7934,0.1206,0.3337,0.3274,0.4233,2026-06
CUST1004468,0.5405,0.3939,0.496,0.1236,0.3453,0.489,2026-06
CUST1004469,0.4533,0.513,0.01,0.2456,0.2879,0.01,2026-06
CUST1004470,0.2244,0.09760000000000001,0.2873,0.1077,0.2738,0.2114,2026-06
CUST1004471,0.2981,0.6781,0.2864,0.133,0.2319,0.3086,2026-06
CUST1004472,0.3202,0.3823,0.3064,0.1173,0.4371,0.3833,2026-06
CUST1004473,0.5803,0.7218,0.3053,0.1715,0.5024999999999999,0.5208,2026-06
CUST1004474,0.5347,0.3741,0.49,0.1267,0.3868,0.5456,2026-06
CUST1004475,0.347,0.6091,0.2919,0.175,0.08169999999999999,0.6707,2026-06
CUST1004476,0.3831,0.4113,0.3335,0.1181,0.4597,0.5579,2026-06
CUST1004477,0.3767,0.4617,0.4984,0.2542,0.2926,0.5501,2026-06
CUST1004478,0.06569999999999999,0.4581,0.1144,0.0511,0.5323,0.4797,2026-06
CUST1004479,0.3003,0.4847,0.2373,0.1732,0.5982,0.5993000000000001,2026-06
CUST1004480,0.3952,0.2603,0.53,0.1969,0.3485,0.5602,2026-06
CUST1004481,0.2858,0.6097,0.2666,0.3114,0.2959,0.3596,2026-06
CUST1004482,0.3978,0.3099,0.3131,0.1221,0.3114,0.1924,2026-06
CUST1004483,0.1592,0.7146,0.3127,0.2717,0.1772,0.3949,2026-06
CUST1004484,0.4644,0.5253,0.4631,0.1365,0.3071,0.4561,2026-06
CUST1004485,0.3773,0.3957,0.4871,0.1387,0.4079,0.4824,2026-06
CUST1004486,0.376,0.2509,0.3919,0.1007,0.2937,0.1993,2026-06
CUST1004487,0.4005,0.3523,0.4393,0.4438,0.2858,0.5574,2026-06
CUST1004488,0.2985,0.5917,0.2186,0.2327,0.3947,0.7542,2026-06
CUST1004489,0.459,0.6314,0.3857,0.2335,0.3771,0.5332,2026-06
CUST1004490,0.2287,0.2233,0.0203,0.2218,0.2762,0.2681,2026-06
CUST1004491,0.3501,0.286,0.3938,0.2431,0.2056,0.4312,2026-06
CUST1004492,0.266,0.2134,0.3087,0.1652,0.3309,0.06279999999999999,2026-06
CUST1004493,0.4751,0.719,0.2625,0.1402,0.2271,0.4624,2026-06
CUST1004494,0.2009,0.6739000000000001,0.1587,0.1626,0.3568,0.3737,2026-06
CUST1004495,0.2561,0.5243,0.143,0.1194,0.5072,0.5441,2026-06
CUST1004496,0.4534,0.4336,0.0552,0.5672,0.2577,0.3102,2026-06
CUST1004497,0.5421,0.6698,0.4865,0.2391,0.408,0.4399,2026-06
CUST1004498,0.2803,0.5676,0.2597,0.3002,0.3414,0.4645,2026-06
CUST1004499,0.5371,0.6854,0.5333,0.1156,0.2964,0.656,2026-06
CUST1004500,0.3976,0.294,0.4,0.2833,0.3268,0.3491,2026-06
CUST1004501,0.2314,0.6967,0.5024,0.2258,0.1297,0.3531,2026-06
CUST1004502,0.3967,0.3812,0.3299,0.2272,0.2525,0.1936,2026-06
CUST1004503,0.3383,0.4619,0.2761,0.1703,0.3172,0.5273,2026-06
CUST1004504,0.5065,0.5259,0.3286,0.1487,0.3354,0.3762,2026-06
CUST1004505,0.4631,0.6937,0.2827,0.0764,0.4011,0.4643,2026-06
CUST1004506,0.5896,0.3656,0.2108,0.2242,0.3177,0.2503,2026-06
CUST1004507,0.1628,0.2733,0.2085,0.0866,0.1933,0.2466,2026-06
CUST1004508,0.5968,0.714,0.4088,0.2336,0.2211,0.5502,2026-06
CUST1004509,0.2511,0.3489,0.1462,0.1484,0.481,0.1731,2026-06
CUST1004510,0.137,0.3981,0.4328,0.2295,0.422,0.7446,2026-06
CUST1004511,0.1665,0.6065,0.2403,0.2334,0.16,0.2179,2026-06
CUST1004512,0.3289,0.3709,0.4914,0.2295,0.2941,0.4794,2026-06
CUST1004513,0.1364,0.288,0.2204,0.2529,0.2701,0.6068,2026-06
CUST1004514,0.2987,0.3976,0.4995,0.0757,0.468,0.5717,2026-06
CUST1004515,0.3535,0.2532,0.3814,0.0571,0.3244,0.588,2026-06
CUST1004516,0.538,0.4269,0.4035,0.212,0.5471,0.5616,2026-06
CUST1004517,0.4539,0.4891,0.0253,0.0907,0.3095,0.1877,2026-06
CUST1004518,0.1835,0.3316,0.2108,0.232,0.3553,0.3642,2026-06
CUST1004519,0.2082,0.1245,0.3866,0.135,0.3104,0.1577,2026-06
CUST1004520,0.3878,0.1735,0.2203,0.1022,0.3137,0.1107,2026-06
CUST1004521,0.3647,0.3044,0.3459,0.25,0.2997,0.2944,2026-06
CUST1004522,0.4923,0.4969,0.26,0.1893,0.3828,0.5555,2026-06
CUST1004523,0.5149,0.5423,0.3434,0.1865,0.22,0.408,2026-06
CUST1004524,0.2874,0.2538,0.3474,0.648,0.2894,0.0122,2026-06
CUST1004525,0.2425,0.3166,0.1706,0.1873,0.3275,0.2317,2026-06
CUST1004526,0.2507,0.4467,0.4581,0.2337,0.1615,0.4423,2026-06
CUST1004527,0.3986,0.4714,0.2546,0.1316,0.2917,0.3714,2026-06
CUST1004528,0.2542,0.221,0.2504,0.2576,0.273,0.467,2026-06
CUST1004529,0.1312,0.382,0.1242,0.1302,0.3252,0.4089,2026-06
CUST1004530,0.462,0.1831,0.3353,0.1765,0.2355,0.314,2026-06
CUST1004531,0.3315,0.368,0.5063,0.2192,0.3628,0.4534,2026-06
CUST1004532,0.359,0.7685,0.2739,0.09669999999999999,0.0998,0.3781,2026-06
CUST1004533,0.4023,0.5659,0.254,0.5802,0.2323,0.3088,2026-06
CUST1004534,0.6279,0.3333,0.2539,0.2737,0.0824,0.1281,2026-06
CUST1004535,0.459,0.3943,0.106,0.0389,0.1531,0.2792,2026-06
CUST1004536,0.5581,0.5208,0.4223,0.1574,0.2495,0.5486,2026-06
CUST1004537,0.2221,0.3467,0.133,0.5261,0.4124,0.3337,2026-06
CUST1004538,0.4387,0.4839,0.5232,0.1747,0.4267,0.7186,2026-06
CUST1004539,0.1439,0.5577,0.0527,0.1149,0.3559,0.4886,2026-06
CUST1004540,0.4587,0.48,0.4034,0.407,0.3173,0.4679,2026-06
CUST1004541,0.47,0.427,0.2373,0.0916,0.2618,0.0471,2026-06
CUST1004542,0.1673,0.3607,0.4027,0.0445,0.351,0.4743,2026-06
CUST1004543,0.2549,0.2451,0.24,0.3157,0.4682,0.2332,2026-06
CUST1004544,0.5215,0.7292999999999999,0.2007,0.1174,0.2442,0.4634,2026-06
CUST1004545,0.1639,0.1689,0.1241,0.0575,0.5384,0.1676,2026-06
CUST1004546,0.1111,0.2677,0.2178,0.0757,0.3751,0.289,2026-06
CUST1004547,0.2278,0.3402,0.1344,0.3045,0.3326,0.0964,2026-06
CUST1004548,0.5224,0.2906,0.3869,0.2318,0.2193,0.5808,2026-06
CUST1004549,0.3769,0.6848,0.1506,0.2184,0.3502,0.3431,2026-06
CUST1004550,0.4917,0.5984,0.0919,0.1678,0.2765,0.3442,2026-06
CUST1004551,0.54,0.1955,0.1298,0.2158,0.3029,0.3093,2026-06
CUST1004552,0.5731000000000001,0.5582,0.2789,0.06850000000000001,0.07140000000000001,0.4359,2026-06
CUST1004553,0.4414,0.5033,0.2421,0.1598,0.3138,0.5026,2026-06
CUST1004554,0.5014,0.4553,0.4148,0.1976,0.3543,0.4241,2026-06
CUST1004555,0.378,0.3363,0.5012,0.1867,0.4641,0.376,2026-06
CUST1004556,0.4875,0.5149,0.4202,0.1692,0.2012,0.4745,2026-06
CUST1004557,0.58,0.5354,0.4667,0.4346,0.4008,0.2985,2026-06
CUST1004558,0.3505,0.4334,0.6317,0.1485,0.3905,0.746,2026-06
CUST1004559,0.2455,0.4832,0.503,0.2205,0.235,0.4172,2026-06
CUST1004560,0.3468,0.5814,0.4834,0.2382,0.1877,0.4375,2026-06
CUST1004561,0.6078,0.6463,0.6052,0.0939,0.1476,0.5091,2026-06
CUST1004562,0.1403,0.4167,0.3539,0.1422,0.2716,0.4607,2026-06
CUST1004563,0.3318,0.1671,0.2691,0.1242,0.2006,0.4659,2026-06
CUST1004564,0.0154,0.3438,0.1287,0.2922,0.196,0.6391,2026-06
CUST1004565,0.1184,0.1669,0.2734,0.1095,0.4018,0.104,2026-06
CUST1004566,0.1853,0.2704,0.0173,0.2132,0.3311,0.1826,2026-06
CUST1004567,0.4107,0.3365,0.2793,0.4432,0.098,0.164,2026-06
CUST1004568,0.2449,0.2893,0.5714,0.2746,0.3325,0.4958,2026-06
CUST1004569,0.37,0.6886,0.5523,0.1306,0.385,0.4511,2026-06
CUST1004570,0.1586,0.4069,0.3166,0.1749,0.2917,0.4216,2026-06
CUST1004571,0.3882,0.4318,0.0631,0.09810000000000001,0.2968,0.2861,2026-06
CUST1004572,0.2923,0.4599,0.5863,0.3032,0.338,0.5024999999999999,2026-06
CUST1004573,0.2218,0.7347,0.4626,0.2049,0.3135,0.439,2026-06
CUST1004574,0.4212,0.3954,0.5139,0.1018,0.3437,0.4271,2026-06
CUST1004575,0.4203,0.5217000000000001,0.4735,0.1274,0.2764,0.2217,2026-06
CUST1004576,0.1648,0.2966,0.08599999999999999,0.1935,0.4878,0.01,2026-06
CUST1004577,0.4421,0.3954,0.4778,0.2176,0.3117,0.2746,2026-06
CUST1004578,0.4219,0.7868000000000001,0.4317,0.3083,0.3224,0.5225,2026-06
CUST1004579,0.2665,0.5989,0.3288,0.01,0.3067,0.4091,2026-06
CUST1004580,0.3611,0.3032,0.3777,0.2399,0.4003,0.7123,2026-06
CUST1004581,0.1,0.5600000000000001,0.4306,0.1313,0.479,0.4827,2026-06
CUST1004582,0.3363,0.4205,0.402,0.1112,0.3822,0.2412,2026-06
CUST1004583,0.3235,0.1314,0.3013,0.2306,0.2932,0.2527,2026-06
CUST1004584,0.4675,0.4332,0.4398,0.0272,0.3156,0.7785,2026-06
CUST1004585,0.3167,0.2649,0.4364,0.2934,0.2511,0.3306,2026-06
CUST1004586,0.3874,0.4942,0.3384,0.1423,0.4292,0.3613,2026-06
CUST1004587,0.2054,0.2866,0.2953,0.2483,0.3694,0.5027,2026-06
CUST1004588,0.1939,0.262,0.1411,0.1085,0.4272,0.1611,2026-06
CUST1004589,0.4823,0.3887,0.5097,0.3522,0.4263,0.5335,2026-06
CUST1004590,0.5841,0.5228,0.1375,0.678,0.1707,0.21,2026-06
CUST1004591,0.3062,0.1633,0.2209,0.142,0.3063,0.2562,2026-06
CUST1004592,0.2835,0.4308,0.3471,0.0457,0.4951,0.478,2026-06
CUST1004593,0.3261,0.2907,0.3838,0.2668,0.4104,0.5372,2026-06
CUST1004594,0.3382,0.5459000000000001,0.469,0.2592,0.3503,0.438,2026-06
CUST1004595,0.275,0.4918,0.0204,0.2656,0.1709,0.0587,2026-06
CUST1004596,0.1845,0.7848000000000001,0.2929,0.2294,0.2862,0.5404,2026-06
CUST1004597,0.2944,0.5437,0.4369,0.3407,0.2111,0.6097,2026-06
CUST1004598,0.5443,0.1928,0.2973,0.1419,0.3404,0.1303,2026-06
CUST1004599,0.4719,0.4616,0.4496,0.1516,0.4556,0.288,2026-06
CUST1004600,0.4918,0.4638,0.4508,0.0717,0.2833,0.3118,2026-06
CUST1004601,0.363,0.5052,0.1531,0.2858,0.2691,0.4897,2026-06
CUST1004602,0.0653,0.4332,0.0707,0.0505,0.1809,0.06469999999999999,2026-06
CUST1004603,0.1823,0.1626,0.01,0.1701,0.3306,0.0736,2026-06
CUST1004604,0.4133,0.3297,0.1544,0.0786,0.5735,0.193,2026-06
CUST1004605,0.4426,0.3186,0.4038,0.1555,0.4474,0.2173,2026-06
CUST1004606,0.3158,0.1288,0.3107,0.2197,0.331,0.3382,2026-06
CUST1004607,0.3458,0.3988,0.3309,0.01,0.5201,0.4344,2026-06
CUST1004608,0.507,0.6939,0.4939,0.1109,0.246,0.5369,2026-06
CUST1004609,0.3372,0.3507,0.3452,0.1109,0.5155,0.4443,2026-06
CUST1004610,0.3532,0.5903,0.3679,0.1249,0.2676,0.6332,2026-06
CUST1004611,0.0532,0.4447,0.2955,0.1183,0.2601,0.6247,2026-06
CUST1004612,0.1936,0.5600000000000001,0.2153,0.1212,0.2969,0.4923,2026-06
CUST1004613,0.53,0.4585,0.2309,0.2286,0.5489000000000001,0.4964,2026-06
CUST1004614,0.6105,0.3482,0.3567,0.1344,0.3283,0.3649,2026-06
CUST1004615,0.153,0.3901,0.0463,0.6889999999999999,0.3122,0.01,2026-06
CUST1004616,0.5666,0.636,0.4479,0.256,0.1997,0.3846,2026-06
CUST1004617,0.3737,0.1686,0.1624,0.2577,0.275,0.3422,2026-06
CUST1004618,0.1931,0.1563,0.0419,0.1769,0.3994,0.1423,2026-06
CUST1004619,0.2429,0.178,0.269,0.2112,0.2535,0.0866,2026-06
CUST1004620,0.3324,0.5694,0.3421,0.1284,0.4263,0.3937,2026-06
CUST1004621,0.3846,0.5063,0.3919,0.2788,0.2372,0.8149,2026-06
CUST1004622,0.2831,0.1635,0.3293,0.1205,0.4072,0.2394,2026-06
CUST1004623,0.264,0.7335,0.3389,0.1043,0.2101,0.6861,2026-06
CUST1004624,0.3368,0.7234,0.2155,0.09370000000000001,0.497,0.5014999999999999,2026-06
CUST1004625,0.2426,0.1691,0.3452,0.2697,0.3047,0.01,2026-06
CUST1004626,0.2643,0.3985,0.06370000000000001,0.1648,0.1143,0.1654,2026-06
CUST1004627,0.2747,0.6482,0.5785,0.3172,0.5177,0.5676,2026-06
CUST1004628,0.1006,0.6401,0.1746,0.0849,0.3582,0.2115,2026-06
CUST1004629,0.2658,0.7006,0.01,0.3133,0.2385,0.4044,2026-06
CUST1004630,0.4988,0.5351,0.4116,0.7478,0.2065,0.3111,2026-06
CUST1004631,0.2405,0.2559,0.0682,0.2207,0.2569,0.0186,2026-06
CUST1004632,0.3774,0.4329,0.4265,0.1226,0.4933,0.372,2026-06
CUST1004633,0.201,0.1273,0.1014,0.0979,0.3582,0.1476,2026-06
CUST1004634,0.1771,0.5596,0.3182,0.1943,0.4041,0.3824,2026-06
CUST1004635,0.52,0.706,0.1,0.1649,0.1836,0.3465,2026-06
CUST1004636,0.5123,0.3558,0.5858,0.2329,0.3471,0.4602,2026-06
CUST1004637,0.3597,0.4321,0.2983,0.1308,0.2828,0.5322,2026-06
CUST1004638,0.2166,0.2263,0.0183,0.4293,0.1507,0.1818,2026-06
CUST1004639,0.4537,0.4733,0.5462,0.2275,0.3244,0.4044,2026-06
CUST1004640,0.3687,0.4617,0.3565,0.1899,0.2933,0.4081,2026-06
CUST1004641,0.3978,0.2241,0.2981,0.2297,0.2498,0.2884,2026-06
CUST1004642,0.3811,0.7016,0.3604,0.1415,0.3727,0.374,2026-06
CUST1004643,0.4324,0.6978,0.232,0.1227,0.2815,0.4495,2026-06
CUST1004644,0.1774,0.5937,0.485,0.0711,0.5481,0.515,2026-06
CUST1004645,0.5836,0.6296,0.1789,0.053,0.2639,0.3075,2026-06
CUST1004646,0.3249,0.5931,0.3997,0.3157,0.2876,0.3336,2026-06
CUST1004647,0.3624,0.2168,0.4308,0.2161,0.5233,0.01,2026-06
CUST1004648,0.4636,0.4706,0.3705,0.0699,0.3588,0.4051,2026-06
CUST1004649,0.1398,0.446,0.01,0.1221,0.3012,0.259,2026-06
CUST1004650,0.4542,0.2448,0.2927,0.01,0.5358000000000001,0.1782,2026-06
CUST1004651,0.133,0.2245,0.1254,0.0902,0.6413,0.1814,2026-06
CUST1004652,0.2789,0.4662,0.4511,0.2346,0.5245,0.4403,2026-06
CUST1004653,0.2623,0.3353,0.01,0.2379,0.3097,0.2823,2026-06
CUST1004654,0.3686,0.4812,0.0526,0.5528,0.2197,0.0722,2026-06
CUST1004655,0.4217,0.2041,0.2139,0.3552,0.3816,0.127,2026-06
CUST1004656,0.1258,0.4538,0.295,0.2529,0.2701,0.4337,2026-06
CUST1004657,0.3025,0.4768,0.3525,0.1244,0.3287,0.5579,2026-06
CUST1004658,0.2833,0.1582,0.2923,0.1645,0.3255,0.1583,2026-06
CUST1004659,0.3818,0.3967,0.3263,0.0365,0.4252,0.1347,2026-06
CUST1004660,0.5542,0.5264,0.1573,0.1614,0.2724,0.1989,2026-06
CUST1004661,0.3698,0.0457,0.2643,0.1464,0.2905,0.0567,2026-06
CUST1004662,0.4511,0.1896,0.1021,0.1345,0.453,0.3231,2026-06
CUST1004663,0.5133,0.51,0.642,0.0623,0.5448,0.5328000000000001,2026-06
CUST1004664,0.4678,0.5766,0.4223,0.1415,0.4351,0.5152,2026-06
CUST1004665,0.3297,0.1991,0.1807,0.2232,0.3629,0.143,2026-06
CUST1004666,0.4153,0.7534,0.2542,0.2413,0.3867,0.4157,2026-06
CUST1004667,0.5072,0.4771,0.4867,0.2205,0.4851,0.5517,2026-06
CUST1004668,0.2424,0.6677,0.5251,0.245,0.1775,0.4705,2026-06
CUST1004669,0.1532,0.3651,0.06510000000000001,0.1538,0.2833,0.1169,2026-06
CUST1004670,0.1217,0.3918,0.01,0.2691,0.4519,0.205,2026-06
CUST1004671,0.7141999999999999,0.6503,0.3729,0.2714,0.418,0.3827,2026-06
CUST1004672,0.0843,0.6589,0.2202,0.1885,0.2256,0.3782,2026-06
CUST1004673,0.3021,0.5137,0.2933,0.0494,0.2349,0.5299,2026-06
CUST1004674,0.3064,0.5288,0.4399,0.1773,0.3653,0.3316,2026-06
CUST1004675,0.2103,0.0914,0.0169,0.183,0.2888,0.4304,2026-06
CUST1004676,0.2363,0.4224,0.5327,0.143,0.2382,0.6726,2026-06
CUST1004677,0.4768,0.5128,0.1689,0.3105,0.2976,0.2898,2026-06
CUST1004678,0.3064,0.3907,0.2615,0.2003,0.5679999999999999,0.2613,2026-06
CUST1004679,0.3082,0.6954,0.4045,0.2684,0.3833,0.2801,2026-06
CUST1004680,0.1488,0.5731000000000001,0.2635,0.1504,0.3666,0.3208,2026-06
CUST1004681,0.4498,0.5033,0.4547,0.1756,0.4344,0.6676,2026-06
CUST1004682,0.01,0.3551,0.1506,0.3997,0.3195,0.5888,2026-06
CUST1004683,0.5429,0.3988,0.0434,0.2084,0.395,0.2372,2026-06
CUST1004684,0.5268,0.5124,0.3924,0.0687,0.3205,0.3399,2026-06
CUST1004685,0.1528,0.6383,0.3397,0.1989,0.3061,0.4325,2026-06
CUST1004686,0.3174,0.1668,0.202,0.1829,0.3711,0.2443,2026-06
CUST1004687,0.2133,0.5817,0.2467,0.2434,0.2358,0.3319,2026-06
CUST1004688,0.4108,0.3286,0.4627,0.1421,0.3478,0.4992,2026-06
CUST1004689,0.3423,0.3274,0.641,0.2003,0.4279,0.4162,2026-06
CUST1004690,0.5155999999999999,0.2128,0.0578,0.321,0.3059,0.285,2026-06
CUST1004691,0.4402,0.594,0.4509,0.01,0.4422,0.579,2026-06
CUST1004692,0.367,0.5958,0.5014,0.081,0.4596,0.2514,2026-06
CUST1004693,0.4095,0.4676,0.5236,0.1709,0.2547,0.5506,2026-06
CUST1004694,0.4094,0.3348,0.4581,0.5789,0.1126,0.285,2026-06
CUST1004695,0.3852,0.4452,0.4994,0.1281,0.3548,0.4013,2026-06
CUST1004696,0.4722,0.3749,0.3457,0.181,0.316,0.352,2026-06
CUST1004697,0.3817,0.5174,0.48,0.1782,0.3884,0.5364,2026-06
CUST1004698,0.146,0.2549,0.2506,0.2727,0.2594,0.0556,2026-06
CUST1004699,0.57,0.5915,0.2778,0.2544,0.4869,0.1781,2026-06
CUST1004700,0.3425,0.3957,0.3446,0.0415,0.3109,0.5379,2026-06
CUST1004701,0.4673,0.5566,0.2594,0.2817,0.2198,0.4286,2026-06
CUST1004702,0.3765,0.4892,0.2039,0.185,0.27,0.677,2026-06
CUST1004703,0.4834,0.5086000000000001,0.0487,0.7119,0.2238,0.2921,2026-06
CUST1004704,0.1093,0.4384,0.3689,0.1924,0.3728,0.61,2026-06
CUST1004705,0.2238,0.1465,0.01,0.3028,0.2075,0.193,2026-06
CUST1004706,0.3908,0.1374,0.01,0.2709,0.3952,0.07439999999999999,2026-06
CUST1004707,0.3904,0.4297,0.1882,0.2085,0.2695,0.1879,2026-06
CUST1004708,0.4292,0.4744,0.4697,0.09710000000000001,0.2797,0.3823,2026-06
CUST1004709,0.1569,0.1647,0.0771,0.09039999999999999,0.3581,0.1945,2026-06
CUST1004710,0.2424,0.2376,0.4556,0.1974,0.3464,0.3121,2026-06
CUST1004711,0.2692,0.2136,0.4484,0.5792,0.433,0.2758,2026-06
CUST1004712,0.5124,0.4641,0.5538999999999999,0.555,0.251,0.3537,2026-06
CUST1004713,0.3476,0.4058,0.01,0.1713,0.4221,0.0562,2026-06
CUST1004714,0.3136,0.2103,0.01,0.5019,0.5814,0.1637,2026-06
CUST1004715,0.303,0.73,0.3213,0.155,0.1974,0.4682,2026-06
CUST1004716,0.4166,0.1679,0.2215,0.2293,0.5339,0.3063,2026-06
CUST1004717,0.3259,0.3054,0.2022,0.3072,0.3566,0.587,2026-06
CUST1004718,0.286,0.357,0.1552,0.2145,0.2498,0.1026,2026-06
CUST1004719,0.5788,0.52,0.4451,0.1126,0.5606,0.4214,2026-06
CUST1004720,0.4271,0.5301,0.5204,0.0799,0.4378,0.3749,2026-06
CUST1004721,0.4966,0.5473,0.0897,0.1344,0.2569,0.3536,2026-06
CUST1004722,0.4479,0.5797,0.1973,0.285,0.3886,0.3364,2026-06
CUST1004723,0.3767,0.0809,0.01,0.1175,0.2617,0.1717,2026-06
CUST1004724,0.2002,0.6973,0.3484,0.1915,0.5827,0.3678,2026-06
CUST1004725,0.368,0.4829,0.422,0.237,0.3746,0.5766,2026-06
CUST1004726,0.1687,0.0154,0.269,0.1099,0.5165999999999999,0.1199,2026-06
CUST1004727,0.4183,0.6564,0.3766,0.1474,0.2292,0.3797,2026-06
CUST1004728,0.3287,0.3742,0.3095,0.0495,0.4471,0.09180000000000001,2026-06
CUST1004729,0.287,0.3353,0.2388,0.0791,0.1856,0.1955,2026-06
CUST1004730,0.1595,0.34,0.123,0.01,0.197,0.275,2026-06
CUST1004731,0.4206,0.6529,0.4922,0.3536,0.1535,0.3862,2026-06
CUST1004732,0.1806,0.2943,0.223,0.2171,0.2931,0.01,2026-06
CUST1004733,0.4876,0.5568,0.2988,0.0532,0.3148,0.4708,2026-06
CUST1004734,0.3862,0.3823,0.3081,0.2055,0.4421,0.5417999999999999,2026-06
CUST1004735,0.5334,0.7405,0.1503,0.2858,0.1294,0.3817,2026-06
CUST1004736,0.377,0.4538,0.3692,0.1396,0.4459,0.3761,2026-06
CUST1004737,0.4355,0.426,0.2781,0.2008,0.383,0.5223,2026-06
CUST1004738,0.3458,0.5391,0.3426,0.1584,0.2832,0.3196,2026-06
CUST1004739,0.1862,0.6932,0.2041,0.1207,0.4212,0.3854,2026-06
CUST1004740,0.4906,0.533,0.4267,0.1566,0.3194,0.6977,2026-06
CUST1004741,0.2633,0.4099,0.4337,0.0481,0.3658,0.5774,2026-06
CUST1004742,0.2353,0.5171,0.1015,0.2023,0.2622,0.3919,2026-06
CUST1004743,0.3575,0.2043,0.01,0.1148,0.639,0.1791,2026-06
CUST1004744,0.1751,0.4311,0.4258,0.2988,0.3867,0.2423,2026-06
CUST1004745,0.4205,0.6788,0.5001,0.1043,0.4361,0.3082,2026-06
CUST1004746,0.4963,0.4427,0.1023,0.1862,0.5805,0.3985,2026-06
CUST1004747,0.4178,0.5866,0.3486,0.1251,0.3154,0.288,2026-06
CUST1004748,0.3954,0.6792,0.4103,0.2529,0.399,0.4402,2026-06
CUST1004749,0.1225,0.4987,0.173,0.0321,0.2219,0.4957,2026-06
CUST1004750,0.4281,0.5588,0.5127,0.0939,0.3188,0.3997,2026-06
CUST1004751,0.0927,0.4325,0.2672,0.2341,0.1772,0.6363,2026-06
CUST1004752,0.2935,0.2611,0.2771,0.1706,0.5208,0.06270000000000001,2026-06
CUST1004753,0.1824,0.3857,0.4642,0.1186,0.3096,0.6274,2026-06
CUST1004754,0.3047,0.5931,0.3318,0.1357,0.2684,0.3513,2026-06
CUST1004755,0.2704,0.1868,0.1508,0.1257,0.3462,0.1041,2026-06
CUST1004756,0.3399,0.5591,0.3277,0.3182,0.3667,0.3297,2026-06
CUST1004757,0.382,0.4167,0.3495,0.135,0.3144,0.359,2026-06
CUST1004758,0.5542,0.6702,0.2748,0.2195,0.1744,0.3035,2026-06
CUST1004759,0.1231,0.3784,0.01,0.2321,0.2621,0.0925,2026-06
CUST1004760,0.2738,0.057,0.2596,0.1885,0.2881,0.181,2026-06
CUST1004761,0.4977,0.5997,0.2561,0.2968,0.2941,0.8025,2026-06
CUST1004762,0.4919,0.4128,0.4086,0.01,0.4292,0.6383,2026-06
CUST1004763,0.346,0.4588,0.076,0.1556,0.3406,0.1604,2026-06
CUST1004764,0.226,0.2322,0.0518,0.1127,0.2436,0.2075,2026-06
CUST1004765,0.4738,0.6061,0.4619,0.2631,0.2789,0.6582,2026-06
CUST1004766,0.465,0.4509,0.4717,0.1954,0.4026,0.6844,2026-06
CUST1004767,0.4042,0.4773,0.512,0.1851,0.3337,0.598,2026-06
CUST1004768,0.3854,0.5283,0.3753,0.2492,0.2791,0.5449000000000001,2026-06
CUST1004769,0.1975,0.5563,0.2274,0.3728,0.2919,0.5246,2026-06
CUST1004770,0.3853,0.5772,0.2051,0.2841,0.323,0.3894,2026-06
CUST1004771,0.5143,0.4856,0.6398,0.2733,0.3755,0.3448,2026-06
CUST1004772,0.5167,0.7238,0.1707,0.1929,0.2417,0.3266,2026-06
CUST1004773,0.3981,0.5464,0.2709,0.0392,0.3146,0.3624,2026-06
CUST1004774,0.2189,0.5057,0.1472,0.2443,0.5419,0.4489,2026-06
CUST1004775,0.273,0.6121,0.6385999999999999,0.0614,0.4422,0.3789,2026-06
CUST1004776,0.3595,0.6113,0.2043,0.1441,0.2965,0.4225,2026-06
CUST1004777,0.3084,0.4765,0.1399,0.1889,0.5242,0.4512,2026-06
CUST1004778,0.3768,0.1454,0.3848,0.2902,0.3309,0.1042,2026-06
CUST1004779,0.3167,0.4166,0.2571,0.1716,0.4011,0.2621,2026-06
CUST1004780,0.4731,0.6111,0.0973,0.2531,0.324,0.4114,2026-06
CUST1004781,0.2242,0.2882,0.293,0.07580000000000001,0.5391,0.3089,2026-06
CUST1004782,0.3932,0.6407,0.027,0.3365,0.2556,0.489,2026-06
CUST1004783,0.1299,0.3638,0.1081,0.1223,0.2459,0.2015,2026-06
CUST1004784,0.5197000000000001,0.5511,0.4152,0.1304,0.2872,0.5193,2026-06
CUST1004785,0.332,0.6289,0.5002,0.2614,0.196,0.3747,2026-06
CUST1004786,0.3482,0.2595,0.1002,0.2112,0.3388,0.1164,2026-06
CUST1004787,0.1945,0.6367,0.4507,0.2925,0.3223,0.4283,2026-06
CUST1004788,0.5622,0.6886,0.5639,0.3427,0.3216,0.4208,2026-06
CUST1004789,0.159,0.4799,0.2739,0.2749,0.15,0.4022,2026-06
CUST1004790,0.4066,0.4572,0.4587,0.3116,0.5172,0.503,2026-06
CUST1004791,0.5167,0.4932,0.4551,0.2398,0.4124,0.4891,2026-06
CUST1004792,0.5792,0.3448,0.256,0.01,0.5116000000000001,0.16,2026-06
CUST1004793,0.1111,0.2133,0.0407,0.1993,0.634,0.1643,2026-06
CUST1004794,0.2565,0.1108,0.1158,0.0927,0.34,0.3037,2026-06
CUST1004795,0.4571,0.3168,0.3568,0.2199,0.2502,0.0803,2026-06
CUST1004796,0.1948,0.5453,0.1995,0.01,0.3279,0.3757,2026-06
CUST1004797,0.498,0.6394,0.2349,0.1881,0.308,0.4121,2026-06
CUST1004798,0.2931,0.0593,0.1547,0.2927,0.3627,0.3941,2026-06
CUST1004799,0.5261,0.4531,0.3955,0.1055,0.6541,0.5292,2026-06
CUST1004800,0.1252,0.657,0.1501,0.2808,0.3178,0.3673,2026-06
CUST1004801,0.4415,0.4508,0.278,0.1816,0.4029,0.576,2026-06
CUST1004802,0.3879,0.6247,0.1791,0.3039,0.2505,0.4003,2026-06
CUST1004803,0.51,0.4664,0.2177,0.2283,0.2009,0.2293,2026-06
CUST1004804,0.4966,0.4364,0.2987,0.2748,0.3282,0.4479,2026-06
CUST1004805,0.2741,0.47,0.3001,0.2863,0.472,0.5012,2026-06
CUST1004806,0.452,0.3778,0.4049,0.07920000000000001,0.3714,0.5542,2026-06
CUST1004807,0.2871,0.2929,0.197,0.2191,0.1806,0.3347,2026-06
CUST1004808,0.2335,0.6806,0.1776,0.1669,0.1237,0.592,2026-06
CUST1004809,0.2255,0.09669999999999999,0.2352,0.2265,0.3336,0.1358,2026-06
CUST1004810,0.1407,0.08359999999999999,0.0213,0.1301,0.0761,0.1156,2026-06
CUST1004811,0.4499,0.5107,0.3865,0.194,0.2514,0.587,2026-06
CUST1004812,0.488,0.3674,0.5543,0.0333,0.1863,0.3666,2026-06
CUST1004813,0.3967,0.5304,0.5252,0.46,0.3352,0.3626,2026-06
CUST1004814,0.3781,0.3342,0.332,0.2038,0.3544,0.5062,2026-06
CUST1004815,0.4385,0.4202,0.1772,0.1753,0.21,0.2258,2026-06
CUST1004816,0.5622,0.6823,0.1729,0.1341,0.3141,0.655,2026-06
CUST1004817,0.0837,0.4792,0.01,0.2996,0.1406,0.4641,2026-06
CUST1004818,0.3716,0.5252,0.3549,0.1671,0.6346000000000001,0.5488,2026-06
CUST1004819,0.5411,0.7936,0.3545,0.2004,0.4989,0.4689,2026-06
CUST1004820,0.2974,0.6287,0.2591,0.1627,0.1306,0.4802,2026-06
CUST1004821,0.2733,0.3252,0.4135,0.5703,0.2807,0.0317,2026-06
CUST1004822,0.3114,0.3291,0.2519,0.156,0.3673,0.111,2026-06
CUST1004823,0.1724,0.0839,0.2177,0.6587,0.4418,0.0814,2026-06
CUST1004824,0.2058,0.1682,0.2162,0.3135,0.507,0.2459,2026-06
CUST1004825,0.1268,0.2144,0.01,0.1574,0.119,0.1207,2026-06
CUST1004826,0.3291,0.2535,0.01,0.07580000000000001,0.132,0.0404,2026-06
CUST1004827,0.3847,0.3701,0.4906,0.07530000000000001,0.2654,0.4772,2026-06
CUST1004828,0.3782,0.7137,0.3529,0.1174,0.2607,0.2982,2026-06
CUST1004829,0.233,0.4429,0.3182,0.1901,0.3645,0.5413,2026-06
CUST1004830,0.1452,0.4026,0.2883,0.1804,0.5022,0.3736,2026-06
CUST1004831,0.4386,0.7746,0.4273,0.0682,0.4408,0.3365,2026-06
CUST1004832,0.2295,0.406,0.3191,0.1863,0.3974,0.3861,2026-06
CUST1004833,0.2896,0.1717,0.4184,0.5994,0.2696,0.1382,2026-06
CUST1004834,0.038,0.1026,0.0999,0.2124,0.3922,0.2997,2026-06
CUST1004835,0.3888,0.8461,0.1846,0.1434,0.2353,0.4625,2026-06
CUST1004836,0.4,0.4583,0.3938,0.2785,0.3258,0.5134,2026-06
CUST1004837,0.1796,0.392,0.4288,0.0548,0.2137,0.3426,2026-06
CUST1004838,0.3418,0.3932,0.3316,0.1358,0.1171,0.2394,2026-06
CUST1004839,0.5185999999999999,0.5596,0.2979,0.1736,0.3737,0.252,2026-06
CUST1004840,0.505,0.4143,0.4619,0.1646,0.4195,0.4902,2026-06
CUST1004841,0.2623,0.4991,0.3951,0.0953,0.2246,0.4001,2026-06
CUST1004842,0.4479,0.3486,0.3359,0.1037,0.4331,0.4504,2026-06
CUST1004843,0.5563,0.5435,0.4076,0.1137,0.3062,0.4117,2026-06
CUST1004844,0.4043,0.5496,0.1327,0.5619,0.2289,0.2619,2026-06
CUST1004845,0.1491,0.4729,0.09039999999999999,0.1368,0.1563,0.1712,2026-06
CUST1004846,0.5396,0.4603,0.4387,0.2194,0.5645,0.7022,2026-06
CUST1004847,0.5789,0.4895,0.5067,0.2904,0.5741000000000001,0.3834,2026-06
CUST1004848,0.3023,0.2726,0.01,0.2681,0.3519,0.0264,2026-06
CUST1004849,0.5442,0.5557,0.3763,0.1141,0.3989,0.3831,2026-06
CUST1004850,0.0487,0.2887,0.164,0.0872,0.4924,0.6298,2026-06
CUST1004851,0.4192,0.4118,0.2185,0.4837,0.2231,0.1187,2026-06
CUST1004852,0.2605,0.1675,0.2968,0.226,0.3851,0.195,2026-06
CUST1004853,0.3431,0.6768,0.198,0.1623,0.1551,0.4186,2026-06
CUST1004854,0.4905,0.52,0.0361,0.1911,0.2935,0.121,2026-06
CUST1004855,0.2761,0.4964,0.2148,0.0929,0.4375,0.3798,2026-06
CUST1004856,0.1448,0.1266,0.2783,0.2542,0.3346,0.1878,2026-06
CUST1004857,0.4597,0.4462,0.1461,0.0149,0.1781,0.2216,2026-06
CUST1004858,0.4626,0.4843,0.01,0.0603,0.3584,0.3178,2026-06
CUST1004859,0.4558,0.4483,0.3515,0.222,0.3718,0.3715,2026-06
CUST1004860,0.4414,0.4613,0.01,0.2139,0.2068,0.2031,2026-06
CUST1004861,0.6176,0.4694,0.3873,0.1272,0.5577,0.2321,2026-06
CUST1004862,0.2745,0.5028,0.4,0.2545,0.4438,0.6204,2026-06
CUST1004863,0.2522,0.4402,0.4869,0.2498,0.3499,0.4739,2026-06
CUST1004864,0.5043,0.4871,0.4469,0.2066,0.3097,0.4227,2026-06
CUST1004865,0.1223,0.4218,0.3614,0.0252,0.3891,0.1578,2026-06
CUST1004866,0.4102,0.3683,0.3386,0.1947,0.4304,0.4209,2026-06
CUST1004867,0.2613,0.2647,0.3456,0.1541,0.3614,0.1557,2026-06
CUST1004868,0.4942,0.4344,0.3359,0.09379999999999999,0.3213,0.4787,2026-06
CUST1004869,0.2085,0.5057,0.1756,0.1568,0.4988,0.3993,2026-06
CUST1004870,0.3244,0.2619,0.5123,0.1252,0.2781,0.5009,2026-06
CUST1004871,0.3197,0.6327,0.1132,0.1794,0.4047,0.4475,2026-06
CUST1004872,0.428,0.6104000000000001,0.4344,0.0697,0.3861,0.5268,2026-06
CUST1004873,0.3339,0.8088,0.2835,0.1811,0.1586,0.12,2026-06
CUST1004874,0.3984,0.2591,0.3066,0.1743,0.4296,0.3015,2026-06
CUST1004875,0.419,0.4617,0.4154,0.2328,0.2307,0.2946,2026-06
CUST1004876,0.0712,0.1537,0.01,0.1915,0.1891,0.3507,2026-06
CUST1004877,0.4601,0.3252,0.438,0.2585,0.5175,0.2891,2026-06
CUST1004878,0.2872,0.5433,0.01,0.1849,0.3885,0.1145,2026-06
CUST1004879,0.1789,0.299,0.0399,0.2801,0.0808,0.1519,2026-06
CUST1004880,0.3434,0.5345,0.2709,0.5773,0.1141,0.371,2026-06
CUST1004881,0.4616,0.6435999999999999,0.1463,0.0223,0.2929,0.4195,2026-06
CUST1004882,0.1531,0.3405,0.0925,0.1015,0.3944,0.01,2026-06
CUST1004883,0.597,0.4096,0.3537,0.2868,0.4136,0.4853,2026-06
CUST1004884,0.3559,0.5256999999999999,0.4699,0.0105,0.344,0.2466,2026-06
CUST1004885,0.2767,0.3853,0.2421,0.0843,0.2379,0.2211,2026-06
CUST1004886,0.1937,0.4499,0.3944,0.2174,0.2155,0.2938,2026-06
CUST1004887,0.3714,0.2636,0.3357,0.26,0.4273,0.5272,2026-06
CUST1004888,0.3334,0.2545,0.1246,0.1879,0.614,0.108,2026-06
CUST1004889,0.466,0.5275,0.4074,0.1287,0.5059,0.4547,2026-06
CUST1004890,0.226,0.3904,0.179,0.5723,0.1929,0.3119,2026-06
CUST1004891,0.1699,0.5503,0.2608,0.1181,0.4029,0.2028,2026-06
CUST1004892,0.5913,0.4798,0.4509,0.3056,0.272,0.4892,2026-06
CUST1004893,0.2096,0.2913,0.1843,0.0486,0.2166,0.0325,2026-06
CUST1004894,0.4972,0.3033,0.4392,0.1247,0.4125,0.6435,2026-06
CUST1004895,0.4946,0.38,0.1361,0.1009,0.2811,0.2717,2026-06
CUST1004896,0.5087,0.5031,0.3324,0.2388,0.2977,0.4747,2026-06
CUST1004897,0.5671,0.6905,0.3958,0.314,0.2913,0.4535,2026-06
CUST1004898,0.5243,0.3201,0.2839,0.1952,0.3747,0.096,2026-06
CUST1004899,0.2321,0.3987,0.5438,0.0614,0.4295,0.608,2026-06
CUST1004900,0.3359,0.4752,0.01,0.1583,0.2626,0.1878,2026-06
CUST1004901,0.2933,0.2918,0.4847,0.2145,0.4129,0.5063,2026-06
CUST1004902,0.5032,0.3998,0.3726,0.0474,0.2132,0.2837,2026-06
CUST1004903,0.3495,0.5525,0.4635,0.238,0.2215,0.4371,2026-06
CUST1004904,0.5359,0.5046,0.6901,0.01,0.2776,0.4544,2026-06
CUST1004905,0.3433,0.6882,0.2848,0.1283,0.2938,0.5733,2026-06
CUST1004906,0.3565,0.2684,0.0319,0.1325,0.2115,0.1738,2026-06
CUST1004907,0.3645,0.098,0.2053,0.1959,0.2715,0.1144,2026-06
CUST1004908,0.2852,0.5790999999999999,0.4403,0.1384,0.3941,0.2304,2026-06
CUST1004909,0.4732,0.6642,0.4536,0.1781,0.3272,0.425,2026-06
CUST1004910,0.5115,0.3382,0.316,0.0452,0.481,0.1604,2026-06
CUST1004911,0.7109,0.6873,0.2808,0.2197,0.2828,0.4513,2026-06
CUST1004912,0.2677,0.4046,0.3632,0.2464,0.5228,0.5517,2026-06
CUST1004913,0.349,0.1576,0.2558,0.1427,0.2575,0.01,2026-06
CUST1004914,0.334,0.5034999999999999,0.5101,0.1372,0.4108,0.6101,2026-06
CUST1004915,0.1849,0.3543,0.497,0.2605,0.2056,0.6607,2026-06
CUST1004916,0.4498,0.4974,0.2164,0.254,0.3573,0.6183999999999999,2026-06
CUST1004917,0.2582,0.1975,0.1112,0.01,0.2389,0.2412,2026-06
CUST1004918,0.3048,0.3785,0.01,0.1439,0.369,0.2707,2026-06
CUST1004919,0.5392,0.3044,0.415,0.1529,0.361,0.4733,2026-06
CUST1004920,0.4846,0.5206,0.2767,0.1585,0.5099,0.4162,2026-06
CUST1004921,0.3466,0.4937,0.01,0.2301,0.1277,0.0573,2026-06
CUST1004922,0.3435,0.4846,0.01,0.3396,0.1859,0.0713,2026-06
CUST1004923,0.2054,0.4914,0.3027,0.2108,0.3298,0.401,2026-06
CUST1004924,0.4167,0.3721,0.3604,0.0353,0.2816,0.4043,2026-06
CUST1004925,0.099,0.6171,0.4396,0.147,0.4304,0.4513,2026-06
CUST1004926,0.2923,0.4333,0.1881,0.0458,0.2837,0.1439,2026-06
CUST1004927,0.3714,0.4023,0.4601,0.01,0.3432,0.3865,2026-06
CUST1004928,0.2937,0.2835,0.4713,0.251,0.4508,0.3757,2026-06
CUST1004929,0.2665,0.2405,0.2668,0.1193,0.5998,0.175,2026-06
CUST1004930,0.4592,0.5286,0.4691,0.2265,0.4644,0.5206,2026-06
CUST1004931,0.2664,0.5803,0.3043,0.1909,0.1142,0.3888,2026-06
CUST1004932,0.3867,0.6671,0.5554,0.2097,0.2815,0.6868,2026-06
CUST1004933,0.3886,0.3284,0.3096,0.1638,0.5082,0.1398,2026-06
CUST1004934,0.2194,0.2489,0.2946,0.0791,0.2699,0.1578,2026-06
CUST1004935,0.3751,0.3842,0.218,0.2657,0.2291,0.43,2026-06
CUST1004936,0.2661,0.3061,0.5183,0.2389,0.4878,0.4121,2026-06
CUST1004937,0.55,0.4661,0.1673,0.1923,0.3794,0.2663,2026-06
CUST1004938,0.4233,0.3459,0.2363,0.1893,0.3371,0.3175,2026-06
CUST1004939,0.4922,0.4409,0.2362,0.123,0.5678,0.0955,2026-06
CUST1004940,0.3827,0.4908,0.3899,0.1973,0.5016,0.3377,2026-06
CUST1004941,0.5161,0.3613,0.2695,0.1502,0.5503,0.4986,2026-06
CUST1004942,0.4625,0.3249,0.3717,0.1686,0.2792,0.1809,2026-06
CUST1004943,0.1761,0.4133,0.4061,0.2307,0.3209,0.3496,2026-06
CUST1004944,0.066,0.2771,0.01,0.1901,0.1957,0.1948,2026-06
CUST1004945,0.4632,0.3927,0.1759,0.1771,0.2599,0.2853,2026-06
CUST1004946,0.4976,0.2764,0.3234,0.01,0.4773,0.0468,2026-06
CUST1004947,0.3026,0.4554,0.3542,0.0718,0.2859,0.3612,2026-06
CUST1004948,0.4952,0.7271,0.3335,0.2155,0.1906,0.4423,2026-06
CUST1004949,0.3523,0.4653,0.5496,0.2256,0.4751,0.5415,2026-06
CUST1004950,0.4189,0.3964,0.2341,0.285,0.2518,0.3622,2026-06
CUST1004951,0.3905,0.4452,0.4408,0.1756,0.2391,0.4156,2026-06
CUST1004952,0.5668,0.661,0.5251,0.252,0.3319,0.3533,2026-06
CUST1004953,0.2191,0.5232,0.1671,0.1841,0.3992,0.2598,2026-06
CUST1004954,0.2264,0.5712,0.1319,0.5946,0.0472,0.3037,2026-06
CUST1004955,0.531,0.6766,0.5082,0.1884,0.3598,0.4723,2026-06
CUST1004956,0.4972,0.4379,0.4364,0.1784,0.3652,0.6692,2026-06
CUST1004957,0.419,0.4115,0.3471,0.2087,0.4152,0.5256,2026-06
CUST1004958,0.27,0.3968,0.01,0.1098,0.1637,0.1602,2026-06
CUST1004959,0.09370000000000001,0.3693,0.5291,0.1604,0.3562,0.5107,2026-06
CUST1004960,0.2544,0.3997,0.408,0.01,0.3095,0.4718,2026-06
CUST1004961,0.2892,0.2351,0.3122,0.2747,0.1718,0.1545,2026-06
CUST1004962,0.2386,0.3367,0.4426,0.2121,0.3411,0.4384,2026-06
CUST1004963,0.2767,0.3324,0.0598,0.1538,0.2878,0.03,2026-06
CUST1004964,0.1528,0.2146,0.2988,0.1172,0.5014999999999999,0.2632,2026-06
CUST1004965,0.2017,0.5774,0.4217,0.2358,0.2222,0.3943,2026-06
CUST1004966,0.4659,0.5482,0.3441,0.0969,0.3277,0.3498,2026-06
CUST1004967,0.5477,0.5671,0.4109,0.2503,0.5812,0.2799,2026-06
CUST1004968,0.4059,0.5164,0.2402,0.1566,0.2958,0.0478,2026-06
CUST1004969,0.5154,0.4867,0.5391,0.07489999999999999,0.4524,0.3969,2026-06
CUST1004970,0.2181,0.2452,0.01,0.2707,0.2288,0.446,2026-06
CUST1004971,0.1382,0.4085,0.043,0.3067,0.1967,0.2537,2026-06
CUST1004972,0.2903,0.5394,0.4101,0.2681,0.2693,0.5134,2026-06
CUST1004973,0.4428,0.3255,0.2914,0.0626,0.4841,0.23,2026-06
CUST1004974,0.3014,0.4832,0.4628,0.1532,0.3416,0.2868,2026-06
CUST1004975,0.3241,0.4591,0.2745,0.2369,0.3339,0.3281,2026-06
CUST1004976,0.3903,0.4083,0.1977,0.1598,0.2951,0.076,2026-06
CUST1004977,0.3297,0.1111,0.2561,0.3394,0.4154,0.1782,2026-06
CUST1004978,0.09710000000000001,0.2695,0.211,0.0572,0.3737,0.4534,2026-06
CUST1004979,0.0584,0.4331,0.01,0.2185,0.3463,0.3213,2026-06
CUST1004980,0.299,0.411,0.5538999999999999,0.655,0.2068,0.3715,2026-06
CUST1004981,0.4589,0.4121,0.463,0.1671,0.3498,0.3206,2026-06
CUST1004982,0.3854,0.4251,0.4074,0.4828,0.1962,0.3039,2026-06
CUST1004983,0.3754,0.3981,0.5049,0.2642,0.3016,0.5319,2026-06
CUST1004984,0.4345,0.7429,0.2481,0.2996,0.234,0.4654,2026-06
CUST1004985,0.2305,0.4646,0.3849,0.2702,0.4601,0.3519,2026-06
CUST1004986,0.449,0.3814,0.3874,0.1358,0.6289,0.3768,2026-06
CUST1004987,0.4696,0.2999,0.172,0.1829,0.2617,0.0847,2026-06
CUST1004988,0.5211,0.4231,0.4651,0.2503,0.6165,0.4333,2026-06
CUST1004989,0.5041,0.3656,0.4057,0.1984,0.4074,0.4081,2026-06
CUST1004990,0.4846,0.4834,0.01,0.3354,0.1844,0.2755,2026-06
CUST1004991,0.1859,0.399,0.01,0.1845,0.1704,0.0562,2026-06
CUST1004992,0.2072,0.3751,0.4686,0.0847,0.4665,0.2473,2026-06
CUST1004993,0.3851,0.6587,0.1669,0.2379,0.3365,0.3915,2026-06
CUST1004994,0.2689,0.3564,0.5014,0.2455,0.2481,0.7482,2026-06
CUST1004995,0.3033,0.4306,0.4926,0.1271,0.454,0.1297,2026-06
CUST1004996,0.1674,0.5610000000000001,0.2725,0.1721,0.2304,0.3481,2026-06
CUST1004997,0.4036,0.4961,0.2439,0.6211,0.1693,0.2754,2026-06
CUST1004998,0.3395,0.4926,0.3646,0.0172,0.5169,0.3852,2026-06
CUST1004999,0.3204,0.4836,0.2856,0.1208,0.1918,0.3063,2026-06
CUST1005000,0.2719,0.5986,0.3249,0.5844,0.2234,0.2106,2026-06
CUST1005001,0.4026,0.7040999999999999,0.4461,0.1978,0.1936,0.2547,2026-06
CUST1005002,0.5968,0.3253,0.3902,0.2333,0.4081,0.0857,2026-06
CUST1005003,0.2884,0.456,0.4296,0.0331,0.5417,0.3543,2026-06
CUST1005004,0.3052,0.3336,0.4874,0.1769,0.4472,0.3522,2026-06
CUST1005005,0.2309,0.488,0.3297,0.2057,0.3799,0.2595,2026-06
CUST1005006,0.2116,0.236,0.2953,0.2057,0.2943,0.3225,2026-06
CUST1005007,0.4434,0.3147,0.273,0.0735,0.5414,0.3934,2026-06
CUST1005008,0.2534,0.5034999999999999,0.01,0.0108,0.2572,0.1081,2026-06
CUST1005009,0.2697,0.3867,0.2041,0.1013,0.3368,0.353,2026-06
CUST1005010,0.3875,0.216,0.262,0.2564,0.4416,0.01,2026-06
CUST1005011,0.5103,0.6742,0.525,0.2016,0.4534,0.4408,2026-06
CUST1005012,0.2218,0.4273,0.4358,0.2479,0.5484,0.2795,2026-06
CUST1005013,0.284,0.4882,0.3933,0.2255,0.3911,0.6395,2026-06
CUST1005014,0.2974,0.293,0.1277,0.1869,0.2836,0.1129,2026-06
CUST1005015,0.3095,0.2463,0.5129,0.3793,0.4895,0.3497,2026-06
CUST1005016,0.3351,0.6238,0.266,0.2041,0.4646,0.2419,2026-06
CUST1005017,0.5247000000000001,0.5114,0.4681,0.098,0.346,0.4172,2026-06
CUST1005018,0.4191,0.5877,0.2446,0.2149,0.3097,0.6271,2026-06
CUST1005019,0.0293,0.2453,0.01,0.1783,0.291,0.0345,2026-06
CUST1005020,0.4696,0.2907,0.2512,0.2527,0.6581,0.1449,2026-06
CUST1005021,0.5526,0.3549,0.4386,0.1381,0.487,0.2462,2026-06
CUST1005022,0.3077,0.4862,0.4364,0.2546,0.4497,0.4892,2026-06
CUST1005023,0.4303,0.5384,0.2838,0.06610000000000001,0.503,0.3775,2026-06
CUST1005024,0.3198,0.3674,0.4836,0.1029,0.3098,0.4483,2026-06
CUST1005025,0.1228,0.2348,0.1611,0.1784,0.4637,0.1824,2026-06
CUST1005026,0.264,0.5757,0.2493,0.1013,0.1745,0.555,2026-06
CUST1005027,0.5639,0.5198,0.4003,0.1218,0.3557,0.5013,2026-06
CUST1005028,0.4029,0.4426,0.0688,0.0775,0.2908,0.7129,2026-06
CUST1005029,0.3077,0.3871,0.2766,0.2483,0.3539,0.4237,2026-06
CUST1005030,0.2624,0.4442,0.2644,0.2411,0.361,0.3252,2026-06
CUST1005031,0.1834,0.2854,0.3071,0.1758,0.3098,0.6002999999999999,2026-06
CUST1005032,0.5582,0.48,0.3824,0.1215,0.4722,0.014,2026-06
CUST1005033,0.2286,0.1979,0.08110000000000001,0.0416,0.4555,0.3597,2026-06
CUST1005034,0.4753,0.6413,0.2153,0.06,0.09950000000000001,0.2389,2026-06
CUST1005035,0.4979,0.7295,0.2076,0.115,0.2036,0.4135,2026-06
CUST1005036,0.0385,0.2112,0.2314,0.08359999999999999,0.1678,0.3546,2026-06
CUST1005037,0.3455,0.5580000000000001,0.2603,0.1942,0.4215,0.33,2026-06
CUST1005038,0.3863,0.5491,0.3963,0.3849,0.5111,0.6119,2026-06
CUST1005039,0.3678,0.2835,0.1437,0.204,0.4656,0.01,2026-06
CUST1005040,0.5041,0.4504,0.4937,0.1242,0.5137,0.478,2026-06
CUST1005041,0.3953,0.5518,0.3842,0.2027,0.4175,0.6259,2026-06
CUST1005042,0.2549,0.5161,0.4116,0.2792,0.4615,0.4027,2026-06
CUST1005043,0.4238,0.4262,0.3505,0.2097,0.3243,0.32,2026-06
CUST1005044,0.1649,0.539,0.3186,0.0663,0.4162,0.4031,2026-06
CUST1005045,0.2238,0.3019,0.5362,0.2921,0.3524,0.4492,2026-06
CUST1005046,0.4535,0.499,0.0264,0.0271,0.2792,0.1013,2026-06
CUST1005047,0.3458,0.1754,0.1861,0.1674,0.2881,0.1867,2026-06
CUST1005048,0.4557,0.672,0.1909,0.3768,0.2723,0.3841,2026-06
CUST1005049,0.2428,0.3965,0.4708,0.2395,0.455,0.5502,2026-06
CUST1005050,0.0203,0.3877,0.4723,0.2081,0.3694,0.4041,2026-06
CUST1005051,0.3638,0.5079,0.4346,0.2259,0.3376,0.6158,2026-06
CUST1005052,0.2412,0.1839,0.2973,0.1333,0.361,0.08890000000000001,2026-06
CUST1005053,0.488,0.5226,0.5888,0.1991,0.4325,0.4283,2026-06
CUST1005054,0.2507,0.4917,0.4366,0.2618,0.1825,0.3304,2026-06
CUST1005055,0.3437,0.2317,0.4101,0.1832,0.2386,0.4134,2026-06
CUST1005056,0.266,0.4897,0.4455,0.09760000000000001,0.5067,0.3621,2026-06
CUST1005057,0.4968,0.545,0.4461,0.0125,0.4387,0.5531,2026-06
CUST1005058,0.3174,0.3073,0.2775,0.1908,0.2188,0.6341,2026-06
CUST1005059,0.3071,0.6215000000000001,0.2209,0.6363,0.2735,0.2831,2026-06
CUST1005060,0.1714,0.1211,0.01,0.4843,0.1387,0.2195,2026-06
CUST1005061,0.2903,0.5194,0.1999,0.1782,0.3632,0.4589,2026-06
CUST1005062,0.5152,0.508,0.4344,0.2092,0.4425,0.327,2026-06
CUST1005063,0.2765,0.5416,0.1224,0.1643,0.3014,0.1629,2026-06
CUST1005064,0.5674,0.5083,0.3415,0.01,0.1923,0.1646,2026-06
CUST1005065,0.2756,0.4642,0.1434,0.1514,0.5619,0.4496,2026-06
CUST1005066,0.0639,0.3831,0.2236,0.137,0.3102,0.2561,2026-06
CUST1005067,0.4116,0.4019,0.5158,0.138,0.2217,0.4462,2026-06
CUST1005068,0.4787,0.4199,0.4294,0.3064,0.3283,0.3489,2026-06
CUST1005069,0.4974,0.4669,0.2246,0.0107,0.4057,0.3929,2026-06
CUST1005070,0.3103,0.174,0.1204,0.2157,0.2475,0.2844,2026-06
CUST1005071,0.5815,0.6929,0.3667,0.2776,0.4938,0.4448,2026-06
CUST1005072,0.2588,0.5506,0.3719,0.1418,0.228,0.4116,2026-06
CUST1005073,0.0447,0.1422,0.1743,0.2182,0.5842000000000001,0.1311,2026-06
CUST1005074,0.4875,0.555,0.2798,0.0217,0.3909,0.266,2026-06
CUST1005075,0.3193,0.1326,0.2999,0.2565,0.4673,0.2668,2026-06
CUST1005076,0.4355,0.4435,0.4742,0.1221,0.3499,0.3961,2026-06
CUST1005077,0.5941,0.4225,0.3537,0.1636,0.5155999999999999,0.3884,2026-06
CUST1005078,0.3326,0.539,0.0905,0.1455,0.2658,0.4796,2026-06
CUST1005079,0.3958,0.484,0.2633,0.2268,0.3394,0.5171,2026-06
CUST1005080,0.4664,0.5478,0.5003,0.2228,0.6195000000000001,0.5127,2026-06
CUST1005081,0.4991,0.5815,0.2631,0.1854,0.1599,0.4402,2026-06
CUST1005082,0.476,0.4534,0.4777,0.2258,0.3771,0.3988,2026-06
CUST1005083,0.5205,0.6079,0.5696,0.1805,0.2524,0.2199,2026-06
CUST1005084,0.235,0.3351,0.3804,0.0718,0.4663,0.5826,2026-06
CUST1005085,0.3452,0.5522,0.4571,0.138,0.3512,0.7366,2026-06
CUST1005086,0.3035,0.638,0.0578,0.1726,0.3365,0.6558,2026-06
CUST1005087,0.4245,0.5458,0.4645,0.254,0.3836,0.5334,2026-06
CUST1005088,0.5346,0.2306,0.351,0.1972,0.2967,0.1007,2026-06
CUST1005089,0.2473,0.1963,0.1893,0.2065,0.5809,0.2965,2026-06
CUST1005090,0.4414,0.3731,0.1563,0.1163,0.5062,0.3928,2026-06
CUST1005091,0.5228,0.5678,0.3735,0.1967,0.2735,0.4605,2026-06
CUST1005092,0.4976,0.4356,0.0823,0.5824,0.2942,0.2897,2026-06
CUST1005093,0.3734,0.4442,0.2967,0.203,0.3522,0.5017,2026-06
CUST1005094,0.1347,0.7433999999999999,0.309,0.3385,0.1638,0.4502,2026-06
CUST1005095,0.2647,0.4464,0.0487,0.0809,0.1151,0.2037,2026-06
CUST1005096,0.5333,0.4971,0.3558,0.2646,0.3221,0.3984,2026-06
CUST1005097,0.2387,0.278,0.2912,0.5625,0.453,0.3688,2026-06
CUST1005098,0.2774,0.653,0.1328,0.1157,0.1761,0.2405,2026-06
CUST1005099,0.1585,0.1422,0.4365,0.1758,0.2711,0.2181,2026-06
CUST1005100,0.2951,0.1452,0.01,0.09130000000000001,0.5039,0.0172,2026-06
CUST1005101,0.5841,0.4484,0.477,0.1865,0.2414,0.4293,2026-06
CUST1005102,0.4316,0.3099,0.4874,0.162,0.3336,0.5168,2026-06
CUST1005103,0.3135,0.1653,0.2432,0.2221,0.3364,0.1189,2026-06
CUST1005104,0.3764,0.7022,0.2153,0.2168,0.2675,0.4587,2026-06
CUST1005105,0.3703,0.3431,0.388,0.6984,0.1731,0.1253,2026-06
CUST1005106,0.5477,0.636,0.379,0.212,0.3241,0.6411,2026-06
CUST1005107,0.5999,0.5655,0.2711,0.206,0.1921,0.7026,2026-06
CUST1005108,0.3523,0.3454,0.4927,0.0746,0.2988,0.3756,2026-06
CUST1005109,0.5662,0.2952,0.2066,0.2501,0.4214,0.09710000000000001,2026-06
CUST1005110,0.2672,0.4281,0.3874,0.5331,0.3169,0.4092,2026-06
CUST1005111,0.5484,0.4123,0.406,0.1324,0.5894,0.198,2026-06
CUST1005112,0.2234,0.3583,0.3125,0.2133,0.3325,0.7099,2026-06
CUST1005113,0.0975,0.3924,0.1466,0.1887,0.3725,0.3762,2026-06
CUST1005114,0.3744,0.4856,0.3376,0.178,0.3066,0.4074,2026-06
CUST1005115,0.4949,0.7171999999999999,0.2162,0.2616,0.2204,0.4527,2026-06
CUST1005116,0.6382,0.5789,0.266,0.5063,0.2125,0.4521,2026-06
CUST1005117,0.3573,0.4176,0.3729,0.3648,0.1549,0.5733,2026-06
CUST1005118,0.3654,0.7205,0.1843,0.408,0.3284,0.466,2026-06
CUST1005119,0.3009,0.4522,0.1748,0.1857,0.5396,0.3204,2026-06
CUST1005120,0.2796,0.6727,0.2035,0.1896,0.2597,0.4362,2026-06
CUST1005121,0.1357,0.5537,0.2625,0.2455,0.1115,0.2825,2026-06
CUST1005122,0.3468,0.5001,0.1748,0.3224,0.4196,0.3149,2026-06
CUST1005123,0.3269,0.3821,0.4258,0.1273,0.174,0.2902,2026-06
CUST1005124,0.4741,0.6493,0.2943,0.044,0.3991,0.4332,2026-06
CUST1005125,0.4873,0.6588000000000001,0.3764,0.2075,0.2417,0.5397,2026-06
CUST1005126,0.2942,0.6391,0.3003,0.2766,0.1484,0.5209,2026-06
CUST1005127,0.3408,0.5476,0.01,0.1191,0.2646,0.1608,2026-06
CUST1005128,0.3614,0.5301,0.1839,0.2228,0.2514,0.6767,2026-06
CUST1005129,0.491,0.3731,0.1665,0.1306,0.4025,0.1303,2026-06
CUST1005130,0.183,0.4488,0.477,0.1403,0.4279,0.4578,2026-06
CUST1005131,0.5226,0.3722,0.1282,0.1817,0.5026,0.1466,2026-06
CUST1005132,0.4977,0.5262,0.2422,0.1733,0.2661,0.1665,2026-06
CUST1005133,0.4175,0.1601,0.2326,0.1019,0.2694,0.0978,2026-06
CUST1005134,0.1516,0.2758,0.2775,0.06909999999999999,0.4195,0.4674,2026-06
CUST1005135,0.6022999999999999,0.602,0.1967,0.2194,0.2487,0.4973,2026-06
CUST1005136,0.5878,0.5157,0.5411,0.2496,0.212,0.6554,2026-06
CUST1005137,0.5002,0.5729,0.5459000000000001,0.1281,0.5194,0.4512,2026-06
CUST1005138,0.2998,0.4122,0.5743,0.2486,0.4183,0.5168,2026-06
CUST1005139,0.3383,0.3962,0.1485,0.2694,0.2375,0.2562,2026-06
CUST1005140,0.4153,0.6114000000000001,0.329,0.278,0.368,0.5165,2026-06
CUST1005141,0.4764,0.4609,0.4256,0.2132,0.4137,0.4427,2026-06
CUST1005142,0.3193,0.4781,0.4201,0.0212,0.5446,0.6643,2026-06
CUST1005143,0.3277,0.3812,0.5544,0.262,0.3812,0.6845,2026-06
CUST1005144,0.0984,0.1457,0.0623,0.2299,0.5026,0.0379,2026-06
CUST1005145,0.3156,0.1393,0.1916,0.3056,0.5448,0.1417,2026-06
CUST1005146,0.3127,0.4659,0.4437,0.1508,0.4641,0.4981,2026-06
CUST1005147,0.07679999999999999,0.62,0.1586,0.2311,0.1388,0.3353,2026-06
CUST1005148,0.4735,0.3404,0.1022,0.1495,0.5532,0.1428,2026-06
CUST1005149,0.4012,0.5582,0.2725,0.6012999999999999,0.3058,0.1459,2026-06
CUST1005150,0.4369,0.6365,0.4471,0.1038,0.2949,0.2873,2026-06
CUST1005151,0.2945,0.3616,0.3805,0.1442,0.3852,0.0716,2026-06
CUST1005152,0.01,0.5995,0.2106,0.2117,0.2357,0.5877,2026-06
CUST1005153,0.0954,0.6914,0.0688,0.1218,0.0454,0.3944,2026-06
CUST1005154,0.1548,0.4286,0.2054,0.274,0.2963,0.5556,2026-06
CUST1005155,0.6016,0.5794,0.4225,0.1626,0.4463,0.6875,2026-06
CUST1005156,0.3195,0.3389,0.0882,0.0611,0.1723,0.4907,2026-06
CUST1005157,0.3704,0.2406,0.313,0.2148,0.1199,0.0861,2026-06
CUST1005158,0.1818,0.1561,0.346,0.3457,0.196,0.2411,2026-06
CUST1005159,0.4984,0.777,0.2253,0.2717,0.3145,0.3748,2026-06
CUST1005160,0.3966,0.7288,0.2953,0.0757,0.1674,0.486,2026-06
CUST1005161,0.1203,0.7125,0.1483,0.2494,0.3649,0.3807,2026-06
CUST1005162,0.0211,0.3308,0.2898,0.2491,0.2259,0.2734,2026-06
CUST1005163,0.3212,0.6133999999999999,0.3142,0.2051,0.2879,0.3666,2026-06
CUST1005164,0.4811,0.2433,0.3355,0.2548,0.3724,0.0963,2026-06
CUST1005165,0.5014,0.3633,0.2606,0.6606,0.2929,0.2478,2026-06
CUST1005166,0.3249,0.6971000000000001,0.5486,0.01,0.4717,0.4075,2026-06
CUST1005167,0.2908,0.4571,0.2177,0.1738,0.2598,0.1339,2026-06
CUST1005168,0.5262,0.8117,0.3754,0.1581,0.3639,0.2378,2026-06
CUST1005169,0.5407,0.3642,0.3727,0.289,0.1871,0.01,2026-06
CUST1005170,0.3387,0.1473,0.3262,0.2244,0.2951,0.2205,2026-06
CUST1005171,0.01,0.3647,0.01,0.1297,0.1557,0.254,2026-06
CUST1005172,0.4522,0.3891,0.3647,0.0796,0.4444,0.7214,2026-06
CUST1005173,0.1954,0.6431,0.263,0.238,0.3231,0.2316,2026-06
CUST1005174,0.3007,0.4288,0.2236,0.0922,0.5132,0.2945,2026-06
CUST1005175,0.3063,0.5638,0.1237,0.159,0.2432,0.5321,2026-06
CUST1005176,0.3242,0.5492,0.2345,0.2459,0.2282,0.387,2026-06
CUST1005177,0.2431,0.4146,0.2935,0.1585,0.3644,0.5478,2026-06
CUST1005178,0.0518,0.1582,0.0818,0.1045,0.4552,0.0243,2026-06
CUST1005179,0.3486,0.4129,0.4303,0.164,0.53,0.4826,2026-06
CUST1005180,0.33,0.555,0.2767,0.0185,0.2902,0.3055,2026-06
CUST1005181,0.392,0.6574,0.5585,0.1457,0.3537,0.6356000000000001,2026-06
CUST1005182,0.248,0.6085,0.2746,0.1361,0.2791,0.2542,2026-06
CUST1005183,0.3172,0.4321,0.0688,0.2902,0.294,0.3605,2026-06
CUST1005184,0.531,0.543,0.4008,0.1094,0.3764,0.1672,2026-06
CUST1005185,0.3819,0.4528,0.3882,0.2084,0.4298,0.4976,2026-06
CUST1005186,0.7353,0.7274,0.275,0.1735,0.2827,0.5321,2026-06
CUST1005187,0.3123,0.5655,0.01,0.2462,0.2802,0.1747,2026-06
CUST1005188,0.0752,0.2434,0.153,0.0684,0.2926,0.2532,2026-06
CUST1005189,0.3649,0.4463,0.3704,0.2047,0.5264,0.2802,2026-06
CUST1005190,0.2593,0.4775,0.0202,0.1604,0.262,0.4351,2026-06
CUST1005191,0.1264,0.3183,0.0322,0.1287,0.222,0.0886,2026-06
CUST1005192,0.3363,0.3165,0.3462,0.1653,0.0746,0.39,2026-06
CUST1005193,0.3203,0.0877,0.053,0.2589,0.4628,0.1334,2026-06
CUST1005194,0.5675,0.3957,0.4063,0.3434,0.2459,0.1793,2026-06
CUST1005195,0.2525,0.2781,0.5016,0.5458,0.3719,0.3558,2026-06
CUST1005196,0.2512,0.3782,0.3258,0.0114,0.2387,0.0598,2026-06
CUST1005197,0.029,0.3699,0.5492,0.0574,0.3116,0.5394,2026-06
CUST1005198,0.2092,0.2766,0.01,0.1776,0.4429,0.4575,2026-06
CUST1005199,0.2487,0.4798,0.5049,0.143,0.2578,0.4853,2026-06
CUST1005200,0.3502,0.4948,0.3744,0.1691,0.3558,0.3194,2026-06
CUST1005201,0.5137,0.8063,0.3524,0.1,0.2116,0.5317,2026-06
CUST1005202,0.2679,0.2485,0.4699,0.1641,0.3538,0.5787,2026-06
CUST1005203,0.4031,0.6892,0.4031,0.1033,0.243,0.3459,2026-06
CUST1005204,0.1528,0.1221,0.07820000000000001,0.1613,0.628,0.0221,2026-06
CUST1005205,0.3518,0.3414,0.1179,0.2452,0.483,0.3337,2026-06
CUST1005206,0.2131,0.5656,0.1849,0.289,0.4123,0.2427,2026-06
CUST1005207,0.2696,0.2818,0.01,0.1472,0.186,0.2332,2026-06
CUST1005208,0.3685,0.3737,0.39,0.1795,0.2911,0.5255,2026-06
CUST1005209,0.2921,0.6973,0.303,0.1407,0.1159,0.2514,2026-06
CUST1005210,0.1302,0.2288,0.1386,0.5647,0.2956,0.2052,2026-06
CUST1005211,0.4897,0.6595,0.3264,0.0591,0.3169,0.357,2026-06
CUST1005212,0.5014999999999999,0.5222,0.132,0.1614,0.2552,0.1121,2026-06
CUST1005213,0.0617,0.5148,0.4497,0.1463,0.3847,0.3436,2026-06
CUST1005214,0.5844,0.619,0.5944,0.2386,0.6613,0.2093,2026-06
CUST1005215,0.1525,0.4054,0.01,0.6373,0.1571,0.01,2026-06
CUST1005216,0.3805,0.4145,0.3306,0.1599,0.452,0.5907,2026-06
CUST1005217,0.3624,0.5651,0.1943,0.0536,0.1733,0.2025,2026-06
CUST1005218,0.2126,0.1073,0.2653,0.2693,0.4915,0.01,2026-06
CUST1005219,0.5266,0.6742,0.4376,0.111,0.3233,0.3684,2026-06
CUST1005220,0.4466,0.5152,0.2154,0.1097,0.3232,0.4215,2026-06
CUST1005221,0.2138,0.2406,0.3328,0.2194,0.3196,0.1953,2026-06
CUST1005222,0.4918,0.6788,0.3775,0.1501,0.2337,0.3082,2026-06
CUST1005223,0.3937,0.4371,0.3991,0.1844,0.3913,0.5292,2026-06
CUST1005224,0.1732,0.3672,0.1117,0.1061,0.4879,0.6618000000000001,2026-06
CUST1005225,0.1669,0.1312,0.2542,0.1149,0.1787,0.1959,2026-06
CUST1005226,0.2447,0.5928,0.1002,0.2513,0.2147,0.2979,2026-06
CUST1005227,0.3399,0.5726,0.289,0.1353,0.2393,0.4226,2026-06
CUST1005228,0.5175999999999999,0.5179,0.362,0.098,0.517,0.4781,2026-06
CUST1005229,0.3867,0.3311,0.5145999999999999,0.2195,0.3453,0.7461,2026-06
CUST1005230,0.4013,0.5853,0.4592,0.1374,0.5955,0.499,2026-06
CUST1005231,0.1275,0.3958,0.3056,0.1296,0.6052,0.3555,2026-06
CUST1005232,0.439,0.5295,0.3985,0.2729,0.2867,0.491,2026-06
CUST1005233,0.2522,0.29,0.2731,0.1846,0.5898,0.08799999999999999,2026-06
CUST1005234,0.2986,0.4959,0.3737,0.1909,0.5694,0.3388,2026-06
CUST1005235,0.4067,0.3059,0.01,0.1491,0.3807,0.1393,2026-06
CUST1005236,0.3448,0.2245,0.2245,0.2155,0.3173,0.0586,2026-06
CUST1005237,0.5827,0.3912,0.1183,0.01,0.2916,0.1375,2026-06
CUST1005238,0.4364,0.1991,0.3739,0.07149999999999999,0.4928,0.1738,2026-06
CUST1005239,0.2545,0.3596,0.1775,0.1718,0.2821,0.1396,2026-06
CUST1005240,0.3131,0.1255,0.2283,0.1025,0.5799,0.0545,2026-06
CUST1005241,0.3819,0.4762,0.5383,0.1322,0.4627,0.7009,2026-06
CUST1005242,0.2858,0.5879,0.1748,0.1383,0.1139,0.4624,2026-06
CUST1005243,0.4196,0.644,0.359,0.1961,0.3845,0.2428,2026-06
CUST1005244,0.5435,0.4005,0.4561,0.2232,0.2719,0.4879,2026-06
CUST1005245,0.3696,0.578,0.2415,0.0973,0.3829,0.5043,2026-06
CUST1005246,0.2219,0.3348,0.2802,0.7361,0.3294,0.4874,2026-06
CUST1005247,0.4783,0.2428,0.1361,0.1068,0.2304,0.1105,2026-06
CUST1005248,0.5521,0.4017,0.439,0.1227,0.6766,0.507,2026-06
CUST1005249,0.2475,0.2811,0.1254,0.2128,0.4877,0.2153,2026-06
CUST1005250,0.1678,0.373,0.5111,0.0473,0.379,0.5188,2026-06
CUST1005251,0.2734,0.5098,0.2501,0.1541,0.32,0.3062,2026-06
CUST1005252,0.5039,0.6271,0.3871,0.2102,0.441,0.4106,2026-06
CUST1005253,0.215,0.13,0.2687,0.229,0.3315,0.116,2026-06
CUST1005254,0.458,0.3672,0.2239,0.2607,0.4945,0.5647,2026-06
CUST1005255,0.5567,0.4487,0.4003,0.1692,0.5474,0.3391,2026-06
CUST1005256,0.1832,0.1319,0.3817,0.1765,0.3993,0.2591,2026-06
CUST1005257,0.4587,0.6282,0.34,0.2311,0.3607,0.4884,2026-06
CUST1005258,0.4095,0.5306,0.4888,0.0613,0.471,0.775,2026-06
CUST1005259,0.52,0.3764,0.5304,0.1895,0.5442,0.3888,2026-06
CUST1005260,0.0945,0.4694,0.5361,0.192,0.4089,0.3291,2026-06
CUST1005261,0.1359,0.2336,0.0897,0.3439,0.4599,0.093,2026-06
CUST1005262,0.3937,0.2483,0.3346,0.1495,0.4191,0.1844,2026-06
CUST1005263,0.5466,0.5264,0.402,0.1581,0.4878,0.4417,2026-06
CUST1005264,0.3874,0.113,0.0781,0.1367,0.3347,0.1589,2026-06
CUST1005265,0.5886,0.5734,0.2322,0.3128,0.1912,0.505,2026-06
CUST1005266,0.5188,0.4238,0.4836,0.0949,0.3943,0.6373,2026-06
CUST1005267,0.2347,0.3408,0.5308,0.1078,0.3869,0.3884,2026-06
CUST1005268,0.3742,0.3848,0.3682,0.1728,0.2447,0.6757,2026-06
CUST1005269,0.1842,0.1735,0.3705,0.1714,0.3947,0.2001,2026-06
CUST1005270,0.2566,0.534,0.4387,0.2175,0.4552,0.2119,2026-06
CUST1005271,0.1004,0.1036,0.0177,0.214,0.4771,0.1301,2026-06
CUST1005272,0.4661,0.5002,0.2827,0.0946,0.299,0.5502,2026-06
CUST1005273,0.4114,0.3125,0.1412,0.2722,0.5228,0.4527,2026-06
CUST1005274,0.131,0.2159,0.3713,0.6737,0.1483,0.01,2026-06
CUST1005275,0.3996,0.5462,0.1399,0.3224,0.2419,0.7321,2026-06
CUST1005276,0.3789,0.5667,0.3978,0.1589,0.3585,0.3213,2026-06
CUST1005277,0.3241,0.2798,0.2948,0.1771,0.2855,0.1829,2026-06
CUST1005278,0.2402,0.5128,0.1827,0.3273,0.3205,0.2733,2026-06
CUST1005279,0.2155,0.4088,0.2407,0.2603,0.4274,0.4993,2026-06
CUST1005280,0.4828,0.452,0.3731,0.181,0.3639,0.5217000000000001,2026-06
CUST1005281,0.2912,0.7103,0.1802,0.4995,0.0785,0.5259,2026-06
CUST1005282,0.1206,0.4403,0.2673,0.3241,0.2765,0.6391,2026-06
CUST1005283,0.4859,0.7292999999999999,0.1825,0.2987,0.3224,0.3918,2026-06
CUST1005284,0.3241,0.1591,0.3203,0.2714,0.3164,0.1145,2026-06
CUST1005285,0.5778,0.3775,0.4072,0.2308,0.3467,0.5206,2026-06
CUST1005286,0.343,0.4869,0.2698,0.1764,0.6813,0.497,2026-06
CUST1005287,0.3284,0.421,0.2083,0.0362,0.2682,0.0765,2026-06
CUST1005288,0.2172,0.2011,0.2778,0.2331,0.3892,0.1203,2026-06
CUST1005289,0.1198,0.2771,0.3707,0.1575,0.3952,0.5522,2026-06
CUST1005290,0.2773,0.1214,0.3816,0.3073,0.3261,0.0623,2026-06
CUST1005291,0.5439000000000001,0.426,0.479,0.2198,0.2935,0.3674,2026-06
CUST1005292,0.3336,0.6657,0.1776,0.06610000000000001,0.1617,0.4305,2026-06
CUST1005293,0.2652,0.4885,0.0353,0.3202,0.1732,0.207,2026-06
CUST1005294,0.5299,0.4915,0.4786,0.1861,0.3566,0.2793,2026-06
CUST1005295,0.3552,0.4726,0.1525,0.1638,0.3668,0.0602,2026-06
CUST1005296,0.2533,0.1173,0.2802,0.1792,0.4348,0.0888,2026-06
CUST1005297,0.4734,0.5179,0.6089,0.0906,0.3026,0.3822,2026-06
CUST1005298,0.5729,0.5833,0.2607,0.1315,0.3058,0.3599,2026-06
CUST1005299,0.1709,0.5263,0.3208,0.2342,0.4175,0.1338,2026-06
CUST1005300,0.5646,0.6044,0.3139,0.2048,0.2608,0.3538,2026-06
CUST1005301,0.2713,0.488,0.4404,0.1222,0.3958,0.5027,2026-06
CUST1005302,0.4029,0.1125,0.1953,0.1116,0.386,0.1284,2026-06
CUST1005303,0.2622,0.5173,0.01,0.187,0.254,0.1017,2026-06
CUST1005304,0.3644,0.135,0.1309,0.1689,0.513,0.3613,2026-06
CUST1005305,0.4059,0.7187,0.3727,0.1624,0.247,0.3321,2026-06
CUST1005306,0.5016,0.5144,0.075,0.2321,0.4289,0.2172,2026-06
CUST1005307,0.4124,0.4257,0.5052,0.09329999999999999,0.4382,0.3338,2026-06
CUST1005308,0.3867,0.4068,0.5536,0.532,0.1563,0.5936,2026-06
CUST1005309,0.4226,0.5354,0.4049,0.169,0.4031,0.5013,2026-06
CUST1005310,0.2555,0.1575,0.1279,0.0698,0.5413,0.2225,2026-06
CUST1005311,0.3606,0.5977,0.4351,0.0796,0.3561,0.3883,2026-06
CUST1005312,0.5537,0.6293,0.3034,0.1703,0.3467,0.4168,2026-06
CUST1005313,0.6236,0.5004999999999999,0.4218,0.219,0.4037,0.2611,2026-06
CUST1005314,0.3046,0.23,0.4253,0.1519,0.4059,0.458,2026-06
CUST1005315,0.4311,0.4345,0.368,0.2227,0.3279,0.6296,2026-06
CUST1005316,0.4766,0.6596,0.1833,0.1718,0.3194,0.4532,2026-06
CUST1005317,0.4047,0.7501,0.4473,0.2866,0.2203,0.5987,2026-06
CUST1005318,0.0338,0.4125,0.3913,0.1238,0.5467,0.3854,2026-06
CUST1005319,0.2624,0.6341,0.125,0.2244,0.239,0.315,2026-06
CUST1005320,0.5461,0.4074,0.3651,0.1854,0.7175,0.4476,2026-06
CUST1005321,0.3265,0.327,0.3476,0.1449,0.4266,0.4856,2026-06
CUST1005322,0.1525,0.263,0.2645,0.1289,0.6031,0.2063,2026-06
CUST1005323,0.3076,0.5009,0.1848,0.1666,0.1254,0.6979,2026-06
CUST1005324,0.2714,0.6608000000000001,0.1738,0.1713,0.1922,0.5786,2026-06
CUST1005325,0.4228,0.448,0.5239,0.1792,0.4019,0.4865,2026-06
CUST1005326,0.4869,0.7008,0.2872,0.1439,0.2444,0.3161,2026-06
CUST1005327,0.541,0.4182,0.5406,0.175,0.3518,0.3277,2026-06
CUST1005328,0.2361,0.4455,0.3363,0.1513,0.3669,0.3889,2026-06
CUST1005329,0.4264,0.5767,0.2694,0.3094,0.2452,0.3223,2026-06
CUST1005330,0.3218,0.4044,0.4674,0.2971,0.3268,0.5767,2026-06
CUST1005331,0.4468,0.5779,0.3468,0.244,0.4203,0.4095,2026-06
CUST1005332,0.392,0.425,0.3874,0.2353,0.4862,0.5819,2026-06
CUST1005333,0.2995,0.4782,0.2021,0.1037,0.1374,0.0649,2026-06
CUST1005334,0.3157,0.2597,0.2603,0.0434,0.2312,0.3202,2026-06
CUST1005335,0.5506,0.2976,0.3094,0.2631,0.494,0.1018,2026-06
CUST1005336,0.514,0.6495,0.1868,0.1365,0.3089,0.3658,2026-06
CUST1005337,0.5302,0.7492,0.1903,0.1594,0.2999,0.6014,2026-06
CUST1005338,0.4294,0.6234,0.305,0.1957,0.1658,0.5395,2026-06
CUST1005339,0.4565,0.3236,0.2358,0.6289,0.2998,0.4198,2026-06
CUST1005340,0.2967,0.3113,0.01,0.0878,0.2572,0.2073,2026-06
CUST1005341,0.2907,0.3005,0.3248,0.1237,0.4831,0.4307,2026-06
CUST1005342,0.2041,0.619,0.2698,0.2092,0.4831,0.4926,2026-06
CUST1005343,0.5778,0.366,0.192,0.08649999999999999,0.3759,0.0746,2026-06
CUST1005344,0.1834,0.3721,0.2546,0.09470000000000001,0.3211,0.3438,2026-06
CUST1005345,0.3342,0.5452,0.4952,0.1415,0.3252,0.4886,2026-06
CUST1005346,0.2865,0.4516,0.4627,0.2288,0.4559,0.4522,2026-06
CUST1005347,0.2012,0.2382,0.2953,0.426,0.295,0.2054,2026-06
CUST1005348,0.3147,0.2927,0.5279,0.1993,0.3205,0.3715,2026-06
CUST1005349,0.4288,0.7665999999999999,0.2007,0.353,0.2488,0.4565,2026-06
CUST1005350,0.4031,0.4613,0.322,0.6701,0.3511,0.01,2026-06
CUST1005351,0.3479,0.2773,0.1995,0.3098,0.3227,0.1264,2026-06
CUST1005352,0.2489,0.2915,0.0203,0.01,0.3108,0.01,2026-06
CUST1005353,0.1209,0.4358,0.4647,0.2158,0.3759,0.5284,2026-06
CUST1005354,0.6318,0.3565,0.3257,0.053,0.2699,0.1619,2026-06
CUST1005355,0.4821,0.4293,0.402,0.0799,0.3141,0.4454,2026-06
CUST1005356,0.2811,0.5083,0.2869,0.2442,0.2985,0.1792,2026-06
CUST1005357,0.3283,0.4049,0.057,0.1539,0.2313,0.146,2026-06
CUST1005358,0.3981,0.2552,0.2955,0.7445000000000001,0.483,0.2623,2026-06
CUST1005359,0.3299,0.3335,0.4102,0.2325,0.2961,0.3029,2026-06
CUST1005360,0.331,0.3731,0.389,0.1753,0.3734,0.3941,2026-06
CUST1005361,0.2714,0.3291,0.2962,0.146,0.349,0.1206,2026-06
CUST1005362,0.3699,0.3029,0.5132,0.6026,0.3465,0.3598,2026-06
CUST1005363,0.3753,0.5077,0.01,0.2007,0.2469,0.1196,2026-06
CUST1005364,0.3026,0.5754,0.2366,0.1152,0.2137,0.3165,2026-06
CUST1005365,0.5217000000000001,0.4268,0.5315,0.1013,0.3181,0.3701,2026-06
CUST1005366,0.3719,0.1346,0.3455,0.1681,0.3552,0.151,2026-06
CUST1005367,0.2492,0.5779,0.3046,0.1427,0.184,0.4035,2026-06
CUST1005368,0.4162,0.4221,0.3081,0.4966,0.3266,0.1738,2026-06
CUST1005369,0.3939,0.6418,0.4991,0.1918,0.4437,0.5785,2026-06
CUST1005370,0.3788,0.1123,0.2858,0.2296,0.3255,0.0432,2026-06
CUST1005371,0.4453,0.5951,0.2042,0.1262,0.3731,0.353,2026-06
CUST1005372,0.2738,0.4715,0.3014,0.1627,0.2653,0.448,2026-06
CUST1005373,0.3404,0.4635,0.5054999999999999,0.0608,0.2099,0.3446,2026-06
CUST1005374,0.4521,0.5133,0.3368,0.2043,0.5505,0.3537,2026-06
CUST1005375,0.6069,0.281,0.1848,0.1872,0.3503,0.239,2026-06
CUST1005376,0.2441,0.5891,0.4192,0.2223,0.309,0.374,2026-06
CUST1005377,0.344,0.6817,0.1619,0.1003,0.2773,0.3431,2026-06
CUST1005378,0.1737,0.2714,0.4207,0.1532,0.2485,0.5681,2026-06
CUST1005379,0.2097,0.5936,0.1994,0.2096,0.2691,0.3302,2026-06
CUST1005380,0.1857,0.4923,0.4936,0.1896,0.4844,0.6388,2026-06
CUST1005381,0.5903,0.5817,0.4002,0.0977,0.2649,0.5623,2026-06
CUST1005382,0.3951,0.7276,0.2726,0.191,0.3225,0.3861,2026-06
CUST1005383,0.4187,0.7379,0.2278,0.2281,0.193,0.3679,2026-06
CUST1005384,0.2031,0.6081,0.2753,0.2643,0.2875,0.3841,2026-06
CUST1005385,0.0927,0.4587,0.0463,0.1834,0.2523,0.07870000000000001,2026-06
CUST1005386,0.5381,0.6064000000000001,0.5152,0.1926,0.3981,0.2493,2026-06
CUST1005387,0.261,0.06560000000000001,0.1176,0.192,0.0606,0.3573,2026-06
CUST1005388,0.5018,0.5059,0.5959,0.1661,0.3835,0.4791,2026-06
CUST1005389,0.1946,0.5841,0.2318,0.3866,0.1443,0.4891,2026-06
CUST1005390,0.4975,0.57,0.5308,0.1846,0.6004,0.4304,2026-06
CUST1005391,0.4642,0.3648,0.01,0.1906,0.3675,0.1448,2026-06
CUST1005392,0.3157,0.4063,0.3441,0.1639,0.3101,0.3181,2026-06
CUST1005393,0.2113,0.5155999999999999,0.4806,0.0955,0.4891,0.4011,2026-06
CUST1005394,0.5507,0.7428,0.4287,0.2852,0.305,0.645,2026-06
CUST1005395,0.5051,0.4934,0.2885,0.01,0.3769,0.3639,2026-06
CUST1005396,0.2574,0.146,0.1832,0.6267,0.3238,0.1541,2026-06
CUST1005397,0.3625,0.3663,0.1919,0.08840000000000001,0.162,0.4387,2026-06
CUST1005398,0.2877,0.6056,0.194,0.3147,0.3278,0.3487,2026-06
CUST1005399,0.271,0.4703,0.3206,0.1492,0.2059,0.4274,2026-06
CUST1005400,0.2333,0.3503,0.0801,0.0767,0.3085,0.443,2026-06
CUST1005401,0.3568,0.3753,0.3649,0.1733,0.3124,0.3932,2026-06
CUST1005402,0.5207000000000001,0.5254,0.2614,0.7751,0.2798,0.4412,2026-06
CUST1005403,0.4384,0.8295,0.3763,0.1522,0.4112,0.3887,2026-06
CUST1005404,0.54,0.3241,0.333,0.5753,0.3249,0.4885,2026-06
CUST1005405,0.2652,0.6022,0.4672,0.3208,0.5135999999999999,0.5311,2026-06
CUST1005406,0.3225,0.2653,0.1036,0.01,0.3461,0.1892,2026-06
CUST1005407,0.2952,0.7385,0.2679,0.2042,0.3495,0.5858,2026-06
CUST1005408,0.4418,0.5494,0.2987,0.061,0.4373,0.3959,2026-06
CUST1005409,0.3497,0.4951,0.2412,0.3004,0.3482,0.4544,2026-06
CUST1005410,0.1144,0.2749,0.0645,0.2019,0.5083,0.0793,2026-06
CUST1005411,0.2209,0.2335,0.01,0.1582,0.2317,0.2006,2026-06
CUST1005412,0.3937,0.368,0.3649,0.0864,0.4077,0.3883,2026-06
CUST1005413,0.4493,0.3021,0.4378,0.1587,0.3107,0.5538,2026-06
CUST1005414,0.281,0.1247,0.1441,0.1329,0.455,0.1271,2026-06
CUST1005415,0.4716,0.0931,0.01,0.2352,0.1626,0.07770000000000001,2026-06
CUST1005416,0.5271,0.6704,0.4318,0.2661,0.2345,0.3973,2026-06
CUST1005417,0.4826,0.3208,0.2308,0.1087,0.3665,0.2945,2026-06
CUST1005418,0.4714,0.6185,0.3646,0.228,0.3927,0.4547,2026-06
CUST1005419,0.6293,0.7939000000000001,0.2159,0.6389,0.3053,0.2198,2026-06
CUST1005420,0.2885,0.5347,0.2831,0.291,0.3227,0.4208,2026-06
CUST1005421,0.4966,0.5938,0.4318,0.0728,0.4404,0.3795,2026-06
CUST1005422,0.2879,0.7035,0.1536,0.1183,0.1086,0.3991,2026-06
CUST1005423,0.4427,0.4455,0.288,0.0718,0.3237,0.3849,2026-06
CUST1005424,0.09,0.3139,0.0462,0.2632,0.1598,0.09229999999999999,2026-06
CUST1005425,0.3984,0.5102,0.451,0.1368,0.3797,0.3277,2026-06
CUST1005426,0.1183,0.077,0.1869,0.1248,0.3348,0.1023,2026-06
CUST1005427,0.5587,0.3919,0.6075,0.1443,0.5312,0.475,2026-06
CUST1005428,0.4979,0.645,0.3757,0.2872,0.1887,0.4148,2026-06
CUST1005429,0.29,0.4515,0.1519,0.2014,0.5669999999999999,0.4012,2026-06
CUST1005430,0.1002,0.3532,0.0502,0.331,0.4122,0.051,2026-06
CUST1005431,0.5652,0.7885,0.3073,0.3774,0.1901,0.2815,2026-06
CUST1005432,0.4293,0.5202,0.2874,0.0606,0.4331,0.3538,2026-06
CUST1005433,0.3288,0.475,0.4397,0.1968,0.3713,0.6388,2026-06
CUST1005434,0.2704,0.2359,0.01,0.1173,0.3884,0.1919,2026-06
CUST1005435,0.1489,0.0999,0.0712,0.6499,0.1958,0.01,2026-06
CUST1005436,0.1528,0.7428,0.4485,0.1331,0.2535,0.4541,2026-06
CUST1005437,0.2531,0.5555,0.1854,0.09180000000000001,0.5308,0.2944,2026-06
CUST1005438,0.0998,0.1948,0.0359,0.08160000000000001,0.4039,0.213,2026-06
CUST1005439,0.5417999999999999,0.4457,0.3734,0.07829999999999999,0.1173,0.1707,2026-06
CUST1005440,0.2154,0.3344,0.2936,0.197,0.2794,0.2969,2026-06
CUST1005441,0.3925,0.4678,0.4337,0.1448,0.3024,0.6201,2026-06
CUST1005442,0.5295,0.457,0.132,0.2599,0.3411,0.124,2026-06
CUST1005443,0.4283,0.4632,0.2436,0.0805,0.5953000000000001,0.3842,2026-06
CUST1005444,0.5265,0.5266,0.3898,0.2438,0.2339,0.2925,2026-06
CUST1005445,0.0507,0.5261,0.06859999999999999,0.0117,0.3029,0.0272,2026-06
CUST1005446,0.3194,0.2301,0.1862,0.2427,0.5746,0.33,2026-06
CUST1005447,0.4236,0.5141,0.5416,0.147,0.321,0.343,2026-06
CUST1005448,0.5967,0.7447,0.09669999999999999,0.1883,0.2292,0.4558,2026-06
CUST1005449,0.3302,0.5249,0.0234,0.1439,0.2,0.2097,2026-06
CUST1005450,0.5634,0.3209,0.0446,0.1569,0.6614,0.1491,2026-06
CUST1005451,0.4776,0.6816,0.2077,0.3405,0.3184,0.3677,2026-06
CUST1005452,0.3657,0.3406,0.1712,0.1943,0.2881,0.1533,2026-06
CUST1005453,0.1899,0.4755,0.2024,0.1861,0.2787,0.3959,2026-06
CUST1005454,0.238,0.573,0.251,0.2405,0.6323,0.4111,2026-06
CUST1005455,0.1052,0.3851,0.01,0.2471,0.4894,0.288,2026-06
CUST1005456,0.4251,0.2646,0.118,0.1952,0.4644,0.3536,2026-06
CUST1005457,0.3037,0.1856,0.4703,0.1265,0.3608,0.3491,2026-06
CUST1005458,0.1745,0.1753,0.183,0.1185,0.4093,0.253,2026-06
CUST1005459,0.6279,0.4677,0.1057,0.2193,0.2297,0.2674,2026-06
CUST1005460,0.4931,0.3356,0.5538,0.1822,0.5488,0.5426,2026-06
CUST1005461,0.3338,0.3712,0.1493,0.1435,0.3341,0.0502,2026-06
CUST1005462,0.5911999999999999,0.5591,0.363,0.2788,0.4833,0.7304,2026-06
CUST1005463,0.4496,0.4917,0.2304,0.2191,0.442,0.4414,2026-06
CUST1005464,0.2105,0.2092,0.3958,0.3254,0.4771,0.3207,2026-06
CUST1005465,0.2296,0.742,0.1992,0.1219,0.382,0.3236,2026-06
CUST1005466,0.5637,0.4142,0.4701,0.1747,0.3535,0.3448,2026-06
CUST1005467,0.3846,0.6594,0.2764,0.2434,0.4152,0.3854,2026-06
CUST1005468,0.4541,0.4229,0.3684,0.06710000000000001,0.3883,0.3258,2026-06
CUST1005469,0.4186,0.4161,0.4056,0.1214,0.4574,0.5292,2026-06
CUST1005470,0.4272,0.4561,0.2708,0.2517,0.3767,0.4473,2026-06
CUST1005471,0.3093,0.421,0.1984,0.01,0.57,0.4731,2026-06
CUST1005472,0.3874,0.5669999999999999,0.3733,0.1412,0.1446,0.3716,2026-06
CUST1005473,0.5502,0.5991,0.3643,0.1546,0.2395,0.4031,2026-06
CUST1005474,0.4306,0.5835,0.3809,0.1166,0.5014,0.3636,2026-06
CUST1005475,0.4411,0.6135,0.5165999999999999,0.1752,0.3115,0.4486,2026-06
CUST1005476,0.4039,0.3718,0.1817,0.168,0.3707,0.2116,2026-06
CUST1005477,0.3548,0.1412,0.3042,0.2301,0.3297,0.3288,2026-06
CUST1005478,0.5402,0.5617,0.3965,0.1798,0.2421,0.4375,2026-06
CUST1005479,0.3877,0.6156,0.3232,0.1538,0.3444,0.5112,2026-06
CUST1005480,0.3091,0.1561,0.3596,0.3337,0.6277,0.1284,2026-06
CUST1005481,0.4358,0.6418,0.2393,0.1125,0.2366,0.459,2026-06
CUST1005482,0.211,0.3062,0.2529,0.1939,0.2149,0.1925,2026-06
CUST1005483,0.5269,0.3755,0.5628,0.2101,0.2528,0.4192,2026-06
CUST1005484,0.3584,0.5833,0.2888,0.1621,0.1885,0.2456,2026-06
CUST1005485,0.4341,0.4325,0.5159,0.2781,0.4893,0.3241,2026-06
CUST1005486,0.4321,0.5859,0.4008,0.1653,0.2778,0.4764,2026-06
CUST1005487,0.4033,0.199,0.2233,0.6904,0.2104,0.01,2026-06
CUST1005488,0.553,0.4855,0.3506,0.1569,0.2967,0.3086,2026-06
CUST1005489,0.1016,0.2206,0.3534,0.1228,0.3028,0.1696,2026-06
CUST1005490,0.1717,0.4537,0.474,0.2747,0.2062,0.2563,2026-06
CUST1005491,0.6773,0.4787,0.1449,0.1339,0.3348,0.1886,2026-06
CUST1005492,0.5063,0.574,0.2496,0.0312,0.5674,0.4832,2026-06
CUST1005493,0.4346,0.3291,0.2039,0.3596,0.257,0.1582,2026-06
CUST1005494,0.3289,0.5908,0.1409,0.3865,0.1345,0.5397,2026-06
CUST1005495,0.01,0.2497,0.3464,0.2092,0.4044,0.3176,2026-06
CUST1005496,0.588,0.4913,0.3861,0.0499,0.4918,0.3613,2026-06
CUST1005497,0.4058,0.4152,0.2351,0.2667,0.5767,0.3682,2026-06
CUST1005498,0.1109,0.2264,0.1287,0.2955,0.2535,0.3348,2026-06
CUST1005499,0.1931,0.5051,0.3157,0.359,0.4067,0.4873,2026-06
CUST1005500,0.1405,0.3509,0.5265,0.1702,0.4756,0.6101,2026-06
CUST1005501,0.4873,0.312,0.0667,0.1745,0.6476,0.1038,2026-06
CUST1005502,0.4733,0.2599,0.1193,0.1303,0.3257,0.14,2026-06
CUST1005503,0.3985,0.6693,0.2677,0.1538,0.322,0.3132,2026-06
CUST1005504,0.3847,0.6562,0.1474,0.1934,0.3612,0.4864,2026-06
CUST1005505,0.2976,0.228,0.3369,0.1833,0.2312,0.1946,2026-06
CUST1005506,0.4223,0.6401,0.5309,0.1733,0.4122,0.3275,2026-06
CUST1005507,0.01,0.3634,0.01,0.2829,0.1084,0.01,2026-06
CUST1005508,0.1852,0.5151,0.01,0.1752,0.1818,0.1801,2026-06
CUST1005509,0.4473,0.3256,0.437,0.0602,0.2467,0.6893,2026-06
CUST1005510,0.2673,0.3483,0.0234,0.3403,0.3609,0.1999,2026-06
CUST1005511,0.3711,0.4985,0.2071,0.1218,0.5203,0.2804,2026-06
CUST1005512,0.1235,0.4076,0.2242,0.5627,0.1281,0.0368,2026-06
CUST1005513,0.331,0.4105,0.4693,0.1288,0.2529,0.2647,2026-06
CUST1005514,0.4872,0.4693,0.3968,0.187,0.2868,0.4345,2026-06
CUST1005515,0.4893,0.2298,0.273,0.148,0.2022,0.5056,2026-06
CUST1005516,0.4979,0.4049,0.0711,0.5651,0.2332,0.4773,2026-06
CUST1005517,0.1826,0.1096,0.2443,0.1326,0.3265,0.207,2026-06
CUST1005518,0.5009,0.7839,0.3342,0.1498,0.3061,0.5032,2026-06
CUST1005519,0.2445,0.0762,0.1875,0.1588,0.2322,0.0366,2026-06
CUST1005520,0.3321,0.1972,0.1784,0.3194,0.226,0.0563,2026-06
CUST1005521,0.5259,0.5969,0.4914,0.1373,0.365,0.4059,2026-06
CUST1005522,0.2113,0.4718,0.4648,0.0509,0.2981,0.3267,2026-06
CUST1005523,0.1186,0.401,0.2928,0.1431,0.176,0.5620000000000001,2026-06
CUST1005524,0.155,0.4839,0.1987,0.2411,0.3149,0.4955,2026-06
CUST1005525,0.3645,0.5824,0.2328,0.2187,0.5373,0.3429,2026-06
CUST1005526,0.2647,0.3833,0.0324,0.1532,0.5484,0.103,2026-06
CUST1005527,0.4258,0.4616,0.2906,0.1469,0.3745,0.2812,2026-06
CUST1005528,0.2106,0.2231,0.1834,0.1796,0.5301,0.01,2026-06
CUST1005529,0.3775,0.5444,0.2278,0.2376,0.6185,0.411,2026-06
CUST1005530,0.3915,0.4639,0.3802,0.07099999999999999,0.3018,0.2961,2026-06
CUST1005531,0.4546,0.5031,0.01,0.2985,0.1834,0.1509,2026-06
CUST1005532,0.4585,0.659,0.3942,0.0977,0.3464,0.4891,2026-06
CUST1005533,0.5153,0.4954,0.2491,0.2205,0.3358,0.3382,2026-06
CUST1005534,0.3727,0.5402,0.6061,0.07000000000000001,0.2739,0.5754,2026-06
CUST1005535,0.4525,0.5405,0.5124,0.2765,0.4013,0.537,2026-06
CUST1005536,0.1487,0.1559,0.2789,0.1546,0.3966,0.1237,2026-06
CUST1005537,0.5445,0.6627,0.3305,0.0901,0.3103,0.3969,2026-06
CUST1005538,0.2119,0.4716,0.432,0.327,0.2698,0.5105,2026-06
CUST1005539,0.4318,0.7534999999999999,0.4929,0.3219,0.4289,0.4607,2026-06
CUST1005540,0.4258,0.2012,0.2679,0.2514,0.3651,0.1132,2026-06
CUST1005541,0.5466,0.2293,0.3301,0.1534,0.3224,0.0834,2026-06
CUST1005542,0.1936,0.2307,0.1679,0.2191,0.4312,0.4044,2026-06
CUST1005543,0.4442,0.6516999999999999,0.2092,0.1403,0.2962,0.3616,2026-06
CUST1005544,0.4811,0.6884,0.4512,0.012,0.1165,0.6656,2026-06
CUST1005545,0.5655,0.6222,0.5563,0.1452,0.353,0.4121,2026-06
CUST1005546,0.2179,0.4677,0.0788,0.2277,0.3604,0.0185,2026-06
CUST1005547,0.391,0.584,0.3898,0.0384,0.4596,0.521,2026-06
CUST1005548,0.2019,0.4175,0.4334,0.2282,0.2494,0.4085,2026-06
CUST1005549,0.1389,0.5151,0.3035,0.1642,0.2397,0.2874,2026-06
CUST1005550,0.2965,0.4411,0.01,0.1523,0.3415,0.1356,2026-06
CUST1005551,0.0982,0.7219,0.3847,0.1561,0.3744,0.2915,2026-06
CUST1005552,0.5503,0.1924,0.3342,0.1357,0.4785,0.059,2026-06
CUST1005553,0.5611,0.6353,0.4479,0.1519,0.2061,0.32,2026-06
CUST1005554,0.188,0.09370000000000001,0.0312,0.1399,0.5282,0.0117,2026-06
CUST1005555,0.2232,0.5493,0.2029,0.3341,0.1316,0.3997,2026-06
CUST1005556,0.1701,0.1792,0.2111,0.3081,0.593,0.2649,2026-06
CUST1005557,0.3203,0.5778,0.2808,0.1777,0.3574,0.2812,2026-06
CUST1005558,0.3589,0.2679,0.3385,0.266,0.2979,0.6781,2026-06
CUST1005559,0.4178,0.5435,0.3079,0.01,0.3756,0.3237,2026-06
CUST1005560,0.3401,0.1926,0.2536,0.1787,0.3651,0.1382,2026-06
CUST1005561,0.3633,0.09959999999999999,0.2746,0.2277,0.2713,0.1691,2026-06
CUST1005562,0.4597,0.609,0.4961,0.1762,0.1531,0.5745,2026-06
CUST1005563,0.1346,0.2866,0.1854,0.2209,0.3578,0.0107,2026-06
CUST1005564,0.521,0.4249,0.3285,0.0507,0.366,0.2731,2026-06
CUST1005565,0.3814,0.4298,0.3867,0.1535,0.3377,0.5545,2026-06
CUST1005566,0.5299,0.3643,0.3663,0.1449,0.3686,0.7839,2026-06
CUST1005567,0.1913,0.2087,0.3384,0.0614,0.5435,0.1181,2026-06
CUST1005568,0.4382,0.5672,0.1988,0.1845,0.2866,0.7475000000000001,2026-06
CUST1005569,0.1712,0.409,0.2986,0.0588,0.2101,0.3827,2026-06
CUST1005570,0.4713,0.5724,0.2348,0.094,0.341,0.5367,2026-06
CUST1005571,0.39,0.4143,0.1489,0.1637,0.3444,0.36,2026-06
CUST1005572,0.1514,0.1285,0.2972,0.1604,0.3422,0.204,2026-06
CUST1005573,0.5482,0.3842,0.3146,0.1775,0.3434,0.137,2026-06
CUST1005574,0.3575,0.1704,0.3704,0.1605,0.3431,0.0825,2026-06
CUST1005575,0.3699,0.4625,0.5777,0.1761,0.2432,0.5387,2026-06
CUST1005576,0.3247,0.4468,0.4871,0.1231,0.1936,0.4909,2026-06
CUST1005577,0.0646,0.2311,0.2273,0.2598,0.3145,0.1519,2026-06
CUST1005578,0.3102,0.0659,0.3542,0.5886,0.3128,0.0366,2026-06
CUST1005579,0.5109,0.2567,0.3413,0.2625,0.365,0.08799999999999999,2026-06
CUST1005580,0.3078,0.5298,0.3644,0.4132,0.2589,0.5576,2026-06
CUST1005581,0.3746,0.6689000000000001,0.09089999999999999,0.05,0.3033,0.4497,2026-06
CUST1005582,0.1883,0.4837,0.3182,0.2336,0.318,0.0536,2026-06
CUST1005583,0.219,0.6372,0.2236,0.1222,0.597,0.4513,2026-06
CUST1005584,0.4035,0.3661,0.0896,0.01,0.3093,0.2181,2026-06
CUST1005585,0.3474,0.3042,0.3558,0.1022,0.5242,0.4846,2026-06
CUST1005586,0.2454,0.5121,0.5189,0.7504999999999999,0.2457,0.5028,2026-06
CUST1005587,0.2341,0.3334,0.01,0.2499,0.1624,0.1858,2026-06
CUST1005588,0.3446,0.3679,0.3114,0.1932,0.3845,0.4922,2026-06
CUST1005589,0.3311,0.3646,0.18,0.1693,0.349,0.316,2026-06
CUST1005590,0.3283,0.4031,0.01,0.1982,0.3823,0.1208,2026-06
CUST1005591,0.3504,0.1157,0.2172,0.24,0.3594,0.2311,2026-06
CUST1005592,0.3565,0.5235,0.4168,0.3035,0.4064,0.4018,2026-06
CUST1005593,0.1787,0.479,0.1979,0.0638,0.6437,0.3573,2026-06
CUST1005594,0.5013,0.5333,0.2292,0.1303,0.2353,0.4381,2026-06
CUST1005595,0.5073,0.4791,0.3587,0.1807,0.3517,0.4856,2026-06
CUST1005596,0.3588,0.4133,0.5451,0.1498,0.4895,0.5881,2026-06
CUST1005597,0.1954,0.2778,0.284,0.0458,0.1881,0.4374,2026-06
CUST1005598,0.4873,0.513,0.2521,0.1379,0.2932,0.4602,2026-06
CUST1005599,0.3045,0.4428,0.2629,0.3281,0.1074,0.6833,2026-06
CUST1005600,0.2633,0.4314,0.4484,0.09379999999999999,0.3776,0.5224,2026-06
CUST1005601,0.0262,0.2605,0.4043,0.1709,0.2391,0.2701,2026-06
CUST1005602,0.2368,0.4283,0.0515,0.4596,0.3089,0.3329,2026-06
CUST1005603,0.3016,0.1434,0.3364,0.1044,0.3799,0.1251,2026-06
CUST1005604,0.2385,0.508,0.444,0.195,0.4273,0.4211,2026-06
CUST1005605,0.3387,0.5543,0.3305,0.2959,0.2286,0.2713,2026-06
CUST1005606,0.2439,0.1176,0.2198,0.0926,0.5177,0.023,2026-06
CUST1005607,0.4083,0.5238,0.2197,0.2096,0.4186,0.426,2026-06
CUST1005608,0.2323,0.3469,0.0333,0.2474,0.2566,0.3292,2026-06
CUST1005609,0.4764,0.3853,0.4817,0.1225,0.1787,0.5416,2026-06
CUST1005610,0.1771,0.5446,0.4401,0.0921,0.1103,0.524,2026-06
CUST1005611,0.3431,0.5127,0.1289,0.3792,0.226,0.1002,2026-06
CUST1005612,0.4305,0.3738,0.4973,0.0771,0.3844,0.295,2026-06
CUST1005613,0.1765,0.3927,0.01,0.3199,0.3568,0.2206,2026-06
CUST1005614,0.4571,0.5864,0.2255,0.01,0.4472,0.3976,2026-06
CUST1005615,0.4524,0.3041,0.3933,0.1823,0.4403,0.1532,2026-06
CUST1005616,0.2906,0.5784,0.3001,0.2802,0.3124,0.2987,2026-06
CUST1005617,0.3408,0.0926,0.2201,0.2432,0.428,0.2379,2026-06
CUST1005618,0.273,0.4381,0.0693,0.1994,0.4014,0.1889,2026-06
CUST1005619,0.4709,0.5263,0.3898,0.2342,0.2136,0.3791,2026-06
CUST1005620,0.2153,0.1871,0.151,0.1494,0.3054,0.1033,2026-06
CUST1005621,0.4325,0.5192,0.4742,0.5728,0.3275,0.3069,2026-06
CUST1005622,0.5266999999999999,0.4819,0.3797,0.3416,0.3225,0.583,2026-06
CUST1005623,0.2447,0.536,0.2658,0.1705,0.3381,0.4716,2026-06
CUST1005624,0.34,0.2335,0.1973,0.1412,0.241,0.3149,2026-06
CUST1005625,0.4459,0.6001,0.5006,0.1922,0.3475,0.474,2026-06
CUST1005626,0.1351,0.1378,0.2477,0.154,0.5766,0.2253,2026-06
CUST1005627,0.4679,0.2128,0.3191,0.261,0.2753,0.1777,2026-06
CUST1005628,0.276,0.1881,0.08210000000000001,0.3157,0.2402,0.2134,2026-06
CUST1005629,0.2487,0.4214,0.1038,0.2235,0.3986,0.2235,2026-06
CUST1005630,0.5474,0.459,0.3274,0.2719,0.2928,0.5434,2026-06
CUST1005631,0.2612,0.3121,0.3359,0.2027,0.3094,0.4125,2026-06
CUST1005632,0.436,0.6611,0.3941,0.1382,0.417,0.5171,2026-06
CUST1005633,0.59,0.2925,0.2184,0.6719000000000001,0.2281,0.1541,2026-06
CUST1005634,0.3529,0.1301,0.1862,0.1309,0.5306999999999999,0.0559,2026-06
CUST1005635,0.3618,0.2054,0.06510000000000001,0.1882,0.5598,0.336,2026-06
CUST1005636,0.4677,0.312,0.1487,0.2699,0.3791,0.01,2026-06
CUST1005637,0.175,0.4663,0.1515,0.1969,0.2726,0.4156,2026-06
CUST1005638,0.017,0.3785,0.3487,0.063,0.4125,0.2941,2026-06
CUST1005639,0.444,0.5538999999999999,0.4798,0.2121,0.3791,0.3269,2026-06
CUST1005640,0.394,0.3881,0.4262,0.1142,0.3945,0.5465,2026-06
CUST1005641,0.2126,0.3226,0.491,0.1623,0.3026,0.461,2026-06
CUST1005642,0.2873,0.3433,0.3866,0.428,0.1907,0.4905,2026-06
CUST1005643,0.5024,0.6921,0.3775,0.1938,0.2197,0.5734,2026-06
CUST1005644,0.2015,0.5558999999999999,0.3197,0.1865,0.356,0.5026,2026-06
CUST1005645,0.2054,0.4692,0.4727,0.1852,0.3073,0.548,2026-06
CUST1005646,0.4492,0.4442,0.5066000000000001,0.0955,0.3498,0.3544,2026-06
CUST1005647,0.3475,0.2517,0.2518,0.1189,0.2946,0.2091,2026-06
CUST1005648,0.3066,0.4709,0.3579,0.2221,0.3346,0.5631,2026-06
CUST1005649,0.462,0.1395,0.1894,0.2273,0.3033,0.1771,2026-06
CUST1005650,0.2073,0.4696,0.01,0.1792,0.1932,0.1806,2026-06
CUST1005651,0.5312,0.2796,0.3784,0.5807,0.2541,0.2389,2026-06
CUST1005652,0.4741,0.7337,0.3859,0.2156,0.341,0.3749,2026-06
CUST1005653,0.3838,0.3286,0.2836,0.3025,0.305,0.5581,2026-06
CUST1005654,0.5576,0.6453,0.4319,0.2871,0.2071,0.555,2026-06
CUST1005655,0.3819,0.4543,0.5205,0.2394,0.5333,0.4029,2026-06
CUST1005656,0.4679,0.5251,0.2023,0.2231,0.1961,0.5746,2026-06
CUST1005657,0.0314,0.5774,0.32,0.1242,0.2447,0.3774,2026-06
CUST1005658,0.1652,0.3929,0.4863,0.1714,0.3677,0.4593,2026-06
CUST1005659,0.1027,0.6528,0.1871,0.2609,0.2935,0.5454,2026-06
CUST1005660,0.01,0.4757,0.0558,0.2456,0.1834,0.1924,2026-06
CUST1005661,0.5046,0.6536,0.4368,0.1671,0.4901,0.3545,2026-06
CUST1005662,0.2466,0.4121,0.4794,0.0665,0.39,0.408,2026-06
CUST1005663,0.4428,0.6899,0.3093,0.0353,0.3085,0.494,2026-06
CUST1005664,0.2273,0.4744,0.1834,0.1846,0.4111,0.5238,2026-06
CUST1005665,0.4744,0.4456,0.4964,0.193,0.3633,0.2636,2026-06
CUST1005666,0.5685,0.5716,0.274,0.0893,0.2144,0.4226,2026-06
CUST1005667,0.3763,0.3343,0.01,0.163,0.5433,0.1327,2026-06
CUST1005668,0.1853,0.6403,0.4304,0.1483,0.375,0.3631,2026-06
CUST1005669,0.2796,0.6784,0.4165,0.2119,0.3561,0.3992,2026-06
CUST1005670,0.23,0.7486,0.4892,0.0168,0.2079,0.2903,2026-06
CUST1005671,0.4234,0.5973000000000001,0.304,0.2969,0.2186,0.3163,2026-06
CUST1005672,0.2832,0.4589,0.2061,0.1533,0.369,0.4222,2026-06
CUST1005673,0.5608,0.2685,0.3632,0.1469,0.243,0.1993,2026-06
CUST1005674,0.3061,0.4461,0.2406,0.1768,0.4121,0.4057,2026-06
CUST1005675,0.1092,0.1525,0.1532,0.2017,0.3262,0.2052,2026-06
CUST1005676,0.2881,0.1883,0.0543,0.0488,0.2186,0.1875,2026-06
CUST1005677,0.3498,0.6894,0.2316,0.2101,0.1797,0.4862,2026-06
CUST1005678,0.3738,0.5703,0.2509,0.1014,0.2391,0.6476,2026-06
CUST1005679,0.4569,0.4611,0.3895,0.2274,0.4419,0.532,2026-06
CUST1005680,0.2185,0.5152,0.1938,0.1692,0.4131,0.3772,2026-06
CUST1005681,0.4367,0.4685,0.369,0.1242,0.0911,0.4912,2026-06
CUST1005682,0.3247,0.3652,0.5555,0.1346,0.3753,0.2568,2026-06
CUST1005683,0.3551,0.3335,0.3037,0.1322,0.4977,0.2618,2026-06
CUST1005684,0.3958,0.3798,0.4085,0.07340000000000001,0.4021,0.6221,2026-06
CUST1005685,0.3995,0.5439000000000001,0.4839,0.09429999999999999,0.3828,0.229,2026-06
CUST1005686,0.2237,0.2931,0.3899,0.1647,0.3559,0.4656,2026-06
CUST1005687,0.3493,0.4451,0.096,0.1235,0.1266,0.2259,2026-06
CUST1005688,0.5236,0.4279,0.2245,0.2988,0.5311,0.1068,2026-06
CUST1005689,0.2759,0.3706,0.394,0.1701,0.2948,0.3354,2026-06
CUST1005690,0.4966,0.4967,0.4213,0.1036,0.5139,0.3089,2026-06
CUST1005691,0.3787,0.3447,0.469,0.2071,0.5091,0.5445,2026-06
CUST1005692,0.5112,0.2801,0.2977,0.2063,0.4264,0.0895,2026-06
CUST1005693,0.2625,0.4567,0.4649,0.1513,0.2289,0.4911,2026-06
CUST1005694,0.4731,0.7266,0.4472,0.3085,0.2238,0.2472,2026-06
CUST1005695,0.3812,0.6742,0.01,0.1693,0.1577,0.2548,2026-06
CUST1005696,0.4056,0.2195,0.2014,0.2169,0.3476,0.3137,2026-06
CUST1005697,0.4664,0.7605,0.2851,0.12,0.1951,0.5135,2026-06
CUST1005698,0.4082,0.61,0.2373,0.3522,0.3548,0.413,2026-06
CUST1005699,0.3624,0.6774,0.2943,0.1709,0.2243,0.2634,2026-06
CUST1005700,0.4146,0.3312,0.4856,0.0323,0.4159,0.483,2026-06
CUST1005701,0.4583,0.5696,0.5603,0.1468,0.2242,0.5183,2026-06
CUST1005702,0.3594,0.4882,0.2962,0.2102,0.2805,0.4048,2026-06
CUST1005703,0.4979,0.3267,0.1874,0.1811,0.3677,0.2742,2026-06
CUST1005704,0.4398,0.528,0.5346,0.1233,0.4315,0.6177,2026-06
CUST1005705,0.4494,0.4566,0.3029,0.1541,0.5551,0.0702,2026-06
CUST1005706,0.1453,0.4353,0.01,0.3777,0.2823,0.3272,2026-06
CUST1005707,0.2627,0.2198,0.1506,0.2277,0.3531,0.0701,2026-06
CUST1005708,0.4104,0.4797,0.4097,0.3187,0.4846,0.4841,2026-06
CUST1005709,0.49,0.415,0.5256999999999999,0.1722,0.6558,0.4864,2026-06
CUST1005710,0.3232,0.2938,0.1789,0.2179,0.3201,0.0818,2026-06
CUST1005711,0.2963,0.4337,0.4249,0.2014,0.2736,0.4109,2026-06
CUST1005712,0.3899,0.4534,0.3698,0.1503,0.4661,0.5347,2026-06
CUST1005713,0.2402,0.477,0.5159,0.2091,0.5386,0.4889,2026-06
CUST1005714,0.155,0.0663,0.1835,0.1042,0.2382,0.4228,2026-06
CUST1005715,0.3566,0.2421,0.3656,0.2678,0.2773,0.0616,2026-06
CUST1005716,0.3988,0.3232,0.01,0.2365,0.1599,0.303,2026-06
CUST1005717,0.199,0.1361,0.01,0.1456,0.2083,0.1675,2026-06
CUST1005718,0.29,0.3584,0.5624,0.3944,0.3859,0.6241,2026-06
CUST1005719,0.342,0.1681,0.3468,0.0201,0.3369,0.2421,2026-06
CUST1005720,0.5,0.7322,0.3287,0.1471,0.2327,0.4217,2026-06
CUST1005721,0.2655,0.4762,0.1756,0.2074,0.5097,0.2265,2026-06
CUST1005722,0.5441,0.577,0.571,0.2118,0.5038,0.4291,2026-06
CUST1005723,0.496,0.6574,0.4294,0.0796,0.3883,0.4083,2026-06
CUST1005724,0.3047,0.1551,0.1309,0.2426,0.3873,0.2463,2026-06
CUST1005725,0.4054,0.5224,0.1799,0.2654,0.1681,0.3036,2026-06
CUST1005726,0.5604,0.5737,0.4528,0.3758,0.3585,0.3357,2026-06
CUST1005727,0.1686,0.3051,0.3213,0.1597,0.4829,0.6726,2026-06
CUST1005728,0.1995,0.2821,0.4491,0.0565,0.1872,0.5112,2026-06
CUST1005729,0.4304,0.4306,0.359,0.1361,0.4849,0.4763,2026-06
CUST1005730,0.5054999999999999,0.5561,0.4008,0.2408,0.3231,0.5078,2026-06
CUST1005731,0.5018,0.5919,0.3769,0.1231,0.2228,0.4388,2026-06
CUST1005732,0.5845,0.678,0.3864,0.1562,0.2524,0.3886,2026-06
CUST1005733,0.0474,0.5995,0.1786,0.1143,0.176,0.4408,2026-06
CUST1005734,0.3179,0.3661,0.597,0.1605,0.3892,0.4238,2026-06
CUST1005735,0.2857,0.4076,0.6433,0.1842,0.4186,0.6739000000000001,2026-06
CUST1005736,0.3907,0.5234,0.3227,0.1543,0.3133,0.4257,2026-06
CUST1005737,0.1769,0.417,0.181,0.1744,0.477,0.6601,2026-06
CUST1005738,0.2153,0.1746,0.131,0.1031,0.6449,0.1422,2026-06
CUST1005739,0.3501,0.6775,0.2829,0.2584,0.4979,0.3434,2026-06
CUST1005740,0.2633,0.0619,0.2343,0.1026,0.2401,0.0722,2026-06
CUST1005741,0.2961,0.6531,0.1558,0.2689,0.1537,0.3411,2026-06
CUST1005742,0.393,0.2489,0.01,0.2751,0.4276,0.1816,2026-06
CUST1005743,0.2558,0.2404,0.1889,0.0912,0.6523,0.4627,2026-06
CUST1005744,0.2977,0.01,0.3308,0.1903,0.3252,0.1874,2026-06
CUST1005745,0.5053,0.2045,0.081,0.1681,0.4295,0.08799999999999999,2026-06
CUST1005746,0.172,0.347,0.0951,0.0809,0.3072,0.2434,2026-06
CUST1005747,0.3723,0.5169,0.5768,0.2008,0.4974,0.487,2026-06
CUST1005748,0.5165999999999999,0.4379,0.1988,0.0574,0.2701,0.1815,2026-06
CUST1005749,0.4684,0.4494,0.3938,0.1877,0.2785,0.3556,2026-06
CUST1005750,0.442,0.3233,0.2689,0.1118,0.3445,0.2404,2026-06
CUST1005751,0.3167,0.3857,0.3622,0.08740000000000001,0.3801,0.2374,2026-06
CUST1005752,0.487,0.6677999999999999,0.1719,0.2615,0.3116,0.3634,2026-06
CUST1005753,0.5029,0.4341,0.2899,0.1433,0.4792,0.4248,2026-06
CUST1005754,0.346,0.3156,0.239,0.177,0.1722,0.3863,2026-06
CUST1005755,0.3558,0.732,0.2813,0.1758,0.241,0.273,2026-06
CUST1005756,0.2324,0.3602,0.143,0.1515,0.4828,0.4362,2026-06
CUST1005757,0.5268,0.2423,0.2291,0.3441,0.4881,0.3297,2026-06
CUST1005758,0.1064,0.5554,0.01,0.2805,0.2805,0.4707,2026-06
CUST1005759,0.5626,0.2255,0.372,0.3558,0.4081,0.2492,2026-06
CUST1005760,0.5413,0.6267,0.0747,0.1398,0.3545,0.2843,2026-06
CUST1005761,0.1289,0.0519,0.0806,0.1397,0.5614,0.1206,2026-06
CUST1005762,0.514,0.1366,0.2674,0.5692,0.3551,0.049,2026-06
CUST1005763,0.1363,0.462,0.0399,0.095,0.3788,0.4376,2026-06
CUST1005764,0.2206,0.7387,0.2992,0.3143,0.3381,0.3841,2026-06
CUST1005765,0.3743,0.3611,0.3146,0.0915,0.2404,0.4643,2026-06
CUST1005766,0.3044,0.4654,0.4386,0.1229,0.2961,0.5403,2026-06
CUST1005767,0.3392,0.2532,0.2456,0.3125,0.2655,0.7635,2026-06
CUST1005768,0.3395,0.3978,0.27,0.5316,0.2637,0.2568,2026-06
CUST1005769,0.379,0.541,0.2128,0.1639,0.1251,0.1667,2026-06
CUST1005770,0.4427,0.6998,0.339,0.1718,0.3719,0.2694,2026-06
CUST1005771,0.38,0.5167,0.4274,0.1656,0.414,0.5896,2026-06
CUST1005772,0.2857,0.2412,0.1428,0.1982,0.2754,0.0669,2026-06
CUST1005773,0.6924,0.3197,0.5263,0.1642,0.3066,0.3404,2026-06
CUST1005774,0.3854,0.353,0.2234,0.2122,0.6352,0.3738,2026-06
CUST1005775,0.3985,0.7203000000000001,0.2038,0.1736,0.2067,0.4307,2026-06
CUST1005776,0.4085,0.4279,0.2751,0.01,0.2732,0.3441,2026-06
CUST1005777,0.2324,0.3111,0.5749,0.2591,0.4505,0.6095,2026-06
CUST1005778,0.0527,0.148,0.3351,0.174,0.4284,0.3458,2026-06
CUST1005779,0.2482,0.4972,0.2057,0.6137,0.5616,0.1942,2026-06
CUST1005780,0.4141,0.4178,0.3788,0.1616,0.4194,0.3345,2026-06
CUST1005781,0.2868,0.2587,0.2477,0.2918,0.2632,0.3127,2026-06
CUST1005782,0.1751,0.7091,0.2927,0.2713,0.389,0.4313,2026-06
CUST1005783,0.3455,0.2367,0.3296,0.0919,0.4907,0.1707,2026-06
CUST1005784,0.4476,0.5914,0.01,0.1107,0.2951,0.1051,2026-06
CUST1005785,0.4449,0.5513,0.425,0.0502,0.4251,0.2748,2026-06
CUST1005786,0.5502,0.4139,0.01,0.6914,0.2331,0.01,2026-06
CUST1005787,0.3473,0.4092,0.5288,0.2223,0.4515,0.3477,2026-06
CUST1005788,0.1956,0.2665,0.01,0.1487,0.4918,0.01,2026-06
CUST1005789,0.4512,0.6079,0.5706,0.1224,0.3359,0.6273,2026-06
CUST1005790,0.2789,0.4203,0.0945,0.3175,0.231,0.1665,2026-06
CUST1005791,0.3728,0.6232,0.1578,0.0822,0.2339,0.3124,2026-06
CUST1005792,0.4466,0.5114,0.3623,0.134,0.4868,0.1298,2026-06
CUST1005793,0.2274,0.4857,0.0185,0.1542,0.2127,0.1019,2026-06
CUST1005794,0.4346,0.5949,0.3312,0.3831,0.2853,0.4871,2026-06
CUST1005795,0.3882,0.4235,0.2012,0.1477,0.3253,0.2013,2026-06
CUST1005796,0.1318,0.3898,0.01,0.2519,0.2377,0.2345,2026-06
CUST1005797,0.2551,0.6501,0.1744,0.1376,0.2494,0.4039,2026-06
CUST1005798,0.5387999999999999,0.5875,0.4402,0.1447,0.1469,0.3069,2026-06
CUST1005799,0.3832,0.3609,0.5104,0.2492,0.2655,0.2765,2026-06
CUST1005800,0.4782,0.487,0.4908,0.0431,0.4056,0.4583,2026-06
CUST1005801,0.3883,0.3858,0.125,0.2511,0.2852,0.09859999999999999,2026-06
CUST1005802,0.4675,0.4386,0.0683,0.8732,0.1667,0.1207,2026-06
CUST1005803,0.4908,0.3757,0.4166,0.18,0.2965,0.64,2026-06
CUST1005804,0.1746,0.1417,0.01,0.2043,0.2477,0.4432,2026-06
CUST1005805,0.4518,0.5399,0.5203,0.064,0.301,0.3741,2026-06
CUST1005806,0.5172,0.4535,0.4366,0.01,0.6106,0.6153999999999999,2026-06
CUST1005807,0.4038,0.4791,0.2993,0.07389999999999999,0.4296,0.4226,2026-06
CUST1005808,0.4024,0.4111,0.4253,0.2004,0.3596,0.6247,2026-06
CUST1005809,0.2033,0.1738,0.01,0.1662,0.3769,0.1268,2026-06
CUST1005810,0.1889,0.2393,0.2756,0.2474,0.3732,0.5303,2026-06
CUST1005811,0.3165,0.4262,0.3711,0.1682,0.2719,0.4926,2026-06
CUST1005812,0.164,0.1181,0.1228,0.3144,0.5154,0.1362,2026-06
CUST1005813,0.5282,0.5614,0.3097,0.1676,0.3536,0.3163,2026-06
CUST1005814,0.2176,0.5369,0.3614,0.1651,0.3223,0.5705,2026-06
CUST1005815,0.269,0.5404,0.4268,0.249,0.2668,0.4406,2026-06
CUST1005816,0.4349,0.4949,0.3115,0.1737,0.3896,0.4735,2026-06
CUST1005817,0.2864,0.1215,0.2543,0.2301,0.6706,0.3862,2026-06
CUST1005818,0.4032,0.4522,0.2918,0.0617,0.3975,0.6212,2026-06
CUST1005819,0.4055,0.4841,0.1131,0.1169,0.1547,0.2885,2026-06
CUST1005820,0.4346,0.3539,0.239,0.236,0.3246,0.3815,2026-06
CUST1005821,0.2064,0.3621,0.1581,0.1593,0.3118,0.1979,2026-06
CUST1005822,0.4205,0.5446,0.3473,0.1278,0.3877,0.378,2026-06
CUST1005823,0.5778,0.6351,0.344,0.1027,0.5217000000000001,0.484,2026-06
CUST1005824,0.3383,0.4025,0.3361,0.0257,0.2141,0.3397,2026-06
CUST1005825,0.4516,0.3473,0.2428,0.1556,0.5649,0.1841,2026-06
CUST1005826,0.2266,0.0977,0.3102,0.1471,0.4156,0.0643,2026-06
CUST1005827,0.3521,0.7018,0.4019,0.2938,0.2711,0.4817,2026-06
CUST1005828,0.4995,0.763,0.1464,0.2,0.3401,0.4566,2026-06
CUST1005829,0.4496,0.5941,0.5744,0.1757,0.4036,0.4725,2026-06
CUST1005830,0.2818,0.6014,0.0141,0.6461,0.1736,0.543,2026-06
CUST1005831,0.456,0.4106,0.5451,0.173,0.5918,0.5674,2026-06
CUST1005832,0.151,0.1661,0.1743,0.0892,0.3297,0.2812,2026-06
CUST1005833,0.4828,0.6058,0.266,0.2367,0.502,0.454,2026-06
CUST1005834,0.5175,0.4292,0.3642,0.6037,0.259,0.0916,2026-06
CUST1005835,0.3345,0.4844,0.6025,0.2053,0.4988,0.4248,2026-06
CUST1005836,0.3113,0.2888,0.2844,0.167,0.4815,0.4101,2026-06
CUST1005837,0.2185,0.498,0.042,0.2356,0.1236,0.4496,2026-06
CUST1005838,0.4368,0.3942,0.25,0.6411,0.1956,0.3621,2026-06
CUST1005839,0.3708,0.6994,0.1157,0.823,0.2598,0.2639,2026-06
CUST1005840,0.09080000000000001,0.2064,0.0968,0.1766,0.4387,0.144,2026-06
CUST1005841,0.4303,0.465,0.363,0.1541,0.4135,0.4151,2026-06
CUST1005842,0.6019,0.6314,0.2294,0.1685,0.3373,0.324,2026-06
CUST1005843,0.3289,0.6389,0.3301,0.0835,0.3011,0.4933,2026-06
CUST1005844,0.2947,0.5787,0.2735,0.2917,0.2782,0.6891,2026-06
CUST1005845,0.2651,0.62,0.4578,0.06560000000000001,0.3759,0.3248,2026-06
CUST1005846,0.3673,0.2741,0.2167,0.07679999999999999,0.2369,0.1388,2026-06
CUST1005847,0.5777,0.3872,0.4053,0.6661,0.3176,0.3277,2026-06
CUST1005848,0.534,0.725,0.1958,0.1998,0.4056,0.4023,2026-06
CUST1005849,0.4933,0.4977,0.4828,0.1092,0.2177,0.5919,2026-06
CUST1005850,0.5909,0.4651,0.1596,0.2555,0.3507,0.1062,2026-06
CUST1005851,0.272,0.4876,0.4045,0.2645,0.5354,0.6217,2026-06
CUST1005852,0.5411,0.4896,0.2066,0.2875,0.2751,0.4077,2026-06
CUST1005853,0.5091,0.4983,0.4199,0.01,0.3401,0.3495,2026-06
CUST1005854,0.4262,0.4384,0.367,0.1291,0.2166,0.3962,2026-06
CUST1005855,0.4327,0.4053,0.3776,0.5054999999999999,0.181,0.2411,2026-06
CUST1005856,0.4906,0.3157,0.2549,0.2164,0.5108,0.6661,2026-06
CUST1005857,0.2607,0.4092,0.1954,0.3176,0.0393,0.0771,2026-06
CUST1005858,0.2158,0.3657,0.4111,0.2031,0.2371,0.357,2026-06
CUST1005859,0.463,0.7020999999999999,0.2734,0.1103,0.2116,0.378,2026-06
CUST1005860,0.4689,0.5916,0.1035,0.1376,0.3009,0.4938,2026-06
CUST1005861,0.1294,0.4156,0.4009,0.3259,0.2607,0.5279,2026-06
CUST1005862,0.2746,0.457,0.3919,0.1278,0.2939,0.5923,2026-06
CUST1005863,0.2247,0.6899,0.09429999999999999,0.3018,0.324,0.3885,2026-06
CUST1005864,0.1281,0.6073,0.3389,0.1711,0.0374,0.5437,2026-06
CUST1005865,0.3902,0.2678,0.034,0.2846,0.2341,0.1876,2026-06
CUST1005866,0.2941,0.1716,0.2531,0.1708,0.601,0.3143,2026-06
CUST1005867,0.174,0.4078,0.0237,0.187,0.1118,0.0343,2026-06
CUST1005868,0.428,0.54,0.2679,0.0172,0.1659,0.4812,2026-06
CUST1005869,0.3241,0.4174,0.3766,0.1176,0.403,0.3991,2026-06
CUST1005870,0.3707,0.4115,0.5396,0.0225,0.4046,0.5757,2026-06
CUST1005871,0.442,0.5579,0.3572,0.1066,0.2118,0.3822,2026-06
CUST1005872,0.5153,0.3067,0.487,0.1859,0.4234,0.4112,2026-06
CUST1005873,0.3765,0.4569,0.2483,0.1351,0.4869,0.3139,2026-06
CUST1005874,0.2973,0.362,0.2122,0.1895,0.2971,0.09030000000000001,2026-06
CUST1005875,0.2272,0.3015,0.0786,0.2042,0.398,0.1544,2026-06
CUST1005876,0.2886,0.7738,0.1629,0.204,0.1865,0.3828,2026-06
CUST1005877,0.509,0.7996,0.1635,0.0498,0.3014,0.3337,2026-06
CUST1005878,0.412,0.2979,0.4846,0.01,0.3647,0.5435,2026-06
CUST1005879,0.4639,0.1583,0.3409,0.1639,0.1315,0.266,2026-06
CUST1005880,0.303,0.3637,0.5106000000000001,0.3375,0.2142,0.5897,2026-06
CUST1005881,0.5161,0.8008,0.4527,0.0963,0.1497,0.3139,2026-06
CUST1005882,0.3499,0.4244,0.0707,0.133,0.4307,0.3374,2026-06
CUST1005883,0.443,0.0948,0.2429,0.136,0.3215,0.1297,2026-06
CUST1005884,0.5113,0.6878,0.1478,0.2383,0.2481,0.466,2026-06
CUST1005885,0.1084,0.7542,0.2574,0.1648,0.0179,0.5983000000000001,2026-06
CUST1005886,0.1173,0.1715,0.2931,0.2822,0.3838,0.3318,2026-06
CUST1005887,0.1391,0.1664,0.1602,0.0927,0.0746,0.1287,2026-06
CUST1005888,0.4484,0.3411,0.3909,0.0339,0.331,0.182,2026-06
CUST1005889,0.1443,0.3784,0.5129,0.1665,0.4359,0.3746,2026-06
CUST1005890,0.305,0.1996,0.2336,0.293,0.1156,0.1048,2026-06
CUST1005891,0.5066000000000001,0.7556,0.4865,0.1644,0.4493,0.352,2026-06
CUST1005892,0.2069,0.6844,0.4802,0.3511,0.3101,0.5846,2026-06
CUST1005893,0.375,0.5946,0.4513,0.01,0.1805,0.6362,2026-06
CUST1005894,0.3338,0.3264,0.1233,0.2711,0.3216,0.2823,2026-06
CUST1005895,0.3504,0.5528999999999999,0.2881,0.38,0.4016,0.2061,2026-06
CUST1005896,0.1485,0.2045,0.188,0.1944,0.4558,0.1329,2026-06
CUST1005897,0.2595,0.4675,0.4194,0.09950000000000001,0.4069,0.4011,2026-06
CUST1005898,0.3912,0.6472,0.1429,0.2977,0.317,0.3773,2026-06
CUST1005899,0.1674,0.4429,0.2696,0.2514,0.3869,0.4481,2026-06
CUST1005900,0.5054,0.2779,0.1762,0.1046,0.3257,0.2415,2026-06
CUST1005901,0.0551,0.3206,0.1436,0.2276,0.3243,0.01,2026-06
CUST1005902,0.5557,0.4191,0.3319,0.1929,0.3853,0.5491,2026-06
CUST1005903,0.5302,0.2626,0.3742,0.1656,0.3971,0.424,2026-06
CUST1005904,0.3663,0.5829,0.4614,0.2248,0.3022,0.573,2026-06
CUST1005905,0.2271,0.3843,0.403,0.1926,0.4685,0.4253,2026-06
CUST1005906,0.1218,0.3188,0.2244,0.3136,0.3627,0.5714,2026-06
CUST1005907,0.5093,0.5273,0.01,0.4073,0.1979,0.2997,2026-06
CUST1005908,0.3493,0.2962,0.3231,0.0867,0.2867,0.2069,2026-06
CUST1005909,0.4127,0.32,0.5171,0.1102,0.3395,0.325,2026-06
CUST1005910,0.4648,0.5058,0.4838,0.1077,0.3193,0.7106,2026-06
CUST1005911,0.1267,0.3587,0.0775,0.2495,0.1863,0.144,2026-06
CUST1005912,0.3779,0.7129,0.2006,0.2598,0.211,0.2931,2026-06
CUST1005913,0.4075,0.3243,0.2443,0.1132,0.3994,0.1797,2026-06
CUST1005914,0.4173,0.4105,0.01,0.6306,0.0406,0.2839,2026-06
CUST1005915,0.4341,0.4615,0.5314,0.1715,0.3902,0.3462,2026-06
CUST1005916,0.3246,0.3888,0.4108,0.2114,0.3849,0.3761,2026-06
CUST1005917,0.0505,0.283,0.01,0.2498,0.189,0.1787,2026-06
CUST1005918,0.548,0.2859,0.3042,0.192,0.4722,0.219,2026-06
CUST1005919,0.1199,0.2626,0.01,0.1849,0.1131,0.1541,2026-06
CUST1005920,0.5635,0.4724,0.06809999999999999,0.178,0.2741,0.1537,2026-06
CUST1005921,0.361,0.7029,0.4613,0.0759,0.3193,0.2998,2026-06
CUST1005922,0.1901,0.5075,0.1862,0.5433,0.383,0.3332,2026-06
CUST1005923,0.3547,0.2085,0.292,0.3165,0.5298,0.2617,2026-06
CUST1005924,0.4829,0.5556,0.1948,0.3221,0.3333,0.4755,2026-06
CUST1005925,0.3524,0.1428,0.1935,0.1469,0.2143,0.2413,2026-06
CUST1005926,0.2185,0.6224,0.419,0.1555,0.4519,0.5908,2026-06
CUST1005927,0.4424,0.2141,0.3368,0.1842,0.1558,0.1258,2026-06
CUST1005928,0.4693,0.4863,0.4718,0.2274,0.4,0.6458,2026-06
CUST1005929,0.4083,0.7519,0.2256,0.1268,0.2967,0.5737,2026-06
CUST1005930,0.4505,0.5698,0.5302,0.1344,0.3319,0.7819,2026-06
CUST1005931,0.348,0.3182,0.4026,0.1389,0.2822,0.4189,2026-06
CUST1005932,0.5935,0.3157,0.4314,0.1041,0.4454,0.5227000000000001,2026-06
CUST1005933,0.1926,0.3429,0.4798,0.06710000000000001,0.3002,0.4705,2026-06
CUST1005934,0.1034,0.2199,0.0348,0.1806,0.4716,0.2927,2026-06
CUST1005935,0.3489,0.6341,0.4822,0.1999,0.2831,0.6214,2026-06
CUST1005936,0.3615,0.3753,0.6784,0.1449,0.2324,0.5194,2026-06
CUST1005937,0.3564,0.4931,0.4093,0.2639,0.08309999999999999,0.4884,2026-06
CUST1005938,0.2825,0.5276999999999999,0.5022,0.2359,0.3418,0.4396,2026-06
CUST1005939,0.2582,0.5502,0.5760999999999999,0.2208,0.2915,0.338,2026-06
CUST1005940,0.4701,0.7045,0.4604,0.1532,0.3374,0.2547,2026-06
CUST1005941,0.0498,0.6252,0.2595,0.2176,0.2918,0.6866,2026-06
CUST1005942,0.3297,0.4714,0.3189,0.2328,0.307,0.5654,2026-06
CUST1005943,0.205,0.055,0.2972,0.1583,0.3519,0.0435,2026-06
CUST1005944,0.5135999999999999,0.4271,0.3138,0.1243,0.3573,0.4897,2026-06
CUST1005945,0.4343,0.4954,0.5051,0.0946,0.2857,0.4833,2026-06
CUST1005946,0.2875,0.6281,0.4143,0.3024,0.1593,0.2812,2026-06
CUST1005947,0.2672,0.4145,0.0307,0.1224,0.1695,0.0251,2026-06
CUST1005948,0.4841,0.5532,0.3717,0.2945,0.471,0.5118,2026-06
CUST1005949,0.3525,0.5616,0.4089,0.223,0.3776,0.5620000000000001,2026-06
CUST1005950,0.1635,0.527,0.2994,0.1144,0.3753,0.1554,2026-06
CUST1005951,0.3692,0.6015,0.3815,0.0175,0.422,0.2789,2026-06
CUST1005952,0.5168,0.3388,0.1782,0.1643,0.2948,0.1911,2026-06
CUST1005953,0.3758,0.4684,0.2161,0.1163,0.4803,0.5708,2026-06
CUST1005954,0.4264,0.5443,0.233,0.1457,0.304,0.3716,2026-06
CUST1005955,0.4094,0.5877,0.3856,0.2336,0.3674,0.5237000000000001,2026-06
CUST1005956,0.0614,0.2765,0.0871,0.3185,0.3771,0.1541,2026-06
CUST1005957,0.2703,0.3279,0.3456,0.2166,0.2878,0.6884,2026-06
CUST1005958,0.4029,0.3928,0.5066000000000001,0.2995,0.4391,0.6564,2026-06
CUST1005959,0.2996,0.2377,0.2624,0.2031,0.3919,0.2968,2026-06
CUST1005960,0.4036,0.5395,0.4316,0.1756,0.4752,0.5363,2026-06
CUST1005961,0.3541,0.6413,0.1685,0.3411,0.4149,0.3707,2026-06
CUST1005962,0.44,0.7099,0.4315,0.316,0.2933,0.3197,2026-06
CUST1005963,0.1857,0.4588,0.1076,0.1847,0.2246,0.1054,2026-06
CUST1005964,0.2418,0.264,0.2758,0.1696,0.4435,0.09030000000000001,2026-06
CUST1005965,0.1426,0.2166,0.2195,0.1126,0.5124,0.215,2026-06
CUST1005966,0.4309,0.5238,0.4164,0.1324,0.3111,0.3645,2026-06
CUST1005967,0.2169,0.4976,0.4346,0.1935,0.43,0.5617,2026-06
CUST1005968,0.485,0.6954,0.2459,0.1458,0.3232,0.2417,2026-06
CUST1005969,0.5139,0.5733,0.1923,0.3121,0.2795,0.4031,2026-06
CUST1005970,0.2917,0.1676,0.1745,0.0936,0.305,0.3507,2026-06
CUST1005971,0.5083,0.4992,0.5435,0.3059,0.198,0.7171,2026-06
CUST1005972,0.2711,0.3559,0.2422,0.1795,0.5406,0.1069,2026-06
CUST1005973,0.5012,0.5489000000000001,0.445,0.2024,0.3934,0.3457,2026-06
CUST1005974,0.3592,0.6237,0.4465,0.159,0.2142,0.6399,2026-06
CUST1005975,0.5375,0.5473,0.066,0.0599,0.2775,0.2265,2026-06
CUST1005976,0.2996,0.229,0.09520000000000001,0.2482,0.3668,0.09520000000000001,2026-06
CUST1005977,0.544,0.5695,0.1728,0.2158,0.1812,0.2374,2026-06
CUST1005978,0.3178,0.6266,0.1559,0.0169,0.306,0.3992,2026-06
CUST1005979,0.3148,0.4021,0.0989,0.1181,0.2401,0.0703,2026-06
CUST1005980,0.5266999999999999,0.5103,0.1123,0.07770000000000001,0.1924,0.2002,2026-06
CUST1005981,0.2774,0.6131,0.0445,0.2113,0.2289,0.2713,2026-06
CUST1005982,0.2805,0.3263,0.08939999999999999,0.2248,0.3152,0.0786,2026-06
CUST1005983,0.3519,0.3165,0.0579,0.244,0.3167,0.1352,2026-06
CUST1005984,0.3039,0.01,0.01,0.2031,0.4311,0.152,2026-06
CUST1005985,0.3372,0.2361,0.0269,0.1664,0.2877,0.1087,2026-06
CUST1005986,0.3924,0.5637,0.4207,0.2321,0.1384,0.4308,2026-06
CUST1005987,0.4137,0.4097,0.4568,0.122,0.2873,0.4347,2026-06
CUST1005988,0.5062,0.3009,0.4612,0.2502,0.6142,0.3289,2026-06
CUST1005989,0.3596,0.6778999999999999,0.1779,0.2084,0.1908,0.438,2026-06
CUST1005990,0.2497,0.1851,0.09569999999999999,0.1334,0.5497,0.097,2026-06
CUST1005991,0.2602,0.2044,0.4559,0.1433,0.4099,0.38,2026-06
CUST1005992,0.292,0.506,0.342,0.5238,0.1111,0.4401,2026-06
CUST1005993,0.4416,0.8535,0.4027,0.3086,0.3205,0.2258,2026-06
CUST1005994,0.367,0.4901,0.0409,0.2063,0.3124,0.1685,2026-06
CUST1005995,0.5376,0.4199,0.066,0.1561,0.3116,0.1494,2026-06
CUST1005996,0.2068,0.355,0.4179,0.1715,0.2173,0.3571,2026-06
CUST1005997,0.2557,0.3071,0.1795,0.1546,0.5741000000000001,0.224,2026-06
CUST1005998,0.2586,0.5353,0.26,0.5893,0.1548,0.3834,2026-06
CUST1005999,0.2153,0.3531,0.5427,0.2152,0.3101,0.6841,2026-06
CUST1006000,0.3993,0.4397,0.2863,0.0593,0.6087,0.3362,2026-06
CUST1006001,0.5372,0.634,0.4061,0.0152,0.3161,0.4551,2026-06
CUST1006002,0.4354,0.4679,0.3638,0.1997,0.3689,0.4788,2026-06
CUST1006003,0.5516,0.4315,0.4332,0.2909,0.3333,0.4711,2026-06
CUST1006004,0.1246,0.5202,0.5083,0.2036,0.3955,0.646,2026-06
CUST1006005,0.2036,0.0212,0.135,0.1318,0.42,0.1053,2026-06
CUST1006006,0.3328,0.6348,0.3405,0.0574,0.2095,0.4802,2026-06
CUST1006007,0.2268,0.6661,0.1305,0.1787,0.2084,0.3465,2026-06
CUST1006008,0.3629,0.7232,0.4065,0.1826,0.197,0.446,2026-06
CUST1006009,0.3532,0.3797,0.0446,0.0965,0.2286,0.4186,2026-06
CUST1006010,0.408,0.6825,0.3695,0.1095,0.2979,0.592,2026-06
CUST1006011,0.5098,0.469,0.3418,0.1507,0.3786,0.4249,2026-06
CUST1006012,0.5764,0.466,0.4306,0.1701,0.3784,0.6025,2026-06
CUST1006013,0.2993,0.5865,0.326,0.2141,0.2236,0.3852,2026-06
CUST1006014,0.4528,0.4508,0.1499,0.1906,0.187,0.146,2026-06
CUST1006015,0.2258,0.4396,0.3928,0.5283,0.1234,0.3952,2026-06
CUST1006016,0.4952,0.4543,0.4101,0.3149,0.4135,0.5062,2026-06
CUST1006017,0.3007,0.1281,0.1918,0.6274999999999999,0.1976,0.2468,2026-06
CUST1006018,0.0697,0.1032,0.2353,0.1172,0.2977,0.2978,2026-06
CUST1006019,0.2455,0.2109,0.2623,0.1635,0.3104,0.06859999999999999,2026-06
CUST1006020,0.3029,0.1466,0.2084,0.543,0.2102,0.2344,2026-06
CUST1006021,0.3277,0.4165,0.3385,0.09909999999999999,0.3911,0.4034,2026-06
CUST1006022,0.3103,0.3344,0.4866,0.1594,0.3661,0.4408,2026-06
CUST1006023,0.425,0.3521,0.3252,0.3416,0.264,0.4311,2026-06
CUST1006024,0.309,0.3557,0.1518,0.0701,0.3559,0.1277,2026-06
CUST1006025,0.1396,0.2562,0.2318,0.3248,0.3482,0.13,2026-06
CUST1006026,0.0829,0.3603,0.4921,0.0448,0.367,0.5094,2026-06
CUST1006027,0.3456,0.5718,0.1634,0.1733,0.2208,0.3914,2026-06
CUST1006028,0.5481,0.6753,0.4386,0.261,0.3594,0.4463,2026-06
CUST1006029,0.3448,0.6696,0.226,0.1238,0.1218,0.4937,2026-06
CUST1006030,0.1982,0.3547,0.01,0.164,0.3089,0.3555,2026-06
CUST1006031,0.3734,0.4044,0.3595,0.3804,0.284,0.48,2026-06
CUST1006032,0.4414,0.4633,0.4278,0.1732,0.6065,0.4229,2026-06
CUST1006033,0.4496,0.5142,0.1256,0.325,0.3126,0.5032,2026-06
CUST1006034,0.4597,0.384,0.1483,0.1072,0.4411,0.2334,2026-06
CUST1006035,0.3711,0.6261,0.3192,0.2364,0.2865,0.4421,2026-06
CUST1006036,0.4793,0.3763,0.3076,0.1388,0.1187,0.1271,2026-06
CUST1006037,0.5119,0.3091,0.2808,0.0217,0.3838,0.1978,2026-06
CUST1006038,0.3098,0.472,0.1448,0.1469,0.4581,0.7508,2026-06
CUST1006039,0.1414,0.3899,0.1894,0.06469999999999999,0.3786,0.4257,2026-06
CUST1006040,0.2286,0.1873,0.2836,0.3466,0.3377,0.217,2026-06
CUST1006041,0.1873,0.3597,0.01,0.1892,0.2701,0.2746,2026-06
CUST1006042,0.3623,0.5663,0.3372,0.1761,0.2856,0.5312,2026-06
CUST1006043,0.1128,0.2166,0.3256,0.1948,0.2359,0.0497,2026-06
CUST1006044,0.4062,0.588,0.2585,0.2019,0.4974,0.6573,2026-06
CUST1006045,0.3991,0.5699,0.1612,0.1664,0.1658,0.49,2026-06
CUST1006046,0.3287,0.4019,0.431,0.1377,0.3631,0.7722,2026-06
CUST1006047,0.0856,0.1734,0.08450000000000001,0.1993,0.5325,0.1838,2026-06
CUST1006048,0.3326,0.2894,0.1783,0.4222,0.5476,0.4362,2026-06
CUST1006049,0.3063,0.77,0.3047,0.2832,0.2411,0.307,2026-06
CUST1006050,0.1811,0.3217,0.0665,0.2739,0.4096,0.0191,2026-06
CUST1006051,0.2192,0.4875,0.469,0.09669999999999999,0.5004999999999999,0.1459,2026-06
CUST1006052,0.4418,0.518,0.2734,0.2461,0.4768,0.0547,2026-06
CUST1006053,0.5047,0.4458,0.5618,0.0549,0.3399,0.5556,2026-06
CUST1006054,0.2904,0.2264,0.025,0.2931,0.5885,0.0588,2026-06
CUST1006055,0.3322,0.4886,0.182,0.0422,0.2903,0.7731,2026-06
CUST1006056,0.495,0.7048,0.1624,0.0363,0.3946,0.4384,2026-06
CUST1006057,0.6413,0.099,0.2455,0.1124,0.4791,0.191,2026-06
CUST1006058,0.1799,0.519,0.0163,0.1397,0.3691,0.092,2026-06
CUST1006059,0.4162,0.1019,0.0992,0.2735,0.4338,0.1939,2026-06
CUST1006060,0.053,0.167,0.1416,0.2604,0.4327,0.2781,2026-06
CUST1006061,0.2514,0.5228,0.1205,0.0984,0.4268,0.0867,2026-06
CUST1006062,0.3018,0.5406,0.5165,0.2351,0.2516,0.39,2026-06
CUST1006063,0.537,0.4578,0.2479,0.6777,0.1602,0.08740000000000001,2026-06
CUST1006064,0.4954,0.4063,0.4616,0.191,0.2612,0.5134,2026-06
CUST1006065,0.3462,0.6379,0.3417,0.2262,0.2351,0.3858,2026-06
CUST1006066,0.4663,0.4397,0.4283,0.08840000000000001,0.5134,0.4007,2026-06
CUST1006067,0.3894,0.2328,0.01,0.2995,0.254,0.1055,2026-06
CUST1006068,0.2133,0.0863,0.01,0.3172,0.2948,0.07779999999999999,2026-06
CUST1006069,0.0598,0.4936,0.3473,0.2968,0.4699,0.1727,2026-06
CUST1006070,0.3585,0.3996,0.0262,0.2852,0.3979,0.01,2026-06
CUST1006071,0.5511,0.5818,0.3805,0.2165,0.3752,0.4876,2026-06
CUST1006072,0.4273,0.6677,0.4059,0.0558,0.3107,0.4327,2026-06
CUST1006073,0.3245,0.3874,0.3226,0.1306,0.4051,0.0852,2026-06
CUST1006074,0.5008,0.2002,0.1904,0.0292,0.2686,0.1321,2026-06
CUST1006075,0.2563,0.499,0.1513,0.2521,0.2412,0.363,2026-06
CUST1006076,0.4776,0.3903,0.1504,0.2161,0.3122,0.1128,2026-06
CUST1006077,0.4815,0.667,0.3074,0.1867,0.276,0.4603,2026-06
CUST1006078,0.2457,0.3446,0.2636,0.4826,0.1863,0.3329,2026-06
CUST1006079,0.5205,0.2721,0.481,0.09080000000000001,0.467,0.0569,2026-06
CUST1006080,0.5441,0.3452,0.4195,0.0835,0.2734,0.4254,2026-06
CUST1006081,0.2672,0.3942,0.2524,0.1608,0.6002,0.2235,2026-06
CUST1006082,0.4378,0.4523,0.06850000000000001,0.1267,0.5336,0.3143,2026-06
CUST1006083,0.3157,0.6469,0.4423,0.1885,0.1756,0.7004,2026-06
CUST1006084,0.3771,0.5012,0.3604,0.1728,0.3912,0.6473,2026-06
CUST1006085,0.3158,0.2877,0.2005,0.6994,0.2335,0.174,2026-06
CUST1006086,0.2833,0.3704,0.2667,0.2261,0.328,0.5929,2026-06
CUST1006087,0.2662,0.4168,0.3811,0.1991,0.4439,0.7591,2026-06
CUST1006088,0.5356,0.6141,0.341,0.2046,0.2789,0.3203,2026-06
CUST1006089,0.5173,0.3234,0.4371,0.09959999999999999,0.4446,0.4018,2026-06
CUST1006090,0.206,0.4539,0.1783,0.1586,0.4422,0.233,2026-06
CUST1006091,0.2085,0.1881,0.3595,0.1798,0.215,0.1976,2026-06
CUST1006092,0.342,0.1983,0.3301,0.1687,0.3115,0.1527,2026-06
CUST1006093,0.5557,0.5342,0.4492,0.183,0.07099999999999999,0.6415999999999999,2026-06
CUST1006094,0.2775,0.5645,0.3595,0.3033,0.2354,0.4916,2026-06
CUST1006095,0.4457,0.5301,0.2365,0.2477,0.18,0.3206,2026-06
CUST1006096,0.1958,0.2255,0.01,0.1279,0.2077,0.3769,2026-06
CUST1006097,0.5012,0.5572,0.2756,0.0419,0.2514,0.3266,2026-06
CUST1006098,0.1653,0.1517,0.08119999999999999,0.2361,0.2379,0.3421,2026-06
CUST1006099,0.5059,0.3688,0.1708,0.4725,0.3298,0.1181,2026-06
CUST1006100,0.5127,0.5158,0.4134,0.2019,0.3532,0.4722,2026-06
CUST1006101,0.0499,0.1566,0.2923,0.1944,0.3283,0.0413,2026-06
CUST1006102,0.3017,0.4806,0.4799,0.1444,0.3303,0.4352,2026-06
CUST1006103,0.5975,0.6465,0.3135,0.1903,0.2393,0.4328,2026-06
CUST1006104,0.5633,0.392,0.2601,0.2152,0.3528,0.5103,2026-06
CUST1006105,0.3964,0.3353,0.3398,0.1038,0.2346,0.4512,2026-06
CUST1006106,0.3663,0.5934,0.5442,0.0693,0.299,0.4997,2026-06
CUST1006107,0.4136,0.4921,0.2954,0.1485,0.2107,0.3182,2026-06
CUST1006108,0.0582,0.424,0.229,0.1902,0.6867,0.5708,2026-06
CUST1006109,0.3951,0.4793,0.1344,0.0756,0.16,0.0616,2026-06
CUST1006110,0.5945,0.4945,0.2646,0.1901,0.2974,0.4856,2026-06
CUST1006111,0.3296,0.076,0.3279,0.3779,0.3204,0.1459,2026-06
CUST1006112,0.4092,0.7589,0.4553,0.06850000000000001,0.3921,0.3796,2026-06
CUST1006113,0.4294,0.2736,0.357,0.01,0.339,0.5128,2026-06
CUST1006114,0.3836,0.5068,0.1888,0.2647,0.5831,0.4486,2026-06
CUST1006115,0.319,0.2767,0.1001,0.2379,0.2411,0.1159,2026-06
CUST1006116,0.276,0.2839,0.01,0.1158,0.1977,0.01,2026-06
CUST1006117,0.3547,0.8221000000000001,0.2308,0.1995,0.2172,0.4051,2026-06
CUST1006118,0.3069,0.1842,0.0851,0.171,0.421,0.405,2026-06
CUST1006119,0.1237,0.3585,0.2763,0.2559,0.3677,0.3903,2026-06
CUST1006120,0.3993,0.1477,0.1234,0.1598,0.4773,0.2063,2026-06
CUST1006121,0.2895,0.4955,0.4962,0.1791,0.3948,0.4695,2026-06
CUST1006122,0.5233,0.3812,0.0954,0.0975,0.2776,0.2195,2026-06
CUST1006123,0.4276,0.6897,0.3681,0.01,0.3551,0.6129,2026-06
CUST1006124,0.4888,0.2671,0.2332,0.2175,0.2177,0.5447,2026-06
CUST1006125,0.1898,0.3087,0.1147,0.1693,0.2509,0.129,2026-06
CUST1006126,0.3525,0.143,0.1011,0.0915,0.4287,0.2717,2026-06
CUST1006127,0.2899,0.3769,0.2546,0.185,0.5384,0.1204,2026-06
CUST1006128,0.6584,0.1709,0.3642,0.4517,0.2975,0.0781,2026-06
CUST1006129,0.453,0.4361,0.4176,0.2666,0.3152,0.2897,2026-06
CUST1006130,0.343,0.4651,0.34,0.1459,0.4076,0.6137,2026-06
CUST1006131,0.5807,0.4001,0.0331,0.3069,0.3005,0.1849,2026-06
CUST1006132,0.267,0.3659,0.0917,0.1838,0.4155,0.2676,2026-06
CUST1006133,0.3245,0.4682,0.4117,0.1876,0.2028,0.5125999999999999,2026-06
CUST1006134,0.3185,0.6064000000000001,0.5254,0.09909999999999999,0.3755,0.5394,2026-06
CUST1006135,0.4786,0.3877,0.2895,0.0448,0.2823,0.0886,2026-06
CUST1006136,0.068,0.3549,0.1867,0.2366,0.5507,0.3724,2026-06
CUST1006137,0.2025,0.268,0.01,0.3185,0.1694,0.2595,2026-06
CUST1006138,0.6637999999999999,0.4654,0.3247,0.3241,0.218,0.4409,2026-06
CUST1006139,0.4477,0.288,0.3237,0.1211,0.5486,0.147,2026-06
CUST1006140,0.5316,0.7282,0.0594,0.5823,0.2794,0.4042,2026-06
CUST1006141,0.4365,0.6682,0.3889,0.4599,0.228,0.6169,2026-06
CUST1006142,0.368,0.5786,0.1884,0.2185,0.3261,0.5087,2026-06
CUST1006143,0.575,0.3251,0.2954,0.2189,0.3846,0.4446,2026-06
CUST1006144,0.3065,0.3832,0.4152,0.0382,0.2948,0.3055,2026-06
CUST1006145,0.5254,0.7347,0.1971,0.1126,0.1962,0.4284,2026-06
CUST1006146,0.4911,0.4333,0.1434,0.2571,0.2935,0.1323,2026-06
CUST1006147,0.2216,0.4624,0.4137,0.3614,0.3733,0.6127,2026-06
CUST1006148,0.5052,0.3616,0.3485,0.1165,0.2994,0.4112,2026-06
CUST1006149,0.373,0.5743,0.3537,0.1707,0.4363,0.4419,2026-06
CUST1006150,0.4178,0.6124000000000001,0.2253,0.21,0.2797,0.4753,2026-06
CUST1006151,0.2293,0.4969,0.1744,0.3325,0.1865,0.1174,2026-06
CUST1006152,0.3744,0.4498,0.4724,0.2203,0.3545,0.3851,2026-06
CUST1006153,0.2608,0.4997,0.2915,0.1201,0.2894,0.3545,2026-06
CUST1006154,0.2511,0.4796,0.1425,0.1595,0.271,0.2387,2026-06
CUST1006155,0.3434,0.0805,0.2657,0.6133999999999999,0.135,0.0576,2026-06
CUST1006156,0.4397,0.5724,0.4952,0.1215,0.3879,0.5026,2026-06
CUST1006157,0.4216,0.2143,0.2412,0.1504,0.4366,0.0444,2026-06
CUST1006158,0.4122,0.3951,0.2223,0.1046,0.5610000000000001,0.4618,2026-06
CUST1006159,0.4198,0.2563,0.2902,0.1076,0.2763,0.2448,2026-06
CUST1006160,0.5724,0.7352,0.1492,0.1883,0.2415,0.4886,2026-06
CUST1006161,0.2092,0.1375,0.4555,0.0235,0.3006,0.2837,2026-06
CUST1006162,0.2365,0.3623,0.369,0.1864,0.2718,0.3612,2026-06
CUST1006163,0.4954,0.588,0.6007,0.3197,0.3481,0.22,2026-06
CUST1006164,0.4981,0.2786,0.2753,0.2554,0.2501,0.6354,2026-06
CUST1006165,0.1149,0.4418,0.4507,0.2273,0.2699,0.3096,2026-06
CUST1006166,0.3818,0.6439,0.2202,0.1314,0.18,0.5692,2026-06
CUST1006167,0.1301,0.4635,0.3312,0.428,0.2287,0.2618,2026-06
CUST1006168,0.3355,0.2412,0.3411,0.01,0.1807,0.4359,2026-06
CUST1006169,0.3478,0.5276999999999999,0.3881,0.1341,0.3275,0.3178,2026-06
CUST1006170,0.2556,0.1231,0.1812,0.01,0.3737,0.1127,2026-06
CUST1006171,0.3406,0.1781,0.3847,0.1826,0.4682,0.2904,2026-06
CUST1006172,0.3722,0.38,0.3414,0.1886,0.4606,0.3437,2026-06
CUST1006173,0.1397,0.296,0.0599,0.08989999999999999,0.2515,0.1502,2026-06
CUST1006174,0.2638,0.3237,0.2941,0.2507,0.2365,0.1285,2026-06
CUST1006175,0.3862,0.2578,0.5596,0.5222,0.2703,0.4965,2026-06
CUST1006176,0.06610000000000001,0.5442,0.2936,0.08169999999999999,0.4644,0.4632,2026-06
CUST1006177,0.4961,0.4628,0.1928,0.0786,0.2412,0.4037,2026-06
CUST1006178,0.2265,0.4555,0.4286,0.1348,0.3667,0.3516,2026-06
CUST1006179,0.3022,0.4157,0.3468,0.4205,0.2633,0.6661,2026-06
CUST1006180,0.2223,0.443,0.4726,0.1645,0.4144,0.3132,2026-06
CUST1006181,0.4233,0.1982,0.2464,0.2557,0.5167,0.1224,2026-06
CUST1006182,0.5506,0.4133,0.439,0.0298,0.3568,0.4895,2026-06
CUST1006183,0.3173,0.237,0.4234,0.0481,0.2896,0.3521,2026-06
CUST1006184,0.3266,0.169,0.2674,0.0999,0.4386,0.3041,2026-06
CUST1006185,0.3766,0.4416,0.1594,0.0791,0.3005,0.1959,2026-06
CUST1006186,0.1355,0.5482,0.09420000000000001,0.07679999999999999,0.1853,0.1582,2026-06
CUST1006187,0.1678,0.1866,0.257,0.0757,0.5012,0.1227,2026-06
CUST1006188,0.3012,0.2117,0.3456,0.229,0.4442,0.1938,2026-06
CUST1006189,0.3342,0.1916,0.2075,0.1749,0.2091,0.106,2026-06
CUST1006190,0.2863,0.4201,0.1574,0.1465,0.2832,0.1435,2026-06
CUST1006191,0.3764,0.552,0.2664,0.0482,0.303,0.3778,2026-06
CUST1006192,0.4802,0.5105,0.6824,0.1967,0.4725,0.2953,2026-06
CUST1006193,0.5638,0.5695,0.3696,0.1504,0.2645,0.3994,2026-06
CUST1006194,0.4817,0.3735,0.4878,0.0737,0.4231,0.4559,2026-06
CUST1006195,0.3836,0.1995,0.1966,0.1699,0.2943,0.1077,2026-06
CUST1006196,0.4364,0.4393,0.4304,0.2543,0.479,0.5536,2026-06
CUST1006197,0.2093,0.5611,0.2879,0.1111,0.1608,0.3738,2026-06
CUST1006198,0.1266,0.4896,0.5039,0.162,0.2699,0.4742,2026-06
CUST1006199,0.3475,0.3537,0.2006,0.1851,0.3146,0.3135,2026-06
CUST1006200,0.3854,0.2338,0.3264,0.1781,0.4262,0.2044,2026-06
CUST1006201,0.4006,0.5236,0.2849,0.2367,0.4287,0.4728,2026-06
CUST1006202,0.4844,0.4457,0.3855,0.1842,0.2471,0.4611,2026-06
CUST1006203,0.5516,0.5603,0.3109,0.5937,0.06710000000000001,0.09329999999999999,2026-06
CUST1006204,0.3667,0.2804,0.1703,0.1505,0.1452,0.1643,2026-06
CUST1006205,0.4503,0.5349,0.5356,0.01,0.3826,0.6424,2026-06
CUST1006206,0.1126,0.3497,0.01,0.2476,0.2794,0.0878,2026-06
CUST1006207,0.4516,0.6758,0.3221,0.0735,0.2543,0.4508,2026-06
CUST1006208,0.5187,0.794,0.3191,0.2677,0.1402,0.4471,2026-06
CUST1006209,0.5597,0.1716,0.2259,0.0916,0.3016,0.1115,2026-06
CUST1006210,0.2811,0.4161,0.3572,0.2595,0.2949,0.2553,2026-06
CUST1006211,0.2187,0.2369,0.3799,0.1756,0.2763,0.0276,2026-06
CUST1006212,0.356,0.3931,0.4175,0.1737,0.4207,0.337,2026-06
CUST1006213,0.4302,0.5718,0.3403,0.0125,0.1098,0.7343,2026-06
CUST1006214,0.4033,0.6236,0.5085,0.2725,0.234,0.5718,2026-06
CUST1006215,0.5991,0.7239,0.2757,0.1703,0.2521,0.5097,2026-06
CUST1006216,0.4176,0.572,0.2093,0.3914,0.2524,0.4584,2026-06
CUST1006217,0.3688,0.3731,0.3861,0.1422,0.2764,0.3266,2026-06
CUST1006218,0.3679,0.4125,0.3489,0.2341,0.3132,0.4907,2026-06
CUST1006219,0.4661,0.3866,0.3997,0.2392,0.3321,0.1648,2026-06
CUST1006220,0.348,0.1444,0.1301,0.2715,0.536,0.1293,2026-06
CUST1006221,0.2515,0.3645,0.3223,0.1505,0.374,0.3473,2026-06
CUST1006222,0.4301,0.7226,0.444,0.2041,0.3033,0.613,2026-06
CUST1006223,0.3505,0.2054,0.284,0.1671,0.2812,0.2036,2026-06
CUST1006224,0.2524,0.4167,0.2174,0.2465,0.352,0.2282,2026-06
CUST1006225,0.158,0.1972,0.1062,0.2493,0.1735,0.1789,2026-06
CUST1006226,0.1554,0.3809,0.2944,0.1784,0.3272,0.3129,2026-06
CUST1006227,0.4224,0.5098,0.435,0.241,0.3573,0.4099,2026-06
CUST1006228,0.3115,0.4985,0.1045,0.2626,0.2757,0.336,2026-06
CUST1006229,0.4542,0.4397,0.4894,0.1184,0.4083,0.4916,2026-06
CUST1006230,0.3102,0.2811,0.438,0.0299,0.5486,0.5648,2026-06
CUST1006231,0.4071,0.5034,0.3837,0.1003,0.3575,0.3106,2026-06
CUST1006232,0.2575,0.0582,0.2196,0.2986,0.4912,0.3827,2026-06
CUST1006233,0.2056,0.3723,0.368,0.07530000000000001,0.4632,0.6567,2026-06
CUST1006234,0.1251,0.1388,0.4052,0.1563,0.3354,0.2803,2026-06
CUST1006235,0.2264,0.6102,0.5223,0.1078,0.3859,0.396,2026-06
CUST1006236,0.4504,0.6398,0.2716,0.2357,0.3486,0.4945,2026-06
CUST1006237,0.524,0.308,0.1337,0.1465,0.362,0.1451,2026-06
CUST1006238,0.3404,0.4074,0.4515,0.0543,0.3688,0.2223,2026-06
CUST1006239,0.2973,0.6317,0.1887,0.2198,0.33,0.3816,2026-06
CUST1006240,0.3099,0.4408,0.4638,0.1883,0.3751,0.3236,2026-06
CUST1006241,0.3688,0.5263,0.4737,0.4286,0.437,0.5483,2026-06
CUST1006242,0.2149,0.2463,0.0804,0.2027,0.5049,0.2365,2026-06
CUST1006243,0.3354,0.4274,0.2438,0.2294,0.498,0.2519,2026-06
CUST1006244,0.223,0.5286,0.1577,0.3498,0.3426,0.2535,2026-06
CUST1006245,0.2709,0.4532,0.2005,0.2152,0.2315,0.3106,2026-06
CUST1006246,0.141,0.5567,0.1958,0.2969,0.3954,0.3243,2026-06
CUST1006247,0.2515,0.4703,0.4499,0.1287,0.3111,0.376,2026-06
CUST1006248,0.5164,0.7204,0.4542,0.1098,0.2215,0.396,2026-06
CUST1006249,0.4434,0.4851,0.4983,0.176,0.4286,0.3641,2026-06
CUST1006250,0.2964,0.4047,0.4141,0.1068,0.349,0.3243,2026-06
CUST1006251,0.2374,0.4475,0.4783,0.263,0.5514,0.6657,2026-06
CUST1006252,0.373,0.1974,0.3301,0.01,0.4614,0.1891,2026-06
CUST1006253,0.2349,0.255,0.2787,0.1078,0.318,0.3115,2026-06
CUST1006254,0.3527,0.331,0.1877,0.1084,0.4031,0.3706,2026-06
CUST1006255,0.454,0.2789,0.4208,0.3313,0.4526,0.3157,2026-06
CUST1006256,0.4396,0.24,0.2351,0.1787,0.5303,0.1524,2026-06
CUST1006257,0.2132,0.4787,0.1299,0.2333,0.3299,0.1228,2026-06
CUST1006258,0.3375,0.6845,0.1304,0.2232,0.3884,0.4253,2026-06
CUST1006259,0.1883,0.7347,0.236,0.2703,0.3042,0.6316000000000001,2026-06
CUST1006260,0.429,0.1275,0.3709,0.1401,0.3196,0.2382,2026-06
CUST1006261,0.3167,0.674,0.2147,0.2123,0.2881,0.3935,2026-06
CUST1006262,0.1728,0.5934,0.1855,0.1025,0.325,0.6014,2026-06
CUST1006263,0.4611,0.3652,0.2403,0.2259,0.2168,0.229,2026-06
CUST1006264,0.5458,0.3523,0.4555,0.3679,0.5474,0.3042,2026-06
CUST1006265,0.4413,0.5492,0.5219,0.268,0.3232,0.549,2026-06
CUST1006266,0.4375,0.5617,0.2439,0.076,0.2704,0.4064,2026-06
CUST1006267,0.1952,0.4409,0.4449,0.2547,0.3905,0.6252,2026-06
CUST1006268,0.48,0.5423,0.234,0.3133,0.2667,0.4385,2026-06
CUST1006269,0.5387,0.4041,0.2088,0.2918,0.3661,0.296,2026-06
CUST1006270,0.2766,0.5973000000000001,0.2534,0.1872,0.5600000000000001,0.341,2026-06
CUST1006271,0.3288,0.4457,0.4647,0.1625,0.3587,0.7161,2026-06
CUST1006272,0.2606,0.4866,0.3467,0.2671,0.2388,0.2889,2026-06
CUST1006273,0.2586,0.4855,0.01,0.2556,0.6036,0.4169,2026-06
CUST1006274,0.185,0.6379,0.1814,0.2767,0.3099,0.4131,2026-06
CUST1006275,0.3849,0.3594,0.4309,0.2262,0.5851,0.2558,2026-06
CUST1006276,0.3175,0.3487,0.3038,0.2956,0.3383,0.5404,2026-06
CUST1006277,0.4468,0.8742,0.1591,0.2078,0.1647,0.3964,2026-06
CUST1006278,0.1098,0.5077,0.01,0.1814,0.2845,0.2002,2026-06
CUST1006279,0.3616,0.2262,0.2779,0.2147,0.3843,0.06950000000000001,2026-06
CUST1006280,0.4017,0.6836,0.3213,0.1694,0.2128,0.4439,2026-06
CUST1006281,0.5685,0.64,0.4989,0.0881,0.3229,0.5153,2026-06
CUST1006282,0.3951,0.6457000000000001,0.1237,0.2452,0.4213,0.4185,2026-06
CUST1006283,0.2376,0.7528,0.278,0.2486,0.3174,0.4383,2026-06
CUST1006284,0.4541,0.498,0.1561,0.2189,0.2642,0.1323,2026-06
CUST1006285,0.55,0.5308,0.4873,0.1602,0.6296,0.4188,2026-06
CUST1006286,0.4009,0.4676,0.162,0.0561,0.3904,0.4219,2026-06
CUST1006287,0.3996,0.3629,0.323,0.1792,0.2936,0.538,2026-06
CUST1006288,0.1041,0.4813,0.1445,0.2517,0.1943,0.3814,2026-06
CUST1006289,0.3487,0.551,0.1309,0.1103,0.1017,0.2478,2026-06
CUST1006290,0.4532,0.4645,0.5527,0.2048,0.368,0.3608,2026-06
CUST1006291,0.3275,0.4436,0.4313,0.224,0.2416,0.5084,2026-06
CUST1006292,0.2394,0.2281,0.0229,0.2187,0.3339,0.2151,2026-06
CUST1006293,0.2456,0.5659999999999999,0.4241,0.2039,0.3314,0.7275,2026-06
CUST1006294,0.2995,0.2539,0.592,0.1244,0.1687,0.5326,2026-06
CUST1006295,0.3595,0.4429,0.3998,0.1189,0.6266,0.4058,2026-06
CUST1006296,0.01,0.2568,0.0602,0.7645,0.3088,0.1681,2026-06
CUST1006297,0.2519,0.3467,0.2825,0.0951,0.3754,0.5076000000000001,2026-06
CUST1006298,0.3757,0.3778,0.4146,0.1757,0.6953,0.3804,2026-06
CUST1006299,0.4771,0.472,0.2209,0.2229,0.4389,0.5296999999999999,2026-06
CUST1006300,0.279,0.5026,0.3311,0.5508,0.1605,0.2469,2026-06
CUST1006301,0.3366,0.6596,0.2437,0.2657,0.3802,0.368,2026-06
CUST1006302,0.091,0.3269,0.0992,0.1401,0.07389999999999999,0.1188,2026-06
CUST1006303,0.3267,0.2041,0.1672,0.2274,0.2667,0.1483,2026-06
CUST1006304,0.2568,0.2906,0.1982,0.1938,0.3384,0.0402,2026-06
CUST1006305,0.0234,0.1848,0.01,0.1597,0.5722,0.1214,2026-06
CUST1006306,0.506,0.3236,0.215,0.2206,0.5573,0.3322,2026-06
CUST1006307,0.2664,0.158,0.2632,0.1246,0.3385,0.3203,2026-06
CUST1006308,0.5362,0.4304,0.2828,0.0958,0.3299,0.2134,2026-06
CUST1006309,0.4719,0.3424,0.2199,0.2982,0.3632,0.1726,2026-06
CUST1006310,0.4323,0.08400000000000001,0.3401,0.5262,0.1685,0.0617,2026-06
CUST1006311,0.3305,0.3375,0.2242,0.1776,0.2868,0.171,2026-06
CUST1006312,0.4296,0.6266,0.3683,0.6583,0.5027,0.3774,2026-06
CUST1006313,0.3924,0.4205,0.3629,0.0756,0.2618,0.4315,2026-06
CUST1006314,0.3047,0.3238,0.3868,0.2195,0.3299,0.5024999999999999,2026-06
CUST1006315,0.5163,0.2725,0.0747,0.2897,0.4338,0.2327,2026-06
CUST1006316,0.3857,0.2701,0.4311,0.1193,0.3224,0.3128,2026-06
CUST1006317,0.4589,0.5368000000000001,0.5645,0.12,0.2445,0.4043,2026-06
CUST1006318,0.4088,0.3989,0.1324,0.3343,0.3738,0.4304,2026-06
CUST1006319,0.2863,0.4361,0.404,0.0153,0.3215,0.6103,2026-06
CUST1006320,0.2402,0.2796,0.0925,0.2057,0.1738,0.2504,2026-06
CUST1006321,0.2584,0.3577,0.06900000000000001,0.3333,0.4084,0.1042,2026-06
CUST1006322,0.2897,0.5813,0.2549,0.2203,0.2414,0.4639,2026-06
CUST1006323,0.4628,0.3767,0.4469,0.2198,0.3303,0.4256,2026-06
CUST1006324,0.1628,0.4221,0.0854,0.1094,0.325,0.2802,2026-06
CUST1006325,0.4055,0.4228,0.3453,0.1979,0.3052,0.2386,2026-06
CUST1006326,0.3182,0.4616,0.3385,0.321,0.4494,0.492,2026-06
CUST1006327,0.4788,0.4681,0.5142,0.1304,0.4325,0.4526,2026-06
CUST1006328,0.5059,0.5323,0.2841,0.2704,0.3113,0.2498,2026-06
CUST1006329,0.1319,0.8206,0.2184,0.1583,0.252,0.5054,2026-06
CUST1006330,0.476,0.3187,0.4248,0.1388,0.5794,0.01,2026-06
CUST1006331,0.3921,0.1307,0.2846,0.298,0.2901,0.2953,2026-06
CUST1006332,0.2957,0.3894,0.3879,0.1724,0.4045,0.3346,2026-06
CUST1006333,0.296,0.1902,0.3181,0.035,0.2942,0.0964,2026-06
CUST1006334,0.0837,0.1973,0.3465,0.2315,0.4729,0.1202,2026-06
CUST1006335,0.1332,0.6266,0.2839,0.232,0.2401,0.5494,2026-06
CUST1006336,0.4128,0.446,0.427,0.1738,0.2537,0.455,2026-06
CUST1006337,0.2956,0.2487,0.2876,0.244,0.4741,0.0153,2026-06
CUST1006338,0.4557,0.3578,0.4321,0.2548,0.2852,0.45,2026-06
CUST1006339,0.4947,0.6644,0.1484,0.2936,0.3315,0.4242,2026-06
CUST1006340,0.5728,0.5007,0.0226,0.0527,0.3882,0.07530000000000001,2026-06
CUST1006341,0.2186,0.3377,0.2476,0.1933,0.2102,0.5542,2026-06
CUST1006342,0.6211,0.611,0.3549,0.1609,0.2179,0.4256,2026-06
CUST1006343,0.2983,0.7242,0.2177,0.3291,0.283,0.4079,2026-06
CUST1006344,0.3717,0.4909,0.3251,0.292,0.3569,0.5175,2026-06
CUST1006345,0.314,0.5893,0.01,0.3255,0.1971,0.2086,2026-06
CUST1006346,0.3714,0.3936,0.3629,0.2649,0.4375,0.5013,2026-06
CUST1006347,0.3438,0.2881,0.5217000000000001,0.1869,0.2589,0.4728,2026-06
CUST1006348,0.4066,0.678,0.2993,0.1281,0.2593,0.4775,2026-06
CUST1006349,0.4289,0.4149,0.26,0.1531,0.5625,0.5364,2026-06
CUST1006350,0.366,0.5048,0.398,0.2815,0.1561,0.4604,2026-06
CUST1006351,0.4921,0.4499,0.3782,0.2326,0.5175999999999999,0.2842,2026-06
CUST1006352,0.2529,0.3932,0.01,0.1696,0.2592,0.2109,2026-06
CUST1006353,0.3121,0.4809,0.3551,0.1239,0.3536,0.2199,2026-06
CUST1006354,0.4665,0.2709,0.4555,0.3054,0.4165,0.8204,2026-06
CUST1006355,0.4932,0.4515,0.3023,0.1098,0.2756,0.537,2026-06
CUST1006356,0.2841,0.7506,0.4295,0.255,0.2048,0.3156,2026-06
CUST1006357,0.4488,0.6006,0.5203,0.0693,0.3129,0.3929,2026-06
CUST1006358,0.3196,0.578,0.0405,0.2658,0.3628,0.0399,2026-06
CUST1006359,0.1926,0.2799,0.3257,0.1014,0.3068,0.6523,2026-06
CUST1006360,0.3795,0.5044999999999999,0.3484,0.1577,0.4135,0.3379,2026-06
CUST1006361,0.1302,0.2098,0.2234,0.3665,0.5759,0.1173,2026-06
CUST1006362,0.4063,0.4004,0.4381,0.12,0.3233,0.4524,2026-06
CUST1006363,0.2013,0.6204,0.2985,0.0522,0.3988,0.4221,2026-06
CUST1006364,0.4471,0.4778,0.2682,0.312,0.3443,0.5638,2026-06
CUST1006365,0.4714,0.4828,0.5013,0.1495,0.4032,0.7506,2026-06
CUST1006366,0.3286,0.8377,0.0329,0.282,0.2249,0.3665,2026-06
CUST1006367,0.3963,0.511,0.6319,0.1124,0.3829,0.5715,2026-06
CUST1006368,0.4099,0.6113,0.3768,0.1703,0.5719,0.5087,2026-06
CUST1006369,0.3869,0.249,0.0506,0.1633,0.3708,0.2744,2026-06
CUST1006370,0.4161,0.5347,0.3553,0.0473,0.418,0.4921,2026-06
CUST1006371,0.2184,0.4619,0.4937,0.1427,0.3811,0.3628,2026-06
CUST1006372,0.3849,0.3706,0.0118,0.1226,0.3639,0.2313,2026-06
CUST1006373,0.2536,0.5467,0.3447,0.2396,0.5195,0.4329,2026-06
CUST1006374,0.4824,0.4368,0.4533,0.025,0.3572,0.4127,2026-06
CUST1006375,0.2723,0.2353,0.2284,0.06850000000000001,0.3219,0.1331,2026-06
CUST1006376,0.3767,0.497,0.3733,0.0982,0.2916,0.6483,2026-06
CUST1006377,0.2916,0.3246,0.4173,0.138,0.3083,0.1645,2026-06
CUST1006378,0.3822,0.321,0.4997,0.1714,0.3659,0.6862,2026-06
CUST1006379,0.4474,0.5346,0.4172,0.1451,0.4413,0.3424,2026-06
CUST1006380,0.4724,0.1746,0.2422,0.224,0.3406,0.3099,2026-06
CUST1006381,0.3925,0.4557,0.5244,0.2386,0.3243,0.431,2026-06
CUST1006382,0.4784,0.5959,0.2408,0.1666,0.5192,0.3693,2026-06
CUST1006383,0.4669,0.6201,0.3534,0.2117,0.4229,0.5774,2026-06
CUST1006384,0.391,0.8215,0.3527,0.1127,0.3229,0.3302,2026-06
CUST1006385,0.5404,0.6414,0.296,0.01,0.2704,0.5292,2026-06
CUST1006386,0.4499,0.4864,0.3941,0.1552,0.3606,0.6467000000000001,2026-06
CUST1006387,0.2568,0.5579,0.1689,0.6002,0.2454,0.3891,2026-06
CUST1006388,0.2196,0.4321,0.3016,0.1327,0.4031,0.34,2026-06
CUST1006389,0.2387,0.5108,0.0602,0.2478,0.4688,0.3324,2026-06
CUST1006390,0.3046,0.3255,0.3616,0.1957,0.2327,0.6413,2026-06
CUST1006391,0.5634,0.677,0.4711,0.289,0.236,0.5377999999999999,2026-06
CUST1006392,0.2617,0.181,0.3341,0.0525,0.4646,0.09520000000000001,2026-06
CUST1006393,0.1576,0.4558,0.5987,0.1692,0.3253,0.6381,2026-06
CUST1006394,0.2742,0.3622,0.4339,0.1047,0.3868,0.3614,2026-06
CUST1006395,0.4874,0.6368,0.3182,0.0721,0.2981,0.479,2026-06
CUST1006396,0.2961,0.5663,0.1952,0.1405,0.2918,0.352,2026-06
CUST1006397,0.3323,0.5695,0.4088,0.1683,0.2915,0.4704,2026-06
CUST1006398,0.2875,0.7336,0.0709,0.2707,0.4011,0.1889,2026-06
CUST1006399,0.2588,0.4871,0.32,0.1739,0.3304,0.1929,2026-06
CUST1006400,0.1295,0.609,0.1435,0.2196,0.3894,0.4601,2026-06
CUST1006401,0.281,0.6445,0.397,0.0167,0.1701,0.5770999999999999,2026-06
CUST1006402,0.4916,0.5588,0.3587,0.0557,0.2775,0.2904,2026-06
CUST1006403,0.6622,0.3152,0.2269,0.2548,0.3875,0.1737,2026-06
CUST1006404,0.4073,0.6173999999999999,0.5131,0.0712,0.2291,0.4152,2026-06
CUST1006405,0.225,0.2843,0.0277,0.286,0.1279,0.3073,2026-06
CUST1006406,0.1953,0.3367,0.035,0.2164,0.2978,0.2477,2026-06
CUST1006407,0.5159,0.4512,0.4155,0.162,0.3066,0.4368,2026-06
CUST1006408,0.276,0.4596,0.0539,0.1688,0.441,0.2811,2026-06
CUST1006409,0.1994,0.6665,0.1049,0.5474,0.1867,0.3191,2026-06
CUST1006410,0.3965,0.5072,0.1717,0.2487,0.2049,0.4043,2026-06
CUST1006411,0.4651,0.2666,0.4345,0.1862,0.6617,0.1664,2026-06
CUST1006412,0.1441,0.5285,0.5276,0.2481,0.3794,0.614,2026-06
CUST1006413,0.279,0.6262,0.2002,0.1961,0.4121,0.3015,2026-06
CUST1006414,0.3195,0.5938,0.1834,0.2384,0.4295,0.3395,2026-06
CUST1006415,0.2385,0.3038,0.3622,0.1059,0.2968,0.6588000000000001,2026-06
CUST1006416,0.5533,0.7528,0.3548,0.1326,0.1572,0.4005,2026-06
CUST1006417,0.4921,0.4476,0.5155,0.0771,0.3745,0.4203,2026-06
CUST1006418,0.2642,0.1258,0.3996,0.0461,0.2254,0.1498,2026-06
CUST1006419,0.5132,0.4918,0.4949,0.2823,0.3176,0.5168,2026-06
CUST1006420,0.2592,0.261,0.3449,0.2428,0.5603,0.0357,2026-06
CUST1006421,0.4519,0.6138,0.4066,0.1273,0.1777,0.3934,2026-06
CUST1006422,0.5012,0.1554,0.2616,0.573,0.2325,0.01,2026-06
CUST1006423,0.3876,0.3437,0.4327,0.1618,0.2851,0.6274,2026-06
CUST1006424,0.4828,0.3401,0.364,0.1914,0.3621,0.5348000000000001,2026-06
CUST1006425,0.2357,0.4086,0.4704,0.2284,0.3575,0.4921,2026-06
CUST1006426,0.4194,0.4115,0.1386,0.01,0.5582,0.0315,2026-06
CUST1006427,0.4898,0.3289,0.09080000000000001,0.1192,0.3624,0.27,2026-06
CUST1006428,0.2756,0.4091,0.3612,0.1905,0.3393,0.3942,2026-06
CUST1006429,0.3886,0.3427,0.4178,0.2956,0.398,0.1459,2026-06
CUST1006430,0.1737,0.218,0.01,0.1103,0.3251,0.0939,2026-06
CUST1006431,0.0226,0.5165,0.3387,0.1448,0.206,0.3998,2026-06
CUST1006432,0.1689,0.5629,0.4615,0.1764,0.3556,0.5059,2026-06
CUST1006433,0.5494,0.5810999999999999,0.1696,0.3292,0.3037,0.6735,2026-06
CUST1006434,0.4302,0.5013,0.3844,0.2821,0.3907,0.7544,2026-06
CUST1006435,0.3401,0.6403,0.1976,0.1301,0.4361,0.4982,2026-06
CUST1006436,0.4631,0.5081,0.2811,0.2689,0.3258,0.3968,2026-06
CUST1006437,0.4421,0.6071,0.163,0.1633,0.3149,0.3731,2026-06
CUST1006438,0.392,0.4269,0.0319,0.3186,0.2842,0.4241,2026-06
CUST1006439,0.4845,0.3319,0.1334,0.2172,0.3534,0.2805,2026-06
CUST1006440,0.4104,0.3287,0.4425,0.2745,0.5629,0.2825,2026-06
CUST1006441,0.2666,0.2624,0.4607,0.226,0.1643,0.4288,2026-06
CUST1006442,0.1345,0.4484,0.4727,0.1261,0.3736,0.4127,2026-06
CUST1006443,0.4145,0.3748,0.4595,0.292,0.4059,0.3149,2026-06
CUST1006444,0.526,0.4709,0.4767,0.1282,0.3542,0.4322,2026-06
CUST1006445,0.3974,0.7464,0.3306,0.2744,0.4278,0.4539,2026-06
CUST1006446,0.4782,0.3683,0.2106,0.6006,0.2244,0.036,2026-06
CUST1006447,0.3106,0.5780999999999999,0.2757,0.1649,0.1808,0.3675,2026-06
CUST1006448,0.1217,0.7611,0.01,0.1597,0.268,0.3508,2026-06
CUST1006449,0.5002,0.2374,0.1624,0.1362,0.3353,0.1531,2026-06
CUST1006450,0.2615,0.4007,0.4628,0.2668,0.4717,0.5152,2026-06
CUST1006451,0.1891,0.4829,0.3218,0.1458,0.3429,0.3196,2026-06
CUST1006452,0.2794,0.5097,0.383,0.1509,0.315,0.532,2026-06
CUST1006453,0.4245,0.5641,0.4704,0.1846,0.3182,0.8076,2026-06
CUST1006454,0.3083,0.1893,0.2595,0.1571,0.2192,0.7606000000000001,2026-06
CUST1006455,0.3867,0.4589,0.2999,0.2671,0.3654,0.5223,2026-06
CUST1006456,0.4127,0.5798,0.5093,0.1691,0.3617,0.1153,2026-06
CUST1006457,0.476,0.3601,0.4589,0.1656,0.3123,0.7705,2026-06
CUST1006458,0.3067,0.4135,0.3293,0.1614,0.3255,0.4059,2026-06
CUST1006459,0.5747,0.3436,0.0929,0.1511,0.426,0.2168,2026-06
CUST1006460,0.3348,0.1941,0.1843,0.1452,0.3266,0.1421,2026-06
CUST1006461,0.0577,0.1359,0.3477,0.2526,0.3942,0.08550000000000001,2026-06
CUST1006462,0.4176,0.3285,0.3456,0.09959999999999999,0.3605,0.4115,2026-06
CUST1006463,0.4887,0.5573,0.4492,0.1511,0.5019,0.616,2026-06
CUST1006464,0.6124000000000001,0.6437,0.5603,0.2083,0.4007,0.4805,2026-06
CUST1006465,0.3154,0.3132,0.267,0.2179,0.3279,0.3313,2026-06
CUST1006466,0.2037,0.3707,0.3478,0.1289,0.308,0.4674,2026-06
CUST1006467,0.3427,0.5765,0.3579,0.1936,0.4506,0.4647,2026-06
CUST1006468,0.2062,0.2423,0.01,0.2833,0.6153,0.0559,2026-06
CUST1006469,0.5106000000000001,0.7091,0.2501,0.0206,0.1739,0.4953,2026-06
CUST1006470,0.5372,0.7245,0.3265,0.105,0.3277,0.5312,2026-06
CUST1006471,0.3373,0.4818,0.1463,0.1615,0.5611,0.4062,2026-06
CUST1006472,0.2403,0.5833,0.2328,0.3369,0.3323,0.4435,2026-06
CUST1006473,0.3569,0.0853,0.2866,0.0649,0.2992,0.1791,2026-06
CUST1006474,0.2675,0.5227000000000001,0.1076,0.2236,0.1597,0.5531,2026-06
CUST1006475,0.3806,0.6867,0.2843,0.2429,0.4517,0.622,2026-06
CUST1006476,0.4138,0.3859,0.324,0.0157,0.3064,0.4175,2026-06
CUST1006477,0.1797,0.307,0.307,0.4696,0.1801,0.5229,2026-06
CUST1006478,0.2138,0.45,0.2543,0.01,0.385,0.449,2026-06
CUST1006479,0.3492,0.5254,0.5919,0.1321,0.3351,0.289,2026-06
CUST1006480,0.3828,0.6274999999999999,0.3684,0.1972,0.368,0.2584,2026-06
CUST1006481,0.4242,0.347,0.4061,0.236,0.3329,0.2691,2026-06
CUST1006482,0.1208,0.2378,0.01,0.08309999999999999,0.6783,0.1163,2026-06
CUST1006483,0.1876,0.2187,0.0561,0.0941,0.3013,0.064,2026-06
CUST1006484,0.0839,0.2884,0.2686,0.1879,0.4201,0.4016,2026-06
CUST1006485,0.5374,0.436,0.3087,0.1054,0.3383,0.387,2026-06
CUST1006486,0.4872,0.7645,0.321,0.2212,0.1909,0.1982,2026-06
CUST1006487,0.221,0.2003,0.2825,0.01,0.3407,0.5394,2026-06
CUST1006488,0.4735,0.6047,0.01,0.2271,0.2317,0.1073,2026-06
CUST1006489,0.425,0.3907,0.3127,0.0989,0.3804,0.3416,2026-06
CUST1006490,0.6279,0.5231,0.2667,0.1763,0.4446,0.3379,2026-06
CUST1006491,0.3549,0.3054,0.2986,0.1515,0.3874,0.01,2026-06
CUST1006492,0.5915,0.319,0.3767,0.1273,0.1813,0.4522,2026-06
CUST1006493,0.3856,0.5446,0.2291,0.3013,0.2262,0.5982,2026-06
CUST1006494,0.4364,0.633,0.4059,0.3113,0.2757,0.5497,2026-06
CUST1006495,0.4395,0.494,0.5064,0.2324,0.3708,0.5734,2026-06
CUST1006496,0.4162,0.5342,0.4158,0.201,0.2903,0.2962,2026-06
CUST1006497,0.3139,0.1813,0.1149,0.0737,0.3465,0.025,2026-06
CUST1006498,0.513,0.4161,0.4343,0.1879,0.3797,0.5429,2026-06
CUST1006499,0.1942,0.1666,0.1545,0.2374,0.2647,0.1744,2026-06
CUST1006500,0.2802,0.4215,0.3776,0.0619,0.5372,0.1804,2026-06
CUST1006501,0.1207,0.3323,0.2699,0.1308,0.4474,0.3464,2026-06
CUST1006502,0.5044999999999999,0.6677999999999999,0.1183,0.058,0.3129,0.403,2026-06
CUST1006503,0.5185999999999999,0.3402,0.2931,0.2326,0.3958,0.0738,2026-06
CUST1006504,0.3328,0.1104,0.1977,0.1545,0.2789,0.3866,2026-06
CUST1006505,0.4642,0.4185,0.3958,0.1832,0.4877,0.4966,2026-06
CUST1006506,0.2333,0.5334,0.2535,0.0341,0.4066,0.3664,2026-06
CUST1006507,0.3708,0.6402,0.2962,0.2373,0.2335,0.4295,2026-06
CUST1006508,0.5429,0.124,0.1671,0.4528,0.2701,0.1279,2026-06
CUST1006509,0.5697,0.4575,0.347,0.0974,0.5296999999999999,0.6028,2026-06
CUST1006510,0.3164,0.4388,0.3214,0.2179,0.2175,0.3045,2026-06
CUST1006511,0.2568,0.2436,0.06,0.1456,0.2087,0.3822,2026-06
CUST1006512,0.3362,0.4491,0.5199,0.2688,0.4378,0.3136,2026-06
CUST1006513,0.2398,0.5639999999999999,0.4723,0.1514,0.1092,0.5849,2026-06
CUST1006514,0.2326,0.445,0.5031,0.143,0.478,0.6136,2026-06
CUST1006515,0.2277,0.5086000000000001,0.2425,0.1832,0.2993,0.4681,2026-06
CUST1006516,0.3587,0.5804,0.4677,0.1865,0.4562,0.3878,2026-06
CUST1006517,0.2034,0.2338,0.2138,0.1264,0.4397,0.0267,2026-06
CUST1006518,0.3632,0.6338,0.5109,0.0862,0.2664,0.5847,2026-06
CUST1006519,0.4993,0.6836,0.4174,0.09080000000000001,0.2753,0.4511,2026-06
CUST1006520,0.4859,0.4341,0.3768,0.0566,0.3767,0.4811,2026-06
CUST1006521,0.2732,0.5898,0.4491,0.1259,0.365,0.3209,2026-06
CUST1006522,0.5782,0.5974,0.4533,0.1501,0.3761,0.415,2026-06
CUST1006523,0.4231,0.1196,0.0301,0.0813,0.6287,0.18,2026-06
CUST1006524,0.4822,0.3411,0.3236,0.4688,0.6659,0.1251,2026-06
CUST1006525,0.2753,0.3166,0.5417999999999999,0.058,0.4868,0.6189,2026-06
CUST1006526,0.3743,0.4482,0.2147,0.1609,0.3462,0.2471,2026-06
CUST1006527,0.4084,0.5657,0.5692,0.0233,0.2888,0.369,2026-06
CUST1006528,0.1161,0.5652,0.1488,0.2937,0.2598,0.407,2026-06
CUST1006529,0.3733,0.4837,0.2758,0.0348,0.3923,0.6325,2026-06
CUST1006530,0.2406,0.1644,0.2073,0.267,0.3335,0.0941,2026-06
CUST1006531,0.2819,0.3695,0.315,0.0635,0.2762,0.6646,2026-06
CUST1006532,0.3895,0.3881,0.2088,0.0363,0.24,0.1422,2026-06
CUST1006533,0.3426,0.2071,0.2191,0.2872,0.3441,0.1608,2026-06
CUST1006534,0.2191,0.168,0.3191,0.3011,0.2879,0.01,2026-06
CUST1006535,0.451,0.08,0.3183,0.2025,0.3458,0.2523,2026-06
CUST1006536,0.1213,0.2015,0.2695,0.2085,0.4218,0.2842,2026-06
CUST1006537,0.2188,0.5162,0.2001,0.1836,0.162,0.4434,2026-06
CUST1006538,0.07149999999999999,0.5241,0.2974,0.3181,0.2619,0.3973,2026-06
CUST1006539,0.2492,0.5245,0.2929,0.094,0.4065,0.3242,2026-06
CUST1006540,0.1349,0.544,0.2077,0.3183,0.1041,0.4349,2026-06
CUST1006541,0.3008,0.4268,0.2535,0.2704,0.5836,0.4502,2026-06
CUST1006542,0.343,0.5262,0.3714,0.0891,0.4422,0.323,2026-06
CUST1006543,0.2191,0.5399,0.4399,0.1937,0.2787,0.4621,2026-06
CUST1006544,0.2902,0.5387,0.1654,0.2131,0.1308,0.3251,2026-06
CUST1006545,0.3098,0.261,0.2372,0.2509,0.1479,0.076,2026-06
CUST1006546,0.2325,0.6731,0.2775,0.3209,0.191,0.3315,2026-06
CUST1006547,0.3361,0.6495,0.3168,0.0366,0.2908,0.712,2026-06
CUST1006548,0.3788,0.4284,0.1273,0.5412,0.2042,0.1752,2026-06
CUST1006549,0.4768,0.5661,0.398,0.2934,0.2628,0.4271,2026-06
CUST1006550,0.386,0.4021,0.2467,0.6388,0.1489,0.3882,2026-06
CUST1006551,0.163,0.3817,0.3635,0.4996,0.3364,0.2685,2026-06
CUST1006552,0.08890000000000001,0.4247,0.5213,0.136,0.2742,0.4397,2026-06
CUST1006553,0.503,0.2303,0.3539,0.1828,0.3864,0.2427,2026-06
CUST1006554,0.2511,0.1113,0.2707,0.1518,0.2599,0.1914,2026-06
CUST1006555,0.3521,0.2561,0.1072,0.1629,0.573,0.1039,2026-06
CUST1006556,0.2773,0.6597,0.1949,0.3835,0.1771,0.3495,2026-06
CUST1006557,0.3556,0.4098,0.2852,0.3447,0.2783,0.5838,2026-06
CUST1006558,0.3845,0.3491,0.2714,0.0793,0.2847,0.3906,2026-06
CUST1006559,0.1774,0.2396,0.3278,0.09719999999999999,0.2809,0.4719,2026-06
CUST1006560,0.1988,0.4425,0.4731,0.15,0.3128,0.4692,2026-06
CUST1006561,0.2528,0.6529,0.341,0.1196,0.3928,0.4816,2026-06
CUST1006562,0.4661,0.3839,0.4064,0.2501,0.6412,0.5366,2026-06
CUST1006563,0.3217,0.4378,0.1839,0.1128,0.4221,0.1319,2026-06
CUST1006564,0.1842,0.4216,0.149,0.2439,0.1646,0.2213,2026-06
CUST1006565,0.5718,0.4365,0.3348,0.0582,0.4584,0.3464,2026-06
CUST1006566,0.27,0.1374,0.3061,0.1774,0.4859,0.277,2026-06
CUST1006567,0.4452,0.5043,0.4047,0.1782,0.2482,0.6264,2026-06
CUST1006568,0.4807,0.3892,0.6366000000000001,0.2473,0.4573,0.353,2026-06
CUST1006569,0.3544,0.4079,0.2314,0.1905,0.3798,0.7329,2026-06
CUST1006570,0.2355,0.113,0.278,0.1159,0.5218,0.1128,2026-06
CUST1006571,0.4404,0.6567,0.3793,0.1756,0.2019,0.4791,2026-06
CUST1006572,0.1245,0.2146,0.1032,0.2319,0.2928,0.0351,2026-06
CUST1006573,0.5464,0.5495,0.3566,0.1574,0.576,0.5164,2026-06
CUST1006574,0.3188,0.1631,0.2801,0.5984,0.2462,0.1598,2026-06
CUST1006575,0.3385,0.3517,0.016,0.2572,0.3811,0.1237,2026-06
CUST1006576,0.3859,0.5923,0.2649,0.2318,0.2703,0.2838,2026-06
CUST1006577,0.5251,0.6383,0.2957,0.0479,0.3684,0.5884,2026-06
CUST1006578,0.2647,0.5043,0.1701,0.2105,0.1699,0.06,2026-06
CUST1006579,0.5447,0.2921,0.3553,0.09320000000000001,0.213,0.3666,2026-06
CUST1006580,0.2234,0.4797,0.2311,0.2483,0.3946,0.515,2026-06
CUST1006581,0.4283,0.6816,0.332,0.248,0.2528,0.5061,2026-06
CUST1006582,0.2882,0.4536,0.08550000000000001,0.2333,0.2416,0.7028,2026-06
CUST1006583,0.3294,0.5014999999999999,0.2105,0.2862,0.3675,0.5702,2026-06
CUST1006584,0.3088,0.4607,0.3655,0.1206,0.0253,0.7072000000000001,2026-06
CUST1006585,0.2485,0.4433,0.3491,0.1249,0.43,0.3558,2026-06
CUST1006586,0.4593,0.4871,0.01,0.0467,0.2634,0.01,2026-06
CUST1006587,0.2237,0.4043,0.2123,0.2633,0.3668,0.3929,2026-06
CUST1006588,0.475,0.311,0.242,0.0654,0.5306,0.2604,2026-06
CUST1006589,0.3047,0.5491,0.2474,0.1449,0.1196,0.4166,2026-06
CUST1006590,0.2147,0.2582,0.2948,0.2179,0.3136,0.2557,2026-06
CUST1006591,0.2736,0.3462,0.01,0.1162,0.193,0.01,2026-06
CUST1006592,0.5448,0.3969,0.1093,0.2253,0.3053,0.0926,2026-06
CUST1006593,0.2325,0.2838,0.062,0.2223,0.5404,0.1444,2026-06
CUST1006594,0.4418,0.5826,0.2148,0.2603,0.2836,0.4509,2026-06
CUST1006595,0.2165,0.6038,0.1178,0.2753,0.1797,0.5655,2026-06
CUST1006596,0.3129,0.3901,0.1365,0.1436,0.2282,0.1698,2026-06
CUST1006597,0.3065,0.4966,0.0597,0.1081,0.2669,0.1175,2026-06
CUST1006598,0.2536,0.2309,0.1712,0.5283,0.2499,0.0606,2026-06
CUST1006599,0.4452,0.4047,0.3367,0.1824,0.6131,0.4882,2026-06
CUST1006600,0.3515,0.4559,0.5391,0.1816,0.3735,0.8457,2026-06
CUST1006601,0.3727,0.2918,0.2445,0.0818,0.3056,0.3801,2026-06
CUST1006602,0.4416,0.5590000000000001,0.5306999999999999,0.1054,0.4948,0.3518,2026-06
CUST1006603,0.3999,0.3306,0.4809,0.1293,0.3331,0.3309,2026-06
CUST1006604,0.33,0.2446,0.343,0.6266,0.259,0.4637,2026-06
CUST1006605,0.38,0.5412,0.3321,0.2142,0.233,0.5518,2026-06
CUST1006606,0.1805,0.1744,0.4538,0.1912,0.3565,0.4908,2026-06
CUST1006607,0.3138,0.6441,0.5359,0.0774,0.3521,0.4893,2026-06
CUST1006608,0.5716,0.373,0.01,0.2088,0.3197,0.1571,2026-06
CUST1006609,0.1414,0.3547,0.5119,0.2222,0.4027,0.4047,2026-06
CUST1006610,0.382,0.2823,0.3001,0.1346,0.4632,0.6872,2026-06
CUST1006611,0.4455,0.4588,0.3669,0.2331,0.3518,0.4048,2026-06
CUST1006612,0.2651,0.5212,0.3892,0.4073,0.3445,0.2471,2026-06
CUST1006613,0.4868,0.6619,0.2098,0.3006,0.4996,0.4362,2026-06
CUST1006614,0.2321,0.2479,0.2987,0.1804,0.3554,0.2943,2026-06
CUST1006615,0.5133,0.7655,0.5498,0.117,0.2528,0.3476,2026-06
CUST1006616,0.1883,0.3513,0.4269,0.149,0.3853,0.0798,2026-06
CUST1006617,0.5072,0.5123,0.2991,0.0541,0.3711,0.5117,2026-06
CUST1006618,0.2353,0.6044,0.5979,0.1755,0.2416,0.3661,2026-06
CUST1006619,0.299,0.4692,0.5256999999999999,0.2559,0.3662,0.5822000000000001,2026-06
CUST1006620,0.3525,0.6997,0.1571,0.2391,0.398,0.2304,2026-06
CUST1006621,0.3444,0.747,0.01,0.0935,0.142,0.3999,2026-06
CUST1006622,0.6117,0.4861,0.3269,0.01,0.4176,0.2972,2026-06
CUST1006623,0.4549,0.5101,0.4777,0.1546,0.5087,0.3094,2026-06
CUST1006624,0.3128,0.3285,0.1348,0.2821,0.2941,0.1799,2026-06
CUST1006625,0.3811,0.2412,0.1961,0.1944,0.3001,0.0126,2026-06
CUST1006626,0.4437,0.7063,0.4677,0.078,0.2756,0.373,2026-06
CUST1006627,0.2416,0.1477,0.3905,0.1622,0.3148,0.4657,2026-06
CUST1006628,0.2627,0.5486,0.2163,0.1188,0.2231,0.2878,2026-06
CUST1006629,0.2332,0.4477,0.4038,0.2374,0.4299,0.2448,2026-06
CUST1006630,0.1843,0.2598,0.5113,0.4689,0.3181,0.2761,2026-06
CUST1006631,0.3865,0.6843,0.4253,0.1304,0.2589,0.4127,2026-06
CUST1006632,0.5893,0.4536,0.3692,0.2807,0.2096,0.3483,2026-06
CUST1006633,0.3274,0.4439,0.4575,0.2797,0.3175,0.4869,2026-06
CUST1006634,0.4706,0.3097,0.2423,0.1288,0.2026,0.1959,2026-06
CUST1006635,0.3413,0.0618,0.0939,0.1679,0.2834,0.2168,2026-06
CUST1006636,0.2264,0.6775,0.1522,0.1872,0.1044,0.295,2026-06
CUST1006637,0.3603,0.2219,0.2397,0.1615,0.5109,0.1399,2026-06
CUST1006638,0.3035,0.64,0.1838,0.1496,0.2279,0.602,2026-06
CUST1006639,0.3972,0.4579,0.2352,0.2113,0.5401,0.4304,2026-06
CUST1006640,0.517,0.7547,0.2539,0.1911,0.358,0.4353,2026-06
CUST1006641,0.2939,0.7254,0.2531,0.2101,0.3415,0.2964,2026-06
CUST1006642,0.217,0.1946,0.3884,0.01,0.4256,0.4358,2026-06
CUST1006643,0.6107,0.6516999999999999,0.4563,0.0827,0.4044,0.6089,2026-06
CUST1006644,0.6155,0.6417,0.3305,0.1518,0.3476,0.48,2026-06
CUST1006645,0.4866,0.3767,0.2507,0.1442,0.2222,0.0794,2026-06
CUST1006646,0.476,0.1741,0.1799,0.1384,0.344,0.1354,2026-06
CUST1006647,0.3535,0.5314,0.6486,0.203,0.2424,0.5409,2026-06
CUST1006648,0.0859,0.1535,0.2793,0.2203,0.4898,0.1343,2026-06
CUST1006649,0.3332,0.586,0.4648,0.586,0.3719,0.4229,2026-06
CUST1006650,0.2325,0.253,0.2341,0.1741,0.2504,0.4983,2026-06
CUST1006651,0.493,0.2195,0.1812,0.2828,0.2801,0.2755,2026-06
CUST1006652,0.2957,0.1711,0.3258,0.124,0.4183,0.1578,2026-06
CUST1006653,0.3645,0.4607,0.4127,0.3846,0.3602,0.4597,2026-06
CUST1006654,0.6775,0.7531,0.3517,0.3198,0.2071,0.6263,2026-06
CUST1006655,0.3139,0.6584,0.3719,0.0822,0.1947,0.2936,2026-06
CUST1006656,0.3956,0.3767,0.2699,0.2276,0.5466,0.4944,2026-06
CUST1006657,0.2452,0.322,0.4586,0.1448,0.3226,0.5567,2026-06
CUST1006658,0.3443,0.7095,0.2705,0.2045,0.3066,0.3804,2026-06
CUST1006659,0.3197,0.5255,0.1531,0.1941,0.1851,0.4427,2026-06
CUST1006660,0.6141,0.6968,0.2381,0.0784,0.1783,0.405,2026-06
CUST1006661,0.2633,0.641,0.292,0.397,0.378,0.3509,2026-06
CUST1006662,0.4624,0.578,0.3436,0.1703,0.4076,0.5676,2026-06
CUST1006663,0.3478,0.5556,0.4131,0.09229999999999999,0.5004,0.4677,2026-06
CUST1006664,0.5810999999999999,0.5413,0.5625,0.1274,0.4108,0.3543,2026-06
CUST1006665,0.2423,0.5597,0.2516,0.2046,0.2789,0.3673,2026-06
CUST1006666,0.5141,0.5655,0.1075,0.2551,0.1551,0.4058,2026-06
CUST1006667,0.2311,0.5715,0.3397,0.132,0.2137,0.251,2026-06
CUST1006668,0.3278,0.4052,0.01,0.3338,0.5445,0.2248,2026-06
CUST1006669,0.4553,0.5836,0.2631,0.1934,0.291,0.6515,2026-06
CUST1006670,0.3092,0.4912,0.4119,0.1582,0.2726,0.4145,2026-06
CUST1006671,0.3185,0.7453,0.1558,0.2465,0.2513,0.4376,2026-06
CUST1006672,0.01,0.1319,0.1746,0.1947,0.5629999999999999,0.0168,2026-06
CUST1006673,0.2632,0.3632,0.4118,0.1993,0.39,0.2576,2026-06
CUST1006674,0.274,0.459,0.4786,0.1367,0.3175,0.5773,2026-06
CUST1006675,0.4568,0.4803,0.4078,0.1003,0.3092,0.384,2026-06
CUST1006676,0.3657,0.4415,0.3475,0.1477,0.5576,0.1824,2026-06
CUST1006677,0.4326,0.6869,0.3741,0.2132,0.3737,0.4483,2026-06
CUST1006678,0.4102,0.5139,0.2436,0.1078,0.3185,0.7275,2026-06
CUST1006679,0.3304,0.4994,0.5074,0.0925,0.2396,0.527,2026-06
CUST1006680,0.3088,0.5223,0.01,0.1676,0.2771,0.0698,2026-06
CUST1006681,0.3367,0.6089,0.1418,0.1873,0.2222,0.4905,2026-06
CUST1006682,0.3571,0.4771,0.2787,0.2527,0.4397,0.6739000000000001,2026-06
CUST1006683,0.3428,0.1377,0.3803,0.2684,0.3187,0.0403,2026-06
CUST1006684,0.4182,0.5128,0.3659,0.3312,0.1314,0.7058,2026-06
CUST1006685,0.1293,0.5329,0.5275,0.1143,0.3667,0.4821,2026-06
CUST1006686,0.3449,0.6332,0.1721,0.2956,0.1802,0.4909,2026-06
CUST1006687,0.2639,0.6155,0.5105,0.08799999999999999,0.2543,0.5008,2026-06
CUST1006688,0.384,0.7199,0.4336,0.1456,0.1032,0.4725,2026-06
CUST1006689,0.5071,0.5887,0.23,0.2603,0.543,0.1335,2026-06
CUST1006690,0.4798,0.5089,0.4551,0.2234,0.2594,0.3649,2026-06
CUST1006691,0.3936,0.3487,0.442,0.1491,0.328,0.5159,2026-06
CUST1006692,0.2761,0.4429,0.5017,0.1922,0.3581,0.4697,2026-06
CUST1006693,0.3709,0.4599,0.5733,0.17,0.2991,0.3883,2026-06
CUST1006694,0.2663,0.2388,0.3757,0.1672,0.2551,0.1386,2026-06
CUST1006695,0.3281,0.7508,0.2316,0.1626,0.299,0.1839,2026-06
CUST1006696,0.48,0.6685,0.3877,0.2999,0.1351,0.4889,2026-06
CUST1006697,0.4092,0.3303,0.3461,0.187,0.4034,0.1897,2026-06
CUST1006698,0.4742,0.4719,0.3039,0.1491,0.2771,0.4995,2026-06
CUST1006699,0.4439,0.2486,0.2038,0.0442,0.4418,0.2327,2026-06
CUST1006700,0.3043,0.4177,0.4038,0.2233,0.4919,0.384,2026-06
CUST1006701,0.26,0.5296,0.4368,0.3051,0.4228,0.6256,2026-06
CUST1006702,0.4168,0.3836,0.2924,0.1766,0.4642,0.2897,2026-06
CUST1006703,0.4283,0.585,0.1875,0.2552,0.2625,0.4653,2026-06
CUST1006704,0.0585,0.1146,0.01,0.1264,0.5262,0.2669,2026-06
CUST1006705,0.3165,0.6405,0.453,0.1376,0.2392,0.6007,2026-06
CUST1006706,0.2678,0.7462,0.2926,0.2713,0.2373,0.3542,2026-06
CUST1006707,0.5562,0.449,0.2977,0.235,0.3943,0.3928,2026-06
CUST1006708,0.0732,0.4872,0.0296,0.1781,0.175,0.1344,2026-06
CUST1006709,0.356,0.8464,0.4203,0.1937,0.3778,0.5434,2026-06
CUST1006710,0.6263,0.5383,0.211,0.2126,0.3432,0.4571,2026-06
CUST1006711,0.08599999999999999,0.2865,0.1422,0.6032999999999999,0.2799,0.0645,2026-06
CUST1006712,0.3785,0.387,0.4663,0.01,0.3957,0.4716,2026-06
CUST1006713,0.4459,0.2301,0.3559,0.149,0.4685,0.0743,2026-06
CUST1006714,0.2605,0.3755,0.4215,0.331,0.4289,0.3914,2026-06
CUST1006715,0.4324,0.3155,0.4162,0.245,0.6025,0.246,2026-06
CUST1006716,0.3352,0.4456,0.5534,0.3022,0.3197,0.4405,2026-06
CUST1006717,0.4021,0.449,0.5039,0.1156,0.3087,0.3862,2026-06
CUST1006718,0.2957,0.4499,0.2101,0.1679,0.3082,0.4977,2026-06
CUST1006719,0.3802,0.4072,0.3856,0.0665,0.4273,0.01,2026-06
CUST1006720,0.0599,0.1606,0.2994,0.2049,0.4729,0.1623,2026-06
CUST1006721,0.2171,0.4188,0.09959999999999999,0.2295,0.2958,0.2214,2026-06
CUST1006722,0.4709,0.5255,0.522,0.7193000000000001,0.268,0.4586,2026-06
CUST1006723,0.6073,0.5845,0.4804,0.1297,0.3944,0.639,2026-06
CUST1006724,0.2549,0.0596,0.225,0.1231,0.3461,0.1808,2026-06
CUST1006725,0.4005,0.5944,0.277,0.1094,0.3942,0.5989,2026-06
CUST1006726,0.4031,0.5533,0.2163,0.2496,0.3264,0.5621,2026-06
CUST1006727,0.1337,0.2869,0.08649999999999999,0.3661,0.01,0.0129,2026-06
CUST1006728,0.6724,0.5269,0.4768,0.1955,0.4853,0.2393,2026-06
CUST1006729,0.325,0.6282,0.1776,0.1718,0.2911,0.5828,2026-06
CUST1006730,0.2801,0.2536,0.0362,0.2199,0.3257,0.3238,2026-06
CUST1006731,0.413,0.3401,0.3579,0.2212,0.4101,0.5659999999999999,2026-06
CUST1006732,0.3721,0.4045,0.5942,0.1742,0.3728,0.5188,2026-06
CUST1006733,0.2358,0.4363,0.3423,0.0267,0.4272,0.423,2026-06
CUST1006734,0.6583,0.577,0.3842,0.2489,0.3151,0.5645,2026-06
CUST1006735,0.5887,0.4399,0.274,0.2268,0.3394,0.2058,2026-06
CUST1006736,0.404,0.4004,0.5209,0.133,0.2857,0.5386,2026-06
CUST1006737,0.5118,0.7116,0.4284,0.24,0.2715,0.2773,2026-06
CUST1006738,0.4767,0.4503,0.4542,0.1144,0.4566,0.6187,2026-06
CUST1006739,0.37,0.454,0.5163,0.3567,0.3257,0.2909,2026-06
CUST1006740,0.306,0.4588,0.4655,0.1129,0.399,0.5409,2026-06
CUST1006741,0.4613,0.2507,0.2594,0.3595,0.3943,0.2086,2026-06
CUST1006742,0.3963,0.4647,0.3639,0.1937,0.2246,0.3044,2026-06
CUST1006743,0.1959,0.4514,0.3237,0.0272,0.4778,0.5094,2026-06
CUST1006744,0.5411,0.5707,0.01,0.2677,0.2171,0.3839,2026-06
CUST1006745,0.4479,0.4826,0.3612,0.2881,0.5469000000000001,0.4089,2026-06
CUST1006746,0.2678,0.3193,0.1085,0.0716,0.4297,0.0489,2026-06
CUST1006747,0.5537,0.5198,0.3652,0.0823,0.417,0.4527,2026-06
CUST1006748,0.5112,0.5385,0.1342,0.176,0.3887,0.2624,2026-06
CUST1006749,0.4736,0.3092,0.1727,0.2606,0.5016,0.2544,2026-06
CUST1006750,0.4286,0.3243,0.0519,0.109,0.378,0.4829,2026-06
CUST1006751,0.2012,0.5159,0.2486,0.1649,0.4315,0.4466,2026-06
CUST1006752,0.3974,0.424,0.5206,0.0847,0.6132,0.331,2026-06
CUST1006753,0.3378,0.7968,0.2377,0.1844,0.1799,0.364,2026-06
CUST1006754,0.4148,0.5187,0.4349,0.1125,0.4062,0.4541,2026-06
CUST1006755,0.205,0.3893,0.39,0.1783,0.2337,0.424,2026-06
CUST1006756,0.4845,0.4053,0.3559,0.243,0.3032,0.3054,2026-06
CUST1006757,0.3886,0.714,0.3743,0.1357,0.2804,0.4005,2026-06
CUST1006758,0.4023,0.4697,0.1198,0.3304,0.2596,0.1471,2026-06
CUST1006759,0.2015,0.0624,0.2304,0.191,0.5241,0.199,2026-06
CUST1006760,0.3284,0.6913,0.2017,0.1665,0.4569,0.2977,2026-06
CUST1006761,0.2747,0.5543,0.5677,0.2137,0.2098,0.2728,2026-06
CUST1006762,0.4737,0.7086,0.1669,0.0451,0.09130000000000001,0.3409,2026-06
CUST1006763,0.5427999999999999,0.4705,0.2951,0.1587,0.3153,0.5736,2026-06
CUST1006764,0.3389,0.1704,0.3418,0.2038,0.1522,0.1825,2026-06
CUST1006765,0.0944,0.5651,0.1982,0.0588,0.0878,0.3441,2026-06
CUST1006766,0.3941,0.618,0.263,0.2086,0.36,0.4434,2026-06
CUST1006767,0.2966,0.7081,0.578,0.2048,0.1656,0.7316,2026-06
CUST1006768,0.01,0.285,0.01,0.1732,0.1705,0.2389,2026-06
CUST1006769,0.4238,0.5565,0.5239,0.186,0.3132,0.5048,2026-06
CUST1006770,0.5085,0.5274,0.3163,0.1265,0.4718,0.3033,2026-06
CUST1006771,0.3073,0.4877,0.2217,0.1495,0.3482,0.3591,2026-06
CUST1006772,0.1418,0.4197,0.01,0.0988,0.1242,0.1648,2026-06
CUST1006773,0.2374,0.414,0.3951,0.143,0.2562,0.0832,2026-06
CUST1006774,0.4584,0.5508999999999999,0.3955,0.096,0.3022,0.5572,2026-06
CUST1006775,0.4777,0.1368,0.096,0.0648,0.2459,0.0806,2026-06
CUST1006776,0.442,0.316,0.5256,0.1614,0.3832,0.3921,2026-06
CUST1006777,0.4714,0.4974,0.5496,0.1499,0.5965,0.2068,2026-06
CUST1006778,0.0586,0.603,0.1811,0.2962,0.3029,0.2856,2026-06
CUST1006779,0.5557,0.3116,0.2957,0.2318,0.5034999999999999,0.0498,2026-06
CUST1006780,0.3637,0.3861,0.2758,0.1536,0.503,0.3318,2026-06
CUST1006781,0.1497,0.3124,0.3104,0.5395,0.2933,0.319,2026-06
CUST1006782,0.4801,0.4282,0.3134,0.2187,0.4208,0.4702,2026-06
CUST1006783,0.065,0.3328,0.1545,0.1913,0.3402,0.3964,2026-06
CUST1006784,0.2071,0.4955,0.3768,0.1673,0.4404,0.6196,2026-06
CUST1006785,0.2392,0.3999,0.4072,0.1799,0.4217,0.651,2026-06
CUST1006786,0.3932,0.6159,0.4114,0.2636,0.3011,0.5148,2026-06
CUST1006787,0.2644,0.6038,0.2188,0.2817,0.2001,0.4936,2026-06
CUST1006788,0.536,0.3421,0.5021,0.09569999999999999,0.2864,0.3281,2026-06
CUST1006789,0.2551,0.1163,0.3853,0.2571,0.3871,0.06619999999999999,2026-06
CUST1006790,0.0961,0.3322,0.01,0.1818,0.4548,0.1533,2026-06
CUST1006791,0.2622,0.0728,0.3622,0.09279999999999999,0.2192,0.01,2026-06
CUST1006792,0.403,0.3245,0.0557,0.2457,0.5844,0.1481,2026-06
CUST1006793,0.5301,0.1796,0.3119,0.3745,0.5145999999999999,0.2728,2026-06
CUST1006794,0.0412,0.3244,0.1981,0.7043,0.2666,0.2743,2026-06
CUST1006795,0.3577,0.6074000000000001,0.332,0.2615,0.2814,0.369,2026-06
CUST1006796,0.3798,0.6306,0.103,0.6047,0.1696,0.4411,2026-06
CUST1006797,0.2718,0.3244,0.0725,0.2417,0.2754,0.2219,2026-06
CUST1006798,0.2922,0.2409,0.2015,0.6727,0.2751,0.1385,2026-06
CUST1006799,0.4804,0.35,0.6045,0.2069,0.2566,0.439,2026-06
CUST1006800,0.293,0.0761,0.2695,0.14,0.349,0.0993,2026-06
CUST1006801,0.3384,0.3897,0.4228,0.354,0.4799,0.5638,2026-06
CUST1006802,0.416,0.374,0.3147,0.0462,0.3282,0.3573,2026-06
CUST1006803,0.609,0.5445,0.1497,0.0794,0.3334,0.7431,2026-06
CUST1006804,0.4753,0.3008,0.3396,0.2768,0.4334,0.2471,2026-06
CUST1006805,0.3998,0.2374,0.4377,0.4951,0.4302,0.297,2026-06
CUST1006806,0.5084,0.6802,0.3105,0.3116,0.1933,0.3155,2026-06
CUST1006807,0.1931,0.6841,0.3927,0.213,0.4217,0.4135,2026-06
CUST1006808,0.3338,0.7363,0.1134,0.2735,0.2033,0.5082,2026-06
CUST1006809,0.5391,0.3205,0.1843,0.477,0.2609,0.2168,2026-06
CUST1006810,0.1423,0.3626,0.1787,0.2453,0.3943,0.3525,2026-06
CUST1006811,0.3113,0.338,0.5607,0.1534,0.216,0.4252,2026-06
CUST1006812,0.2575,0.354,0.0717,0.08309999999999999,0.1938,0.1816,2026-06
CUST1006813,0.3023,0.654,0.2214,0.1156,0.0389,0.3013,2026-06
CUST1006814,0.3796,0.5645,0.3266,0.2055,0.1434,0.4388,2026-06
CUST1006815,0.3793,0.5716,0.3532,0.1411,0.3734,0.575,2026-06
CUST1006816,0.311,0.5899,0.108,0.01,0.2661,0.3248,2026-06
CUST1006817,0.554,0.3722,0.4511,0.2911,0.3701,0.4296,2026-06
CUST1006818,0.4382,0.718,0.3229,0.3143,0.1973,0.3254,2026-06
CUST1006819,0.4519,0.3136,0.5451,0.2218,0.409,0.4893,2026-06
CUST1006820,0.1207,0.6185,0.2197,0.2178,0.265,0.3421,2026-06
CUST1006821,0.4698,0.5475,0.1981,0.174,0.5319,0.4549,2026-06
CUST1006822,0.201,0.3989,0.5636,0.1557,0.3004,0.6532,2026-06
CUST1006823,0.3774,0.2956,0.3144,0.0513,0.4964,0.5896,2026-06
CUST1006824,0.4252,0.1177,0.3088,0.2439,0.3423,0.2991,2026-06
CUST1006825,0.617,0.7383999999999999,0.3438,0.0712,0.183,0.4613,2026-06
CUST1006826,0.4182,0.5770999999999999,0.01,0.2862,0.1947,0.3403,2026-06
CUST1006827,0.506,0.4323,0.2089,0.048,0.2637,0.2504,2026-06
CUST1006828,0.5284,0.7057,0.4162,0.2935,0.2487,0.4502,2026-06
CUST1006829,0.3366,0.7000999999999999,0.1513,0.618,0.113,0.4113,2026-06
CUST1006830,0.3978,0.3895,0.3973,0.1889,0.4404,0.5891999999999999,2026-06
CUST1006831,0.3789,0.6691,0.3381,0.1063,0.1808,0.4187,2026-06
CUST1006832,0.4068,0.5008,0.2449,0.1143,0.3896,0.4228,2026-06
CUST1006833,0.3405,0.3617,0.2924,0.2925,0.2534,0.1387,2026-06
CUST1006834,0.5037,0.5087,0.4715,0.1186,0.5797,0.336,2026-06
CUST1006835,0.4299,0.4097,0.01,0.1848,0.3378,0.2849,2026-06
CUST1006836,0.4871,0.1652,0.2322,0.4862,0.1959,0.1752,2026-06
CUST1006837,0.444,0.1489,0.2542,0.5656,0.4229,0.5189,2026-06
CUST1006838,0.2016,0.5122,0.6165,0.2273,0.1173,0.4338,2026-06
CUST1006839,0.091,0.1657,0.1544,0.0553,0.4626,0.3107,2026-06
CUST1006840,0.5635,0.4633,0.1646,0.1665,0.4259,0.2666,2026-06
CUST1006841,0.2939,0.5829,0.251,0.213,0.4324,0.4733,2026-06
CUST1006842,0.5621,0.5355,0.3163,0.2042,0.2696,0.4101,2026-06
CUST1006843,0.2046,0.307,0.5226,0.0421,0.4715,0.235,2026-06
CUST1006844,0.3732,0.0795,0.2553,0.1065,0.3009,0.08699999999999999,2026-06
CUST1006845,0.6417,0.4398,0.4852,0.1872,0.2489,0.2781,2026-06
CUST1006846,0.3202,0.248,0.2956,0.2389,0.0722,0.1593,2026-06
CUST1006847,0.722,0.4359,0.3626,0.1218,0.2533,0.4601,2026-06
CUST1006848,0.1465,0.7295,0.1658,0.2103,0.1835,0.3232,2026-06
CUST1006849,0.4577,0.6792,0.0878,0.2064,0.2085,0.3339,2026-06
CUST1006850,0.3255,0.5570000000000001,0.4126,0.2488,0.4649,0.4172,2026-06
CUST1006851,0.3318,0.5125,0.2562,0.1465,0.3335,0.4995,2026-06
CUST1006852,0.2863,0.3345,0.3951,0.1373,0.3228,0.2113,2026-06
CUST1006853,0.4638,0.3516,0.01,0.2695,0.3204,0.0862,2026-06
CUST1006854,0.4373,0.5828,0.511,0.4399,0.2298,0.5782,2026-06
CUST1006855,0.2682,0.4726,0.3708,0.2522,0.4114,0.4529,2026-06
CUST1006856,0.2652,0.6622,0.5564,0.01,0.4586,0.6288,2026-06
CUST1006857,0.1485,0.4706,0.3929,0.3629,0.4199,0.3277,2026-06
CUST1006858,0.1662,0.3507,0.4232,0.0795,0.2575,0.4532,2026-06
CUST1006859,0.2697,0.5706,0.476,0.2602,0.2846,0.6157,2026-06
CUST1006860,0.4933,0.4518,0.4719,0.0893,0.3829,0.3955,2026-06
CUST1006861,0.2585,0.5611,0.4039,0.1269,0.4962,0.2892,2026-06
CUST1006862,0.3572,0.4007,0.5306,0.01,0.5543,0.4072,2026-06
CUST1006863,0.196,0.1671,0.3275,0.1059,0.2251,0.0214,2026-06
CUST1006864,0.1757,0.708,0.4356,0.2227,0.3137,0.3964,2026-06
CUST1006865,0.4203,0.4637,0.3106,0.1953,0.1374,0.1382,2026-06
CUST1006866,0.3593,0.4674,0.4734,0.1568,0.4122,0.5745,2026-06
CUST1006867,0.3881,0.4592,0.1521,0.2307,0.3305,0.116,2026-06
CUST1006868,0.311,0.4213,0.3259,0.1335,0.0895,0.2595,2026-06
CUST1006869,0.2505,0.2257,0.1718,0.2768,0.09279999999999999,0.06809999999999999,2026-06
CUST1006870,0.5134,0.5228,0.2426,0.2961,0.4707,0.3035,2026-06
CUST1006871,0.3531,0.1792,0.2835,0.2344,0.399,0.3461,2026-06
CUST1006872,0.3548,0.2463,0.6223,0.1422,0.4067,0.7071,2026-06
CUST1006873,0.5006,0.3384,0.3812,0.1124,0.3239,0.5168,2026-06
CUST1006874,0.3989,0.5105,0.3968,0.2478,0.4277,0.4856,2026-06
CUST1006875,0.5392,0.5657,0.4343,0.5021,0.3198,0.521,2026-06
CUST1006876,0.1513,0.541,0.1753,0.2994,0.3031,0.3773,2026-06
CUST1006877,0.3053,0.5606,0.4089,0.2181,0.3338,0.239,2026-06
CUST1006878,0.2933,0.5537,0.0969,0.2733,0.1749,0.4205,2026-06
CUST1006879,0.3557,0.1429,0.2967,0.2446,0.3727,0.1229,2026-06
CUST1006880,0.3348,0.5171,0.2149,0.1565,0.5718,0.3025,2026-06
CUST1006881,0.543,0.5617,0.296,0.1507,0.1648,0.4694,2026-06
CUST1006882,0.5656,0.418,0.5356,0.5597,0.5325,0.2823,2026-06
CUST1006883,0.4172,0.5597,0.1917,0.2979,0.2403,0.4553,2026-06
CUST1006884,0.1936,0.3187,0.0441,0.1828,0.1948,0.1964,2026-06
CUST1006885,0.2776,0.4744,0.1832,0.1313,0.5887,0.4371,2026-06
CUST1006886,0.2615,0.576,0.4453,0.2817,0.2786,0.5649,2026-06
CUST1006887,0.3126,0.2965,0.459,0.0411,0.3395,0.4453,2026-06
CUST1006888,0.3578,0.5069,0.01,0.3169,0.1571,0.0872,2026-06
CUST1006889,0.4322,0.701,0.4271,0.2411,0.4382,0.556,2026-06
CUST1006890,0.4993,0.6052999999999999,0.4211,0.0883,0.4341,0.4449,2026-06
CUST1006891,0.304,0.2936,0.09950000000000001,0.1402,0.2631,0.2095,2026-06
CUST1006892,0.3827,0.1896,0.3143,0.2183,0.358,0.1746,2026-06
CUST1006893,0.5907,0.3963,0.3735,0.2105,0.4691,0.2816,2026-06
CUST1006894,0.3703,0.6128,0.4021,0.1372,0.2736,0.6788,2026-06
CUST1006895,0.2461,0.1519,0.2172,0.2317,0.3315,0.0703,2026-06
CUST1006896,0.2829,0.5366,0.3459,0.219,0.584,0.5048,2026-06
CUST1006897,0.5159,0.6045,0.2378,0.1563,0.4137,0.4172,2026-06
CUST1006898,0.4017,0.4612,0.0789,0.1727,0.2038,0.01,2026-06
CUST1006899,0.3674,0.4943,0.0151,0.0868,0.2768,0.1554,2026-06
CUST1006900,0.3893,0.4279,0.01,0.1536,0.1613,0.1766,2026-06
CUST1006901,0.3498,0.2559,0.2831,0.2038,0.1785,0.1431,2026-06
CUST1006902,0.24,0.2506,0.4309,0.1059,0.3178,0.3302,2026-06
CUST1006903,0.08989999999999999,0.2589,0.04,0.5107,0.1443,0.0525,2026-06
CUST1006904,0.4369,0.4987,0.4414,0.1856,0.1476,0.538,2026-06
CUST1006905,0.5555,0.3658,0.3014,0.3951,0.1997,0.0518,2026-06
CUST1006906,0.3686,0.4769,0.4794,0.1596,0.4261,0.5347,2026-06
CUST1006907,0.4624,0.623,0.6058,0.1784,0.3476,0.3351,2026-06
CUST1006908,0.1985,0.1674,0.0625,0.216,0.2342,0.1296,2026-06
CUST1006909,0.2902,0.6082,0.4099,0.2265,0.2903,0.3296,2026-06
CUST1006910,0.2184,0.2044,0.1666,0.108,0.3638,0.09959999999999999,2026-06
CUST1006911,0.3445,0.3752,0.4011,0.2329,0.3888,0.4374,2026-06
CUST1006912,0.3635,0.4401,0.3273,0.2405,0.3957,0.3567,2026-06
CUST1006913,0.0599,0.4916,0.3124,0.0844,0.2798,0.494,2026-06
CUST1006914,0.4595,0.3716,0.4553,0.0687,0.4605,0.6494,2026-06
CUST1006915,0.4241,0.4847,0.4404,0.2344,0.3817,0.527,2026-06
CUST1006916,0.5834,0.5396,0.4394,0.1638,0.2536,0.2228,2026-06
CUST1006917,0.4068,0.4655,0.6036,0.1173,0.4521,0.4128,2026-06
CUST1006918,0.4243,0.3661,0.01,0.1754,0.2328,0.3702,2026-06
CUST1006919,0.1595,0.3022,0.3332,0.1825,0.3478,0.1094,2026-06
CUST1006920,0.5224,0.2501,0.2994,0.2093,0.3704,0.2937,2026-06
CUST1006921,0.488,0.5722,0.3905,0.09710000000000001,0.3248,0.5981,2026-06
CUST1006922,0.2141,0.5273,0.3305,0.2334,0.325,0.2463,2026-06
CUST1006923,0.3333,0.3175,0.0964,0.1395,0.5342,0.1475,2026-06
CUST1006924,0.3448,0.3795,0.3455,0.2467,0.4029,0.5769,2026-06
CUST1006925,0.3377,0.5221,0.0292,0.3791,0.2301,0.2202,2026-06
CUST1006926,0.4522,0.6613,0.4394,0.1766,0.3719,0.6073,2026-06
CUST1006927,0.33,0.4829,0.3849,0.1661,0.232,0.4216,2026-06
CUST1006928,0.2734,0.4265,0.4427,0.1849,0.3246,0.5622,2026-06
CUST1006929,0.5441,0.4862,0.5702,0.1379,0.3832,0.4059,2026-06
CUST1006930,0.5504,0.5527,0.5088,0.1424,0.275,0.2473,2026-06
CUST1006931,0.3965,0.0396,0.1546,0.2013,0.2943,0.5279,2026-06
CUST1006932,0.2034,0.6323,0.2798,0.1006,0.1422,0.8124,2026-06
CUST1006933,0.4173,0.6929999999999999,0.4359,0.1511,0.4513,0.665,2026-06
CUST1006934,0.2675,0.2562,0.0946,0.0808,0.1921,0.1275,2026-06
CUST1006935,0.5074,0.4853,0.4056,0.1918,0.2881,0.3907,2026-06
CUST1006936,0.4387,0.3609,0.2674,0.1331,0.412,0.5664,2026-06
CUST1006937,0.1453,0.3969,0.0843,0.2564,0.2289,0.1584,2026-06
CUST1006938,0.4089,0.4883,0.2459,0.2111,0.5538,0.1414,2026-06
CUST1006939,0.3423,0.0275,0.1686,0.2233,0.4805,0.01,2026-06
CUST1006940,0.2732,0.6445,0.26,0.1734,0.1934,0.4243,2026-06
CUST1006941,0.2701,0.6083,0.1346,0.2659,0.2821,0.3912,2026-06
CUST1006942,0.2823,0.313,0.0472,0.0335,0.3967,0.251,2026-06
CUST1006943,0.5601,0.4769,0.3873,0.2271,0.2276,0.5057,2026-06
CUST1006944,0.2872,0.4083,0.4344,0.2633,0.3388,0.3499,2026-06
CUST1006945,0.1424,0.4294,0.3156,0.2538,0.3516,0.5701000000000001,2026-06
CUST1006946,0.1815,0.533,0.3827,0.1337,0.4558,0.4823,2026-06
CUST1006947,0.3975,0.478,0.3237,0.1791,0.4832,0.2739,2026-06
CUST1006948,0.4753,0.5425,0.4089,0.4991,0.331,0.235,2026-06
CUST1006949,0.3351,0.3822,0.6319,0.2877,0.3756,0.4865,2026-06
CUST1006950,0.48,0.4686,0.5825,0.1711,0.5726,0.1494,2026-06
CUST1006951,0.4839,0.3043,0.1673,0.164,0.6178,0.4471,2026-06
CUST1006952,0.2563,0.4027,0.2703,0.2439,0.3084,0.5278,2026-06
CUST1006953,0.5175999999999999,0.2043,0.3465,0.2578,0.3861,0.07099999999999999,2026-06
CUST1006954,0.3236,0.434,0.0737,0.276,0.4165,0.1588,2026-06
CUST1006955,0.2151,0.5228,0.3314,0.204,0.4266,0.4156,2026-06
CUST1006956,0.6647999999999999,0.4674,0.2753,0.3152,0.5087,0.4089,2026-06
CUST1006957,0.4612,0.3145,0.3653,0.1963,0.3498,0.5265,2026-06
CUST1006958,0.3595,0.4634,0.3706,0.668,0.4376,0.2495,2026-06
CUST1006959,0.2664,0.4039,0.0419,0.2461,0.1994,0.2001,2026-06
CUST1006960,0.5211,0.5750999999999999,0.5806,0.4452,0.1142,0.4614,2026-06
CUST1006961,0.2533,0.5063,0.3817,0.1035,0.3227,0.3724,2026-06
CUST1006962,0.372,0.5291,0.3218,0.08799999999999999,0.4975,0.2801,2026-06
CUST1006963,0.0197,0.1771,0.01,0.1116,0.4193,0.2141,2026-06
CUST1006964,0.393,0.4765,0.4137,0.113,0.2488,0.3666,2026-06
CUST1006965,0.3903,0.4894,0.4601,0.2747,0.3635,0.5452,2026-06
CUST1006966,0.391,0.2973,0.594,0.1486,0.4995,0.4349,2026-06
CUST1006967,0.5712,0.5782,0.2664,0.1412,0.1973,0.0484,2026-06
CUST1006968,0.1768,0.5888,0.2231,0.1601,0.1956,0.415,2026-06
CUST1006969,0.513,0.6609,0.6029,0.0621,0.2654,0.3016,2026-06
CUST1006970,0.3174,0.2326,0.3,0.2309,0.3867,0.1902,2026-06
CUST1006971,0.2564,0.3546,0.5479000000000001,0.1588,0.4807,0.4117,2026-06
CUST1006972,0.4043,0.7098,0.5038,0.2442,0.3179,0.341,2026-06
CUST1006973,0.3335,0.2995,0.2939,0.2995,0.1115,0.06619999999999999,2026-06
CUST1006974,0.2698,0.5333,0.2423,0.2408,0.4863,0.5184,2026-06
CUST1006975,0.3724,0.601,0.4122,0.1406,0.3109,0.4446,2026-06
CUST1006976,0.3722,0.3312,0.1996,0.1279,0.3376,0.2693,2026-06
CUST1006977,0.5289,0.5704,0.3068,0.2117,0.2971,0.3722,2026-06
CUST1006978,0.1937,0.1597,0.1813,0.3262,0.3069,0.1376,2026-06
CUST1006979,0.5224,0.5646,0.4975,0.225,0.3115,0.1966,2026-06
CUST1006980,0.1599,0.328,0.3145,0.3094,0.4711,0.307,2026-06
CUST1006981,0.3011,0.4369,0.0141,0.2491,0.1833,0.1616,2026-06
CUST1006982,0.4657,0.3732,0.1698,0.1322,0.2834,0.2505,2026-06
CUST1006983,0.2555,0.3544,0.4305,0.2164,0.2834,0.7529,2026-06
CUST1006984,0.4596,0.3593,0.3117,0.161,0.4388,0.2358,2026-06
CUST1006985,0.6037,0.616,0.4682,0.07439999999999999,0.2066,0.4556,2026-06
CUST1006986,0.2394,0.5855,0.1632,0.1989,0.2087,0.484,2026-06
CUST1006987,0.4663,0.3938,0.5471,0.1342,0.3021,0.3985,2026-06
CUST1006988,0.4401,0.4623,0.427,0.0955,0.4421,0.606,2026-06
CUST1006989,0.3988,0.3759,0.5904,0.1565,0.539,0.3236,2026-06
CUST1006990,0.2739,0.4515,0.2864,0.619,0.108,0.2565,2026-06
CUST1006991,0.4545,0.5347,0.3798,0.1831,0.2776,0.6036,2026-06
CUST1006992,0.4589,0.5466,0.5412,0.1171,0.3456,0.6086,2026-06
CUST1006993,0.581,0.467,0.5348000000000001,0.2628,0.2044,0.534,2026-06
CUST1006994,0.4918,0.6887,0.5349,0.2727,0.3894,0.1591,2026-06
CUST1006995,0.01,0.4613,0.3006,0.1947,0.3231,0.1613,2026-06
CUST1006996,0.3185,0.1792,0.0282,0.1173,0.3344,0.1934,2026-06
CUST1006997,0.3912,0.648,0.3054,0.1784,0.2692,0.4138,2026-06
CUST1006998,0.4683,0.6733,0.1226,0.1287,0.2983,0.4364,2026-06
CUST1006999,0.5652,0.6662,0.5271,0.2322,0.0554,0.5085,2026-06
CUST1007000,0.4491,0.4722,0.2872,0.0281,0.4565,0.3242,2026-06
CUST1007001,0.4522,0.3722,0.4711,0.0576,0.311,0.7688,2026-06
CUST1007002,0.2834,0.3809,0.2424,0.0796,0.334,0.7754,2026-06
CUST1007003,0.3569,0.3972,0.467,0.0958,0.204,0.587,2026-06
CUST1007004,0.2742,0.4237,0.01,0.2169,0.2352,0.2996,2026-06
CUST1007005,0.4425,0.6843,0.5764,0.2441,0.4291,0.4709,2026-06
CUST1007006,0.1072,0.1956,0.3155,0.29,0.2361,0.1025,2026-06
CUST1007007,0.512,0.609,0.308,0.2541,0.2718,0.3741,2026-06
CUST1007008,0.4269,0.1778,0.3474,0.2465,0.2626,0.4832,2026-06
CUST1007009,0.1325,0.5295,0.0249,0.2766,0.2597,0.2901,2026-06
CUST1007010,0.4539,0.7822,0.2963,0.1913,0.1616,0.4177,2026-06
CUST1007011,0.3726,0.3202,0.3988,0.1022,0.4676,0.1106,2026-06
CUST1007012,0.3405,0.3109,0.1979,0.0795,0.4545,0.4508,2026-06
CUST1007013,0.4235,0.3888,0.3652,0.6008,0.2851,0.395,2026-06
CUST1007014,0.3072,0.5943000000000001,0.0953,0.2038,0.6138,0.3144,2026-06
CUST1007015,0.2794,0.7396,0.2636,0.1203,0.2516,0.5102,2026-06
CUST1007016,0.5051,0.4814,0.227,0.234,0.1766,0.1932,2026-06
CUST1007017,0.2987,0.4963,0.4235,0.2214,0.4327,0.4992,2026-06
CUST1007018,0.4815,0.3542,0.5135999999999999,0.0883,0.3691,0.5933,2026-06
CUST1007019,0.5239,0.4375,0.2241,0.2438,0.3102,0.1613,2026-06
CUST1007020,0.4063,0.4566,0.3808,0.2497,0.3843,0.4137,2026-06
CUST1007021,0.4249,0.6108,0.314,0.1525,0.1196,0.2129,2026-06
CUST1007022,0.4577,0.1178,0.3154,0.5182,0.4251,0.01,2026-06
CUST1007023,0.4061,0.3863,0.3673,0.1464,0.2791,0.4742,2026-06
CUST1007024,0.1822,0.5251,0.3431,0.2942,0.4852,0.5692,2026-06
CUST1007025,0.2102,0.501,0.2819,0.1302,0.4513,0.4234,2026-06
CUST1007026,0.3357,0.4108,0.3668,0.0243,0.5198,0.4272,2026-06
CUST1007027,0.4996,0.5652,0.491,0.258,0.426,0.596,2026-06
CUST1007028,0.4869,0.2557,0.01,0.1232,0.293,0.3218,2026-06
CUST1007029,0.189,0.3819,0.4028,0.1376,0.4923,0.3408,2026-06
CUST1007030,0.4955,0.5404,0.4068,0.2418,0.3241,0.7156,2026-06
CUST1007031,0.4617,0.5031,0.5695,0.0395,0.4496,0.5713,2026-06
CUST1007032,0.2251,0.2399,0.3645,0.3486,0.6271,0.3779,2026-06
CUST1007033,0.0273,0.1904,0.1798,0.2281,0.276,0.1428,2026-06
CUST1007034,0.4179,0.3899,0.542,0.176,0.3476,0.632,2026-06
CUST1007035,0.1339,0.7559,0.1928,0.3297,0.3519,0.3603,2026-06
CUST1007036,0.5634,0.387,0.524,0.2245,0.5129,0.2874,2026-06
CUST1007037,0.3294,0.4058,0.4327,0.2655,0.4137,0.3282,2026-06
CUST1007038,0.3804,0.4105,0.1409,0.2061,0.4003,0.0684,2026-06
CUST1007039,0.3662,0.674,0.0887,0.1749,0.1031,0.5600000000000001,2026-06
CUST1007040,0.3134,0.4068,0.1924,0.1816,0.5647,0.3523,2026-06
CUST1007041,0.4327,0.5135,0.413,0.254,0.2244,0.3391,2026-06
CUST1007042,0.3551,0.1313,0.2819,0.5073,0.3393,0.0469,2026-06
CUST1007043,0.2954,0.1277,0.2743,0.2013,0.6601,0.0196,2026-06
CUST1007044,0.4479,0.6681,0.3855,0.2657,0.2452,0.4018,2026-06
CUST1007045,0.4659,0.2487,0.2033,0.1176,0.3529,0.0331,2026-06
CUST1007046,0.5283,0.4491,0.3185,0.1048,0.3928,0.5681,2026-06
CUST1007047,0.5429,0.4895,0.4783,0.1387,0.4014,0.614,2026-06
CUST1007048,0.5339,0.2495,0.2639,0.1414,0.6207,0.0774,2026-06
CUST1007049,0.3957,0.6776,0.2369,0.2366,0.4393,0.399,2026-06
CUST1007050,0.4071,0.7341,0.6542,0.176,0.1922,0.2601,2026-06
CUST1007051,0.6536,0.4685,0.5469000000000001,0.2266,0.4304,0.6213,2026-06
CUST1007052,0.4192,0.5504,0.4714,0.0556,0.2968,0.4124,2026-06
CUST1007053,0.4735,0.5224,0.6044,0.1152,0.2741,0.1525,2026-06
CUST1007054,0.2907,0.255,0.3609,0.2765,0.3861,0.2979,2026-06
CUST1007055,0.2191,0.2065,0.01,0.1707,0.2537,0.1099,2026-06
CUST1007056,0.1873,0.1797,0.4585,0.2224,0.3748,0.4415,2026-06
CUST1007057,0.2809,0.3451,0.4475,0.1534,0.2753,0.4588,2026-06
CUST1007058,0.3034,0.3247,0.243,0.2056,0.4636,0.0626,2026-06
CUST1007059,0.3002,0.5917,0.2163,0.1607,0.3903,0.7166,2026-06
CUST1007060,0.3368,0.6296,0.0421,0.07630000000000001,0.1308,0.157,2026-06
CUST1007061,0.3551,0.1606,0.0284,0.0573,0.3534,0.2978,2026-06
CUST1007062,0.3817,0.7054,0.3032,0.2452,0.2198,0.3562,2026-06
CUST1007063,0.1872,0.5750999999999999,0.1585,0.3175,0.2937,0.3252,2026-06
CUST1007064,0.3524,0.2564,0.01,0.2915,0.581,0.1665,2026-06
CUST1007065,0.4137,0.7179,0.1727,0.1478,0.2081,0.5574,2026-06
CUST1007066,0.3651,0.4047,0.2522,0.1934,0.1738,0.06759999999999999,2026-06
CUST1007067,0.52,0.548,0.4344,0.1223,0.251,0.5904,2026-06
CUST1007068,0.3964,0.4739,0.4762,0.0626,0.3647,0.4931,2026-06
CUST1007069,0.3761,0.6719000000000001,0.2038,0.2425,0.2238,0.504,2026-06
CUST1007070,0.2387,0.4185,0.3906,0.01,0.2907,0.4181,2026-06
CUST1007071,0.5125,0.4124,0.4644,0.2233,0.5127,0.5057,2026-06
CUST1007072,0.5046,0.4941,0.01,0.1986,0.3358,0.332,2026-06
CUST1007073,0.6145,0.482,0.4216,0.2366,0.4111,0.4577,2026-06
CUST1007074,0.2522,0.1595,0.2731,0.1846,0.1297,0.1828,2026-06
CUST1007075,0.485,0.6652,0.2531,0.2261,0.2775,0.4387,2026-06
CUST1007076,0.5676,0.507,0.2384,0.1983,0.3867,0.2251,2026-06
CUST1007077,0.4393,0.2926,0.4694,0.2728,0.2105,0.5495,2026-06
CUST1007078,0.5393,0.4944,0.4315,0.2181,0.5293,0.407,2026-06
CUST1007079,0.4667,0.3818,0.49,0.1649,0.3624,0.2117,2026-06
CUST1007080,0.5129,0.3917,0.3929,0.3004,0.5981,0.4262,2026-06
CUST1007081,0.4242,0.411,0.3281,0.2031,0.3962,0.4782,2026-06
CUST1007082,0.3847,0.6378,0.3909,0.06270000000000001,0.4139,0.4825,2026-06
CUST1007083,0.3032,0.2988,0.1725,0.2086,0.2495,0.4287,2026-06
CUST1007084,0.2209,0.356,0.0445,0.09959999999999999,0.2274,0.1842,2026-06
CUST1007085,0.4457,0.4972,0.4922,0.06610000000000001,0.4611,0.3745,2026-06
CUST1007086,0.4112,0.1138,0.336,0.6016,0.3986,0.1453,2026-06
CUST1007087,0.3715,0.396,0.01,0.2342,0.368,0.2225,2026-06
CUST1007088,0.409,0.4507,0.2821,0.1437,0.3607,0.4705,2026-06
CUST1007089,0.3653,0.411,0.3437,0.031,0.2469,0.5149,2026-06
CUST1007090,0.5522,0.2733,0.215,0.0142,0.2991,0.1587,2026-06
CUST1007091,0.4279,0.4927,0.5071,0.2364,0.4172,0.4414,2026-06
CUST1007092,0.2616,0.4443,0.2566,0.2875,0.2995,0.181,2026-06
CUST1007093,0.3309,0.2686,0.2127,0.2289,0.3274,0.4723,2026-06
CUST1007094,0.2491,0.4563,0.4291,0.1828,0.4035,0.6197,2026-06
CUST1007095,0.3829,0.6173999999999999,0.145,0.2392,0.2693,0.511,2026-06
CUST1007096,0.3884,0.3708,0.4503,0.1135,0.3846,0.597,2026-06
CUST1007097,0.5353,0.5946,0.386,0.208,0.4663,0.4101,2026-06
CUST1007098,0.0352,0.4795,0.4454,0.1686,0.4274,0.5475,2026-06
CUST1007099,0.2018,0.1101,0.2851,0.3596,0.2263,0.0672,2026-06
CUST1007100,0.3899,0.2361,0.0788,0.5946,0.3675,0.09959999999999999,2026-06
CUST1007101,0.3841,0.4599,0.3309,0.2457,0.3139,0.4547,2026-06
CUST1007102,0.2514,0.5947,0.1881,0.1603,0.1635,0.4208,2026-06
CUST1007103,0.3025,0.4336,0.0344,0.1325,0.5568,0.1075,2026-06
CUST1007104,0.2786,0.5742,0.2683,0.2759,0.1861,0.398,2026-06
CUST1007105,0.3685,0.6029,0.1733,0.0974,0.391,0.5823,2026-06
CUST1007106,0.2076,0.1323,0.0713,0.1359,0.2797,0.1645,2026-06
CUST1007107,0.5221,0.1936,0.3395,0.3702,0.3146,0.4489,2026-06
CUST1007108,0.366,0.5433,0.1596,0.2938,0.3172,0.3652,2026-06
CUST1007109,0.4023,0.3659,0.403,0.1639,0.3909,0.4801,2026-06
CUST1007110,0.5193,0.7382,0.1818,0.2038,0.4539,0.5115,2026-06
CUST1007111,0.2201,0.2296,0.3634,0.1864,0.2117,0.1673,2026-06
CUST1007112,0.6612,0.5266,0.2523,0.1688,0.5371,0.3836,2026-06
CUST1007113,0.1664,0.7451,0.2336,0.1546,0.3064,0.4047,2026-06
CUST1007114,0.5155999999999999,0.7761,0.479,0.2276,0.2046,0.6217,2026-06
CUST1007115,0.3199,0.4814,0.5446,0.2326,0.4065,0.5499000000000001,2026-06
CUST1007116,0.2384,0.5116000000000001,0.1779,0.1939,0.1409,0.4671,2026-06
CUST1007117,0.4788,0.3925,0.399,0.0979,0.3461,0.3654,2026-06
CUST1007118,0.5073,0.6018,0.3979,0.3075,0.337,0.751,2026-06
CUST1007119,0.5244,0.3105,0.1841,0.6034,0.279,0.155,2026-06
CUST1007120,0.1241,0.1989,0.2636,0.1568,0.4578,0.1436,2026-06
CUST1007121,0.2015,0.3976,0.4992,0.0495,0.2166,0.4125,2026-06
CUST1007122,0.1671,0.0553,0.1428,0.09760000000000001,0.4147,0.3487,2026-06
CUST1007123,0.5433,0.4167,0.5482,0.2332,0.1933,0.489,2026-06
CUST1007124,0.3046,0.3255,0.214,0.2526,0.3181,0.3511,2026-06
CUST1007125,0.3334,0.5773,0.5048,0.1811,0.2893,0.4488,2026-06
CUST1007126,0.5506,0.548,0.3433,0.1277,0.3852,0.3932,2026-06
CUST1007127,0.4143,0.745,0.5192,0.1274,0.4769,0.571,2026-06
CUST1007128,0.3356,0.2128,0.2499,0.1646,0.1476,0.1417,2026-06
CUST1007129,0.4995,0.4272,0.462,0.1444,0.2558,0.5086000000000001,2026-06
CUST1007130,0.3521,0.499,0.1292,0.0477,0.6468,0.5713,2026-06
CUST1007131,0.3305,0.2051,0.1152,0.0327,0.4789,0.1963,2026-06
CUST1007132,0.271,0.0138,0.2334,0.0439,0.4422,0.093,2026-06
CUST1007133,0.2297,0.4093,0.5568,0.222,0.1606,0.5074,2026-06
CUST1007134,0.5034,0.6207,0.4428,0.1422,0.2524,0.3083,2026-06
CUST1007135,0.4727,0.3488,0.2865,0.0339,0.3839,0.3053,2026-06
CUST1007136,0.264,0.1581,0.2329,0.162,0.3871,0.1064,2026-06
CUST1007137,0.09520000000000001,0.4552,0.0349,0.1029,0.3218,0.3335,2026-06
CUST1007138,0.2745,0.6397,0.1339,0.216,0.1789,0.4496,2026-06
CUST1007139,0.4966,0.5072,0.3737,0.1612,0.1878,0.2269,2026-06
CUST1007140,0.1913,0.6673,0.2272,0.3011,0.2914,0.4222,2026-06
CUST1007141,0.1928,0.1438,0.31,0.0848,0.4369,0.1935,2026-06
CUST1007142,0.1872,0.1901,0.2801,0.1023,0.2841,0.1012,2026-06
CUST1007143,0.4668,0.8027,0.1227,0.2864,0.2563,0.4215,2026-06
CUST1007144,0.4541,0.3028,0.01,0.1489,0.6662,0.1066,2026-06
CUST1007145,0.2721,0.3406,0.01,0.11,0.5436,0.01,2026-06
CUST1007146,0.3753,0.0824,0.141,0.2363,0.379,0.01,2026-06
CUST1007147,0.4585,0.5904,0.3399,0.1052,0.134,0.5805,2026-06
CUST1007148,0.4557,0.5323,0.4302,0.1734,0.5623,0.4912,2026-06
CUST1007149,0.2519,0.0272,0.3395,0.1284,0.4625,0.2618,2026-06
CUST1007150,0.3247,0.6089,0.2986,0.2536,0.2729,0.5143,2026-06
CUST1007151,0.3353,0.4436,0.4539,0.3338,0.2719,0.4612,2026-06
CUST1007152,0.3097,0.5496,0.268,0.1079,0.3827,0.345,2026-06
CUST1007153,0.2688,0.2791,0.2378,0.2352,0.2297,0.173,2026-06
CUST1007154,0.2495,0.4504,0.4027,0.2441,0.4787,0.384,2026-06
CUST1007155,0.06850000000000001,0.4823,0.3815,0.2026,0.3049,0.5608,2026-06
CUST1007156,0.6496,0.3691,0.3637,0.2654,0.3597,0.3153,2026-06
CUST1007157,0.615,0.4188,0.1639,0.2519,0.3539,0.2298,2026-06
CUST1007158,0.4272,0.4458,0.3949,0.1628,0.4374,0.3234,2026-06
CUST1007159,0.45,0.5336,0.4483,0.2034,0.7022,0.458,2026-06
CUST1007160,0.4087,0.4625,0.3625,0.3564,0.3534,0.411,2026-06
CUST1007161,0.151,0.2111,0.4259,0.2294,0.5204,0.6423,2026-06
CUST1007162,0.1068,0.2962,0.01,0.2715,0.2963,0.2868,2026-06
CUST1007163,0.2961,0.5562,0.5279,0.1407,0.4388,0.4634,2026-06
CUST1007164,0.4938,0.4817,0.3876,0.0983,0.4107,0.471,2026-06
CUST1007165,0.5108,0.3986,0.3718,0.3236,0.3948,0.44,2026-06
CUST1007166,0.09660000000000001,0.6442,0.3246,0.2816,0.1005,0.2425,2026-06
CUST1007167,0.2935,0.6724,0.3905,0.3101,0.3092,0.3602,2026-06
CUST1007168,0.5054,0.5291,0.4058,0.1481,0.428,0.4723,2026-06
CUST1007169,0.3969,0.5926,0.414,0.01,0.359,0.5384,2026-06
CUST1007170,0.531,0.588,0.4041,0.0615,0.4261,0.4661,2026-06
CUST1007171,0.3741,0.3711,0.3618,0.1298,0.3928,0.4838,2026-06
CUST1007172,0.6723,0.5893,0.3511,0.2168,0.3426,0.3516,2026-06
CUST1007173,0.1708,0.3506,0.121,0.2839,0.3743,0.1271,2026-06
CUST1007174,0.2202,0.3696,0.169,0.1813,0.352,0.1818,2026-06
CUST1007175,0.5092,0.3937,0.2698,0.2967,0.5973000000000001,0.0854,2026-06
CUST1007176,0.2218,0.0339,0.141,0.3262,0.517,0.103,2026-06
CUST1007177,0.2226,0.5356,0.437,0.0561,0.3075,0.3228,2026-06
CUST1007178,0.5001,0.5235,0.4694,0.2254,0.3436,0.5145999999999999,2026-06
CUST1007179,0.3412,0.5014999999999999,0.4261,0.1047,0.4744,0.4139,2026-06
CUST1007180,0.4293,0.3481,0.458,0.1149,0.1634,0.555,2026-06
CUST1007181,0.5336,0.5872000000000001,0.279,0.249,0.4424,0.1921,2026-06
CUST1007182,0.4339,0.4139,0.3768,0.2954,0.3329,0.3696,2026-06
CUST1007183,0.3698,0.311,0.2579,0.2042,0.3556,0.1784,2026-06
CUST1007184,0.3631,0.1843,0.1768,0.1732,0.32,0.1745,2026-06
CUST1007185,0.383,0.6229,0.2694,0.1328,0.3306,0.414,2026-06
CUST1007186,0.3033,0.268,0.01,0.1961,0.4189,0.1215,2026-06
CUST1007187,0.1717,0.3847,0.2126,0.4685,0.0481,0.5076000000000001,2026-06
CUST1007188,0.4864,0.5068,0.4144,0.1401,0.3968,0.2054,2026-06
CUST1007189,0.2527,0.2197,0.342,0.3189,0.3555,0.0723,2026-06
CUST1007190,0.4011,0.3382,0.1845,0.2268,0.5076000000000001,0.3831,2026-06
CUST1007191,0.5547,0.3703,0.01,0.167,0.3092,0.1576,2026-06
CUST1007192,0.3802,0.605,0.2505,0.2134,0.3715,0.4622,2026-06
CUST1007193,0.5134,0.3109,0.4589,0.1671,0.2709,0.3649,2026-06
CUST1007194,0.5652,0.7897999999999999,0.4845,0.043,0.4226,0.517,2026-06
CUST1007195,0.1556,0.4177,0.5658,0.5659,0.2151,0.5567,2026-06
CUST1007196,0.3957,0.4678,0.4028,0.1514,0.3808,0.2466,2026-06
CUST1007197,0.5949,0.6388,0.4481,0.19,0.2453,0.6602,2026-06
CUST1007198,0.4782,0.4314,0.1474,0.2127,0.6452,0.2036,2026-06
CUST1007199,0.3635,0.6928,0.221,0.404,0.3104,0.3604,2026-06
CUST1007200,0.0906,0.1027,0.1792,0.2262,0.2384,0.1786,2026-06
CUST1007201,0.2711,0.2391,0.0469,0.1862,0.4598,0.138,2026-06
CUST1007202,0.3854,0.4962,0.1413,0.1947,0.3175,0.6387,2026-06
CUST1007203,0.01,0.2007,0.01,0.1686,0.2883,0.211,2026-06
CUST1007204,0.2354,0.2708,0.456,0.1969,0.4653,0.4324,2026-06
CUST1007205,0.4013,0.3485,0.2963,0.08160000000000001,0.505,0.3855,2026-06
CUST1007206,0.6232,0.6512,0.2342,0.1478,0.1963,0.2843,2026-06
CUST1007207,0.2862,0.5059,0.3673,0.1135,0.4407,0.3166,2026-06
CUST1007208,0.5528999999999999,0.2974,0.1955,0.1444,0.2317,0.1854,2026-06
CUST1007209,0.1784,0.1617,0.4927,0.1106,0.3401,0.139,2026-06
CUST1007210,0.2243,0.3829,0.0794,0.168,0.1988,0.01,2026-06
CUST1007211,0.3334,0.4573,0.4741,0.1045,0.252,0.3925,2026-06
CUST1007212,0.3815,0.4091,0.1882,0.2828,0.4446,0.5121,2026-06
CUST1007213,0.5,0.3555,0.6422,0.1832,0.4173,0.2093,2026-06
CUST1007214,0.3722,0.4457,0.0274,0.2001,0.3046,0.1553,2026-06
CUST1007215,0.6293,0.2805,0.3442,0.6312,0.117,0.1753,2026-06
CUST1007216,0.4991,0.5971,0.4935,0.222,0.3167,0.3676,2026-06
CUST1007217,0.5193,0.4642,0.3345,0.1619,0.3587,0.2474,2026-06
CUST1007218,0.4409,0.7366,0.074,0.14,0.215,0.4208,2026-06
CUST1007219,0.01,0.1967,0.2344,0.1866,0.3288,0.0985,2026-06
CUST1007220,0.3898,0.4361,0.4064,0.2173,0.58,0.3606,2026-06
CUST1007221,0.5435,0.476,0.1288,0.131,0.3152,0.0549,2026-06
CUST1007222,0.1642,0.3191,0.5014,0.208,0.4083,0.3848,2026-06
CUST1007223,0.1813,0.6637,0.4208,0.159,0.4724,0.4535,2026-06
CUST1007224,0.2354,0.6412,0.4453,0.2274,0.2784,0.4377,2026-06
CUST1007225,0.2074,0.6192,0.213,0.1034,0.4607,0.5528999999999999,2026-06
CUST1007226,0.2471,0.3165,0.0535,0.2294,0.1926,0.1092,2026-06
CUST1007227,0.5917,0.6508,0.3032,0.2033,0.3222,0.2559,2026-06
CUST1007228,0.4346,0.5567,0.2789,0.2027,0.3997,0.3002,2026-06
CUST1007229,0.511,0.5085,0.2273,0.045,0.3188,0.1286,2026-06
CUST1007230,0.3172,0.4796,0.5507,0.1711,0.419,0.5863,2026-06
CUST1007231,0.4973,0.6398,0.295,0.5895,0.3035,0.2991,2026-06
CUST1007232,0.3915,0.4878,0.4053,0.2869,0.279,0.6423,2026-06
CUST1007233,0.2457,0.3022,0.2876,0.2728,0.3226,0.3978,2026-06
CUST1007234,0.1757,0.225,0.3966,0.1679,0.2218,0.2397,2026-06
CUST1007235,0.502,0.5425,0.1964,0.145,0.4119,0.2682,2026-06
CUST1007236,0.3609,0.6272,0.3569,0.0851,0.1634,0.5175,2026-06
CUST1007237,0.5197000000000001,0.3966,0.518,0.1513,0.6558,0.4357,2026-06
CUST1007238,0.2475,0.4543,0.3447,0.1046,0.3597,0.5172,2026-06
CUST1007239,0.1593,0.3968,0.1731,0.2024,0.7661,0.4256,2026-06
CUST1007240,0.4726,0.5887,0.2113,0.1639,0.242,0.38,2026-06
CUST1007241,0.3223,0.4593,0.4769,0.117,0.3876,0.3564,2026-06
CUST1007242,0.3858,0.4901,0.1554,0.07290000000000001,0.2028,0.1541,2026-06
CUST1007243,0.0473,0.3781,0.311,0.1438,0.4975,0.5336,2026-06
CUST1007244,0.3475,0.2868,0.2541,0.2056,0.3692,0.09470000000000001,2026-06
CUST1007245,0.4501,0.6626,0.4539,0.01,0.449,0.2073,2026-06
CUST1007246,0.2237,0.2856,0.4517,0.1915,0.3899,0.1381,2026-06
CUST1007247,0.3295,0.4652,0.4257,0.1342,0.3227,0.4317,2026-06
CUST1007248,0.2131,0.4491,0.3594,0.2324,0.4313,0.7358,2026-06
CUST1007249,0.309,0.2518,0.2018,0.1997,0.3943,0.0946,2026-06
CUST1007250,0.2062,0.08450000000000001,0.2111,0.1817,0.3879,0.2464,2026-06
CUST1007251,0.3675,0.4091,0.4349,0.1528,0.4523,0.3149,2026-06
CUST1007252,0.5884,0.3557,0.553,0.2032,0.3505,0.5184,2026-06
CUST1007253,0.2635,0.2949,0.1713,0.2269,0.5689,0.2576,2026-06
CUST1007254,0.5475,0.5523,0.6082,0.2906,0.3608,0.2861,2026-06
CUST1007255,0.3378,0.1677,0.1011,0.1766,0.3774,0.3495,2026-06
CUST1007256,0.4908,0.4422,0.4234,0.0523,0.1924,0.7186,2026-06
CUST1007257,0.3371,0.01,0.1664,0.0301,0.4812,0.2485,2026-06
CUST1007258,0.2834,0.555,0.4598,0.08,0.635,0.4318,2026-06
CUST1007259,0.4121,0.6096,0.3251,0.5511,0.179,0.3242,2026-06
CUST1007260,0.3594,0.3223,0.1451,0.2669,0.4489,0.0664,2026-06
CUST1007261,0.291,0.4642,0.4147,0.1019,0.2484,0.5631,2026-06
CUST1007262,0.4359,0.378,0.4633,0.2274,0.3589,0.5239,2026-06
CUST1007263,0.4333,0.5336,0.4932,0.2455,0.3649,0.6565,2026-06
CUST1007264,0.4137,0.4635,0.1665,0.1555,0.5443,0.2048,2026-06
CUST1007265,0.0951,0.3716,0.2947,0.0583,0.3896,0.6635,2026-06
CUST1007266,0.1207,0.4278,0.3935,0.09810000000000001,0.3575,0.24,2026-06
CUST1007267,0.5115,0.4035,0.3602,0.1424,0.4804,0.7138,2026-06
CUST1007268,0.1906,0.2806,0.415,0.1602,0.3684,0.3025,2026-06
CUST1007269,0.2405,0.4278,0.01,0.1856,0.2365,0.2331,2026-06
CUST1007270,0.2994,0.4199,0.38,0.1589,0.4999,0.3524,2026-06
CUST1007271,0.1851,0.1612,0.08799999999999999,0.1606,0.3216,0.2039,2026-06
CUST1007272,0.4455,0.4209,0.467,0.1563,0.5746,0.5308,2026-06
CUST1007273,0.32,0.1886,0.2982,0.156,0.4845,0.2131,2026-06
CUST1007274,0.322,0.3952,0.3162,0.2147,0.4458,0.2574,2026-06
CUST1007275,0.0941,0.6364,0.1105,0.1897,0.2555,0.3594,2026-06
CUST1007276,0.2804,0.2288,0.2242,0.0202,0.5564,0.1085,2026-06
CUST1007277,0.2819,0.3753,0.4142,0.1565,0.0285,0.4424,2026-06
CUST1007278,0.2282,0.6131,0.4267,0.366,0.2102,0.1952,2026-06
CUST1007279,0.0515,0.1936,0.4437,0.1774,0.364,0.6423,2026-06
CUST1007280,0.4436,0.674,0.2022,0.1848,0.1879,0.3874,2026-06
CUST1007281,0.2488,0.203,0.1975,0.221,0.4322,0.1888,2026-06
CUST1007282,0.01,0.1471,0.01,0.2017,0.5341,0.2503,2026-06
CUST1007283,0.5164,0.6586,0.3041,0.1113,0.2149,0.4838,2026-06
CUST1007284,0.4515,0.256,0.3942,0.2182,0.4805,0.4059,2026-06
CUST1007285,0.5615,0.728,0.4329,0.1492,0.3706,0.3946,2026-06
CUST1007286,0.6495,0.7101,0.502,0.2573,0.309,0.3828,2026-06
CUST1007287,0.4209,0.1069,0.0819,0.2687,0.3268,0.3371,2026-06
CUST1007288,0.381,0.1757,0.01,0.0832,0.4715,0.3476,2026-06
CUST1007289,0.06619999999999999,0.3909,0.3304,0.2257,0.3666,0.3468,2026-06
CUST1007290,0.4101,0.3592,0.4423,0.2279,0.4208,0.3367,2026-06
CUST1007291,0.2649,0.4214,0.3755,0.1033,0.4112,0.4351,2026-06
CUST1007292,0.0728,0.5954,0.27,0.09130000000000001,0.2113,0.715,2026-06
CUST1007293,0.2329,0.4963,0.4193,0.154,0.3789,0.1311,2026-06
CUST1007294,0.2699,0.4796,0.4144,0.01,0.2374,0.6022999999999999,2026-06
CUST1007295,0.1598,0.1135,0.2537,0.5804,0.2514,0.048,2026-06
CUST1007296,0.272,0.1068,0.2985,0.1135,0.1872,0.5181,2026-06
CUST1007297,0.3057,0.3625,0.2268,0.2445,0.1793,0.0701,2026-06
CUST1007298,0.604,0.5255,0.4094,0.1161,0.3374,0.4002,2026-06
CUST1007299,0.4459,0.665,0.2395,0.1555,0.2913,0.3333,2026-06
CUST1007300,0.1962,0.5445,0.4367,0.1443,0.4824,0.3943,2026-06
CUST1007301,0.3527,0.2409,0.09719999999999999,0.1399,0.5931999999999999,0.07149999999999999,2026-06
CUST1007302,0.336,0.448,0.3247,0.2951,0.2443,0.3876,2026-06
CUST1007303,0.4512,0.3818,0.3496,0.0474,0.4748,0.4112,2026-06
CUST1007304,0.5327,0.6198,0.3743,0.2489,0.2963,0.6022,2026-06
CUST1007305,0.2806,0.1,0.3515,0.2008,0.323,0.1028,2026-06
CUST1007306,0.3809,0.5328000000000001,0.07870000000000001,0.2916,0.1987,0.0907,2026-06
CUST1007307,0.4838,0.5572,0.2023,0.2148,0.1067,0.3406,2026-06
CUST1007308,0.2458,0.4091,0.4667,0.2197,0.4068,0.4573,2026-06
CUST1007309,0.3585,0.4495,0.2759,0.2371,0.3163,0.5384,2026-06
CUST1007310,0.4468,0.3594,0.1341,0.1975,0.4175,0.2996,2026-06
CUST1007311,0.5115,0.1508,0.0822,0.093,0.3521,0.09710000000000001,2026-06
CUST1007312,0.5076000000000001,0.6957,0.3106,0.1069,0.3569,0.2462,2026-06
CUST1007313,0.2546,0.5341,0.1514,0.1553,0.3706,0.4495,2026-06
CUST1007314,0.4464,0.3936,0.504,0.093,0.3752,0.3262,2026-06
CUST1007315,0.4876,0.4301,0.5504,0.01,0.3845,0.6459,2026-06
CUST1007316,0.3631,0.2598,0.0968,0.2334,0.2854,0.1223,2026-06
CUST1007317,0.4057,0.4507,0.4204,0.1088,0.5750999999999999,0.3108,2026-06
CUST1007318,0.0111,0.1044,0.1717,0.07530000000000001,0.4777,0.2111,2026-06
CUST1007319,0.332,0.4529,0.2871,0.1752,0.4421,0.2252,2026-06
CUST1007320,0.3582,0.5719,0.2538,0.1669,0.2457,0.2567,2026-06
CUST1007321,0.3952,0.5913,0.2065,0.0554,0.3388,0.4753,2026-06
CUST1007322,0.5059,0.7266,0.3083,0.2431,0.4076,0.3878,2026-06
CUST1007323,0.3661,0.4091,0.2578,0.1567,0.4157,0.07190000000000001,2026-06
CUST1007324,0.4968,0.5799,0.1853,0.1038,0.2036,0.3185,2026-06
CUST1007325,0.4193,0.2153,0.3766,0.2105,0.3854,0.192,2026-06
CUST1007326,0.2024,0.5346,0.3763,0.1779,0.3488,0.4008,2026-06
CUST1007327,0.2166,0.0385,0.3916,0.1198,0.2967,0.2836,2026-06
CUST1007328,0.1497,0.1202,0.01,0.3434,0.406,0.1767,2026-06
CUST1007329,0.3246,0.3751,0.5062,0.1956,0.3249,0.5814,2026-06
CUST1007330,0.3587,0.2804,0.2591,0.14,0.6026,0.0649,2026-06
CUST1007331,0.5439000000000001,0.4074,0.3418,0.0338,0.3689,0.3386,2026-06
CUST1007332,0.114,0.2328,0.01,0.1825,0.2819,0.0822,2026-06
CUST1007333,0.2207,0.322,0.4004,0.0673,0.3356,0.5620000000000001,2026-06
CUST1007334,0.5317,0.1533,0.4012,0.215,0.4133,0.01,2026-06
CUST1007335,0.3815,0.4061,0.3633,0.2653,0.5072,0.6056,2026-06
CUST1007336,0.4744,0.5456,0.368,0.3629,0.3108,0.5541,2026-06
CUST1007337,0.215,0.3943,0.4324,0.1665,0.3975,0.6223,2026-06
CUST1007338,0.08110000000000001,0.2346,0.01,0.171,0.1597,0.2579,2026-06
CUST1007339,0.4044,0.4491,0.01,0.01,0.2734,0.0459,2026-06
CUST1007340,0.4943,0.4267,0.4694,0.1666,0.4754,0.7074,2026-06
CUST1007341,0.3964,0.4304,0.421,0.1977,0.2872,0.5852000000000001,2026-06
CUST1007342,0.4201,0.2128,0.1329,0.1942,0.5508,0.1413,2026-06
CUST1007343,0.07290000000000001,0.3187,0.0905,0.27,0.3169,0.191,2026-06
CUST1007344,0.4353,0.4493,0.4504,0.2292,0.3105,0.5884,2026-06
CUST1007345,0.2605,0.4079,0.239,0.2786,0.2543,0.38,2026-06
CUST1007346,0.2176,0.198,0.01,0.0491,0.1621,0.2227,2026-06
CUST1007347,0.3917,0.6192,0.3573,0.1525,0.2523,0.302,2026-06
CUST1007348,0.2424,0.5233,0.0125,0.2921,0.1532,0.06519999999999999,2026-06
CUST1007349,0.1531,0.4736,0.3733,0.2406,0.2859,0.4707,2026-06
CUST1007350,0.5705,0.3593,0.2606,0.08599999999999999,0.3057,0.1316,2026-06
CUST1007351,0.2946,0.4413,0.4267,0.1551,0.3324,0.5796,2026-06
CUST1007352,0.2836,0.502,0.2439,0.1934,0.4445,0.6281,2026-06
CUST1007353,0.339,0.4298,0.4998,0.08359999999999999,0.2793,0.6808,2026-06
CUST1007354,0.1626,0.1174,0.3648,0.284,0.3103,0.17,2026-06
CUST1007355,0.5712,0.4871,0.135,0.0706,0.2246,0.1689,2026-06
CUST1007356,0.4742,0.6478,0.1685,0.1697,0.2751,0.2944,2026-06
CUST1007357,0.2746,0.4519,0.4239,0.2019,0.4463,0.5457,2026-06
CUST1007358,0.4404,0.7942,0.4837,0.158,0.2976,0.3744,2026-06
CUST1007359,0.5316,0.3453,0.3411,0.0975,0.3101,0.3999,2026-06
CUST1007360,0.2788,0.5013,0.4487,0.0267,0.3229,0.439,2026-06
CUST1007361,0.3806,0.3032,0.4092,0.5770999999999999,0.5551,0.3085,2026-06
CUST1007362,0.2488,0.5264,0.4034,0.1673,0.251,0.52,2026-06
CUST1007363,0.4014,0.6795,0.4389,0.21,0.2897,0.3732,2026-06
CUST1007364,0.437,0.4726,0.2725,0.214,0.3561,0.3577,2026-06
CUST1007365,0.3813,0.4105,0.01,0.1583,0.5299,0.3091,2026-06
CUST1007366,0.4881,0.3455,0.4479,0.1052,0.5599,0.2219,2026-06
CUST1007367,0.1386,0.3835,0.1598,0.1472,0.284,0.6675,2026-06
CUST1007368,0.4582,0.3756,0.3084,0.2683,0.3837,0.5345,2026-06
CUST1007369,0.0776,0.485,0.2192,0.2656,0.1321,0.615,2026-06
CUST1007370,0.3347,0.2451,0.2782,0.1074,0.2692,0.1995,2026-06
CUST1007371,0.2357,0.3563,0.4757,0.01,0.2534,0.488,2026-06
CUST1007372,0.4365,0.6639,0.2495,0.252,0.2512,0.4169,2026-06
CUST1007373,0.6019,0.4638,0.4298,0.1365,0.3422,0.4116,2026-06
CUST1007374,0.2546,0.1211,0.2854,0.0765,0.4412,0.2048,2026-06
CUST1007375,0.5711000000000001,0.3113,0.1393,0.194,0.6711,0.3046,2026-06
CUST1007376,0.3757,0.5794,0.2311,0.0953,0.2542,0.1995,2026-06
CUST1007377,0.4118,0.4936,0.5395,0.1667,0.3504,0.4353,2026-06
CUST1007378,0.2204,0.5311,0.2534,0.0901,0.4847,0.4895,2026-06
CUST1007379,0.1335,0.4699,0.3848,0.1401,0.2655,0.408,2026-06
CUST1007380,0.5359,0.2275,0.4563,0.1555,0.2824,0.3125,2026-06
CUST1007381,0.32,0.4135,0.216,0.1588,0.34,0.5089,2026-06
CUST1007382,0.1041,0.3391,0.2684,0.132,0.4404,0.11,2026-06
CUST1007383,0.1127,0.4371,0.6121,0.2113,0.3381,0.5724,2026-06
CUST1007384,0.144,0.2356,0.01,0.1275,0.531,0.0709,2026-06
CUST1007385,0.3416,0.2095,0.3234,0.1144,0.2506,0.2529,2026-06
CUST1007386,0.2784,0.2832,0.5985,0.2729,0.2925,0.5541,2026-06
CUST1007387,0.4712,0.4026,0.4859,0.08019999999999999,0.3615,0.4888,2026-06
CUST1007388,0.2157,0.2376,0.1455,0.1106,0.4194,0.1156,2026-06
CUST1007389,0.4139,0.5528,0.4676,0.3162,0.3047,0.384,2026-06
CUST1007390,0.2221,0.3945,0.5374,0.155,0.4051,0.4619,2026-06
CUST1007391,0.1367,0.6246,0.1857,0.2082,0.2907,0.2425,2026-06
CUST1007392,0.523,0.1128,0.2679,0.1372,0.2338,0.2373,2026-06
CUST1007393,0.5129,0.4595,0.2032,0.0541,0.4156,0.1313,2026-06
CUST1007394,0.3041,0.2382,0.2945,0.1769,0.2969,0.2066,2026-06
CUST1007395,0.5164,0.5768,0.4945,0.3672,0.4248,0.6252,2026-06
CUST1007396,0.3678,0.5434,0.1772,0.2854,0.1647,0.1241,2026-06
CUST1007397,0.334,0.2286,0.1502,0.0245,0.3529,0.1037,2026-06
CUST1007398,0.3397,0.3313,0.5106000000000001,0.2158,0.4592,0.3795,2026-06
CUST1007399,0.3628,0.266,0.3192,0.1802,0.4071,0.3651,2026-06
CUST1007400,0.2261,0.233,0.4185,0.1649,0.4095,0.7554999999999999,2026-06
CUST1007401,0.446,0.5867,0.3255,0.09320000000000001,0.4404,0.777,2026-06
CUST1007402,0.2777,0.6318,0.0497,0.2501,0.3375,0.3843,2026-06
CUST1007403,0.3703,0.5822000000000001,0.2398,0.0618,0.3064,0.3143,2026-06
CUST1007404,0.5361,0.6155,0.5251,0.2419,0.665,0.4525,2026-06
CUST1007405,0.2786,0.4813,0.3828,0.1538,0.7382,0.2877,2026-06
CUST1007406,0.434,0.4276,0.01,0.2242,0.2216,0.1226,2026-06
CUST1007407,0.5211,0.6561,0.3102,0.2952,0.2699,0.2372,2026-06
CUST1007408,0.417,0.6141,0.27,0.2868,0.2696,0.4179,2026-06
CUST1007409,0.2097,0.5187,0.4672,0.1672,0.3478,0.3304,2026-06
CUST1007410,0.2088,0.436,0.3866,0.2166,0.3726,0.3937,2026-06
CUST1007411,0.1879,0.7202,0.2197,0.1997,0.1269,0.4937,2026-06
CUST1007412,0.204,0.4252,0.0394,0.2601,0.1422,0.1072,2026-06
CUST1007413,0.0721,0.4965,0.3103,0.1085,0.4894,0.3065,2026-06
CUST1007414,0.1896,0.3022,0.2515,0.3173,0.6706,0.2104,2026-06
CUST1007415,0.3071,0.5096000000000001,0.408,0.2445,0.3045,0.6142,2026-06
CUST1007416,0.3743,0.5458,0.3944,0.1459,0.2516,0.4495,2026-06
CUST1007417,0.2114,0.2711,0.2202,0.078,0.3659,0.1283,2026-06
CUST1007418,0.4172,0.3757,0.3843,0.0622,0.315,0.5556,2026-06
CUST1007419,0.386,0.5435,0.01,0.1338,0.1848,0.2347,2026-06
CUST1007420,0.5202,0.5518,0.5304,0.3152,0.2726,0.3245,2026-06
CUST1007421,0.1909,0.3173,0.1109,0.1363,0.2823,0.0674,2026-06
CUST1007422,0.4974,0.5344,0.4938,0.2685,0.3627,0.4024,2026-06
CUST1007423,0.4019,0.6157,0.5373,0.3193,0.2656,0.3685,2026-06
CUST1007424,0.3065,0.4721,0.2407,0.1141,0.6496,0.4097,2026-06
CUST1007425,0.3106,0.2905,0.0881,0.2433,0.2032,0.3651,2026-06
CUST1007426,0.344,0.1287,0.2096,0.08019999999999999,0.2441,0.2537,2026-06
CUST1007427,0.4283,0.4696,0.5229,0.1033,0.4991,0.443,2026-06
CUST1007428,0.3592,0.6656,0.2787,0.2621,0.2712,0.4078,2026-06
CUST1007429,0.2857,0.216,0.2842,0.0496,0.5449000000000001,0.2388,2026-06
CUST1007430,0.043,0.0877,0.1355,0.1633,0.4788,0.136,2026-06
CUST1007431,0.3398,0.4655,0.5259,0.0979,0.3017,0.4179,2026-06
CUST1007432,0.2455,0.2303,0.3895,0.0529,0.2339,0.1345,2026-06
CUST1007433,0.3545,0.478,0.489,0.3235,0.3809,0.5883,2026-06
CUST1007434,0.3182,0.3774,0.2378,0.5868,0.2995,0.3775,2026-06
CUST1007435,0.1964,0.0645,0.1974,0.5489000000000001,0.113,0.0274,2026-06
CUST1007436,0.4205,0.0781,0.2936,0.1414,0.4581,0.2741,2026-06
CUST1007437,0.1123,0.2961,0.01,0.2597,0.2482,0.2091,2026-06
CUST1007438,0.3823,0.6936,0.1832,0.303,0.1802,0.3059,2026-06
CUST1007439,0.4488,0.4853,0.1386,0.1995,0.1722,0.4961,2026-06
CUST1007440,0.5414,0.4271,0.3675,0.1784,0.5776,0.4365,2026-06
CUST1007441,0.3222,0.4983,0.2157,0.1923,0.4834,0.3523,2026-06
CUST1007442,0.4298,0.5266,0.363,0.2602,0.3942,0.4052,2026-06
CUST1007443,0.4283,0.5626,0.1303,0.1952,0.2173,0.5049,2026-06
CUST1007444,0.2369,0.5929,0.3859,0.3468,0.3025,0.5737,2026-06
CUST1007445,0.2217,0.2633,0.4912,0.0336,0.4712,0.4937,2026-06
CUST1007446,0.3587,0.5282,0.041,0.2693,0.1503,0.1695,2026-06
CUST1007447,0.3948,0.3582,0.3708,0.2439,0.2499,0.3846,2026-06
CUST1007448,0.381,0.1828,0.2137,0.1642,0.2667,0.2443,2026-06
CUST1007449,0.1811,0.175,0.2529,0.268,0.2196,0.0574,2026-06
CUST1007450,0.2341,0.5551,0.1457,0.2202,0.3668,0.4288,2026-06
CUST1007451,0.1775,0.5929,0.4408,0.1369,0.317,0.5989,2026-06
CUST1007452,0.3534,0.4133,0.3581,0.2756,0.3746,0.5422,2026-06
CUST1007453,0.3733,0.4557,0.0733,0.1083,0.2233,0.1651,2026-06
CUST1007454,0.578,0.2816,0.6168,0.1249,0.2998,0.4525,2026-06
CUST1007455,0.4078,0.6403,0.2254,0.6632,0.2883,0.4683,2026-06
CUST1007456,0.3627,0.4394,0.4376,0.3001,0.3823,0.6441,2026-06
CUST1007457,0.2916,0.2287,0.2884,0.1923,0.2135,0.2615,2026-06
CUST1007458,0.1498,0.6573,0.06759999999999999,0.2811,0.344,0.453,2026-06
CUST1007459,0.1971,0.3943,0.1244,0.5896,0.1252,0.1371,2026-06
CUST1007460,0.4264,0.4871,0.3209,0.1985,0.3508,0.5596,2026-06
CUST1007461,0.4816,0.425,0.4309,0.2964,0.293,0.4557,2026-06
CUST1007462,0.398,0.5862000000000001,0.2424,0.3253,0.2193,0.2536,2026-06
CUST1007463,0.4877,0.3319,0.0858,0.1904,0.3988,0.1995,2026-06
CUST1007464,0.4265,0.436,0.01,0.1918,0.2404,0.0688,2026-06
CUST1007465,0.5957,0.3496,0.2745,0.5292,0.1935,0.3953,2026-06
CUST1007466,0.2719,0.2233,0.2909,0.1275,0.3407,0.0486,2026-06
CUST1007467,0.399,0.6353,0.3646,0.0615,0.1907,0.2689,2026-06
CUST1007468,0.512,0.4575,0.3737,0.1194,0.4313,0.4135,2026-06
CUST1007469,0.4061,0.4879,0.06900000000000001,0.5721000000000001,0.2539,0.4107,2026-06
CUST1007470,0.46,0.4209,0.2567,0.2115,0.2497,0.3264,2026-06
CUST1007471,0.5168,0.6883,0.2722,0.2119,0.1473,0.3328,2026-06
CUST1007472,0.6163999999999999,0.4138,0.4507,0.164,0.5597,0.416,2026-06
CUST1007473,0.4597,0.4244,0.3338,0.6254999999999999,0.1629,0.1869,2026-06
CUST1007474,0.0565,0.394,0.2125,0.1527,0.2475,0.0435,2026-06
CUST1007475,0.4754,0.4422,0.3344,0.1901,0.303,0.3536,2026-06
CUST1007476,0.536,0.723,0.5326,0.2149,0.2351,0.349,2026-06
CUST1007477,0.3569,0.5165999999999999,0.4002,0.186,0.2902,0.5646,2026-06
CUST1007478,0.3213,0.4559,0.1998,0.2788,0.6323,0.1289,2026-06
CUST1007479,0.2272,0.4076,0.4187,0.1129,0.3464,0.3102,2026-06
CUST1007480,0.09470000000000001,0.3116,0.2271,0.4664,0.386,0.5663,2026-06
CUST1007481,0.381,0.7292,0.2845,0.1616,0.1625,0.4077,2026-06
CUST1007482,0.2141,0.418,0.2712,0.1305,0.2947,0.4516,2026-06
CUST1007483,0.2536,0.6116,0.3637,0.1457,0.215,0.6912,2026-06
CUST1007484,0.4021,0.4921,0.0467,0.2636,0.2381,0.2519,2026-06
CUST1007485,0.51,0.6472,0.4732,0.1938,0.5299,0.3874,2026-06
CUST1007486,0.486,0.6213,0.4476,0.4624,0.1589,0.4397,2026-06
CUST1007487,0.5318000000000001,0.5288,0.4211,0.1149,0.3159,0.649,2026-06
CUST1007488,0.3641,0.4144,0.3439,0.1442,0.4521,0.75,2026-06
CUST1007489,0.2411,0.5021,0.5118,0.0977,0.3811,0.5774,2026-06
CUST1007490,0.3856,0.3909,0.4922,0.1854,0.2814,0.6391,2026-06
CUST1007491,0.5541,0.397,0.1412,0.2433,0.4991,0.0595,2026-06
CUST1007492,0.4284,0.6357,0.3414,0.1086,0.2926,0.5732,2026-06
CUST1007493,0.1944,0.2004,0.2144,0.3368,0.3233,0.1827,2026-06
CUST1007494,0.2014,0.2189,0.06560000000000001,0.1373,0.2643,0.1278,2026-06
CUST1007495,0.2538,0.4638,0.3827,0.0369,0.3556,0.3916,2026-06
CUST1007496,0.4086,0.6199,0.4602,0.1567,0.2689,0.4471,2026-06
CUST1007497,0.0448,0.1538,0.01,0.06950000000000001,0.5145999999999999,0.0505,2026-06
CUST1007498,0.5097,0.4495,0.2094,0.5576,0.0602,0.01,2026-06
CUST1007499,0.3356,0.2665,0.3357,0.2009,0.3647,0.2263,2026-06
CUST1007500,0.4422,0.4411,0.1847,0.1636,0.2158,0.3514,2026-06
CUST1007501,0.2912,0.1575,0.4009,0.1978,0.3696,0.2487,2026-06
CUST1007502,0.2311,0.5848,0.5256999999999999,0.2625,0.24,0.2842,2026-06
CUST1007503,0.4447,0.3469,0.4459,0.1813,0.3341,0.4527,2026-06
CUST1007504,0.2884,0.2005,0.3585,0.356,0.2019,0.1132,2026-06
CUST1007505,0.4316,0.508,0.4892,0.1929,0.502,0.2923,2026-06
CUST1007506,0.3768,0.5695,0.2253,0.5071,0.1831,0.4058,2026-06
CUST1007507,0.4515,0.6617,0.1246,0.1538,0.2961,0.511,2026-06
CUST1007508,0.1631,0.6202,0.1507,0.3028,0.4177,0.3057,2026-06
CUST1007509,0.4847,0.6682,0.276,0.2743,0.2777,0.6411,2026-06
CUST1007510,0.5726,0.4978,0.2198,0.1928,0.4506,0.4526,2026-06
CUST1007511,0.3261,0.4052,0.235,0.1348,0.4037,0.5231,2026-06
CUST1007512,0.5399,0.5779,0.1499,0.0752,0.4049,0.1687,2026-06
CUST1007513,0.4104,0.6969,0.3121,0.0994,0.3272,0.3646,2026-06
CUST1007514,0.417,0.4232,0.4835,0.0678,0.3786,0.2901,2026-06
CUST1007515,0.5014999999999999,0.6216,0.1736,0.2744,0.359,0.3156,2026-06
CUST1007516,0.2821,0.3545,0.1449,0.0742,0.2728,0.1844,2026-06
CUST1007517,0.2998,0.5255,0.2719,0.3828,0.1559,0.3437,2026-06
CUST1007518,0.2225,0.3525,0.5648,0.2387,0.3471,0.324,2026-06
CUST1007519,0.3731,0.471,0.3724,0.2151,0.0723,0.5008,2026-06
CUST1007520,0.1433,0.8401999999999999,0.4327,0.2624,0.3056,0.5153,2026-06
CUST1007521,0.0475,0.1957,0.01,0.01,0.2644,0.1461,2026-06
CUST1007522,0.3796,0.3187,0.2182,0.0717,0.4116,0.1479,2026-06
CUST1007523,0.5379,0.4136,0.4039,0.2248,0.3591,0.4919,2026-06
CUST1007524,0.6036,0.1508,0.3016,0.229,0.4849,0.14,2026-06
CUST1007525,0.2592,0.4309,0.2411,0.3267,0.2564,0.6335,2026-06
CUST1007526,0.2529,0.4186,0.3954,0.1899,0.3458,0.2846,2026-06
CUST1007527,0.0987,0.6819,0.1179,0.2298,0.3489,0.4744,2026-06
CUST1007528,0.1967,0.587,0.1429,0.6512,0.0352,0.2067,2026-06
CUST1007529,0.2063,0.4762,0.01,0.1117,0.2577,0.1837,2026-06
CUST1007530,0.4404,0.2815,0.0392,0.2803,0.3815,0.3077,2026-06
CUST1007531,0.4004,0.541,0.4616,0.2908,0.3225,0.4773,2026-06
CUST1007532,0.3158,0.3881,0.01,0.2571,0.1644,0.2039,2026-06
CUST1007533,0.2225,0.1482,0.2654,0.2751,0.3968,0.1983,2026-06
CUST1007534,0.3047,0.283,0.0223,0.0784,0.5564,0.01,2026-06
CUST1007535,0.3875,0.3677,0.2907,0.6491,0.2814,0.1528,2026-06
CUST1007536,0.2468,0.0866,0.2389,0.038,0.1709,0.2529,2026-06
CUST1007537,0.4183,0.8766,0.2644,0.0499,0.2095,0.5648,2026-06
CUST1007538,0.3943,0.4735,0.1689,0.2481,0.3413,0.6693,2026-06
CUST1007539,0.3233,0.3894,0.1707,0.2464,0.4263,0.6798999999999999,2026-06
CUST1007540,0.2543,0.3642,0.2025,0.06660000000000001,0.3281,0.2767,2026-06
CUST1007541,0.4803,0.7305,0.3426,0.08740000000000001,0.4797,0.3354,2026-06
CUST1007542,0.2751,0.5294,0.01,0.2798,0.2397,0.1188,2026-06
CUST1007543,0.4389,0.4972,0.4956,0.2522,0.3443,0.6228,2026-06
CUST1007544,0.0668,0.4728,0.3306,0.01,0.2639,0.1607,2026-06
CUST1007545,0.5272,0.6849,0.5683,0.0982,0.3405,0.4868,2026-06
CUST1007546,0.361,0.2987,0.4867,0.2142,0.1525,0.3736,2026-06
CUST1007547,0.2773,0.5658,0.3984,0.2604,0.3855,0.2684,2026-06
CUST1007548,0.6012,0.4872,0.4625,0.1283,0.3696,0.5343,2026-06
CUST1007549,0.2671,0.4691,0.3904,0.1593,0.2475,0.2128,2026-06
CUST1007550,0.2751,0.5620000000000001,0.1346,0.2321,0.4455,0.3821,2026-06
CUST1007551,0.2954,0.2203,0.3011,0.2323,0.6091,0.1925,2026-06
CUST1007552,0.4471,0.6606,0.2731,0.1827,0.3339,0.3972,2026-06
CUST1007553,0.5752,0.7259,0.208,0.211,0.2769,0.2637,2026-06
CUST1007554,0.3559,0.3526,0.01,0.2767,0.2723,0.1755,2026-06
CUST1007555,0.4817,0.5321,0.4085,0.2994,0.5187,0.4507,2026-06
CUST1007556,0.4902,0.4936,0.4717,0.1952,0.3063,0.668,2026-06
CUST1007557,0.4309,0.0721,0.2623,0.1115,0.3887,0.1385,2026-06
CUST1007558,0.3933,0.3599,0.3138,0.036,0.4965,0.2167,2026-06
CUST1007559,0.3727,0.5967,0.3086,0.1527,0.2058,0.3152,2026-06
CUST1007560,0.5503,0.5129,0.1424,0.0229,0.1557,0.2811,2026-06
CUST1007561,0.4069,0.591,0.2624,0.1443,0.3928,0.7876,2026-06
CUST1007562,0.4991,0.5917,0.4051,0.1521,0.281,0.4442,2026-06
CUST1007563,0.4557,0.4204,0.422,0.2682,0.1036,0.2725,2026-06
CUST1007564,0.5541,0.714,0.2465,0.247,0.2783,0.5089,2026-06
CUST1007565,0.3693,0.6699000000000001,0.0576,0.1979,0.3292,0.3635,2026-06
CUST1007566,0.5599,0.4237,0.304,0.1948,0.2169,0.1825,2026-06
CUST1007567,0.3801,0.5219,0.2388,0.2718,0.0925,0.6188,2026-06
CUST1007568,0.5482,0.6524,0.4582,0.1908,0.3555,0.3742,2026-06
CUST1007569,0.3469,0.5219,0.3261,0.192,0.2737,0.3681,2026-06
CUST1007570,0.5849,0.4696,0.4786,0.1398,0.6143,0.3954,2026-06
CUST1007571,0.5514,0.37,0.3395,0.0997,0.4273,0.3042,2026-06
CUST1007572,0.4794,0.3113,0.3915,0.2197,0.1782,0.4763,2026-06
CUST1007573,0.1234,0.2151,0.3892,0.0233,0.5796,0.1681,2026-06
CUST1007574,0.3979,0.541,0.5022,0.01,0.3909,0.4021,2026-06
CUST1007575,0.06950000000000001,0.5739,0.2917,0.4048,0.3927,0.4808,2026-06
CUST1007576,0.2429,0.1525,0.3208,0.1483,0.3374,0.0898,2026-06
CUST1007577,0.2223,0.4487,0.2189,0.2028,0.3437,0.3676,2026-06
CUST1007578,0.216,0.4596,0.3354,0.1314,0.4174,0.7057,2026-06
CUST1007579,0.4542,0.7214,0.2426,0.2779,0.3004,0.363,2026-06
CUST1007580,0.475,0.4856,0.3883,0.1013,0.5738,0.3733,2026-06
CUST1007581,0.2507,0.4794,0.4448,0.1889,0.4216,0.2982,2026-06
CUST1007582,0.1628,0.2759,0.0443,0.2717,0.2924,0.2393,2026-06
CUST1007583,0.3814,0.4893,0.1129,0.1419,0.392,0.5542,2026-06
CUST1007584,0.5344,0.1915,0.2814,0.2364,0.5243,0.1027,2026-06
CUST1007585,0.373,0.3576,0.4236,0.1879,0.3962,0.38,2026-06
CUST1007586,0.2446,0.5364,0.3667,0.1428,0.2038,0.2711,2026-06
CUST1007587,0.4102,0.2179,0.01,0.0975,0.5104,0.1564,2026-06
CUST1007588,0.4883,0.523,0.4196,0.1867,0.5059,0.2714,2026-06
CUST1007589,0.345,0.3338,0.01,0.2091,0.5746,0.1501,2026-06
CUST1007590,0.4469,0.536,0.2889,0.1546,0.1802,0.6856,2026-06
CUST1007591,0.467,0.5291,0.4578,0.1974,0.4565,0.487,2026-06
CUST1007592,0.3124,0.6394,0.477,0.1126,0.2725,0.3146,2026-06
CUST1007593,0.5667,0.7503,0.3241,0.1811,0.3061,0.5445,2026-06
CUST1007594,0.3274,0.5665,0.4136,0.1542,0.3375,0.3046,2026-06
CUST1007595,0.0253,0.7634,0.3048,0.2703,0.2357,0.4924,2026-06
CUST1007596,0.3941,0.2564,0.2146,0.2387,0.283,0.0824,2026-06
CUST1007597,0.3331,0.4379,0.5155999999999999,0.2175,0.3244,0.4428,2026-06
CUST1007598,0.3542,0.5766,0.3076,0.2408,0.3046,0.7478,2026-06
CUST1007599,0.2716,0.5155,0.1465,0.2221,0.2322,0.6823,2026-06
CUST1007600,0.3387,0.4799,0.2769,0.0955,0.3299,0.4747,2026-06
CUST1007601,0.3081,0.5464,0.459,0.1326,0.269,0.3036,2026-06
CUST1007602,0.4278,0.3102,0.37,0.1634,0.3954,0.2415,2026-06
CUST1007603,0.2864,0.289,0.4848,0.1132,0.2169,0.3771,2026-06
CUST1007604,0.1698,0.218,0.2644,0.1218,0.3155,0.1697,2026-06
CUST1007605,0.4313,0.7275,0.1961,0.2436,0.2755,0.3848,2026-06
CUST1007606,0.2787,0.488,0.4568,0.2061,0.3979,0.4355,2026-06
CUST1007607,0.2998,0.5901999999999999,0.3936,0.1947,0.1932,0.5803,2026-06
CUST1007608,0.3449,0.1858,0.2744,0.2189,0.4069,0.1899,2026-06
CUST1007609,0.5538,0.4676,0.2594,0.09950000000000001,0.4279,0.1883,2026-06
CUST1007610,0.3634,0.7747000000000001,0.2438,0.0906,0.3204,0.4667,2026-06
CUST1007611,0.2114,0.6797,0.1059,0.1625,0.3374,0.4515,2026-06
CUST1007612,0.1649,0.3681,0.2654,0.2388,0.3661,0.6385,2026-06
CUST1007613,0.6413,0.4567,0.4004,0.2261,0.4064,0.5323,2026-06
CUST1007614,0.3567,0.4913,0.2672,0.1964,0.3225,0.5780999999999999,2026-06
CUST1007615,0.0929,0.1637,0.1962,0.1787,0.1278,0.0895,2026-06
CUST1007616,0.1238,0.1836,0.2132,0.1487,0.4367,0.1288,2026-06
CUST1007617,0.389,0.6178,0.5439000000000001,0.3074,0.254,0.4282,2026-06
CUST1007618,0.4534,0.599,0.4297,0.2565,0.2611,0.5085,2026-06
CUST1007619,0.2058,0.5374,0.1912,0.2251,0.1712,0.4285,2026-06
CUST1007620,0.2426,0.8145,0.3261,0.2582,0.3679,0.4253,2026-06
CUST1007621,0.1969,0.4603,0.5056,0.1876,0.5115,0.4519,2026-06
CUST1007622,0.5044,0.5167,0.4145,0.2263,0.2224,0.6035,2026-06
CUST1007623,0.4666,0.4993,0.231,0.0251,0.5093,0.4542,2026-06
CUST1007624,0.2312,0.491,0.2695,0.1933,0.2214,0.3537,2026-06
CUST1007625,0.4164,0.9103,0.3549,0.1755,0.337,0.5659,2026-06
CUST1007626,0.4953,0.6865,0.4294,0.1223,0.2715,0.4665,2026-06
CUST1007627,0.4977,0.492,0.36,0.1105,0.4087,0.5696,2026-06
CUST1007628,0.6617,0.4406,0.4276,0.1559,0.4284,0.4294,2026-06
CUST1007629,0.3499,0.4067,0.4914,0.3539,0.3747,0.2828,2026-06
CUST1007630,0.3638,0.4845,0.3293,0.2379,0.3786,0.6473,2026-06
CUST1007631,0.4819,0.5421,0.362,0.2667,0.1365,0.5301,2026-06
CUST1007632,0.2164,0.51,0.4349,0.1884,0.4457,0.4151,2026-06
CUST1007633,0.4787,0.2745,0.3834,0.1607,0.395,0.4837,2026-06
CUST1007634,0.3886,0.5346,0.6136,0.644,0.08459999999999999,0.3396,2026-06
CUST1007635,0.2278,0.3056,0.2941,0.2472,0.181,0.3539,2026-06
CUST1007636,0.417,0.5364,0.01,0.2453,0.2689,0.5543,2026-06
CUST1007637,0.3922,0.3321,0.3248,0.2225,0.232,0.4523,2026-06
CUST1007638,0.3693,0.3484,0.3831,0.1611,0.5765,0.3072,2026-06
CUST1007639,0.1841,0.3811,0.3961,0.5326,0.242,0.3944,2026-06
CUST1007640,0.4146,0.3395,0.01,0.0278,0.311,0.2225,2026-06
CUST1007641,0.3755,0.6223,0.2305,0.1551,0.3918,0.3161,2026-06
CUST1007642,0.2653,0.5711000000000001,0.4273,0.2627,0.357,0.3445,2026-06
CUST1007643,0.0888,0.1894,0.06950000000000001,0.1208,0.4081,0.1673,2026-06
CUST1007644,0.2727,0.2245,0.2656,0.1196,0.1956,0.1856,2026-06
CUST1007645,0.3738,0.521,0.0198,0.1495,0.2616,0.159,2026-06
CUST1007646,0.4992,0.6216,0.213,0.1994,0.2789,0.3329,2026-06
CUST1007647,0.3261,0.3106,0.3556,0.1294,0.3941,0.3556,2026-06
CUST1007648,0.3364,0.4362,0.4565,0.3472,0.3801,0.7071,2026-06
CUST1007649,0.6074000000000001,0.2992,0.3139,0.0789,0.4278,0.2002,2026-06
CUST1007650,0.3777,0.1683,0.3769,0.1524,0.5173,0.2615,2026-06
CUST1007651,0.4706,0.5580000000000001,0.4908,0.1644,0.3319,0.3015,2026-06
CUST1007652,0.2345,0.4743,0.4519,0.303,0.2365,0.4856,2026-06
CUST1007653,0.5286,0.2239,0.3119,0.1609,0.6478,0.2248,2026-06
CUST1007654,0.2096,0.4723,0.4445,0.1434,0.4108,0.5057,2026-06
CUST1007655,0.4452,0.4664,0.1947,0.0102,0.3283,0.6844,2026-06
CUST1007656,0.0767,0.3871,0.5963000000000001,0.6103,0.3399,0.6045,2026-06
CUST1007657,0.3543,0.1871,0.3644,0.104,0.388,0.4119,2026-06
CUST1007658,0.3732,0.3219,0.2423,0.08069999999999999,0.06469999999999999,0.1671,2026-06
CUST1007659,0.2566,0.5985,0.2742,0.0629,0.1725,0.588,2026-06
CUST1007660,0.276,0.4352,0.01,0.4969,0.1254,0.1404,2026-06
CUST1007661,0.4475,0.4767,0.4292,0.0282,0.3546,0.3557,2026-06
CUST1007662,0.4806,0.4726,0.4557,0.1179,0.3326,0.3817,2026-06
CUST1007663,0.3972,0.5994,0.3818,0.265,0.2823,0.408,2026-06
CUST1007664,0.2412,0.3158,0.1147,0.2118,0.2157,0.0253,2026-06
CUST1007665,0.3551,0.4395,0.397,0.3972,0.3429,0.5869,2026-06
CUST1007666,0.5631,0.3073,0.4,0.1002,0.4907,0.3561,2026-06
CUST1007667,0.4411,0.387,0.4252,0.1803,0.2933,0.3191,2026-06
CUST1007668,0.2514,0.3253,0.1037,0.2111,0.1299,0.3322,2026-06
CUST1007669,0.465,0.2307,0.5415,0.6047,0.0868,0.4283,2026-06
CUST1007670,0.3925,0.4477,0.3729,0.0163,0.3272,0.5533,2026-06
CUST1007671,0.2747,0.3594,0.4741,0.1778,0.3937,0.3979,2026-06
CUST1007672,0.367,0.8153,0.5031,0.1456,0.3352,0.2807,2026-06
CUST1007673,0.2168,0.4894,0.1021,0.1704,0.5551,0.4126,2026-06
CUST1007674,0.3891,0.4742,0.2046,0.2323,0.5294,0.5992,2026-06
CUST1007675,0.2073,0.06,0.2475,0.08459999999999999,0.4762,0.2194,2026-06
CUST1007676,0.3155,0.4683,0.2048,0.2783,0.2795,0.7009,2026-06
CUST1007677,0.2133,0.1662,0.3268,0.1729,0.4396,0.2194,2026-06
CUST1007678,0.484,0.4377,0.338,0.2329,0.2361,0.2171,2026-06
CUST1007679,0.534,0.3217,0.4477,0.0222,0.4137,0.4679,2026-06
CUST1007680,0.3479,0.3445,0.4418,0.3246,0.4328,0.4053,2026-06
CUST1007681,0.616,0.4941,0.3773,0.3628,0.3293,0.5262,2026-06
CUST1007682,0.4504,0.5591,0.1591,0.4012,0.2444,0.3877,2026-06
CUST1007683,0.2883,0.4271,0.3119,0.1455,0.4693,0.3818,2026-06
CUST1007684,0.4003,0.544,0.3324,0.07000000000000001,0.1827,0.6539,2026-06
CUST1007685,0.2917,0.39,0.535,0.139,0.3432,0.3742,2026-06
CUST1007686,0.3679,0.2748,0.5311,0.222,0.533,0.3995,2026-06
CUST1007687,0.4462,0.2947,0.1563,0.1761,0.4832,0.01,2026-06
CUST1007688,0.5629,0.3094,0.2018,0.2351,0.5377999999999999,0.2566,2026-06
CUST1007689,0.336,0.4672,0.5165999999999999,0.2078,0.4486,0.3336,2026-06
CUST1007690,0.2618,0.2919,0.2769,0.2125,0.4108,0.2421,2026-06
CUST1007691,0.3246,0.363,0.2526,0.1981,0.4774,0.0602,2026-06
CUST1007692,0.467,0.405,0.3114,0.1881,0.3315,0.5246,2026-06
CUST1007693,0.1298,0.2083,0.098,0.1217,0.4384,0.0624,2026-06
CUST1007694,0.5097,0.5369,0.0629,0.2917,0.2705,0.4266,2026-06
CUST1007695,0.4048,0.6684,0.4488,0.01,0.2639,0.4711,2026-06
CUST1007696,0.301,0.7082000000000001,0.3996,0.1795,0.2189,0.2685,2026-06
CUST1007697,0.2947,0.1866,0.2806,0.104,0.6845,0.035,2026-06
CUST1007698,0.499,0.3233,0.3361,0.285,0.3972,0.601,2026-06
CUST1007699,0.2051,0.4974,0.2247,0.0209,0.2417,0.3126,2026-06
CUST1007700,0.4409,0.5346,0.286,0.1862,0.2736,0.075,2026-06
CUST1007701,0.4353,0.4703,0.01,0.2091,0.2137,0.2219,2026-06
CUST1007702,0.3364,0.6963,0.0696,0.1704,0.2763,0.6059,2026-06
CUST1007703,0.4405,0.4669,0.4052,0.4821,0.2736,0.5303,2026-06
CUST1007704,0.288,0.359,0.01,0.3352,0.4571,0.01,2026-06
CUST1007705,0.3639,0.3669,0.5036,0.1967,0.3252,0.5772,2026-06
CUST1007706,0.3996,0.4596,0.3943,0.5512,0.3387,0.4849,2026-06
CUST1007707,0.4198,0.2887,0.2395,0.2302,0.2831,0.01,2026-06
CUST1007708,0.2811,0.2796,0.4264,0.2005,0.44,0.6119,2026-06
CUST1007709,0.6085,0.6902,0.3095,0.2174,0.07140000000000001,0.2312,2026-06
CUST1007710,0.3476,0.1638,0.2329,0.09039999999999999,0.3122,0.2745,2026-06
CUST1007711,0.3607,0.4211,0.6081,0.09180000000000001,0.3301,0.4731,2026-06
CUST1007712,0.3552,0.5593,0.017,0.2841,0.2909,0.133,2026-06
CUST1007713,0.4665,0.4378,0.2615,0.2444,0.4763,0.4817,2026-06
CUST1007714,0.3697,0.3559,0.724,0.1595,0.4897,0.5042,2026-06
CUST1007715,0.2962,0.6911,0.3008,0.2881,0.2867,0.3749,2026-06
CUST1007716,0.4934,0.473,0.1043,0.532,0.01,0.08790000000000001,2026-06
CUST1007717,0.398,0.754,0.2932,0.336,0.2264,0.4096,2026-06
CUST1007718,0.0548,0.3849,0.5251,0.1333,0.286,0.6424,2026-06
CUST1007719,0.3703,0.3997,0.4225,0.2012,0.3658,0.4057,2026-06
CUST1007720,0.4894,0.6182,0.1706,0.348,0.2097,0.4768,2026-06
CUST1007721,0.4641,0.5496,0.2754,0.2552,0.3755,0.1033,2026-06
CUST1007722,0.2404,0.4633,0.3178,0.1171,0.3691,0.7287,2026-06
CUST1007723,0.3371,0.0751,0.2799,0.2176,0.5586,0.2208,2026-06
CUST1007724,0.3539,0.6777,0.4688,0.2344,0.3289,0.4182,2026-06
CUST1007725,0.1863,0.2025,0.01,0.1377,0.2458,0.1274,2026-06
CUST1007726,0.5234,0.5274,0.358,0.2139,0.2354,0.4814,2026-06
CUST1007727,0.01,0.2537,0.1573,0.09909999999999999,0.3334,0.2572,2026-06
CUST1007728,0.4458,0.5304,0.1218,0.058,0.1711,0.2756,2026-06
CUST1007729,0.159,0.1983,0.01,0.1069,0.3505,0.1687,2026-06
CUST1007730,0.4005,0.2644,0.01,0.1665,0.6879999999999999,0.0375,2026-06
CUST1007731,0.3902,0.5069,0.3844,0.1843,0.3086,0.5422,2026-06
CUST1007732,0.3665,0.4809,0.5889,0.1327,0.2195,0.3732,2026-06
CUST1007733,0.277,0.396,0.3143,0.1791,0.3407,0.0589,2026-06
CUST1007734,0.2718,0.355,0.4096,0.2576,0.3446,0.4251,2026-06
CUST1007735,0.5221,0.4849,0.475,0.1852,0.4684,0.582,2026-06
CUST1007736,0.3355,0.2206,0.2112,0.2633,0.4439,0.4137,2026-06
CUST1007737,0.4639,0.4133,0.2331,0.1858,0.3444,0.191,2026-06
CUST1007738,0.4947,0.3896,0.5433,0.1904,0.4648,0.5205,2026-06
CUST1007739,0.5179,0.5518,0.09909999999999999,0.1611,0.3461,0.2497,2026-06
CUST1007740,0.2413,0.4487,0.2932,0.1936,0.2619,0.3606,2026-06
CUST1007741,0.4121,0.5145999999999999,0.4652,0.1185,0.4911,0.3816,2026-06
CUST1007742,0.5124,0.5256999999999999,0.2119,0.1858,0.2231,0.0201,2026-06
CUST1007743,0.3983,0.1216,0.2479,0.3527,0.4749,0.0779,2026-06
CUST1007744,0.3023,0.1667,0.1578,0.1499,0.3902,0.4544,2026-06
CUST1007745,0.4053,0.6928,0.2763,0.2363,0.209,0.4021,2026-06
CUST1007746,0.2836,0.5441,0.4728,0.2253,0.3409,0.546,2026-06
CUST1007747,0.5355,0.555,0.243,0.1276,0.3775,0.3499,2026-06
CUST1007748,0.4826,0.5383,0.412,0.1568,0.2299,0.3955,2026-06
CUST1007749,0.5366,0.5915,0.1931,0.2977,0.2924,0.4089,2026-06
CUST1007750,0.4022,0.5517,0.4502,0.1242,0.5397999999999999,0.2142,2026-06
CUST1007751,0.4064,0.2163,0.3282,0.01,0.469,0.1255,2026-06
CUST1007752,0.3483,0.272,0.0649,0.175,0.5095,0.06900000000000001,2026-06
CUST1007753,0.2879,0.6444,0.4634,0.3063,0.3787,0.4589,2026-06
CUST1007754,0.5124,0.6567,0.442,0.0531,0.2174,0.3995,2026-06
CUST1007755,0.4375,0.3367,0.5372,0.1758,0.3531,0.597,2026-06
CUST1007756,0.4562,0.4578,0.2434,0.2527,0.3475,0.463,2026-06
CUST1007757,0.3169,0.5096000000000001,0.3895,0.0969,0.3551,0.5576,2026-06
CUST1007758,0.4577,0.7912,0.1895,0.2178,0.2551,0.3206,2026-06
CUST1007759,0.3387,0.1447,0.2296,0.3322,0.3439,0.1488,2026-06
CUST1007760,0.3218,0.382,0.2595,0.1492,0.2645,0.3588,2026-06
CUST1007761,0.4714,0.4942,0.5008,0.1249,0.332,0.2042,2026-06
CUST1007762,0.311,0.3037,0.1509,0.1855,0.4739,0.3394,2026-06
CUST1007763,0.3282,0.3898,0.1978,0.1393,0.2799,0.6077,2026-06
CUST1007764,0.428,0.5263,0.3853,0.1585,0.2573,0.483,2026-06
CUST1007765,0.1839,0.5317,0.191,0.1333,0.1792,0.2423,2026-06
CUST1007766,0.2028,0.2604,0.3917,0.5115,0.2013,0.4403,2026-06
CUST1007767,0.5901,0.4955,0.4551,0.2391,0.4306,0.4784,2026-06
CUST1007768,0.4517,0.5155,0.1246,0.2586,0.2988,0.4442,2026-06
CUST1007769,0.4409,0.5009,0.1283,0.2452,0.3862,0.4523,2026-06
CUST1007770,0.2163,0.6565,0.4058,0.1309,0.1997,0.6468,2026-06
CUST1007771,0.4931,0.5309,0.2789,0.1628,0.3922,0.3998,2026-06
CUST1007772,0.5016,0.4748,0.4752,0.2647,0.1665,0.4339,2026-06
CUST1007773,0.2212,0.1855,0.1315,0.1786,0.3919,0.0216,2026-06
CUST1007774,0.258,0.3879,0.3168,0.307,0.4861,0.4426,2026-06
CUST1007775,0.3469,0.156,0.1156,0.1817,0.2181,0.08069999999999999,2026-06
CUST1007776,0.3988,0.3541,0.4909,0.1313,0.3151,0.386,2026-06
CUST1007777,0.2248,0.5578,0.304,0.1408,0.1322,0.4069,2026-06
CUST1007778,0.2097,0.4856,0.4061,0.1537,0.3074,0.438,2026-06
CUST1007779,0.5526,0.4815,0.3008,0.1673,0.21,0.3932,2026-06
CUST1007780,0.5548,0.7601,0.1848,0.1698,0.1557,0.4019,2026-06
CUST1007781,0.3315,0.2545,0.1861,0.1214,0.5288,0.01,2026-06
CUST1007782,0.4311,0.627,0.0567,0.2163,0.267,0.044,2026-06
CUST1007783,0.4829,0.6435999999999999,0.3443,0.1979,0.2795,0.3629,2026-06
CUST1007784,0.2451,0.2707,0.01,0.1079,0.2951,0.1765,2026-06
CUST1007785,0.4036,0.6115,0.321,0.2101,0.2727,0.7294,2026-06
CUST1007786,0.3464,0.4006,0.4525,0.1529,0.3362,0.5576,2026-06
CUST1007787,0.4347,0.6133999999999999,0.5858,0.4923,0.2304,0.4599,2026-06
CUST1007788,0.4628,0.5669999999999999,0.435,0.1823,0.3388,0.4919,2026-06
CUST1007789,0.293,0.5713,0.2722,0.1369,0.2393,0.3773,2026-06
CUST1007790,0.2591,0.2228,0.2957,0.3515,0.204,0.2457,2026-06
CUST1007791,0.4624,0.485,0.4011,0.1767,0.364,0.4597,2026-06
CUST1007792,0.3507,0.5153,0.3157,0.01,0.1994,0.3004,2026-06
CUST1007793,0.2833,0.6105,0.4328,0.0868,0.3797,0.6808999999999999,2026-06
CUST1007794,0.5339,0.6251,0.2735,0.1155,0.3455,0.5399,2026-06
CUST1007795,0.5458,0.4931,0.3682,0.3386,0.4262,0.4364,2026-06
CUST1007796,0.3689,0.5191,0.3864,0.0776,0.3442,0.5947,2026-06
CUST1007797,0.1851,0.437,0.3771,0.3145,0.4274,0.4987,2026-06
CUST1007798,0.5342,0.5191,0.4836,0.1442,0.2858,0.5406,2026-06
CUST1007799,0.6551,0.4794,0.5099,0.2623,0.4396,0.3541,2026-06
CUST1007800,0.2972,0.511,0.145,0.1935,0.2498,0.515,2026-06
CUST1007801,0.2858,0.3857,0.3318,0.1963,0.4677,0.2487,2026-06
CUST1007802,0.2162,0.2943,0.035,0.1225,0.3597,0.07140000000000001,2026-06
CUST1007803,0.4171,0.5332,0.0383,0.1862,0.1156,0.09619999999999999,2026-06
CUST1007804,0.5187,0.7147,0.3533,0.2126,0.2708,0.4429,2026-06
CUST1007805,0.2709,0.4256,0.2287,0.1121,0.4414,0.4673,2026-06
CUST1007806,0.1993,0.6019,0.1173,0.0799,0.3514,0.5911999999999999,2026-06
CUST1007807,0.5039,0.5152,0.5003,0.0765,0.2727,0.4576,2026-06
CUST1007808,0.3927,0.4775,0.4789,0.1188,0.2548,0.5274,2026-06
CUST1007809,0.3989,0.4037,0.01,0.5518999999999999,0.1374,0.0606,2026-06
CUST1007810,0.3843,0.3694,0.3465,0.0868,0.2704,0.5683,2026-06
CUST1007811,0.3421,0.0959,0.1211,0.196,0.4442,0.1212,2026-06
CUST1007812,0.2574,0.2143,0.1434,0.1539,0.3143,0.08409999999999999,2026-06
CUST1007813,0.2634,0.5213,0.2959,0.6562,0.3639,0.3786,2026-06
CUST1007814,0.2097,0.2425,0.1311,0.2538,0.4862,0.2584,2026-06
CUST1007815,0.332,0.2326,0.2688,0.133,0.4076,0.4854,2026-06
CUST1007816,0.2707,0.4342,0.277,0.1901,0.2883,0.6708,2026-06
CUST1007817,0.2644,0.4686,0.4476,0.2221,0.3585,0.3796,2026-06
CUST1007818,0.3994,0.434,0.4789,0.1446,0.2857,0.7189,2026-06
CUST1007819,0.2562,0.3413,0.5867,0.2294,0.3628,0.553,2026-06
CUST1007820,0.3527,0.5291,0.378,0.1236,0.4792,0.3837,2026-06
CUST1007821,0.4837,0.2549,0.2033,0.2682,0.3603,0.103,2026-06
CUST1007822,0.5818,0.5416,0.0222,0.2464,0.2558,0.0992,2026-06
CUST1007823,0.3581,0.4472,0.1126,0.1728,0.2239,0.3258,2026-06
CUST1007824,0.4315,0.1769,0.3587,0.139,0.3235,0.09569999999999999,2026-06
CUST1007825,0.3824,0.6672,0.0948,0.2508,0.2369,0.4317,2026-06
CUST1007826,0.5183,0.3367,0.2261,0.1213,0.451,0.2204,2026-06
CUST1007827,0.4821,0.4528,0.5091,0.1357,0.4634,0.3008,2026-06
CUST1007828,0.2955,0.707,0.4538,0.2969,0.1896,0.3788,2026-06
CUST1007829,0.4501,0.4541,0.3213,0.06510000000000001,0.4014,0.6717,2026-06
CUST1007830,0.4564,0.4308,0.4227,0.1423,0.4566,0.6208,2026-06
CUST1007831,0.1275,0.5387999999999999,0.428,0.1077,0.3306,0.3962,2026-06
CUST1007832,0.5544,0.7078,0.4031,0.2202,0.1028,0.3395,2026-06
CUST1007833,0.4598,0.3955,0.4785,0.1867,0.4266,0.5486,2026-06
CUST1007834,0.1768,0.2339,0.2886,0.1393,0.2523,0.0441,2026-06
CUST1007835,0.4974,0.5041,0.383,0.174,0.3409,0.2612,2026-06
CUST1007836,0.3341,0.2988,0.2253,0.1064,0.3881,0.01,2026-06
CUST1007837,0.5481,0.2387,0.2718,0.1264,0.4061,0.2704,2026-06
CUST1007838,0.1117,0.245,0.122,0.2501,0.3692,0.2841,2026-06
CUST1007839,0.2742,0.3838,0.1971,0.2785,0.2542,0.6549,2026-06
CUST1007840,0.1502,0.4613,0.2634,0.1569,0.5196,0.4458,2026-06
CUST1007841,0.4027,0.525,0.3933,0.1936,0.4372,0.477,2026-06
CUST1007842,0.2,0.3741,0.0481,0.5623,0.1865,0.01,2026-06
CUST1007843,0.1417,0.248,0.4126,0.0369,0.2712,0.3293,2026-06
CUST1007844,0.3984,0.4374,0.3056,0.201,0.3454,0.3827,2026-06
CUST1007845,0.1294,0.3891,0.247,0.1529,0.23,0.3539,2026-06
CUST1007846,0.219,0.539,0.5518,0.1113,0.3817,0.4296,2026-06
CUST1007847,0.3606,0.3672,0.2546,0.1542,0.3415,0.671,2026-06
CUST1007848,0.3418,0.5526,0.3389,0.6384,0.01,0.4134,2026-06
CUST1007849,0.3798,0.5524,0.3638,0.2131,0.331,0.3843,2026-06
CUST1007850,0.2901,0.4759,0.2624,0.1413,0.4498,0.4631,2026-06
CUST1007851,0.3645,0.306,0.596,0.145,0.4027,0.5805,2026-06
CUST1007852,0.491,0.3704,0.6698,0.0877,0.2601,0.3623,2026-06
CUST1007853,0.4093,0.7365,0.4858,0.1161,0.3189,0.5487,2026-06
CUST1007854,0.4103,0.6479,0.4077,0.226,0.2803,0.6143999999999999,2026-06
CUST1007855,0.4357,0.3183,0.1645,0.1126,0.4101,0.1667,2026-06
CUST1007856,0.1809,0.5978,0.1445,0.0687,0.3379,0.5899,2026-06
CUST1007857,0.3658,0.4079,0.4771,0.4564,0.2175,0.5622,2026-06
CUST1007858,0.3296,0.4174,0.3459,0.2673,0.4641,0.5242,2026-06
CUST1007859,0.1417,0.474,0.5869,0.2232,0.4339,0.2728,2026-06
CUST1007860,0.2067,0.15,0.0742,0.2075,0.5873,0.0761,2026-06
CUST1007861,0.3938,0.3912,0.2468,0.1438,0.2809,0.4997,2026-06
CUST1007862,0.3787,0.7277,0.4039,0.1343,0.4259,0.5899,2026-06
CUST1007863,0.3247,0.2857,0.2686,0.1473,0.5852000000000001,0.1344,2026-06
CUST1007864,0.5493,0.729,0.4453,0.0682,0.428,0.5229,2026-06
CUST1007865,0.3354,0.3011,0.4577,0.2869,0.2503,0.4779,2026-06
CUST1007866,0.375,0.6315,0.4568,0.1265,0.3226,0.3307,2026-06
CUST1007867,0.4339,0.4875,0.3216,0.016,0.2871,0.4425,2026-06
CUST1007868,0.4968,0.5603,0.5570000000000001,0.1464,0.3583,0.4163,2026-06
CUST1007869,0.0461,0.5027,0.2393,0.2529,0.365,0.5291,2026-06
CUST1007870,0.5106000000000001,0.6739000000000001,0.4704,0.2322,0.3188,0.4332,2026-06
CUST1007871,0.3312,0.5124,0.01,0.3284,0.1711,0.1606,2026-06
CUST1007872,0.4933,0.295,0.1323,0.1107,0.6022,0.1263,2026-06
CUST1007873,0.3655,0.6308,0.2934,0.2677,0.3216,0.3982,2026-06
CUST1007874,0.2873,0.3025,0.2591,0.2119,0.4585,0.4657,2026-06
CUST1007875,0.3951,0.5363,0.3543,0.01,0.4136,0.3204,2026-06
CUST1007876,0.0587,0.5098,0.0988,0.3247,0.215,0.3431,2026-06
CUST1007877,0.3759,0.553,0.3502,0.1763,0.0818,0.2221,2026-06
CUST1007878,0.3003,0.3619,0.2414,0.2173,0.213,0.0984,2026-06
CUST1007879,0.5823,0.476,0.5952,0.154,0.2383,0.5206,2026-06
CUST1007880,0.1748,0.4294,0.4219,0.2094,0.2933,0.5996,2026-06
CUST1007881,0.0814,0.1955,0.1032,0.2646,0.2116,0.0496,2026-06
CUST1007882,0.5363,0.6986,0.2165,0.2166,0.2407,0.6279,2026-06
CUST1007883,0.3644,0.2787,0.2689,0.1469,0.6645,0.3206,2026-06
CUST1007884,0.1575,0.5775,0.1563,0.0925,0.31,0.5037,2026-06
CUST1007885,0.3444,0.3374,0.0731,0.1849,0.2446,0.01,2026-06
CUST1007886,0.4584,0.4608,0.5795,0.2119,0.5202,0.3139,2026-06
CUST1007887,0.5427,0.4754,0.5600000000000001,0.195,0.2633,0.293,2026-06
CUST1007888,0.336,0.2011,0.3358,0.1701,0.3038,0.2083,2026-06
CUST1007889,0.3154,0.2447,0.2407,0.06909999999999999,0.2286,0.5423,2026-06
CUST1007890,0.2923,0.5721000000000001,0.28,0.3784,0.3074,0.3267,2026-06
CUST1007891,0.1713,0.3073,0.417,0.3076,0.2409,0.0513,2026-06
CUST1007892,0.4003,0.5009,0.1876,0.628,0.1594,0.4689,2026-06
CUST1007893,0.2553,0.4711,0.1513,0.1099,0.5557,0.5078,2026-06
CUST1007894,0.3568,0.4193,0.2558,0.1333,0.0941,0.1739,2026-06
CUST1007895,0.4295,0.4702,0.4488,0.2477,0.3108,0.6369,2026-06
CUST1007896,0.2443,0.2625,0.1509,0.2796,0.3566,0.1367,2026-06
CUST1007897,0.4723,0.5255,0.3329,0.1793,0.4438,0.4813,2026-06
CUST1007898,0.4466,0.2635,0.1567,0.5785,0.1731,0.0643,2026-06
CUST1007899,0.4111,0.4327,0.1885,0.2646,0.4246,0.3392,2026-06
CUST1007900,0.1311,0.5461,0.051,0.2067,0.361,0.2447,2026-06
CUST1007901,0.1636,0.4211,0.3044,0.2718,0.2623,0.275,2026-06
CUST1007902,0.4028,0.4322,0.4709,0.07630000000000001,0.3262,0.2768,2026-06
CUST1007903,0.2347,0.4336,0.3954,0.2119,0.3042,0.4362,2026-06
CUST1007904,0.2742,0.7117,0.1581,0.1443,0.1563,0.425,2026-06
CUST1007905,0.3457,0.6850000000000001,0.2477,0.1341,0.1389,0.6052999999999999,2026-06
CUST1007906,0.3759,0.3144,0.3824,0.056,0.2898,0.6352,2026-06
CUST1007907,0.3273,0.6689000000000001,0.0267,0.1187,0.1665,0.3669,2026-06
CUST1007908,0.2952,0.1921,0.141,0.1456,0.365,0.3111,2026-06
CUST1007909,0.4761,0.402,0.3629,0.145,0.4466,0.5688,2026-06
CUST1007910,0.5041,0.302,0.3041,0.1327,0.2458,0.5435,2026-06
CUST1007911,0.4208,0.6016,0.3565,0.6656,0.161,0.2969,2026-06
CUST1007912,0.2481,0.1198,0.2928,0.2007,0.3188,0.1975,2026-06
CUST1007913,0.2363,0.2835,0.3626,0.2158,0.167,0.2187,2026-06
CUST1007914,0.5078,0.6558,0.4813,0.0761,0.1917,0.5363,2026-06
CUST1007915,0.5598,0.5247000000000001,0.4275,0.1091,0.3404,0.4188,2026-06
CUST1007916,0.4361,0.6264999999999999,0.4251,0.0702,0.3192,0.2771,2026-06
CUST1007917,0.3738,0.4563,0.2708,0.4626,0.3193,0.5014999999999999,2026-06
CUST1007918,0.545,0.3525,0.295,0.0969,0.3334,0.1129,2026-06
CUST1007919,0.19,0.4654,0.5194,0.1582,0.4241,0.7159,2026-06
CUST1007920,0.3648,0.4239,0.38,0.4814,0.3194,0.449,2026-06
CUST1007921,0.4226,0.4013,0.4801,0.5558999999999999,0.5795,0.3391,2026-06
CUST1007922,0.2484,0.2295,0.2045,0.1364,0.3132,0.1344,2026-06
CUST1007923,0.4296,0.5276,0.2903,0.2464,0.3687,0.3143,2026-06
CUST1007924,0.4492,0.2884,0.3251,0.1159,0.465,0.0231,2026-06
CUST1007925,0.1715,0.3005,0.2122,0.01,0.174,0.4258,2026-06
CUST1007926,0.4536,0.444,0.2364,0.1362,0.3776,0.4191,2026-06
CUST1007927,0.2811,0.7017,0.3304,0.159,0.4917,0.4037,2026-06
CUST1007928,0.4746,0.4048,0.4403,0.2405,0.3981,0.5376,2026-06
CUST1007929,0.2855,0.3608,0.01,0.089,0.4935,0.1031,2026-06
CUST1007930,0.0779,0.7298,0.2978,0.1813,0.213,0.2697,2026-06
CUST1007931,0.4467,0.3838,0.2861,0.065,0.2022,0.1625,2026-06
CUST1007932,0.1722,0.4174,0.5908,0.1884,0.3979,0.6016,2026-06
CUST1007933,0.6575,0.4535,0.1915,0.1303,0.4933,0.1021,2026-06
CUST1007934,0.1221,0.4194,0.3535,0.3399,0.324,0.3775,2026-06
CUST1007935,0.2249,0.4208,0.2563,0.1025,0.4753,0.3622,2026-06
CUST1007936,0.3108,0.3768,0.5157,0.18,0.1668,0.5686,2026-06
CUST1007937,0.3229,0.3252,0.1839,0.1709,0.4381,0.3686,2026-06
CUST1007938,0.3946,0.4824,0.01,0.5348000000000001,0.0803,0.2675,2026-06
CUST1007939,0.2427,0.1419,0.1742,0.271,0.3579,0.2019,2026-06
CUST1007940,0.4459,0.392,0.4308,0.1052,0.4507,0.3296,2026-06
CUST1007941,0.2517,0.1924,0.4004,0.1486,0.3451,0.2452,2026-06
CUST1007942,0.476,0.5851,0.2455,0.2828,0.0234,0.4712,2026-06
CUST1007943,0.4318,0.6306,0.5524,0.0837,0.5693,0.2734,2026-06
CUST1007944,0.1883,0.2694,0.2264,0.2243,0.3515,0.3172,2026-06
CUST1007945,0.1842,0.3979,0.2262,0.1441,0.3647,0.3681,2026-06
CUST1007946,0.3743,0.315,0.3141,0.135,0.2593,0.2426,2026-06
CUST1007947,0.2804,0.4558,0.1461,0.1767,0.2973,0.6422,2026-06
CUST1007948,0.241,0.1365,0.01,0.1677,0.2274,0.1258,2026-06
CUST1007949,0.5103,0.4926,0.3648,0.1923,0.4242,0.5838,2026-06
CUST1007950,0.3178,0.07920000000000001,0.19,0.2035,0.3896,0.2553,2026-06
CUST1007951,0.4929,0.4362,0.4261,0.1994,0.415,0.3986,2026-06
CUST1007952,0.4659,0.262,0.3923,0.1823,0.333,0.248,2026-06
CUST1007953,0.6093,0.7538,0.5328000000000001,0.2091,0.3265,0.5389,2026-06
CUST1007954,0.4112,0.6877,0.2857,0.1792,0.4436,0.3001,2026-06
CUST1007955,0.3672,0.5678,0.3492,0.01,0.2037,0.4869,2026-06
CUST1007956,0.4621,0.4789,0.2588,0.1159,0.5837,0.3473,2026-06
CUST1007957,0.2379,0.3202,0.01,0.2732,0.1531,0.3958,2026-06
CUST1007958,0.528,0.5921,0.3853,0.1086,0.4044,0.4796,2026-06
CUST1007959,0.4818,0.3746,0.4753,0.2111,0.3498,0.6169,2026-06
CUST1007960,0.2007,0.3698,0.1779,0.08110000000000001,0.4787,0.4098,2026-06
CUST1007961,0.5119,0.2547,0.0717,0.3302,0.3429,0.2655,2026-06
CUST1007962,0.4094,0.4348,0.08790000000000001,0.1796,0.209,0.2878,2026-06
CUST1007963,0.2901,0.2308,0.1841,0.105,0.2358,0.1528,2026-06
CUST1007964,0.248,0.4912,0.07140000000000001,0.1684,0.321,0.1089,2026-06
CUST1007965,0.3994,0.6274,0.3395,0.236,0.2226,0.4249,2026-06
CUST1007966,0.2693,0.3516,0.3069,0.3057,0.3673,0.1193,2026-06
CUST1007967,0.4719,0.8197,0.3835,0.0696,0.4053,0.4359,2026-06
CUST1007968,0.3795,0.778,0.1057,0.1508,0.3068,0.3099,2026-06
CUST1007969,0.4042,0.7026,0.1803,0.2878,0.1558,0.5099,2026-06
CUST1007970,0.167,0.7271,0.5024,0.1541,0.3437,0.461,2026-06
CUST1007971,0.4432,0.4755,0.3865,0.1978,0.569,0.3431,2026-06
CUST1007972,0.3328,0.3421,0.2405,0.12,0.5935,0.3743,2026-06
CUST1007973,0.2048,0.6539,0.2311,0.09379999999999999,0.1746,0.2569,2026-06
CUST1007974,0.1565,0.5248,0.2038,0.1329,0.5291,0.3916,2026-06
CUST1007975,0.5934,0.6022999999999999,0.2417,0.2193,0.3366,0.5547,2026-06
CUST1007976,0.5306999999999999,0.4586,0.2893,0.1744,0.3211,0.3359,2026-06
CUST1007977,0.4118,0.3148,0.2982,0.1797,0.3992,0.1094,2026-06
CUST1007978,0.4819,0.6546,0.0144,0.1825,0.3694,0.3684,2026-06
CUST1007979,0.1235,0.1436,0.0441,0.279,0.116,0.125,2026-06
CUST1007980,0.2991,0.3512,0.1439,0.218,0.3537,0.3717,2026-06
CUST1007981,0.1258,0.6131,0.4673,0.1109,0.3388,0.4226,2026-06
CUST1007982,0.4326,0.5066000000000001,0.4666,0.2748,0.3459,0.4836,2026-06
CUST1007983,0.1784,0.2083,0.3864,0.2041,0.4655,0.158,2026-06
CUST1007984,0.4307,0.3485,0.2675,0.0785,0.3883,0.3839,2026-06
CUST1007985,0.3321,0.01,0.21,0.1636,0.2241,0.2338,2026-06
CUST1007986,0.213,0.1788,0.0906,0.4017,0.2691,0.1909,2026-06
CUST1007987,0.2934,0.4168,0.2011,0.1367,0.1841,0.3,2026-06
CUST1007988,0.2825,0.7183,0.3825,0.2603,0.1957,0.5135,2026-06
CUST1007989,0.2498,0.3275,0.4263,0.1244,0.2482,0.7128,2026-06
CUST1007990,0.2727,0.4491,0.2421,0.2478,0.3096,0.2665,2026-06
CUST1007991,0.5116000000000001,0.2896,0.3967,0.1825,0.3733,0.2189,2026-06
CUST1007992,0.1971,0.5221,0.3851,0.1917,0.3164,0.7471,2026-06
CUST1007993,0.639,0.3483,0.4475,0.2821,0.3483,0.2632,2026-06
CUST1007994,0.4328,0.6334,0.1736,0.3228,0.2347,0.6676,2026-06
CUST1007995,0.3138,0.44,0.5419,0.2811,0.3905,0.5298,2026-06
CUST1007996,0.5703,0.8734,0.3827,0.1435,0.1605,0.3931,2026-06
CUST1007997,0.4604,0.504,0.3197,0.0123,0.4358,0.598,2026-06
CUST1007998,0.2592,0.3515,0.2742,0.215,0.3411,0.1499,2026-06
CUST1007999,0.2965,0.7247,0.4143,0.183,0.4087,0.3953,2026-06
CUST1008000,0.01,0.6428,0.3708,0.1703,0.1817,0.5337,2026-06
CUST1008001,0.1164,0.1416,0.01,0.1145,0.6121,0.0988,2026-06
CUST1008002,0.0246,0.6459,0.225,0.3146,0.3422,0.4245,2026-06
CUST1008003,0.1723,0.4389,0.333,0.1824,0.2381,0.1858,2026-06
CUST1008004,0.5434,0.6175,0.2768,0.049,0.2016,0.3976,2026-06
CUST1008005,0.4404,0.389,0.1215,0.2288,0.5413,0.4084,2026-06
CUST1008006,0.4543,0.6522,0.1905,0.1264,0.2677,0.3401,2026-06
CUST1008007,0.2,0.492,0.4022,0.2521,0.3898,0.4907,2026-06
CUST1008008,0.1847,0.5449000000000001,0.389,0.2397,0.2625,0.6083,2026-06
CUST1008009,0.3191,0.4345,0.5671,0.1292,0.2836,0.5422,2026-06
CUST1008010,0.2491,0.412,0.0189,0.3039,0.2701,0.1658,2026-06
CUST1008011,0.2759,0.4461,0.2058,0.1556,0.3292,0.3578,2026-06
CUST1008012,0.01,0.0471,0.1816,0.6391,0.4028,0.1107,2026-06
CUST1008013,0.2581,0.3527,0.15,0.2875,0.2055,0.0203,2026-06
CUST1008014,0.1634,0.048,0.01,0.2154,0.5031,0.1386,2026-06
CUST1008015,0.4001,0.2145,0.3632,0.09420000000000001,0.2595,0.0776,2026-06
CUST1008016,0.307,0.5749,0.3715,0.276,0.3733,0.3626,2026-06
CUST1008017,0.3814,0.4146,0.343,0.2163,0.3408,0.7409,2026-06
CUST1008018,0.3684,0.4155,0.4346,0.2207,0.3823,0.5975,2026-06
CUST1008019,0.2277,0.1706,0.2791,0.1416,0.2805,0.1685,2026-06
CUST1008020,0.1667,0.6531,0.1133,0.207,0.2556,0.5183,2026-06
CUST1008021,0.3532,0.1759,0.1785,0.2543,0.3308,0.3114,2026-06
CUST1008022,0.3677,0.1624,0.2625,0.0185,0.3561,0.0491,2026-06
CUST1008023,0.2197,0.6192,0.1785,0.1078,0.2137,0.3891,2026-06
CUST1008024,0.3662,0.479,0.5249,0.2083,0.3221,0.3782,2026-06
CUST1008025,0.4374,0.3938,0.4969,0.1534,0.6367,0.5502,2026-06
CUST1008026,0.2461,0.4815,0.5294,0.0902,0.4182,0.413,2026-06
CUST1008027,0.5165,0.4443,0.459,0.1191,0.5341,0.5339,2026-06
CUST1008028,0.2749,0.235,0.2664,0.351,0.345,0.129,2026-06
CUST1008029,0.2335,0.261,0.581,0.1209,0.3861,0.3308,2026-06
CUST1008030,0.0257,0.436,0.5061,0.2903,0.3081,0.487,2026-06
CUST1008031,0.4781,0.4664,0.5366,0.0541,0.3085,0.4158,2026-06
CUST1008032,0.472,0.3603,0.2331,0.2739,0.4209,0.24,2026-06
CUST1008033,0.5646,0.5061,0.3575,0.148,0.6,0.2031,2026-06
CUST1008034,0.4962,0.4996,0.2603,0.0576,0.3859,0.5446,2026-06
CUST1008035,0.5036,0.4231,0.3283,0.2869,0.2561,0.4976,2026-06
CUST1008036,0.3107,0.4511,0.3699,0.0553,0.406,0.4855,2026-06
CUST1008037,0.5371,0.4511,0.3941,0.1404,0.389,0.4663,2026-06
CUST1008038,0.2874,0.5326,0.1525,0.1425,0.5011,0.3745,2026-06
CUST1008039,0.247,0.3499,0.1155,0.1242,0.1874,0.1166,2026-06
CUST1008040,0.408,0.4711,0.2546,0.1084,0.5171,0.4898,2026-06
CUST1008041,0.421,0.4806,0.3654,0.1794,0.4813,0.5249,2026-06
CUST1008042,0.4064,0.5502,0.3558,0.0604,0.2679,0.5596,2026-06
CUST1008043,0.2931,0.2558,0.1886,0.1098,0.5044999999999999,0.1307,2026-06
CUST1008044,0.5306,0.4476,0.1411,0.2058,0.5437,0.2443,2026-06
CUST1008045,0.4426,0.5732,0.4084,0.1913,0.417,0.4942,2026-06
CUST1008046,0.1737,0.2423,0.1449,0.1903,0.1992,0.244,2026-06
CUST1008047,0.2172,0.589,0.2366,0.0617,0.2418,0.5268,2026-06
CUST1008048,0.3502,0.5268,0.3659,0.149,0.5077,0.153,2026-06
CUST1008049,0.5214,0.7341,0.2453,0.1557,0.184,0.4524,2026-06
CUST1008050,0.3227,0.4924,0.4401,0.1521,0.3052,0.7322,2026-06
CUST1008051,0.0519,0.3314,0.01,0.8158,0.2253,0.0178,2026-06
CUST1008052,0.3586,0.3584,0.01,0.2052,0.3967,0.1704,2026-06
CUST1008053,0.5279,0.4548,0.3974,0.0961,0.4188,0.32,2026-06
CUST1008054,0.2908,0.3787,0.4601,0.1535,0.2527,0.4539,2026-06
CUST1008055,0.507,0.5881,0.4519,0.2326,0.3837,0.6377,2026-06
CUST1008056,0.0706,0.01,0.0412,0.2286,0.1168,0.0175,2026-06
CUST1008057,0.4108,0.4013,0.5546,0.2505,0.459,0.4102,2026-06
CUST1008058,0.2217,0.5644,0.5455,0.2657,0.222,0.3866,2026-06
CUST1008059,0.6392,0.4388,0.1054,0.4596,0.4549,0.2342,2026-06
CUST1008060,0.5976,0.5568,0.5417999999999999,0.1942,0.2724,0.4185,2026-06
CUST1008061,0.3728,0.2085,0.3335,0.1748,0.3333,0.0548,2026-06
CUST1008062,0.4151,0.4149,0.3166,0.2977,0.3589,0.3146,2026-06
CUST1008063,0.3904,0.4568,0.5648,0.2487,0.4012,0.6069,2026-06
CUST1008064,0.2322,0.3315,0.5125,0.1554,0.3747,0.843,2026-06
CUST1008065,0.4562,0.5504,0.3923,0.0849,0.3617,0.5218,2026-06
CUST1008066,0.482,0.7549,0.3527,0.0998,0.2584,0.4188,2026-06
CUST1008067,0.124,0.4121,0.4106,0.1007,0.2871,0.4308,2026-06
CUST1008068,0.0862,0.2142,0.4326,0.1353,0.5112,0.01,2026-06
CUST1008069,0.2542,0.1385,0.3442,0.1445,0.3438,0.2108,2026-06
CUST1008070,0.5049,0.5101,0.473,0.2164,0.5738,0.3549,2026-06
CUST1008071,0.3466,0.2234,0.4173,0.2384,0.2661,0.6297,2026-06
CUST1008072,0.1594,0.291,0.171,0.123,0.2529,0.2802,2026-06
CUST1008073,0.4677,0.648,0.5625,0.3201,0.3065,0.2477,2026-06
CUST1008074,0.5512,0.4562,0.2187,0.1579,0.4693,0.4453,2026-06
CUST1008075,0.0912,0.4438,0.1454,0.1646,0.4976,0.211,2026-06
CUST1008076,0.3899,0.6797,0.2765,0.104,0.2912,0.4818,2026-06
CUST1008077,0.2527,0.5469000000000001,0.06909999999999999,0.07539999999999999,0.5123,0.284,2026-06
CUST1008078,0.3877,0.8028999999999999,0.1586,0.1711,0.3945,0.4624,2026-06
CUST1008079,0.5439000000000001,0.5554,0.6331,0.123,0.4476,0.3567,2026-06
CUST1008080,0.4351,0.5756,0.3011,0.01,0.3505,0.2789,2026-06
CUST1008081,0.2816,0.7876,0.513,0.0636,0.3203,0.3396,2026-06
CUST1008082,0.3866,0.5427,0.3973,0.2075,0.5522,0.5929,2026-06
CUST1008083,0.4574,0.5856,0.3379,0.2453,0.2347,0.4347,2026-06
CUST1008084,0.5996,0.7125,0.3345,0.1581,0.1544,0.4218,2026-06
CUST1008085,0.3197,0.3671,0.5106000000000001,0.2173,0.3477,0.5842000000000001,2026-06
CUST1008086,0.2613,0.3449,0.4919,0.2509,0.1919,0.4615,2026-06
CUST1008087,0.1993,0.3805,0.4701,0.1779,0.2348,0.3781,2026-06
CUST1008088,0.4741,0.5076000000000001,0.2339,0.067,0.4554,0.2918,2026-06
CUST1008089,0.6078,0.3553,0.2328,0.2013,0.3773,0.0765,2026-06
CUST1008090,0.461,0.4747,0.3433,0.1481,0.2353,0.5404,2026-06
CUST1008091,0.3742,0.4074,0.2713,0.2241,0.3314,0.4688,2026-06
CUST1008092,0.2182,0.3668,0.2398,0.163,0.3585,0.4424,2026-06
CUST1008093,0.3041,0.5871,0.1354,0.623,0.2507,0.3949,2026-06
CUST1008094,0.3754,0.4712,0.4927,0.1983,0.4513,0.4873,2026-06
CUST1008095,0.4062,0.5873,0.2333,0.292,0.395,0.3929,2026-06
CUST1008096,0.6752,0.4513,0.4588,0.1283,0.4155,0.3894,2026-06
CUST1008097,0.3992,0.2888,0.12,0.0945,0.2535,0.1711,2026-06
CUST1008098,0.6064000000000001,0.4698,0.4579,0.1462,0.2992,0.4982,2026-06
CUST1008099,0.4546,0.4324,0.1954,0.2687,0.2101,0.4874,2026-06
CUST1008100,0.2775,0.4469,0.2682,0.2575,0.5893,0.4033,2026-06
CUST1008101,0.2765,0.3864,0.3475,0.2114,0.3471,0.4632,2026-06
CUST1008102,0.428,0.7213000000000001,0.2547,0.0444,0.2024,0.5921,2026-06
CUST1008103,0.5439000000000001,0.5972,0.2255,0.1007,0.2716,0.2741,2026-06
CUST1008104,0.4283,0.3658,0.455,0.1767,0.1764,0.4451,2026-06
CUST1008105,0.2508,0.5305,0.4476,0.0329,0.4908,0.4332,2026-06
CUST1008106,0.2822,0.1913,0.2362,0.1662,0.31,0.4017,2026-06
CUST1008107,0.355,0.2724,0.1518,0.1643,0.2503,0.0591,2026-06
CUST1008108,0.3536,0.7023,0.5111,0.1184,0.4832,0.377,2026-06
CUST1008109,0.1906,0.4991,0.2751,0.2396,0.218,0.5763,2026-06
CUST1008110,0.21,0.6526999999999999,0.3673,0.1699,0.4335,0.3243,2026-06
CUST1008111,0.2347,0.465,0.3205,0.447,0.2965,0.0606,2026-06
CUST1008112,0.2212,0.4719,0.1456,0.1335,0.2206,0.5499000000000001,2026-06
CUST1008113,0.4472,0.6208,0.2477,0.258,0.2818,0.3734,2026-06
CUST1008114,0.2324,0.6767,0.0595,0.2098,0.1289,0.388,2026-06
CUST1008115,0.4803,0.505,0.4363,0.1842,0.2743,0.6304,2026-06
CUST1008116,0.5856,0.51,0.2929,0.1661,0.4552,0.5489000000000001,2026-06
CUST1008117,0.4138,0.2977,0.2671,0.1408,0.3176,0.2107,2026-06
CUST1008118,0.01,0.419,0.3161,0.2622,0.4601,0.5182,2026-06
CUST1008119,0.6963,0.435,0.251,0.1998,0.4579,0.2071,2026-06
CUST1008120,0.3143,0.3891,0.5268,0.1226,0.4442,0.5089,2026-06
CUST1008121,0.5135999999999999,0.4898,0.5242,0.1867,0.2086,0.4152,2026-06
CUST1008122,0.2952,0.116,0.2297,0.1502,0.2527,0.06660000000000001,2026-06
CUST1008123,0.4148,0.4052,0.3371,0.1906,0.3059,0.3838,2026-06
CUST1008124,0.3027,0.525,0.4491,0.185,0.4048,0.3416,2026-06
CUST1008125,0.5455,0.6448,0.3146,0.0794,0.3546,0.4176,2026-06
CUST1008126,0.3854,0.3549,0.4768,0.075,0.3497,0.6866,2026-06
CUST1008127,0.298,0.5455,0.3446,0.01,0.1643,0.3143,2026-06
CUST1008128,0.2325,0.363,0.4855,0.2482,0.2391,0.5625,2026-06
CUST1008129,0.3297,0.5376,0.262,0.2475,0.5832000000000001,0.3674,2026-06
CUST1008130,0.1687,0.4833,0.2417,0.2552,0.3022,0.2877,2026-06
CUST1008131,0.2748,0.5595,0.1363,0.2365,0.2643,0.4043,2026-06
CUST1008132,0.1684,0.477,0.5319,0.1315,0.3548,0.3424,2026-06
CUST1008133,0.2936,0.583,0.4012,0.2479,0.381,0.3029,2026-06
CUST1008134,0.3472,0.4569,0.3429,0.2612,0.3563,0.5906,2026-06
CUST1008135,0.2266,0.6807,0.0561,0.345,0.3364,0.3642,2026-06
CUST1008136,0.2962,0.4868,0.1701,0.2653,0.313,0.317,2026-06
CUST1008137,0.5581,0.2974,0.1682,0.5639,0.1661,0.2374,2026-06
CUST1008138,0.1969,0.1124,0.2297,0.1502,0.331,0.1021,2026-06
CUST1008139,0.1022,0.2466,0.1721,0.1016,0.2422,0.1586,2026-06
CUST1008140,0.2806,0.3794,0.3739,0.141,0.3826,0.5345,2026-06
CUST1008141,0.406,0.7177,0.4298,0.1631,0.3133,0.2809,2026-06
CUST1008142,0.5149,0.6667999999999999,0.4747,0.0353,0.3716,0.405,2026-06
CUST1008143,0.1563,0.4977,0.01,0.0587,0.2694,0.1557,2026-06
CUST1008144,0.3582,0.3098,0.5223,0.463,0.3272,0.5879,2026-06
CUST1008145,0.4445,0.7901,0.4736,0.1216,0.2492,0.607,2026-06
CUST1008146,0.219,0.425,0.3701,0.2952,0.2169,0.3032,2026-06
CUST1008147,0.1575,0.1803,0.0161,0.0796,0.544,0.1286,2026-06
CUST1008148,0.3146,0.423,0.5728,0.3139,0.3767,0.355,2026-06
CUST1008149,0.1897,0.2619,0.5263,0.3185,0.3111,0.3545,2026-06
CUST1008150,0.3396,0.5974,0.3146,0.2792,0.2269,0.5919,2026-06
CUST1008151,0.4854,0.4866,0.2866,0.01,0.5722,0.4156,2026-06
CUST1008152,0.1582,0.5483,0.2955,0.1766,0.3401,0.349,2026-06
CUST1008153,0.4965,0.3271,0.3416,0.4598,0.3111,0.1271,2026-06
CUST1008154,0.396,0.4516,0.18,0.1155,0.3802,0.2964,2026-06
CUST1008155,0.4634,0.4681,0.06710000000000001,0.2992,0.4133,0.2852,2026-06
CUST1008156,0.3874,0.5813,0.1839,0.1098,0.1641,0.3381,2026-06
CUST1008157,0.3532,0.5215,0.3147,0.2801,0.2208,0.2852,2026-06
CUST1008158,0.5568,0.6349,0.4554,0.1863,0.2579,0.6076,2026-06
CUST1008159,0.4707,0.5646,0.3546,0.1367,0.3288,0.3956,2026-06
CUST1008160,0.3267,0.3156,0.4475,0.2226,0.3412,0.5014999999999999,2026-06
CUST1008161,0.4177,0.1415,0.231,0.09950000000000001,0.269,0.1457,2026-06
CUST1008162,0.3018,0.5988,0.5607,0.1928,0.3373,0.3886,2026-06
CUST1008163,0.3683,0.6591,0.2393,0.1586,0.284,0.339,2026-06
CUST1008164,0.4343,0.6377,0.1258,0.2461,0.3108,0.3565,2026-06
CUST1008165,0.488,0.5057,0.3077,0.01,0.3662,0.3245,2026-06
CUST1008166,0.2546,0.191,0.206,0.1395,0.1945,0.1189,2026-06
CUST1008167,0.3726,0.3376,0.4172,0.2885,0.4906,0.3463,2026-06
CUST1008168,0.1609,0.1405,0.01,0.2411,0.5229,0.1178,2026-06
CUST1008169,0.3968,0.4079,0.2661,0.09520000000000001,0.3206,0.2674,2026-06
CUST1008170,0.5845,0.2708,0.2426,0.2151,0.4534,0.0386,2026-06
CUST1008171,0.2861,0.232,0.0457,0.1934,0.2695,0.1779,2026-06
CUST1008172,0.1759,0.1614,0.2851,0.2515,0.2191,0.1215,2026-06
CUST1008173,0.2613,0.7338,0.202,0.3409,0.2644,0.5286,2026-06
CUST1008174,0.2413,0.3932,0.4888,0.1633,0.4267,0.4045,2026-06
CUST1008175,0.4238,0.3381,0.2823,0.2708,0.388,0.1259,2026-06
CUST1008176,0.3227,0.3697,0.3446,0.193,0.1644,0.2898,2026-06
CUST1008177,0.1687,0.5218,0.3548,0.0835,0.1673,0.4325,2026-06
CUST1008178,0.5613,0.5208,0.1083,0.1611,0.3159,0.4406,2026-06
CUST1008179,0.4133,0.259,0.2584,0.0349,0.408,0.0294,2026-06
CUST1008180,0.3783,0.4018,0.01,0.2075,0.2104,0.2738,2026-06
CUST1008181,0.548,0.3411,0.01,0.7062,0.0556,0.01,2026-06
CUST1008182,0.5002,0.7003,0.4327,0.09130000000000001,0.2276,0.3733,2026-06
CUST1008183,0.5299,0.505,0.5570000000000001,0.2065,0.3049,0.4213,2026-06
CUST1008184,0.4316,0.4404,0.3707,0.01,0.4573,0.6914,2026-06
CUST1008185,0.0521,0.1611,0.147,0.2214,0.4262,0.199,2026-06
CUST1008186,0.0982,0.1573,0.0181,0.2459,0.3861,0.1634,2026-06
CUST1008187,0.5532,0.6185,0.3964,0.1585,0.377,0.3651,2026-06
CUST1008188,0.2335,0.4008,0.4998,0.2035,0.271,0.5485,2026-06
CUST1008189,0.4148,0.4182,0.3954,0.1149,0.4682,0.4936,2026-06
CUST1008190,0.493,0.6358,0.1692,0.249,0.2609,0.4588,2026-06
CUST1008191,0.583,0.5576,0.4783,0.1092,0.4234,0.5579,2026-06
CUST1008192,0.5162,0.5231,0.2996,0.279,0.2852,0.5062,2026-06
CUST1008193,0.6793,0.4913,0.4559,0.2304,0.2975,0.588,2026-06
CUST1008194,0.4495,0.6195000000000001,0.451,0.2344,0.2329,0.4646,2026-06
CUST1008195,0.1885,0.2913,0.2078,0.1116,0.5414,0.4217,2026-06
CUST1008196,0.343,0.6297,0.2362,0.2106,0.3721,0.5014999999999999,2026-06
CUST1008197,0.2032,0.4248,0.5104,0.1995,0.2716,0.7002,2026-06
CUST1008198,0.3729,0.6183999999999999,0.2701,0.2522,0.3929,0.4165,2026-06
CUST1008199,0.492,0.8182,0.2014,0.2262,0.2806,0.4848,2026-06
CUST1008200,0.4945,0.7141999999999999,0.1078,0.2068,0.3064,0.3102,2026-06
CUST1008201,0.1876,0.2205,0.339,0.5538,0.2063,0.2285,2026-06
CUST1008202,0.2997,0.5201,0.3417,0.1939,0.6326000000000001,0.4735,2026-06
CUST1008203,0.506,0.5497,0.3273,0.2812,0.3363,0.5935,2026-06
CUST1008204,0.3318,0.6274,0.3545,0.2313,0.3267,0.6865,2026-06
CUST1008205,0.4553,0.6066,0.3812,0.123,0.3239,0.5269,2026-06
CUST1008206,0.2387,0.2841,0.01,0.2459,0.3218,0.1458,2026-06
CUST1008207,0.479,0.5334,0.3706,0.2041,0.6032,0.4794,2026-06
CUST1008208,0.5617,0.4195,0.4002,0.2772,0.2365,0.3574,2026-06
CUST1008209,0.4845,0.7017,0.256,0.1754,0.2853,0.3068,2026-06
CUST1008210,0.3386,0.7579,0.5815,0.1649,0.3123,0.4969,2026-06
CUST1008211,0.3219,0.264,0.4146,0.256,0.4028,0.5655,2026-06
CUST1008212,0.3652,0.5697,0.2413,0.09569999999999999,0.2517,0.5427999999999999,2026-06
CUST1008213,0.3891,0.4747,0.4646,0.2412,0.2832,0.526,2026-06
CUST1008214,0.3055,0.488,0.3028,0.2553,0.3582,0.633,2026-06
CUST1008215,0.3642,0.473,0.2762,0.2166,0.3543,0.3831,2026-06
CUST1008216,0.2502,0.661,0.6107,0.1961,0.2862,0.5903,2026-06
CUST1008217,0.3827,0.6796,0.2131,0.2668,0.2065,0.4502,2026-06
CUST1008218,0.4196,0.5106000000000001,0.3496,0.2595,0.3231,0.3123,2026-06
CUST1008219,0.2472,0.6181,0.3292,0.1449,0.4012,0.4862,2026-06
CUST1008220,0.2698,0.2783,0.01,0.0582,0.0968,0.0851,2026-06
CUST1008221,0.4443,0.4312,0.4877,0.2818,0.2118,0.6435,2026-06
CUST1008222,0.4598,0.5598,0.3362,0.1457,0.3839,0.4877,2026-06
CUST1008223,0.3137,0.4698,0.3505,0.1527,0.2905,0.6342,2026-06
CUST1008224,0.2486,0.3945,0.2559,0.1346,0.2138,0.6074000000000001,2026-06
CUST1008225,0.3062,0.4098,0.3337,0.2108,0.3655,0.4536,2026-06
CUST1008226,0.4767,0.2491,0.4412,0.576,0.2108,0.4685,2026-06
CUST1008227,0.2045,0.5152,0.3175,0.0901,0.4242,0.2831,2026-06
CUST1008228,0.1366,0.4238,0.3988,0.2507,0.2827,0.2992,2026-06
CUST1008229,0.3014,0.2567,0.2878,0.1477,0.4713,0.1273,2026-06
CUST1008230,0.3702,0.5225,0.4579,0.0886,0.3202,0.3812,2026-06
CUST1008231,0.5335,0.5829,0.315,0.2674,0.306,0.3091,2026-06
CUST1008232,0.3789,0.4626,0.3516,0.0571,0.2116,0.1604,2026-06
CUST1008233,0.2681,0.4169,0.1025,0.1568,0.2988,0.134,2026-06
CUST1008234,0.188,0.464,0.4225,0.1432,0.2868,0.5105,2026-06
CUST1008235,0.3416,0.4085,0.2895,0.2425,0.2919,0.4698,2026-06
CUST1008236,0.4222,0.3657,0.3215,0.1048,0.4339,0.5303,2026-06
CUST1008237,0.2986,0.1942,0.4226,0.1088,0.4214,0.1107,2026-06
CUST1008238,0.3765,0.5285,0.4227,0.097,0.378,0.3815,2026-06
CUST1008239,0.2796,0.3801,0.3236,0.2161,0.3278,0.4099,2026-06
CUST1008240,0.3882,0.3628,0.5016,0.2516,0.4763,0.4905,2026-06
CUST1008241,0.3503,0.5871,0.4478,0.09859999999999999,0.3834,0.3936,2026-06
CUST1008242,0.4396,0.5623,0.4921,0.2458,0.1873,0.4441,2026-06
CUST1008243,0.4026,0.5067,0.3172,0.172,0.2879,0.402,2026-06
CUST1008244,0.4349,0.4448,0.5446,0.1897,0.3828,0.5226,2026-06
CUST1008245,0.3928,0.4827,0.2227,0.2002,0.281,0.142,2026-06
CUST1008246,0.3583,0.746,0.3545,0.1327,0.2897,0.5438,2026-06
CUST1008247,0.3119,0.5078,0.3322,0.1678,0.2411,0.2417,2026-06
CUST1008248,0.4031,0.5715,0.2527,0.1987,0.3702,0.5168,2026-06
CUST1008249,0.3378,0.1749,0.2406,0.1504,0.5325,0.2773,2026-06
CUST1008250,0.1454,0.3123,0.3723,0.6558,0.09030000000000001,0.2805,2026-06
CUST1008251,0.6024,0.2538,0.1231,0.5313,0.1974,0.1624,2026-06
CUST1008252,0.3514,0.1668,0.2466,0.2594,0.3385,0.08260000000000001,2026-06
CUST1008253,0.4144,0.1972,0.0727,0.527,0.01,0.2945,2026-06
CUST1008254,0.2696,0.3872,0.5469000000000001,0.2061,0.3526,0.356,2026-06
CUST1008255,0.2804,0.3692,0.109,0.2515,0.2321,0.0822,2026-06
CUST1008256,0.081,0.1786,0.3615,0.1777,0.2504,0.1461,2026-06
CUST1008257,0.1948,0.178,0.1737,0.2505,0.4982,0.2312,2026-06
CUST1008258,0.333,0.2902,0.2969,0.2089,0.3641,0.5106000000000001,2026-06
CUST1008259,0.1873,0.4511,0.3408,0.2684,0.4024,0.6785,2026-06
CUST1008260,0.4995,0.4202,0.3676,0.0883,0.303,0.5482,2026-06
CUST1008261,0.4798,0.3744,0.0946,0.1951,0.3258,0.0506,2026-06
CUST1008262,0.5079,0.7262,0.3098,0.0833,0.0634,0.3903,2026-06
CUST1008263,0.5994,0.2838,0.2612,0.2077,0.2424,0.3255,2026-06
CUST1008264,0.2908,0.4349,0.2196,0.4162,0.4646,0.4277,2026-06
CUST1008265,0.1132,0.4679,0.3096,0.2677,0.3419,0.403,2026-06
CUST1008266,0.3072,0.5525,0.1377,0.2581,0.2753,0.3836,2026-06
CUST1008267,0.4787,0.4776,0.0205,0.2316,0.1653,0.2201,2026-06
CUST1008268,0.336,0.5511,0.3568,0.0906,0.4173,0.661,2026-06
CUST1008269,0.4123,0.7463,0.4499,0.2085,0.3729,0.3504,2026-06
CUST1008270,0.3627,0.4396,0.4454,0.2041,0.3993,0.3425,2026-06
CUST1008271,0.4082,0.4308,0.405,0.0512,0.2236,0.3446,2026-06
CUST1008272,0.4143,0.2288,0.3218,0.07049999999999999,0.583,0.2343,2026-06
CUST1008273,0.3795,0.3714,0.1891,0.2908,0.3515,0.2993,2026-06
CUST1008274,0.1705,0.2187,0.01,0.1303,0.2812,0.0786,2026-06
CUST1008275,0.4918,0.6298,0.2201,0.2099,0.2917,0.2439,2026-06
CUST1008276,0.3227,0.4524,0.4194,0.1682,0.3184,0.3381,2026-06
CUST1008277,0.282,0.3948,0.2341,0.2828,0.0626,0.0537,2026-06
CUST1008278,0.2883,0.2551,0.07820000000000001,0.6870000000000001,0.2222,0.3389,2026-06
CUST1008279,0.3131,0.381,0.204,0.2086,0.1766,0.1608,2026-06
CUST1008280,0.1434,0.1901,0.153,0.0224,0.1598,0.0387,2026-06
CUST1008281,0.3778,0.4418,0.3799,0.2559,0.2744,0.433,2026-06
CUST1008282,0.3216,0.5525,0.4818,0.08409999999999999,0.3304,0.2776,2026-06
CUST1008283,0.1483,0.3086,0.3218,0.2196,0.1786,0.0862,2026-06
CUST1008284,0.4747,0.5179,0.4777,0.1422,0.3514,0.4592,2026-06
CUST1008285,0.437,0.3267,0.0959,0.1428,0.1453,0.1392,2026-06
CUST1008286,0.3166,0.4446,0.2674,0.3681,0.3974,0.2205,2026-06
CUST1008287,0.3505,0.6092,0.5338000000000001,0.1897,0.5895,0.4511,2026-06
CUST1008288,0.5705,0.4622,0.4513,0.1041,0.1541,0.3658,2026-06
CUST1008289,0.3477,0.1952,0.2138,0.5935,0.2259,0.246,2026-06
CUST1008290,0.3766,0.2407,0.457,0.1951,0.4371,0.553,2026-06
CUST1008291,0.167,0.0157,0.1604,0.505,0.1247,0.08550000000000001,2026-06
CUST1008292,0.3267,0.2013,0.01,0.0553,0.5117,0.2495,2026-06
CUST1008293,0.3681,0.4325,0.4633,0.08599999999999999,0.4449,0.2852,2026-06
CUST1008294,0.1973,0.2744,0.199,0.1211,0.442,0.1077,2026-06
CUST1008295,0.501,0.3883,0.2683,0.1258,0.3863,0.18,2026-06
CUST1008296,0.3022,0.1144,0.2599,0.08,0.5366,0.2101,2026-06
CUST1008297,0.5264,0.4523,0.3865,0.1469,0.5102,0.4566,2026-06
CUST1008298,0.4589,0.6278,0.4702,0.2736,0.3245,0.5412,2026-06
CUST1008299,0.1743,0.3045,0.4191,0.1806,0.491,0.2325,2026-06
CUST1008300,0.4109,0.6316000000000001,0.1514,0.216,0.2866,0.4786,2026-06
CUST1008301,0.2614,0.2581,0.4826,0.1007,0.3475,0.4537,2026-06
CUST1008302,0.4683,0.4196,0.2802,0.2488,0.3083,0.3104,2026-06
CUST1008303,0.4915,0.3256,0.5038,0.1651,0.5124,0.3092,2026-06
CUST1008304,0.4032,0.1578,0.4257,0.271,0.2519,0.4744,2026-06
CUST1008305,0.3467,0.1148,0.1924,0.159,0.4525,0.1597,2026-06
CUST1008306,0.4502,0.5723,0.2105,0.2338,0.3361,0.5232,2026-06
CUST1008307,0.4129,0.1226,0.3548,0.2129,0.3628,0.01,2026-06
CUST1008308,0.2785,0.6344,0.3979,0.1135,0.3009,0.2596,2026-06
CUST1008309,0.4592,0.6029,0.4049,0.0464,0.1589,0.4579,2026-06
CUST1008310,0.4702,0.5709,0.3981,0.06859999999999999,0.2901,0.3874,2026-06
CUST1008311,0.4969,0.3971,0.2882,0.3764,0.44,0.1735,2026-06
CUST1008312,0.308,0.4213,0.4228,0.2963,0.2674,0.416,2026-06
CUST1008313,0.1128,0.2183,0.07439999999999999,0.2098,0.6874,0.1929,2026-06
CUST1008314,0.1681,0.6367,0.2018,0.2798,0.3304,0.4107,2026-06
CUST1008315,0.4891,0.4187,0.5566,0.1481,0.3664,0.1979,2026-06
CUST1008316,0.5034,0.6845,0.2333,0.1178,0.2516,0.4414,2026-06
CUST1008317,0.4048,0.6169,0.2677,0.2626,0.2928,0.598,2026-06
CUST1008318,0.2044,0.07149999999999999,0.14,0.3812,0.2187,0.0585,2026-06
CUST1008319,0.3547,0.3876,0.3397,0.2823,0.396,0.6605,2026-06
CUST1008320,0.3913,0.4145,0.4402,0.2091,0.3468,0.2978,2026-06
CUST1008321,0.438,0.42,0.4222,0.2982,0.3607,0.6148,2026-06
CUST1008322,0.4511,0.6707,0.3635,0.2013,0.3628,0.425,2026-06
CUST1008323,0.5656,0.6895,0.4842,0.1635,0.2744,0.4583,2026-06
CUST1008324,0.4834,0.5458,0.547,0.1204,0.3826,0.493,2026-06
CUST1008325,0.4136,0.6341,0.2528,0.243,0.249,0.3816,2026-06
CUST1008326,0.3801,0.6019,0.427,0.179,0.4418,0.3496,2026-06
CUST1008327,0.2908,0.3166,0.5123,0.09180000000000001,0.4057,0.4488,2026-06
CUST1008328,0.2782,0.2588,0.3838,0.1863,0.4351,0.2943,2026-06
CUST1008329,0.4106,0.3173,0.2232,0.1248,0.5086000000000001,0.5152,2026-06
CUST1008330,0.2146,0.5616,0.3154,0.2217,0.4597,0.3672,2026-06
CUST1008331,0.3743,0.5323,0.3189,0.1586,0.4154,0.4761,2026-06
CUST1008332,0.4973,0.6169,0.2534,0.1861,0.3447,0.5188,2026-06
CUST1008333,0.331,0.375,0.3169,0.228,0.3205,0.1156,2026-06
CUST1008334,0.4687,0.5766,0.3099,0.114,0.3986,0.4451,2026-06
CUST1008335,0.4466,0.3598,0.2604,0.2902,0.4146,0.5237000000000001,2026-06
CUST1008336,0.1417,0.5154,0.5377,0.1834,0.3991,0.3973,2026-06
CUST1008337,0.4957,0.74,0.2648,0.2489,0.2863,0.3877,2026-06
CUST1008338,0.417,0.5004999999999999,0.09379999999999999,0.0563,0.6728,0.2411,2026-06
CUST1008339,0.6489,0.4117,0.3999,0.5588,0.1944,0.3743,2026-06
CUST1008340,0.1894,0.3451,0.5953000000000001,0.1348,0.2709,0.3707,2026-06
CUST1008341,0.2837,0.4987,0.4723,0.164,0.5701000000000001,0.5982,2026-06
CUST1008342,0.5561,0.6521,0.2741,0.01,0.1237,0.5067,2026-06
CUST1008343,0.4882,0.6127,0.4974,0.1213,0.2699,0.3921,2026-06
CUST1008344,0.1934,0.1587,0.3535,0.1134,0.4677,0.1506,2026-06
CUST1008345,0.2791,0.275,0.4162,0.2293,0.2481,0.4865,2026-06
CUST1008346,0.3526,0.4276,0.4412,0.186,0.3324,0.5934,2026-06
CUST1008347,0.3782,0.4905,0.345,0.0409,0.327,0.4853,2026-06
CUST1008348,0.2351,0.5918,0.2018,0.1265,0.1957,0.551,2026-06
CUST1008349,0.2722,0.489,0.5024999999999999,0.1386,0.445,0.2898,2026-06
CUST1008350,0.312,0.3485,0.2743,0.2164,0.1968,0.4078,2026-06
CUST1008351,0.4778,0.501,0.0147,0.2383,0.3749,0.1694,2026-06
CUST1008352,0.2774,0.3902,0.3444,0.4922,0.3509,0.3301,2026-06
CUST1008353,0.2236,0.2666,0.277,0.09320000000000001,0.3094,0.1609,2026-06
CUST1008354,0.443,0.5393,0.4532,0.2012,0.3889,0.3839,2026-06
CUST1008355,0.262,0.3969,0.4624,0.105,0.2818,0.4642,2026-06
CUST1008356,0.4258,0.6493,0.1572,0.2585,0.3918,0.0618,2026-06
CUST1008357,0.1284,0.5158,0.2128,0.2714,0.6794,0.3927,2026-06
CUST1008358,0.3263,0.2901,0.3253,0.2178,0.2754,0.0376,2026-06
CUST1008359,0.4025,0.5131,0.2988,0.275,0.2483,0.7775,2026-06
CUST1008360,0.1254,0.4377,0.2794,0.2087,0.4252,0.1285,2026-06
CUST1008361,0.2882,0.4258,0.01,0.0352,0.4875,0.4476,2026-06
CUST1008362,0.4946,0.3763,0.2531,0.2118,0.4672,0.1763,2026-06
CUST1008363,0.2343,0.1609,0.0888,0.2291,0.4638,0.3041,2026-06
CUST1008364,0.5044999999999999,0.5653,0.3624,0.1338,0.289,0.369,2026-06
CUST1008365,0.4797,0.6642,0.3276,0.08309999999999999,0.3792,0.3809,2026-06
CUST1008366,0.3404,0.3114,0.1387,0.2858,0.2409,0.1852,2026-06
CUST1008367,0.3502,0.6924,0.2362,0.0772,0.2569,0.5094,2026-06
CUST1008368,0.432,0.7033,0.3243,0.2586,0.3168,0.3711,2026-06
CUST1008369,0.5226,0.3363,0.347,0.5223,0.3192,0.3608,2026-06
CUST1008370,0.3087,0.348,0.4242,0.06950000000000001,0.5228,0.2226,2026-06
CUST1008371,0.3572,0.6011,0.2705,0.2449,0.7254,0.4737,2026-06
CUST1008372,0.3746,0.5821,0.386,0.0959,0.422,0.3369,2026-06
CUST1008373,0.2784,0.1691,0.3022,0.144,0.2872,0.1839,2026-06
CUST1008374,0.3195,0.6883,0.3246,0.047,0.2133,0.6873,2026-06
CUST1008375,0.3766,0.4519,0.196,0.1472,0.6051,0.5508999999999999,2026-06
CUST1008376,0.3866,0.4038,0.2966,0.229,0.2707,0.1224,2026-06
CUST1008377,0.2884,0.4776,0.2624,0.2179,0.2518,0.4062,2026-06
CUST1008378,0.4156,0.5407,0.6111,0.2275,0.3269,0.3419,2026-06
CUST1008379,0.3514,0.6311,0.261,0.0232,0.3347,0.5989,2026-06
CUST1008380,0.3061,0.3181,0.1318,0.2271,0.2129,0.1217,2026-06
CUST1008381,0.0633,0.6947,0.2466,0.2747,0.1484,0.3243,2026-06
CUST1008382,0.2887,0.4522,0.2207,0.5526,0.269,0.2974,2026-06
CUST1008383,0.2795,0.592,0.319,0.1103,0.4394,0.4933,2026-06
CUST1008384,0.4653,0.6065,0.1816,0.215,0.2166,0.4576,2026-06
CUST1008385,0.2028,0.1943,0.3545,0.076,0.2886,0.467,2026-06
CUST1008386,0.3947,0.3207,0.2667,0.01,0.3492,0.4221,2026-06
CUST1008387,0.4322,0.5649,0.4686,0.07820000000000001,0.4392,0.4792,2026-06
CUST1008388,0.1123,0.4503,0.2915,0.0281,0.6607,0.3397,2026-06
CUST1008389,0.1853,0.355,0.266,0.2725,0.3859,0.5899,2026-06
CUST1008390,0.1473,0.3039,0.1517,0.1991,0.2506,0.2603,2026-06
CUST1008391,0.1874,0.2397,0.132,0.192,0.2287,0.1671,2026-06
CUST1008392,0.1046,0.1448,0.3948,0.2822,0.1347,0.4386,2026-06
CUST1008393,0.3746,0.6635,0.0959,0.2365,0.2413,0.4853,2026-06
CUST1008394,0.5536,0.5808,0.6585,0.1399,0.4232,0.6559,2026-06
CUST1008395,0.5081,0.4675,0.3335,0.0659,0.3388,0.4562,2026-06
CUST1008396,0.36,0.3359,0.2028,0.1573,0.2912,0.106,2026-06
CUST1008397,0.1617,0.1309,0.2969,0.1534,0.3384,0.0366,2026-06
CUST1008398,0.4278,0.5612,0.2444,0.2149,0.1263,0.3709,2026-06
CUST1008399,0.2961,0.2238,0.3532,0.07920000000000001,0.413,0.1859,2026-06
CUST1008400,0.4094,0.5397,0.31,0.1554,0.2805,0.0155,2026-06
CUST1008401,0.3434,0.2048,0.01,0.5468,0.1005,0.01,2026-06
CUST1008402,0.3662,0.5776,0.0914,0.2271,0.196,0.1611,2026-06
CUST1008403,0.4474,0.6681,0.09,0.3183,0.4146,0.4762,2026-06
CUST1008404,0.3855,0.3356,0.1893,0.0365,0.7373,0.3523,2026-06
CUST1008405,0.5936,0.7014,0.0669,0.1854,0.2823,0.2656,2026-06
CUST1008406,0.4728,0.4148,0.312,0.1629,0.3176,0.6598000000000001,2026-06
CUST1008407,0.343,0.4808,0.543,0.2406,0.3765,0.5206,2026-06
CUST1008408,0.0785,0.0554,0.01,0.2346,0.3675,0.4477,2026-06
CUST1008409,0.4283,0.4487,0.6222,0.1606,0.391,0.556,2026-06
CUST1008410,0.3704,0.2005,0.4026,0.01,0.3123,0.0413,2026-06
CUST1008411,0.1049,0.2967,0.2729,0.2791,0.389,0.137,2026-06
CUST1008412,0.4971,0.5651,0.3056,0.4948,0.2182,0.2462,2026-06
CUST1008413,0.396,0.7672,0.3917,0.2249,0.4994,0.3275,2026-06
CUST1008414,0.2782,0.5798,0.0863,0.2958,0.2464,0.0571,2026-06
CUST1008415,0.4051,0.5621,0.5522,0.0823,0.2368,0.5679,2026-06
CUST1008416,0.5302,0.4041,0.1906,0.6967,0.3102,0.0467,2026-06
CUST1008417,0.3823,0.1965,0.1805,0.2931,0.2944,0.1704,2026-06
CUST1008418,0.3037,0.45,0.4481,0.5037,0.2009,0.2615,2026-06
CUST1008419,0.4877,0.6316000000000001,0.3285,0.1559,0.2673,0.2004,2026-06
CUST1008420,0.4654,0.6659,0.2746,0.2042,0.3509,0.2944,2026-06
CUST1008421,0.443,0.7715,0.3098,0.1424,0.3417,0.3001,2026-06
CUST1008422,0.2664,0.491,0.3869,0.01,0.6266,0.4649,2026-06
CUST1008423,0.5154,0.3719,0.4851,0.2597,0.3607,0.6046,2026-06
CUST1008424,0.5541,0.5621,0.1948,0.1782,0.2601,0.4636,2026-06
CUST1008425,0.3561,0.4122,0.4354,0.3122,0.1373,0.5397,2026-06
CUST1008426,0.3942,0.3677,0.4425,0.08019999999999999,0.3594,0.4827,2026-06
CUST1008427,0.3387,0.3499,0.2662,0.2218,0.5367,0.2385,2026-06
CUST1008428,0.3078,0.4279,0.1846,0.08740000000000001,0.4547,0.4507,2026-06
CUST1008429,0.0396,0.3983,0.01,0.2348,0.2399,0.2272,2026-06
CUST1008430,0.1476,0.3492,0.01,0.2998,0.2614,0.1657,2026-06
CUST1008431,0.1743,0.01,0.01,0.3511,0.3956,0.0456,2026-06
CUST1008432,0.234,0.3145,0.1808,0.3063,0.304,0.2096,2026-06
CUST1008433,0.3938,0.2882,0.2437,0.2278,0.3926,0.09619999999999999,2026-06
CUST1008434,0.3085,0.3396,0.398,0.5786,0.3262,0.3961,2026-06
CUST1008435,0.5615,0.3732,0.2922,0.1696,0.4722,0.5242,2026-06
CUST1008436,0.1854,0.2016,0.1804,0.3702,0.3331,0.129,2026-06
CUST1008437,0.2936,0.3602,0.4648,0.1303,0.3013,0.4261,2026-06
CUST1008438,0.337,0.0813,0.1987,0.4885,0.1657,0.3047,2026-06
CUST1008439,0.079,0.1512,0.233,0.2854,0.5532,0.1564,2026-06
CUST1008440,0.2198,0.3766,0.3524,0.1414,0.2701,0.4186,2026-06
CUST1008441,0.4603,0.5365,0.3853,0.2086,0.4927,0.3391,2026-06
CUST1008442,0.3476,0.5528,0.218,0.7265,0.1282,0.3033,2026-06
CUST1008443,0.341,0.4259,0.103,0.5767,0.1533,0.2373,2026-06
CUST1008444,0.1721,0.3363,0.2795,0.1559,0.245,0.2935,2026-06
CUST1008445,0.107,0.1764,0.3071,0.0828,0.5454,0.0513,2026-06
CUST1008446,0.3433,0.3544,0.1072,0.1743,0.3432,0.2079,2026-06
CUST1008447,0.0199,0.1638,0.3139,0.2061,0.3825,0.06510000000000001,2026-06
CUST1008448,0.5054999999999999,0.2344,0.331,0.1177,0.2283,0.2715,2026-06
CUST1008449,0.4997,0.5724,0.4964,0.1407,0.4315,0.495,2026-06
CUST1008450,0.5883,0.5454,0.4848,0.2758,0.4176,0.3619,2026-06
CUST1008451,0.3902,0.5011,0.2939,0.6299,0.229,0.2698,2026-06
CUST1008452,0.4193,0.4423,0.4168,0.1442,0.6138,0.5047,2026-06
CUST1008453,0.135,0.3303,0.3181,0.5724,0.2906,0.387,2026-06
CUST1008454,0.2365,0.3899,0.0441,0.2158,0.1401,0.2112,2026-06
CUST1008455,0.3391,0.4369,0.3183,0.1035,0.2493,0.3228,2026-06
CUST1008456,0.0742,0.3783,0.5524,0.117,0.5524,0.6084000000000001,2026-06
CUST1008457,0.2777,0.2013,0.2835,0.157,0.2471,0.2342,2026-06
CUST1008458,0.4355,0.7236,0.1617,0.1729,0.3952,0.4978,2026-06
CUST1008459,0.3313,0.3423,0.3445,0.1718,0.3026,0.182,2026-06
CUST1008460,0.3199,0.4297,0.3587,0.2757,0.5106000000000001,0.5750999999999999,2026-06
CUST1008461,0.4027,0.3842,0.3457,0.141,0.4113,0.5585,2026-06
CUST1008462,0.5033,0.5276,0.1265,0.5923,0.2321,0.3461,2026-06
CUST1008463,0.424,0.6158,0.4136,0.06569999999999999,0.2751,0.5159,2026-06
CUST1008464,0.4674,0.4412,0.5252,0.1899,0.1895,0.2771,2026-06
CUST1008465,0.1306,0.5883,0.0332,0.1898,0.2299,0.4446,2026-06
CUST1008466,0.3691,0.6098,0.432,0.1312,0.1933,0.2254,2026-06
CUST1008467,0.5606,0.3509,0.512,0.1472,0.2687,0.4414,2026-06
CUST1008468,0.5325,0.3049,0.5236,0.074,0.2558,0.4976,2026-06
CUST1008469,0.2772,0.1492,0.3171,0.5875,0.2119,0.2068,2026-06
CUST1008470,0.2202,0.4146,0.4615,0.2901,0.4949,0.3869,2026-06
CUST1008471,0.2629,0.4698,0.425,0.1087,0.3833,0.271,2026-06
CUST1008472,0.3561,0.1848,0.2029,0.2453,0.7000999999999999,0.2184,2026-06
CUST1008473,0.3338,0.3831,0.1592,0.1041,0.1213,0.1871,2026-06
CUST1008474,0.4672,0.5165999999999999,0.3641,0.2662,0.3242,0.5809,2026-06
CUST1008475,0.4826,0.729,0.0596,0.201,0.247,0.3653,2026-06
CUST1008476,0.3991,0.4589,0.5233,0.1886,0.277,0.4763,2026-06
CUST1008477,0.4208,0.6831,0.2256,0.323,0.3516,0.4361,2026-06
CUST1008478,0.1233,0.358,0.4622,0.2105,0.3649,0.4209,2026-06
CUST1008479,0.5429,0.4229,0.4616,0.2051,0.4314,0.4743,2026-06
CUST1008480,0.5492,0.7569,0.486,0.1299,0.3845,0.4532,2026-06
CUST1008481,0.1248,0.3653,0.3456,0.1372,0.3419,0.3343,2026-06
CUST1008482,0.1523,0.1083,0.2446,0.0888,0.4014,0.138,2026-06
CUST1008483,0.4136,0.6437,0.3683,0.2544,0.2676,0.5132,2026-06
CUST1008484,0.3445,0.3082,0.1542,0.1788,0.4822,0.01,2026-06
CUST1008485,0.5242,0.2405,0.3394,0.2382,0.3119,0.2999,2026-06
CUST1008486,0.4603,0.25,0.3706,0.4958,0.1991,0.3111,2026-06
CUST1008487,0.4948,0.5879,0.456,0.1115,0.3109,0.3946,2026-06
CUST1008488,0.197,0.2197,0.01,0.2505,0.6213,0.2183,2026-06
CUST1008489,0.5117,0.3349,0.1687,0.0964,0.3862,0.2063,2026-06
CUST1008490,0.3042,0.2431,0.2225,0.2621,0.584,0.2406,2026-06
CUST1008491,0.6266,0.7368,0.4491,0.2308,0.345,0.3618,2026-06
CUST1008492,0.3322,0.2548,0.0582,0.1276,0.4088,0.0745,2026-06
CUST1008493,0.3704,0.4769,0.4993,0.1884,0.4621,0.4062,2026-06
CUST1008494,0.4665,0.38,0.1447,0.2455,0.4158,0.3734,2026-06
CUST1008495,0.2239,0.4402,0.1055,0.1638,0.1695,0.3424,2026-06
CUST1008496,0.4254,0.1728,0.2304,0.1158,0.6163999999999999,0.0283,2026-06
CUST1008497,0.409,0.7226,0.1563,0.1566,0.3661,0.2404,2026-06
CUST1008498,0.2545,0.3185,0.4254,0.0738,0.4219,0.4208,2026-06
CUST1008499,0.3853,0.4506,0.4558,0.01,0.3657,0.7554,2026-06
CUST1008500,0.4223,0.6293,0.1909,0.3041,0.3198,0.2659,2026-06
CUST1008501,0.3428,0.3832,0.3489,0.1537,0.3299,0.4918,2026-06
CUST1008502,0.3611,0.3324,0.3556,0.0573,0.3293,0.534,2026-06
CUST1008503,0.1463,0.294,0.3391,0.0819,0.5933,0.01,2026-06
CUST1008504,0.1611,0.6522,0.4553,0.2373,0.1753,0.316,2026-06
CUST1008505,0.298,0.725,0.1582,0.01,0.2219,0.5182,2026-06
CUST1008506,0.3882,0.379,0.032,0.6186,0.3298,0.2901,2026-06
CUST1008507,0.3615,0.4332,0.01,0.1664,0.3748,0.1426,2026-06
CUST1008508,0.3359,0.3835,0.3213,0.14,0.4205,0.4904,2026-06
CUST1008509,0.3715,0.4391,0.01,0.1349,0.2694,0.1275,2026-06
CUST1008510,0.6057,0.5566,0.4782,0.1364,0.428,0.4169,2026-06
CUST1008511,0.4841,0.3087,0.3958,0.2971,0.2556,0.3105,2026-06
CUST1008512,0.3386,0.4264,0.3318,0.0873,0.2791,0.4809,2026-06
CUST1008513,0.4675,0.4862,0.1384,0.2376,0.2718,0.5334,2026-06
CUST1008514,0.4721,0.2845,0.1429,0.2474,0.2554,0.2773,2026-06
CUST1008515,0.216,0.402,0.4344,0.1939,0.2921,0.4834,2026-06
CUST1008516,0.3069,0.3968,0.1542,0.6133999999999999,0.0827,0.2459,2026-06
CUST1008517,0.3175,0.3785,0.1902,0.0567,0.4307,0.2676,2026-06
CUST1008518,0.4754,0.5508,0.4246,0.1968,0.5894,0.5738,2026-06
CUST1008519,0.5721000000000001,0.1076,0.1059,0.1151,0.317,0.309,2026-06
CUST1008520,0.2294,0.3186,0.0174,0.3062,0.304,0.01,2026-06
CUST1008521,0.271,0.2163,0.0285,0.1616,0.4444,0.1689,2026-06
CUST1008522,0.5858,0.2089,0.1302,0.1255,0.1644,0.1845,2026-06
CUST1008523,0.2576,0.1769,0.0851,0.0402,0.1794,0.5366,2026-06
CUST1008524,0.5708,0.3293,0.5012,0.297,0.2391,0.3328,2026-06
CUST1008525,0.3277,0.4085,0.4999,0.1855,0.4659,0.5233,2026-06
CUST1008526,0.4347,0.5209,0.2996,0.1278,0.3458,0.366,2026-06
CUST1008527,0.3557,0.1969,0.1639,0.188,0.1948,0.2105,2026-06
CUST1008528,0.3071,0.1197,0.0767,0.0901,0.544,0.2664,2026-06
CUST1008529,0.3806,0.7614,0.3807,0.1992,0.3317,0.4205,2026-06
CUST1008530,0.4096,0.3874,0.2778,0.2279,0.4143,0.0917,2026-06
CUST1008531,0.3698,0.2273,0.198,0.2449,0.1186,0.1508,2026-06
CUST1008532,0.3493,0.4799,0.01,0.2691,0.2791,0.0881,2026-06
CUST1008533,0.3919,0.5493,0.3805,0.2201,0.2769,0.4314,2026-06
CUST1008534,0.4241,0.6031,0.5522,0.1865,0.3756,0.3374,2026-06
CUST1008535,0.5666,0.495,0.4529,0.2284,0.2735,0.4211,2026-06
CUST1008536,0.3631,0.4594,0.3738,0.1755,0.4247,0.6997,2026-06
CUST1008537,0.498,0.7128,0.1519,0.2028,0.3078,0.5666,2026-06
CUST1008538,0.2842,0.5551,0.2079,0.1924,0.1641,0.5472,2026-06
CUST1008539,0.4134,0.4369,0.3998,0.1268,0.3494,0.5097,2026-06
CUST1008540,0.4301,0.3498,0.4635,0.2436,0.2652,0.259,2026-06
CUST1008541,0.237,0.508,0.3374,0.1283,0.4499,0.4734,2026-06
CUST1008542,0.2713,0.381,0.4428,0.5154,0.2867,0.4711,2026-06
CUST1008543,0.01,0.2666,0.01,0.2619,0.2038,0.2036,2026-06
CUST1008544,0.2274,0.2532,0.4343,0.1674,0.4056,0.4443,2026-06
CUST1008545,0.3704,0.4109,0.4512,0.2169,0.4235,0.5687,2026-06
CUST1008546,0.4746,0.3709,0.3722,0.1877,0.3813,0.4712,2026-06
CUST1008547,0.3622,0.2408,0.2831,0.1122,0.4086,0.1772,2026-06
CUST1008548,0.6091,0.4503,0.4159,0.186,0.3487,0.6855,2026-06
CUST1008549,0.4291,0.4312,0.4526,0.0474,0.3537,0.3186,2026-06
CUST1008550,0.4518,0.5416,0.5222,0.1301,0.5043,0.3263,2026-06
CUST1008551,0.4934,0.3772,0.5021,0.6529,0.3015,0.4254,2026-06
CUST1008552,0.3124,0.4312,0.01,0.5721000000000001,0.1263,0.2018,2026-06
CUST1008553,0.3862,0.3719,0.0403,0.2411,0.2809,0.2716,2026-06
CUST1008554,0.167,0.2004,0.282,0.0301,0.3563,0.1491,2026-06
CUST1008555,0.4951,0.4891,0.1319,0.0988,0.2099,0.3535,2026-06
CUST1008556,0.3539,0.7018,0.3085,0.2553,0.3862,0.3721,2026-06
CUST1008557,0.3739,0.6486,0.1914,0.2546,0.1986,0.3176,2026-06
CUST1008558,0.4128,0.6593,0.4816,0.3254,0.3918,0.4604,2026-06
CUST1008559,0.2017,0.3573,0.3285,0.5642,0.4266,0.2819,2026-06
CUST1008560,0.2465,0.4112,0.3532,0.1751,0.3971,0.1395,2026-06
CUST1008561,0.2346,0.185,0.01,0.1324,0.5336,0.1546,2026-06
CUST1008562,0.5341,0.636,0.4454,0.3071,0.429,0.4436,2026-06
CUST1008563,0.4831,0.5511,0.2031,0.1063,0.4168,0.08110000000000001,2026-06
CUST1008564,0.06809999999999999,0.3958,0.0436,0.5896,0.1155,0.0513,2026-06
CUST1008565,0.4102,0.4172,0.01,0.3183,0.2918,0.1299,2026-06
CUST1008566,0.2411,0.318,0.01,0.1883,0.1879,0.0756,2026-06
CUST1008567,0.2447,0.4791,0.4933,0.0555,0.4558,0.6404,2026-06
CUST1008568,0.1811,0.1633,0.08690000000000001,0.1951,0.3913,0.096,2026-06
CUST1008569,0.2102,0.1471,0.3695,0.1258,0.5012,0.3228,2026-06
CUST1008570,0.3456,0.4913,0.1968,0.2313,0.4864,0.4951,2026-06
CUST1008571,0.3036,0.3515,0.4346,0.1235,0.3657,0.4653,2026-06
CUST1008572,0.4254,0.6704,0.5623,0.3298,0.1867,0.3813,2026-06
CUST1008573,0.4709,0.8556,0.4086,0.2349,0.4035,0.4124,2026-06
CUST1008574,0.3992,0.4993,0.3769,0.1027,0.335,0.388,2026-06
CUST1008575,0.201,0.6847,0.4939,0.2564,0.3255,0.4902,2026-06
CUST1008576,0.5533,0.3413,0.4054,0.2842,0.2029,0.4079,2026-06
CUST1008577,0.3763,0.2708,0.2949,0.2015,0.4336,0.1579,2026-06
CUST1008578,0.3392,0.6346000000000001,0.383,0.1426,0.3789,0.3546,2026-06
CUST1008579,0.3019,0.2868,0.2823,0.2991,0.2169,0.2743,2026-06
CUST1008580,0.3568,0.4415,0.01,0.2079,0.2336,0.1723,2026-06
CUST1008581,0.2499,0.2494,0.4682,0.2579,0.3851,0.4386,2026-06
CUST1008582,0.3639,0.4496,0.0323,0.2941,0.4553,0.2368,2026-06
CUST1008583,0.1748,0.5435,0.2489,0.2738,0.2051,0.2327,2026-06
CUST1008584,0.2779,0.3567,0.08550000000000001,0.197,0.08550000000000001,0.1303,2026-06
CUST1008585,0.3751,0.4784,0.3857,0.1151,0.1961,0.5355,2026-06
CUST1008586,0.2774,0.4651,0.4837,0.1939,0.302,0.5692,2026-06
CUST1008587,0.1892,0.4864,0.1751,0.2266,0.2239,0.3508,2026-06
CUST1008588,0.2631,0.5992,0.0621,0.1764,0.1979,0.3194,2026-06
CUST1008589,0.3834,0.5007,0.5570000000000001,0.1737,0.3521,0.3078,2026-06
CUST1008590,0.4383,0.4488,0.107,0.2441,0.539,0.2235,2026-06
CUST1008591,0.5477,0.4534,0.3912,0.2279,0.3068,0.6899999999999999,2026-06
CUST1008592,0.4409,0.4595,0.4891,0.1423,0.2165,0.2673,2026-06
CUST1008593,0.4061,0.6476,0.3069,0.2627,0.1888,0.4039,2026-06
CUST1008594,0.3765,0.4776,0.4289,0.0868,0.3703,0.4923,2026-06
CUST1008595,0.3968,0.3379,0.4971,0.3136,0.4397,0.5054999999999999,2026-06
CUST1008596,0.5973000000000001,0.3827,0.483,0.1449,0.402,0.5475,2026-06
CUST1008597,0.5527,0.3659,0.4924,0.0329,0.3622,0.4104,2026-06
CUST1008598,0.5332,0.5659,0.4738,0.039,0.3096,0.4939,2026-06
CUST1008599,0.4391,0.3575,0.3724,0.1122,0.3858,0.5427999999999999,2026-06
CUST1008600,0.5081,0.368,0.3485,0.1617,0.3755,0.2978,2026-06
CUST1008601,0.6833,0.4857,0.4942,0.0866,0.3259,0.5382,2026-06
CUST1008602,0.2003,0.2779,0.0376,0.1252,0.3599,0.2014,2026-06
CUST1008603,0.382,0.3452,0.3484,0.1264,0.6538,0.2418,2026-06
CUST1008604,0.4587,0.5785,0.264,0.1811,0.3021,0.4776,2026-06
CUST1008605,0.4502,0.5334,0.4642,0.1902,0.384,0.7925,2026-06
CUST1008606,0.6082,0.4375,0.4331,0.2017,0.3229,0.3317,2026-06
CUST1008607,0.2687,0.622,0.4074,0.2078,0.1785,0.4972,2026-06
CUST1008608,0.3635,0.4283,0.01,0.3013,0.3846,0.2681,2026-06
CUST1008609,0.5405,0.3259,0.3627,0.2984,0.5284,0.4084,2026-06
CUST1008610,0.194,0.3126,0.1261,0.2968,0.1247,0.1859,2026-06
CUST1008611,0.3056,0.1812,0.1948,0.2255,0.3433,0.2652,2026-06
CUST1008612,0.261,0.5248,0.0302,0.1909,0.5746,0.2456,2026-06
CUST1008613,0.0551,0.5879,0.4257,0.1151,0.3792,0.2388,2026-06
CUST1008614,0.3304,0.5607,0.3964,0.07190000000000001,0.2841,0.42,2026-06
CUST1008615,0.1142,0.6761,0.09,0.2279,0.3009,0.49,2026-06
CUST1008616,0.1631,0.5632,0.2006,0.2643,0.3527,0.3998,2026-06
CUST1008617,0.4025,0.4393,0.4871,0.2014,0.5397999999999999,0.3595,2026-06
CUST1008618,0.3438,0.5582,0.4452,0.0274,0.2563,0.4226,2026-06
CUST1008619,0.3088,0.4119,0.4093,0.2423,0.3174,0.5103,2026-06
CUST1008620,0.4292,0.3262,0.5346,0.5569,0.4037,0.202,2026-06
CUST1008621,0.2672,0.4304,0.0994,0.1581,0.2459,0.06809999999999999,2026-06
CUST1008622,0.1318,0.4518,0.4888,0.1944,0.3303,0.4924,2026-06
CUST1008623,0.369,0.5206,0.4403,0.2191,0.374,0.2563,2026-06
CUST1008624,0.5133,0.6958,0.4211,0.0658,0.2475,0.5524,2026-06
CUST1008625,0.3613,0.6783,0.2486,0.2264,0.2163,0.2846,2026-06
CUST1008626,0.1428,0.4177,0.1788,0.1667,0.1629,0.6249,2026-06
CUST1008627,0.2414,0.4095,0.3264,0.1878,0.1621,0.3382,2026-06
CUST1008628,0.2838,0.2084,0.3802,0.1386,0.1517,0.268,2026-06
CUST1008629,0.3731,0.2848,0.01,0.1931,0.4891,0.2336,2026-06
CUST1008630,0.2997,0.2143,0.2478,0.3015,0.2497,0.3656,2026-06
CUST1008631,0.4185,0.6850000000000001,0.0617,0.1982,0.2792,0.3922,2026-06
CUST1008632,0.5206,0.3853,0.2649,0.1335,0.3914,0.3527,2026-06
CUST1008633,0.3552,0.3109,0.2284,0.0577,0.3698,0.3704,2026-06
CUST1008634,0.242,0.4208,0.1095,0.0771,0.2296,0.1323,2026-06
CUST1008635,0.1018,0.2489,0.0526,0.3274,0.2577,0.01,2026-06
CUST1008636,0.6133999999999999,0.5523,0.4521,0.1388,0.3087,0.402,2026-06
CUST1008637,0.2447,0.6909999999999999,0.3428,0.0717,0.2824,0.5139,2026-06
CUST1008638,0.3021,0.6116,0.3524,0.0216,0.3866,0.4765,2026-06
CUST1008639,0.0471,0.6828,0.0814,0.1473,0.2356,0.3352,2026-06
CUST1008640,0.4501,0.6179,0.4445,0.2608,0.2437,0.5058,2026-06
CUST1008641,0.4395,0.4863,0.327,0.2122,0.4475,0.4119,2026-06
CUST1008642,0.1262,0.0992,0.424,0.3102,0.245,0.3297,2026-06
CUST1008643,0.1172,0.1696,0.433,0.1652,0.4896,0.0873,2026-06
CUST1008644,0.4714,0.6498,0.1588,0.1458,0.495,0.4468,2026-06
CUST1008645,0.1784,0.3611,0.2423,0.6151,0.3239,0.383,2026-06
CUST1008646,0.2276,0.6411,0.3676,0.1648,0.1978,0.3213,2026-06
CUST1008647,0.102,0.5402,0.4014,0.1522,0.4326,0.4301,2026-06
CUST1008648,0.4987,0.5903,0.2674,0.254,0.2531,0.3395,2026-06
CUST1008649,0.3991,0.5364,0.244,0.1184,0.115,0.2977,2026-06
CUST1008650,0.1595,0.6491,0.0611,0.2225,0.1923,0.4596,2026-06
CUST1008651,0.3821,0.4046,0.3325,0.2158,0.2828,0.1727,2026-06
CUST1008652,0.2905,0.2275,0.361,0.0173,0.5172,0.1697,2026-06
CUST1008653,0.4481,0.4893,0.1545,0.1931,0.3391,0.4877,2026-06
CUST1008654,0.4982,0.7421,0.017,0.2423,0.2889,0.381,2026-06
CUST1008655,0.09429999999999999,0.5477,0.2925,0.2463,0.2176,0.4362,2026-06
CUST1008656,0.3204,0.6372,0.0891,0.1877,0.2737,0.2605,2026-06
CUST1008657,0.519,0.5321,0.3438,0.2631,0.4472,0.2217,2026-06
CUST1008658,0.2809,0.1876,0.4947,0.0794,0.2904,0.0363,2026-06
CUST1008659,0.3434,0.6516999999999999,0.4647,0.124,0.5511,0.6145,2026-06
CUST1008660,0.3607,0.1374,0.3115,0.1023,0.5760999999999999,0.06759999999999999,2026-06
CUST1008661,0.3485,0.2309,0.211,0.2537,0.4536,0.2427,2026-06
CUST1008662,0.1414,0.2882,0.2876,0.1309,0.2286,0.2984,2026-06
CUST1008663,0.3581,0.4438,0.2027,0.2025,0.2614,0.07829999999999999,2026-06
CUST1008664,0.3143,0.2907,0.2681,0.1349,0.4814,0.1647,2026-06
CUST1008665,0.2658,0.4492,0.1579,0.01,0.2901,0.2826,2026-06
CUST1008666,0.3441,0.3915,0.3387,0.1619,0.2257,0.348,2026-06
CUST1008667,0.2639,0.6836,0.044,0.1391,0.2367,0.4205,2026-06
CUST1008668,0.3742,0.5687,0.414,0.2522,0.1945,0.2714,2026-06
CUST1008669,0.2029,0.3489,0.0525,0.1057,0.1498,0.0178,2026-06
CUST1008670,0.135,0.1171,0.1188,0.047,0.3638,0.1103,2026-06
CUST1008671,0.4089,0.3346,0.1828,0.1471,0.5506,0.0878,2026-06
CUST1008672,0.5885,0.5182,0.3541,0.3383,0.1819,0.2738,2026-06
CUST1008673,0.2587,0.0738,0.0776,0.2806,0.3298,0.083,2026-06
CUST1008674,0.4408,0.6054,0.2467,0.1933,0.2163,0.5337,2026-06
CUST1008675,0.4209,0.513,0.2652,0.3011,0.2176,0.3953,2026-06
CUST1008676,0.1171,0.4963,0.1717,0.2024,0.7099,0.2974,2026-06
CUST1008677,0.5057,0.5573,0.09320000000000001,0.2355,0.2793,0.0575,2026-06
CUST1008678,0.3342,0.7532,0.3872,0.1304,0.2494,0.324,2026-06
CUST1008679,0.3262,0.3691,0.07829999999999999,0.2738,0.2901,0.1421,2026-06
CUST1008680,0.3393,0.3654,0.5543,0.2596,0.2302,0.4881,2026-06
CUST1008681,0.1734,0.5049,0.1922,0.1313,0.4829,0.2647,2026-06
CUST1008682,0.0712,0.3079,0.2561,0.211,0.3229,0.09320000000000001,2026-06
CUST1008683,0.2865,0.2319,0.01,0.714,0.2074,0.3707,2026-06
CUST1008684,0.4498,0.2177,0.3127,0.2059,0.2021,0.4298,2026-06
CUST1008685,0.2801,0.2635,0.2546,0.6157,0.0702,0.2971,2026-06
CUST1008686,0.4007,0.4385,0.1411,0.2036,0.2588,0.3826,2026-06
CUST1008687,0.2547,0.3686,0.247,0.2891,0.2331,0.3087,2026-06
CUST1008688,0.2181,0.431,0.3548,0.2432,0.5498,0.4203,2026-06
CUST1008689,0.2924,0.3762,0.24,0.2388,0.5003,0.3852,2026-06
CUST1008690,0.4341,0.636,0.331,0.1564,0.2139,0.2525,2026-06
CUST1008691,0.5185,0.6446,0.3049,0.0694,0.1988,0.5104,2026-06
CUST1008692,0.4558,0.5304,0.3483,0.06270000000000001,0.2931,0.4546,2026-06
CUST1008693,0.1904,0.2568,0.3741,0.1919,0.3742,0.1969,2026-06
CUST1008694,0.1792,0.6107,0.095,0.2081,0.3632,0.4877,2026-06
CUST1008695,0.3017,0.5072,0.1671,0.2416,0.3281,0.3954,2026-06
CUST1008696,0.396,0.5989,0.1604,0.1385,0.3564,0.3702,2026-06
CUST1008697,0.2647,0.6079,0.033,0.0742,0.2301,0.4601,2026-06
CUST1008698,0.2884,0.2618,0.4391,0.1798,0.3934,0.3468,2026-06
CUST1008699,0.3461,0.4076,0.3066,0.0198,0.3639,0.5261,2026-06
CUST1008700,0.3982,0.4743,0.3528,0.3305,0.4277,0.3877,2026-06
CUST1008701,0.4104,0.1444,0.3392,0.1796,0.2986,0.2343,2026-06
CUST1008702,0.1935,0.3248,0.3247,0.1446,0.4671,0.5585,2026-06
CUST1008703,0.0417,0.5406,0.166,0.2049,0.4194,0.306,2026-06
CUST1008704,0.3546,0.3499,0.2317,0.6382,0.5732,0.4447,2026-06
CUST1008705,0.5323,0.2958,0.2009,0.1762,0.3288,0.0438,2026-06
CUST1008706,0.4896,0.5724,0.5775,0.2488,0.2292,0.4912,2026-06
CUST1008707,0.3402,0.6252,0.4858,0.0601,0.4375,0.5590000000000001,2026-06
CUST1008708,0.4261,0.3865,0.4625,0.1002,0.265,0.4002,2026-06
CUST1008709,0.4446,0.3743,0.5293,0.1292,0.3358,0.6078,2026-06
CUST1008710,0.6029,0.3967,0.4204,0.1559,0.543,0.4176,2026-06
CUST1008711,0.1624,0.1847,0.1192,0.1844,0.26,0.1699,2026-06
CUST1008712,0.4021,0.6404,0.175,0.2124,0.1798,0.4225,2026-06
CUST1008713,0.3595,0.3432,0.1983,0.2819,0.4497,0.1496,2026-06
CUST1008714,0.3523,0.3718,0.3548,0.1176,0.4048,0.5451,2026-06
CUST1008715,0.2821,0.3771,0.4502,0.2617,0.3179,0.6447000000000001,2026-06
CUST1008716,0.4218,0.5831,0.3821,0.1827,0.1679,0.5859,2026-06
CUST1008717,0.5341,0.6564,0.5404,0.1491,0.4139,0.5462,2026-06
CUST1008718,0.4275,0.7422,0.2299,0.0575,0.4253,0.3215,2026-06
CUST1008719,0.4217,0.225,0.06660000000000001,0.212,0.5293,0.2247,2026-06
CUST1008720,0.2553,0.3048,0.4548,0.3025,0.2895,0.3607,2026-06
CUST1008721,0.1522,0.5749,0.6105,0.2096,0.4648,0.6563,2026-06
CUST1008722,0.2081,0.5131,0.1426,0.07240000000000001,0.1936,0.415,2026-06
CUST1008723,0.4711,0.2364,0.1171,0.2148,0.5177,0.1635,2026-06
CUST1008724,0.347,0.3185,0.01,0.2737,0.4548,0.0502,2026-06
CUST1008725,0.4896,0.3649,0.1722,0.2267,0.435,0.1063,2026-06
CUST1008726,0.3042,0.5674,0.01,0.2056,0.1039,0.216,2026-06
CUST1008727,0.3117,0.2729,0.5459000000000001,0.1721,0.3981,0.4343,2026-06
CUST1008728,0.258,0.5191,0.08500000000000001,0.2976,0.1839,0.4466,2026-06
CUST1008729,0.421,0.571,0.2348,0.1619,0.1485,0.4524,2026-06
CUST1008730,0.516,0.4366,0.4719,0.0542,0.3953,0.2972,2026-06
CUST1008731,0.4476,0.4611,0.3287,0.0679,0.4663,0.5382,2026-06
CUST1008732,0.2246,0.3436,0.5371,0.2371,0.4757,0.4424,2026-06
CUST1008733,0.3935,0.4828,0.2325,0.2568,0.572,0.2747,2026-06
CUST1008734,0.186,0.6226,0.1208,0.5489000000000001,0.1297,0.5051,2026-06
CUST1008735,0.2828,0.1792,0.1721,0.1773,0.3808,0.2274,2026-06
CUST1008736,0.2979,0.2757,0.285,0.0791,0.3466,0.2565,2026-06
CUST1008737,0.3516,0.7381,0.4169,0.2337,0.1849,0.1799,2026-06
CUST1008738,0.4055,0.4565,0.373,0.3032,0.3227,0.4277,2026-06
CUST1008739,0.3059,0.4855,0.5718,0.1563,0.2673,0.3418,2026-06
CUST1008740,0.2805,0.2732,0.2895,0.01,0.2763,0.7756999999999999,2026-06
CUST1008741,0.4601,0.7811,0.4188,0.1309,0.4483,0.6691,2026-06
CUST1008742,0.6218,0.4775,0.0372,0.2073,0.2901,0.2601,2026-06
CUST1008743,0.3773,0.3386,0.01,0.3102,0.5353,0.125,2026-06
CUST1008744,0.431,0.5177,0.3127,0.3099,0.1059,0.5568,2026-06
CUST1008745,0.4063,0.4547,0.5754,0.1731,0.4394,0.5107,2026-06
CUST1008746,0.4645,0.5355,0.3642,0.1853,0.2514,0.2228,2026-06
CUST1008747,0.2424,0.3258,0.3743,0.1471,0.4731,0.2643,2026-06
CUST1008748,0.5397999999999999,0.4004,0.4899,0.1766,0.5192,0.4199,2026-06
CUST1008749,0.4859,0.5058,0.4324,0.2594,0.4116,0.4418,2026-06
CUST1008750,0.4923,0.67,0.4253,0.1871,0.2547,0.5164,2026-06
CUST1008751,0.3309,0.3943,0.252,0.0593,0.2485,0.5095,2026-06
CUST1008752,0.4094,0.6443,0.3297,0.2445,0.3402,0.3529,2026-06
CUST1008753,0.2763,0.6632,0.2285,0.2494,0.232,0.4119,2026-06
CUST1008754,0.2696,0.2223,0.1896,0.2192,0.1912,0.1079,2026-06
CUST1008755,0.3238,0.6266,0.031,0.2953,0.2201,0.3979,2026-06
CUST1008756,0.4641,0.4824,0.16,0.329,0.6657,0.3854,2026-06
CUST1008757,0.5737,0.6229,0.1674,0.1261,0.2824,0.3021,2026-06
CUST1008758,0.2519,0.5469000000000001,0.2028,0.047,0.1613,0.4022,2026-06
CUST1008759,0.4029,0.5925,0.3383,0.0725,0.4162,0.3253,2026-06
CUST1008760,0.3907,0.543,0.3417,0.2016,0.5332,0.2647,2026-06
CUST1008761,0.3778,0.4701,0.451,0.1537,0.4729,0.8361,2026-06
CUST1008762,0.447,0.7196,0.28,0.2549,0.0813,0.4312,2026-06
CUST1008763,0.4679,0.4135,0.1691,0.2098,0.2708,0.125,2026-06
CUST1008764,0.3867,0.6242,0.3778,0.1586,0.3164,0.2244,2026-06
CUST1008765,0.326,0.3288,0.3986,0.2385,0.3271,0.5259,2026-06
CUST1008766,0.5735,0.2867,0.4419,0.1087,0.361,0.5022,2026-06
CUST1008767,0.3731,0.4817,0.2941,0.1296,0.5995,0.2217,2026-06
CUST1008768,0.5083,0.4371,0.1038,0.0767,0.2332,0.2247,2026-06
CUST1008769,0.4627,0.3182,0.2482,0.6942,0.3974,0.4905,2026-06
CUST1008770,0.01,0.5995,0.5109,0.1606,0.3641,0.3037,2026-06
CUST1008771,0.3007,0.3628,0.01,0.3506,0.3397,0.0667,2026-06
CUST1008772,0.2507,0.6853,0.1593,0.0751,0.1853,0.5755,2026-06
CUST1008773,0.5975,0.6812,0.3777,0.0832,0.3376,0.456,2026-06
CUST1008774,0.2777,0.4046,0.4158,0.1555,0.2099,0.6899,2026-06
CUST1008775,0.2088,0.3876,0.4747,0.01,0.3284,0.4289,2026-06
CUST1008776,0.3427,0.4274,0.1697,0.06660000000000001,0.5876,0.1131,2026-06
CUST1008777,0.483,0.4323,0.271,0.3397,0.3391,0.1735,2026-06
CUST1008778,0.3493,0.6783,0.6583,0.1458,0.3205,0.2153,2026-06
CUST1008779,0.1801,0.7147,0.2968,0.218,0.3098,0.435,2026-06
CUST1008780,0.4147,0.7257,0.4858,0.1264,0.4174,0.4173,2026-06
CUST1008781,0.01,0.4282,0.01,0.2773,0.2977,0.1909,2026-06
CUST1008782,0.3961,0.08649999999999999,0.2673,0.1786,0.2821,0.1668,2026-06
CUST1008783,0.2432,0.4577,0.4477,0.1206,0.3734,0.609,2026-06
CUST1008784,0.2688,0.4875,0.5093,0.171,0.3584,0.5653,2026-06
CUST1008785,0.4297,0.7775,0.3884,0.2523,0.2471,0.6226,2026-06
CUST1008786,0.5698,0.2285,0.3415,0.2566,0.4224,0.2078,2026-06
CUST1008787,0.2475,0.3626,0.4814,0.1399,0.3178,0.3239,2026-06
CUST1008788,0.3981,0.4612,0.2905,0.5185999999999999,0.3836,0.4171,2026-06
CUST1008789,0.3946,0.4746,0.4637,0.1397,0.3173,0.4603,2026-06
CUST1008790,0.5447,0.531,0.3821,0.1966,0.3192,0.4879,2026-06
CUST1008791,0.5088,0.4105,0.5294,0.1765,0.3999,0.6586,2026-06
CUST1008792,0.4809,0.5142,0.3051,0.0495,0.342,0.3317,2026-06
CUST1008793,0.5373,0.3104,0.469,0.1891,0.4051,0.1244,2026-06
CUST1008794,0.2603,0.5363,0.3403,0.031,0.3994,0.4517,2026-06
CUST1008795,0.0873,0.526,0.5003,0.0539,0.2471,0.5648,2026-06
CUST1008796,0.2445,0.1811,0.01,0.2283,0.1604,0.1385,2026-06
CUST1008797,0.1009,0.3797,0.4562,0.2721,0.4117,0.5528999999999999,2026-06
CUST1008798,0.5798,0.5580000000000001,0.4477,0.2259,0.2682,0.279,2026-06
CUST1008799,0.4639,0.6506,0.2423,0.2303,0.266,0.3967,2026-06
CUST1008800,0.3181,0.7087,0.3947,0.2745,0.3471,0.3699,2026-06
CUST1008801,0.5635,0.378,0.4514,0.2737,0.3811,0.5776,2026-06
CUST1008802,0.3927,0.3591,0.01,0.3001,0.2179,0.0262,2026-06
CUST1008803,0.0311,0.01,0.1169,0.0598,0.5104,0.1491,2026-06
CUST1008804,0.4059,0.6012999999999999,0.2353,0.2621,0.6313,0.284,2026-06
CUST1008805,0.4576,0.6333,0.5816,0.1066,0.238,0.3263,2026-06
CUST1008806,0.454,0.4077,0.0579,0.6281,0.255,0.111,2026-06
CUST1008807,0.4526,0.392,0.46,0.1169,0.2983,0.332,2026-06
CUST1008808,0.6324,0.4313,0.4484,0.1049,0.3782,0.312,2026-06
CUST1008809,0.4628,0.3776,0.4751,0.1871,0.3984,0.3405,2026-06
CUST1008810,0.2875,0.2094,0.2585,0.5852000000000001,0.4063,0.0129,2026-06
CUST1008811,0.5534,0.4718,0.3742,0.1427,0.3847,0.7177,2026-06
CUST1008812,0.3403,0.2983,0.2735,0.1815,0.3412,0.1686,2026-06
CUST1008813,0.2726,0.3842,0.431,0.2163,0.2878,0.3936,2026-06
CUST1008814,0.2284,0.2159,0.1479,0.1211,0.3831,0.08069999999999999,2026-06
CUST1008815,0.4299,0.3154,0.3364,0.1512,0.4003,0.01,2026-06
CUST1008816,0.4451,0.4087,0.2085,0.1338,0.589,0.2732,2026-06
CUST1008817,0.3671,0.4334,0.4462,0.5063,0.3913,0.6319,2026-06
CUST1008818,0.2828,0.6062,0.2647,0.3101,0.3411,0.4232,2026-06
CUST1008819,0.3315,0.3992,0.4241,0.0863,0.3626,0.3851,2026-06
CUST1008820,0.6746,0.492,0.445,0.2331,0.384,0.6009,2026-06
CUST1008821,0.4029,0.5454,0.2754,0.1754,0.2871,0.4957,2026-06
CUST1008822,0.5375,0.5783,0.5051,0.2719,0.3545,0.44,2026-06
CUST1008823,0.21,0.4648,0.4279,0.6141,0.2359,0.6179,2026-06
CUST1008824,0.4452,0.6171,0.2712,0.1612,0.1754,0.3886,2026-06
CUST1008825,0.09080000000000001,0.2134,0.09420000000000001,0.1037,0.3151,0.3412,2026-06
CUST1008826,0.5760999999999999,0.6304999999999999,0.3884,0.1148,0.2544,0.346,2026-06
CUST1008827,0.118,0.4036,0.01,0.3171,0.1082,0.1768,2026-06
CUST1008828,0.3599,0.5587,0.4494,0.1212,0.1915,0.4208,2026-06
CUST1008829,0.2233,0.4185,0.01,0.3474,0.2391,0.1391,2026-06
CUST1008830,0.3419,0.4892,0.3619,0.1244,0.468,0.269,2026-06
CUST1008831,0.3178,0.7279,0.2968,0.1182,0.4465,0.2925,2026-06
CUST1008832,0.6274999999999999,0.5497,0.1862,0.2818,0.217,0.2954,2026-06
CUST1008833,0.0517,0.3989,0.1897,0.1901,0.3453,0.2215,2026-06
CUST1008834,0.5488,0.5381,0.284,0.1877,0.2476,0.7506,2026-06
CUST1008835,0.2461,0.3802,0.5384,0.5835,0.1541,0.4573,2026-06
CUST1008836,0.4647,0.4767,0.4909,0.2599,0.3894,0.532,2026-06
CUST1008837,0.0975,0.2881,0.0837,0.3482,0.3362,0.2038,2026-06
CUST1008838,0.3785,0.5551,0.2121,0.1237,0.3673,0.607,2026-06
CUST1008839,0.5697,0.6677,0.1689,0.1093,0.2399,0.4781,2026-06
CUST1008840,0.5808,0.5127,0.2089,0.1109,0.4553,0.3341,2026-06
CUST1008841,0.4287,0.5526,0.5051,0.1086,0.4466,0.6615,2026-06
CUST1008842,0.3094,0.3493,0.5942,0.0613,0.5993000000000001,0.4817,2026-06
CUST1008843,0.452,0.6113,0.3451,0.2514,0.3284,0.5096000000000001,2026-06
CUST1008844,0.4067,0.1173,0.1326,0.1841,0.4592,0.1396,2026-06
CUST1008845,0.2623,0.289,0.3579,0.3447,0.43,0.1772,2026-06
CUST1008846,0.455,0.7478,0.4618,0.1689,0.0949,0.2435,2026-06
CUST1008847,0.2158,0.5979,0.3657,0.0611,0.344,0.3197,2026-06
CUST1008848,0.2945,0.3629,0.099,0.1175,0.6352,0.2346,2026-06
CUST1008849,0.3099,0.5325,0.3646,0.37,0.4926,0.5524,2026-06
CUST1008850,0.064,0.4022,0.2675,0.2109,0.5941,0.3302,2026-06
CUST1008851,0.452,0.5242,0.4415,0.1957,0.2843,0.394,2026-06
CUST1008852,0.5007,0.2318,0.3462,0.6204,0.2988,0.1754,2026-06
CUST1008853,0.3706,0.5998,0.3414,0.2381,0.3059,0.5003,2026-06
CUST1008854,0.3276,0.4068,0.3079,0.1325,0.3641,0.3133,2026-06
CUST1008855,0.2083,0.5113,0.01,0.2125,0.2779,0.0828,2026-06
CUST1008856,0.4355,0.5273,0.4821,0.0576,0.2491,0.3545,2026-06
CUST1008857,0.2083,0.4831,0.0766,0.166,0.4397,0.4354,2026-06
CUST1008858,0.3675,0.4638,0.5515,0.1307,0.4008,0.3255,2026-06
CUST1008859,0.3863,0.4745,0.2644,0.3177,0.2365,0.1233,2026-06
CUST1008860,0.2074,0.4202,0.4341,0.7346,0.1408,0.2338,2026-06
CUST1008861,0.4283,0.2653,0.2416,0.5093,0.4889,0.1063,2026-06
CUST1008862,0.1999,0.4468,0.1809,0.5586,0.3203,0.3793,2026-06
CUST1008863,0.6656,0.476,0.2321,0.2348,0.2616,0.3705,2026-06
CUST1008864,0.2333,0.5921999999999999,0.3603,0.1621,0.3038,0.5394,2026-06
CUST1008865,0.3466,0.2429,0.2726,0.2395,0.3844,0.2112,2026-06
CUST1008866,0.5545,0.7185,0.1507,0.1508,0.2706,0.5516,2026-06
CUST1008867,0.527,0.399,0.3063,0.1839,0.2599,0.01,2026-06
CUST1008868,0.4256,0.3095,0.1446,0.01,0.4949,0.0882,2026-06
CUST1008869,0.6312,0.4917,0.2191,0.1649,0.1171,0.4281,2026-06
CUST1008870,0.4438,0.459,0.2703,0.3151,0.4273,0.3658,2026-06
CUST1008871,0.1817,0.0902,0.01,0.0929,0.6032999999999999,0.01,2026-06
CUST1008872,0.3199,0.5551,0.01,0.0556,0.5536,0.4701,2026-06
CUST1008873,0.0893,0.2447,0.3214,0.2371,0.2219,0.0818,2026-06
CUST1008874,0.5658,0.6781,0.4172,0.1159,0.3033,0.5047,2026-06
CUST1008875,0.1423,0.5101,0.4187,0.1792,0.3272,0.6336000000000001,2026-06
CUST1008876,0.3866,0.4083,0.3123,0.0747,0.3341,0.5101,2026-06
CUST1008877,0.3934,0.2564,0.0741,0.0332,0.4044,0.2016,2026-06
CUST1008878,0.1546,0.5216,0.5162,0.2625,0.4587,0.5296999999999999,2026-06
CUST1008879,0.3694,0.3552,0.3839,0.242,0.5103,0.4687,2026-06
CUST1008880,0.3317,0.4009,0.1487,0.1014,0.6394,0.4814,2026-06
CUST1008881,0.3831,0.5193,0.2438,0.23,0.4177,0.6846,2026-06
CUST1008882,0.5294,0.5522,0.2255,0.1609,0.1179,0.2843,2026-06
CUST1008883,0.5584,0.5305,0.5139,0.2591,0.3829,0.3813,2026-06
CUST1008884,0.5855,0.6172,0.1426,0.1676,0.0853,0.4358,2026-06
CUST1008885,0.3029,0.1159,0.2514,0.575,0.2015,0.1514,2026-06
CUST1008886,0.257,0.368,0.1892,0.267,0.5455,0.6421,2026-06
CUST1008887,0.3482,0.5196,0.1383,0.1283,0.4016,0.6585,2026-06
CUST1008888,0.5642,0.2321,0.362,0.1177,0.4297,0.1465,2026-06
CUST1008889,0.1587,0.4031,0.4072,0.1195,0.4058,0.4569,2026-06
CUST1008890,0.2179,0.2668,0.1807,0.0502,0.2689,0.1947,2026-06
CUST1008891,0.1226,0.3678,0.1925,0.2125,0.2449,0.5911,2026-06
CUST1008892,0.6497000000000001,0.342,0.1159,0.479,0.5317,0.01,2026-06
CUST1008893,0.2628,0.2723,0.3538,0.2656,0.3124,0.315,2026-06
CUST1008894,0.445,0.5625,0.1389,0.1598,0.2259,0.2593,2026-06
CUST1008895,0.2491,0.4406,0.2829,0.2866,0.2741,0.4053,2026-06
CUST1008896,0.1592,0.2595,0.1672,0.2326,0.1744,0.0885,2026-06
CUST1008897,0.2057,0.6122,0.4388,0.1007,0.4432,0.5379,2026-06
CUST1008898,0.3872,0.7045,0.511,0.2513,0.3141,0.4896,2026-06
CUST1008899,0.2918,0.4928,0.1007,0.1998,0.4642,0.4259,2026-06
CUST1008900,0.6161,0.3087,0.3459,0.2283,0.3039,0.2659,2026-06
CUST1008901,0.21,0.3471,0.4583,0.1994,0.3425,0.3075,2026-06
CUST1008902,0.4947,0.3468,0.5403,0.606,0.2154,0.1546,2026-06
CUST1008903,0.305,0.483,0.3651,0.1369,0.3798,0.5134,2026-06
CUST1008904,0.354,0.5198,0.3507,0.103,0.3584,0.3696,2026-06
CUST1008905,0.532,0.5828,0.2526,0.2134,0.1188,0.4577,2026-06
CUST1008906,0.4782,0.4761,0.3161,0.02,0.4953,0.1808,2026-06
CUST1008907,0.4533,0.4085,0.0609,0.16,0.2876,0.0533,2026-06
CUST1008908,0.3631,0.4579,0.3032,0.2354,0.5594,0.3431,2026-06
CUST1008909,0.1893,0.3188,0.3899,0.2527,0.2576,0.4406,2026-06
CUST1008910,0.2589,0.404,0.4634,0.1459,0.3811,0.345,2026-06
CUST1008911,0.4221,0.6456,0.2265,0.2507,0.2259,0.3819,2026-06
CUST1008912,0.3707,0.3793,0.5056,0.1931,0.4268,0.5687,2026-06
CUST1008913,0.4926,0.194,0.1972,0.1695,0.5239,0.1319,2026-06
CUST1008914,0.3274,0.5278,0.154,0.2036,0.1172,0.3953,2026-06
CUST1008915,0.3156,0.414,0.4471,0.0936,0.4285,0.5841,2026-06
CUST1008916,0.1688,0.2762,0.4291,0.09130000000000001,0.403,0.7056,2026-06
CUST1008917,0.1911,0.345,0.3123,0.1903,0.6208,0.2752,2026-06
CUST1008918,0.2478,0.328,0.0796,0.1428,0.1608,0.0144,2026-06
CUST1008919,0.0374,0.1317,0.01,0.0921,0.3536,0.1727,2026-06
CUST1008920,0.3303,0.6262,0.5304,0.0264,0.2906,0.5857,2026-06
CUST1008921,0.2363,0.5414,0.1633,0.1201,0.2222,0.2596,2026-06
CUST1008922,0.3277,0.4565,0.3355,0.5790999999999999,0.272,0.3526,2026-06
CUST1008923,0.3238,0.6163,0.3292,0.1396,0.2205,0.4445,2026-06
CUST1008924,0.4615,0.3714,0.2397,0.1126,0.3158,0.3225,2026-06
CUST1008925,0.5486,0.4522,0.3714,0.3064,0.3757,0.3572,2026-06
CUST1008926,0.3762,0.3659,0.0678,0.1286,0.4983,0.4751,2026-06
CUST1008927,0.3672,0.5554,0.3378,0.2558,0.2631,0.5884,2026-06
CUST1008928,0.5269,0.3399,0.1968,0.1507,0.4373,0.1378,2026-06
CUST1008929,0.4032,0.4422,0.2592,0.054,0.3562,0.4037,2026-06
CUST1008930,0.3623,0.4193,0.1193,0.2419,0.6211,0.3563,2026-06
CUST1008931,0.5262,0.3374,0.2237,0.0731,0.2259,0.0839,2026-06
CUST1008932,0.3139,0.2843,0.4463,0.2097,0.2632,0.2974,2026-06
CUST1008933,0.4721,0.4896,0.48,0.2024,0.3225,0.4069,2026-06
CUST1008934,0.3786,0.2012,0.3518,0.09569999999999999,0.3792,0.3595,2026-06
CUST1008935,0.3812,0.7479,0.1764,0.2553,0.3661,0.4032,2026-06
CUST1008936,0.2123,0.6269,0.3941,0.1015,0.4548,0.4766,2026-06
CUST1008937,0.4633,0.5965,0.3238,0.3887,0.3247,0.3093,2026-06
CUST1008938,0.3784,0.167,0.1044,0.0863,0.6083,0.3276,2026-06
CUST1008939,0.4625,0.6631,0.295,0.199,0.3811,0.3142,2026-06
CUST1008940,0.5943000000000001,0.4258,0.3435,0.1898,0.3163,0.539,2026-06
CUST1008941,0.357,0.5165,0.3504,0.2677,0.4728,0.6228,2026-06
CUST1008942,0.51,0.57,0.2845,0.169,0.3295,0.3405,2026-06
CUST1008943,0.1795,0.4512,0.2815,0.2207,0.3914,0.5778,2026-06
CUST1008944,0.3016,0.3932,0.255,0.0999,0.3471,0.1095,2026-06
CUST1008945,0.2432,0.476,0.1905,0.1083,0.334,0.3627,2026-06
CUST1008946,0.1911,0.4245,0.057,0.3233,0.2412,0.0454,2026-06
CUST1008947,0.4875,0.4468,0.3687,0.2288,0.2989,0.553,2026-06
CUST1008948,0.4034,0.4579,0.1725,0.2777,0.6031,0.3853,2026-06
CUST1008949,0.0958,0.4708,0.2324,0.2631,0.2156,0.499,2026-06
CUST1008950,0.1629,0.4675,0.4277,0.01,0.3192,0.6787,2026-06
CUST1008951,0.4873,0.4829,0.2885,0.2128,0.2572,0.5992,2026-06
CUST1008952,0.1323,0.4291,0.2674,0.1389,0.293,0.8488,2026-06
CUST1008953,0.4754,0.3626,0.5616,0.2079,0.2045,0.6279,2026-06
CUST1008954,0.5017,0.5946,0.3488,0.0901,0.2154,0.4867,2026-06
CUST1008955,0.4973,0.377,0.4095,0.1522,0.3705,0.1219,2026-06
CUST1008956,0.2304,0.1618,0.3012,0.2286,0.375,0.0843,2026-06
CUST1008957,0.491,0.3277,0.361,0.3072,0.2791,0.7493,2026-06
CUST1008958,0.3619,0.6372,0.1433,0.3101,0.2203,0.5337,2026-06
CUST1008959,0.4243,0.5609,0.0202,0.2252,0.2377,0.3759,2026-06
CUST1008960,0.5159,0.5423,0.5296,0.0672,0.4438,0.298,2026-06
CUST1008961,0.3455,0.3734,0.2047,0.1339,0.2262,0.0814,2026-06
CUST1008962,0.3349,0.3395,0.3109,0.2469,0.264,0.6267,2026-06
CUST1008963,0.5432,0.5802,0.4863,0.1647,0.4123,0.4993,2026-06
CUST1008964,0.3509,0.6439,0.0287,0.2412,0.3514,0.1202,2026-06
CUST1008965,0.3669,0.1822,0.2319,0.2518,0.2607,0.0683,2026-06
CUST1008966,0.3934,0.4909,0.0588,0.1855,0.3062,0.0253,2026-06
CUST1008967,0.4008,0.5572,0.2209,0.1103,0.3155,0.4519,2026-06
CUST1008968,0.2324,0.2841,0.4294,0.0347,0.2767,0.1097,2026-06
CUST1008969,0.1638,0.2542,0.0131,0.1677,0.5372,0.01,2026-06
CUST1008970,0.3707,0.5908,0.3571,0.2162,0.285,0.3833,2026-06
CUST1008971,0.3719,0.4977,0.0786,0.2555,0.2756,0.142,2026-06
CUST1008972,0.1876,0.4392,0.456,0.1055,0.3046,0.5455,2026-06
CUST1008973,0.5962,0.4788,0.3905,0.0501,0.308,0.329,2026-06
CUST1008974,0.2804,0.4366,0.4511,0.1169,0.3569,0.5568,2026-06
CUST1008975,0.2803,0.3567,0.2645,0.2441,0.38,0.09810000000000001,2026-06
CUST1008976,0.06759999999999999,0.4421,0.1208,0.1606,0.1315,0.1501,2026-06
CUST1008977,0.2908,0.7785,0.3198,0.2838,0.2249,0.623,2026-06
CUST1008978,0.2429,0.4294,0.4489,0.1294,0.3594,0.2547,2026-06
CUST1008979,0.4211,0.4715,0.4021,0.1762,0.2942,0.6133999999999999,2026-06
CUST1008980,0.2044,0.1218,0.3073,0.293,0.2605,0.3143,2026-06
CUST1008981,0.3273,0.6804,0.1838,0.2602,0.1432,0.5073,2026-06
CUST1008982,0.4714,0.507,0.5443,0.07829999999999999,0.3245,0.6921,2026-06
CUST1008983,0.3891,0.4597,0.333,0.1221,0.5044,0.4286,2026-06
CUST1008984,0.4797,0.4843,0.01,0.1481,0.2805,0.0417,2026-06
CUST1008985,0.2721,0.4041,0.4651,0.1521,0.41,0.7209,2026-06
CUST1008986,0.1896,0.3394,0.1796,0.2216,0.2451,0.2643,2026-06
CUST1008987,0.3287,0.3726,0.0583,0.2332,0.1647,0.2518,2026-06
CUST1008988,0.2792,0.5891999999999999,0.3092,0.1999,0.3151,0.2935,2026-06
CUST1008989,0.52,0.5525,0.483,0.1231,0.4144,0.6887,2026-06
CUST1008990,0.3092,0.2363,0.1783,0.0396,0.6902,0.08459999999999999,2026-06
CUST1008991,0.4331,0.2659,0.358,0.2412,0.3962,0.3934,2026-06
CUST1008992,0.2702,0.1339,0.1729,0.2984,0.3448,0.08989999999999999,2026-06
CUST1008993,0.544,0.7284,0.0484,0.2066,0.1891,0.3124,2026-06
CUST1008994,0.2391,0.1338,0.0649,0.0959,0.337,0.1272,2026-06
CUST1008995,0.2166,0.2741,0.3615,0.1719,0.4485,0.4319,2026-06
CUST1008996,0.3747,0.264,0.4986,0.5102,0.1698,0.5552,2026-06
CUST1008997,0.3256,0.3158,0.4846,0.1648,0.4052,0.1903,2026-06
CUST1008998,0.0858,0.153,0.0506,0.2449,0.5535,0.1725,2026-06
CUST1008999,0.4885,0.3204,0.1631,0.1471,0.4271,0.3016,2026-06
CUST1009000,0.4071,0.5318000000000001,0.3825,0.135,0.3738,0.2366,2026-06
CUST1009001,0.5254,0.7477,0.2792,0.1305,0.2388,0.4989,2026-06
CUST1009002,0.3237,0.4139,0.3581,0.1856,0.4639,0.4967,2026-06
CUST1009003,0.1279,0.4847,0.01,0.2435,0.2203,0.111,2026-06
CUST1009004,0.395,0.5185,0.3163,0.3356,0.357,0.4625,2026-06
CUST1009005,0.4434,0.6536999999999999,0.2093,0.2778,0.2476,0.3016,2026-06
CUST1009006,0.3089,0.3837,0.3273,0.5039,0.3414,0.7121,2026-06
CUST1009007,0.4189,0.6286,0.04,0.2246,0.3706,0.3288,2026-06
CUST1009008,0.2577,0.2937,0.4181,0.5647,0.3447,0.3476,2026-06
CUST1009009,0.2365,0.1112,0.3136,0.0684,0.3061,0.1769,2026-06
CUST1009010,0.5514,0.3546,0.5276,0.1177,0.4586,0.403,2026-06
CUST1009011,0.5278,0.5368000000000001,0.0814,0.1852,0.4837,0.519,2026-06
CUST1009012,0.4911,0.6449,0.1055,0.1411,0.3273,0.6385,2026-06
CUST1009013,0.4181,0.2918,0.1077,0.2,0.2633,0.3979,2026-06
CUST1009014,0.4732,0.4984,0.3555,0.1868,0.4789,0.2835,2026-06
CUST1009015,0.3267,0.5437,0.3289,0.2436,0.2618,0.4271,2026-06
CUST1009016,0.3492,0.449,0.4859,0.1975,0.3472,0.6061,2026-06
CUST1009017,0.5881,0.4278,0.4376,0.0556,0.3304,0.1809,2026-06
CUST1009018,0.3139,0.1394,0.2635,0.135,0.2355,0.3154,2026-06
CUST1009019,0.365,0.3324,0.2992,0.2078,0.5185,0.459,2026-06
CUST1009020,0.2267,0.3213,0.0315,0.0161,0.2609,0.1799,2026-06
CUST1009021,0.3958,0.5537,0.1237,0.1137,0.6841,0.2241,2026-06
CUST1009022,0.1943,0.5515,0.5883,0.3187,0.2456,0.3691,2026-06
CUST1009023,0.4015,0.2657,0.3624,0.1301,0.4829,0.2824,2026-06
CUST1009024,0.2535,0.3704,0.4575,0.4577,0.382,0.1224,2026-06
CUST1009025,0.1595,0.4566,0.1262,0.1259,0.2232,0.1987,2026-06
CUST1009026,0.2754,0.1822,0.19,0.0287,0.342,0.01,2026-06
CUST1009027,0.0192,0.1519,0.118,0.2038,0.3085,0.2433,2026-06
CUST1009028,0.09760000000000001,0.4518,0.5104,0.1355,0.2919,0.5649,2026-06
CUST1009029,0.4467,0.2669,0.0785,0.2821,0.3405,0.1345,2026-06
CUST1009030,0.542,0.1567,0.0494,0.1533,0.8052,0.2326,2026-06
CUST1009031,0.3252,0.5731000000000001,0.1481,0.135,0.269,0.4007,2026-06
CUST1009032,0.5707,0.5051,0.5211,0.178,0.4376,0.3461,2026-06
CUST1009033,0.1855,0.4071,0.5127,0.2499,0.0538,0.5893,2026-06
CUST1009034,0.1824,0.3581,0.3045,0.204,0.2698,0.0961,2026-06
CUST1009035,0.3199,0.3766,0.5325,0.1176,0.5073,0.7326,2026-06
CUST1009036,0.4939,0.191,0.3436,0.1701,0.6569,0.0626,2026-06
CUST1009037,0.2631,0.222,0.3652,0.2199,0.315,0.5646,2026-06
CUST1009038,0.3411,0.3226,0.3293,0.12,0.4187,0.1314,2026-06
CUST1009039,0.2643,0.4493,0.4544,0.1047,0.4035,0.3146,2026-06
CUST1009040,0.2769,0.5816,0.2453,0.2221,0.5226,0.6536999999999999,2026-06
CUST1009041,0.5239,0.6505,0.5034999999999999,0.2586,0.395,0.6195000000000001,2026-06
CUST1009042,0.4685,0.3585,0.1284,0.126,0.38,0.2849,2026-06
CUST1009043,0.3524,0.5555,0.4065,0.279,0.5682,0.3273,2026-06
CUST1009044,0.3606,0.4436,0.4238,0.1772,0.3952,0.5573,2026-06
CUST1009045,0.4861,0.4919,0.325,0.1276,0.4466,0.445,2026-06
CUST1009046,0.4067,0.3807,0.6027,0.1095,0.4272,0.372,2026-06
CUST1009047,0.3471,0.376,0.4421,0.0171,0.1843,0.3733,2026-06
CUST1009048,0.3239,0.6802,0.3264,0.2254,0.3977,0.3883,2026-06
CUST1009049,0.4403,0.4685,0.2875,0.1406,0.1678,0.4401,2026-06
CUST1009050,0.4382,0.2154,0.3547,0.1436,0.4402,0.2748,2026-06
CUST1009051,0.5033,0.3535,0.4116,0.1174,0.4061,0.3302,2026-06
CUST1009052,0.2883,0.762,0.2282,0.0422,0.2528,0.3153,2026-06
CUST1009053,0.5249,0.2221,0.0887,0.3693,0.5574,0.08599999999999999,2026-06
CUST1009054,0.6222,0.5569,0.3138,0.0538,0.1851,0.4969,2026-06
CUST1009055,0.2944,0.4235,0.1612,0.2117,0.5366,0.3571,2026-06
CUST1009056,0.2872,0.2815,0.465,0.2993,0.4006,0.5479000000000001,2026-06
CUST1009057,0.1896,0.1254,0.1816,0.2479,0.6137,0.2243,2026-06
CUST1009058,0.4681,0.5028,0.476,0.2139,0.4613,0.4723,2026-06
CUST1009059,0.5337,0.5528,0.4291,0.062,0.3669,0.4043,2026-06
CUST1009060,0.4679,0.6343,0.1237,0.2645,0.3356,0.427,2026-06
CUST1009061,0.5543,0.4348,0.4605,0.1943,0.3944,0.5175,2026-06
CUST1009062,0.2286,0.6829,0.3857,0.1691,0.2543,0.4016,2026-06
CUST1009063,0.2183,0.6762,0.3709,0.1912,0.273,0.2486,2026-06
CUST1009064,0.1045,0.3496,0.2356,0.2116,0.3099,0.01,2026-06
CUST1009065,0.1966,0.4976,0.3115,0.175,0.1852,0.668,2026-06
CUST1009066,0.286,0.618,0.0747,0.3086,0.3915,0.4951,2026-06
CUST1009067,0.5216,0.6622,0.5679,0.1173,0.3004,0.481,2026-06
CUST1009068,0.114,0.2928,0.01,0.2206,0.3548,0.1088,2026-06
CUST1009069,0.2518,0.2846,0.5429,0.1639,0.2977,0.4714,2026-06
CUST1009070,0.4707,0.477,0.1602,0.2484,0.2572,0.1223,2026-06
CUST1009071,0.2597,0.6052,0.2568,0.1691,0.6081,0.4332,2026-06
CUST1009072,0.418,0.5889,0.1534,0.0824,0.2191,0.3602,2026-06
CUST1009073,0.3747,0.4291,0.2742,0.1029,0.7335,0.4488,2026-06
CUST1009074,0.0461,0.4175,0.502,0.1011,0.2933,0.5833,2026-06
CUST1009075,0.2624,0.4375,0.3716,0.1543,0.2411,0.486,2026-06
CUST1009076,0.4223,0.3441,0.4176,0.1934,0.1685,0.5018,2026-06
CUST1009077,0.5354,0.6613,0.3566,0.07779999999999999,0.2859,0.2661,2026-06
CUST1009078,0.4474,0.5572,0.1848,0.2807,0.2729,0.4365,2026-06
CUST1009079,0.4016,0.3488,0.5295,0.6304,0.3869,0.3012,2026-06
CUST1009080,0.2834,0.4157,0.01,0.2,0.2589,0.2658,2026-06
CUST1009081,0.481,0.4122,0.3745,0.1496,0.2899,0.3175,2026-06
CUST1009082,0.2838,0.5669,0.3384,0.1656,0.2895,0.4919,2026-06
CUST1009083,0.715,0.4819,0.3302,0.2433,0.3718,0.2574,2026-06
CUST1009084,0.5536,0.5928,0.3212,0.1361,0.3116,0.4592,2026-06
CUST1009085,0.3305,0.6545,0.2017,0.2272,0.2348,0.3915,2026-06
CUST1009086,0.288,0.401,0.4183,0.1302,0.2844,0.6251,2026-06
CUST1009087,0.1589,0.4515,0.4981,0.0665,0.3678,0.2676,2026-06
CUST1009088,0.5367,0.6486,0.4725,0.1313,0.4035,0.5956,2026-06
CUST1009089,0.1646,0.3817,0.2833,0.1998,0.1553,0.3174,2026-06
CUST1009090,0.2926,0.3208,0.2608,0.2813,0.4109,0.4064,2026-06
CUST1009091,0.4301,0.4052,0.0978,0.2635,0.3471,0.1244,2026-06
CUST1009092,0.3044,0.4202,0.5009,0.1738,0.2947,0.4591,2026-06
CUST1009093,0.3513,0.5435,0.5599,0.0784,0.3665,0.7181,2026-06
CUST1009094,0.08359999999999999,0.3532,0.0194,0.3777,0.3965,0.1168,2026-06
CUST1009095,0.3334,0.6681,0.3618,0.0226,0.1912,0.3845,2026-06
CUST1009096,0.2324,0.5719,0.2044,0.2248,0.2441,0.5224,2026-06
CUST1009097,0.5269,0.5639,0.439,0.2358,0.3949,0.4868,2026-06
CUST1009098,0.5232,0.3035,0.5849,0.1009,0.2649,0.2661,2026-06
CUST1009099,0.2909,0.3222,0.5036,0.1865,0.2907,0.3403,2026-06
CUST1009100,0.1131,0.5221,0.09859999999999999,0.3701,0.5861,0.3029,2026-06
CUST1009101,0.5799,0.8241000000000001,0.4441,0.1802,0.1789,0.5385,2026-06
CUST1009102,0.2711,0.3934,0.293,0.2207,0.36,0.6243,2026-06
CUST1009103,0.15,0.4439,0.2658,0.1302,0.4164,0.5456,2026-06
CUST1009104,0.4581,0.4212,0.01,0.3266,0.1661,0.1445,2026-06
CUST1009105,0.1158,0.525,0.0258,0.1953,0.0926,0.054,2026-06
CUST1009106,0.5356,0.5227000000000001,0.4569,0.1168,0.3839,0.2047,2026-06
CUST1009107,0.5688,0.2812,0.2706,0.2283,0.3286,0.2026,2026-06
CUST1009108,0.59,0.5024999999999999,0.5173,0.1766,0.4997,0.3902,2026-06
CUST1009109,0.5311,0.4887,0.2805,0.2008,0.505,0.5215,2026-06
CUST1009110,0.4717,0.4226,0.01,0.1878,0.4149,0.0929,2026-06
CUST1009111,0.4401,0.5495,0.5834,0.1006,0.3491,0.5338000000000001,2026-06
CUST1009112,0.4052,0.5841,0.3012,0.1027,0.2713,0.2938,2026-06
CUST1009113,0.6334,0.5013,0.1855,0.2405,0.2947,0.3434,2026-06
CUST1009114,0.1849,0.2711,0.3077,0.01,0.4022,0.1602,2026-06
CUST1009115,0.09080000000000001,0.3069,0.3118,0.2554,0.2329,0.1674,2026-06
CUST1009116,0.5208,0.3464,0.2526,0.3457,0.2313,0.0451,2026-06
CUST1009117,0.1729,0.5648,0.4729,0.0891,0.3322,0.3718,2026-06
CUST1009118,0.3223,0.4406,0.5354,0.172,0.2424,0.5161,2026-06
CUST1009119,0.2679,0.4694,0.5089,0.1678,0.3278,0.4926,2026-06
CUST1009120,0.5242,0.4838,0.2315,0.1937,0.2357,0.4475,2026-06
CUST1009121,0.2363,0.1243,0.3226,0.6279,0.2984,0.01,2026-06
CUST1009122,0.194,0.5072,0.1269,0.5639,0.3305,0.3899,2026-06
CUST1009123,0.5551,0.3251,0.2643,0.1401,0.3813,0.4165,2026-06
CUST1009124,0.5279,0.6715,0.4645,0.117,0.4929,0.3767,2026-06
CUST1009125,0.1922,0.402,0.1752,0.2358,0.4587,0.1274,2026-06
CUST1009126,0.2249,0.2148,0.01,0.1385,0.276,0.4157,2026-06
CUST1009127,0.405,0.3628,0.3691,0.0358,0.2893,0.5405,2026-06
CUST1009128,0.2745,0.3059,0.0569,0.2161,0.2774,0.1778,2026-06
CUST1009129,0.312,0.4165,0.3971,0.0741,0.2732,0.4506,2026-06
CUST1009130,0.2137,0.3158,0.4518,0.2479,0.3289,0.3954,2026-06
CUST1009131,0.2673,0.3462,0.3283,0.2512,0.3673,0.15,2026-06
CUST1009132,0.325,0.4379,0.0314,0.172,0.216,0.1347,2026-06
CUST1009133,0.3789,0.3218,0.115,0.1891,0.2729,0.5705,2026-06
CUST1009134,0.1745,0.6421,0.01,0.1209,0.1629,0.3538,2026-06
CUST1009135,0.6785,0.4987,0.2291,0.0522,0.4936,0.424,2026-06
CUST1009136,0.2013,0.1168,0.1975,0.1884,0.3576,0.2747,2026-06
CUST1009137,0.2679,0.3944,0.4001,0.1356,0.2141,0.2022,2026-06
CUST1009138,0.43,0.3263,0.01,0.3203,0.6245000000000001,0.138,2026-06
CUST1009139,0.1256,0.5227000000000001,0.2012,0.1803,0.4522,0.4552,2026-06
CUST1009140,0.4526,0.4101,0.4159,0.147,0.448,0.3153,2026-06
CUST1009141,0.5667,0.5955,0.3165,0.2322,0.3337,0.3096,2026-06
CUST1009142,0.3897,0.4975,0.1332,0.1325,0.3275,0.5677,2026-06
CUST1009143,0.5217000000000001,0.7186,0.2819,0.1543,0.2863,0.4731,2026-06
CUST1009144,0.4353,0.7371,0.0977,0.1824,0.234,0.3607,2026-06
CUST1009145,0.3715,0.2576,0.2518,0.1447,0.3354,0.01,2026-06
CUST1009146,0.3769,0.6288,0.1124,0.2311,0.2044,0.3611,2026-06
CUST1009147,0.2891,0.4652,0.5692,0.2384,0.3482,0.4245,2026-06
CUST1009148,0.286,0.4511,0.5598,0.1024,0.4723,0.4142,2026-06
CUST1009149,0.109,0.259,0.355,0.02,0.3207,0.1141,2026-06
CUST1009150,0.4075,0.5898,0.2805,0.2214,0.4103,0.4277,2026-06
CUST1009151,0.1661,0.5945,0.2641,0.3179,0.1386,0.4113,2026-06
CUST1009152,0.2551,0.3745,0.0993,0.2196,0.5623,0.2736,2026-06
CUST1009153,0.3652,0.1605,0.2251,0.2474,0.2654,0.1282,2026-06
CUST1009154,0.4528,0.6727,0.4812,0.1671,0.2541,0.5241,2026-06
CUST1009155,0.2381,0.266,0.01,0.1951,0.3399,0.0226,2026-06
CUST1009156,0.2385,0.5102,0.2688,0.0732,0.3537,0.2305,2026-06
CUST1009157,0.5862000000000001,0.5198,0.5809,0.2135,0.3887,0.4385,2026-06
CUST1009158,0.4028,0.4348,0.2643,0.6183999999999999,0.1846,0.093,2026-06
CUST1009159,0.3923,0.4138,0.3469,0.1399,0.5228,0.6534,2026-06
CUST1009160,0.473,0.344,0.1662,0.2415,0.3167,0.1231,2026-06
CUST1009161,0.2467,0.388,0.01,0.3337,0.2594,0.1769,2026-06
CUST1009162,0.4839,0.5774,0.1295,0.4394,0.3676,0.3948,2026-06
CUST1009163,0.6347,0.3729,0.0987,0.282,0.1587,0.075,2026-06
CUST1009164,0.4428,0.5439000000000001,0.2898,0.1143,0.2518,0.4403,2026-06
CUST1009165,0.3101,0.4873,0.1274,0.3302,0.3194,0.1116,2026-06
CUST1009166,0.3974,0.4176,0.1013,0.1812,0.2215,0.5475,2026-06
CUST1009167,0.3556,0.5762,0.3881,0.1525,0.4142,0.727,2026-06
CUST1009168,0.2948,0.3542,0.3976,0.2459,0.2043,0.01,2026-06
CUST1009169,0.149,0.7691,0.5806,0.2646,0.2082,0.5874,2026-06
CUST1009170,0.193,0.2612,0.2416,0.2847,0.2265,0.0992,2026-06
CUST1009171,0.548,0.7383,0.0852,0.3188,0.3359,0.4741,2026-06
CUST1009172,0.3968,0.1098,0.2326,0.1941,0.4521,0.1791,2026-06
CUST1009173,0.3134,0.4596,0.1813,0.1672,0.3087,0.4521,2026-06
CUST1009174,0.1859,0.4328,0.4586,0.1878,0.2217,0.5306,2026-06
CUST1009175,0.5482,0.3516,0.3721,0.0975,0.309,0.625,2026-06
CUST1009176,0.4478,0.5377999999999999,0.4361,0.1422,0.3828,0.5066000000000001,2026-06
CUST1009177,0.3524,0.586,0.0154,0.2756,0.2652,0.1911,2026-06
CUST1009178,0.2725,0.4399,0.5682,0.2212,0.2801,0.494,2026-06
CUST1009179,0.5478,0.43,0.4963,0.1936,0.3117,0.3516,2026-06
CUST1009180,0.3471,0.506,0.2996,0.2112,0.3631,0.3101,2026-06
CUST1009181,0.0299,0.4286,0.2123,0.2315,0.5598,0.2759,2026-06
CUST1009182,0.3911,0.4988,0.3848,0.549,0.3095,0.4188,2026-06
CUST1009183,0.1223,0.2683,0.3385,0.1392,0.3043,0.3227,2026-06
CUST1009184,0.3761,0.6882,0.2262,0.2978,0.3495,0.3101,2026-06
CUST1009185,0.3843,0.5169,0.4701,0.017,0.4697,0.5321,2026-06
CUST1009186,0.2658,0.2247,0.4875,0.0877,0.4459,0.3463,2026-06
CUST1009187,0.421,0.7421,0.3221,0.135,0.4342,0.5663,2026-06
CUST1009188,0.2907,0.5185999999999999,0.5957,0.3591,0.5102,0.4666,2026-06
CUST1009189,0.5238,0.3921,0.4745,0.2572,0.6152,0.3689,2026-06
CUST1009190,0.2229,0.2213,0.5734,0.1377,0.3151,0.5571,2026-06
CUST1009191,0.2602,0.668,0.0422,0.5213,0.1487,0.3455,2026-06
CUST1009192,0.3721,0.4054,0.5528999999999999,0.1381,0.3208,0.4232,2026-06
CUST1009193,0.2239,0.3644,0.2816,0.2074,0.2818,0.6595,2026-06
CUST1009194,0.253,0.7266,0.2615,0.2303,0.2358,0.4142,2026-06
CUST1009195,0.439,0.5227000000000001,0.4037,0.21,0.4802,0.5214,2026-06
CUST1009196,0.3426,0.7739,0.3394,0.01,0.4128,0.5702,2026-06
CUST1009197,0.2303,0.4055,0.34,0.1318,0.343,0.4332,2026-06
CUST1009198,0.2996,0.4555,0.262,0.1095,0.3346,0.4511,2026-06
CUST1009199,0.5568,0.3668,0.4083,0.1771,0.3382,0.3471,2026-06
CUST1009200,0.3378,0.3276,0.5984,0.5397,0.3325,0.6696,2026-06
CUST1009201,0.4978,0.5283,0.585,0.2322,0.4115,0.6907,2026-06
CUST1009202,0.2674,0.4417,0.5506,0.2876,0.4741,0.7379,2026-06
CUST1009203,0.5127,0.4074,0.3971,0.2544,0.4156,0.3326,2026-06
CUST1009204,0.1479,0.3999,0.1561,0.1671,0.3444,0.347,2026-06
CUST1009205,0.3153,0.4719,0.527,0.2265,0.3645,0.3023,2026-06
CUST1009206,0.1249,0.533,0.3407,0.2174,0.3264,0.304,2026-06
CUST1009207,0.292,0.3642,0.5889,0.1998,0.294,0.4079,2026-06
CUST1009208,0.3745,0.1721,0.2644,0.0609,0.5101,0.2685,2026-06
CUST1009209,0.2914,0.618,0.4229,0.147,0.4132,0.6077,2026-06
CUST1009210,0.4743,0.441,0.3426,0.2348,0.3211,0.5361,2026-06
CUST1009211,0.5168,0.5688,0.1499,0.0166,0.2275,0.0183,2026-06
CUST1009212,0.3374,0.5067,0.2721,0.0588,0.3627,0.493,2026-06
CUST1009213,0.5211,0.528,0.1691,0.297,0.1872,0.2669,2026-06
CUST1009214,0.338,0.478,0.3205,0.0987,0.3754,0.4014,2026-06
CUST1009215,0.3031,0.3329,0.0307,0.2874,0.4332,0.3445,2026-06
CUST1009216,0.355,0.5102,0.3426,0.5778,0.1816,0.2744,2026-06
CUST1009217,0.5215,0.5285,0.06809999999999999,0.1843,0.1813,0.4085,2026-06
CUST1009218,0.208,0.5961,0.3813,0.547,0.0799,0.2632,2026-06
CUST1009219,0.4135,0.2149,0.3173,0.1401,0.429,0.0916,2026-06
CUST1009220,0.4764,0.3958,0.4807,0.1805,0.2312,0.5024,2026-06
CUST1009221,0.4424,0.521,0.5216,0.3161,0.3591,0.3176,2026-06
CUST1009222,0.3024,0.4649,0.4381,0.1393,0.3642,0.3451,2026-06
CUST1009223,0.2833,0.6919,0.6532,0.0612,0.3125,0.5301,2026-06
CUST1009224,0.4528,0.6022999999999999,0.3471,0.156,0.2881,0.6082,2026-06
CUST1009225,0.3481,0.3893,0.4242,0.2564,0.4448,0.3849,2026-06
CUST1009226,0.4115,0.4064,0.351,0.2683,0.3722,0.3003,2026-06
CUST1009227,0.2706,0.2358,0.251,0.1817,0.4583,0.1736,2026-06
CUST1009228,0.2158,0.392,0.2233,0.0602,0.3164,0.2827,2026-06
CUST1009229,0.3298,0.5665,0.3955,0.1773,0.4202,0.4229,2026-06
CUST1009230,0.1598,0.4969,0.1182,0.2432,0.2957,0.3882,2026-06
CUST1009231,0.3337,0.5577,0.1105,0.1502,0.2031,0.3266,2026-06
CUST1009232,0.4948,0.4281,0.224,0.1231,0.5476,0.4334,2026-06
CUST1009233,0.4577,0.6135,0.4307,0.1969,0.3451,0.4155,2026-06
CUST1009234,0.5641,0.4443,0.2417,0.6552,0.0857,0.3654,2026-06
CUST1009235,0.4114,0.477,0.4785,0.1466,0.4507,0.3686,2026-06
CUST1009236,0.2733,0.6718,0.3175,0.1443,0.1326,0.3384,2026-06
CUST1009237,0.4414,0.8044,0.2378,0.2148,0.3069,0.4568,2026-06
CUST1009238,0.6352,0.3667,0.488,0.2663,0.2536,0.2604,2026-06
CUST1009239,0.2232,0.4532,0.2438,0.2676,0.1903,0.3698,2026-06
CUST1009240,0.5223,0.5926,0.0369,0.178,0.4042,0.4336,2026-06
CUST1009241,0.3368,0.4893,0.4675,0.1831,0.4585,0.7323,2026-06
CUST1009242,0.1517,0.1073,0.2776,0.0447,0.5602,0.1136,2026-06
CUST1009243,0.3487,0.6365,0.4907,0.1951,0.405,0.5419,2026-06
CUST1009244,0.4946,0.4699,0.5253,0.146,0.4111,0.4175,2026-06
CUST1009245,0.4313,0.3776,0.4102,0.1374,0.342,0.5934,2026-06
CUST1009246,0.5281,0.4789,0.457,0.121,0.3984,0.3403,2026-06
CUST1009247,0.4648,0.4358,0.4746,0.2559,0.3328,0.3734,2026-06
CUST1009248,0.6085,0.2705,0.1608,0.1661,0.5217000000000001,0.0731,2026-06
CUST1009249,0.3036,0.1869,0.01,0.0687,0.352,0.3438,2026-06
CUST1009250,0.4081,0.4352,0.4068,0.1377,0.4307,0.421,2026-06
CUST1009251,0.3905,0.3518,0.3704,0.2501,0.424,0.3,2026-06
CUST1009252,0.4701,0.2215,0.3389,0.1582,0.3081,0.504,2026-06
CUST1009253,0.318,0.3919,0.4389,0.2323,0.4454,0.4325,2026-06
CUST1009254,0.4122,0.4755,0.2916,0.2041,0.4623,0.5119,2026-06
CUST1009255,0.2065,0.3219,0.0523,0.1196,0.5107,0.5125999999999999,2026-06
CUST1009256,0.2483,0.2441,0.1946,0.359,0.5916,0.0331,2026-06
CUST1009257,0.2474,0.5721000000000001,0.3035,0.0576,0.1944,0.5748,2026-06
CUST1009258,0.0837,0.1345,0.01,0.2301,0.2671,0.2877,2026-06
CUST1009259,0.5051,0.1948,0.1679,0.01,0.2774,0.2885,2026-06
CUST1009260,0.4158,0.5963000000000001,0.1916,0.1907,0.1631,0.5057,2026-06
CUST1009261,0.3152,0.2812,0.1954,0.1201,0.4579,0.1824,2026-06
CUST1009262,0.3378,0.5548999999999999,0.2622,0.1338,0.18,0.5019,2026-06
CUST1009263,0.3052,0.5939,0.2985,0.133,0.2072,0.5227000000000001,2026-06
CUST1009264,0.5685,0.5727,0.3685,0.1342,0.4247,0.4826,2026-06
CUST1009265,0.4453,0.779,0.13,0.1724,0.2273,0.3565,2026-06
CUST1009266,0.4676,0.505,0.3971,0.2817,0.3844,0.4071,2026-06
CUST1009267,0.2731,0.2842,0.3048,0.2072,0.6681,0.323,2026-06
CUST1009268,0.3454,0.3218,0.2848,0.1794,0.4201,0.2013,2026-06
CUST1009269,0.1258,0.3307,0.1354,0.1695,0.3669,0.4133,2026-06
CUST1009270,0.3159,0.656,0.4375,0.1462,0.2733,0.399,2026-06
CUST1009271,0.2765,0.4375,0.5688,0.118,0.4167,0.4646,2026-06
CUST1009272,0.2486,0.4149,0.4301,0.23,0.3103,0.5414,2026-06
CUST1009273,0.4557,0.5322,0.6186,0.2269,0.4278,0.4005,2026-06
CUST1009274,0.0994,0.726,0.2402,0.1311,0.6135,0.469,2026-06
CUST1009275,0.2136,0.2096,0.0772,0.1085,0.3225,0.0712,2026-06
CUST1009276,0.4253,0.4888,0.1822,0.08400000000000001,0.4668,0.4737,2026-06
CUST1009277,0.3114,0.3371,0.3006,0.1459,0.4671,0.1694,2026-06
CUST1009278,0.481,0.2321,0.1546,0.2251,0.4519,0.2618,2026-06
CUST1009279,0.2271,0.3461,0.4265,0.6238,0.2867,0.6289,2026-06
CUST1009280,0.3698,0.44,0.5219,0.1975,0.1474,0.5086000000000001,2026-06
CUST1009281,0.4112,0.4979,0.421,0.1405,0.4408,0.3233,2026-06
CUST1009282,0.3602,0.4042,0.1976,0.2026,0.2365,0.613,2026-06
CUST1009283,0.5204,0.608,0.4091,0.0602,0.3443,0.6001,2026-06
CUST1009284,0.4169,0.7788,0.4467,0.01,0.3362,0.3606,2026-06
CUST1009285,0.5944,0.5394,0.3524,0.1463,0.5185999999999999,0.6018,2026-06
CUST1009286,0.5324,0.2543,0.3566,0.1773,0.3307,0.2511,2026-06
CUST1009287,0.5521,0.3119,0.3304,0.0956,0.3547,0.0936,2026-06
CUST1009288,0.5775,0.7536,0.5121,0.1832,0.3267,0.4524,2026-06
CUST1009289,0.579,0.5111,0.1279,0.2362,0.4077,0.1387,2026-06
CUST1009290,0.5341,0.4484,0.3318,0.1595,0.6911,0.3394,2026-06
CUST1009291,0.1916,0.7028,0.4785,0.0711,0.3601,0.3179,2026-06
CUST1009292,0.4045,0.3407,0.5249,0.0989,0.2043,0.6381,2026-06
CUST1009293,0.24,0.6738,0.3642,0.1262,0.3283,0.2727,2026-06
CUST1009294,0.3137,0.2569,0.1373,0.2174,0.45,0.1906,2026-06
CUST1009295,0.5681,0.4423,0.6558,0.2515,0.2162,0.297,2026-06
CUST1009296,0.2274,0.1173,0.0472,0.1462,0.4449,0.0738,2026-06
CUST1009297,0.1859,0.3204,0.347,0.2024,0.2762,0.3181,2026-06
CUST1009298,0.5533,0.5442,0.2891,0.0381,0.2791,0.08749999999999999,2026-06
CUST1009299,0.4142,0.3289,0.5181,0.1683,0.3447,0.6803,2026-06
CUST1009300,0.3932,0.5768,0.5532,0.1094,0.3249,0.3537,2026-06
CUST1009301,0.3783,0.5703,0.3282,0.1418,0.3778,0.4737,2026-06
CUST1009302,0.3975,0.5864,0.4094,0.1624,0.3825,0.6417,2026-06
CUST1009303,0.3853,0.5792,0.3991,0.1282,0.2064,0.4976,2026-06
CUST1009304,0.3926,0.4572,0.4181,0.2278,0.3053,0.5644,2026-06
CUST1009305,0.1292,0.4547,0.4601,0.2102,0.469,0.3847,2026-06
CUST1009306,0.453,0.3733,0.3592,0.0897,0.526,0.4379,2026-06
CUST1009307,0.4951,0.3824,0.3996,0.2492,0.5694,0.4383,2026-06
CUST1009308,0.3427,0.7593,0.2484,0.2379,0.5373,0.3021,2026-06
CUST1009309,0.2885,0.6906,0.2867,0.308,0.2255,0.3406,2026-06
CUST1009310,0.248,0.4913,0.3748,0.1622,0.3146,0.3846,2026-06
CUST1009311,0.3552,0.5128,0.4697,0.1325,0.3051,0.5404,2026-06
CUST1009312,0.534,0.675,0.3246,0.1121,0.3484,0.7168,2026-06
CUST1009313,0.3679,0.4189,0.01,0.2665,0.07290000000000001,0.2747,2026-06
CUST1009314,0.3558,0.1723,0.1372,0.2647,0.5484,0.2917,2026-06
CUST1009315,0.483,0.5856,0.1129,0.7295,0.2642,0.3073,2026-06
CUST1009316,0.4503,0.5914,0.5124,0.2684,0.3514,0.4984,2026-06
CUST1009317,0.2031,0.109,0.3265,0.2196,0.3359,0.3257,2026-06
CUST1009318,0.2127,0.1895,0.3656,0.15,0.3779,0.067,2026-06
CUST1009319,0.2822,0.4097,0.5353,0.2107,0.4361,0.5118,2026-06
CUST1009320,0.4655,0.474,0.3169,0.2215,0.5082,0.3264,2026-06
CUST1009321,0.2309,0.4915,0.4862,0.283,0.3935,0.2491,2026-06
CUST1009322,0.3058,0.6715,0.1702,0.3077,0.2396,0.6011,2026-06
CUST1009323,0.1502,0.5921,0.286,0.0982,0.3331,0.3445,2026-06
CUST1009324,0.4207,0.436,0.4603,0.0419,0.52,0.2299,2026-06
CUST1009325,0.2749,0.3996,0.01,0.1953,0.3213,0.01,2026-06
CUST1009326,0.3439,0.124,0.2968,0.3025,0.4166,0.2112,2026-06
CUST1009327,0.2281,0.4971,0.1173,0.1171,0.4527,0.5125999999999999,2026-06
CUST1009328,0.4302,0.2991,0.2926,0.1639,0.4308,0.1654,2026-06
CUST1009329,0.2715,0.3537,0.435,0.1141,0.396,0.462,2026-06
CUST1009330,0.3256,0.3701,0.3695,0.1857,0.3399,0.4486,2026-06
CUST1009331,0.4996,0.4806,0.6217,0.2058,0.3748,0.7554999999999999,2026-06
CUST1009332,0.3725,0.4269,0.01,0.6612,0.1831,0.2098,2026-06
CUST1009333,0.3223,0.1082,0.3823,0.1414,0.4983,0.2216,2026-06
CUST1009334,0.4097,0.5255,0.1544,0.0179,0.6075,0.5286999999999999,2026-06
CUST1009335,0.2221,0.5368000000000001,0.2689,0.1879,0.3203,0.3047,2026-06
CUST1009336,0.3508,0.5849,0.3311,0.1446,0.3311,0.3674,2026-06
CUST1009337,0.2327,0.3615,0.3307,0.1894,0.3689,0.446,2026-06
CUST1009338,0.4915,0.4016,0.1502,0.2033,0.1776,0.1843,2026-06
CUST1009339,0.3111,0.6128,0.2637,0.208,0.3359,0.4547,2026-06
CUST1009340,0.3398,0.4906,0.2872,0.0221,0.3583,0.3564,2026-06
CUST1009341,0.1857,0.6401,0.1809,0.1649,0.2689,0.5217000000000001,2026-06
CUST1009342,0.4387,0.1805,0.2515,0.22,0.4894,0.0626,2026-06
CUST1009343,0.523,0.5613,0.3692,0.1415,0.4328,0.4057,2026-06
CUST1009344,0.4757,0.3656,0.2324,0.2448,0.5837,0.01,2026-06
CUST1009345,0.3988,0.3687,0.2477,0.0843,0.441,0.5296999999999999,2026-06
CUST1009346,0.4192,0.3912,0.4216,0.1024,0.3242,0.4196,2026-06
CUST1009347,0.2941,0.3989,0.2007,0.2264,0.4511,0.387,2026-06
CUST1009348,0.2034,0.1078,0.2097,0.2292,0.2621,0.01,2026-06
CUST1009349,0.0497,0.2456,0.2537,0.1161,0.5511,0.3157,2026-06
CUST1009350,0.5342,0.412,0.2972,0.0658,0.4497,0.7105,2026-06
CUST1009351,0.09329999999999999,0.3711,0.3692,0.2004,0.4881,0.6335,2026-06
CUST1009352,0.183,0.2981,0.282,0.1829,0.2972,0.5964,2026-06
CUST1009353,0.5011,0.2963,0.1938,0.4933,0.341,0.5842000000000001,2026-06
CUST1009354,0.5824,0.4926,0.4958,0.1837,0.3535,0.4572,2026-06
CUST1009355,0.5746,0.5241,0.3085,0.1887,0.5103,0.3957,2026-06
CUST1009356,0.2086,0.644,0.2209,0.1542,0.2365,0.409,2026-06
CUST1009357,0.442,0.7834,0.2023,0.1495,0.1909,0.5086000000000001,2026-06
CUST1009358,0.5636,0.5441,0.5485,0.0892,0.3867,0.3847,2026-06
CUST1009359,0.4,0.3058,0.4114,0.1336,0.4053,0.5439000000000001,2026-06
CUST1009360,0.5213,0.4425,0.5732,0.2581,0.2891,0.5124,2026-06
CUST1009361,0.4708,0.4165,0.4746,0.186,0.3776,0.5942,2026-06
CUST1009362,0.5171,0.5483,0.3945,0.0474,0.5071,0.5021,2026-06
CUST1009363,0.0759,0.4739,0.14,0.2667,0.3378,0.2854,2026-06
CUST1009364,0.4088,0.3485,0.4843,0.01,0.2856,0.7437,2026-06
CUST1009365,0.4117,0.0765,0.2963,0.1441,0.552,0.2596,2026-06
CUST1009366,0.2435,0.4723,0.0969,0.2058,0.3866,0.3881,2026-06
CUST1009367,0.4176,0.2193,0.2767,0.3411,0.506,0.1102,2026-06
CUST1009368,0.4841,0.3096,0.1505,0.2168,0.3334,0.282,2026-06
CUST1009369,0.2534,0.6321,0.2902,0.2982,0.3101,0.3436,2026-06
CUST1009370,0.3358,0.4882,0.3159,0.0395,0.4454,0.4872,2026-06
CUST1009371,0.5006,0.3609,0.492,0.1764,0.3322,0.6695,2026-06
CUST1009372,0.3494,0.2436,0.3473,0.7010999999999999,0.3863,0.1714,2026-06
CUST1009373,0.3336,0.1031,0.274,0.2564,0.233,0.215,2026-06
CUST1009374,0.4039,0.7383999999999999,0.4583,0.1689,0.1727,0.3583,2026-06
CUST1009375,0.3148,0.1815,0.2655,0.2024,0.3092,0.01,2026-06
CUST1009376,0.3682,0.2513,0.2483,0.1341,0.4258,0.1846,2026-06
CUST1009377,0.6643,0.3752,0.444,0.5921,0.2787,0.3294,2026-06
CUST1009378,0.1913,0.1339,0.2982,0.5113,0.2917,0.2633,2026-06
CUST1009379,0.2318,0.3679,0.0428,0.2662,0.1037,0.0832,2026-06
CUST1009380,0.4555,0.3848,0.396,0.2171,0.3749,0.771,2026-06
CUST1009381,0.2529,0.3247,0.3247,0.12,0.3264,0.4811,2026-06
CUST1009382,0.4222,0.3745,0.3876,0.2248,0.2909,0.3541,2026-06
CUST1009383,0.3219,0.4175,0.4774,0.263,0.2957,0.4737,2026-06
CUST1009384,0.5212,0.3301,0.3905,0.1219,0.5292,0.1035,2026-06
CUST1009385,0.2748,0.1795,0.2864,0.1826,0.2349,0.2011,2026-06
CUST1009386,0.2573,0.2843,0.3295,0.0866,0.3734,0.2476,2026-06
CUST1009387,0.1639,0.4387,0.457,0.1329,0.4017,0.72,2026-06
CUST1009388,0.2144,0.1661,0.3391,0.1655,0.3213,0.1398,2026-06
CUST1009389,0.5580000000000001,0.7732,0.3952,0.1485,0.1952,0.4874,2026-06
CUST1009390,0.2786,0.5871,0.4409,0.1221,0.3855,0.6224,2026-06
CUST1009391,0.0959,0.4676,0.1657,0.1542,0.2333,0.5271,2026-06
CUST1009392,0.3601,0.3454,0.4847,0.1643,0.3224,0.5027,2026-06
CUST1009393,0.2454,0.0728,0.027,0.6525,0.2647,0.1755,2026-06
CUST1009394,0.5942,0.5397999999999999,0.1261,0.2172,0.2939,0.2007,2026-06
CUST1009395,0.4931,0.6304,0.1542,0.3268,0.255,0.4755,2026-06
CUST1009396,0.4236,0.3459,0.4193,0.08500000000000001,0.3288,0.4595,2026-06
CUST1009397,0.2207,0.2993,0.5449000000000001,0.2566,0.3027,0.1721,2026-06
CUST1009398,0.4092,0.3231,0.4953,0.1826,0.2343,0.306,2026-06
CUST1009399,0.5551,0.4386,0.1491,0.5001,0.4761,0.2986,2026-06
CUST1009400,0.2478,0.3231,0.4073,0.5580000000000001,0.3638,0.5328000000000001,2026-06
CUST1009401,0.4666,0.3968,0.01,0.2382,0.1878,0.1662,2026-06
CUST1009402,0.2394,0.4259,0.1531,0.216,0.3378,0.2353,2026-06
CUST1009403,0.218,0.198,0.0174,0.3239,0.2809,0.0609,2026-06
CUST1009404,0.104,0.2474,0.01,0.2666,0.2393,0.099,2026-06
CUST1009405,0.2254,0.3948,0.4188,0.199,0.3794,0.5397999999999999,2026-06
CUST1009406,0.3559,0.5057,0.5074,0.1145,0.313,0.3589,2026-06
CUST1009407,0.512,0.5141,0.2348,0.1786,0.4125,0.0383,2026-06
CUST1009408,0.3227,0.1323,0.4,0.2292,0.1146,0.01,2026-06
CUST1009409,0.2494,0.1673,0.3109,0.609,0.2476,0.2201,2026-06
CUST1009410,0.4102,0.7486,0.2544,0.228,0.2896,0.6841,2026-06
CUST1009411,0.4196,0.5983000000000001,0.2499,0.2019,0.1828,0.3498,2026-06
CUST1009412,0.4354,0.2327,0.0293,0.0693,0.3774,0.1922,2026-06
CUST1009413,0.3883,0.3909,0.4242,0.1902,0.2135,0.3305,2026-06
CUST1009414,0.1363,0.3422,0.2021,0.29,0.5337,0.615,2026-06
CUST1009415,0.2361,0.1088,0.3228,0.2066,0.5639999999999999,0.2756,2026-06
CUST1009416,0.5551,0.6273,0.3624,0.0536,0.3586,0.4064,2026-06
CUST1009417,0.1735,0.1911,0.4362,0.2524,0.3109,0.2485,2026-06
CUST1009418,0.2595,0.4086,0.3696,0.0528,0.293,0.4694,2026-06
CUST1009419,0.3736,0.7399,0.5014,0.242,0.2979,0.4739,2026-06
CUST1009420,0.1687,0.5289,0.2539,0.2432,0.3567,0.7464,2026-06
CUST1009421,0.4466,0.2655,0.3815,0.1941,0.3813,0.2769,2026-06
CUST1009422,0.1081,0.1606,0.01,0.3718,0.2862,0.1473,2026-06
CUST1009423,0.4665,0.5396,0.2258,0.1566,0.236,0.3743,2026-06
CUST1009424,0.336,0.4063,0.5245,0.2603,0.3299,0.581,2026-06
CUST1009425,0.378,0.4573,0.4024,0.2187,0.3421,0.6158,2026-06
CUST1009426,0.3427,0.3927,0.5174,0.1122,0.3321,0.4855,2026-06
CUST1009427,0.3189,0.4273,0.2926,0.1809,0.3195,0.2251,2026-06
CUST1009428,0.3421,0.7408,0.2503,0.2602,0.4873,0.3551,2026-06
CUST1009429,0.5091,0.3649,0.2804,0.08309999999999999,0.3117,0.4787,2026-06
CUST1009430,0.2867,0.3581,0.4603,0.2376,0.3386,0.5069,2026-06
CUST1009431,0.5895,0.3229,0.0766,0.1163,0.3181,0.3933,2026-06
CUST1009432,0.1241,0.259,0.2789,0.0164,0.2291,0.55,2026-06
CUST1009433,0.4267,0.4333,0.5816,0.1999,0.3682,0.6975,2026-06
CUST1009434,0.3609,0.0839,0.2417,0.01,0.2175,0.0789,2026-06
CUST1009435,0.1025,0.1024,0.1509,0.6737,0.2969,0.0612,2026-06
CUST1009436,0.53,0.7431,0.4752,0.1128,0.3121,0.4326,2026-06
CUST1009437,0.1901,0.2377,0.1345,0.0233,0.5578,0.2563,2026-06
CUST1009438,0.335,0.5234,0.1473,0.01,0.3486,0.3887,2026-06
CUST1009439,0.6168,0.6036,0.2479,0.1844,0.2982,0.09039999999999999,2026-06
CUST1009440,0.6411,0.6142,0.304,0.1379,0.3645,0.1793,2026-06
CUST1009441,0.365,0.4733,0.1587,0.1232,0.4112,0.4239,2026-06
CUST1009442,0.2083,0.2591,0.2974,0.2193,0.4114,0.1797,2026-06
CUST1009443,0.3656,0.4366,0.4155,0.1498,0.4357,0.4561,2026-06
CUST1009444,0.3066,0.3568,0.3515,0.2119,0.3525,0.5589,2026-06
CUST1009445,0.3399,0.5964,0.1108,0.2537,0.2525,0.2225,2026-06
CUST1009446,0.3769,0.3019,0.1128,0.2699,0.2891,0.0542,2026-06
CUST1009447,0.2363,0.4704,0.357,0.0397,0.3906,0.5214,2026-06
CUST1009448,0.3342,0.3362,0.0751,0.2456,0.183,0.09279999999999999,2026-06
CUST1009449,0.3409,0.3089,0.1226,0.1254,0.2047,0.172,2026-06
CUST1009450,0.0929,0.3036,0.244,0.2,0.3162,0.3242,2026-06
CUST1009451,0.2892,0.2459,0.3785,0.7224,0.2417,0.179,2026-06
CUST1009452,0.2581,0.6548,0.23,0.1687,0.1797,0.2892,2026-06
CUST1009453,0.1558,0.6205000000000001,0.2464,0.4146,0.275,0.5762,2026-06
CUST1009454,0.2299,0.5381,0.4821,0.0732,0.3341,0.2763,2026-06
CUST1009455,0.2808,0.3981,0.3588,0.1758,0.2133,0.2947,2026-06
CUST1009456,0.5452,0.4021,0.3829,0.2159,0.2795,0.3221,2026-06
CUST1009457,0.3567,0.4918,0.4912,0.2154,0.3926,0.3308,2026-06
CUST1009458,0.4994,0.5352,0.3154,0.1301,0.278,0.42,2026-06
CUST1009459,0.3764,0.389,0.3216,0.611,0.4182,0.4663,2026-06
CUST1009460,0.4347,0.4602,0.1392,0.1252,0.5052,0.3683,2026-06
CUST1009461,0.372,0.3144,0.4525,0.2281,0.39,0.6796,2026-06
CUST1009462,0.465,0.3799,0.5489000000000001,0.0571,0.27,0.5718,2026-06
CUST1009463,0.4892,0.6423,0.2785,0.183,0.1055,0.6765,2026-06
CUST1009464,0.2267,0.5023,0.5442,0.2374,0.2936,0.5522,2026-06
CUST1009465,0.2947,0.3799,0.01,0.2666,0.4507,0.0983,2026-06
CUST1009466,0.4964,0.4501,0.4414,0.1867,0.2951,0.6274,2026-06
CUST1009467,0.4432,0.3596,0.3212,0.1266,0.3385,0.5159,2026-06
CUST1009468,0.4899,0.626,0.5088,0.0872,0.4333,0.3977,2026-06
CUST1009469,0.3135,0.466,0.1292,0.2242,0.2776,0.0592,2026-06
CUST1009470,0.5780999999999999,0.3011,0.3561,0.1458,0.2271,0.2459,2026-06
CUST1009471,0.0166,0.6793,0.2505,0.1843,0.326,0.3628,2026-06
CUST1009472,0.2577,0.3522,0.1747,0.0926,0.3525,0.434,2026-06
CUST1009473,0.2217,0.5718,0.4727,0.1815,0.3939,0.5416,2026-06
CUST1009474,0.2691,0.5506,0.01,0.3673,0.2686,0.4097,2026-06
CUST1009475,0.0605,0.4425,0.4728,0.0709,0.3852,0.5906,2026-06
CUST1009476,0.201,0.3436,0.01,0.5868,0.3041,0.1793,2026-06
CUST1009477,0.4931,0.706,0.2091,0.1902,0.1307,0.3323,2026-06
CUST1009478,0.2336,0.267,0.2551,0.2314,0.4293,0.07820000000000001,2026-06
CUST1009479,0.3019,0.3198,0.5169,0.1907,0.373,0.501,2026-06
CUST1009480,0.4209,0.3816,0.5137,0.0465,0.398,0.2962,2026-06
CUST1009481,0.1406,0.3439,0.3061,0.1773,0.6279,0.2665,2026-06
CUST1009482,0.3817,0.7151999999999999,0.1107,0.1981,0.4355,0.4979,2026-06
CUST1009483,0.1989,0.2368,0.2328,0.5017,0.3102,0.1458,2026-06
CUST1009484,0.3384,0.276,0.01,0.08989999999999999,0.5518,0.1723,2026-06
CUST1009485,0.343,0.2142,0.3171,0.1927,0.2942,0.2375,2026-06
CUST1009486,0.4366,0.3813,0.1829,0.01,0.3758,0.3396,2026-06
CUST1009487,0.3483,0.4026,0.4283,0.1136,0.283,0.6007,2026-06
CUST1009488,0.3273,0.22,0.4993,0.01,0.4085,0.381,2026-06
CUST1009489,0.376,0.4573,0.2938,0.2514,0.3871,0.4051,2026-06
CUST1009490,0.3847,0.45,0.2036,0.1552,0.4204,0.3618,2026-06
CUST1009491,0.2978,0.5527,0.2648,0.2035,0.2534,0.1422,2026-06
CUST1009492,0.3025,0.5161,0.3202,0.0979,0.6445,0.3671,2026-06
CUST1009493,0.4674,0.4883,0.2412,0.1756,0.4926,0.4886,2026-06
CUST1009494,0.2087,0.4791,0.4564,0.1455,0.3233,0.3364,2026-06
CUST1009495,0.3313,0.5011,0.4866,0.1625,0.3801,0.495,2026-06
CUST1009496,0.4308,0.6511,0.2785,0.117,0.2493,0.2347,2026-06
CUST1009497,0.4088,0.5327,0.4632,0.2269,0.2341,0.292,2026-06
CUST1009498,0.5222,0.5391,0.2958,0.1543,0.6492,0.3653,2026-06
CUST1009499,0.5662,0.4703,0.5772,0.3152,0.462,0.4645,2026-06
CUST1009500,0.2057,0.2447,0.3895,0.0975,0.3061,0.2969,2026-06
CUST1009501,0.5548999999999999,0.1325,0.1011,0.1777,0.274,0.0815,2026-06
CUST1009502,0.4117,0.4618,0.01,0.0882,0.3467,0.1249,2026-06
CUST1009503,0.2989,0.6111,0.08939999999999999,0.1409,0.3692,0.4251,2026-06
CUST1009504,0.3653,0.4068,0.2569,0.2588,0.189,0.1765,2026-06
CUST1009505,0.2728,0.4076,0.3076,0.162,0.2255,0.3692,2026-06
CUST1009506,0.3684,0.5023,0.0545,0.2326,0.3033,0.2382,2026-06
CUST1009507,0.4994,0.7453,0.2063,0.1171,0.2218,0.4503,2026-06
CUST1009508,0.2929,0.4414,0.387,0.5561,0.1756,0.5514,2026-06
CUST1009509,0.4268,0.4883,0.5044999999999999,0.2358,0.4214,0.3734,2026-06
CUST1009510,0.3746,0.3912,0.4362,0.1382,0.6657999999999999,0.4383,2026-06
CUST1009511,0.4858,0.6445,0.5214,0.1598,0.4531,0.273,2026-06
CUST1009512,0.5108,0.517,0.396,0.0563,0.5984,0.5303,2026-06
CUST1009513,0.3976,0.3189,0.2907,0.1019,0.5031,0.3078,2026-06
CUST1009514,0.5655,0.5704,0.3904,0.2636,0.5815,0.3352,2026-06
CUST1009515,0.1594,0.346,0.0767,0.0866,0.4145,0.3411,2026-06
CUST1009516,0.4931,0.3797,0.5153,0.2225,0.3242,0.5552,2026-06
CUST1009517,0.2003,0.3831,0.3493,0.1249,0.2911,0.5274,2026-06
CUST1009518,0.4576,0.4823,0.2736,0.2167,0.2702,0.2541,2026-06
CUST1009519,0.6965,0.4619,0.582,0.1881,0.3705,0.2992,2026-06
CUST1009520,0.4757,0.2022,0.3688,0.1811,0.2748,0.2679,2026-06
CUST1009521,0.2712,0.3082,0.3194,0.082,0.3426,0.6874,2026-06
CUST1009522,0.173,0.7419,0.2184,0.1968,0.2233,0.5601,2026-06
CUST1009523,0.6397,0.3911,0.2461,0.2723,0.2646,0.3666,2026-06
CUST1009524,0.5433,0.3376,0.1556,0.2428,0.4088,0.0617,2026-06
CUST1009525,0.4345,0.4174,0.3546,0.2214,0.3979,0.3418,2026-06
CUST1009526,0.1046,0.2616,0.0544,0.1482,0.5732,0.1421,2026-06
CUST1009527,0.4251,0.6047,0.1823,0.3912,0.174,0.4248,2026-06
CUST1009528,0.5409,0.4508,0.5936,0.1431,0.3607,0.6268,2026-06
CUST1009529,0.442,0.1875,0.2984,0.6052999999999999,0.243,0.239,2026-06
CUST1009530,0.4769,0.425,0.0853,0.234,0.2909,0.1282,2026-06
CUST1009531,0.5054,0.771,0.5610000000000001,0.117,0.2658,0.5258,2026-06
CUST1009532,0.5512,0.5913,0.3414,0.2329,0.176,0.4529,2026-06
CUST1009533,0.3,0.4542,0.4315,0.0745,0.3954,0.4829,2026-06
CUST1009534,0.185,0.313,0.3312,0.0353,0.3102,0.4032,2026-06
CUST1009535,0.2916,0.3838,0.3116,0.2161,0.3388,0.4701,2026-06
CUST1009536,0.5663,0.6896,0.3546,0.07539999999999999,0.4243,0.4028,2026-06
CUST1009537,0.3184,0.6141,0.3881,0.01,0.2035,0.6422,2026-06
CUST1009538,0.4862,0.6258,0.2245,0.2518,0.3659,0.5567,2026-06
CUST1009539,0.4474,0.3434,0.2126,0.2408,0.1958,0.1306,2026-06
CUST1009540,0.2536,0.6232,0.4496,0.0794,0.3745,0.2789,2026-06
CUST1009541,0.3008,0.573,0.4782,0.1207,0.2694,0.5194,2026-06
CUST1009542,0.2522,0.3289,0.0221,0.2938,0.3247,0.3066,2026-06
CUST1009543,0.3521,0.5737,0.09320000000000001,0.6187,0.0793,0.4378,2026-06
CUST1009544,0.4115,0.7637,0.3454,0.2757,0.2214,0.3499,2026-06
CUST1009545,0.1574,0.1207,0.3961,0.2027,0.3666,0.1656,2026-06
CUST1009546,0.2746,0.6183,0.0561,0.1442,0.2735,0.2185,2026-06
CUST1009547,0.1784,0.2322,0.01,0.1544,0.5579,0.01,2026-06
CUST1009548,0.2378,0.3151,0.333,0.2728,0.3724,0.5937,2026-06
CUST1009549,0.2913,0.3535,0.2917,0.1066,0.3292,0.2002,2026-06
CUST1009550,0.4019,0.6257,0.3208,0.0584,0.1718,0.3894,2026-06
CUST1009551,0.4708,0.6611,0.3638,0.1572,0.3175,0.4306,2026-06
CUST1009552,0.4663,0.516,0.4285,0.014,0.4335,0.3304,2026-06
CUST1009553,0.1913,0.6092,0.2101,0.3174,0.1288,0.3726,2026-06
CUST1009554,0.1586,0.6506,0.3556,0.08459999999999999,0.2241,0.4868,2026-06
CUST1009555,0.5172,0.4824,0.1303,0.2896,0.3743,0.1103,2026-06
CUST1009556,0.257,0.4066,0.1903,0.1764,0.2225,0.3867,2026-06
CUST1009557,0.3145,0.4376,0.4752,0.338,0.278,0.8578,2026-06
CUST1009558,0.5303,0.7383999999999999,0.4252,0.0125,0.2291,0.386,2026-06
CUST1009559,0.3607,0.1082,0.27,0.0929,0.2039,0.2519,2026-06
CUST1009560,0.4342,0.7443,0.3117,0.1264,0.1786,0.4654,2026-06
CUST1009561,0.447,0.4094,0.4475,0.2354,0.3075,0.4056,2026-06
CUST1009562,0.5443,0.8426,0.2894,0.145,0.3072,0.4659,2026-06
CUST1009563,0.4675,0.4996,0.1991,0.2606,0.2267,0.5528,2026-06
CUST1009564,0.5056,0.4117,0.274,0.0742,0.4889,0.5303,2026-06
CUST1009565,0.3564,0.3543,0.299,0.5403,0.2832,0.2099,2026-06
CUST1009566,0.1121,0.1278,0.0684,0.1827,0.2574,0.1674,2026-06
CUST1009567,0.3555,0.3825,0.4715,0.2257,0.4458,0.2907,2026-06
CUST1009568,0.3271,0.1195,0.2576,0.3336,0.5315,0.1824,2026-06
CUST1009569,0.2265,0.2172,0.3972,0.1466,0.4678,0.547,2026-06
CUST1009570,0.52,0.6175,0.2495,0.4806,0.2773,0.4089,2026-06
CUST1009571,0.2915,0.2144,0.3801,0.0601,0.3737,0.2678,2026-06
CUST1009572,0.346,0.4162,0.3274,0.1133,0.4719,0.4845,2026-06
CUST1009573,0.2712,0.3593,0.2122,0.1474,0.2408,0.0815,2026-06
CUST1009574,0.2504,0.4238,0.4449,0.0984,0.3351,0.4391,2026-06
CUST1009575,0.494,0.4092,0.6076,0.2554,0.5992,0.4292,2026-06
CUST1009576,0.4739,0.3573,0.2927,0.1644,0.2574,0.5632,2026-06
CUST1009577,0.0521,0.3852,0.01,0.1731,0.1353,0.2365,2026-06
CUST1009578,0.2057,0.4859,0.2104,0.2998,0.2386,0.3346,2026-06
CUST1009579,0.3897,0.4791,0.2461,0.091,0.3956,0.3953,2026-06
CUST1009580,0.4948,0.3944,0.2867,0.2011,0.3657,0.37,2026-06
CUST1009581,0.2692,0.2523,0.3094,0.01,0.4041,0.1524,2026-06
CUST1009582,0.4891,0.349,0.4092,0.1473,0.3714,0.5716,2026-06
CUST1009583,0.3754,0.4462,0.3311,0.1322,0.3613,0.6176,2026-06
CUST1009584,0.1916,0.2007,0.2924,0.1988,0.5357,0.074,2026-06
CUST1009585,0.4504,0.2738,0.01,0.1322,0.599,0.1646,2026-06
CUST1009586,0.4025,0.3758,0.3567,0.2253,0.4096,0.3753,2026-06
CUST1009587,0.2686,0.106,0.3379,0.096,0.3511,0.2091,2026-06
CUST1009588,0.4613,0.6613,0.5346,0.1226,0.6069,0.5158,2026-06
CUST1009589,0.227,0.5432,0.4042,0.3288,0.4286,0.381,2026-06
CUST1009590,0.3389,0.444,0.3601,0.6762,0.3287,0.6183,2026-06
CUST1009591,0.356,0.4795,0.2361,0.1987,0.3529,0.3581,2026-06
CUST1009592,0.1607,0.2217,0.3187,0.1434,0.3072,0.1489,2026-06
CUST1009593,0.5842000000000001,0.5672,0.2243,0.2056,0.2711,0.1318,2026-06
CUST1009594,0.5671,0.497,0.4821,0.2657,0.6225000000000001,0.3681,2026-06
CUST1009595,0.3533,0.4457,0.3856,0.2417,0.3163,0.6012999999999999,2026-06
CUST1009596,0.3644,0.3287,0.4581,0.01,0.2163,0.5415,2026-06
CUST1009597,0.2667,0.7833,0.3562,0.1905,0.1538,0.5725,2026-06
CUST1009598,0.315,0.1725,0.3083,0.2287,0.4676,0.2522,2026-06
CUST1009599,0.439,0.7209,0.3395,0.2076,0.136,0.6902,2026-06
CUST1009600,0.3339,0.5123,0.3848,0.1363,0.3403,0.3779,2026-06
CUST1009601,0.5976,0.5264,0.2434,0.6,0.2746,0.5764,2026-06
CUST1009602,0.4505,0.5208,0.3448,0.2193,0.1873,0.4417,2026-06
CUST1009603,0.2471,0.3934,0.2133,0.2146,0.4917,0.5655,2026-06
CUST1009604,0.4755,0.4384,0.5092,0.1935,0.3647,0.4573,2026-06
CUST1009605,0.2812,0.3468,0.375,0.1161,0.412,0.452,2026-06
CUST1009606,0.2229,0.5302,0.3389,0.2325,0.0998,0.4854,2026-06
CUST1009607,0.501,0.6008,0.4571,0.5692,0.287,0.3931,2026-06
CUST1009608,0.5118,0.3542,0.5551,0.3566,0.2592,0.3645,2026-06
CUST1009609,0.0969,0.358,0.2474,0.2518,0.5724,0.3654,2026-06
CUST1009610,0.348,0.4902,0.2977,0.0289,0.375,0.3175,2026-06
CUST1009611,0.207,0.2178,0.1083,0.277,0.3602,0.215,2026-06
CUST1009612,0.3766,0.3629,0.3807,0.2323,0.3771,0.5981,2026-06
CUST1009613,0.2992,0.1277,0.096,0.1257,0.3459,0.1766,2026-06
CUST1009614,0.3908,0.531,0.4552,0.1321,0.3844,0.3764,2026-06
CUST1009615,0.3855,0.4908,0.4592,0.0287,0.3783,0.7927999999999999,2026-06
CUST1009616,0.5599,0.3277,0.1398,0.1351,0.3708,0.4784,2026-06
CUST1009617,0.2166,0.5304,0.01,0.1942,0.1454,0.1542,2026-06
CUST1009618,0.2085,0.4121,0.2653,0.328,0.4514,0.3616,2026-06
CUST1009619,0.7072000000000001,0.4071,0.5145999999999999,0.1451,0.3162,0.2689,2026-06
CUST1009620,0.4132,0.7547,0.171,0.1083,0.2179,0.6752,2026-06
CUST1009621,0.2487,0.4766,0.2071,0.1332,0.1662,0.0394,2026-06
CUST1009622,0.3722,0.3212,0.4209,0.1219,0.4437,0.4708,2026-06
CUST1009623,0.4603,0.4722,0.4254,0.1801,0.2852,0.33,2026-06
CUST1009624,0.4078,0.5362,0.5203,0.2398,0.3874,0.383,2026-06
CUST1009625,0.4466,0.653,0.121,0.182,0.2395,0.4146,2026-06
CUST1009626,0.52,0.4509,0.3721,0.1974,0.3748,0.5173,2026-06
CUST1009627,0.2991,0.3295,0.1154,0.4187,0.5044,0.1687,2026-06
CUST1009628,0.5152,0.548,0.4799,0.06320000000000001,0.5555,0.4114,2026-06
CUST1009629,0.1482,0.4187,0.5016,0.4794,0.3725,0.2564,2026-06
CUST1009630,0.5103,0.526,0.4295,0.1074,0.2056,0.4336,2026-06
CUST1009631,0.1002,0.4213,0.401,0.0474,0.2914,0.5314,2026-06
CUST1009632,0.3566,0.4077,0.5818,0.0454,0.4023,0.413,2026-06
CUST1009633,0.4472,0.7652,0.2741,0.2151,0.3557,0.2801,2026-06
CUST1009634,0.3346,0.4639,0.5651,0.1641,0.5131,0.5011,2026-06
CUST1009635,0.5204,0.3,0.2168,0.01,0.3371,0.0388,2026-06
CUST1009636,0.3818,0.3826,0.239,0.1876,0.2306,0.391,2026-06
CUST1009637,0.1021,0.5815,0.1493,0.1302,0.4393,0.3171,2026-06
CUST1009638,0.126,0.4514,0.5201,0.2635,0.4509,0.6607,2026-06
CUST1009639,0.431,0.4918,0.435,0.2649,0.2989,0.5532,2026-06
CUST1009640,0.2832,0.531,0.1731,0.3144,0.2483,0.3536,2026-06
CUST1009641,0.459,0.3808,0.4912,0.0363,0.5548999999999999,0.4496,2026-06
CUST1009642,0.255,0.3001,0.4193,0.2792,0.4825,0.4998,2026-06
CUST1009643,0.3271,0.6454,0.0958,0.1269,0.2528,0.214,2026-06
CUST1009644,0.2855,0.2242,0.1971,0.1713,0.2503,0.2067,2026-06
CUST1009645,0.3344,0.8367,0.3195,0.1702,0.2349,0.6208,2026-06
CUST1009646,0.3955,0.3901,0.09429999999999999,0.1582,0.2147,0.6322,2026-06
CUST1009647,0.357,0.4259,0.4237,0.0799,0.2213,0.4292,2026-06
CUST1009648,0.3998,0.4445,0.6712,0.3452,0.3524,0.5657,2026-06
CUST1009649,0.3356,0.3972,0.2711,0.2397,0.3792,0.1182,2026-06
CUST1009650,0.4436,0.462,0.701,0.1354,0.2583,0.5088,2026-06
CUST1009651,0.2258,0.248,0.3571,0.1398,0.3192,0.399,2026-06
CUST1009652,0.3256,0.4174,0.3661,0.1478,0.1787,0.3987,2026-06
CUST1009653,0.0176,0.5598,0.01,0.1683,0.2538,0.2339,2026-06
CUST1009654,0.1999,0.3515,0.2611,0.7669,0.1632,0.7534,2026-06
CUST1009655,0.573,0.3292,0.3194,0.1876,0.3331,0.2098,2026-06
CUST1009656,0.192,0.0765,0.01,0.1668,0.4363,0.0158,2026-06
CUST1009657,0.359,0.6008,0.1985,0.3646,0.3082,0.3977,2026-06
CUST1009658,0.5068,0.3672,0.6042,0.2235,0.3176,0.3777,2026-06
CUST1009659,0.443,0.4609,0.4024,0.1565,0.3427,0.4798,2026-06
CUST1009660,0.3793,0.619,0.1287,0.2546,0.206,0.2908,2026-06
CUST1009661,0.2597,0.173,0.3877,0.0755,0.34,0.3594,2026-06
CUST1009662,0.2673,0.3678,0.4551,0.1589,0.4221,0.6653,2026-06
CUST1009663,0.4632,0.634,0.479,0.268,0.2644,0.3211,2026-06
CUST1009664,0.1532,0.1338,0.31,0.0557,0.6077,0.0727,2026-06
CUST1009665,0.1775,0.0709,0.1696,0.07770000000000001,0.4663,0.1201,2026-06
CUST1009666,0.3886,0.4517,0.3766,0.235,0.45,0.248,2026-06
CUST1009667,0.1787,0.3438,0.3784,0.1458,0.4856,0.4184,2026-06
CUST1009668,0.4374,0.7165,0.3447,0.0818,0.2591,0.4201,2026-06
CUST1009669,0.3162,0.616,0.34,0.2533,0.1365,0.325,2026-06
CUST1009670,0.4053,0.5026,0.3499,0.1447,0.3187,0.335,2026-06
CUST1009671,0.4563,0.6626,0.3695,0.1532,0.2431,0.5987,2026-06
CUST1009672,0.5182,0.7113,0.3771,0.1941,0.2543,0.4518,2026-06
CUST1009673,0.4758,0.6339,0.1964,0.1269,0.3816,0.4576,2026-06
CUST1009674,0.3377,0.3412,0.2152,0.15,0.3822,0.2937,2026-06
CUST1009675,0.3045,0.663,0.3286,0.09080000000000001,0.201,0.5265,2026-06
CUST1009676,0.4944,0.476,0.3335,0.0305,0.379,0.5149,2026-06
CUST1009677,0.4483,0.4285,0.4204,0.5619,0.1871,0.3465,2026-06
CUST1009678,0.3275,0.1619,0.2116,0.1,0.2428,0.405,2026-06
CUST1009679,0.2322,0.3885,0.3884,0.2262,0.3711,0.466,2026-06
CUST1009680,0.5725,0.5977,0.4384,0.2635,0.2537,0.4122,2026-06
CUST1009681,0.476,0.3343,0.4229,0.1422,0.4174,0.3552,2026-06
CUST1009682,0.5847,0.1995,0.3185,0.2548,0.4923,0.2626,2026-06
CUST1009683,0.5119,0.4617,0.1546,0.5263,0.2838,0.1533,2026-06
CUST1009684,0.2479,0.0249,0.3721,0.1392,0.3246,0.08110000000000001,2026-06
CUST1009685,0.1863,0.3171,0.06909999999999999,0.1779,0.4341,0.2523,2026-06
CUST1009686,0.2349,0.0633,0.1863,0.061,0.5155,0.1835,2026-06
CUST1009687,0.4395,0.4999,0.4065,0.1265,0.6367,0.4688,2026-06
CUST1009688,0.3427,0.4427,0.106,0.2473,0.1847,0.0375,2026-06
CUST1009689,0.3855,0.4055,0.5228,0.2406,0.23,0.5605,2026-06
CUST1009690,0.2012,0.5238,0.3428,0.1591,0.377,0.3942,2026-06
CUST1009691,0.4541,0.3557,0.3513,0.1406,0.5101,0.4818,2026-06
CUST1009692,0.1484,0.3505,0.0823,0.2162,0.3333,0.1308,2026-06
CUST1009693,0.2957,0.7103,0.1163,0.212,0.2246,0.4976,2026-06
CUST1009694,0.4711,0.1023,0.2298,0.207,0.3793,0.2781,2026-06
CUST1009695,0.4754,0.5296,0.364,0.1305,0.3468,0.5024999999999999,2026-06
CUST1009696,0.3815,0.6123,0.1802,0.2393,0.1936,0.324,2026-06
CUST1009697,0.1814,0.319,0.2009,0.1999,0.37,0.0571,2026-06
CUST1009698,0.5091,0.3938,0.6152,0.2304,0.3857,0.2529,2026-06
CUST1009699,0.2426,0.5066000000000001,0.2861,0.0973,0.2705,0.3551,2026-06
CUST1009700,0.5032,0.4251,0.4085,0.01,0.2759,0.2663,2026-06
CUST1009701,0.2252,0.3177,0.3882,0.146,0.4422,0.4196,2026-06
CUST1009702,0.5339,0.5687,0.3122,0.0673,0.255,0.3366,2026-06
CUST1009703,0.3951,0.3277,0.5702,0.6699000000000001,0.3292,0.5694,2026-06
CUST1009704,0.3024,0.3121,0.3292,0.1834,0.2826,0.5228,2026-06
CUST1009705,0.604,0.3469,0.1791,0.2793,0.3219,0.1329,2026-06
CUST1009706,0.509,0.6975,0.3409,0.1405,0.14,0.539,2026-06
CUST1009707,0.2529,0.4959,0.1148,0.0829,0.5113,0.583,2026-06
CUST1009708,0.4241,0.4644,0.4429,0.0509,0.5006,0.52,2026-06
CUST1009709,0.308,0.1889,0.2872,0.1619,0.3221,0.4795,2026-06
CUST1009710,0.4144,0.6849,0.2088,0.1501,0.3046,0.3123,2026-06
CUST1009711,0.329,0.6847,0.3753,0.1595,0.4175,0.5208,2026-06
CUST1009712,0.1943,0.7034,0.2983,0.3153,0.1516,0.459,2026-06
CUST1009713,0.2821,0.1731,0.4845,0.1517,0.4224,0.3681,2026-06
CUST1009714,0.4191,0.6071,0.283,0.3315,0.2701,0.3242,2026-06
CUST1009715,0.3729,0.3982,0.3534,0.0226,0.1945,0.3923,2026-06
CUST1009716,0.0268,0.6706,0.0973,0.1021,0.19,0.3899,2026-06
CUST1009717,0.4194,0.3346,0.2375,0.1238,0.3967,0.188,2026-06
CUST1009718,0.1565,0.3096,0.2478,0.1745,0.445,0.4472,2026-06
CUST1009719,0.3524,0.3254,0.4797,0.1095,0.415,0.6917,2026-06
CUST1009720,0.3944,0.6173999999999999,0.2009,0.0397,0.4129,0.3927,2026-06
CUST1009721,0.241,0.5671,0.1893,0.1457,0.2994,0.3641,2026-06
CUST1009722,0.2929,0.4198,0.047,0.1343,0.1906,0.2341,2026-06
CUST1009723,0.4432,0.3335,0.5061,0.1782,0.387,0.3896,2026-06
CUST1009724,0.3781,0.4108,0.2889,0.2796,0.5072,0.5346,2026-06
CUST1009725,0.4292,0.1902,0.286,0.1075,0.3897,0.08840000000000001,2026-06
CUST1009726,0.4528,0.537,0.506,0.247,0.3169,0.5963000000000001,2026-06
CUST1009727,0.6012,0.3695,0.1466,0.0435,0.1482,0.1028,2026-06
CUST1009728,0.2555,0.3365,0.4325,0.1738,0.3651,0.4826,2026-06
CUST1009729,0.2681,0.5038,0.4439,0.0427,0.3924,0.4053,2026-06
CUST1009730,0.2946,0.3366,0.2106,0.2003,0.3838,0.1252,2026-06
CUST1009731,0.2487,0.2386,0.1256,0.1572,0.2968,0.219,2026-06
CUST1009732,0.1827,0.2283,0.2993,0.1518,0.1931,0.1801,2026-06
CUST1009733,0.2119,0.6328,0.2167,0.1738,0.3761,0.3684,2026-06
CUST1009734,0.2417,0.3656,0.4091,0.1493,0.3847,0.3829,2026-06
CUST1009735,0.5614,0.6777,0.3337,0.1038,0.3549,0.3115,2026-06
CUST1009736,0.1714,0.3783,0.0528,0.3161,0.153,0.2319,2026-06
CUST1009737,0.2923,0.4607,0.01,0.6915,0.3372,0.269,2026-06
CUST1009738,0.3281,0.3456,0.3124,0.1587,0.3208,0.5623,2026-06
CUST1009739,0.3342,0.4476,0.419,0.5608,0.3539,0.6820000000000001,2026-06
CUST1009740,0.2405,0.3007,0.0487,0.1898,0.1371,0.0201,2026-06
CUST1009741,0.2997,0.1246,0.3431,0.118,0.3584,0.2402,2026-06
CUST1009742,0.3805,0.4117,0.0339,0.1461,0.3297,0.1521,2026-06
CUST1009743,0.4108,0.4201,0.32,0.2362,0.4752,0.2835,2026-06
CUST1009744,0.2699,0.3964,0.38,0.1685,0.4423,0.5766,2026-06
CUST1009745,0.4494,0.7892,0.2916,0.3362,0.3048,0.3482,2026-06
CUST1009746,0.1154,0.3258,0.1965,0.213,0.355,0.1257,2026-06
CUST1009747,0.08309999999999999,0.2849,0.0876,0.1755,0.532,0.2487,2026-06
CUST1009748,0.3079,0.276,0.0128,0.2505,0.3211,0.0614,2026-06
CUST1009749,0.2759,0.6914,0.3981,0.2525,0.2326,0.2229,2026-06
CUST1009750,0.3132,0.5612,0.5348000000000001,0.1122,0.3671,0.3609,2026-06
CUST1009751,0.5115,0.6987,0.1358,0.5368000000000001,0.1858,0.2191,2026-06
CUST1009752,0.3314,0.3433,0.2672,0.1937,0.336,0.6443,2026-06
CUST1009753,0.2346,0.5582,0.276,0.083,0.2909,0.5365,2026-06
CUST1009754,0.2366,0.0672,0.3597,0.2824,0.3599,0.08740000000000001,2026-06
CUST1009755,0.1447,0.1155,0.1841,0.1945,0.4739,0.1923,2026-06
CUST1009756,0.4252,0.4043,0.2885,0.1655,0.5658,0.3147,2026-06
CUST1009757,0.1637,0.1891,0.2378,0.215,0.2434,0.0926,2026-06
CUST1009758,0.4994,0.5881,0.4131,0.0934,0.3001,0.3911,2026-06
CUST1009759,0.3824,0.6222,0.5058,0.1657,0.199,0.2987,2026-06
CUST1009760,0.369,0.3367,0.3369,0.01,0.4499,0.6165,2026-06
CUST1009761,0.4592,0.4207,0.3259,0.2534,0.3374,0.5887,2026-06
CUST1009762,0.5212,0.6932,0.2795,0.249,0.3777,0.3354,2026-06
CUST1009763,0.1713,0.0916,0.1656,0.0732,0.3179,0.0833,2026-06
CUST1009764,0.3761,0.4019,0.5028,0.1611,0.3131,0.4778,2026-06
CUST1009765,0.4655,0.4991,0.3133,0.0466,0.3518,0.5157,2026-06
CUST1009766,0.1633,0.3603,0.1495,0.2824,0.3596,0.1669,2026-06
CUST1009767,0.2161,0.1194,0.1818,0.0634,0.2925,0.4297,2026-06
CUST1009768,0.5385,0.5295,0.2524,0.1381,0.4929,0.5387,2026-06
CUST1009769,0.3775,0.1631,0.3058,0.128,0.4611,0.2739,2026-06
CUST1009770,0.2119,0.3715,0.4973,0.3454,0.4119,0.5233,2026-06
CUST1009771,0.2524,0.5682,0.2673,0.08450000000000001,0.1715,0.4274,2026-06
CUST1009772,0.1885,0.3565,0.1991,0.2951,0.3913,0.4467,2026-06
CUST1009773,0.288,0.2266,0.2276,0.6022,0.08110000000000001,0.07580000000000001,2026-06
CUST1009774,0.3252,0.2246,0.3201,0.6463,0.1698,0.5800999999999999,2026-06
CUST1009775,0.4024,0.5759,0.4781,0.1766,0.3059,0.3793,2026-06
CUST1009776,0.4612,0.4928,0.4344,0.0467,0.3248,0.3707,2026-06
CUST1009777,0.1625,0.6015,0.2656,0.1915,0.1827,0.3838,2026-06
CUST1009778,0.2505,0.6689000000000001,0.2429,0.01,0.1506,0.5304,2026-06
CUST1009779,0.1357,0.2512,0.0561,0.1298,0.1309,0.1473,2026-06
CUST1009780,0.4319,0.4683,0.4574,0.1475,0.4466,0.3869,2026-06
CUST1009781,0.5038,0.6366000000000001,0.1304,0.2244,0.18,0.3068,2026-06
CUST1009782,0.361,0.2429,0.1498,0.2006,0.4305,0.1577,2026-06
CUST1009783,0.2528,0.3863,0.2837,0.1629,0.6099,0.2601,2026-06
CUST1009784,0.4056,0.4642,0.0517,0.2403,0.3482,0.2262,2026-06
CUST1009785,0.4226,0.3636,0.4035,0.0315,0.2489,0.6026,2026-06
CUST1009786,0.3249,0.5776,0.2578,0.311,0.3544,0.3689,2026-06
CUST1009787,0.1615,0.2235,0.2281,0.1688,0.2763,0.3521,2026-06
CUST1009788,0.3183,0.4513,0.3217,0.3732,0.249,0.4265,2026-06
CUST1009789,0.2085,0.4821,0.1405,0.139,0.2501,0.3803,2026-06
CUST1009790,0.393,0.2511,0.09370000000000001,0.5657,0.4917,0.0241,2026-06
CUST1009791,0.3776,0.7035,0.2992,0.1523,0.3297,0.5078,2026-06
CUST1009792,0.2,0.3529,0.3986,0.1087,0.4425,0.5241,2026-06
CUST1009793,0.2893,0.4367,0.311,0.1807,0.5573,0.2429,2026-06
CUST1009794,0.3747,0.01,0.3441,0.175,0.392,0.1383,2026-06
CUST1009795,0.4742,0.6025,0.4547,0.1492,0.4037,0.3983,2026-06
CUST1009796,0.3179,0.4179,0.01,0.3325,0.3512,0.0447,2026-06
CUST1009797,0.4196,0.5572,0.2171,0.01,0.3414,0.6183,2026-06
CUST1009798,0.4286,0.3588,0.3294,0.0793,0.3546,0.6294999999999999,2026-06
CUST1009799,0.4158,0.458,0.4788,0.249,0.2851,0.3609,2026-06
CUST1009800,0.3345,0.3124,0.3079,0.0153,0.282,0.4937,2026-06
CUST1009801,0.503,0.0707,0.2504,0.1458,0.2197,0.0523,2026-06
CUST1009802,0.3021,0.3734,0.2571,0.5054999999999999,0.2695,0.2798,2026-06
CUST1009803,0.1694,0.4506,0.2363,0.1883,0.2333,0.1135,2026-06
CUST1009804,0.1963,0.123,0.2196,0.078,0.3611,0.2174,2026-06
CUST1009805,0.1738,0.0944,0.3247,0.06710000000000001,0.2692,0.1121,2026-06
CUST1009806,0.3791,0.5423,0.5488,0.2482,0.5427,0.2465,2026-06
CUST1009807,0.4929,0.2487,0.2366,0.6116,0.2279,0.1626,2026-06
CUST1009808,0.183,0.6968,0.397,0.0487,0.2161,0.3533,2026-06
CUST1009809,0.4103,0.3544,0.3273,0.1638,0.534,0.5276999999999999,2026-06
CUST1009810,0.3772,0.7026,0.3824,0.0924,0.3488,0.2265,2026-06
CUST1009811,0.3208,0.6293,0.5616,0.2292,0.344,0.1726,2026-06
CUST1009812,0.4248,0.4501,0.4325,0.0487,0.3479,0.6659,2026-06
CUST1009813,0.5152,0.5128,0.445,0.1142,0.3733,0.4424,2026-06
CUST1009814,0.4143,0.5587,0.3949,0.1504,0.2574,0.4727,2026-06
CUST1009815,0.5449000000000001,0.6908,0.3384,0.1695,0.2319,0.5268,2026-06
CUST1009816,0.1781,0.1577,0.01,0.352,0.2587,0.1941,2026-06
CUST1009817,0.3243,0.508,0.319,0.2319,0.4626,0.4151,2026-06
CUST1009818,0.1432,0.0917,0.1155,0.152,0.4483,0.2467,2026-06
CUST1009819,0.5007,0.5248,0.4066,0.2261,0.2515,0.3403,2026-06
CUST1009820,0.4567,0.5506,0.1319,0.1875,0.2391,0.6036,2026-06
CUST1009821,0.3724,0.3749,0.2736,0.1266,0.243,0.3248,2026-06
CUST1009822,0.5334,0.5608,0.1282,0.1065,0.2951,0.3242,2026-06
CUST1009823,0.2322,0.1625,0.1919,0.2551,0.2977,0.1643,2026-06
CUST1009824,0.2762,0.4418,0.0313,0.4615,0.2812,0.2126,2026-06
CUST1009825,0.5104,0.5232,0.1324,0.0451,0.2705,0.1649,2026-06
CUST1009826,0.4384,0.3153,0.3278,0.1893,0.4841,0.2153,2026-06
CUST1009827,0.4046,0.4407,0.4163,0.2525,0.4406,0.4261,2026-06
CUST1009828,0.5338000000000001,0.4751,0.387,0.1223,0.2112,0.6312,2026-06
CUST1009829,0.2321,0.5585,0.3964,0.2932,0.3599,0.374,2026-06
CUST1009830,0.2734,0.2515,0.07340000000000001,0.1907,0.2142,0.434,2026-06
CUST1009831,0.2689,0.254,0.2367,0.07870000000000001,0.4067,0.1335,2026-06
CUST1009832,0.505,0.3612,0.06419999999999999,0.2176,0.4269,0.4339,2026-06
CUST1009833,0.3739,0.4211,0.3772,0.2116,0.3964,0.6634,2026-06
CUST1009834,0.4002,0.731,0.2474,0.1295,0.1607,0.3606,2026-06
CUST1009835,0.3224,0.6288,0.154,0.2696,0.1779,0.3905,2026-06
CUST1009836,0.3693,0.5344,0.1433,0.2294,0.5641,0.3507,2026-06
CUST1009837,0.14,0.3404,0.241,0.047,0.6044,0.3908,2026-06
CUST1009838,0.5623,0.1811,0.1596,0.1874,0.3575,0.2131,2026-06
CUST1009839,0.5181,0.4035,0.4366,0.1866,0.3746,0.5248,2026-06
CUST1009840,0.2899,0.4215,0.2581,0.0523,0.4257,0.4176,2026-06
CUST1009841,0.4208,0.4955,0.3416,0.2449,0.3917,0.4452,2026-06
CUST1009842,0.4823,0.5012,0.398,0.1421,0.4363,0.7397,2026-06
CUST1009843,0.2677,0.4615,0.4797,0.5966,0.2152,0.3046,2026-06
CUST1009844,0.5135,0.2714,0.1628,0.02,0.5465,0.1716,2026-06
CUST1009845,0.3578,0.4137,0.294,0.1348,0.635,0.1588,2026-06
CUST1009846,0.4384,0.6546,0.3396,0.2004,0.3313,0.4069,2026-06
CUST1009847,0.3727,0.1341,0.01,0.211,0.5465,0.2023,2026-06
CUST1009848,0.4325,0.5073,0.439,0.1819,0.4504,0.3914,2026-06
CUST1009849,0.2782,0.5165,0.4733,0.1469,0.316,0.477,2026-06
CUST1009850,0.3083,0.3808,0.3328,0.2218,0.3521,0.0644,2026-06
CUST1009851,0.4548,0.5319,0.3615,0.1033,0.3435,0.5364,2026-06
CUST1009852,0.1542,0.5081,0.2236,0.1555,0.2628,0.4964,2026-06
CUST1009853,0.3516,0.4339,0.3022,0.0378,0.3632,0.4547,2026-06
CUST1009854,0.2171,0.1854,0.095,0.2451,0.3148,0.1263,2026-06
CUST1009855,0.1247,0.2139,0.1918,0.1333,0.2807,0.2037,2026-06
CUST1009856,0.2786,0.3216,0.4813,0.5402,0.3266,0.4536,2026-06
CUST1009857,0.5697,0.3486,0.01,0.0533,0.2427,0.0216,2026-06
CUST1009858,0.4244,0.4502,0.4795,0.107,0.3805,0.5099,2026-06
CUST1009859,0.2232,0.7857,0.4072,0.2597,0.2562,0.3383,2026-06
CUST1009860,0.2501,0.3452,0.1858,0.1841,0.1451,0.08210000000000001,2026-06
CUST1009861,0.322,0.6224,0.1995,0.2347,0.2376,0.4376,2026-06
CUST1009862,0.388,0.4796,0.5703,0.1591,0.3875,0.5586,2026-06
CUST1009863,0.5105,0.3298,0.3509,0.2284,0.5007,0.5483,2026-06
CUST1009864,0.4638,0.5249,0.4516,0.1658,0.4146,0.428,2026-06
CUST1009865,0.2655,0.371,0.3139,0.2456,0.2205,0.385,2026-06
CUST1009866,0.0709,0.0467,0.01,0.7388,0.2952,0.01,2026-06
CUST1009867,0.2324,0.4813,0.3077,0.2861,0.4435,0.4824,2026-06
CUST1009868,0.3294,0.3947,0.5780999999999999,0.1252,0.2332,0.5536,2026-06
CUST1009869,0.4112,0.3703,0.1315,0.093,0.2317,0.2786,2026-06
CUST1009870,0.5403,0.3781,0.289,0.2716,0.2292,0.2746,2026-06
CUST1009871,0.365,0.4288,0.1708,0.191,0.6158,0.3904,2026-06
CUST1009872,0.2625,0.7116,0.2994,0.2427,0.195,0.6546999999999999,2026-06
CUST1009873,0.3439,0.6101,0.2977,0.2865,0.2721,0.3026,2026-06
CUST1009874,0.606,0.6393,0.243,0.0793,0.2702,0.3773,2026-06
CUST1009875,0.2751,0.4806,0.0425,0.2301,0.2286,0.1658,2026-06
CUST1009876,0.2572,0.5639,0.2124,0.148,0.2553,0.2034,2026-06
CUST1009877,0.4168,0.296,0.1709,0.1735,0.2711,0.2279,2026-06
CUST1009878,0.3922,0.6895,0.1294,0.2011,0.2552,0.4052,2026-06
CUST1009879,0.4751,0.4456,0.3368,0.1945,0.4386,0.1249,2026-06
CUST1009880,0.3875,0.5292,0.2239,0.1324,0.2869,0.6213,2026-06
CUST1009881,0.5962,0.5411,0.3602,0.1557,0.4579,0.3888,2026-06
CUST1009882,0.5593,0.602,0.3735,0.1778,0.3921,0.3755,2026-06
CUST1009883,0.412,0.4403,0.3801,0.0192,0.5949,0.2633,2026-06
CUST1009884,0.4881,0.5587,0.2295,0.08400000000000001,0.3687,0.5866,2026-06
CUST1009885,0.2175,0.5935,0.2549,0.2414,0.1615,0.6101,2026-06
CUST1009886,0.2535,0.5094,0.2592,0.2314,0.1617,0.4743,2026-06
CUST1009887,0.0728,0.6438,0.0885,0.1792,0.3383,0.5689,2026-06
CUST1009888,0.2809,0.1964,0.124,0.2854,0.4018,0.107,2026-06
CUST1009889,0.3342,0.2083,0.0186,0.1718,0.3274,0.1014,2026-06
CUST1009890,0.1622,0.7864,0.0703,0.2937,0.2113,0.2274,2026-06
CUST1009891,0.6172,0.4046,0.4396,0.1149,0.3964,0.5275,2026-06
CUST1009892,0.1115,0.1823,0.252,0.1624,0.2832,0.1792,2026-06
CUST1009893,0.3516,0.6348,0.5601,0.1339,0.3926,0.4748,2026-06
CUST1009894,0.3426,0.1647,0.01,0.111,0.0834,0.2228,2026-06
CUST1009895,0.4504,0.3667,0.3237,0.2333,0.4342,0.5931999999999999,2026-06
CUST1009896,0.3898,0.2264,0.2329,0.1043,0.3708,0.1031,2026-06
CUST1009897,0.2143,0.2062,0.0307,0.1141,0.5578,0.01,2026-06
CUST1009898,0.1556,0.4424,0.3037,0.2382,0.3053,0.362,2026-06
CUST1009899,0.4176,0.315,0.4216,0.2705,0.4344,0.1098,2026-06
CUST1009900,0.1164,0.4984,0.1768,0.4176,0.2348,0.2035,2026-06
CUST1009901,0.4903,0.6469,0.1315,0.2943,0.2607,0.3938,2026-06
CUST1009902,0.2917,0.3507,0.3437,0.01,0.199,0.3239,2026-06
CUST1009903,0.1405,0.3553,0.4748,0.2292,0.3805,0.2671,2026-06
CUST1009904,0.2465,0.1035,0.0163,0.5134,0.2929,0.1513,2026-06
CUST1009905,0.2472,0.6965,0.2419,0.2152,0.1943,0.5472,2026-06
CUST1009906,0.2077,0.4445,0.2762,0.2568,0.319,0.3898,2026-06
CUST1009907,0.5714,0.5783,0.4228,0.147,0.2939,0.2737,2026-06
CUST1009908,0.4516,0.7216,0.213,0.139,0.2825,0.434,2026-06
CUST1009909,0.3068,0.2368,0.01,0.2325,0.4496,0.01,2026-06
CUST1009910,0.3294,0.3445,0.4598,0.2398,0.1962,0.8189,2026-06
CUST1009911,0.1698,0.2657,0.2511,0.1881,0.3427,0.4152,2026-06
CUST1009912,0.5116000000000001,0.3639,0.3659,0.1569,0.3971,0.4001,2026-06
CUST1009913,0.5719,0.4596,0.4657,0.4223,0.2318,0.3955,2026-06
CUST1009914,0.3334,0.411,0.5364,0.227,0.3387,0.4004,2026-06
CUST1009915,0.0893,0.5536,0.2204,0.2153,0.1644,0.348,2026-06
CUST1009916,0.1259,0.3143,0.281,0.6361,0.2709,0.1395,2026-06
CUST1009917,0.4959,0.6646,0.4633,0.1396,0.303,0.5255,2026-06
CUST1009918,0.4004,0.6894,0.3197,0.1636,0.3498,0.3834,2026-06
CUST1009919,0.461,0.2782,0.2846,0.2841,0.1193,0.2638,2026-06
CUST1009920,0.4465,0.6193,0.09569999999999999,0.5133,0.2119,0.4688,2026-06
CUST1009921,0.3287,0.4445,0.0222,0.1994,0.5278,0.518,2026-06
CUST1009922,0.2646,0.2624,0.402,0.08890000000000001,0.2641,0.5047,2026-06
CUST1009923,0.1924,0.5793,0.3864,0.3946,0.2912,0.3851,2026-06
CUST1009924,0.3078,0.1768,0.2638,0.01,0.3535,0.2326,2026-06
CUST1009925,0.5426,0.4502,0.3983,0.5512,0.5938,0.3129,2026-06
CUST1009926,0.3995,0.6183999999999999,0.1899,0.1426,0.3023,0.3857,2026-06
CUST1009927,0.5324,0.4626,0.2713,0.1045,0.2457,0.3316,2026-06
CUST1009928,0.377,0.4951,0.2574,0.1499,0.3606,0.2634,2026-06
CUST1009929,0.2169,0.4965,0.1356,0.2287,0.3448,0.2283,2026-06
CUST1009930,0.2344,0.3072,0.5403,0.2432,0.3955,0.4456,2026-06
CUST1009931,0.4662,0.5768,0.4885,0.1976,0.2658,0.2826,2026-06
CUST1009932,0.5615,0.5283,0.2388,0.08019999999999999,0.2616,0.1817,2026-06
CUST1009933,0.2122,0.3496,0.2359,0.1118,0.189,0.1285,2026-06
CUST1009934,0.4836,0.5023,0.3183,0.1075,0.6454,0.2223,2026-06
CUST1009935,0.3426,0.5735,0.2864,0.1509,0.2915,0.4354,2026-06
CUST1009936,0.4701,0.5813,0.2161,0.2072,0.3357,0.3698,2026-06
CUST1009937,0.2059,0.4583,0.3954,0.1979,0.4724,0.5185999999999999,2026-06
CUST1009938,0.3617,0.4253,0.5078,0.2231,0.3328,0.6592,2026-06
CUST1009939,0.0659,0.203,0.3077,0.1916,0.1296,0.2691,2026-06
CUST1009940,0.2713,0.113,0.234,0.0727,0.2399,0.0483,2026-06
CUST1009941,0.3186,0.6261,0.2432,0.2161,0.07729999999999999,0.5222,2026-06
CUST1009942,0.3525,0.3023,0.6177,0.0878,0.3501,0.3601,2026-06
CUST1009943,0.2822,0.6405999999999999,0.2632,0.1869,0.3078,0.3638,2026-06
CUST1009944,0.1689,0.3422,0.1823,0.1213,0.0767,0.0806,2026-06
CUST1009945,0.186,0.5125,0.4587,0.1069,0.2927,0.6395999999999999,2026-06
CUST1009946,0.2719,0.1981,0.5918,0.2406,0.4144,0.6168,2026-06
CUST1009947,0.2507,0.4963,0.2766,0.2637,0.1654,0.3925,2026-06
CUST1009948,0.3459,0.3346,0.3553,0.183,0.297,0.2449,2026-06
CUST1009949,0.2575,0.3351,0.1219,0.1922,0.2356,0.1687,2026-06
CUST1009950,0.3834,0.3987,0.36,0.2138,0.2821,0.3712,2026-06
CUST1009951,0.3298,0.4455,0.2779,0.1579,0.3782,0.3555,2026-06
CUST1009952,0.2295,0.4368,0.2638,0.1195,0.3338,0.4122,2026-06
CUST1009953,0.4596,0.536,0.281,0.1078,0.2748,0.7526,2026-06
CUST1009954,0.5727,0.5139,0.4038,0.1831,0.2991,0.3055,2026-06
CUST1009955,0.3867,0.3306,0.3926,0.0692,0.3545,0.3201,2026-06
CUST1009956,0.2682,0.3299,0.486,0.1611,0.3465,0.3398,2026-06
CUST1009957,0.5674,0.5732,0.6619,0.0945,0.159,0.3515,2026-06
CUST1009958,0.4667,0.6452,0.3802,0.2327,0.3541,0.5753,2026-06
CUST1009959,0.3946,0.7030999999999999,0.1291,0.2777,0.2353,0.4085,2026-06
CUST1009960,0.6267,0.5765,0.313,0.2387,0.4537,0.3101,2026-06
CUST1009961,0.4876,0.4704,0.3006,0.4951,0.31,0.5598,2026-06
CUST1009962,0.3672,0.4474,0.2771,0.2267,0.418,0.1516,2026-06
CUST1009963,0.1418,0.0225,0.3769,0.2027,0.3088,0.2297,2026-06
CUST1009964,0.4377,0.5252,0.2941,0.1232,0.3803,0.5891999999999999,2026-06
CUST1009965,0.2225,0.4504,0.3818,0.2566,0.3588,0.1997,2026-06
CUST1009966,0.4202,0.6820000000000001,0.4676,0.2501,0.2836,0.5124,2026-06
CUST1009967,0.127,0.4253,0.3618,0.151,0.3592,0.254,2026-06
CUST1009968,0.4962,0.4841,0.288,0.2454,0.3176,0.6657,2026-06
CUST1009969,0.3215,0.7131999999999999,0.201,0.2236,0.1421,0.426,2026-06
CUST1009970,0.4007,0.3739,0.4743,0.0588,0.3393,0.3367,2026-06
CUST1009971,0.048,0.5017,0.4685,0.1208,0.2942,0.5405,2026-06
CUST1009972,0.2361,0.4966,0.1608,0.1793,0.4749,0.4731,2026-06
CUST1009973,0.5216,0.4982,0.4125,0.254,0.2861,0.3534,2026-06
CUST1009974,0.3777,0.4072,0.4934,0.0471,0.2184,0.4923,2026-06
CUST1009975,0.0524,0.2735,0.2581,0.24,0.3679,0.2814,2026-06
CUST1009976,0.2764,0.4728,0.2536,0.0861,0.4767,0.4715,2026-06
CUST1009977,0.4734,0.3855,0.3741,0.2575,0.4221,0.3016,2026-06
CUST1009978,0.2363,0.5911999999999999,0.4191,0.1034,0.3806,0.2455,2026-06
CUST1009979,0.2989,0.5768,0.4212,0.1868,0.3503,0.4209,2026-06
CUST1009980,0.5616,0.3722,0.365,0.2368,0.2785,0.4853,2026-06
CUST1009981,0.3259,0.4193,0.3692,0.2619,0.2988,0.2457,2026-06
CUST1009982,0.4494,0.4145,0.549,0.1063,0.2856,0.4309,2026-06
CUST1009983,0.1134,0.0791,0.01,0.1664,0.2263,0.1823,2026-06
CUST1009984,0.1711,0.1481,0.2948,0.01,0.2248,0.158,2026-06
CUST1009985,0.4905,0.4624,0.509,0.1202,0.3241,0.4835,2026-06
CUST1009986,0.3694,0.6897,0.2165,0.2731,0.1506,0.3823,2026-06
CUST1009987,0.384,0.5714,0.01,0.1777,0.2772,0.0611,2026-06
CUST1009988,0.3917,0.5182,0.5072,0.0385,0.3685,0.4299,2026-06
CUST1009989,0.5866,0.3661,0.3471,0.1034,0.5365,0.3937,2026-06
CUST1009990,0.3644,0.2992,0.296,0.6153999999999999,0.168,0.1111,2026-06
CUST1009991,0.5323,0.7733,0.3137,0.1843,0.1813,0.4569,2026-06
CUST1009992,0.3281,0.4923,0.4537,0.241,0.3613,0.3886,2026-06
CUST1009993,0.4336,0.4367,0.5845,0.0612,0.3634,0.4302,2026-06
CUST1009994,0.405,0.1569,0.2568,0.1686,0.2022,0.1602,2026-06
CUST1009995,0.2185,0.1638,0.1737,0.1906,0.2229,0.293,2026-06
CUST1009996,0.2247,0.1976,0.2037,0.1956,0.1794,0.1253,2026-06
CUST1009997,0.2856,0.2985,0.0279,0.163,0.5823,0.1892,2026-06
CUST1009998,0.2591,0.2261,0.0128,0.1173,0.5078,0.2214,2026-06
CUST1009999,0.369,0.5075,0.4259,0.2023,0.4473,0.7335,2026-06
CUST1010000,0.2902,0.4474,0.2998,0.1283,0.5023,0.4114,2026-06
CUST1010001,0.4727,0.5323,0.3892,0.2452,0.2394,0.6829,2026-06
CUST1010002,0.4064,0.3851,0.0814,0.2416,0.1654,0.3211,2026-06
CUST1010003,0.3303,0.3539,0.4084,0.1403,0.3356,0.2136,2026-06
CUST1010004,0.3707,0.4329,0.4224,0.037,0.5189,0.4767,2026-06
CUST1010005,0.14,0.3036,0.3862,0.01,0.2508,0.4496,2026-06
CUST1010006,0.09279999999999999,0.7184,0.2097,0.0978,0.2733,0.5187,2026-06
CUST1010007,0.3711,0.092,0.2544,0.1758,0.3112,0.1103,2026-06
CUST1010008,0.1309,0.4123,0.1187,0.5665,0.2533,0.3431,2026-06
CUST1010009,0.4701,0.6474,0.5639999999999999,0.5928,0.3319,0.1827,2026-06
CUST1010010,0.2121,0.7393,0.2156,0.4014,0.2816,0.3481,2026-06
CUST1010011,0.2843,0.3962,0.3965,0.2837,0.247,0.2903,2026-06
CUST1010012,0.5182,0.218,0.1869,0.142,0.5587,0.2758,2026-06
CUST1010013,0.4093,0.607,0.2,0.6758,0.1724,0.3453,2026-06
CUST1010014,0.4189,0.2952,0.4273,0.4872,0.3325,0.4175,2026-06
CUST1010015,0.3868,0.408,0.3878,0.1958,0.2357,0.6227,2026-06
CUST1010016,0.49,0.5157,0.1187,0.1717,0.3212,0.5165999999999999,2026-06
CUST1010017,0.2262,0.2295,0.2676,0.2144,0.2265,0.398,2026-06
CUST1010018,0.284,0.3553,0.0594,0.2889,0.3421,0.2441,2026-06
CUST1010019,0.2354,0.2237,0.2697,0.2097,0.01,0.1846,2026-06
CUST1010020,0.4869,0.3456,0.3966,0.09180000000000001,0.4072,0.3705,2026-06
CUST1010021,0.2293,0.3831,0.2817,0.2463,0.4852,0.3342,2026-06
CUST1010022,0.3482,0.4759,0.2267,0.01,0.12,0.3898,2026-06
CUST1010023,0.5305,0.2548,0.2417,0.1284,0.3832,0.4844,2026-06
CUST1010024,0.4366,0.3904,0.325,0.2254,0.3805,0.3745,2026-06
CUST1010025,0.3228,0.4215,0.0987,0.0854,0.3095,0.0747,2026-06
CUST1010026,0.3006,0.3038,0.3027,0.1727,0.2852,0.348,2026-06
CUST1010027,0.4261,0.148,0.2975,0.1824,0.3608,0.1999,2026-06
CUST1010028,0.404,0.3198,0.1026,0.2573,0.2055,0.1409,2026-06
CUST1010029,0.3698,0.2016,0.2174,0.0516,0.4572,0.3256,2026-06
CUST1010030,0.1024,0.2795,0.01,0.6523,0.137,0.1244,2026-06
CUST1010031,0.6042,0.4668,0.3199,0.2383,0.2924,0.4295,2026-06
CUST1010032,0.203,0.5038,0.3357,0.1699,0.3905,0.6761,2026-06
CUST1010033,0.3113,0.7015,0.1126,0.2915,0.267,0.6486,2026-06
CUST1010034,0.3281,0.5873,0.054,0.1809,0.4113,0.2818,2026-06
CUST1010035,0.449,0.7376,0.142,0.066,0.3117,0.28,2026-06
CUST1010036,0.5081,0.46,0.4262,0.1756,0.2368,0.478,2026-06
CUST1010037,0.2384,0.6209,0.0988,0.2265,0.2585,0.4055,2026-06
CUST1010038,0.2066,0.5604,0.4089,0.1824,0.4593,0.3562,2026-06
CUST1010039,0.2013,0.4479,0.5727,0.165,0.4317,0.4424,2026-06
CUST1010040,0.5281,0.4489,0.306,0.2359,0.4147,0.211,2026-06
CUST1010041,0.4369,0.479,0.3057,0.2199,0.3294,0.3917,2026-06
CUST1010042,0.1749,0.2395,0.4107,0.33,0.3579,0.5581,2026-06
CUST1010043,0.4412,0.5508,0.5738,0.1795,0.3513,0.5065,2026-06
CUST1010044,0.2643,0.3538,0.281,0.1344,0.2388,0.5405,2026-06
CUST1010045,0.2325,0.3937,0.5427999999999999,0.1832,0.2791,0.2549,2026-06
CUST1010046,0.1389,0.096,0.291,0.1929,0.1723,0.1943,2026-06
CUST1010047,0.5949,0.4629,0.4907,0.2858,0.4605,0.2658,2026-06
CUST1010048,0.3121,0.3793,0.393,0.1787,0.3873,0.4432,2026-06
CUST1010049,0.3315,0.4172,0.4056,0.5501,0.2581,0.2962,2026-06
CUST1010050,0.5151,0.4303,0.3827,0.09810000000000001,0.3304,0.4775,2026-06
CUST1010051,0.2852,0.623,0.1368,0.1503,0.2645,0.3959,2026-06
CUST1010052,0.4759,0.451,0.1613,0.2688,0.3802,0.1447,2026-06
CUST1010053,0.4691,0.59,0.3557,0.2238,0.3157,0.5394,2026-06
CUST1010054,0.5773,0.3554,0.2665,0.1345,0.5225,0.1399,2026-06
CUST1010055,0.5614,0.3648,0.01,0.1508,0.3035,0.0152,2026-06
CUST1010056,0.2541,0.4195,0.4046,0.149,0.3524,0.4001,2026-06
CUST1010057,0.4682,0.4421,0.3071,0.1291,0.3477,0.3832,2026-06
CUST1010058,0.5891,0.7581,0.5135,0.2649,0.3883,0.3234,2026-06
CUST1010059,0.5945,0.8732,0.2876,0.01,0.3555,0.3549,2026-06
CUST1010060,0.06859999999999999,0.4946,0.2215,0.1889,0.2691,0.3272,2026-06
CUST1010061,0.3808,0.4499,0.2673,0.5157,0.2939,0.5114,2026-06
CUST1010062,0.3216,0.27,0.2546,0.121,0.4474,0.2374,2026-06
CUST1010063,0.2692,0.6236,0.1654,0.3152,0.4353,0.4359,2026-06
CUST1010064,0.3573,0.1747,0.1665,0.1969,0.275,0.2328,2026-06
CUST1010065,0.2838,0.4548,0.4085,0.144,0.2509,0.1701,2026-06
CUST1010066,0.3986,0.394,0.5629999999999999,0.2845,0.2652,0.443,2026-06
CUST1010067,0.5831,0.6577,0.4527,0.1356,0.2782,0.348,2026-06
CUST1010068,0.3086,0.4349,0.4317,0.2328,0.3283,0.4626,2026-06
CUST1010069,0.4074,0.3832,0.2264,0.2469,0.4517,0.3592,2026-06
CUST1010070,0.07920000000000001,0.24,0.2397,0.2532,0.1518,0.0856,2026-06
CUST1010071,0.4288,0.5903,0.2833,0.265,0.3727,0.5022,2026-06
CUST1010072,0.6819,0.6614,0.3372,0.5491,0.1457,0.3823,2026-06
CUST1010073,0.5135,0.5003,0.4249,0.2273,0.3796,0.5512,2026-06
CUST1010074,0.3817,0.2386,0.3445,0.0594,0.3216,0.1002,2026-06
CUST1010075,0.271,0.3244,0.1521,0.1101,0.5552,0.1521,2026-06
CUST1010076,0.1774,0.2244,0.2583,0.1677,0.5014,0.3063,2026-06
CUST1010077,0.5232,0.3339,0.1947,0.1564,0.26,0.2522,2026-06
CUST1010078,0.1857,0.2858,0.3895,0.2446,0.2641,0.1991,2026-06
CUST1010079,0.4484,0.7544,0.4134,0.2026,0.4308,0.3504,2026-06
CUST1010080,0.226,0.4378,0.1531,0.2095,0.2438,0.3411,2026-06
CUST1010081,0.1531,0.1897,0.333,0.1808,0.1426,0.0156,2026-06
CUST1010082,0.3249,0.5379,0.2944,0.2348,0.2339,0.2871,2026-06
CUST1010083,0.2645,0.4128,0.4276,0.2582,0.3788,0.3515,2026-06
CUST1010084,0.2526,0.4947,0.2097,0.1184,0.5687,0.505,2026-06
CUST1010085,0.3139,0.4539,0.4895,0.1114,0.2682,0.6253,2026-06
CUST1010086,0.4315,0.7227,0.177,0.2168,0.453,0.2217,2026-06
CUST1010087,0.282,0.4203,0.5483,0.1629,0.4169,0.5691000000000001,2026-06
CUST1010088,0.4839,0.4824,0.308,0.1305,0.4432,0.3597,2026-06
CUST1010089,0.3366,0.2597,0.343,0.2896,0.2648,0.2664,2026-06
CUST1010090,0.5459000000000001,0.5778,0.4472,0.2569,0.3492,0.4113,2026-06
CUST1010091,0.4502,0.3929,0.0365,0.2505,0.3926,0.2014,2026-06
CUST1010092,0.2518,0.212,0.0465,0.219,0.3779,0.215,2026-06
CUST1010093,0.27,0.3694,0.3451,0.0301,0.3634,0.5456,2026-06
CUST1010094,0.261,0.1512,0.1535,0.2944,0.406,0.2134,2026-06
CUST1010095,0.5052,0.6146,0.6163999999999999,0.2024,0.3618,0.47,2026-06
CUST1010096,0.4567,0.3683,0.4415,0.0424,0.7628,0.01,2026-06
CUST1010097,0.3128,0.7518,0.2135,0.1174,0.1722,0.4531,2026-06
CUST1010098,0.204,0.5574,0.1598,0.0645,0.1306,0.2125,2026-06
CUST1010099,0.5557,0.6333,0.1777,0.2057,0.2588,0.293,2026-06
CUST1010100,0.2192,0.3506,0.4086,0.1743,0.4591,0.2636,2026-06
CUST1010101,0.0458,0.5205,0.061,0.2022,0.3274,0.5499000000000001,2026-06
CUST1010102,0.2193,0.2229,0.4147,0.2044,0.3732,0.265,2026-06
CUST1010103,0.3289,0.5349,0.3456,0.2643,0.4321,0.3541,2026-06
CUST1010104,0.4084,0.3322,0.2328,0.1922,0.4136,0.1178,2026-06
CUST1010105,0.2812,0.5594,0.1842,0.1427,0.3815,0.4862,2026-06
CUST1010106,0.1623,0.4216,0.2043,0.08840000000000001,0.3996,0.2297,2026-06
CUST1010107,0.337,0.4855,0.3887,0.1031,0.2461,0.3848,2026-06
CUST1010108,0.2862,0.5327,0.2568,0.2006,0.2867,0.3693,2026-06
CUST1010109,0.2893,0.4104,0.5013,0.3416,0.2002,0.5605,2026-06
CUST1010110,0.4849,0.6214,0.3608,0.1645,0.2188,0.5296,2026-06
CUST1010111,0.4946,0.5616,0.4459,0.1994,0.2395,0.6864,2026-06
CUST1010112,0.3534,0.3838,0.4947,0.2455,0.3955,0.5154,2026-06
CUST1010113,0.5233,0.4288,0.2468,0.2033,0.6711,0.3159,2026-06
CUST1010114,0.2791,0.3665,0.2706,0.292,0.2251,0.1233,2026-06
CUST1010115,0.3441,0.4581,0.09329999999999999,0.1579,0.277,0.1368,2026-06
CUST1010116,0.3122,0.284,0.3357,0.1795,0.2248,0.0482,2026-06
CUST1010117,0.3378,0.7176,0.365,0.1641,0.2314,0.2726,2026-06
CUST1010118,0.2888,0.3736,0.1813,0.0747,0.3111,0.0524,2026-06
CUST1010119,0.1721,0.367,0.4803,0.0487,0.3799,0.4154,2026-06
CUST1010120,0.3082,0.4175,0.5081,0.2093,0.3396,0.2672,2026-06
CUST1010121,0.0667,0.4771,0.1808,0.1961,0.4173,0.4082,2026-06
CUST1010122,0.4272,0.3094,0.4133,0.1234,0.3193,0.5718,2026-06
CUST1010123,0.3031,0.2148,0.09950000000000001,0.1319,0.2257,0.1368,2026-06
CUST1010124,0.5256999999999999,0.6363,0.2672,0.1555,0.303,0.3757,2026-06
CUST1010125,0.479,0.6395,0.2683,0.1356,0.3794,0.3634,2026-06
CUST1010126,0.2937,0.3002,0.1514,0.3038,0.2465,0.1612,2026-06
CUST1010127,0.5095,0.5309,0.4538,0.1852,0.2899,0.2204,2026-06
CUST1010128,0.4155,0.4142,0.3958,0.09959999999999999,0.1853,0.3491,2026-06
CUST1010129,0.339,0.3518,0.2514,0.2134,0.3994,0.3562,2026-06
CUST1010130,0.2371,0.5306999999999999,0.3797,0.0674,0.3837,0.2537,2026-06
CUST1010131,0.3569,0.2604,0.2049,0.2359,0.3477,0.1534,2026-06
CUST1010132,0.5508999999999999,0.4192,0.3825,0.2732,0.3926,0.5108,2026-06
CUST1010133,0.3103,0.2864,0.2269,0.1362,0.4056,0.2055,2026-06
CUST1010134,0.3502,0.104,0.2643,0.4971,0.3503,0.2795,2026-06
CUST1010135,0.5369,0.444,0.3866,0.2028,0.4881,0.503,2026-06
CUST1010136,0.5174,0.4207,0.3148,0.4035,0.3485,0.1175,2026-06
CUST1010137,0.5268,0.3263,0.3116,0.6155,0.1509,0.0798,2026-06
CUST1010138,0.5161,0.4454,0.4556,0.1383,0.2887,0.6446,2026-06
CUST1010139,0.2957,0.7256,0.4854,0.144,0.4904,0.3521,2026-06
CUST1010140,0.1249,0.4387,0.01,0.1106,0.1529,0.3284,2026-06
CUST1010141,0.216,0.1567,0.1523,0.01,0.4887,0.0358,2026-06
CUST1010142,0.25,0.4189,0.1182,0.1247,0.4622,0.1794,2026-06
CUST1010143,0.4871,0.4648,0.5143,0.0767,0.3063,0.4183,2026-06
CUST1010144,0.3433,0.4698,0.5967,0.09959999999999999,0.3703,0.4054,2026-06
CUST1010145,0.4619,0.1888,0.2253,0.2259,0.349,0.1554,2026-06
CUST1010146,0.3981,0.3603,0.294,0.5779,0.4522,0.3633,2026-06
CUST1010147,0.5585,0.51,0.3424,0.2413,0.5488,0.5336,2026-06
CUST1010148,0.2596,0.6065,0.203,0.2841,0.1652,0.193,2026-06
CUST1010149,0.2923,0.5208,0.1477,0.2112,0.4003,0.3849,2026-06
CUST1010150,0.6488,0.3151,0.4596,0.1603,0.4568,0.2989,2026-06
CUST1010151,0.3913,0.5028,0.2872,0.0766,0.3161,0.415,2026-06
CUST1010152,0.2408,0.1344,0.2461,0.1392,0.1441,0.1738,2026-06
CUST1010153,0.3023,0.265,0.3186,0.1733,0.2228,0.0294,2026-06
CUST1010154,0.1902,0.5905,0.1095,0.173,0.3567,0.5405,2026-06
CUST1010155,0.1066,0.2879,0.3619,0.2751,0.2754,0.3741,2026-06
CUST1010156,0.3546,0.7786999999999999,0.3296,0.1547,0.1541,0.4225,2026-06
CUST1010157,0.4926,0.6611,0.01,0.2488,0.386,0.5813,2026-06
CUST1010158,0.4167,0.2715,0.1648,0.1291,0.537,0.1882,2026-06
CUST1010159,0.2961,0.6632,0.4309,0.5675,0.1958,0.3339,2026-06
CUST1010160,0.2972,0.2611,0.1536,0.2576,0.5433,0.1675,2026-06
CUST1010161,0.2596,0.7374000000000001,0.4244,0.0485,0.4275,0.4567,2026-06
CUST1010162,0.2266,0.2114,0.2435,0.1626,0.3955,0.1916,2026-06
CUST1010163,0.2008,0.2566,0.078,0.0682,0.3008,0.3283,2026-06
CUST1010164,0.3101,0.5327,0.2441,0.187,0.3551,0.3469,2026-06
CUST1010165,0.3416,0.353,0.2867,0.0545,0.321,0.3589,2026-06
CUST1010166,0.3586,0.5342,0.5403,0.2341,0.1678,0.4397,2026-06
CUST1010167,0.6939,0.5397999999999999,0.4072,0.1867,0.4264,0.3939,2026-06
CUST1010168,0.1151,0.3071,0.2572,0.2268,0.3856,0.3133,2026-06
CUST1010169,0.4483,0.5936,0.4063,0.2089,0.6087,0.4846,2026-06
CUST1010170,0.5288,0.5764,0.3113,0.0905,0.384,0.2277,2026-06
CUST1010171,0.2315,0.6238,0.5348000000000001,0.1645,0.1705,0.3309,2026-06
CUST1010172,0.4503,0.4216,0.4644,0.1893,0.3878,0.2334,2026-06
CUST1010173,0.4021,0.4409,0.0534,0.2172,0.3464,0.1683,2026-06
CUST1010174,0.4147,0.5456,0.296,0.0235,0.4985,0.5236,2026-06
CUST1010175,0.5158,0.3288,0.3278,0.1588,0.4396,0.3543,2026-06
CUST1010176,0.5935,0.7294,0.2604,0.1566,0.3986,0.5014,2026-06
CUST1010177,0.4272,0.6626,0.4195,0.201,0.4417,0.271,2026-06
CUST1010178,0.2345,0.445,0.4378,0.1806,0.3821,0.2387,2026-06
CUST1010179,0.4453,0.4252,0.3401,0.1461,0.389,0.3539,2026-06
CUST1010180,0.3029,0.4513,0.2407,0.1384,0.2857,0.1456,2026-06
CUST1010181,0.4648,0.705,0.1936,0.1553,0.2898,0.383,2026-06
CUST1010182,0.3854,0.5142,0.4132,0.25,0.42,0.5788,2026-06
CUST1010183,0.4454,0.1965,0.2776,0.1747,0.1682,0.2402,2026-06
CUST1010184,0.2846,0.3855,0.5067,0.2624,0.2714,0.5406,2026-06
CUST1010185,0.1256,0.1377,0.01,0.2122,0.6163,0.0183,2026-06
CUST1010186,0.4382,0.3574,0.5361,0.0949,0.352,0.6794,2026-06
CUST1010187,0.2504,0.0911,0.1949,0.1949,0.5948,0.2356,2026-06
CUST1010188,0.01,0.4526,0.3283,0.0675,0.3484,0.5486,2026-06
CUST1010189,0.1768,0.6863,0.0989,0.2091,0.2762,0.5619,2026-06
CUST1010190,0.2797,0.4877,0.352,0.2501,0.2597,0.4105,2026-06
CUST1010191,0.4033,0.4884,0.2709,0.1155,0.3112,0.6421,2026-06
CUST1010192,0.3431,0.2215,0.2967,0.0629,0.5109,0.1803,2026-06
CUST1010193,0.3505,0.5115,0.3647,0.1595,0.4633,0.4313,2026-06
CUST1010194,0.4877,0.656,0.4866,0.2305,0.3684,0.3959,2026-06
CUST1010195,0.4882,0.6354,0.5285,0.0819,0.18,0.5163,2026-06
CUST1010196,0.1416,0.3986,0.2003,0.062,0.2493,0.3847,2026-06
CUST1010197,0.4811,0.2704,0.494,0.0984,0.2842,0.2785,2026-06
CUST1010198,0.486,0.5315,0.6193,0.7599,0.3017,0.1873,2026-06
CUST1010199,0.3435,0.6588000000000001,0.1873,0.2306,0.2785,0.2617,2026-06
CUST1010200,0.5436,0.427,0.3199,0.2664,0.1886,0.3115,2026-06
CUST1010201,0.1712,0.2836,0.2548,0.6183,0.3281,0.0973,2026-06
CUST1010202,0.01,0.3714,0.0392,0.141,0.3117,0.1438,2026-06
CUST1010203,0.4533,0.4762,0.2662,0.1798,0.3728,0.1721,2026-06
CUST1010204,0.2195,0.4511,0.3836,0.0862,0.2885,0.6726,2026-06
CUST1010205,0.1803,0.3159,0.01,0.2778,0.2365,0.111,2026-06
CUST1010206,0.5106000000000001,0.2691,0.1219,0.2478,0.3424,0.2709,2026-06
CUST1010207,0.2204,0.4957,0.3779,0.07820000000000001,0.2131,0.5527,2026-06
CUST1010208,0.4342,0.4533,0.3046,0.0391,0.4148,0.6895,2026-06
CUST1010209,0.2894,0.3808,0.4283,0.0621,0.3519,0.5856,2026-06
CUST1010210,0.1306,0.6264999999999999,0.297,0.2609,0.4403,0.7346,2026-06
CUST1010211,0.4019,0.4539,0.4855,0.1601,0.3093,0.3168,2026-06
CUST1010212,0.4284,0.3857,0.2806,0.381,0.3777,0.3528,2026-06
CUST1010213,0.2,0.2099,0.01,0.3371,0.3331,0.07829999999999999,2026-06
CUST1010214,0.3667,0.3058,0.4767,0.3053,0.3031,0.5620000000000001,2026-06
CUST1010215,0.4023,0.6122,0.3076,0.1434,0.3564,0.3028,2026-06
CUST1010216,0.5165999999999999,0.4305,0.3932,0.1272,0.3301,0.6006,2026-06
CUST1010217,0.2332,0.225,0.0694,0.1727,0.3378,0.1472,2026-06
CUST1010218,0.5446,0.5511,0.1013,0.2059,0.2895,0.5082,2026-06
CUST1010219,0.5044,0.4718,0.446,0.326,0.3349,0.4563,2026-06
CUST1010220,0.5888,0.484,0.5496,0.2488,0.3869,0.2964,2026-06
CUST1010221,0.3412,0.7349,0.2287,0.1241,0.2964,0.6165,2026-06
CUST1010222,0.3327,0.2451,0.1623,0.1603,0.4024,0.1578,2026-06
CUST1010223,0.1818,0.1571,0.0202,0.3026,0.4996,0.1655,2026-06
CUST1010224,0.5165,0.6207,0.2731,0.4876,0.3455,0.5058,2026-06
CUST1010225,0.4091,0.6655,0.3378,0.2167,0.3379,0.3727,2026-06
CUST1010226,0.2461,0.1631,0.2756,0.198,0.3296,0.0809,2026-06
CUST1010227,0.231,0.3592,0.249,0.2401,0.3956,0.4512,2026-06
CUST1010228,0.2545,0.286,0.4644,0.2241,0.3446,0.4889,2026-06
CUST1010229,0.2939,0.3055,0.5312,0.0868,0.3076,0.5138,2026-06
CUST1010230,0.448,0.4307,0.4814,0.3409,0.5174,0.7212,2026-06
CUST1010231,0.5249,0.1665,0.2257,0.1063,0.5488,0.1787,2026-06
CUST1010232,0.4956,0.3151,0.3597,0.1698,0.3582,0.4153,2026-06
CUST1010233,0.3455,0.3568,0.1127,0.1316,0.4129,0.151,2026-06
CUST1010234,0.6037,0.4237,0.09039999999999999,0.1139,0.3504,0.1985,2026-06
CUST1010235,0.5255,0.3981,0.2972,0.0743,0.2483,0.3635,2026-06
CUST1010236,0.1695,0.4464,0.3971,0.1218,0.2039,0.264,2026-06
CUST1010237,0.249,0.1458,0.2234,0.1201,0.1322,0.06610000000000001,2026-06
CUST1010238,0.3767,0.4221,0.3344,0.2027,0.5276999999999999,0.6675,2026-06
CUST1010239,0.2704,0.5424,0.4608,0.2489,0.3972,0.4506,2026-06
CUST1010240,0.1053,0.6541,0.2804,0.1792,0.4259,0.4564,2026-06
CUST1010241,0.2113,0.462,0.0177,0.2475,0.1744,0.1118,2026-06
CUST1010242,0.4048,0.5077,0.5129,0.1404,0.416,0.6482,2026-06
CUST1010243,0.3594,0.2179,0.1934,0.2295,0.547,0.2102,2026-06
CUST1010244,0.1623,0.4938,0.0223,0.0784,0.1942,0.01,2026-06
CUST1010245,0.0766,0.7038,0.3508,0.2181,0.3089,0.4891,2026-06
CUST1010246,0.4277,0.6108,0.01,0.3151,0.3043,0.3779,2026-06
CUST1010247,0.2785,0.1317,0.2916,0.0402,0.2648,0.1104,2026-06
CUST1010248,0.6935,0.2703,0.2324,0.0531,0.4083,0.4056,2026-06
CUST1010249,0.2143,0.4749,0.4223,0.01,0.2942,0.5815,2026-06
CUST1010250,0.4495,0.6535,0.3343,0.1232,0.3355,0.6334,2026-06
CUST1010251,0.2768,0.5842000000000001,0.1644,0.5488,0.1681,0.2621,2026-06
CUST1010252,0.5716,0.4992,0.3333,0.1419,0.3465,0.3623,2026-06
CUST1010253,0.2629,0.5064,0.3442,0.039,0.2395,0.5826,2026-06
CUST1010254,0.2148,0.5179,0.3322,0.2495,0.1349,0.5886,2026-06
CUST1010255,0.5416,0.4305,0.3088,0.2298,0.4041,0.3942,2026-06
CUST1010256,0.6133,0.4137,0.459,0.1337,0.3431,0.2663,2026-06
CUST1010257,0.3494,0.4164,0.1275,0.2498,0.4012,0.3539,2026-06
CUST1010258,0.3056,0.4466,0.4097,0.1523,0.5286,0.3649,2026-06
CUST1010259,0.3925,0.5104,0.5329,0.2467,0.392,0.4904,2026-06
CUST1010260,0.2401,0.0935,0.045,0.092,0.226,0.1988,2026-06
CUST1010261,0.389,0.3624,0.116,0.1985,0.3567,0.21,2026-06
CUST1010262,0.3221,0.4416,0.3482,0.2806,0.3703,0.3622,2026-06
CUST1010263,0.3674,0.535,0.5107,0.0965,0.5071,0.4793,2026-06
CUST1010264,0.5713,0.4174,0.4195,0.3577,0.3113,0.4919,2026-06
CUST1010265,0.2173,0.06569999999999999,0.01,0.1514,0.457,0.06619999999999999,2026-06
CUST1010266,0.5924,0.4872,0.3949,0.128,0.2024,0.5282,2026-06
CUST1010267,0.179,0.5132,0.3544,0.3089,0.3163,0.4243,2026-06
CUST1010268,0.4656,0.3965,0.01,0.5612,0.1548,0.1897,2026-06
CUST1010269,0.3352,0.3721,0.4302,0.1886,0.3923,0.4232,2026-06
CUST1010270,0.5409,0.5545,0.5664,0.1567,0.2929,0.5356,2026-06
CUST1010271,0.3717,0.5167,0.1905,0.2487,0.5652,0.2628,2026-06
CUST1010272,0.3623,0.301,0.01,0.1262,0.219,0.197,2026-06
CUST1010273,0.4416,0.7052,0.1431,0.1955,0.1981,0.1971,2026-06
CUST1010274,0.5276999999999999,0.2996,0.4141,0.0901,0.4781,0.5049,2026-06
CUST1010275,0.4003,0.3191,0.4504,0.1957,0.3155,0.3237,2026-06
CUST1010276,0.5364,0.4699,0.459,0.1382,0.5263,0.5283,2026-06
CUST1010277,0.33,0.5065,0.0712,0.4722,0.2856,0.185,2026-06
CUST1010278,0.5164,0.4914,0.4738,0.2809,0.4884,0.7436,2026-06
CUST1010279,0.2223,0.3611,0.2031,0.0738,0.3993,0.4656,2026-06
CUST1010280,0.4953,0.7171,0.3138,0.1795,0.3511,0.5064,2026-06
CUST1010281,0.3541,0.386,0.3949,0.1172,0.5338000000000001,0.5978,2026-06
CUST1010282,0.441,0.7006,0.5652,0.2404,0.1373,0.4789,2026-06
CUST1010283,0.4925,0.6551,0.2436,0.1343,0.4319,0.4184,2026-06
CUST1010284,0.2124,0.219,0.1273,0.2222,0.1958,0.1692,2026-06
CUST1010285,0.3623,0.6229,0.4364,0.1469,0.2236,0.2838,2026-06
CUST1010286,0.2342,0.5604,0.0911,0.1284,0.335,0.4414,2026-06
CUST1010287,0.2876,0.6526,0.1606,0.1874,0.2471,0.5438,2026-06
CUST1010288,0.2994,0.529,0.469,0.2352,0.3528,0.2606,2026-06
CUST1010289,0.266,0.4346,0.01,0.3252,0.3045,0.0978,2026-06
CUST1010290,0.1149,0.5228,0.2121,0.137,0.6535,0.3148,2026-06
CUST1010291,0.4124,0.5783,0.4784,0.1162,0.2882,0.5886,2026-06
CUST1010292,0.3648,0.4276,0.3445,0.109,0.4021,0.5825,2026-06
CUST1010293,0.2721,0.298,0.1653,0.2032,0.1413,0.1452,2026-06
CUST1010294,0.2135,0.6802,0.161,0.3297,0.2064,0.3896,2026-06
CUST1010295,0.4215,0.316,0.4079,0.2301,0.3791,0.3761,2026-06
CUST1010296,0.48,0.2549,0.294,0.2106,0.5671,0.2017,2026-06
CUST1010297,0.5526,0.4157,0.4588,0.1493,0.4005,0.4077,2026-06
CUST1010298,0.3278,0.6018,0.1968,0.3405,0.2789,0.3972,2026-06
CUST1010299,0.253,0.4745,0.1429,0.0518,0.3536,0.404,2026-06
CUST1010300,0.3746,0.1657,0.2428,0.1913,0.2656,0.1281,2026-06
CUST1010301,0.2433,0.1541,0.2586,0.1844,0.3088,0.1439,2026-06
CUST1010302,0.2943,0.5175999999999999,0.3219,0.0989,0.4074,0.6577,2026-06
CUST1010303,0.4399,0.4188,0.4302,0.211,0.3187,0.4065,2026-06
CUST1010304,0.3077,0.4285,0.4605,0.106,0.4295,0.4074,2026-06
CUST1010305,0.2188,0.3941,0.2843,0.09279999999999999,0.2394,0.1674,2026-06
CUST1010306,0.4081,0.7053,0.0814,0.4061,0.2145,0.3761,2026-06
CUST1010307,0.2992,0.6042,0.2407,0.3443,0.115,0.2982,2026-06
CUST1010308,0.253,0.5528,0.2669,0.1327,0.275,0.441,2026-06
CUST1010309,0.2968,0.5876,0.0503,0.1356,0.2245,0.3055,2026-06
CUST1010310,0.5589,0.5992,0.39,0.01,0.1347,0.2852,2026-06
CUST1010311,0.2293,0.284,0.3402,0.2303,0.4103,0.3796,2026-06
CUST1010312,0.0586,0.5743,0.2778,0.233,0.3293,0.4232,2026-06
CUST1010313,0.4705,0.4274,0.4368,0.0886,0.6649,0.4473,2026-06
CUST1010314,0.3763,0.4381,0.1114,0.3723,0.2606,0.254,2026-06
CUST1010315,0.3762,0.4616,0.5381,0.1088,0.4517,0.4835,2026-06
CUST1010316,0.3234,0.4157,0.4287,0.6041,0.23,0.4731,2026-06
CUST1010317,0.4302,0.4374,0.06510000000000001,0.0793,0.2066,0.2844,2026-06
CUST1010318,0.6382,0.2647,0.426,0.1856,0.4542,0.0508,2026-06
CUST1010319,0.313,0.5038,0.3962,0.01,0.2924,0.5054,2026-06
CUST1010320,0.1625,0.4145,0.5607,0.1814,0.3422,0.2764,2026-06
CUST1010321,0.3063,0.2396,0.4946,0.09569999999999999,0.3407,0.5881999999999999,2026-06
CUST1010322,0.1969,0.1707,0.4272,0.2257,0.3358,0.2396,2026-06
CUST1010323,0.3867,0.4074,0.2287,0.1079,0.269,0.4573,2026-06
CUST1010324,0.378,0.3715,0.01,0.0603,0.4478,0.0873,2026-06
CUST1010325,0.1398,0.3671,0.491,0.1545,0.4096,0.3714,2026-06
CUST1010326,0.3349,0.2105,0.2616,0.0484,0.3536,0.348,2026-06
CUST1010327,0.6551,0.4061,0.4317,0.2124,0.5184,0.6914,2026-06
CUST1010328,0.3879,0.5505,0.421,0.2523,0.1893,0.2268,2026-06
CUST1010329,0.2628,0.7047,0.3794,0.2058,0.2579,0.2834,2026-06
CUST1010330,0.3794,0.6438,0.1824,0.1096,0.0917,0.3564,2026-06
CUST1010331,0.4534,0.5855,0.2233,0.3008,0.2126,0.4681,2026-06
CUST1010332,0.3568,0.4544,0.4358,0.2555,0.3238,0.4436,2026-06
CUST1010333,0.3528,0.2788,0.1036,0.1587,0.4665,0.3091,2026-06
CUST1010334,0.4461,0.294,0.4418,0.1665,0.272,0.6722,2026-06
CUST1010335,0.2015,0.1776,0.3798,0.01,0.3858,0.4302,2026-06
CUST1010336,0.2242,0.1659,0.3264,0.6963,0.2557,0.365,2026-06
CUST1010337,0.4094,0.47,0.1584,0.184,0.2707,0.0171,2026-06
CUST1010338,0.4954,0.4509,0.5678,0.2222,0.297,0.5342,2026-06
CUST1010339,0.1911,0.5649999999999999,0.5484,0.102,0.3649,0.4053,2026-06
CUST1010340,0.3208,0.7114,0.3991,0.2233,0.3489,0.4434,2026-06
CUST1010341,0.4632,0.7151999999999999,0.2319,0.0585,0.2978,0.3746,2026-06
CUST1010342,0.5192,0.6173999999999999,0.1137,0.1853,0.2034,0.3176,2026-06
CUST1010343,0.535,0.5621,0.3825,0.2404,0.3315,0.4563,2026-06
CUST1010344,0.2188,0.3459,0.0549,0.1839,0.07240000000000001,0.4421,2026-06
CUST1010345,0.2233,0.09660000000000001,0.01,0.1695,0.1955,0.06469999999999999,2026-06
CUST1010346,0.4798,0.6244,0.0631,0.2853,0.107,0.45,2026-06
CUST1010347,0.5691000000000001,0.7278,0.5939,0.1613,0.4002,0.5102,2026-06
CUST1010348,0.5056,0.6442,0.2422,0.5714,0.183,0.5786,2026-06
CUST1010349,0.4217,0.5987,0.2245,0.0246,0.1621,0.3111,2026-06
CUST1010350,0.4177,0.351,0.5551,0.1737,0.2791,0.5866,2026-06
CUST1010351,0.3212,0.6288,0.08500000000000001,0.2361,0.3002,0.5278,2026-06
CUST1010352,0.3179,0.2392,0.1754,0.2155,0.4366,0.1263,2026-06
CUST1010353,0.4834,0.2892,0.3914,0.1756,0.3055,0.5216,2026-06
CUST1010354,0.4077,0.4034,0.3198,0.1001,0.2965,0.6288,2026-06
CUST1010355,0.2158,0.3447,0.3133,0.2272,0.3079,0.5891999999999999,2026-06
CUST1010356,0.314,0.3843,0.2058,0.1388,0.3614,0.1659,2026-06
CUST1010357,0.5562,0.3973,0.3042,0.1199,0.5572,0.701,2026-06
CUST1010358,0.4661,0.4437,0.1205,0.1879,0.2477,0.08160000000000001,2026-06
CUST1010359,0.2496,0.2387,0.1794,0.2661,0.4327,0.1375,2026-06
CUST1010360,0.4454,0.5517,0.174,0.1703,0.2582,0.4574,2026-06
CUST1010361,0.4562,0.4701,0.1969,0.5487,0.26,0.3529,2026-06
CUST1010362,0.2979,0.5285,0.3298,0.2735,0.3074,0.5706,2026-06
CUST1010363,0.2317,0.2046,0.01,0.1662,0.2525,0.2623,2026-06
CUST1010364,0.3297,0.6677999999999999,0.2429,0.1151,0.4774,0.438,2026-06
CUST1010365,0.4817,0.4988,0.3864,0.2477,0.4513,0.2457,2026-06
CUST1010366,0.3453,0.4401,0.4093,0.5182,0.19,0.2499,2026-06
CUST1010367,0.4696,0.2411,0.2923,0.1864,0.3672,0.1415,2026-06
CUST1010368,0.6115,0.5448,0.3397,0.1683,0.4861,0.3912,2026-06
CUST1010369,0.2358,0.1249,0.2195,0.1129,0.25,0.0211,2026-06
CUST1010370,0.5554,0.3899,0.4,0.1753,0.4612,0.6553,2026-06
CUST1010371,0.2965,0.2919,0.064,0.2946,0.4443,0.2167,2026-06
CUST1010372,0.2917,0.2093,0.1884,0.1615,0.4139,0.0781,2026-06
CUST1010373,0.2217,0.5596,0.3232,0.2202,0.2899,0.7405,2026-06
CUST1010374,0.401,0.4082,0.4826,0.1792,0.4518,0.4136,2026-06
CUST1010375,0.4441,0.6012,0.5703,0.2117,0.4717,0.6506,2026-06
CUST1010376,0.3296,0.5167,0.4941,0.2318,0.4024,0.4183,2026-06
CUST1010377,0.246,0.2408,0.1685,0.2729,0.2145,0.1358,2026-06
CUST1010378,0.3007,0.6592,0.3801,0.3177,0.2999,0.3928,2026-06
CUST1010379,0.4654,0.3163,0.4362,0.1797,0.3327,0.4179,2026-06
CUST1010380,0.3832,0.447,0.01,0.2331,0.182,0.1798,2026-06
CUST1010381,0.1571,0.3535,0.3997,0.1613,0.2361,0.5111,2026-06
CUST1010382,0.346,0.467,0.5454,0.1876,0.4251,0.4058,2026-06
CUST1010383,0.2828,0.2243,0.4124,0.1422,0.2439,0.1227,2026-06
CUST1010384,0.3724,0.2426,0.3099,0.4212,0.1455,0.153,2026-06
CUST1010385,0.3114,0.3255,0.2286,0.1331,0.3206,0.3303,2026-06
CUST1010386,0.4194,0.4526,0.4103,0.2506,0.449,0.5858,2026-06
CUST1010387,0.1647,0.4285,0.1346,0.08160000000000001,0.4139,0.3089,2026-06
CUST1010388,0.2519,0.309,0.6409,0.6966,0.2916,0.5268,2026-06
CUST1010389,0.2948,0.5171,0.3655,0.1706,0.6022999999999999,0.5196,2026-06
CUST1010390,0.4442,0.6674,0.4889,0.2551,0.315,0.3072,2026-06
CUST1010391,0.4594,0.6898,0.4412,0.2905,0.2989,0.5873,2026-06
CUST1010392,0.444,0.7421,0.2132,0.2939,0.2664,0.5423,2026-06
CUST1010393,0.3437,0.4442,0.0595,0.5641,0.1577,0.1659,2026-06
CUST1010394,0.3071,0.2627,0.2951,0.2052,0.5499000000000001,0.2273,2026-06
CUST1010395,0.4051,0.6758999999999999,0.2473,0.1437,0.2533,0.3834,2026-06
CUST1010396,0.2457,0.4189,0.2076,0.2155,0.3216,0.2341,2026-06
CUST1010397,0.196,0.2173,0.1246,0.2004,0.3283,0.1757,2026-06
CUST1010398,0.3922,0.3946,0.4299,0.225,0.5441,0.6707,2026-06
CUST1010399,0.1652,0.323,0.4951,0.614,0.1501,0.5754,2026-06
CUST1010400,0.5561,0.346,0.4403,0.2549,0.5538,0.4442,2026-06
CUST1010401,0.2646,0.2039,0.1315,0.0189,0.3688,0.01,2026-06
CUST1010402,0.5750999999999999,0.4409,0.4049,0.3438,0.4231,0.4793,2026-06
CUST1010403,0.4002,0.6781,0.3748,0.08740000000000001,0.2791,0.3354,2026-06
CUST1010404,0.3051,0.4528,0.2892,0.0507,0.3686,0.6077,2026-06
CUST1010405,0.5024,0.3151,0.4305,0.2069,0.36,0.5852000000000001,2026-06
CUST1010406,0.1249,0.5991,0.1143,0.2919,0.2222,0.1328,2026-06
CUST1010407,0.5013,0.3729,0.4398,0.5818,0.2243,0.5135,2026-06
CUST1010408,0.3531,0.3882,0.4881,0.198,0.407,0.3448,2026-06
CUST1010409,0.3507,0.5994,0.2797,0.2765,0.1781,0.3703,2026-06
CUST1010410,0.1774,0.2701,0.1565,0.2136,0.3256,0.0354,2026-06
CUST1010411,0.2063,0.5947,0.1732,0.2627,0.3337,0.3167,2026-06
CUST1010412,0.536,0.6032,0.1999,0.2233,0.2798,0.487,2026-06
CUST1010413,0.3953,0.4859,0.439,0.112,0.3017,0.3737,2026-06
CUST1010414,0.5175,0.4911,0.3463,0.0828,0.542,0.4673,2026-06
CUST1010415,0.4399,0.6872,0.3486,0.2654,0.1891,0.379,2026-06
CUST1010416,0.4519,0.4514,0.4659,0.1318,0.3087,0.5474,2026-06
CUST1010417,0.4425,0.2384,0.1859,0.1354,0.3827,0.1512,2026-06
CUST1010418,0.5184,0.3352,0.1738,0.1348,0.2467,0.07630000000000001,2026-06
CUST1010419,0.5068,0.1869,0.2924,0.5634,0.3585,0.01,2026-06
CUST1010420,0.2621,0.43,0.2342,0.1057,0.315,0.4027,2026-06
CUST1010421,0.1954,0.4395,0.5059,0.1338,0.5279,0.5915,2026-06
CUST1010422,0.5679,0.4183,0.4104,0.1393,0.2378,0.4963,2026-06
CUST1010423,0.4784,0.5531,0.3004,0.1127,0.4695,0.4805,2026-06
CUST1010424,0.2869,0.3426,0.2909,0.2806,0.3381,0.4194,2026-06
CUST1010425,0.1418,0.2944,0.4101,0.1686,0.3078,0.1268,2026-06
CUST1010426,0.0906,0.5155999999999999,0.1911,0.5274,0.0351,0.5757,2026-06
CUST1010427,0.579,0.3527,0.1697,0.061,0.5609,0.1279,2026-06
CUST1010428,0.3153,0.6107,0.2181,0.07630000000000001,0.1953,0.4651,2026-06
CUST1010429,0.4723,0.5555,0.4445,0.176,0.4273,0.3277,2026-06
CUST1010430,0.2868,0.5375,0.5406,0.1696,0.3369,0.5461,2026-06
CUST1010431,0.4167,0.6934,0.4758,0.1831,0.2441,0.6832,2026-06
CUST1010432,0.1696,0.3972,0.1399,0.2774,0.1234,0.1787,2026-06
CUST1010433,0.268,0.5737,0.2532,0.4919,0.2337,0.2978,2026-06
CUST1010434,0.2267,0.1949,0.06270000000000001,0.1624,0.3227,0.0737,2026-06
CUST1010435,0.3741,0.4586,0.4334,0.1599,0.06270000000000001,0.5673,2026-06
CUST1010436,0.3368,0.3656,0.1215,0.26,0.3906,0.2074,2026-06
CUST1010437,0.3109,0.7138,0.0645,0.1494,0.1793,0.5947,2026-06
CUST1010438,0.4588,0.3175,0.5048,0.2614,0.315,0.7014,2026-06
CUST1010439,0.1794,0.4258,0.2833,0.0946,0.3697,0.3922,2026-06
CUST1010440,0.1061,0.4496,0.01,0.164,0.208,0.2031,2026-06
CUST1010441,0.2943,0.5901999999999999,0.1611,0.234,0.2705,0.3724,2026-06
CUST1010442,0.3201,0.4782,0.428,0.1697,0.3832,0.5569,2026-06
CUST1010443,0.3314,0.663,0.2223,0.1427,0.2205,0.5063,2026-06
CUST1010444,0.1461,0.1859,0.01,0.1646,0.4591,0.287,2026-06
CUST1010445,0.1099,0.457,0.2834,0.1747,0.5181,0.4151,2026-06
CUST1010446,0.01,0.1042,0.1357,0.2696,0.4211,0.2579,2026-06
CUST1010447,0.6183,0.6044,0.2899,0.2648,0.2238,0.4049,2026-06
CUST1010448,0.2075,0.4744,0.1588,0.218,0.2679,0.39,2026-06
CUST1010449,0.3314,0.3898,0.4945,0.08110000000000001,0.2619,0.3332,2026-06
CUST1010450,0.3758,0.6692,0.5474,0.182,0.2171,0.3146,2026-06
CUST1010451,0.3559,0.4527,0.1419,0.2386,0.3072,0.2616,2026-06
CUST1010452,0.2666,0.5069,0.1559,0.2083,0.2306,0.3938,2026-06
CUST1010453,0.3975,0.4885,0.0601,0.3493,0.2615,0.1325,2026-06
CUST1010454,0.3998,0.4891,0.4663,0.2434,0.1966,0.5453,2026-06
CUST1010455,0.5179,0.5503,0.3586,0.1794,0.3665,0.3999,2026-06
CUST1010456,0.2272,0.5668,0.2499,0.1812,0.266,0.4194,2026-06
CUST1010457,0.3721,0.4997,0.3558,0.1855,0.3011,0.4248,2026-06
CUST1010458,0.5374,0.489,0.4145,0.2247,0.4532,0.7682,2026-06
CUST1010459,0.1579,0.4768,0.4485,0.1762,0.1859,0.5486,2026-06
CUST1010460,0.4077,0.7346,0.4824,0.1169,0.5401,0.4338,2026-06
CUST1010461,0.3089,0.3114,0.41,0.2645,0.2844,0.0424,2026-06
CUST1010462,0.3544,0.5256,0.1679,0.1752,0.6225000000000001,0.2595,2026-06
CUST1010463,0.3265,0.2478,0.508,0.2131,0.243,0.403,2026-06
CUST1010464,0.5555,0.5895,0.2988,0.2201,0.2891,0.3258,2026-06
CUST1010465,0.5570000000000001,0.4656,0.4063,0.1434,0.4784,0.4558,2026-06
CUST1010466,0.259,0.2329,0.0191,0.3452,0.2128,0.1439,2026-06
CUST1010467,0.4353,0.525,0.3686,0.2684,0.2767,0.3776,2026-06
CUST1010468,0.4699,0.5715,0.3448,0.1389,0.2874,0.8121,2026-06
CUST1010469,0.3211,0.5211,0.01,0.2085,0.3362,0.2734,2026-06
CUST1010470,0.3644,0.2554,0.144,0.1751,0.2595,0.1616,2026-06
CUST1010471,0.2219,0.2288,0.3737,0.3041,0.1362,0.3578,2026-06
CUST1010472,0.4853,0.4886,0.4636,0.0958,0.4083,0.4584,2026-06
CUST1010473,0.2637,0.3023,0.4383,0.1915,0.3517,0.3456,2026-06
CUST1010474,0.4796,0.4869,0.4487,0.1779,0.2881,0.5225,2026-06
CUST1010475,0.3225,0.0732,0.0625,0.1362,0.2454,0.1167,2026-06
CUST1010476,0.0556,0.4148,0.3475,0.1859,0.422,0.3244,2026-06
CUST1010477,0.1212,0.2457,0.01,0.2266,0.246,0.1442,2026-06
CUST1010478,0.0247,0.5818,0.3562,0.2435,0.2709,0.6836,2026-06
CUST1010479,0.31,0.5476,0.2327,0.1538,0.3191,0.6752,2026-06
CUST1010480,0.5041,0.5676,0.1985,0.159,0.2477,0.4697,2026-06
CUST1010481,0.1611,0.2386,0.2305,0.2781,0.206,0.1511,2026-06
CUST1010482,0.3825,0.7804,0.4227,0.2539,0.2771,0.4428,2026-06
CUST1010483,0.1777,0.3521,0.06909999999999999,0.2289,0.2622,0.1869,2026-06
CUST1010484,0.3551,0.216,0.0677,0.2505,0.5774,0.01,2026-06
CUST1010485,0.1723,0.5612,0.12,0.1294,0.5305,0.5427,2026-06
CUST1010486,0.2852,0.6699000000000001,0.1125,0.2474,0.1786,0.5911999999999999,2026-06
CUST1010487,0.4805,0.4053,0.2852,0.265,0.3458,0.4821,2026-06
CUST1010488,0.4376,0.5431,0.5304,0.2241,0.2866,0.4294,2026-06
CUST1010489,0.194,0.0886,0.1804,0.0461,0.4057,0.1026,2026-06
CUST1010490,0.2585,0.2425,0.0427,0.0255,0.3278,0.1223,2026-06
CUST1010491,0.5014999999999999,0.2678,0.3629,0.2371,0.4674,0.2867,2026-06
CUST1010492,0.3517,0.5874,0.4173,0.4011,0.8352000000000001,0.3507,2026-06
CUST1010493,0.4795,0.4889,0.4569,0.5218,0.2213,0.3448,2026-06
CUST1010494,0.267,0.6574,0.4414,0.228,0.2911,0.317,2026-06
CUST1010495,0.4872,0.4591,0.403,0.1871,0.5421,0.4569,2026-06
CUST1010496,0.5286999999999999,0.2735,0.3566,0.1811,0.3167,0.4154,2026-06
CUST1010497,0.3306,0.4325,0.5238,0.2435,0.2354,0.4863,2026-06
CUST1010498,0.3126,0.4685,0.4092,0.1665,0.4007,0.5895,2026-06
CUST1010499,0.173,0.488,0.1767,0.1656,0.257,0.3612,2026-06
CUST1010500,0.6068,0.4715,0.4141,0.2883,0.5555,0.3946,2026-06
CUST1010501,0.4087,0.4668,0.067,0.3014,0.145,0.1194,2026-06
CUST1010502,0.2989,0.5022,0.312,0.19,0.5377999999999999,0.3058,2026-06
CUST1010503,0.1224,0.0963,0.0216,0.1531,0.4143,0.2702,2026-06
CUST1010504,0.1948,0.6208,0.258,0.2334,0.2742,0.4235,2026-06
CUST1010505,0.373,0.3434,0.159,0.1295,0.3471,0.3604,2026-06
CUST1010506,0.5716,0.5656,0.2687,0.1214,0.4465,0.7679,2026-06
CUST1010507,0.2191,0.2636,0.2433,0.1668,0.2532,0.1347,2026-06
CUST1010508,0.1537,0.5941,0.1565,0.1947,0.2655,0.1664,2026-06
CUST1010509,0.6431,0.242,0.2728,0.2514,0.5967,0.01,2026-06
CUST1010510,0.2835,0.3907,0.261,0.1626,0.2496,0.3652,2026-06
CUST1010511,0.3509,0.5272,0.2224,0.1518,0.3206,0.4508,2026-06
CUST1010512,0.3634,0.3939,0.2831,0.5389,0.2975,0.2963,2026-06
CUST1010513,0.2345,0.4159,0.3265,0.08260000000000001,0.3077,0.5629,2026-06
CUST1010514,0.2932,0.2644,0.0471,0.156,0.3188,0.1775,2026-06
CUST1010515,0.1508,0.492,0.4474,0.2166,0.4646,0.3564,2026-06
CUST1010516,0.6059,0.5590000000000001,0.4801,0.01,0.4056,0.5013,2026-06
CUST1010517,0.2967,0.4992,0.1616,0.1322,0.2899,0.2672,2026-06
CUST1010518,0.4639,0.4639,0.6237,0.1592,0.3273,0.5103,2026-06
CUST1010519,0.4679,0.6569,0.382,0.1785,0.1648,0.5742,2026-06
CUST1010520,0.2566,0.3031,0.2985,0.1966,0.363,0.6399,2026-06
CUST1010521,0.163,0.3748,0.4015,0.191,0.2457,0.3324,2026-06
CUST1010522,0.2438,0.1871,0.2499,0.2993,0.2492,0.2744,2026-06
CUST1010523,0.3972,0.4549,0.4105,0.1267,0.3081,0.4133,2026-06
CUST1010524,0.2698,0.3227,0.0203,0.1708,0.2475,0.1129,2026-06
CUST1010525,0.3751,0.327,0.349,0.1435,0.3245,0.5043,2026-06
CUST1010526,0.4782,0.4598,0.4135,0.2453,0.3642,0.5111,2026-06
CUST1010527,0.4191,0.4416,0.5699,0.2732,0.4121,0.6931,2026-06
CUST1010528,0.2788,0.2964,0.01,0.231,0.2432,0.0361,2026-06
CUST1010529,0.1264,0.3905,0.077,0.2294,0.1914,0.1896,2026-06
CUST1010530,0.5501,0.4743,0.3231,0.2084,0.3142,0.5296999999999999,2026-06
CUST1010531,0.3338,0.1075,0.2678,0.2907,0.6224,0.06859999999999999,2026-06
CUST1010532,0.2432,0.6712,0.2324,0.1255,0.333,0.4592,2026-06
CUST1010533,0.1922,0.6616,0.1352,0.1602,0.417,0.3138,2026-06
CUST1010534,0.3666,0.2333,0.2157,0.1773,0.2878,0.0866,2026-06
CUST1010535,0.3871,0.3981,0.2846,0.2879,0.242,0.3179,2026-06
CUST1010536,0.4283,0.6577,0.3759,0.5067,0.2565,0.2856,2026-06
CUST1010537,0.4142,0.4486,0.4286,0.325,0.4624,0.6423,2026-06
CUST1010538,0.5504,0.2942,0.5194,0.1762,0.5276,0.338,2026-06
CUST1010539,0.4775,0.5994,0.1032,0.1522,0.3343,0.1329,2026-06
CUST1010540,0.4134,0.4676,0.01,0.2917,0.2495,0.1421,2026-06
CUST1010541,0.4458,0.5471,0.1562,0.1431,0.3966,0.4516,2026-06
CUST1010542,0.2899,0.3921,0.4106,0.143,0.2952,0.3558,2026-06
CUST1010543,0.1822,0.383,0.4347,0.1565,0.461,0.6166,2026-06
CUST1010544,0.2711,0.736,0.0438,0.2039,0.3166,0.3748,2026-06
CUST1010545,0.3218,0.2532,0.0801,0.2712,0.5780999999999999,0.1748,2026-06
CUST1010546,0.2799,0.2077,0.2308,0.07480000000000001,0.2727,0.2274,2026-06
CUST1010547,0.3282,0.275,0.2636,0.1161,0.4178,0.5657,2026-06
CUST1010548,0.2488,0.4586,0.2006,0.6851,0.0808,0.4126,2026-06
CUST1010549,0.3794,0.3656,0.4707,0.2973,0.4726,0.4336,2026-06
CUST1010550,0.5322,0.5916,0.3048,0.1728,0.2388,0.5508,2026-06
CUST1010551,0.5569,0.8336,0.1998,0.2193,0.2711,0.6002,2026-06
CUST1010552,0.4155,0.4837,0.451,0.2077,0.3703,0.5173,2026-06
CUST1010553,0.5194,0.3611,0.3469,0.1732,0.5189,0.5698,2026-06
CUST1010554,0.1304,0.5703,0.2169,0.2847,0.3262,0.3716,2026-06
CUST1010555,0.4208,0.7048,0.1314,0.269,0.2567,0.352,2026-06
CUST1010556,0.1088,0.5567,0.09719999999999999,0.2036,0.3045,0.4965,2026-06
CUST1010557,0.2697,0.5106000000000001,0.2241,0.134,0.2617,0.4798,2026-06
CUST1010558,0.4121,0.4608,0.01,0.2613,0.3668,0.4202,2026-06
CUST1010559,0.3449,0.4172,0.0172,0.1396,0.1529,0.0843,2026-06
CUST1010560,0.1886,0.1756,0.257,0.1747,0.0244,0.08840000000000001,2026-06
CUST1010561,0.1348,0.4417,0.1724,0.1805,0.3766,0.4546,2026-06
CUST1010562,0.4012,0.4574,0.5702,0.5321,0.2087,0.2326,2026-06
CUST1010563,0.4855,0.508,0.5345,0.0129,0.1322,0.4901,2026-06
CUST1010564,0.3555,0.2784,0.3526,0.01,0.3182,0.01,2026-06
CUST1010565,0.5084,0.5338000000000001,0.4059,0.1131,0.3664,0.505,2026-06
CUST1010566,0.2975,0.6249,0.2483,0.2239,0.2757,0.3506,2026-06
CUST1010567,0.098,0.3243,0.4953,0.09959999999999999,0.4458,0.4302,2026-06
CUST1010568,0.3747,0.4432,0.2308,0.1185,0.1841,0.2162,2026-06
CUST1010569,0.3722,0.326,0.0886,0.1091,0.3509,0.2028,2026-06
CUST1010570,0.3774,0.6394,0.3473,0.1132,0.3893,0.6309,2026-06
CUST1010571,0.5662,0.4155,0.5227000000000001,0.1593,0.3875,0.5915,2026-06
CUST1010572,0.2694,0.3762,0.2849,0.01,0.3504,0.0735,2026-06
CUST1010573,0.1109,0.2283,0.01,0.3766,0.1377,0.2229,2026-06
CUST1010574,0.3327,0.3422,0.4966,0.0897,0.2387,0.1659,2026-06
CUST1010575,0.3069,0.727,0.2226,0.022,0.2389,0.3331,2026-06
CUST1010576,0.3825,0.5067,0.2765,0.1744,0.4308,0.6331,2026-06
CUST1010577,0.411,0.251,0.1786,0.2489,0.4455,0.1118,2026-06
CUST1010578,0.4922,0.7561,0.2685,0.1382,0.235,0.5492,2026-06
CUST1010579,0.3977,0.487,0.4538,0.1431,0.3554,0.2953,2026-06
CUST1010580,0.6015,0.5441,0.1894,0.127,0.5651,0.4862,2026-06
CUST1010581,0.4752,0.4532,0.4186,0.1542,0.2539,0.7176,2026-06
CUST1010582,0.5564,0.5443,0.4581,0.6997,0.2529,0.4462,2026-06
CUST1010583,0.4089,0.4657,0.09329999999999999,0.0756,0.4923,0.3096,2026-06
CUST1010584,0.4695,0.6086,0.3219,0.1869,0.1691,0.4806,2026-06
CUST1010585,0.3802,0.3174,0.2927,0.5318000000000001,0.475,0.5606,2026-06
CUST1010586,0.3919,0.3438,0.3566,0.5901999999999999,0.2593,0.6001,2026-06
CUST1010587,0.2194,0.3946,0.4456,0.138,0.2262,0.2255,2026-06
CUST1010588,0.233,0.1925,0.1288,0.1385,0.2388,0.2544,2026-06
CUST1010589,0.1427,0.51,0.0707,0.2209,0.3405,0.4222,2026-06
CUST1010590,0.4942,0.4493,0.4562,0.1204,0.4524,0.6032,2026-06
CUST1010591,0.2918,0.4051,0.4199,0.2557,0.2778,0.3467,2026-06
CUST1010592,0.411,0.2186,0.3623,0.1911,0.2937,0.2958,2026-06
CUST1010593,0.5416,0.3885,0.3704,0.3459,0.2907,0.1679,2026-06
CUST1010594,0.2605,0.3519,0.4189,0.1415,0.4633,0.4046,2026-06
CUST1010595,0.2448,0.4191,0.168,0.0985,0.3533,0.388,2026-06
CUST1010596,0.273,0.4994,0.424,0.0862,0.3652,0.2283,2026-06
CUST1010597,0.4384,0.4375,0.3035,0.1659,0.3359,0.3165,2026-06
CUST1010598,0.2816,0.3338,0.3091,0.1904,0.264,0.2136,2026-06
CUST1010599,0.3375,0.4131,0.07389999999999999,0.1908,0.1529,0.5739,2026-06
CUST1010600,0.6004,0.5879,0.4909,0.2354,0.1963,0.4004,2026-06
CUST1010601,0.5832000000000001,0.4139,0.3996,0.0964,0.3632,0.4906,2026-06
CUST1010602,0.3128,0.5977,0.3624,0.0185,0.2583,0.247,2026-06
CUST1010603,0.3689,0.5054999999999999,0.2771,0.1812,0.411,0.5777,2026-06
CUST1010604,0.4896,0.6878,0.3919,0.1039,0.08260000000000001,0.5782,2026-06
CUST1010605,0.2688,0.1888,0.3014,0.2048,0.5497,0.2809,2026-06
CUST1010606,0.2722,0.4585,0.4326,0.3924,0.3371,0.6375,2026-06
CUST1010607,0.4261,0.5069,0.4543,0.1741,0.3798,0.5172,2026-06
CUST1010608,0.211,0.3716,0.3546,0.2131,0.2796,0.3545,2026-06
CUST1010609,0.351,0.3656,0.3834,0.1259,0.2656,0.4735,2026-06
CUST1010610,0.1585,0.2805,0.2558,0.2094,0.3945,0.1568,2026-06
CUST1010611,0.2081,0.2839,0.016,0.199,0.1805,0.0304,2026-06
CUST1010612,0.2675,0.2162,0.3797,0.1472,0.2324,0.4214,2026-06
CUST1010613,0.4475,0.5464,0.3468,0.129,0.3814,0.0305,2026-06
CUST1010614,0.224,0.2604,0.2737,0.12,0.309,0.1731,2026-06
CUST1010615,0.2533,0.1996,0.2575,0.1177,0.296,0.2088,2026-06
CUST1010616,0.379,0.5502,0.4564,0.2643,0.3304,0.508,2026-06
CUST1010617,0.263,0.3873,0.1635,0.1768,0.5498,0.5153,2026-06
CUST1010618,0.4652,0.5616,0.4158,0.0881,0.3376,0.2647,2026-06
CUST1010619,0.1839,0.2123,0.1487,0.2155,0.2777,0.3252,2026-06
CUST1010620,0.436,0.4472,0.0223,0.6811,0.2582,0.1371,2026-06
CUST1010621,0.4764,0.4945,0.4679,0.0532,0.3324,0.3509,2026-06
CUST1010622,0.1452,0.539,0.0774,0.1313,0.0757,0.2751,2026-06
CUST1010623,0.3233,0.4292,0.5224,0.2541,0.3509,0.3957,2026-06
CUST1010624,0.3893,0.7144,0.2315,0.0393,0.1025,0.5458,2026-06
CUST1010625,0.2998,0.6853,0.4157,0.2367,0.4178,0.6441,2026-06
CUST1010626,0.5168,0.3878,0.4386,0.0791,0.3756,0.6614,2026-06
CUST1010627,0.4305,0.5696,0.4029,0.2479,0.1963,0.544,2026-06
CUST1010628,0.5008,0.6221,0.202,0.5457,0.2096,0.4057,2026-06
CUST1010629,0.0713,0.368,0.3785,0.1993,0.3451,0.2544,2026-06
CUST1010630,0.3047,0.4702,0.0891,0.2548,0.5014999999999999,0.1543,2026-06
CUST1010631,0.3145,0.6876,0.2772,0.142,0.3338,0.5825,2026-06
CUST1010632,0.4373,0.3638,0.1337,0.2182,0.3174,0.4907,2026-06
CUST1010633,0.304,0.1682,0.3048,0.0507,0.3184,0.1361,2026-06
CUST1010634,0.2573,0.2266,0.2618,0.1707,0.5429,0.1973,2026-06
CUST1010635,0.3542,0.3243,0.3319,0.157,0.3459,0.1453,2026-06
CUST1010636,0.3045,0.4302,0.2235,0.1707,0.2845,0.0473,2026-06
CUST1010637,0.3214,0.6189,0.4674,0.187,0.194,0.6194,2026-06
CUST1010638,0.275,0.581,0.3764,0.1395,0.4165,0.3373,2026-06
CUST1010639,0.481,0.7103,0.2497,0.1989,0.2833,0.5891,2026-06
CUST1010640,0.6364,0.4345,0.4029,0.0351,0.3938,0.123,2026-06
CUST1010641,0.2103,0.4677,0.3213,0.1287,0.3786,0.4126,2026-06
CUST1010642,0.3558,0.2069,0.2893,0.2232,0.2102,0.3076,2026-06
CUST1010643,0.5201,0.4903,0.408,0.0498,0.3844,0.3522,2026-06
CUST1010644,0.636,0.854,0.4648,0.1765,0.3783,0.3811,2026-06
CUST1010645,0.42,0.4437,0.3874,0.2455,0.3666,0.4194,2026-06
CUST1010646,0.1403,0.3287,0.01,0.1174,0.3739,0.1339,2026-06
CUST1010647,0.2791,0.3053,0.1232,0.0612,0.3922,0.261,2026-06
CUST1010648,0.3703,0.4329,0.3864,0.01,0.4094,0.3934,2026-06
CUST1010649,0.3985,0.2656,0.01,0.1899,0.619,0.2092,2026-06
CUST1010650,0.4524,0.4055,0.4936,0.41,0.2573,0.6097,2026-06
CUST1010651,0.3923,0.5711000000000001,0.5533,0.1857,0.398,0.7244,2026-06
CUST1010652,0.518,0.5848,0.3005,0.5253,0.2313,0.3633,2026-06
CUST1010653,0.2855,0.1618,0.1703,0.1776,0.3036,0.4673,2026-06
CUST1010654,0.4461,0.2526,0.3061,0.1723,0.365,0.1919,2026-06
CUST1010655,0.4324,0.1712,0.2944,0.0156,0.5298,0.2696,2026-06
CUST1010656,0.3048,0.6404,0.225,0.1543,0.3345,0.3906,2026-06
CUST1010657,0.4659,0.6998,0.2745,0.2264,0.3257,0.3806,2026-06
CUST1010658,0.3956,0.2075,0.1736,0.01,0.2608,0.1332,2026-06
CUST1010659,0.2869,0.3674,0.3356,0.0366,0.3666,0.3808,2026-06
CUST1010660,0.3152,0.4723,0.3721,0.1704,0.2499,0.5702,2026-06
CUST1010661,0.5964,0.4145,0.5412,0.2388,0.346,0.4003,2026-06
CUST1010662,0.5421,0.5092,0.3037,0.01,0.578,0.363,2026-06
CUST1010663,0.2517,0.1471,0.1314,0.2047,0.3538,0.1752,2026-06
CUST1010664,0.4529,0.3465,0.4789,0.5132,0.2846,0.3761,2026-06
CUST1010665,0.2696,0.4311,0.1348,0.2146,0.3163,0.5533,2026-06
CUST1010666,0.2067,0.3883,0.2847,0.2596,0.3139,0.3875,2026-06
CUST1010667,0.4977,0.4173,0.4407,0.1682,0.6383,0.385,2026-06
CUST1010668,0.3408,0.5154,0.3501,0.0796,0.3761,0.5208,2026-06
CUST1010669,0.055,0.2402,0.01,0.1496,0.3335,0.2062,2026-06
CUST1010670,0.0747,0.6692,0.1636,0.3613,0.2779,0.3677,2026-06
CUST1010671,0.3162,0.5232,0.5397,0.1555,0.5449000000000001,0.2914,2026-06
CUST1010672,0.0611,0.3038,0.241,0.1373,0.2114,0.2264,2026-06
CUST1010673,0.038,0.5044999999999999,0.01,0.1831,0.2368,0.3935,2026-06
CUST1010674,0.4007,0.548,0.5404,0.1616,0.5638,0.6215000000000001,2026-06
CUST1010675,0.3291,0.1478,0.3326,0.2438,0.4159,0.413,2026-06
CUST1010676,0.1076,0.1665,0.3268,0.1432,0.3917,0.2503,2026-06
CUST1010677,0.551,0.5979,0.4438,0.09810000000000001,0.2072,0.3769,2026-06
CUST1010678,0.295,0.4146,0.2062,0.2286,0.5777,0.3569,2026-06
CUST1010679,0.0751,0.3847,0.09180000000000001,0.1352,0.2173,0.4704,2026-06
CUST1010680,0.0368,0.0403,0.0195,0.2522,0.6655,0.144,2026-06
CUST1010681,0.3741,0.6562,0.357,0.0799,0.2804,0.4478,2026-06
CUST1010682,0.313,0.3053,0.2652,0.0546,0.5774,0.156,2026-06
CUST1010683,0.4512,0.6457000000000001,0.1902,0.2328,0.159,0.4003,2026-06
CUST1010684,0.3608,0.5139,0.3699,0.176,0.3093,0.4171,2026-06
CUST1010685,0.4844,0.409,0.3711,0.1808,0.3981,0.3478,2026-06
CUST1010686,0.1998,0.348,0.1849,0.1052,0.4241,0.2983,2026-06
CUST1010687,0.3096,0.3806,0.3593,0.309,0.2247,0.3928,2026-06
CUST1010688,0.0944,0.4377,0.3545,0.1862,0.3105,0.4771,2026-06
CUST1010689,0.2109,0.5767,0.2978,0.2886,0.3801,0.2215,2026-06
CUST1010690,0.3038,0.3478,0.327,0.0486,0.6171,0.3474,2026-06
CUST1010691,0.214,0.5835,0.1323,0.1723,0.2141,0.3993,2026-06
CUST1010692,0.4835,0.5304,0.5019,0.1071,0.6007,0.218,2026-06
CUST1010693,0.4219,0.4528,0.5513,0.2296,0.415,0.5399,2026-06
CUST1010694,0.197,0.6955,0.1324,0.182,0.3358,0.3541,2026-06
CUST1010695,0.4591,0.3134,0.2881,0.2557,0.4337,0.276,2026-06
CUST1010696,0.2629,0.2824,0.2898,0.2186,0.0848,0.1839,2026-06
CUST1010697,0.4594,0.4419,0.3211,0.3081,0.4,0.511,2026-06
CUST1010698,0.3143,0.3298,0.2641,0.2466,0.5731000000000001,0.1207,2026-06
CUST1010699,0.4444,0.2462,0.2124,0.1643,0.4986,0.2708,2026-06
CUST1010700,0.3182,0.4799,0.4692,0.3841,0.4042,0.6058,2026-06
CUST1010701,0.3186,0.0871,0.2389,0.1416,0.2581,0.01,2026-06
CUST1010702,0.4173,0.6925,0.105,0.1792,0.2387,0.2988,2026-06
CUST1010703,0.2012,0.4873,0.2982,0.2298,0.1685,0.2557,2026-06
CUST1010704,0.2244,0.1668,0.2518,0.0457,0.4201,0.1673,2026-06
CUST1010705,0.5357,0.4351,0.4689,0.1831,0.437,0.4011,2026-06
CUST1010706,0.196,0.4201,0.3292,0.0987,0.3042,0.5318000000000001,2026-06
CUST1010707,0.413,0.4402,0.4237,0.6719000000000001,0.259,0.3186,2026-06
CUST1010708,0.5042,0.4123,0.3077,0.1937,0.3644,0.4228,2026-06
CUST1010709,0.2834,0.2044,0.114,0.1917,0.3925,0.266,2026-06
CUST1010710,0.174,0.2126,0.0403,0.3183,0.51,0.1038,2026-06
CUST1010711,0.3568,0.6223,0.3431,0.2203,0.2513,0.3043,2026-06
CUST1010712,0.1282,0.2859,0.064,0.25,0.232,0.2248,2026-06
CUST1010713,0.4096,0.5609,0.2938,0.2251,0.1734,0.3193,2026-06
CUST1010714,0.3551,0.4591,0.3381,0.3375,0.4491,0.6534,2026-06
CUST1010715,0.3636,0.445,0.2985,0.09950000000000001,0.6343,0.2804,2026-06
CUST1010716,0.0251,0.4928,0.4807,0.4296,0.3397,0.2297,2026-06
CUST1010717,0.2837,0.5241,0.5118,0.1407,0.3364,0.6307,2026-06
CUST1010718,0.1494,0.5931,0.1033,0.201,0.2544,0.48,2026-06
CUST1010719,0.3926,0.5075,0.235,0.1218,0.3464,0.4615,2026-06
CUST1010720,0.3043,0.4705,0.4575,0.2505,0.3846,0.4574,2026-06
CUST1010721,0.3451,0.4117,0.5834,0.1567,0.3386,0.5211,2026-06
CUST1010722,0.1814,0.4802,0.3711,0.7855,0.2502,0.5522,2026-06
CUST1010723,0.1653,0.3546,0.0819,0.4152,0.3084,0.2357,2026-06
CUST1010724,0.3838,0.6078,0.3646,0.1284,0.3611,0.3993,2026-06
CUST1010725,0.4126,0.4313,0.1353,0.1039,0.1882,0.3807,2026-06
CUST1010726,0.3787,0.4406,0.3125,0.1295,0.1398,0.5877,2026-06
CUST1010727,0.2506,0.6259,0.01,0.0336,0.2764,0.4029,2026-06
CUST1010728,0.5274,0.352,0.4938,0.0249,0.1957,0.573,2026-06
CUST1010729,0.2148,0.7355,0.1057,0.0515,0.2362,0.333,2026-06
CUST1010730,0.4693,0.4053,0.416,0.1718,0.2548,0.4023,2026-06
CUST1010731,0.1584,0.3619,0.1471,0.1766,0.4537,0.2688,2026-06
CUST1010732,0.3921,0.6696,0.3094,0.1376,0.2187,0.4818,2026-06
CUST1010733,0.2247,0.6052999999999999,0.4965,0.1584,0.4204,0.4264,2026-06
CUST1010734,0.0577,0.472,0.261,0.0487,0.1336,0.5335,2026-06
CUST1010735,0.3056,0.6289,0.2335,0.6588000000000001,0.226,0.2458,2026-06
CUST1010736,0.3242,0.6651,0.2255,0.2897,0.1602,0.2172,2026-06
CUST1010737,0.5327,0.6357,0.5041,0.2834,0.5238,0.3618,2026-06
CUST1010738,0.1671,0.4401,0.3068,0.0423,0.3868,0.4053,2026-06
CUST1010739,0.1157,0.6897,0.28,0.1309,0.311,0.6595,2026-06
CUST1010740,0.5265,0.4327,0.5094,0.2212,0.325,0.409,2026-06
CUST1010741,0.4794,0.7311,0.4474,0.111,0.2901,0.4459,2026-06
CUST1010742,0.271,0.5986,0.0325,0.1576,0.4927,0.3558,2026-06
CUST1010743,0.3863,0.5229,0.1956,0.1884,0.6039,0.2562,2026-06
CUST1010744,0.2844,0.5984,0.1796,0.2365,0.3068,0.6491,2026-06
CUST1010745,0.6563,0.7116,0.2609,0.2975,0.3225,0.4451,2026-06
CUST1010746,0.5683,0.6808999999999999,0.2593,0.3436,0.3299,0.3344,2026-06
CUST1010747,0.2141,0.5178,0.01,0.1,0.3814,0.0536,2026-06
CUST1010748,0.3222,0.5115,0.4318,0.4856,0.2103,0.3718,2026-06
CUST1010749,0.3642,0.6513,0.4727,0.1472,0.3144,0.5343,2026-06
CUST1010750,0.4087,0.6241,0.2548,0.2467,0.4317,0.4455,2026-06
CUST1010751,0.5185999999999999,0.4778,0.4453,0.2252,0.3695,0.3299,2026-06
CUST1010752,0.1974,0.4291,0.033,0.1542,0.3355,0.3375,2026-06
CUST1010753,0.4834,0.4405,0.4221,0.0536,0.3089,0.3946,2026-06
CUST1010754,0.2808,0.6316000000000001,0.1622,0.2639,0.2132,0.4939,2026-06
CUST1010755,0.5585,0.7825,0.4045,0.2378,0.3924,0.5247000000000001,2026-06
CUST1010756,0.4019,0.472,0.5824,0.2497,0.4589,0.3435,2026-06
CUST1010757,0.6052,0.269,0.3481,0.0983,0.2464,0.7708,2026-06
CUST1010758,0.1752,0.3931,0.513,0.1519,0.3955,0.4187,2026-06
CUST1010759,0.3764,0.6117,0.2499,0.1053,0.322,0.3704,2026-06
CUST1010760,0.1252,0.4075,0.1094,0.2484,0.1546,0.2024,2026-06
CUST1010761,0.2676,0.3944,0.2824,0.2603,0.2299,0.2221,2026-06
CUST1010762,0.4722,0.6665,0.1971,0.0194,0.2267,0.5719,2026-06
CUST1010763,0.4164,0.323,0.2614,0.1256,0.4831,0.4141,2026-06
CUST1010764,0.2776,0.4552,0.4555,0.1792,0.3097,0.456,2026-06
CUST1010765,0.2237,0.5643,0.3132,0.1827,0.3321,0.3189,2026-06
CUST1010766,0.5585,0.3596,0.4607,0.1485,0.5292,0.6059,2026-06
CUST1010767,0.414,0.5646,0.3861,0.0365,0.2139,0.6825,2026-06
CUST1010768,0.3387,0.236,0.1473,0.1325,0.3275,0.4406,2026-06
CUST1010769,0.4022,0.4861,0.3373,0.0376,0.2834,0.3675,2026-06
CUST1010770,0.1703,0.5619,0.398,0.01,0.4138,0.3035,2026-06
CUST1010771,0.4827,0.2619,0.3937,0.2154,0.4041,0.2222,2026-06
CUST1010772,0.3939,0.4905,0.5158,0.2121,0.3395,0.6997,2026-06
CUST1010773,0.3184,0.1124,0.2991,0.1618,0.3749,0.0828,2026-06
CUST1010774,0.449,0.3917,0.1587,0.2671,0.2307,0.0244,2026-06
CUST1010775,0.2697,0.4678,0.2881,0.2458,0.3035,0.2986,2026-06
CUST1010776,0.5746,0.6820000000000001,0.5972,0.1326,0.3292,0.3007,2026-06
CUST1010777,0.3782,0.4197,0.2507,0.2616,0.3101,0.5247000000000001,2026-06
CUST1010778,0.2186,0.4458,0.6191,0.1139,0.4012,0.4983,2026-06
CUST1010779,0.4867,0.3931,0.4409,0.0893,0.4772,0.3387,2026-06
CUST1010780,0.2799,0.5631,0.288,0.2423,0.2399,0.5765,2026-06
CUST1010781,0.3454,0.5395,0.3681,0.1289,0.2102,0.4883,2026-06
CUST1010782,0.3967,0.5587,0.3607,0.0834,0.3966,0.3956,2026-06
CUST1010783,0.4661,0.5962,0.2478,0.2159,0.3013,0.4539,2026-06
CUST1010784,0.2521,0.6388,0.3057,0.2393,0.3365,0.4764,2026-06
CUST1010785,0.572,0.3929,0.3762,0.5495,0.522,0.2947,2026-06
CUST1010786,0.4659,0.4256,0.4605,0.0927,0.4621,0.5707,2026-06
CUST1010787,0.1733,0.2301,0.0837,0.143,0.3094,0.2817,2026-06
CUST1010788,0.3232,0.3064,0.3284,0.0538,0.6319,0.1306,2026-06
CUST1010789,0.215,0.1778,0.01,0.2521,0.467,0.01,2026-06
CUST1010790,0.2876,0.6055,0.1484,0.241,0.3372,0.5013,2026-06
CUST1010791,0.1771,0.6048,0.2381,0.2911,0.1915,0.1831,2026-06
CUST1010792,0.5457,0.4814,0.513,0.147,0.3507,0.6092,2026-06
CUST1010793,0.2502,0.2516,0.1882,0.2098,0.4551,0.1922,2026-06
CUST1010794,0.4165,0.5223,0.3971,0.1885,0.3279,0.4319,2026-06
CUST1010795,0.3641,0.2599,0.1848,0.2593,0.1286,0.1251,2026-06
CUST1010796,0.5092,0.5271,0.2173,0.2772,0.4586,0.4012,2026-06
CUST1010797,0.2868,0.4663,0.5086000000000001,0.2506,0.2469,0.6957,2026-06
CUST1010798,0.3995,0.3156,0.1722,0.049,0.2339,0.1275,2026-06
CUST1010799,0.4758,0.681,0.4412,0.1965,0.2415,0.5492,2026-06
CUST1010800,0.3401,0.2192,0.2743,0.1377,0.3089,0.1514,2026-06
CUST1010801,0.3361,0.5067,0.0808,0.412,0.2508,0.1758,2026-06
CUST1010802,0.3275,0.1678,0.393,0.519,0.3935,0.0698,2026-06
CUST1010803,0.3388,0.2467,0.4408,0.09089999999999999,0.3618,0.7093,2026-06
CUST1010804,0.2828,0.2357,0.1065,0.2796,0.3785,0.2113,2026-06
CUST1010805,0.2748,0.437,0.0728,0.149,0.2457,0.2161,2026-06
CUST1010806,0.5709,0.5673,0.4876,0.2106,0.5192,0.6544,2026-06
CUST1010807,0.102,0.5618,0.1253,0.2522,0.2872,0.4157,2026-06
CUST1010808,0.3958,0.4221,0.4558,0.195,0.3728,0.3567,2026-06
CUST1010809,0.5485,0.5339,0.2474,0.1422,0.3403,0.4657,2026-06
CUST1010810,0.333,0.4202,0.5281,0.0477,0.3945,0.4584,2026-06
CUST1010811,0.5916,0.5214,0.4061,0.1429,0.4637,0.3501,2026-06
CUST1010812,0.4693,0.66,0.3051,0.3376,0.2354,0.3328,2026-06
CUST1010813,0.4438,0.5846,0.4517,0.0318,0.2301,0.6152,2026-06
CUST1010814,0.4497,0.5235,0.322,0.0828,0.5181,0.3503,2026-06
CUST1010815,0.0876,0.5138,0.1495,0.2277,0.4464,0.3919,2026-06
CUST1010816,0.2904,0.5255,0.3137,0.0435,0.4661,0.6446,2026-06
CUST1010817,0.5308,0.4829,0.3422,0.1144,0.4407,0.6683,2026-06
CUST1010818,0.4219,0.4033,0.2903,0.2287,0.4979,0.3575,2026-06
CUST1010819,0.3086,0.3378,0.1958,0.1505,0.548,0.3524,2026-06
CUST1010820,0.4119,0.4737,0.5147,0.257,0.4508,0.3991,2026-06
CUST1010821,0.2969,0.6066,0.1754,0.3059,0.2982,0.2869,2026-06
CUST1010822,0.4563,0.6378,0.1508,0.2548,0.2219,0.3392,2026-06
CUST1010823,0.4489,0.5639999999999999,0.3507,0.2037,0.6145,0.4129,2026-06
CUST1010824,0.6571,0.3543,0.3383,0.3017,0.3631,0.2376,2026-06
CUST1010825,0.4432,0.6797,0.3469,0.1498,0.1223,0.2983,2026-06
CUST1010826,0.2563,0.5189,0.3332,0.09950000000000001,0.3002,0.4673,2026-06
CUST1010827,0.6089,0.597,0.3881,0.1856,0.2188,0.409,2026-06
CUST1010828,0.3968,0.5082,0.0303,0.156,0.4358,0.1977,2026-06
CUST1010829,0.1725,0.2324,0.2552,0.1037,0.2362,0.3123,2026-06
CUST1010830,0.2475,0.4083,0.3047,0.0588,0.2393,0.3538,2026-06
CUST1010831,0.322,0.2867,0.3611,0.183,0.3039,0.1001,2026-06
CUST1010832,0.2885,0.1202,0.1376,0.1865,0.2398,0.1936,2026-06
CUST1010833,0.4268,0.4418,0.2177,0.3462,0.4105,0.3385,2026-06
CUST1010834,0.0842,0.3816,0.2417,0.06510000000000001,0.3967,0.1824,2026-06
CUST1010835,0.5601,0.5588,0.4037,0.2105,0.2535,0.3426,2026-06
CUST1010836,0.3539,0.4983,0.4008,0.1844,0.629,0.3736,2026-06
CUST1010837,0.4289,0.502,0.4789,0.1369,0.3254,0.3353,2026-06
CUST1010838,0.3141,0.474,0.5482,0.229,0.2185,0.4162,2026-06
CUST1010839,0.5636,0.4663,0.1963,0.1143,0.2902,0.2554,2026-06
CUST1010840,0.1998,0.4369,0.3239,0.07149999999999999,0.3914,0.2036,2026-06
CUST1010841,0.6127,0.3393,0.2395,0.2175,0.3934,0.062,2026-06
CUST1010842,0.3607,0.601,0.4339,0.1946,0.4157,0.3619,2026-06
CUST1010843,0.285,0.1861,0.2713,0.2049,0.3056,0.1251,2026-06
CUST1010844,0.4856,0.3554,0.01,0.2046,0.5009,0.0843,2026-06
CUST1010845,0.4004,0.296,0.3354,0.2826,0.3454,0.5727,2026-06
CUST1010846,0.4094,0.4852,0.3188,0.2118,0.4076,0.3079,2026-06
CUST1010847,0.2086,0.6021,0.3487,0.185,0.4193,0.4053,2026-06
CUST1010848,0.4189,0.495,0.394,0.2177,0.3807,0.5447,2026-06
CUST1010849,0.1814,0.5512,0.1604,0.2354,0.2129,0.4682,2026-06
CUST1010850,0.4602,0.5221,0.3971,0.202,0.3716,0.5446,2026-06
CUST1010851,0.3185,0.2631,0.06569999999999999,0.0595,0.2493,0.2255,2026-06
CUST1010852,0.4061,0.445,0.6667999999999999,0.1372,0.468,0.5105,2026-06
CUST1010853,0.3137,0.438,0.4496,0.2081,0.1797,0.7661,2026-06
CUST1010854,0.4122,0.4752,0.1769,0.1747,0.4121,0.4809,2026-06
CUST1010855,0.4226,0.2729,0.4419,0.3298,0.5211,0.0939,2026-06
CUST1010856,0.6036,0.3672,0.4077,0.1242,0.4868,0.7,2026-06
CUST1010857,0.1612,0.389,0.0893,0.2448,0.2275,0.124,2026-06
CUST1010858,0.2323,0.3693,0.441,0.2785,0.4085,0.2199,2026-06
CUST1010859,0.4909,0.5909,0.1443,0.0281,0.4068,0.3512,2026-06
CUST1010860,0.1972,0.4306,0.3478,0.1866,0.283,0.5175999999999999,2026-06
CUST1010861,0.2537,0.4913,0.3888,0.2147,0.1001,0.4303,2026-06
CUST1010862,0.2998,0.4545,0.3244,0.278,0.388,0.486,2026-06
CUST1010863,0.1622,0.1572,0.0683,0.1651,0.5453,0.1642,2026-06
CUST1010864,0.1279,0.2315,0.0449,0.1314,0.2972,0.2118,2026-06
CUST1010865,0.2397,0.2263,0.2824,0.1286,0.3578,0.578,2026-06
CUST1010866,0.3768,0.4367,0.5289,0.1741,0.4089,0.5034,2026-06
CUST1010867,0.1717,0.5246,0.2557,0.2376,0.3401,0.45,2026-06
CUST1010868,0.227,0.4606,0.0282,0.1491,0.2267,0.1938,2026-06
CUST1010869,0.527,0.6427,0.3511,0.0735,0.3784,0.5283,2026-06
CUST1010870,0.4832,0.2865,0.2655,0.1747,0.4266,0.0353,2026-06
CUST1010871,0.3851,0.5458,0.1524,0.2308,0.2631,0.5285,2026-06
CUST1010872,0.5083,0.5779,0.3647,0.1875,0.4014,0.5077,2026-06
CUST1010873,0.6294999999999999,0.4953,0.01,0.0723,0.3418,0.1018,2026-06
CUST1010874,0.3941,0.5248,0.1258,0.3331,0.4262,0.6968,2026-06
CUST1010875,0.0988,0.2217,0.2012,0.1759,0.4532,0.1143,2026-06
CUST1010876,0.5116000000000001,0.5263,0.2398,0.252,0.2889,0.1442,2026-06
CUST1010877,0.3575,0.209,0.257,0.1956,0.3124,0.1606,2026-06
CUST1010878,0.3949,0.3923,0.4563,0.3237,0.3462,0.3787,2026-06
CUST1010879,0.3029,0.4676,0.2708,0.2067,0.4846,0.3261,2026-06
CUST1010880,0.341,0.4807,0.2499,0.1352,0.1692,0.2255,2026-06
CUST1010881,0.6257,0.627,0.4407,0.1673,0.3524,0.5165999999999999,2026-06
CUST1010882,0.2898,0.4604,0.4743,0.2996,0.3082,0.5821,2026-06
CUST1010883,0.4387,0.5211,0.5688,0.2776,0.2562,0.5137,2026-06
CUST1010884,0.4083,0.2917,0.1977,0.1972,0.4378,0.3896,2026-06
CUST1010885,0.3423,0.3091,0.123,0.3245,0.3198,0.1445,2026-06
CUST1010886,0.5481,0.6514,0.1867,0.2686,0.2461,0.3064,2026-06
CUST1010887,0.1201,0.4851,0.2695,0.2521,0.2693,0.3374,2026-06
CUST1010888,0.389,0.5247000000000001,0.3949,0.272,0.3981,0.6027,2026-06
CUST1010889,0.445,0.4082,0.4446,0.2039,0.3488,0.5089,2026-06
CUST1010890,0.0483,0.281,0.0511,0.2884,0.2285,0.1515,2026-06
CUST1010891,0.4128,0.4218,0.2593,0.2319,0.7066,0.4189,2026-06
CUST1010892,0.4804,0.4734,0.3902,0.2688,0.2434,0.5627,2026-06
CUST1010893,0.2952,0.6466,0.0873,0.1903,0.3596,0.3862,2026-06
CUST1010894,0.4874,0.3902,0.01,0.2471,0.1915,0.2152,2026-06
CUST1010895,0.4991,0.3966,0.3519,0.1679,0.3881,0.3078,2026-06
CUST1010896,0.4561,0.4341,0.3656,0.1978,0.4067,0.421,2026-06
CUST1010897,0.3771,0.4739,0.2831,0.058,0.4464,0.5273,2026-06
CUST1010898,0.2827,0.5309,0.01,0.0885,0.2368,0.253,2026-06
CUST1010899,0.3796,0.7231,0.3908,0.1649,0.2256,0.4019,2026-06
CUST1010900,0.3117,0.2755,0.4136,0.1776,0.3352,0.4898,2026-06
CUST1010901,0.09760000000000001,0.0316,0.2297,0.1118,0.2939,0.1827,2026-06
CUST1010902,0.1543,0.6336000000000001,0.1989,0.2296,0.307,0.2973,2026-06
CUST1010903,0.3238,0.1717,0.4238,0.183,0.4705,0.1631,2026-06
CUST1010904,0.3499,0.426,0.4046,0.01,0.3989,0.4665,2026-06
CUST1010905,0.1535,0.3989,0.4112,0.1637,0.357,0.6219,2026-06
CUST1010906,0.2207,0.159,0.2177,0.1975,0.4327,0.2111,2026-06
CUST1010907,0.553,0.5376,0.0274,0.2909,0.295,0.2321,2026-06
CUST1010908,0.2139,0.5452,0.4556,0.1916,0.1483,0.3976,2026-06
CUST1010909,0.196,0.1267,0.01,0.2794,0.3228,0.2066,2026-06
CUST1010910,0.2429,0.3734,0.4102,0.2306,0.2109,0.4005,2026-06
CUST1010911,0.5223,0.459,0.5182,0.3563,0.234,0.3608,2026-06
CUST1010912,0.2369,0.6268,0.2113,0.2868,0.336,0.5442,2026-06
CUST1010913,0.518,0.5147,0.3636,0.2624,0.2998,0.5715,2026-06
CUST1010914,0.1087,0.4008,0.3542,0.2771,0.3087,0.3417,2026-06
CUST1010915,0.24,0.252,0.2896,0.2972,0.2361,0.2103,2026-06
CUST1010916,0.2203,0.0945,0.07140000000000001,0.1629,0.1892,0.048,2026-06
CUST1010917,0.4925,0.3475,0.4233,0.2604,0.5661,0.4002,2026-06
CUST1010918,0.4467,0.5718,0.2606,0.0982,0.1382,0.3995,2026-06
CUST1010919,0.4329,0.4266,0.5054999999999999,0.1737,0.3779,0.3208,2026-06
CUST1010920,0.2042,0.1417,0.2171,0.0694,0.3514,0.3284,2026-06
CUST1010921,0.4508,0.5496,0.2895,0.1208,0.2452,0.4173,2026-06
CUST1010922,0.2767,0.4441,0.07149999999999999,0.2433,0.2887,0.1175,2026-06
CUST1010923,0.4406,0.2665,0.2547,0.35,0.5513,0.1573,2026-06
CUST1010924,0.3234,0.3933,0.4504,0.3095,0.2423,0.6867,2026-06
CUST1010925,0.5207000000000001,0.425,0.3499,0.211,0.4077,0.2547,2026-06
CUST1010926,0.353,0.2657,0.3042,0.2554,0.4502,0.3079,2026-06
CUST1010927,0.2975,0.2171,0.2174,0.0999,0.3616,0.2449,2026-06
CUST1010928,0.1247,0.2634,0.0189,0.1437,0.3729,0.1383,2026-06
CUST1010929,0.5329,0.4749,0.5783,0.1111,0.353,0.5165,2026-06
CUST1010930,0.2846,0.0199,0.1755,0.1404,0.305,0.1306,2026-06
CUST1010931,0.4098,0.4478,0.1736,0.0498,0.5248,0.3429,2026-06
CUST1010932,0.2654,0.4635,0.5167,0.1859,0.4005,0.3669,2026-06
CUST1010933,0.5331,0.4999,0.5235,0.6153999999999999,0.128,0.3527,2026-06
CUST1010934,0.2607,0.2143,0.3914,0.165,0.3538,0.1927,2026-06
CUST1010935,0.2438,0.5566,0.4848,0.0713,0.5371,0.378,2026-06
CUST1010936,0.2944,0.7577,0.3687,0.2347,0.2698,0.3269,2026-06
CUST1010937,0.5705,0.4581,0.5374,0.1084,0.4468,0.4265,2026-06
CUST1010938,0.26,0.1562,0.1468,0.2478,0.6256,0.0649,2026-06
CUST1010939,0.3204,0.4466,0.4758,0.1329,0.3423,0.4545,2026-06
CUST1010940,0.4053,0.3407,0.1216,0.116,0.2156,0.1099,2026-06
CUST1010941,0.3409,0.262,0.01,0.2411,0.4224,0.1554,2026-06
CUST1010942,0.3262,0.5507,0.1167,0.1805,0.3551,0.4142,2026-06
CUST1010943,0.2256,0.4496,0.4412,0.1672,0.2452,0.645,2026-06
CUST1010944,0.2362,0.4371,0.4949,0.2272,0.2842,0.4496,2026-06
CUST1010945,0.619,0.6308,0.3111,0.3604,0.0698,0.3615,2026-06
CUST1010946,0.2932,0.01,0.2564,0.0504,0.3741,0.3092,2026-06
CUST1010947,0.474,0.5602,0.3769,0.0425,0.3903,0.5192,2026-06
CUST1010948,0.1208,0.1792,0.2274,0.1043,0.2619,0.1843,2026-06
CUST1010949,0.3286,0.4548,0.4232,0.0895,0.2361,0.6505,2026-06
CUST1010950,0.3107,0.6687,0.5059,0.1859,0.1205,0.4285,2026-06
CUST1010951,0.3892,0.6869,0.2849,0.3421,0.2342,0.2666,2026-06
CUST1010952,0.139,0.5315,0.2613,0.2292,0.4672,0.4711,2026-06
CUST1010953,0.1921,0.3957,0.1237,0.253,0.3564,0.06510000000000001,2026-06
CUST1010954,0.4887,0.4401,0.1594,0.1066,0.2384,0.4809,2026-06
CUST1010955,0.4031,0.4684,0.2309,0.1636,0.2692,0.0997,2026-06
CUST1010956,0.425,0.6057,0.2116,0.2937,0.3251,0.5928,2026-06
CUST1010957,0.333,0.4845,0.0317,0.1505,0.4449,0.0837,2026-06
CUST1010958,0.3697,0.6182,0.3487,0.1497,0.2489,0.607,2026-06
CUST1010959,0.453,0.4731,0.1959,0.1269,0.5258,0.351,2026-06
CUST1010960,0.4718,0.5633,0.3101,0.2271,0.2655,0.5427999999999999,2026-06
CUST1010961,0.3972,0.287,0.3113,0.1497,0.2287,0.5632,2026-06
CUST1010962,0.5634,0.6037,0.5538,0.2364,0.3446,0.5624,2026-06
CUST1010963,0.4583,0.4233,0.4223,0.1601,0.3668,0.3158,2026-06
CUST1010964,0.0428,0.216,0.1986,0.1362,0.3866,0.1478,2026-06
CUST1010965,0.2834,0.6665,0.4454,0.07190000000000001,0.3244,0.3265,2026-06
CUST1010966,0.2304,0.5972,0.1084,0.272,0.14,0.5185999999999999,2026-06
CUST1010967,0.2139,0.4669,0.303,0.2621,0.4946,0.3638,2026-06
CUST1010968,0.4847,0.1934,0.4905,0.1609,0.2893,0.2445,2026-06
CUST1010969,0.3654,0.2765,0.3997,0.2012,0.3556,0.273,2026-06
CUST1010970,0.1504,0.3476,0.2146,0.1238,0.2299,0.334,2026-06
CUST1010971,0.4758,0.3549,0.3952,0.0422,0.375,0.7528,2026-06
CUST1010972,0.5034999999999999,0.2238,0.1927,0.2055,0.3124,0.2056,2026-06
CUST1010973,0.4138,0.2235,0.4752,0.1043,0.542,0.4148,2026-06
CUST1010974,0.5178,0.245,0.2459,0.1623,0.527,0.128,2026-06
CUST1010975,0.2734,0.298,0.2066,0.158,0.6282,0.0644,2026-06
CUST1010976,0.4718,0.5760999999999999,0.4774,0.4566,0.2819,0.3536,2026-06
CUST1010977,0.1524,0.4696,0.1261,0.1272,0.3137,0.5191,2026-06
CUST1010978,0.5586,0.7361,0.3796,0.1465,0.2676,0.379,2026-06
CUST1010979,0.374,0.4574,0.0827,0.1633,0.5788,0.4544,2026-06
CUST1010980,0.3448,0.2699,0.2684,0.1601,0.3545,0.3662,2026-06
CUST1010981,0.3243,0.3811,0.4111,0.3325,0.285,0.5742,2026-06
CUST1010982,0.3899,0.6227,0.2252,0.5575,0.1727,0.375,2026-06
CUST1010983,0.3087,0.6391,0.4099,0.1846,0.201,0.4909,2026-06
CUST1010984,0.2425,0.4247,0.4519,0.1112,0.3436,0.5762,2026-06
CUST1010985,0.058,0.5042,0.1836,0.2139,0.4766,0.4246,2026-06
CUST1010986,0.1838,0.4347,0.2305,0.21,0.4851,0.3693,2026-06
CUST1010987,0.3947,0.6907,0.2321,0.2154,0.1797,0.3944,2026-06
CUST1010988,0.574,0.4171,0.4039,0.2276,0.479,0.4131,2026-06
CUST1010989,0.231,0.2772,0.4064,0.119,0.1666,0.3506,2026-06
CUST1010990,0.4797,0.5092,0.4582,0.1807,0.3129,0.3388,2026-06
CUST1010991,0.3763,0.533,0.4729,0.0929,0.2712,0.488,2026-06
CUST1010992,0.2071,0.6433,0.2173,0.2218,0.1846,0.3217,2026-06
CUST1010993,0.3796,0.3684,0.3759,0.1009,0.2713,0.3052,2026-06
CUST1010994,0.4662,0.3756,0.4381,0.2198,0.3081,0.2991,2026-06
CUST1010995,0.5199,0.4549,0.4972,0.2043,0.3569,0.4063,2026-06
CUST1010996,0.4348,0.5465,0.2787,0.2204,0.1263,0.2496,2026-06
CUST1010997,0.5,0.8115,0.3985,0.1943,0.243,0.4897,2026-06
CUST1010998,0.3281,0.5258,0.2945,0.4199,0.1333,0.5319,2026-06
CUST1010999,0.3096,0.3906,0.1562,0.1886,0.3067,0.4847,2026-06
CUST1011000,0.4695,0.4107,0.3843,0.2043,0.4316,0.4885,2026-06
CUST1011001,0.4218,0.6393,0.4772,0.1048,0.1321,0.3565,2026-06
CUST1011002,0.315,0.6112,0.1864,0.2321,0.2931,0.3742,2026-06
CUST1011003,0.2919,0.2776,0.4456,0.1567,0.4462,0.209,2026-06
CUST1011004,0.2208,0.4876,0.4893,0.01,0.6633,0.4111,2026-06
CUST1011005,0.0247,0.1899,0.01,0.3008,0.3213,0.0888,2026-06
CUST1011006,0.4227,0.1812,0.1747,0.3045,0.3918,0.1556,2026-06
CUST1011007,0.4786,0.3917,0.3059,0.1467,0.4038,0.4405,2026-06
CUST1011008,0.119,0.2585,0.01,0.1301,0.6695,0.1048,2026-06
CUST1011009,0.2361,0.5989,0.4728,0.1499,0.4089,0.51,2026-06
CUST1011010,0.2391,0.4524,0.3054,0.2395,0.4486,0.6391,2026-06
CUST1011011,0.4989,0.4832,0.4107,0.083,0.5767,0.4884,2026-06
CUST1011012,0.4228,0.404,0.3868,0.6677,0.3182,0.4282,2026-06
CUST1011013,0.4651,0.3437,0.3701,0.1071,0.3039,0.0895,2026-06
CUST1011014,0.2711,0.4073,0.2028,0.09130000000000001,0.3979,0.2585,2026-06
CUST1011015,0.2285,0.2969,0.01,0.1231,0.2929,0.0926,2026-06
CUST1011016,0.3192,0.4977,0.4183,0.1321,0.2772,0.5588,2026-06
CUST1011017,0.4576,0.4816,0.2459,0.1396,0.4212,0.8133,2026-06
CUST1011018,0.3425,0.4883,0.3642,0.2163,0.2862,0.4366,2026-06
CUST1011019,0.3261,0.451,0.3572,0.1796,0.4567,0.4943,2026-06
CUST1011020,0.4681,0.6997,0.3239,0.2872,0.2466,0.387,2026-06
CUST1011021,0.2974,0.3943,0.5204,0.1674,0.337,0.4364,2026-06
CUST1011022,0.0551,0.3791,0.01,0.1793,0.2637,0.0591,2026-06
CUST1011023,0.3724,0.401,0.5852000000000001,0.1049,0.2644,0.4189,2026-06
CUST1011024,0.4196,0.3694,0.3294,0.7665,0.3302,0.0391,2026-06
CUST1011025,0.1672,0.3464,0.098,0.0975,0.4348,0.07389999999999999,2026-06
CUST1011026,0.4277,0.7072000000000001,0.2295,0.1686,0.2953,0.3517,2026-06
CUST1011027,0.1262,0.5165,0.2134,0.3694,0.2093,0.2989,2026-06
CUST1011028,0.4327,0.4038,0.3222,0.1261,0.4616,0.51,2026-06
CUST1011029,0.26,0.3374,0.2813,0.2574,0.2549,0.3639,2026-06
CUST1011030,0.3427,0.4375,0.2103,0.1645,0.3748,0.5377,2026-06
CUST1011031,0.4835,0.382,0.01,0.1405,0.4144,0.247,2026-06
CUST1011032,0.2683,0.3732,0.399,0.3597,0.258,0.4211,2026-06
CUST1011033,0.4147,0.5745,0.1745,0.2931,0.3202,0.2977,2026-06
CUST1011034,0.177,0.4182,0.335,0.2631,0.0852,0.4784,2026-06
CUST1011035,0.2938,0.0959,0.2184,0.1639,0.6634,0.1868,2026-06
CUST1011036,0.5068,0.7128,0.3451,0.191,0.2763,0.2414,2026-06
CUST1011037,0.1018,0.3205,0.2469,0.1407,0.2105,0.2156,2026-06
CUST1011038,0.4771,0.4233,0.2641,0.2049,0.4125,0.3606,2026-06
CUST1011039,0.1823,0.0562,0.1499,0.216,0.4523,0.2326,2026-06
CUST1011040,0.4655,0.5893,0.3891,0.24,0.2361,0.4027,2026-06
CUST1011041,0.3267,0.548,0.4142,0.216,0.3044,0.4408,2026-06
CUST1011042,0.4719,0.5321,0.3847,0.2137,0.3748,0.583,2026-06
CUST1011043,0.4676,0.43,0.3898,0.1342,0.285,0.4848,2026-06
CUST1011044,0.3376,0.5289,0.2085,0.1809,0.1749,0.3825,2026-06
CUST1011045,0.3568,0.3892,0.4782,0.0453,0.2807,0.6863,2026-06
CUST1011046,0.4878,0.3104,0.01,0.1849,0.5797,0.1021,2026-06
CUST1011047,0.3246,0.6002,0.4283,0.4464,0.3173,0.6857,2026-06
CUST1011048,0.1764,0.1925,0.01,0.2078,0.4027,0.0372,2026-06
CUST1011049,0.4427,0.2416,0.2904,0.1678,0.3911,0.1196,2026-06
CUST1011050,0.5385,0.5506,0.2208,0.09279999999999999,0.2157,0.2289,2026-06
CUST1011051,0.3937,0.5209,0.3824,0.2184,0.2889,0.7071,2026-06
CUST1011052,0.2748,0.1084,0.2998,0.1653,0.3778,0.1354,2026-06
CUST1011053,0.4186,0.4362,0.2544,0.1726,0.4604,0.3551,2026-06
CUST1011054,0.4559,0.5606,0.5144,0.1243,0.2122,0.2932,2026-06
CUST1011055,0.4846,0.1469,0.463,0.1861,0.1211,0.3905,2026-06
CUST1011056,0.5041,0.6418,0.4433,0.1611,0.2811,0.3297,2026-06
CUST1011057,0.0599,0.3861,0.2922,0.6947,0.252,0.4223,2026-06
CUST1011058,0.2713,0.4112,0.2942,0.2654,0.5051,0.6905,2026-06
CUST1011059,0.3369,0.5037,0.5089,0.0364,0.3967,0.4033,2026-06
CUST1011060,0.2879,0.4743,0.3741,0.3177,0.2702,0.521,2026-06
CUST1011061,0.3796,0.8103,0.2509,0.2556,0.254,0.4033,2026-06
CUST1011062,0.5072,0.3927,0.3564,0.1823,0.3426,0.3697,2026-06
CUST1011063,0.3382,0.656,0.3333,0.1613,0.2927,0.4367,2026-06
CUST1011064,0.4261,0.5073,0.3965,0.0883,0.4043,0.7251,2026-06
CUST1011065,0.3315,0.4091,0.4625,0.2609,0.3297,0.2749,2026-06
CUST1011066,0.3007,0.3313,0.4316,0.2221,0.248,0.5773,2026-06
CUST1011067,0.4135,0.5606,0.2384,0.1275,0.3447,0.7123,2026-06
CUST1011068,0.3095,0.2963,0.1068,0.14,0.1873,0.2471,2026-06
CUST1011069,0.3145,0.4175,0.222,0.2515,0.2516,0.0852,2026-06
CUST1011070,0.3109,0.3161,0.4043,0.128,0.4029,0.3131,2026-06
CUST1011071,0.5312,0.4547,0.5886,0.1717,0.3364,0.4014,2026-06
CUST1011072,0.0156,0.1749,0.2576,0.2712,0.5326,0.339,2026-06
CUST1011073,0.1674,0.5105,0.4106,0.2887,0.4979,0.3931,2026-06
CUST1011074,0.2906,0.6319,0.2754,0.1898,0.4145,0.3769,2026-06
CUST1011075,0.128,0.3538,0.1461,0.138,0.4309,0.0467,2026-06
CUST1011076,0.2932,0.3447,0.184,0.2113,0.1282,0.3233,2026-06
CUST1011077,0.11,0.1265,0.2252,0.045,0.16,0.1846,2026-06
CUST1011078,0.5291,0.487,0.2403,0.2413,0.2067,0.3714,2026-06
CUST1011079,0.1626,0.4788,0.1951,0.1691,0.2426,0.1782,2026-06
CUST1011080,0.3934,0.4962,0.2253,0.5971,0.3735,0.432,2026-06
CUST1011081,0.2557,0.5204,0.3545,0.2306,0.4669,0.5887,2026-06
CUST1011082,0.292,0.4884,0.0774,0.1426,0.2682,0.1561,2026-06
CUST1011083,0.2594,0.7047,0.2616,0.1985,0.1686,0.3782,2026-06
CUST1011084,0.1901,0.2962,0.4932,0.2053,0.4652,0.5997,2026-06
CUST1011085,0.4415,0.2619,0.2608,0.1193,0.2423,0.09130000000000001,2026-06
CUST1011086,0.2858,0.1536,0.2568,0.0547,0.313,0.2397,2026-06
CUST1011087,0.3027,0.3381,0.1273,0.1987,0.6873,0.2873,2026-06
CUST1011088,0.0223,0.1719,0.01,0.1448,0.3614,0.1993,2026-06
CUST1011089,0.3877,0.3469,0.2455,0.2717,0.3004,0.0285,2026-06
CUST1011090,0.4737,0.2381,0.2814,0.159,0.554,0.1928,2026-06
CUST1011091,0.5003,0.6442,0.4172,0.5665,0.2046,0.2013,2026-06
CUST1011092,0.1901,0.5759,0.4902,0.06560000000000001,0.1598,0.5884,2026-06
CUST1011093,0.4228,0.3472,0.1981,0.5459000000000001,0.3554,0.3892,2026-06
CUST1011094,0.3413,0.2003,0.1268,0.1309,0.3341,0.1261,2026-06
CUST1011095,0.4302,0.3382,0.3989,0.1814,0.3897,0.4146,2026-06
CUST1011096,0.4163,0.5744,0.215,0.1869,0.2126,0.5155,2026-06
CUST1011097,0.0926,0.6493,0.2562,0.2024,0.2087,0.6851,2026-06
CUST1011098,0.3656,0.4915,0.3274,0.0935,0.4988,0.6278,2026-06
CUST1011099,0.3302,0.0896,0.4176,0.2757,0.5944,0.115,2026-06
CUST1011100,0.5097,0.6091,0.4715,0.1439,0.2974,0.4171,2026-06
CUST1011101,0.4198,0.591,0.4513,0.2328,0.2324,0.8364,2026-06
CUST1011102,0.135,0.503,0.4543,0.1223,0.4019,0.5574,2026-06
CUST1011103,0.2265,0.2804,0.3464,0.129,0.4099,0.5528,2026-06
CUST1011104,0.5169,0.468,0.4771,0.0601,0.4491,0.4757,2026-06
CUST1011105,0.1547,0.6239,0.1921,0.597,0.0951,0.2244,2026-06
CUST1011106,0.2289,0.1631,0.01,0.7015,0.0961,0.1813,2026-06
CUST1011107,0.2779,0.4778,0.2461,0.2713,0.3831,0.3366,2026-06
CUST1011108,0.1153,0.4649,0.2042,0.643,0.1525,0.2198,2026-06
CUST1011109,0.2718,0.0921,0.2288,0.3942,0.3765,0.299,2026-06
CUST1011110,0.6133,0.663,0.4151,0.1618,0.4654,0.3751,2026-06
CUST1011111,0.536,0.5173,0.4088,0.2036,0.3744,0.4645,2026-06
CUST1011112,0.1284,0.5002,0.4781,0.1937,0.4565,0.5627,2026-06
CUST1011113,0.5463,0.775,0.147,0.1333,0.1453,0.286,2026-06
CUST1011114,0.236,0.1445,0.3883,0.1548,0.296,0.2139,2026-06
CUST1011115,0.2013,0.662,0.09669999999999999,0.5528999999999999,0.2936,0.2967,2026-06
CUST1011116,0.5969,0.6204,0.2609,0.2021,0.2839,0.4002,2026-06
CUST1011117,0.5858,0.7196,0.2158,0.1528,0.2246,0.328,2026-06
CUST1011118,0.4636,0.6598000000000001,0.2455,0.06,0.4798,0.292,2026-06
CUST1011119,0.3064,0.3371,0.4517,0.01,0.4369,0.2819,2026-06
CUST1011120,0.1008,0.4614,0.3302,0.2579,0.4089,0.4489,2026-06
CUST1011121,0.0796,0.2254,0.0585,0.1663,0.5048,0.2031,2026-06
CUST1011122,0.2945,0.135,0.2416,0.1499,0.4293,0.01,2026-06
CUST1011123,0.579,0.6552,0.4281,0.1462,0.2338,0.4757,2026-06
CUST1011124,0.1949,0.795,0.4743,0.1945,0.152,0.5108,2026-06
CUST1011125,0.252,0.4475,0.3827,0.1998,0.3561,0.6289,2026-06
CUST1011126,0.5684,0.3455,0.3418,0.3414,0.4887,0.4364,2026-06
CUST1011127,0.3837,0.4892,0.1442,0.013,0.436,0.3605,2026-06
CUST1011128,0.3267,0.285,0.3349,0.0557,0.3942,0.6237,2026-06
CUST1011129,0.4854,0.3802,0.3855,0.0225,0.3608,0.4836,2026-06
CUST1011130,0.4855,0.6338,0.2119,0.0834,0.2157,0.4192,2026-06
CUST1011131,0.5009,0.5444,0.3811,0.0586,0.4087,0.3398,2026-06
CUST1011132,0.3962,0.3971,0.2895,0.2103,0.6531,0.5441,2026-06
CUST1011133,0.412,0.4646,0.5396,0.2898,0.2531,0.6925,2026-06
CUST1011134,0.3806,0.5678,0.1289,0.2473,0.4181,0.5086000000000001,2026-06
CUST1011135,0.375,0.6857,0.2314,0.2103,0.314,0.3501,2026-06
CUST1011136,0.4384,0.2013,0.3176,0.1056,0.3317,0.0678,2026-06
CUST1011137,0.2871,0.4323,0.2753,0.1753,0.4422,0.4801,2026-06
CUST1011138,0.3566,0.2774,0.3099,0.1132,0.2477,0.1704,2026-06
CUST1011139,0.2725,0.6459,0.588,0.1253,0.3805,0.3204,2026-06
CUST1011140,0.093,0.5475,0.4424,0.1589,0.275,0.4575,2026-06
CUST1011141,0.2994,0.3347,0.5324,0.1217,0.4295,0.3015,2026-06
CUST1011142,0.2645,0.6322,0.4479,0.1709,0.3047,0.3612,2026-06
CUST1011143,0.2663,0.1982,0.3096,0.0989,0.2572,0.01,2026-06
CUST1011144,0.5739,0.3679,0.1961,0.2241,0.4285,0.4797,2026-06
CUST1011145,0.3567,0.491,0.1541,0.1898,0.3704,0.246,2026-06
CUST1011146,0.4689,0.5491,0.3628,0.1563,0.2542,0.4478,2026-06
CUST1011147,0.2946,0.4522,0.5343,0.01,0.376,0.3555,2026-06
CUST1011148,0.3241,0.4461,0.1477,0.1573,0.204,0.4217,2026-06
CUST1011149,0.1635,0.5125,0.338,0.1285,0.4154,0.5675,2026-06
CUST1011150,0.118,0.3769,0.32,0.3103,0.3566,0.4935,2026-06
CUST1011151,0.01,0.145,0.0793,0.2578,0.3189,0.1446,2026-06
CUST1011152,0.5067,0.3987,0.375,0.2787,0.3058,0.4982,2026-06
CUST1011153,0.299,0.5135999999999999,0.48,0.2479,0.4291,0.489,2026-06
CUST1011154,0.1313,0.2722,0.189,0.2266,0.2262,0.2322,2026-06
CUST1011155,0.156,0.6781,0.373,0.2089,0.3221,0.7412,2026-06
CUST1011156,0.5121,0.452,0.3668,0.1172,0.4648,0.34,2026-06
CUST1011157,0.2894,0.4003,0.01,0.6538,0.0358,0.3358,2026-06
CUST1011158,0.1139,0.3939,0.0813,0.182,0.5397999999999999,0.3968,2026-06
CUST1011159,0.3618,0.7221,0.1175,0.1403,0.2164,0.2731,2026-06
CUST1011160,0.2312,0.3555,0.4331,0.01,0.3328,0.4896,2026-06
CUST1011161,0.4518,0.4242,0.5225,0.06519999999999999,0.3091,0.5165999999999999,2026-06
CUST1011162,0.4438,0.4833,0.4943,0.1725,0.3207,0.324,2026-06
CUST1011163,0.3315,0.4144,0.4197,0.1021,0.2561,0.2981,2026-06
CUST1011164,0.16,0.1786,0.2535,0.0218,0.4144,0.0405,2026-06
CUST1011165,0.4864,0.6094000000000001,0.2299,0.2085,0.2719,0.455,2026-06
CUST1011166,0.3311,0.4916,0.4578,0.2453,0.4879,0.5861,2026-06
CUST1011167,0.2604,0.5063,0.2793,0.2626,0.1263,0.5407999999999999,2026-06
CUST1011168,0.2527,0.2266,0.1891,0.0944,0.5033,0.162,2026-06
CUST1011169,0.3137,0.4449,0.2025,0.1874,0.4923,0.4412,2026-06
CUST1011170,0.1421,0.3914,0.0506,0.2781,0.3426,0.1782,2026-06
CUST1011171,0.5017,0.7020999999999999,0.4529,0.1784,0.3821,0.6494,2026-06
CUST1011172,0.4142,0.5715,0.3744,0.3507,0.2337,0.3207,2026-06
CUST1011173,0.2597,0.0668,0.3109,0.1862,0.3394,0.2337,2026-06
CUST1011174,0.5805,0.382,0.4589,0.5779,0.3299,0.2655,2026-06
CUST1011175,0.2781,0.7606000000000001,0.1969,0.2409,0.2641,0.3218,2026-06
CUST1011176,0.2111,0.4534,0.0206,0.2046,0.2217,0.0916,2026-06
CUST1011177,0.1129,0.2344,0.1276,0.1992,0.387,0.0675,2026-06
CUST1011178,0.4849,0.6816,0.2129,0.2724,0.281,0.3438,2026-06
CUST1011179,0.0689,0.3829,0.3078,0.1142,0.3485,0.5091,2026-06
CUST1011180,0.4409,0.3334,0.033,0.1512,0.4045,0.2253,2026-06
CUST1011181,0.3994,0.2646,0.2256,0.1012,0.4039,0.1253,2026-06
CUST1011182,0.2584,0.3234,0.01,0.1259,0.1961,0.08690000000000001,2026-06
CUST1011183,0.4803,0.3644,0.4533,0.1896,0.4344,0.4498,2026-06
CUST1011184,0.4621,0.5473,0.522,0.1249,0.361,0.636,2026-06
CUST1011185,0.2271,0.4081,0.2775,0.4036,0.2362,0.4069,2026-06
CUST1011186,0.4186,0.7983,0.1062,0.2288,0.2617,0.6041,2026-06
CUST1011187,0.0505,0.4027,0.5311,0.1094,0.4659,0.3854,2026-06
CUST1011188,0.2935,0.454,0.4588,0.2369,0.3757,0.4489,2026-06
CUST1011189,0.3898,0.3211,0.4975,0.1292,0.3028,0.6206,2026-06
CUST1011190,0.3138,0.4033,0.3676,0.1455,0.4831,0.6682,2026-06
CUST1011191,0.5052,0.3086,0.372,0.1835,0.2932,0.226,2026-06
CUST1011192,0.1669,0.4326,0.4697,0.1467,0.4171,0.3347,2026-06
CUST1011193,0.3697,0.2569,0.1867,0.1129,0.3487,0.07000000000000001,2026-06
CUST1011194,0.3933,0.4684,0.2846,0.0805,0.569,0.555,2026-06
CUST1011195,0.374,0.4977,0.01,0.1719,0.3165,0.2155,2026-06
CUST1011196,0.0718,0.3912,0.1523,0.2568,0.4558,0.2347,2026-06
CUST1011197,0.3594,0.3335,0.4945,0.01,0.2349,0.3273,2026-06
CUST1011198,0.4222,0.4042,0.3786,0.0472,0.4121,0.5959,2026-06
CUST1011199,0.1881,0.4077,0.2515,0.2152,0.4634,0.3176,2026-06
CUST1011200,0.2193,0.2996,0.0536,0.2108,0.2817,0.1295,2026-06
CUST1011201,0.2287,0.3247,0.0389,0.1023,0.3178,0.3434,2026-06
CUST1011202,0.3013,0.4256,0.4507,0.1362,0.1891,0.5544,2026-06
CUST1011203,0.4247,0.4087,0.3892,0.1698,0.2727,0.5356,2026-06
CUST1011204,0.3439,0.6755,0.3068,0.1981,0.243,0.3097,2026-06
CUST1011205,0.1014,0.3619,0.01,0.2566,0.2666,0.1702,2026-06
CUST1011206,0.312,0.4828,0.265,0.2136,0.3714,0.4982,2026-06
CUST1011207,0.2013,0.2308,0.2426,0.3269,0.314,0.1967,2026-06
CUST1011208,0.2535,0.3977,0.2031,0.2525,0.3352,0.4608,2026-06
CUST1011209,0.5448,0.512,0.4244,0.2687,0.3376,0.6309,2026-06
CUST1011210,0.5442,0.5826,0.3256,0.2209,0.2232,0.2887,2026-06
CUST1011211,0.1897,0.4988,0.1318,0.1771,0.4042,0.4758,2026-06
CUST1011212,0.4277,0.5143,0.0412,0.1106,0.1683,0.1978,2026-06
CUST1011213,0.6055,0.6465,0.5455,0.0769,0.3999,0.3572,2026-06
CUST1011214,0.3891,0.6589,0.203,0.2634,0.3406,0.4818,2026-06
CUST1011215,0.1364,0.2521,0.1595,0.2188,0.4854,0.334,2026-06
CUST1011216,0.3848,0.3836,0.3842,0.2007,0.53,0.5024999999999999,2026-06
CUST1011217,0.0461,0.4756,0.4004,0.1271,0.1425,0.01,2026-06
CUST1011218,0.3161,0.2268,0.1814,0.1159,0.3827,0.0111,2026-06
CUST1011219,0.5626,0.631,0.1997,0.0701,0.3644,0.2632,2026-06
CUST1011220,0.2871,0.01,0.424,0.0427,0.2493,0.168,2026-06
CUST1011221,0.4289,0.4421,0.205,0.2403,0.4611,0.4237,2026-06
CUST1011222,0.2276,0.4386,0.01,0.4745,0.14,0.1198,2026-06
CUST1011223,0.3698,0.2666,0.4325,0.1701,0.4361,0.5196,2026-06
CUST1011224,0.233,0.3487,0.3884,0.1625,0.428,0.5522,2026-06
CUST1011225,0.4748,0.3709,0.5046,0.1491,0.3921,0.5591,2026-06
CUST1011226,0.1657,0.4409,0.1666,0.2437,0.2494,0.3254,2026-06
CUST1011227,0.542,0.6036,0.4525,0.2423,0.3467,0.576,2026-06
CUST1011228,0.4107,0.5796,0.2022,0.2296,0.3914,0.45,2026-06
CUST1011229,0.4194,0.587,0.3303,0.101,0.2943,0.4948,2026-06
CUST1011230,0.3423,0.3821,0.4483,0.6609,0.184,0.3843,2026-06
CUST1011231,0.3381,0.5083,0.0307,0.3556,0.2522,0.2182,2026-06
CUST1011232,0.2446,0.4532,0.3458,0.2326,0.2868,0.3393,2026-06
CUST1011233,0.3707,0.3926,0.4706,0.0572,0.3797,0.3749,2026-06
CUST1011234,0.4334,0.5951,0.3801,0.243,0.2481,0.5322,2026-06
CUST1011235,0.4507,0.3964,0.1973,0.1597,0.1974,0.0162,2026-06
CUST1011236,0.2954,0.2895,0.1876,0.2379,0.2542,0.2171,2026-06
CUST1011237,0.4791,0.3459,0.3158,0.1768,0.3174,0.1975,2026-06
CUST1011238,0.263,0.4359,0.2883,0.1557,0.4309,0.5011,2026-06
CUST1011239,0.3649,0.4755,0.2045,0.1974,0.3145,0.2491,2026-06
CUST1011240,0.2816,0.3306,0.4403,0.1846,0.4144,0.4126,2026-06
CUST1011241,0.5567,0.6093,0.1297,0.08119999999999999,0.2977,0.342,2026-06
CUST1011242,0.608,0.7298,0.5285,0.5868,0.1342,0.5285,2026-06
CUST1011243,0.4674,0.4869,0.2712,0.2548,0.552,0.3787,2026-06
CUST1011244,0.6849,0.5841,0.2926,0.0859,0.2379,0.2304,2026-06
CUST1011245,0.4162,0.3516,0.4758,0.01,0.5513,0.287,2026-06
CUST1011246,0.2258,0.4442,0.5193,0.1017,0.3013,0.3582,2026-06
CUST1011247,0.3247,0.3723,0.0512,0.08749999999999999,0.5628,0.0872,2026-06
CUST1011248,0.374,0.2489,0.1569,0.1768,0.2986,0.01,2026-06
CUST1011249,0.4988,0.1381,0.1484,0.2062,0.4516,0.1236,2026-06
CUST1011250,0.3251,0.5554,0.2098,0.2078,0.311,0.3746,2026-06
CUST1011251,0.2924,0.3023,0.01,0.2334,0.5157,0.1813,2026-06
CUST1011252,0.3766,0.4235,0.1412,0.1478,0.4308,0.3815,2026-06
CUST1011253,0.1301,0.6899,0.3689,0.3644,0.3308,0.3989,2026-06
CUST1011254,0.3055,0.3045,0.2157,0.2165,0.3516,0.0892,2026-06
CUST1011255,0.5039,0.424,0.2621,0.2165,0.3473,0.5454,2026-06
CUST1011256,0.3747,0.4992,0.1562,0.1612,0.3311,0.2398,2026-06
CUST1011257,0.3017,0.2941,0.3136,0.2549,0.3695,0.04,2026-06
CUST1011258,0.461,0.6840000000000001,0.4385,0.2765,0.2626,0.4282,2026-06
CUST1011259,0.4311,0.5921999999999999,0.2272,0.7074,0.2272,0.321,2026-06
CUST1011260,0.3412,0.4125,0.01,0.0861,0.2868,0.2763,2026-06
CUST1011261,0.3874,0.5067,0.295,0.2166,0.2917,0.2404,2026-06
CUST1011262,0.3803,0.3886,0.4063,0.1531,0.3801,0.3831,2026-06
CUST1011263,0.3306,0.7509,0.1229,0.3729,0.2781,0.2719,2026-06
CUST1011264,0.1464,0.2521,0.08210000000000001,0.7768,0.2837,0.178,2026-06
CUST1011265,0.5419,0.446,0.3671,0.1368,0.383,0.4322,2026-06
CUST1011266,0.4146,0.1549,0.1913,0.1061,0.5335,0.3122,2026-06
CUST1011267,0.3814,0.5115,0.2088,0.1758,0.3961,0.4581,2026-06
CUST1011268,0.2746,0.2654,0.2406,0.6492,0.2624,0.3773,2026-06
CUST1011269,0.4372,0.419,0.538,0.2323,0.6264999999999999,0.5202,2026-06
CUST1011270,0.5349,0.4571,0.4,0.2809,0.2183,0.6516,2026-06
CUST1011271,0.2187,0.2918,0.169,0.1848,0.3966,0.288,2026-06
CUST1011272,0.3214,0.4573,0.5211,0.0692,0.3927,0.5143,2026-06
CUST1011273,0.4571,0.6757,0.1926,0.1971,0.2872,0.4005,2026-06
CUST1011274,0.3898,0.8312,0.3311,0.1617,0.2355,0.4073,2026-06
CUST1011275,0.6189,0.5825,0.388,0.2146,0.2168,0.3669,2026-06
CUST1011276,0.4426,0.6469,0.3015,0.315,0.4014,0.4067,2026-06
CUST1011277,0.3179,0.3308,0.2908,0.2496,0.3124,0.1156,2026-06
CUST1011278,0.2624,0.7853,0.1965,0.1726,0.1891,0.3517,2026-06
CUST1011279,0.138,0.4147,0.3768,0.2836,0.4123,0.5148,2026-06
CUST1011280,0.5024,0.4298,0.3723,0.5745,0.1451,0.6968,2026-06
CUST1011281,0.4382,0.3774,0.4786,0.2198,0.331,0.5161,2026-06
CUST1011282,0.1135,0.1417,0.075,0.1195,0.2042,0.01,2026-06
CUST1011283,0.3226,0.583,0.3516,0.1552,0.4128,0.3885,2026-06
CUST1011284,0.46,0.7637,0.3884,0.2261,0.2848,0.4839,2026-06
CUST1011285,0.3594,0.5934,0.1684,0.0776,0.4411,0.3886,2026-06
CUST1011286,0.3272,0.3256,0.2411,0.1194,0.4077,0.1998,2026-06
CUST1011287,0.3187,0.3604,0.4137,0.1743,0.3418,0.5952,2026-06
CUST1011288,0.5949,0.5474,0.4866,0.2171,0.2573,0.2698,2026-06
CUST1011289,0.298,0.517,0.4234,0.3982,0.3871,0.6377,2026-06
CUST1011290,0.6341,0.6051,0.5518999999999999,0.4946,0.1766,0.5004,2026-06
CUST1011291,0.274,0.3507,0.1307,0.1198,0.5265,0.1243,2026-06
CUST1011292,0.1326,0.1301,0.1426,0.1629,0.2451,0.01,2026-06
CUST1011293,0.5494,0.1648,0.123,0.5167,0.2573,0.3377,2026-06
CUST1011294,0.4756,0.4846,0.3746,0.1115,0.3618,0.2125,2026-06
CUST1011295,0.2855,0.1912,0.328,0.3003,0.2265,0.1908,2026-06
CUST1011296,0.5687,0.5059,0.01,0.2692,0.2877,0.2297,2026-06
CUST1011297,0.5218,0.4147,0.3018,0.2082,0.7735,0.2313,2026-06
CUST1011298,0.1218,0.4773,0.1194,0.3353,0.346,0.4166,2026-06
CUST1011299,0.2258,0.7356,0.2508,0.2665,0.4089,0.3172,2026-06
CUST1011300,0.2865,0.0835,0.2805,0.1931,0.2121,0.3277,2026-06
CUST1011301,0.5024,0.4155,0.4731,0.2944,0.2804,0.447,2026-06
CUST1011302,0.6061,0.5899,0.4883,0.0984,0.2547,0.4756,2026-06
CUST1011303,0.3419,0.5391,0.3465,0.1336,0.3214,0.6289,2026-06
CUST1011304,0.4919,0.2791,0.3856,0.07199999999999999,0.2557,0.09329999999999999,2026-06
CUST1011305,0.4721,0.5272,0.4639,0.1833,0.4564,0.5789,2026-06
CUST1011306,0.4575,0.3434,0.2616,0.1637,0.3789,0.0786,2026-06
CUST1011307,0.2281,0.4509,0.01,0.2021,0.2575,0.1256,2026-06
CUST1011308,0.3323,0.5331,0.4932,0.0842,0.3517,0.5682,2026-06
CUST1011309,0.4928,0.6919,0.2532,0.2004,0.2832,0.2772,2026-06
CUST1011310,0.3565,0.2115,0.2571,0.1135,0.5403,0.287,2026-06
CUST1011311,0.3135,0.5877,0.3845,0.3399,0.2468,0.3238,2026-06
CUST1011312,0.362,0.49,0.4403,0.1827,0.4262,0.7574,2026-06
CUST1011313,0.3344,0.8462,0.4945,0.1272,0.3223,0.4991,2026-06
CUST1011314,0.3884,0.1993,0.3029,0.1998,0.2554,0.6802,2026-06
CUST1011315,0.2369,0.5047,0.1102,0.2347,0.1934,0.5478,2026-06
CUST1011316,0.2457,0.3334,0.0187,0.0842,0.2151,0.115,2026-06
CUST1011317,0.3231,0.3715,0.0648,0.1257,0.4575,0.0228,2026-06
CUST1011318,0.5195,0.6159,0.2266,0.3754,0.1017,0.4486,2026-06
CUST1011319,0.1923,0.05,0.01,0.1944,0.6646,0.0604,2026-06
CUST1011320,0.2876,0.4473,0.2251,0.1568,0.2361,0.1094,2026-06
CUST1011321,0.4394,0.3969,0.1483,0.1301,0.3158,0.0431,2026-06
CUST1011322,0.5165,0.5934,0.1241,0.1477,0.2659,0.3107,2026-06
CUST1011323,0.5706,0.5385,0.4705,0.0442,0.6859,0.4188,2026-06
CUST1011324,0.5558,0.3928,0.398,0.132,0.262,0.5367,2026-06
CUST1011325,0.3003,0.6112,0.121,0.2014,0.1886,0.3683,2026-06
CUST1011326,0.5917,0.556,0.4817,0.09810000000000001,0.4292,0.6715,2026-06
CUST1011327,0.6321,0.1913,0.2377,0.0815,0.5339,0.2496,2026-06
CUST1011328,0.1837,0.6409,0.2339,0.2773,0.2057,0.3866,2026-06
CUST1011329,0.5686,0.4783,0.3961,0.1683,0.1273,0.5749,2026-06
CUST1011330,0.3268,0.3927,0.3284,0.01,0.3043,0.3944,2026-06
CUST1011331,0.3413,0.4641,0.2472,0.3384,0.2593,0.3999,2026-06
CUST1011332,0.3633,0.4085,0.4265,0.0615,0.2837,0.5215,2026-06
CUST1011333,0.4289,0.6322,0.709,0.2274,0.242,0.7554,2026-06
CUST1011334,0.3178,0.2883,0.4458,0.14,0.0333,0.1769,2026-06
CUST1011335,0.3387,0.2855,0.1546,0.1597,0.295,0.1891,2026-06
CUST1011336,0.3217,0.4165,0.01,0.1098,0.2821,0.01,2026-06
CUST1011337,0.4524,0.5957,0.1978,0.1312,0.2672,0.6886,2026-06
CUST1011338,0.5574,0.4773,0.4258,0.203,0.2929,0.5039,2026-06
CUST1011339,0.1927,0.2873,0.4421,0.1984,0.5241,0.6677,2026-06
CUST1011340,0.0784,0.3043,0.0321,0.09569999999999999,0.3648,0.1789,2026-06
CUST1011341,0.4118,0.2509,0.3498,0.1709,0.4144,0.1737,2026-06
CUST1011342,0.3178,0.4394,0.4339,0.1101,0.281,0.5937,2026-06
CUST1011343,0.2339,0.3782,0.3441,0.1594,0.28,0.2698,2026-06
CUST1011344,0.2649,0.4945,0.4484,0.2313,0.3395,0.3965,2026-06
CUST1011345,0.0547,0.21,0.0736,0.0963,0.3257,0.1453,2026-06
CUST1011346,0.5883,0.4645,0.3129,0.1708,0.3634,0.6091,2026-06
CUST1011347,0.362,0.3039,0.07779999999999999,0.1275,0.5011,0.1984,2026-06
CUST1011348,0.377,0.4327,0.4676,0.2116,0.3508,0.4222,2026-06
CUST1011349,0.2752,0.2107,0.2951,0.1283,0.6338,0.1142,2026-06
CUST1011350,0.508,0.7017,0.251,0.155,0.2448,0.2726,2026-06
CUST1011351,0.3833,0.4285,0.4192,0.2533,0.2065,0.4222,2026-06
CUST1011352,0.2989,0.3103,0.3482,0.1527,0.525,0.3161,2026-06
CUST1011353,0.2017,0.5973000000000001,0.2604,0.2736,0.4701,0.2873,2026-06
CUST1011354,0.1559,0.4485,0.2837,0.1499,0.2662,0.1686,2026-06
CUST1011355,0.2422,0.2385,0.1054,0.0832,0.1872,0.1546,2026-06
CUST1011356,0.2874,0.4041,0.1041,0.1483,0.3478,0.0917,2026-06
CUST1011357,0.7028,0.3234,0.4849,0.0906,0.3973,0.3911,2026-06
CUST1011358,0.3065,0.3786,0.2737,0.3348,0.3665,0.3306,2026-06
CUST1011359,0.469,0.5886,0.405,0.3205,0.271,0.2044,2026-06
CUST1011360,0.6458,0.4648,0.2508,0.1377,0.3864,0.3762,2026-06
CUST1011361,0.4038,0.6281,0.4801,0.0965,0.403,0.3621,2026-06
CUST1011362,0.2693,0.262,0.2667,0.1731,0.3773,0.6566,2026-06
CUST1011363,0.2023,0.619,0.4619,0.2056,0.3569,0.4192,2026-06
CUST1011364,0.4423,0.2739,0.5209,0.1327,0.3876,0.6895,2026-06
CUST1011365,0.2287,0.2314,0.2002,0.1562,0.4352,0.2416,2026-06
CUST1011366,0.4412,0.8144,0.1943,0.127,0.2975,0.2761,2026-06
CUST1011367,0.4954,0.3795,0.4639,0.0902,0.4967,0.2953,2026-06
CUST1011368,0.5086000000000001,0.473,0.2452,0.0579,0.4141,0.5383,2026-06
CUST1011369,0.5849,0.7016,0.3506,0.1745,0.4775,0.5435,2026-06
CUST1011370,0.241,0.5929,0.4416,0.0771,0.4532,0.5585,2026-06
CUST1011371,0.3073,0.5018,0.2777,0.1546,0.0678,0.4514,2026-06
CUST1011372,0.5435,0.4131,0.0581,0.39,0.4029,0.0375,2026-06
CUST1011373,0.3785,0.1983,0.5362,0.6135,0.1735,0.2043,2026-06
CUST1011374,0.07920000000000001,0.1194,0.3322,0.1725,0.4787,0.1576,2026-06
CUST1011375,0.2514,0.2336,0.4449,0.2416,0.2554,0.372,2026-06
CUST1011376,0.4814,0.3637,0.307,0.0838,0.4894,0.4519,2026-06
CUST1011377,0.4391,0.4809,0.3238,0.3331,0.3661,0.1362,2026-06
CUST1011378,0.4009,0.4543,0.3234,0.1932,0.3412,0.4324,2026-06
CUST1011379,0.2356,0.0542,0.1589,0.1243,0.4291,0.3834,2026-06
CUST1011380,0.4506,0.3546,0.408,0.2373,0.3821,0.3622,2026-06
CUST1011381,0.4051,0.6161,0.4994,0.1884,0.3416,0.4972,2026-06
CUST1011382,0.4008,0.4821,0.3967,0.3041,0.5167,0.4004,2026-06
CUST1011383,0.0541,0.419,0.4819,0.2202,0.3133,0.4974,2026-06
CUST1011384,0.3047,0.4789,0.457,0.2615,0.3153,0.4396,2026-06
CUST1011385,0.3991,0.2519,0.2353,0.1661,0.6571,0.2975,2026-06
CUST1011386,0.432,0.1898,0.3414,0.2224,0.3221,0.0912,2026-06
CUST1011387,0.4878,0.3818,0.2969,0.0453,0.3338,0.3157,2026-06
CUST1011388,0.3009,0.3789,0.01,0.1047,0.1898,0.2033,2026-06
CUST1011389,0.4236,0.2635,0.3299,0.1918,0.6786,0.2886,2026-06
CUST1011390,0.3041,0.0732,0.3939,0.136,0.3761,0.3843,2026-06
CUST1011391,0.2576,0.3643,0.4747,0.1746,0.3213,0.3325,2026-06
CUST1011392,0.3579,0.7544999999999999,0.2676,0.02,0.2792,0.5318000000000001,2026-06
CUST1011393,0.2245,0.0242,0.3168,0.191,0.3717,0.1555,2026-06
CUST1011394,0.4637,0.3839,0.0469,0.2427,0.4703,0.0896,2026-06
CUST1011395,0.1432,0.3931,0.0678,0.2097,0.2183,0.2503,2026-06
CUST1011396,0.3707,0.2458,0.3025,0.1129,0.3392,0.1839,2026-06
CUST1011397,0.4858,0.195,0.2376,0.2663,0.3844,0.0805,2026-06
CUST1011398,0.13,0.625,0.423,0.2204,0.2974,0.3093,2026-06
CUST1011399,0.1214,0.4227,0.113,0.2719,0.1491,0.7432,2026-06
CUST1011400,0.3179,0.3597,0.4279,0.1531,0.3517,0.5369,2026-06
CUST1011401,0.6075,0.4917,0.5333,0.2409,0.4709,0.4939,2026-06
CUST1011402,0.3095,0.5042,0.1517,0.27,0.1317,0.382,2026-06
CUST1011403,0.3588,0.5274,0.3148,0.0598,0.2032,0.3714,2026-06
CUST1011404,0.4448,0.393,0.2219,0.2239,0.4123,0.2579,2026-06
CUST1011405,0.3773,0.6775,0.2991,0.2903,0.2753,0.4357,2026-06
CUST1011406,0.0633,0.2791,0.2786,0.1777,0.2992,0.3653,2026-06
CUST1011407,0.4193,0.5202,0.1059,0.5722,0.4765,0.2471,2026-06
CUST1011408,0.4816,0.5238,0.3938,0.2292,0.4357,0.4392,2026-06
CUST1011409,0.3836,0.2931,0.5847,0.2294,0.3522,0.3563,2026-06
CUST1011410,0.5296999999999999,0.2935,0.2481,0.5679,0.2892,0.0508,2026-06
CUST1011411,0.4149,0.7791,0.4566,0.1469,0.4789,0.6766,2026-06
CUST1011412,0.1883,0.2445,0.01,0.1855,0.6076,0.2541,2026-06
CUST1011413,0.6211,0.6432,0.353,0.09760000000000001,0.3713,0.439,2026-06
CUST1011414,0.5426,0.4784,0.4292,0.1033,0.3276,0.4603,2026-06
CUST1011415,0.2115,0.5101,0.2903,0.594,0.109,0.2486,2026-06
CUST1011416,0.4534,0.6539,0.4383,0.1632,0.3433,0.4297,2026-06
CUST1011417,0.319,0.4576,0.3832,0.4342,0.1684,0.3852,2026-06
CUST1011418,0.3346,0.4831,0.2837,0.0993,0.6183,0.4875,2026-06
CUST1011419,0.2589,0.5044999999999999,0.01,0.0392,0.2751,0.1365,2026-06
CUST1011420,0.2688,0.2842,0.0455,0.193,0.2754,0.0911,2026-06
CUST1011421,0.369,0.3269,0.371,0.2934,0.5596,0.4308,2026-06
CUST1011422,0.1499,0.4171,0.2034,0.2917,0.2536,0.4849,2026-06
CUST1011423,0.7408,0.4521,0.2756,0.0592,0.4147,0.2765,2026-06
CUST1011424,0.4719,0.5061,0.1257,0.178,0.1939,0.3861,2026-06
CUST1011425,0.4558,0.6964,0.1826,0.2671,0.1349,0.4169,2026-06
CUST1011426,0.4196,0.2844,0.4052,0.3093,0.363,0.2584,2026-06
CUST1011427,0.33,0.4183,0.3127,0.2084,0.3023,0.39,2026-06
CUST1011428,0.3359,0.2321,0.09520000000000001,0.2018,0.4521,0.1572,2026-06
CUST1011429,0.4728,0.5032,0.4237,0.1115,0.3584,0.4128,2026-06
CUST1011430,0.1316,0.4301,0.01,0.1769,0.1822,0.1256,2026-06
CUST1011431,0.5639999999999999,0.4626,0.01,0.2828,0.2249,0.01,2026-06
CUST1011432,0.324,0.4137,0.01,0.2226,0.3445,0.1758,2026-06
CUST1011433,0.4283,0.5737,0.3647,0.2916,0.4491,0.2846,2026-06
CUST1011434,0.4068,0.6329,0.1939,0.176,0.2661,0.5508,2026-06
CUST1011435,0.1651,0.1693,0.1736,0.6864,0.2228,0.0116,2026-06
CUST1011436,0.3823,0.1651,0.2845,0.1628,0.2869,0.5442,2026-06
CUST1011437,0.3668,0.3692,0.5123,0.1112,0.358,0.6409,2026-06
CUST1011438,0.4425,0.5094,0.4415,0.0997,0.3872,0.4896,2026-06
CUST1011439,0.408,0.5237000000000001,0.293,0.1428,0.1437,0.3276,2026-06
CUST1011440,0.3579,0.4019,0.3197,0.1449,0.2436,0.5973000000000001,2026-06
CUST1011441,0.3577,0.4813,0.3482,0.0499,0.3536,0.3737,2026-06
CUST1011442,0.4521,0.5669999999999999,0.5158,0.3493,0.3741,0.2098,2026-06
CUST1011443,0.2576,0.4255,0.01,0.0507,0.3636,0.2508,2026-06
CUST1011444,0.2504,0.5016,0.2049,0.19,0.166,0.379,2026-06
CUST1011445,0.1754,0.4081,0.476,0.4057,0.4224,0.4503,2026-06
CUST1011446,0.4191,0.1516,0.3475,0.09470000000000001,0.2339,0.0513,2026-06
CUST1011447,0.5468,0.3296,0.4539,0.1721,0.537,0.5565,2026-06
CUST1011448,0.3788,0.4016,0.4012,0.2535,0.3902,0.4422,2026-06
CUST1011449,0.4555,0.3696,0.1419,0.2685,0.2779,0.0998,2026-06
CUST1011450,0.6004,0.2147,0.3863,0.06859999999999999,0.4987,0.1737,2026-06
CUST1011451,0.293,0.6051,0.2105,0.1936,0.4339,0.3343,2026-06
CUST1011452,0.4438,0.7509,0.3846,0.1437,0.1668,0.4826,2026-06
CUST1011453,0.3971,0.6276,0.423,0.2201,0.2465,0.3995,2026-06
CUST1011454,0.2493,0.2517,0.01,0.219,0.119,0.2151,2026-06
CUST1011455,0.2449,0.3311,0.302,0.3695,0.3605,0.5097,2026-06
CUST1011456,0.1451,0.2995,0.2636,0.1685,0.2356,0.2879,2026-06
CUST1011457,0.4478,0.4423,0.5406,0.1067,0.6266,0.342,2026-06
CUST1011458,0.4709,0.5141,0.4659,0.0565,0.2157,0.249,2026-06
CUST1011459,0.5148,0.4223,0.3634,0.2331,0.3925,0.3327,2026-06
CUST1011460,0.2534,0.1467,0.3129,0.6514,0.4666,0.01,2026-06
CUST1011461,0.4145,0.5355,0.479,0.08069999999999999,0.2638,0.3304,2026-06
CUST1011462,0.3913,0.2579,0.3011,0.2981,0.2871,0.1039,2026-06
CUST1011463,0.3885,0.2768,0.4128,0.1399,0.33,0.3731,2026-06
CUST1011464,0.5178,0.5770999999999999,0.1549,0.1584,0.2254,0.4658,2026-06
CUST1011465,0.2113,0.5278,0.2987,0.1448,0.3309,0.6919,2026-06
CUST1011466,0.0901,0.4032,0.3528,0.1425,0.3474,0.6022,2026-06
CUST1011467,0.52,0.6655,0.4502,0.1995,0.1793,0.4495,2026-06
CUST1011468,0.2359,0.4551,0.4138,0.0939,0.3736,0.7504,2026-06
CUST1011469,0.1129,0.5031,0.0166,0.2831,0.3173,0.1254,2026-06
CUST1011470,0.1909,0.4269,0.448,0.1738,0.3375,0.4508,2026-06
CUST1011471,0.266,0.3856,0.2853,0.1418,0.5342,0.4849,2026-06
CUST1011472,0.3366,0.3937,0.2083,0.08790000000000001,0.3356,0.4269,2026-06
CUST1011473,0.2635,0.2817,0.4699,0.3306,0.4466,0.3457,2026-06
CUST1011474,0.2836,0.5665,0.2451,0.2268,0.2184,0.2761,2026-06
CUST1011475,0.3197,0.187,0.3792,0.3129,0.5098,0.1343,2026-06
CUST1011476,0.4623,0.4098,0.3963,0.0129,0.2655,0.5409,2026-06
CUST1011477,0.3759,0.5517,0.2206,0.2528,0.3513,0.4287,2026-06
CUST1011478,0.1571,0.4641,0.1775,0.3613,0.5187,0.4891,2026-06
CUST1011479,0.2331,0.5225,0.2328,0.1225,0.1794,0.1318,2026-06
CUST1011480,0.1784,0.2354,0.1166,0.0711,0.2475,0.2042,2026-06
CUST1011481,0.3997,0.3019,0.3894,0.154,0.2919,0.4044,2026-06
CUST1011482,0.1705,0.6379,0.1301,0.0829,0.1321,0.0696,2026-06
CUST1011483,0.2263,0.1808,0.07920000000000001,0.1849,0.5517,0.1829,2026-06
CUST1011484,0.308,0.4682,0.4449,0.2361,0.3662,0.6719000000000001,2026-06
CUST1011485,0.5541,0.2659,0.2757,0.0412,0.3843,0.1833,2026-06
CUST1011486,0.5415,0.4562,0.0858,0.1456,0.4161,0.4356,2026-06
CUST1011487,0.456,0.4538,0.3297,0.2288,0.2572,0.3671,2026-06
CUST1011488,0.3935,0.4246,0.2728,0.1411,0.315,0.0441,2026-06
CUST1011489,0.2634,0.3418,0.246,0.1872,0.3937,0.6487000000000001,2026-06
CUST1011490,0.4683,0.2207,0.4112,0.1728,0.3184,0.2062,2026-06
CUST1011491,0.2918,0.3635,0.099,0.3331,0.4614,0.1496,2026-06
CUST1011492,0.5089,0.4725,0.4257,0.1623,0.5269,0.4745,2026-06
CUST1011493,0.5099,0.5638,0.4037,0.2247,0.3587,0.0534,2026-06
CUST1011494,0.4128,0.5688,0.2389,0.3476,0.3715,0.08749999999999999,2026-06
CUST1011495,0.4543,0.6539,0.4281,0.1382,0.3679,0.4571,2026-06
CUST1011496,0.442,0.2699,0.2522,0.1216,0.5955,0.2919,2026-06
CUST1011497,0.4408,0.601,0.2934,0.1334,0.2069,0.464,2026-06
CUST1011498,0.3836,0.3984,0.2501,0.17,0.6624,0.4495,2026-06
CUST1011499,0.483,0.7077,0.5949,0.1314,0.2934,0.3892,2026-06
CUST1011500,0.4587,0.5475,0.5957,0.2091,0.2752,0.2852,2026-06
CUST1011501,0.4804,0.4673,0.09719999999999999,0.3071,0.2732,0.09279999999999999,2026-06
CUST1011502,0.3471,0.3647,0.3862,0.0948,0.241,0.5831,2026-06
CUST1011503,0.4436,0.4793,0.5222,0.3155,0.1464,0.4355,2026-06
CUST1011504,0.4048,0.418,0.08400000000000001,0.1256,0.2389,0.1606,2026-06
CUST1011505,0.2061,0.3829,0.3902,0.2045,0.4828,0.1071,2026-06
CUST1011506,0.4251,0.7907,0.1777,0.3097,0.3751,0.3632,2026-06
CUST1011507,0.5505,0.384,0.4924,0.0712,0.2346,0.4683,2026-06
CUST1011508,0.4147,0.5381,0.1869,0.1884,0.2831,0.268,2026-06
CUST1011509,0.2771,0.3506,0.01,0.2045,0.3662,0.1783,2026-06
CUST1011510,0.2029,0.4952,0.4469,0.1892,0.4145,0.3237,2026-06
CUST1011511,0.1088,0.666,0.4449,0.09909999999999999,0.2625,0.4184,2026-06
CUST1011512,0.5475,0.4446,0.2619,0.2104,0.2826,0.1,2026-06
CUST1011513,0.2434,0.2996,0.0985,0.2576,0.2534,0.2143,2026-06
CUST1011514,0.4121,0.211,0.1715,0.0978,0.4446,0.1912,2026-06
CUST1011515,0.3421,0.1879,0.2444,0.2229,0.4973,0.1236,2026-06
CUST1011516,0.2887,0.7489,0.1909,0.2146,0.2115,0.4887,2026-06
CUST1011517,0.2273,0.6893,0.4314,0.1689,0.2406,0.585,2026-06
CUST1011518,0.4028,0.5364,0.6186,0.1143,0.4377,0.7563,2026-06
CUST1011519,0.4832,0.4555,0.0141,0.226,0.2311,0.1768,2026-06
CUST1011520,0.4064,0.4677,0.4504,0.1054,0.5002,0.4916,2026-06
CUST1011521,0.6064000000000001,0.4816,0.2205,0.4248,0.1821,0.2882,2026-06
CUST1011522,0.3324,0.5798,0.292,0.131,0.1586,0.2902,2026-06
CUST1011523,0.3843,0.799,0.3237,0.09039999999999999,0.2191,0.5138,2026-06
CUST1011524,0.2937,0.3037,0.2725,0.2439,0.4325,0.3924,2026-06
CUST1011525,0.4696,0.4008,0.4021,0.037,0.3491,0.5749,2026-06
CUST1011526,0.5209,0.4207,0.1777,0.2586,0.2673,0.1851,2026-06
CUST1011527,0.4559,0.6315,0.3594,0.2405,0.2086,0.3524,2026-06
CUST1011528,0.1107,0.5004999999999999,0.4637,0.178,0.2495,0.5996,2026-06
CUST1011529,0.4615,0.4137,0.2506,0.2154,0.3469,0.4085,2026-06
CUST1011530,0.5197000000000001,0.538,0.4142,0.2523,0.5352,0.5183,2026-06
CUST1011531,0.4421,0.4683,0.2861,0.2155,0.1388,0.1352,2026-06
CUST1011532,0.5188,0.3002,0.2236,0.2279,0.6431,0.4466,2026-06
CUST1011533,0.187,0.5705,0.1676,0.1821,0.6004,0.3094,2026-06
CUST1011534,0.2965,0.478,0.3145,0.1041,0.3222,0.4276,2026-06
CUST1011535,0.3271,0.1416,0.1965,0.0766,0.3604,0.3303,2026-06
CUST1011536,0.2736,0.7223000000000001,0.2716,0.2192,0.1557,0.3404,2026-06
CUST1011537,0.6059,0.6276,0.2578,0.2349,0.2823,0.6085,2026-06
CUST1011538,0.1259,0.1398,0.01,0.0934,0.5705,0.107,2026-06
CUST1011539,0.4102,0.5224,0.3421,0.0941,0.3119,0.5528,2026-06
CUST1011540,0.477,0.2415,0.3938,0.1089,0.5548999999999999,0.2147,2026-06
CUST1011541,0.388,0.7272,0.1947,0.1468,0.3335,0.6614,2026-06
CUST1011542,0.1369,0.4586,0.3938,0.1043,0.2409,0.1899,2026-06
CUST1011543,0.4217,0.3903,0.2656,0.0926,0.2975,0.5590000000000001,2026-06
CUST1011544,0.2871,0.3106,0.1864,0.0978,0.2407,0.1441,2026-06
CUST1011545,0.4985,0.3594,0.3706,0.07820000000000001,0.3532,0.4098,2026-06
CUST1011546,0.5188,0.3139,0.1997,0.2027,0.3802,0.01,2026-06
CUST1011547,0.4184,0.5381,0.4161,0.1302,0.3264,0.4374,2026-06
CUST1011548,0.193,0.1638,0.01,0.0558,0.2006,0.0253,2026-06
CUST1011549,0.4044,0.4455,0.3759,0.3047,0.199,0.4804,2026-06
CUST1011550,0.4503,0.371,0.4246,0.3278,0.2734,0.6508,2026-06
CUST1011551,0.2853,0.7315,0.2139,0.269,0.1375,0.3347,2026-06
CUST1011552,0.6304,0.6441,0.4048,0.1195,0.4163,0.4857,2026-06
CUST1011553,0.48,0.6274999999999999,0.4198,0.5764,0.316,0.5085,2026-06
CUST1011554,0.3337,0.6566,0.156,0.2396,0.16,0.5805,2026-06
CUST1011555,0.3818,0.1253,0.2373,0.01,0.4177,0.3517,2026-06
CUST1011556,0.4014,0.4981,0.1552,0.1096,0.6727,0.554,2026-06
CUST1011557,0.3821,0.6681,0.4222,0.2406,0.1752,0.2703,2026-06
CUST1011558,0.347,0.2879,0.3426,0.1408,0.3489,0.5642,2026-06
CUST1011559,0.5371,0.2343,0.188,0.1839,0.366,0.3356,2026-06
CUST1011560,0.3368,0.1314,0.2817,0.2393,0.3004,0.1314,2026-06
CUST1011561,0.312,0.4169,0.3642,0.0868,0.3013,0.5339,2026-06
CUST1011562,0.4187,0.5917,0.2774,0.2321,0.3163,0.5439000000000001,2026-06
CUST1011563,0.1445,0.3636,0.0731,0.1729,0.2443,0.1829,2026-06
CUST1011564,0.172,0.3389,0.2345,0.2897,0.3548,0.1002,2026-06
CUST1011565,0.1111,0.3889,0.01,0.2585,0.2131,0.2199,2026-06
CUST1011566,0.0725,0.4405,0.3524,0.1811,0.3028,0.4891,2026-06
CUST1011567,0.5139,0.6555,0.2329,0.2562,0.2357,0.4173,2026-06
CUST1011568,0.2971,0.6365,0.1954,0.2203,0.2658,0.3446,2026-06
CUST1011569,0.4641,0.1479,0.1395,0.2243,0.4238,0.2346,2026-06
CUST1011570,0.3905,0.3666,0.0829,0.07679999999999999,0.5099,0.104,2026-06
CUST1011571,0.593,0.4688,0.4593,0.07340000000000001,0.3103,0.4062,2026-06
CUST1011572,0.3259,0.3451,0.5682,0.0949,0.2733,0.3305,2026-06
CUST1011573,0.2331,0.3416,0.3166,0.0578,0.3972,0.2833,2026-06
CUST1011574,0.4433,0.461,0.4582,0.5145,0.3178,0.4384,2026-06
CUST1011575,0.3253,0.3609,0.2852,0.1577,0.3945,0.3201,2026-06
CUST1011576,0.4206,0.6207,0.3913,0.3004,0.2538,0.4385,2026-06
CUST1011577,0.3911,0.3883,0.371,0.1286,0.3755,0.2383,2026-06
CUST1011578,0.5466,0.5181,0.0374,0.0808,0.3214,0.1438,2026-06
CUST1011579,0.5769,0.5067,0.6155,0.0992,0.3814,0.3498,2026-06
CUST1011580,0.4454,0.4457,0.4195,0.0924,0.4559,0.2332,2026-06
CUST1011581,0.08599999999999999,0.6409,0.2978,0.1973,0.2263,0.4077,2026-06
CUST1011582,0.148,0.3144,0.1051,0.2495,0.4705,0.01,2026-06
CUST1011583,0.4072,0.3672,0.5155,0.2313,0.178,0.4618,2026-06
CUST1011584,0.2084,0.3278,0.01,0.3076,0.1836,0.3248,2026-06
CUST1011585,0.3285,0.2743,0.2716,0.2746,0.2567,0.2343,2026-06
CUST1011586,0.4601,0.4321,0.0592,0.2817,0.2126,0.2077,2026-06
CUST1011587,0.179,0.3987,0.249,0.257,0.4985,0.5629,2026-06
CUST1011588,0.4182,0.4048,0.3718,0.1897,0.3556,0.4674,2026-06
CUST1011589,0.4509,0.2476,0.1566,0.1609,0.3191,0.2019,2026-06
CUST1011590,0.3635,0.3546,0.3991,0.1673,0.3559,0.6339,2026-06
CUST1011591,0.3162,0.5580000000000001,0.1514,0.1844,0.2466,0.2229,2026-06
CUST1011592,0.4131,0.6923,0.2365,0.1341,0.2784,0.5008,2026-06
CUST1011593,0.4145,0.5157,0.5323,0.2282,0.3454,0.4521,2026-06
CUST1011594,0.5821,0.4194,0.1429,0.1527,0.2996,0.128,2026-06
CUST1011595,0.4004,0.3313,0.4609,0.0982,0.4052,0.3797,2026-06
CUST1011596,0.3036,0.5662,0.3617,0.2965,0.3051,0.3141,2026-06
CUST1011597,0.1045,0.3678,0.4235,0.3218,0.4342,0.6525,2026-06
CUST1011598,0.2619,0.3995,0.3768,0.1912,0.4233,0.0358,2026-06
CUST1011599,0.4408,0.348,0.425,0.2822,0.2099,0.5057,2026-06
CUST1011600,0.363,0.1561,0.21,0.127,0.3049,0.052,2026-06
CUST1011601,0.3297,0.4512,0.1132,0.1849,0.2127,0.1894,2026-06
CUST1011602,0.5978,0.3973,0.3126,0.1805,0.5239,0.3978,2026-06
CUST1011603,0.4413,0.6884,0.4104,0.1921,0.2234,0.4016,2026-06
CUST1011604,0.5152,0.5189,0.2234,0.1756,0.4889,0.4055,2026-06
CUST1011605,0.3484,0.227,0.4029,0.2793,0.4906,0.2563,2026-06
CUST1011606,0.386,0.6664,0.2598,0.1453,0.2574,0.3797,2026-06
CUST1011607,0.143,0.5283,0.2385,0.126,0.381,0.5389,2026-06
CUST1011608,0.3869,0.3154,0.1852,0.5669999999999999,0.3716,0.2977,2026-06
CUST1011609,0.4456,0.3093,0.3533,0.241,0.3625,0.2799,2026-06
CUST1011610,0.4816,0.4543,0.3715,0.1414,0.2916,0.4066,2026-06
CUST1011611,0.2812,0.3928,0.09810000000000001,0.1764,0.0383,0.2087,2026-06
CUST1011612,0.0924,0.4363,0.3639,0.3518,0.3517,0.2317,2026-06
CUST1011613,0.1937,0.3066,0.3819,0.215,0.4142,0.5857,2026-06
CUST1011614,0.4828,0.5715,0.3388,0.185,0.5993000000000001,0.5024,2026-06
CUST1011615,0.4097,0.5175,0.5871,0.0479,0.3877,0.509,2026-06
CUST1011616,0.2725,0.2995,0.5293,0.3481,0.3797,0.4373,2026-06
CUST1011617,0.2869,0.3415,0.149,0.06909999999999999,0.3175,0.2676,2026-06
CUST1011618,0.1391,0.5098,0.4157,0.1405,0.3907,0.6748,2026-06
CUST1011619,0.3836,0.5769,0.1902,0.0964,0.319,0.4388,2026-06
CUST1011620,0.5885,0.5501,0.4141,0.1247,0.3952,0.4825,2026-06
CUST1011621,0.5859,0.6254,0.1818,0.1499,0.2746,0.2627,2026-06
CUST1011622,0.2038,0.4293,0.3504,0.0775,0.3408,0.0208,2026-06
CUST1011623,0.2641,0.5966,0.2601,0.3256,0.3558,0.4667,2026-06
CUST1011624,0.201,0.6478,0.2008,0.1423,0.2837,0.28,2026-06
CUST1011625,0.4832,0.5034999999999999,0.3548,0.1576,0.5077,0.1849,2026-06
CUST1011626,0.2408,0.6227,0.0486,0.2214,0.1021,0.1439,2026-06
CUST1011627,0.1711,0.6852,0.4723,0.2487,0.2332,0.556,2026-06
CUST1011628,0.4315,0.7136,0.4673,0.08459999999999999,0.4102,0.4595,2026-06
CUST1011629,0.3727,0.4495,0.2629,0.0186,0.2227,0.2967,2026-06
CUST1011630,0.3017,0.3242,0.4709,0.0857,0.3702,0.4742,2026-06
CUST1011631,0.3385,0.3621,0.3665,0.0775,0.4628,0.4,2026-06
CUST1011632,0.4281,0.6288,0.5515,0.1807,0.3951,0.3558,2026-06
CUST1011633,0.2764,0.3385,0.3491,0.1782,0.5415,0.3059,2026-06
CUST1011634,0.4183,0.2185,0.2623,0.2077,0.5335,0.1877,2026-06
CUST1011635,0.032,0.2339,0.1225,0.1585,0.3633,0.4415,2026-06
CUST1011636,0.3905,0.3195,0.5123,0.0926,0.2636,0.3096,2026-06
CUST1011637,0.2208,0.523,0.3998,0.1483,0.305,0.4946,2026-06
CUST1011638,0.4435,0.6035,0.4498,0.1056,0.2602,0.2134,2026-06
CUST1011639,0.2576,0.4943,0.342,0.2348,0.3175,0.5306999999999999,2026-06
CUST1011640,0.2447,0.3452,0.5344,0.2782,0.2676,0.3895,2026-06
CUST1011641,0.3821,0.5977,0.441,0.5665,0.2492,0.2221,2026-06
CUST1011642,0.5429,0.4576,0.4652,0.1301,0.2081,0.2841,2026-06
CUST1011643,0.3758,0.5758,0.1263,0.3012,0.2378,0.4787,2026-06
CUST1011644,0.4322,0.6083,0.5072,0.1841,0.2568,0.4816,2026-06
CUST1011645,0.423,0.1831,0.3085,0.0309,0.2085,0.1021,2026-06
CUST1011646,0.6187,0.3316,0.3429,0.4443,0.2477,0.5727,2026-06
CUST1011647,0.1635,0.1339,0.2679,0.1515,0.4745,0.2506,2026-06
CUST1011648,0.0512,0.2708,0.223,0.1733,0.5385,0.4572,2026-06
CUST1011649,0.3381,0.5216,0.3765,0.2298,0.3763,0.1142,2026-06
CUST1011650,0.2054,0.6794,0.5369,0.1624,0.1039,0.3857,2026-06
CUST1011651,0.2278,0.0861,0.117,0.0482,0.2424,0.2856,2026-06
CUST1011652,0.5544,0.4982,0.6081,0.2619,0.4202,0.6041,2026-06
CUST1011653,0.3624,0.4592,0.2569,0.2167,0.5162,0.3348,2026-06
CUST1011654,0.3356,0.4617,0.2799,0.2702,0.3009,0.3732,2026-06
CUST1011655,0.3713,0.441,0.01,0.2684,0.315,0.2264,2026-06
CUST1011656,0.45,0.7523,0.3598,0.0522,0.1032,0.4409,2026-06
CUST1011657,0.3275,0.6167,0.2392,0.2365,0.2305,0.3234,2026-06
CUST1011658,0.2444,0.5144,0.5679999999999999,0.0527,0.322,0.353,2026-06
CUST1011659,0.482,0.4452,0.2901,0.1825,0.2577,0.6224,2026-06
CUST1011660,0.3506,0.2643,0.2681,0.6078,0.3166,0.5205,2026-06
CUST1011661,0.425,0.4067,0.4502,0.2481,0.4236,0.5336,2026-06
CUST1011662,0.2644,0.4615,0.2584,0.1297,0.2287,0.3652,2026-06
CUST1011663,0.3042,0.4315,0.0897,0.07149999999999999,0.382,0.1491,2026-06
CUST1011664,0.2171,0.0803,0.1775,0.1902,0.3885,0.2005,2026-06
CUST1011665,0.4332,0.3991,0.3858,0.0919,0.3675,0.2747,2026-06
CUST1011666,0.5974,0.6556,0.1589,0.2863,0.2391,0.3267,2026-06
CUST1011667,0.3484,0.5111,0.4544,0.07829999999999999,0.3323,0.29,2026-06
CUST1011668,0.3536,0.519,0.01,0.3056,0.2188,0.0926,2026-06
CUST1011669,0.0487,0.4466,0.1337,0.2705,0.6052,0.3806,2026-06
CUST1011670,0.5495,0.6014,0.2101,0.1714,0.3501,0.3983,2026-06
CUST1011671,0.4631,0.4311,0.4661,0.1733,0.5116000000000001,0.4455,2026-06
CUST1011672,0.2841,0.6816,0.1335,0.3117,0.2463,0.5591,2026-06
CUST1011673,0.3774,0.6044,0.3144,0.3889,0.4435,0.5444,2026-06
CUST1011674,0.5246,0.5433,0.2829,0.1735,0.2379,0.5443,2026-06
CUST1011675,0.5064,0.4239,0.4948,0.1748,0.3241,0.5407,2026-06
CUST1011676,0.4675,0.4097,0.3487,0.0542,0.3233,0.4771,2026-06
CUST1011677,0.4605,0.0553,0.2612,0.1528,0.3572,0.1649,2026-06
CUST1011678,0.5958,0.529,0.103,0.1632,0.3291,0.2023,2026-06
CUST1011679,0.2319,0.3092,0.0674,0.3397,0.3558,0.1427,2026-06
CUST1011680,0.2411,0.3318,0.2605,0.1879,0.3404,0.1024,2026-06
CUST1011681,0.1303,0.1068,0.2089,0.2604,0.381,0.1422,2026-06
CUST1011682,0.4445,0.4447,0.388,0.1772,0.4027,0.355,2026-06
CUST1011683,0.1416,0.5169,0.2658,0.2579,0.4145,0.7255,2026-06
CUST1011684,0.5114,0.3716,0.4881,0.1702,0.506,0.4366,2026-06
CUST1011685,0.4029,0.4502,0.5386,0.2508,0.3854,0.6723,2026-06
CUST1011686,0.5611,0.1766,0.2733,0.2659,0.5942,0.0854,2026-06
CUST1011687,0.4504,0.3334,0.01,0.7472,0.3079,0.1386,2026-06
CUST1011688,0.4861,0.3847,0.519,0.05,0.3877,0.3218,2026-06
CUST1011689,0.3616,0.5924,0.248,0.219,0.3107,0.2776,2026-06
CUST1011690,0.5632,0.2511,0.2984,0.2819,0.4633,0.3576,2026-06
CUST1011691,0.3023,0.3035,0.4954,0.5264,0.1896,0.3763,2026-06
CUST1011692,0.1613,0.3157,0.313,0.2459,0.2474,0.0306,2026-06
CUST1011693,0.4182,0.2929,0.2466,0.2292,0.654,0.282,2026-06
CUST1011694,0.3777,0.1631,0.01,0.0252,0.4548,0.2419,2026-06
CUST1011695,0.5606,0.3417,0.1444,0.0536,0.5558999999999999,0.308,2026-06
CUST1011696,0.3294,0.3116,0.261,0.1781,0.2918,0.1639,2026-06
CUST1011697,0.1845,0.3164,0.3706,0.1631,0.3592,0.7546,2026-06
CUST1011698,0.2454,0.3767,0.3936,0.1951,0.4913,0.3733,2026-06
CUST1011699,0.4559,0.4002,0.1701,0.1588,0.1861,0.3493,2026-06
CUST1011700,0.2878,0.4337,0.4853,0.1657,0.3742,0.44,2026-06
CUST1011701,0.394,0.4443,0.503,0.2844,0.4669,0.616,2026-06
CUST1011702,0.3729,0.1804,0.2543,0.2539,0.404,0.3201,2026-06
CUST1011703,0.2274,0.2833,0.4409,0.131,0.3612,0.1667,2026-06
CUST1011704,0.4866,0.608,0.4532,0.1428,0.4434,0.4436,2026-06
CUST1011705,0.2113,0.5641,0.2418,0.2176,0.2941,0.3238,2026-06
CUST1011706,0.4717,0.3988,0.5131,0.4162,0.3832,0.3993,2026-06
CUST1011707,0.5344,0.4581,0.4899,0.1741,0.4353,0.3807,2026-06
CUST1011708,0.5075,0.1681,0.01,0.5649,0.4611,0.037,2026-06
CUST1011709,0.4356,0.634,0.4526,0.1931,0.3743,0.5143,2026-06
CUST1011710,0.4603,0.613,0.4089,0.1898,0.1334,0.398,2026-06
CUST1011711,0.6052,0.3479,0.5689,0.1852,0.2659,0.7212,2026-06
CUST1011712,0.2978,0.6156,0.261,0.1895,0.266,0.3191,2026-06
CUST1011713,0.2597,0.0453,0.4945,0.0296,0.4073,0.4287,2026-06
CUST1011714,0.3928,0.3185,0.4629,0.1158,0.2023,0.4747,2026-06
CUST1011715,0.1968,0.3049,0.5043,0.2442,0.5096000000000001,0.3457,2026-06
CUST1011716,0.3679,0.2209,0.358,0.1271,0.2517,0.2572,2026-06
CUST1011717,0.5272,0.4095,0.2807,0.4878,0.3527,0.247,2026-06
CUST1011718,0.2465,0.4261,0.5122,0.2269,0.5505,0.4519,2026-06
CUST1011719,0.3612,0.7252,0.3996,0.2279,0.4014,0.4594,2026-06
CUST1011720,0.2586,0.4839,0.4042,0.097,0.4099,0.6065,2026-06
CUST1011721,0.46,0.5544,0.4705,0.1438,0.417,0.4948,2026-06
CUST1011722,0.3446,0.5533,0.3014,0.1025,0.2624,0.5669999999999999,2026-06
CUST1011723,0.2068,0.4537,0.4421,0.1741,0.4248,0.2947,2026-06
CUST1011724,0.1275,0.1217,0.1756,0.1606,0.2821,0.08400000000000001,2026-06
CUST1011725,0.1788,0.3919,0.1007,0.1372,0.3892,0.1348,2026-06
CUST1011726,0.4339,0.4821,0.333,0.3548,0.1725,0.328,2026-06
CUST1011727,0.2206,0.3666,0.1662,0.1673,0.2986,0.01,2026-06
CUST1011728,0.2062,0.1448,0.2257,0.1011,0.3808,0.2244,2026-06
CUST1011729,0.381,0.4283,0.0767,0.3078,0.194,0.0857,2026-06
CUST1011730,0.3888,0.5409,0.6178,0.08599999999999999,0.2897,0.5451,2026-06
CUST1011731,0.4583,0.1597,0.01,0.2865,0.3179,0.1634,2026-06
CUST1011732,0.2807,0.6015,0.2349,0.3793,0.3825,0.3317,2026-06
CUST1011733,0.1587,0.4422,0.5597,0.1913,0.404,0.4031,2026-06
CUST1011734,0.3278,0.5458,0.1217,0.1752,0.1894,0.1189,2026-06
CUST1011735,0.556,0.4908,0.4038,0.1748,0.325,0.2563,2026-06
CUST1011736,0.3609,0.3391,0.257,0.5662,0.3998,0.112,2026-06
CUST1011737,0.3027,0.195,0.3574,0.1531,0.4035,0.08400000000000001,2026-06
CUST1011738,0.4524,0.444,0.3697,0.0745,0.4101,0.575,2026-06
CUST1011739,0.2363,0.1548,0.4418,0.06,0.2404,0.1092,2026-06
CUST1011740,0.2316,0.58,0.2665,0.6089,0.2707,0.5016,2026-06
CUST1011741,0.246,0.3371,0.2753,0.1823,0.2429,0.1068,2026-06
CUST1011742,0.3646,0.299,0.1437,0.1636,0.2645,0.1265,2026-06
CUST1011743,0.3645,0.2526,0.4451,0.1732,0.3806,0.3712,2026-06
CUST1011744,0.2226,0.3493,0.4012,0.1348,0.4673,0.4044,2026-06
CUST1011745,0.45,0.2338,0.4375,0.187,0.3945,0.5894,2026-06
CUST1011746,0.2589,0.4552,0.4541,0.1704,0.3603,0.497,2026-06
CUST1011747,0.2097,0.1688,0.01,0.1328,0.1839,0.01,2026-06
CUST1011748,0.279,0.6635,0.372,0.0774,0.3768,0.5199,2026-06
CUST1011749,0.472,0.718,0.1183,0.3934,0.1951,0.5639,2026-06
CUST1011750,0.2602,0.4707,0.5266,0.1752,0.5744,0.3514,2026-06
CUST1011751,0.4599,0.3929,0.4303,0.1396,0.2389,0.5891999999999999,2026-06
CUST1011752,0.2279,0.4359,0.5502,0.1924,0.4322,0.3514,2026-06
CUST1011753,0.3715,0.345,0.4561,0.0727,0.4329,0.251,2026-06
CUST1011754,0.3708,0.198,0.07679999999999999,0.1795,0.1737,0.1294,2026-06
CUST1011755,0.4446,0.6101,0.139,0.132,0.3121,0.5279,2026-06
CUST1011756,0.3681,0.4826,0.2996,0.176,0.4545,0.1636,2026-06
CUST1011757,0.4949,0.4922,0.3895,0.01,0.4899,0.5235,2026-06
CUST1011758,0.4895,0.3321,0.1117,0.2185,0.3389,0.0989,2026-06
CUST1011759,0.1754,0.4145,0.1431,0.6865,0.4266,0.3456,2026-06
CUST1011760,0.3062,0.6874,0.1851,0.1956,0.1358,0.3945,2026-06
CUST1011761,0.4898,0.4283,0.3735,0.2188,0.3609,0.4689,2026-06
CUST1011762,0.2647,0.2369,0.2297,0.129,0.219,0.3134,2026-06
CUST1011763,0.1544,0.2206,0.01,0.184,0.4688,0.0968,2026-06
CUST1011764,0.5719,0.362,0.4775,0.6897,0.227,0.4444,2026-06
CUST1011765,0.0138,0.6273,0.2738,0.2635,0.3961,0.4505,2026-06
CUST1011766,0.5026,0.7131999999999999,0.4779,0.2127,0.5032,0.4088,2026-06
CUST1011767,0.2197,0.7137,0.1311,0.2329,0.2513,0.5773,2026-06
CUST1011768,0.0529,0.3881,0.1065,0.2957,0.0619,0.2268,2026-06
CUST1011769,0.3976,0.3138,0.1443,0.1018,0.7128,0.2089,2026-06
CUST1011770,0.3435,0.6743,0.2951,0.2095,0.215,0.2406,2026-06
CUST1011771,0.4456,0.7643,0.5304,0.1445,0.3193,0.3061,2026-06
CUST1011772,0.4729,0.2713,0.2551,0.1886,0.4753,0.0951,2026-06
CUST1011773,0.4679,0.5972,0.2649,0.2771,0.3247,0.5121,2026-06
CUST1011774,0.3424,0.5874,0.3643,0.2156,0.3539,0.5417,2026-06
CUST1011775,0.1097,0.3548,0.482,0.351,0.172,0.397,2026-06
CUST1011776,0.4919,0.5556,0.4122,0.2371,0.1999,0.4967,2026-06
CUST1011777,0.3815,0.705,0.4568,0.0245,0.2398,0.2745,2026-06
CUST1011778,0.556,0.6973,0.4026,0.2361,0.3018,0.4045,2026-06
CUST1011779,0.4259,0.296,0.3498,0.349,0.542,0.6253,2026-06
CUST1011780,0.48,0.3861,0.4523,0.1939,0.2253,0.7309,2026-06
CUST1011781,0.5471,0.4311,0.2441,0.0445,0.1773,0.4586,2026-06
CUST1011782,0.3839,0.653,0.4125,0.07489999999999999,0.3466,0.4733,2026-06
CUST1011783,0.0892,0.1138,0.3543,0.3109,0.3903,0.0842,2026-06
CUST1011784,0.454,0.5016,0.5212,0.1958,0.4572,0.4299,2026-06
CUST1011785,0.4438,0.5357,0.2129,0.1873,0.6201,0.3454,2026-06
CUST1011786,0.4696,0.3826,0.3374,0.1087,0.4002,0.7504999999999999,2026-06
CUST1011787,0.1888,0.6268,0.4992,0.01,0.4676,0.2662,2026-06
CUST1011788,0.437,0.4078,0.3282,0.1743,0.4942,0.474,2026-06
CUST1011789,0.54,0.6993,0.2109,0.3277,0.2253,0.3548,2026-06
CUST1011790,0.3726,0.4787,0.1279,0.2021,0.2721,0.2682,2026-06
CUST1011791,0.1796,0.6976,0.3534,0.3426,0.2876,0.5355,2026-06
CUST1011792,0.3578,0.6096,0.1863,0.1599,0.1963,0.5205,2026-06
CUST1011793,0.1343,0.01,0.0743,0.1926,0.3261,0.2198,2026-06
CUST1011794,0.2574,0.7868000000000001,0.3342,0.26,0.356,0.2865,2026-06
CUST1011795,0.1902,0.2103,0.3884,0.3167,0.2026,0.0814,2026-06
CUST1011796,0.3088,0.479,0.3427,0.2095,0.4289,0.3385,2026-06
CUST1011797,0.2748,0.6874,0.5184,0.2227,0.3476,0.377,2026-06
CUST1011798,0.3418,0.3767,0.4444,0.2068,0.3508,0.4861,2026-06
CUST1011799,0.5858,0.4412,0.1992,0.0878,0.3555,0.612,2026-06
CUST1011800,0.1697,0.4701,0.2116,0.1122,0.2466,0.3507,2026-06
CUST1011801,0.6299,0.7281,0.3133,0.3117,0.364,0.4941,2026-06
CUST1011802,0.3664,0.3977,0.4943,0.5838,0.2296,0.4105,2026-06
CUST1011803,0.3652,0.3166,0.3002,0.2026,0.5288,0.2863,2026-06
CUST1011804,0.4111,0.6312,0.5750999999999999,0.1971,0.2217,0.3478,2026-06
CUST1011805,0.265,0.2579,0.08699999999999999,0.1782,0.2604,0.2883,2026-06
CUST1011806,0.3115,0.3931,0.01,0.227,0.3631,0.1387,2026-06
CUST1011807,0.2788,0.2534,0.5345,0.1576,0.4473,0.2532,2026-06
CUST1011808,0.2932,0.6334,0.3024,0.1957,0.0581,0.5377999999999999,2026-06
CUST1011809,0.1459,0.1422,0.2451,0.3268,0.3814,0.2195,2026-06
CUST1011810,0.3839,0.8248,0.6431,0.0189,0.0223,0.4386,2026-06
CUST1011811,0.169,0.3059,0.2326,0.0955,0.3881,0.4834,2026-06
CUST1011812,0.2038,0.3994,0.0361,0.1609,0.2362,0.1408,2026-06
CUST1011813,0.09959999999999999,0.4672,0.2797,0.2707,0.6768999999999999,0.4471,2026-06
CUST1011814,0.3662,0.4651,0.1513,0.1099,0.3723,0.2446,2026-06
CUST1011815,0.4502,0.5773,0.6094000000000001,0.1245,0.2293,0.4011,2026-06
CUST1011816,0.3422,0.1759,0.3544,0.2432,0.3189,0.1696,2026-06
CUST1011817,0.4865,0.7065,0.3428,0.107,0.2197,0.4591,2026-06
CUST1011818,0.4206,0.2418,0.245,0.2267,0.2819,0.1533,2026-06
CUST1011819,0.5271,0.4747,0.1443,0.0261,0.3193,0.1415,2026-06
CUST1011820,0.1431,0.7568,0.3356,0.142,0.2309,0.3628,2026-06
CUST1011821,0.4423,0.3212,0.3997,0.1644,0.2935,0.3843,2026-06
CUST1011822,0.3621,0.5052,0.1516,0.2835,0.3088,0.4447,2026-06
CUST1011823,0.2029,0.3109,0.4263,0.0825,0.2411,0.4374,2026-06
CUST1011824,0.2377,0.2524,0.01,0.2204,0.3901,0.0343,2026-06
CUST1011825,0.5054,0.6583,0.2959,0.1731,0.5003,0.314,2026-06
CUST1011826,0.3385,0.3852,0.3275,0.1043,0.3789,0.313,2026-06
CUST1011827,0.5131,0.4783,0.01,0.1678,0.3719,0.0506,2026-06
CUST1011828,0.3462,0.428,0.4187,0.2085,0.3014,0.7102000000000001,2026-06
CUST1011829,0.2813,0.4963,0.6441,0.2407,0.3045,0.554,2026-06
CUST1011830,0.3724,0.2897,0.0839,0.7388,0.2454,0.1551,2026-06
CUST1011831,0.1823,0.5092,0.2378,0.2323,0.2683,0.5037,2026-06
CUST1011832,0.5338000000000001,0.6705,0.4361,0.1378,0.3078,0.371,2026-06
CUST1011833,0.2855,0.4553,0.411,0.1232,0.2417,0.347,2026-06
CUST1011834,0.3376,0.0475,0.2094,0.2094,0.492,0.1301,2026-06
CUST1011835,0.3507,0.3133,0.2285,0.1218,0.5463,0.2154,2026-06
CUST1011836,0.38,0.5482,0.0619,0.1265,0.2994,0.01,2026-06
CUST1011837,0.1366,0.2473,0.152,0.1046,0.456,0.2992,2026-06
CUST1011838,0.4323,0.6607,0.1616,0.286,0.2061,0.4051,2026-06
CUST1011839,0.1105,0.6136,0.1585,0.2061,0.1783,0.2725,2026-06
CUST1011840,0.3977,0.4054,0.3901,0.6743,0.3059,0.3047,2026-06
CUST1011841,0.135,0.2886,0.01,0.2146,0.3373,0.287,2026-06
CUST1011842,0.3408,0.6166,0.0238,0.2988,0.2791,0.4722,2026-06
CUST1011843,0.3661,0.4636,0.4688,0.1703,0.6966,0.3986,2026-06
CUST1011844,0.4803,0.3367,0.328,0.2315,0.3253,0.4586,2026-06
CUST1011845,0.3323,0.3991,0.06,0.2134,0.5776,0.1017,2026-06
CUST1011846,0.324,0.3192,0.1382,0.6385,0.2062,0.01,2026-06
CUST1011847,0.3481,0.4527,0.281,0.1346,0.2471,0.2687,2026-06
CUST1011848,0.4889,0.4738,0.5939,0.1556,0.3176,0.4608,2026-06
CUST1011849,0.1976,0.3544,0.5079,0.5971,0.0704,0.3231,2026-06
CUST1011850,0.3818,0.6321,0.43,0.176,0.2752,0.5768,2026-06
CUST1011851,0.3455,0.4976,0.2713,0.2807,0.5193,0.4414,2026-06
CUST1011852,0.4259,0.4211,0.2576,0.1816,0.2062,0.0418,2026-06
CUST1011853,0.4994,0.4706,0.4802,0.1147,0.4335,0.3558,2026-06
CUST1011854,0.3305,0.4785,0.0115,0.2028,0.3031,0.1521,2026-06
CUST1011855,0.4352,0.3658,0.3281,0.214,0.289,0.5497,2026-06
CUST1011856,0.4492,0.2844,0.2904,0.1432,0.2409,0.0959,2026-06
CUST1011857,0.3567,0.5941,0.1566,0.1929,0.1571,0.3796,2026-06
CUST1011858,0.2481,0.4971,0.2063,0.7259,0.2739,0.2187,2026-06
CUST1011859,0.2587,0.4075,0.3674,0.1784,0.2872,0.3598,2026-06
CUST1011860,0.4584,0.4256,0.4107,0.2309,0.3349,0.7749,2026-06
CUST1011861,0.07439999999999999,0.5546,0.195,0.2138,0.1606,0.4558,2026-06
CUST1011862,0.1334,0.5469000000000001,0.3148,0.1315,0.2965,0.3346,2026-06
CUST1011863,0.1124,0.336,0.329,0.1263,0.3763,0.6183,2026-06
CUST1011864,0.2708,0.4848,0.01,0.1243,0.3974,0.1182,2026-06
CUST1011865,0.01,0.6123,0.1522,0.3305,0.331,0.3303,2026-06
CUST1011866,0.3234,0.4602,0.2392,0.1488,0.3909,0.4386,2026-06
CUST1011867,0.402,0.3594,0.3027,0.1717,0.4335,0.4736,2026-06
CUST1011868,0.2779,0.4333,0.4369,0.1243,0.2885,0.3647,2026-06
CUST1011869,0.5094,0.2568,0.3888,0.1016,0.438,0.2299,2026-06
CUST1011870,0.1854,0.3155,0.1266,0.3612,0.414,0.211,2026-06
CUST1011871,0.3144,0.6219,0.5244,0.2491,0.2046,0.4424,2026-06
CUST1011872,0.2069,0.236,0.3103,0.0567,0.3727,0.055,2026-06
CUST1011873,0.1644,0.72,0.01,0.3305,0.3406,0.337,2026-06
CUST1011874,0.2752,0.3183,0.06909999999999999,0.1953,0.3855,0.2908,2026-06
CUST1011875,0.2463,0.2426,0.2366,0.1653,0.3976,0.2845,2026-06
CUST1011876,0.2667,0.1646,0.3699,0.1712,0.3398,0.1248,2026-06
CUST1011877,0.4353,0.3163,0.1967,0.1841,0.3628,0.3286,2026-06
CUST1011878,0.536,0.3381,0.3931,0.1616,0.454,0.3808,2026-06
CUST1011879,0.4083,0.5254,0.4007,0.1139,0.4243,0.3241,2026-06
CUST1011880,0.2418,0.5404,0.3171,0.1165,0.368,0.4143,2026-06
CUST1011881,0.3384,0.1762,0.1959,0.0663,0.3033,0.1151,2026-06
CUST1011882,0.4175,0.4601,0.4393,0.2379,0.3258,0.3783,2026-06
CUST1011883,0.1223,0.4286,0.5337,0.1945,0.3427,0.4508,2026-06
CUST1011884,0.5648,0.6866,0.5118,0.1635,0.2016,0.146,2026-06
CUST1011885,0.5018,0.6002,0.1201,0.2319,0.1717,0.2217,2026-06
CUST1011886,0.2244,0.3402,0.2564,0.1837,0.3621,0.2694,2026-06
CUST1011887,0.2935,0.5298,0.01,0.2113,0.1064,0.2604,2026-06
CUST1011888,0.3295,0.278,0.0838,0.1821,0.2445,0.1503,2026-06
CUST1011889,0.2506,0.3561,0.1692,0.07920000000000001,0.5945,0.1612,2026-06
CUST1011890,0.2529,0.2315,0.363,0.5724,0.2767,0.3273,2026-06
CUST1011891,0.5111,0.583,0.4111,0.1523,0.1948,0.5062,2026-06
CUST1011892,0.3553,0.5853,0.01,0.0396,0.6303,0.3675,2026-06
CUST1011893,0.2129,0.7027,0.01,0.2568,0.2918,0.6461,2026-06
CUST1011894,0.1803,0.2257,0.2396,0.3073,0.3781,0.3195,2026-06
CUST1011895,0.6039,0.4786,0.4443,0.01,0.4092,0.6244,2026-06
CUST1011896,0.1872,0.4276,0.2455,0.097,0.3057,0.4647,2026-06
CUST1011897,0.3043,0.1229,0.2675,0.0614,0.5262,0.2063,2026-06
CUST1011898,0.1406,0.4792,0.01,0.1794,0.2378,0.0241,2026-06
CUST1011899,0.3737,0.7272999999999999,0.6482,0.2576,0.3438,0.5584,2026-06
CUST1011900,0.1606,0.486,0.1774,0.2745,0.3171,0.1733,2026-06
CUST1011901,0.5487,0.3989,0.473,0.06759999999999999,0.4724,0.3164,2026-06
CUST1011902,0.3662,0.4769,0.2476,0.1542,0.3536,0.5051,2026-06
CUST1011903,0.3654,0.5117,0.1768,0.4709,0.1858,0.2121,2026-06
CUST1011904,0.2605,0.4659,0.5469000000000001,0.3189,0.4383,0.3441,2026-06
CUST1011905,0.6493,0.5762,0.4084,0.2991,0.2443,0.4231,2026-06
CUST1011906,0.3312,0.3987,0.4426,0.1586,0.4155,0.4817,2026-06
CUST1011907,0.2831,0.3844,0.1085,0.2441,0.384,0.3515,2026-06
CUST1011908,0.2329,0.5699,0.2842,0.1747,0.3454,0.4153,2026-06
CUST1011909,0.2941,0.4578,0.1732,0.1183,0.2563,0.1407,2026-06
CUST1011910,0.4575,0.6264,0.1912,0.2508,0.2768,0.2633,2026-06
CUST1011911,0.3485,0.4621,0.3613,0.1918,0.2011,0.308,2026-06
CUST1011912,0.3621,0.4808,0.4854,0.1235,0.3575,0.3856,2026-06
CUST1011913,0.511,0.2967,0.1934,0.1511,0.2429,0.2047,2026-06
CUST1011914,0.3148,0.3036,0.3297,0.1004,0.3575,0.1792,2026-06
CUST1011915,0.4048,0.7019,0.23,0.2343,0.2542,0.4361,2026-06
CUST1011916,0.2157,0.1362,0.2893,0.177,0.3977,0.4092,2026-06
CUST1011917,0.6262,0.3423,0.3072,0.1827,0.381,0.5495,2026-06
CUST1011918,0.0219,0.4074,0.0167,0.4443,0.1786,0.1839,2026-06
CUST1011919,0.2771,0.1738,0.404,0.09859999999999999,0.319,0.1611,2026-06
CUST1011920,0.5031,0.3121,0.1219,0.1911,0.2774,0.2189,2026-06
CUST1011921,0.4206,0.4391,0.5374,0.1913,0.2929,0.2337,2026-06
CUST1011922,0.3125,0.4348,0.01,0.359,0.1948,0.1052,2026-06
CUST1011923,0.3139,0.6113,0.5823,0.1448,0.4128,0.3781,2026-06
CUST1011924,0.329,0.3358,0.1723,0.227,0.3553,0.4844,2026-06
CUST1011925,0.2729,0.5896,0.1354,0.6609,0.2499,0.3742,2026-06
CUST1011926,0.2924,0.3778,0.3598,0.2778,0.288,0.1434,2026-06
CUST1011927,0.4447,0.3559,0.4602,0.3274,0.2388,0.4118,2026-06
CUST1011928,0.4154,0.6414,0.2878,0.2159,0.2568,0.316,2026-06
CUST1011929,0.5335,0.2865,0.3221,0.2131,0.2409,0.403,2026-06
CUST1011930,0.4342,0.4778,0.448,0.2148,0.4582,0.7421,2026-06
CUST1011931,0.4317,0.4298,0.4809,0.07480000000000001,0.295,0.3435,2026-06
CUST1011932,0.468,0.7048,0.1596,0.1527,0.224,0.7534999999999999,2026-06
CUST1011933,0.2932,0.2792,0.4258,0.2667,0.1457,0.4867,2026-06
CUST1011934,0.4649,0.6098,0.1722,0.2439,0.1617,0.2486,2026-06
CUST1011935,0.6171,0.6498,0.3416,0.1789,0.4271,0.5662,2026-06
CUST1011936,0.3233,0.6402,0.2469,0.1869,0.2234,0.4444,2026-06
CUST1011937,0.3991,0.656,0.1165,0.0515,0.2411,0.3789,2026-06
CUST1011938,0.433,0.44,0.3136,0.1338,0.3311,0.2287,2026-06
CUST1011939,0.3462,0.1575,0.4023,0.5541,0.3815,0.2448,2026-06
CUST1011940,0.421,0.3359,0.1957,0.1934,0.2582,0.3099,2026-06
CUST1011941,0.4057,0.2426,0.3165,0.2312,0.5704,0.01,2026-06
CUST1011942,0.2169,0.4582,0.2627,0.2321,0.1982,0.7204,2026-06
CUST1011943,0.4188,0.5229,0.2794,0.07539999999999999,0.3537,0.2342,2026-06
CUST1011944,0.2182,0.4145,0.01,0.3616,0.227,0.1172,2026-06
CUST1011945,0.2095,0.4743,0.3097,0.01,0.2788,0.4755,2026-06
CUST1011946,0.1703,0.2106,0.01,0.1488,0.4685,0.0187,2026-06
CUST1011947,0.2655,0.2939,0.3055,0.1389,0.3104,0.2819,2026-06
CUST1011948,0.3486,0.327,0.4212,0.0475,0.3476,0.288,2026-06
CUST1011949,0.5054999999999999,0.6015,0.3731,0.2737,0.2188,0.4667,2026-06
CUST1011950,0.4341,0.4699,0.01,0.2066,0.3544,0.125,2026-06
CUST1011951,0.2918,0.3425,0.318,0.1547,0.3412,0.6896,2026-06
CUST1011952,0.4723,0.3535,0.3919,0.0844,0.5346,0.3852,2026-06
CUST1011953,0.5306999999999999,0.3605,0.4131,0.1337,0.3625,0.3909,2026-06
CUST1011954,0.3004,0.4202,0.3656,0.7738,0.167,0.439,2026-06
CUST1011955,0.3187,0.1695,0.1494,0.2364,0.3915,0.01,2026-06
CUST1011956,0.2918,0.4914,0.0411,0.2792,0.2558,0.1022,2026-06
CUST1011957,0.0108,0.3575,0.0435,0.2334,0.307,0.198,2026-06
CUST1011958,0.3923,0.3287,0.4434,0.1012,0.3142,0.4294,2026-06
CUST1011959,0.4108,0.4133,0.1353,0.0621,0.5281,0.4578,2026-06
CUST1011960,0.1577,0.5125999999999999,0.2659,0.2048,0.2516,0.3545,2026-06
CUST1011961,0.5626,0.7683,0.4197,0.1218,0.3767,0.5266,2026-06
CUST1011962,0.09760000000000001,0.4099,0.1125,0.2363,0.3728,0.2313,2026-06
CUST1011963,0.5402,0.2182,0.326,0.2176,0.2998,0.1347,2026-06
CUST1011964,0.3265,0.3904,0.5002,0.158,0.381,0.4324,2026-06
CUST1011965,0.5423,0.3232,0.2804,0.122,0.4324,0.4873,2026-06
CUST1011966,0.5113,0.4506,0.4474,0.1306,0.3489,0.2132,2026-06
CUST1011967,0.1429,0.3246,0.2055,0.2016,0.5474,0.2232,2026-06
CUST1011968,0.5369,0.2336,0.2309,0.1102,0.3153,0.1599,2026-06
CUST1011969,0.4543,0.6608000000000001,0.1386,0.2714,0.3889,0.3286,2026-06
CUST1011970,0.6835,0.4412,0.3826,0.1725,0.2036,0.4797,2026-06
CUST1011971,0.4605,0.5683,0.054,0.06510000000000001,0.2476,0.2925,2026-06
CUST1011972,0.3223,0.5513,0.4695,0.2925,0.278,0.5296,2026-06
CUST1011973,0.4975,0.4962,0.3798,0.1612,0.4419,0.2549,2026-06
CUST1011974,0.341,0.6748,0.1688,0.1934,0.2402,0.6168,2026-06
CUST1011975,0.4679,0.4512,0.3224,0.01,0.2817,0.3262,2026-06
CUST1011976,0.4466,0.5716,0.1303,0.2329,0.0775,0.3673,2026-06
CUST1011977,0.5405,0.4195,0.5147,0.208,0.3715,0.4844,2026-06
CUST1011978,0.3879,0.6218,0.117,0.1744,0.3277,0.2048,2026-06
CUST1011979,0.3149,0.1776,0.3143,0.1417,0.6992,0.135,2026-06
CUST1011980,0.5154,0.5805,0.3533,0.2959,0.1654,0.3313,2026-06
CUST1011981,0.4009,0.7242,0.212,0.1886,0.3219,0.357,2026-06
CUST1011982,0.5056,0.7125,0.3483,0.1001,0.3441,0.443,2026-06
CUST1011983,0.2435,0.2688,0.0177,0.216,0.2821,0.246,2026-06
CUST1011984,0.3295,0.7237,0.1608,0.2484,0.4589,0.364,2026-06
CUST1011985,0.2868,0.3533,0.2429,0.0733,0.3268,0.5231,2026-06
CUST1011986,0.3876,0.504,0.4593,0.2565,0.3161,0.6523,2026-06
CUST1011987,0.3398,0.6516999999999999,0.248,0.2038,0.3942,0.3797,2026-06
CUST1011988,0.4383,0.4403,0.2368,0.1754,0.3898,0.5328000000000001,2026-06
CUST1011989,0.4243,0.6478,0.4525,0.2257,0.2593,0.2313,2026-06
CUST1011990,0.4196,0.3393,0.2217,0.2356,0.2141,0.3006,2026-06
CUST1011991,0.2982,0.4516,0.3506,0.1895,0.3761,0.5224,2026-06
CUST1011992,0.4937,0.4899,0.455,0.08019999999999999,0.4482,0.4229,2026-06
CUST1011993,0.3876,0.3419,0.4553,0.1262,0.2626,0.6031,2026-06
CUST1011994,0.3496,0.6272,0.5041,0.2138,0.4083,0.7594,2026-06
CUST1011995,0.454,0.4002,0.4783,0.1176,0.447,0.6345,2026-06
CUST1011996,0.3603,0.3984,0.3781,0.196,0.406,0.4779,2026-06
CUST1011997,0.5435,0.4113,0.314,0.2022,0.3671,0.4241,2026-06
CUST1011998,0.3059,0.3179,0.2689,0.2448,0.3409,0.1306,2026-06
CUST1011999,0.4645,0.6099,0.3358,0.1485,0.3614,0.2694,2026-06
CUST1012000,0.318,0.7701,0.3599,0.2362,0.2562,0.3704,2026-06
CUST1012001,0.3089,0.5145,0.4009,0.2479,0.3762,0.4031,2026-06
CUST1012002,0.4455,0.362,0.5348000000000001,0.2594,0.5051,0.4875,2026-06
CUST1012003,0.4068,0.4265,0.3487,0.1819,0.3877,0.3953,2026-06
CUST1012004,0.258,0.3565,0.2679,0.1537,0.2614,0.352,2026-06
CUST1012005,0.4604,0.2616,0.2442,0.2161,0.4372,0.2841,2026-06
CUST1012006,0.1381,0.2695,0.2871,0.262,0.4134,0.4912,2026-06
CUST1012007,0.4334,0.6651,0.16,0.2236,0.338,0.2454,2026-06
CUST1012008,0.3292,0.5627,0.1066,0.1859,0.2831,0.2469,2026-06
CUST1012009,0.4957,0.3777,0.3879,0.0704,0.2965,0.7621,2026-06
CUST1012010,0.2819,0.5107,0.3901,0.1202,0.3385,0.4824,2026-06
CUST1012011,0.3424,0.362,0.1106,0.3022,0.251,0.3834,2026-06
CUST1012012,0.3452,0.4382,0.4479,0.2673,0.4586,0.3681,2026-06
CUST1012013,0.2714,0.2233,0.0504,0.1897,0.3317,0.3147,2026-06
CUST1012014,0.4043,0.5175999999999999,0.511,0.1498,0.3551,0.5091,2026-06
CUST1012015,0.4167,0.2358,0.1795,0.2406,0.3904,0.4583,2026-06
CUST1012016,0.3543,0.5133,0.2627,0.1199,0.2828,0.3828,2026-06
CUST1012017,0.409,0.6478,0.136,0.318,0.3707,0.5958,2026-06
CUST1012018,0.2795,0.2063,0.1288,0.2234,0.5148,0.3065,2026-06
CUST1012019,0.1102,0.634,0.5088,0.2175,0.3078,0.5081,2026-06
CUST1012020,0.2733,0.6083,0.4495,0.1345,0.3107,0.3742,2026-06
CUST1012021,0.4837,0.0823,0.3192,0.1418,0.2962,0.2217,2026-06
CUST1012022,0.2912,0.5732,0.2449,0.239,0.2332,0.7748,2026-06
CUST1012023,0.4647,0.604,0.1144,0.2796,0.3651,0.3762,2026-06
CUST1012024,0.4233,0.08939999999999999,0.1003,0.1953,0.4198,0.2896,2026-06
CUST1012025,0.1726,0.3915,0.185,0.1904,0.3588,0.4508,2026-06
CUST1012026,0.3108,0.6619,0.1914,0.2932,0.2609,0.3377,2026-06
CUST1012027,0.5074,0.5111,0.0769,0.1177,0.2639,0.1741,2026-06
CUST1012028,0.4328,0.5558,0.3772,0.1206,0.3616,0.5810999999999999,2026-06
CUST1012029,0.4064,0.3659,0.2019,0.1183,0.4522,0.0246,2026-06
CUST1012030,0.3016,0.2821,0.01,0.1458,0.1414,0.0389,2026-06
CUST1012031,0.3402,0.4548,0.2884,0.1647,0.3191,0.6424,2026-06
CUST1012032,0.4148,0.2668,0.3215,0.2316,0.2897,0.4036,2026-06
CUST1012033,0.4015,0.5578,0.5409,0.01,0.4035,0.4961,2026-06
CUST1012034,0.2869,0.5243,0.3925,0.1551,0.3383,0.4987,2026-06
CUST1012035,0.3306,0.4089,0.1799,0.4111,0.3791,0.2171,2026-06
CUST1012036,0.1869,0.5402,0.01,0.0194,0.2995,0.01,2026-06
CUST1012037,0.2936,0.4622,0.3742,0.2718,0.209,0.3381,2026-06
CUST1012038,0.3967,0.5433,0.0961,0.3567,0.3894,0.2509,2026-06
CUST1012039,0.01,0.6716,0.1623,0.1409,0.1765,0.6707,2026-06
CUST1012040,0.294,0.4688,0.3791,0.3468,0.271,0.5546,2026-06
CUST1012041,0.1587,0.3382,0.1941,0.0101,0.2849,0.0377,2026-06
CUST1012042,0.3804,0.4013,0.3759,0.4924,0.279,0.6359,2026-06
CUST1012043,0.318,0.6563,0.3174,0.3259,0.1909,0.6153,2026-06
CUST1012044,0.3246,0.4957,0.4945,0.2833,0.3464,0.4318,2026-06
CUST1012045,0.2663,0.2728,0.271,0.1132,0.4535,0.1583,2026-06
CUST1012046,0.4503,0.5367,0.3235,0.1771,0.4953,0.4539,2026-06
CUST1012047,0.2657,0.2303,0.3481,0.1025,0.129,0.1801,2026-06
CUST1012048,0.4426,0.3827,0.2725,0.2959,0.2857,0.5526,2026-06
CUST1012049,0.1649,0.2504,0.0969,0.2756,0.2114,0.08160000000000001,2026-06
CUST1012050,0.2899,0.3752,0.1412,0.1314,0.3176,0.1022,2026-06
CUST1012051,0.434,0.4776,0.4658,0.1988,0.3674,0.5447,2026-06
CUST1012052,0.4737,0.4636,0.3971,0.4897,0.06710000000000001,0.3044,2026-06
CUST1012053,0.092,0.1501,0.1583,0.1352,0.4515,0.153,2026-06
CUST1012054,0.5173,0.446,0.2365,0.3256,0.2869,0.4494,2026-06
CUST1012055,0.4769,0.5342,0.4809,0.1956,0.2691,0.4966,2026-06
CUST1012056,0.4137,0.2981,0.3579,0.0979,0.3977,0.4222,2026-06
CUST1012057,0.3297,0.3559,0.2961,0.1654,0.5159,0.4253,2026-06
CUST1012058,0.2059,0.3347,0.526,0.1867,0.4615,0.6201,2026-06
CUST1012059,0.4546,0.3271,0.3909,0.0487,0.3955,0.1924,2026-06
CUST1012060,0.1812,0.2693,0.3052,0.1173,0.5048,0.2361,2026-06
CUST1012061,0.4629,0.2832,0.3178,0.1688,0.4499,0.06560000000000001,2026-06
CUST1012062,0.075,0.5395,0.2652,0.0735,0.3014,0.1002,2026-06
CUST1012063,0.3056,0.399,0.2254,0.2153,0.5856,0.2612,2026-06
CUST1012064,0.2573,0.2349,0.2417,0.2336,0.0407,0.0743,2026-06
CUST1012065,0.177,0.427,0.1939,0.1357,0.3082,0.334,2026-06
CUST1012066,0.4227,0.6698,0.1782,0.2209,0.1408,0.5075,2026-06
CUST1012067,0.3106,0.2961,0.3313,0.2429,0.4073,0.5534,2026-06
CUST1012068,0.1972,0.3604,0.4954,0.1384,0.3434,0.3181,2026-06
CUST1012069,0.3361,0.2604,0.1941,0.182,0.213,0.1998,2026-06
CUST1012070,0.5968,0.5805,0.4545,0.2136,0.3166,0.3818,2026-06
CUST1012071,0.0461,0.4432,0.01,0.2595,0.1914,0.3035,2026-06
CUST1012072,0.391,0.5303,0.2615,0.1825,0.6622,0.5669999999999999,2026-06
CUST1012073,0.4638,0.4145,0.3314,0.2104,0.3959,0.4905,2026-06
CUST1012074,0.4967,0.4425,0.5269,0.08500000000000001,0.598,0.6074000000000001,2026-06
CUST1012075,0.0646,0.2618,0.09089999999999999,0.2322,0.2078,0.2413,2026-06
CUST1012076,0.3946,0.4587,0.5118,0.2506,0.4168,0.7526,2026-06
CUST1012077,0.3901,0.7429,0.2447,0.2183,0.121,0.3901,2026-06
CUST1012078,0.1331,0.4088,0.249,0.1023,0.5807,0.3577,2026-06
CUST1012079,0.0857,0.2135,0.5233,0.0921,0.3097,0.7048,2026-06
CUST1012080,0.1869,0.5263,0.4278,0.0228,0.4388,0.5157,2026-06
CUST1012081,0.207,0.4669,0.4354,0.1677,0.3157,0.6339,2026-06
CUST1012082,0.06710000000000001,0.4426,0.0539,0.2296,0.2155,0.2504,2026-06
CUST1012083,0.2702,0.2257,0.075,0.1712,0.4025,0.1339,2026-06
CUST1012084,0.4029,0.3844,0.2294,0.1305,0.4684,0.1326,2026-06
CUST1012085,0.3239,0.302,0.01,0.3297,0.1685,0.2976,2026-06
CUST1012086,0.3864,0.5895,0.2544,0.1312,0.3393,0.534,2026-06
CUST1012087,0.3252,0.497,0.3225,0.1099,0.3093,0.4961,2026-06
CUST1012088,0.2942,0.4297,0.3205,0.2407,0.3564,0.4327,2026-06
CUST1012089,0.14,0.3601,0.1732,0.5101,0.2046,0.0364,2026-06
CUST1012090,0.3369,0.1654,0.2243,0.3376,0.4285,0.1576,2026-06
CUST1012091,0.4596,0.3806,0.3812,0.09950000000000001,0.4204,0.3396,2026-06
CUST1012092,0.3663,0.468,0.2003,0.1231,0.5354,0.3419,2026-06
CUST1012093,0.3192,0.4213,0.4687,0.516,0.08260000000000001,0.2777,2026-06
CUST1012094,0.3444,0.0958,0.238,0.0163,0.4173,0.3512,2026-06
CUST1012095,0.3455,0.7191,0.169,0.2342,0.3728,0.4089,2026-06
CUST1012096,0.4801,0.7915,0.2783,0.2675,0.2355,0.4307,2026-06
CUST1012097,0.2957,0.4872,0.2671,0.2641,0.4719,0.3796,2026-06
CUST1012098,0.4566,0.4644,0.5301,0.1109,0.5214,0.479,2026-06
CUST1012099,0.4394,0.2584,0.2801,0.1959,0.3297,0.4147,2026-06
CUST1012100,0.2024,0.3283,0.4787,0.1907,0.3147,0.6986,2026-06
CUST1012101,0.3319,0.4407,0.0434,0.0279,0.4196,0.1421,2026-06
CUST1012102,0.5416,0.555,0.343,0.1048,0.3039,0.6828,2026-06
CUST1012103,0.5404,0.4911,0.1093,0.0653,0.2711,0.2056,2026-06
CUST1012104,0.2683,0.5439000000000001,0.3966,0.08110000000000001,0.3064,0.2899,2026-06
CUST1012105,0.2735,0.07099999999999999,0.3153,0.1561,0.356,0.2517,2026-06
CUST1012106,0.3752,0.4531,0.4189,0.135,0.3391,0.6831,2026-06
CUST1012107,0.2637,0.1793,0.2275,0.251,0.2666,0.2455,2026-06
CUST1012108,0.4556,0.5133,0.1466,0.5911,0.262,0.4682,2026-06
CUST1012109,0.5923,0.5672,0.2729,0.0727,0.2488,0.3,2026-06
CUST1012110,0.3479,0.3342,0.3403,0.1866,0.3131,0.3475,2026-06
CUST1012111,0.3453,0.4408,0.1413,0.1536,0.5118,0.1905,2026-06
CUST1012112,0.1721,0.4072,0.4596,0.0912,0.0446,0.6609,2026-06
CUST1012113,0.3271,0.738,0.0311,0.2372,0.3391,0.3027,2026-06
CUST1012114,0.4943,0.194,0.1486,0.2669,0.2984,0.1408,2026-06
CUST1012115,0.4883,0.1382,0.0499,0.5726,0.3885,0.0617,2026-06
CUST1012116,0.1078,0.4999,0.4441,0.2017,0.4036,0.2645,2026-06
CUST1012117,0.3174,0.3635,0.3312,0.2761,0.4256,0.6025,2026-06
CUST1012118,0.446,0.4343,0.3826,0.1847,0.4502,0.4876,2026-06
CUST1012119,0.3393,0.4204,0.4865,0.1996,0.3845,0.5276999999999999,2026-06
CUST1012120,0.0649,0.4436,0.01,0.2265,0.279,0.0848,2026-06
CUST1012121,0.4891,0.4703,0.01,0.1526,0.2786,0.1155,2026-06
CUST1012122,0.4198,0.3147,0.4408,0.1843,0.2561,0.4207,2026-06
CUST1012123,0.3788,0.3567,0.4551,0.1269,0.3697,0.5426,2026-06
CUST1012124,0.4386,0.3712,0.5434,0.154,0.3728,0.3677,2026-06
CUST1012125,0.2335,0.3358,0.3738,0.2415,0.189,0.06279999999999999,2026-06
CUST1012126,0.4014,0.3691,0.4184,0.5735,0.3607,0.3621,2026-06
CUST1012127,0.2906,0.3291,0.5512,0.299,0.3985,0.3704,2026-06
CUST1012128,0.4355,0.4174,0.4832,0.1035,0.3633,0.453,2026-06
CUST1012129,0.1749,0.2216,0.2644,0.288,0.4193,0.229,2026-06
CUST1012130,0.3839,0.4547,0.1837,0.228,0.2057,0.5432,2026-06
CUST1012131,0.2144,0.367,0.0593,0.2067,0.2537,0.5824,2026-06
CUST1012132,0.4542,0.6788,0.3909,0.1461,0.3284,0.4189,2026-06
CUST1012133,0.4902,0.46,0.3335,0.1579,0.4374,0.5570000000000001,2026-06
CUST1012134,0.1319,0.2269,0.01,0.644,0.1064,0.01,2026-06
CUST1012135,0.3571,0.1198,0.3199,0.1836,0.456,0.2857,2026-06
CUST1012136,0.2492,0.1047,0.1416,0.1368,0.1701,0.1963,2026-06
CUST1012137,0.211,0.4482,0.3596,0.1511,0.2208,0.4296,2026-06
CUST1012138,0.3563,0.4804,0.2647,0.3356,0.1298,0.5142,2026-06
CUST1012139,0.4303,0.4913,0.5178,0.1787,0.429,0.627,2026-06
CUST1012140,0.3797,0.5501,0.3414,0.2611,0.4878,0.7069,2026-06
CUST1012141,0.4349,0.3797,0.4025,0.2381,0.358,0.3558,2026-06
CUST1012142,0.4684,0.44,0.2797,0.2638,0.2821,0.4345,2026-06
CUST1012143,0.3865,0.4781,0.4705,0.1114,0.2211,0.6384,2026-06
CUST1012144,0.4394,0.6085,0.1295,0.2171,0.3091,0.3663,2026-06
CUST1012145,0.4198,0.3336,0.4913,0.1537,0.46,0.4607,2026-06
CUST1012146,0.4083,0.4761,0.4881,0.1847,0.273,0.4026,2026-06
CUST1012147,0.2531,0.3272,0.5093,0.1589,0.4194,0.3464,2026-06
CUST1012148,0.4632,0.3243,0.1841,0.2983,0.3506,0.01,2026-06
CUST1012149,0.2257,0.4334,0.039,0.1883,0.3605,0.0557,2026-06
CUST1012150,0.1647,0.206,0.3098,0.255,0.3451,0.2817,2026-06
CUST1012151,0.4379,0.352,0.37,0.1434,0.4156,0.2007,2026-06
CUST1012152,0.5121,0.61,0.3509,0.0576,0.2943,0.4298,2026-06
CUST1012153,0.4061,0.8027,0.4598,0.1708,0.2531,0.6016,2026-06
CUST1012154,0.1162,0.2573,0.0182,0.8285,0.1649,0.1802,2026-06
CUST1012155,0.407,0.6665,0.4695,0.1641,0.4013,0.7158,2026-06
CUST1012156,0.3077,0.534,0.1612,0.09669999999999999,0.4251,0.616,2026-06
CUST1012157,0.5656,0.5062,0.345,0.2504,0.2635,0.5996,2026-06
CUST1012158,0.5528999999999999,0.7504999999999999,0.3331,0.0488,0.0634,0.4802,2026-06
CUST1012159,0.2143,0.5021,0.1865,0.2855,0.2807,0.1963,2026-06
CUST1012160,0.4084,0.3215,0.3317,0.195,0.264,0.3894,2026-06
CUST1012161,0.2519,0.188,0.3222,0.08799999999999999,0.4418,0.01,2026-06
CUST1012162,0.5226,0.2799,0.4567,0.1378,0.3328,0.4708,2026-06
CUST1012163,0.4994,0.3711,0.0405,0.1193,0.1923,0.3875,2026-06
CUST1012164,0.1668,0.5556,0.2764,0.1634,0.1793,0.4608,2026-06
CUST1012165,0.5737,0.6334,0.3736,0.0475,0.2729,0.4329,2026-06
CUST1012166,0.4187,0.519,0.3527,0.2673,0.3501,0.0709,2026-06
CUST1012167,0.3082,0.3734,0.5943000000000001,0.1562,0.4731,0.3836,2026-06
CUST1012168,0.1912,0.2768,0.0866,0.2834,0.1044,0.173,2026-06
CUST1012169,0.2754,0.5457,0.2907,0.2421,0.3346,0.376,2026-06
CUST1012170,0.1635,0.1458,0.1308,0.3039,0.2231,0.167,2026-06
CUST1012171,0.09039999999999999,0.5162,0.3703,0.2945,0.4056,0.6536999999999999,2026-06
CUST1012172,0.3201,0.1986,0.2323,0.1864,0.3861,0.1781,2026-06
CUST1012173,0.2676,0.4679,0.2723,0.065,0.4271,0.4654,2026-06
CUST1012174,0.4727,0.6768999999999999,0.2648,0.1367,0.3661,0.549,2026-06
CUST1012175,0.3424,0.5881,0.4941,0.2321,0.4304,0.4137,2026-06
CUST1012176,0.1521,0.2212,0.4608,0.1945,0.515,0.5605,2026-06
CUST1012177,0.2571,0.2139,0.2355,0.1446,0.4383,0.0167,2026-06
CUST1012178,0.4246,0.6594,0.3299,0.2088,0.3283,0.4784,2026-06
CUST1012179,0.3589,0.5465,0.4638,0.2424,0.3603,0.5348000000000001,2026-06
CUST1012180,0.4896,0.1995,0.01,0.3344,0.4729,0.234,2026-06
CUST1012181,0.4068,0.746,0.3342,0.2121,0.3667,0.6142,2026-06
CUST1012182,0.4624,0.435,0.3477,0.1653,0.3438,0.4054,2026-06
CUST1012183,0.375,0.463,0.01,0.1175,0.2229,0.2031,2026-06
CUST1012184,0.0461,0.5489000000000001,0.416,0.2236,0.3038,0.3079,2026-06
CUST1012185,0.2869,0.4164,0.4999,0.2341,0.2301,0.4685,2026-06
CUST1012186,0.3015,0.438,0.0296,0.5598,0.1244,0.1104,2026-06
CUST1012187,0.2706,0.3713,0.3273,0.0167,0.4609,0.5397,2026-06
CUST1012188,0.3876,0.3809,0.1033,0.1066,0.4463,0.2908,2026-06
CUST1012189,0.4082,0.6414,0.3012,0.2922,0.1985,0.4159,2026-06
CUST1012190,0.4491,0.3057,0.2786,0.2262,0.3489,0.3658,2026-06
CUST1012191,0.3411,0.1769,0.4308,0.0394,0.2725,0.214,2026-06
CUST1012192,0.4773,0.3719,0.5693,0.3455,0.2062,0.188,2026-06
CUST1012193,0.5485,0.3342,0.1639,0.01,0.3132,0.3787,2026-06
CUST1012194,0.4291,0.7138,0.319,0.0964,0.3229,0.4345,2026-06
CUST1012195,0.4207,0.5526,0.3557,0.1993,0.2357,0.3951,2026-06
CUST1012196,0.3749,0.6919,0.3635,0.2699,0.2633,0.5266,2026-06
CUST1012197,0.4766,0.7266,0.3975,0.1403,0.3427,0.395,2026-06
CUST1012198,0.2604,0.4817,0.4682,0.0305,0.3271,0.2851,2026-06
CUST1012199,0.4076,0.5512,0.4041,0.2108,0.4667,0.5779,2026-06
CUST1012200,0.4898,0.4553,0.3338,0.2304,0.2049,0.5575,2026-06
CUST1012201,0.4487,0.5931,0.2738,0.2001,0.3019,0.5723,2026-06
CUST1012202,0.3941,0.4714,0.2183,0.1765,0.2984,0.2067,2026-06
CUST1012203,0.2665,0.2039,0.209,0.2068,0.3237,0.1435,2026-06
CUST1012204,0.5298,0.5155,0.2444,0.3945,0.2256,0.4534,2026-06
CUST1012205,0.5427999999999999,0.5438,0.293,0.0885,0.5397999999999999,0.4713,2026-06
CUST1012206,0.1861,0.7027,0.4265,0.0456,0.2479,0.5184,2026-06
CUST1012207,0.4356,0.4298,0.3586,0.1946,0.2995,0.3771,2026-06
CUST1012208,0.4746,0.3909,0.6095,0.1054,0.5855,0.4296,2026-06
CUST1012209,0.1227,0.2453,0.2244,0.0639,0.3145,0.24,2026-06
CUST1012210,0.4389,0.3164,0.1585,0.2365,0.4782,0.2353,2026-06
CUST1012211,0.382,0.46,0.4071,0.09130000000000001,0.5954,0.3914,2026-06
CUST1012212,0.4392,0.3667,0.5705,0.2571,0.247,0.266,2026-06
CUST1012213,0.3969,0.546,0.3905,0.1762,0.3722,0.3325,2026-06
CUST1012214,0.3016,0.474,0.6293,0.2196,0.4371,0.6263,2026-06
CUST1012215,0.3873,0.4382,0.4363,0.1427,0.3386,0.5849,2026-06
CUST1012216,0.4478,0.6349,0.1614,0.196,0.0951,0.3393,2026-06
CUST1012217,0.2644,0.5689,0.3728,0.1028,0.4133,0.4623,2026-06
CUST1012218,0.07969999999999999,0.5679,0.3758,0.1886,0.3348,0.4115,2026-06
CUST1012219,0.4409,0.6083,0.1592,0.154,0.2515,0.3657,2026-06
CUST1012220,0.4871,0.5128,0.3223,0.0341,0.4259,0.433,2026-06
CUST1012221,0.196,0.2825,0.0596,0.1487,0.6889999999999999,0.1965,2026-06
CUST1012222,0.493,0.3267,0.2691,0.1686,0.3479,0.7488,2026-06
CUST1012223,0.4964,0.6194,0.3753,0.105,0.4912,0.5935,2026-06
CUST1012224,0.5232,0.6732,0.2548,0.1974,0.4064,0.4276,2026-06
CUST1012225,0.4623,0.2457,0.4556,0.23,0.2725,0.1159,2026-06
CUST1012226,0.4506,0.4478,0.3536,0.2025,0.5209,0.5634,2026-06
CUST1012227,0.1918,0.4108,0.1113,0.6091,0.1218,0.115,2026-06
CUST1012228,0.3748,0.6185,0.3283,0.2303,0.4599,0.5866,2026-06
CUST1012229,0.123,0.0593,0.2764,0.1436,0.375,0.1706,2026-06
CUST1012230,0.4739,0.4402,0.3869,0.2719,0.4648,0.4073,2026-06
CUST1012231,0.06710000000000001,0.1953,0.2887,0.0772,0.6415,0.1399,2026-06
CUST1012232,0.4766,0.4562,0.4098,0.1655,0.3868,0.4742,2026-06
CUST1012233,0.4761,0.5059,0.1298,0.2789,0.2035,0.1762,2026-06
CUST1012234,0.4483,0.8815,0.2291,0.229,0.4332,0.5041,2026-06
CUST1012235,0.2575,0.2312,0.2951,0.1304,0.3566,0.2901,2026-06
CUST1012236,0.2444,0.4983,0.6605,0.2026,0.4138,0.351,2026-06
CUST1012237,0.6652,0.6879999999999999,0.5016,0.131,0.3942,0.3269,2026-06
CUST1012238,0.2407,0.1385,0.243,0.0806,0.4233,0.2069,2026-06
CUST1012239,0.1451,0.3019,0.01,0.2743,0.1261,0.1384,2026-06
CUST1012240,0.4132,0.4772,0.3844,0.0394,0.3214,0.5983000000000001,2026-06
CUST1012241,0.2267,0.7669,0.1929,0.2311,0.1748,0.2225,2026-06
CUST1012242,0.4588,0.2847,0.3877,0.0563,0.2354,0.4279,2026-06
CUST1012243,0.2497,0.0964,0.3771,0.1704,0.4046,0.3699,2026-06
CUST1012244,0.3943,0.4471,0.4005,0.0925,0.3441,0.5179,2026-06
CUST1012245,0.27,0.3194,0.1367,0.1279,0.3703,0.3621,2026-06
CUST1012246,0.4727,0.2666,0.0421,0.3033,0.4335,0.1659,2026-06
CUST1012247,0.5603,0.583,0.2912,0.103,0.1619,0.4033,2026-06
CUST1012248,0.3725,0.5969,0.1326,0.2851,0.2748,0.4208,2026-06
CUST1012249,0.3373,0.2114,0.2139,0.06950000000000001,0.6287,0.1132,2026-06
CUST1012250,0.0861,0.3383,0.4719,0.1049,0.431,0.4367,2026-06
CUST1012251,0.5905,0.4584,0.3295,0.09810000000000001,0.1403,0.6362,2026-06
CUST1012252,0.5477,0.252,0.115,0.1215,0.4846,0.1208,2026-06
CUST1012253,0.4195,0.0794,0.2812,0.702,0.1587,0.3792,2026-06
CUST1012254,0.2853,0.3896,0.445,0.1299,0.2422,0.3446,2026-06
CUST1012255,0.3018,0.5248,0.154,0.1864,0.3827,0.2872,2026-06
CUST1012256,0.25,0.1889,0.146,0.07480000000000001,0.284,0.0891,2026-06
CUST1012257,0.477,0.4856,0.3141,0.1193,0.4804,0.421,2026-06
CUST1012258,0.26,0.2284,0.3716,0.0606,0.4016,0.4959,2026-06
CUST1012259,0.5251,0.5553,0.4885,0.1294,0.4063,0.4242,2026-06
CUST1012260,0.6058,0.409,0.5258,0.1344,0.4982,0.4667,2026-06
CUST1012261,0.2703,0.1541,0.3773,0.2237,0.3138,0.01,2026-06
CUST1012262,0.5034,0.4612,0.3851,0.1425,0.4495,0.4881,2026-06
CUST1012263,0.6427,0.5894,0.3547,0.1313,0.2654,0.467,2026-06
CUST1012264,0.1695,0.0823,0.2697,0.3348,0.2882,0.1147,2026-06
CUST1012265,0.5259,0.7539,0.3653,0.1794,0.2115,0.4307,2026-06
CUST1012266,0.3112,0.4545,0.0448,0.2652,0.1995,0.1412,2026-06
CUST1012267,0.3964,0.6514,0.4322,0.08890000000000001,0.3063,0.4851,2026-06
CUST1012268,0.3111,0.5514,0.2254,0.2256,0.14,0.5207000000000001,2026-06
CUST1012269,0.4229,0.4708,0.2529,0.0464,0.3606,0.273,2026-06
CUST1012270,0.0924,0.1841,0.08459999999999999,0.1314,0.666,0.1757,2026-06
CUST1012271,0.1219,0.5022,0.2405,0.1369,0.4655,0.1544,2026-06
CUST1012272,0.1252,0.4382,0.295,0.6903,0.2207,0.4889,2026-06
CUST1012273,0.4591,0.4212,0.0641,0.3106,0.1579,0.2176,2026-06
CUST1012274,0.4549,0.5527,0.4319,0.1648,0.5363,0.5931999999999999,2026-06
CUST1012275,0.2128,0.1709,0.2833,0.2346,0.0872,0.1434,2026-06
CUST1012276,0.4649,0.6361,0.3697,0.1915,0.4276,0.624,2026-06
CUST1012277,0.2919,0.1818,0.2285,0.179,0.3206,0.2198,2026-06
CUST1012278,0.01,0.2558,0.155,0.2338,0.5626,0.0774,2026-06
CUST1012279,0.3701,0.6495,0.4312,0.2815,0.2331,0.5103,2026-06
CUST1012280,0.3452,0.3887,0.4524,0.2813,0.3617,0.5296,2026-06
CUST1012281,0.2326,0.5655,0.2265,0.1234,0.5465,0.4702,2026-06
CUST1012282,0.6176,0.4871,0.4323,0.3264,0.3221,0.4527,2026-06
CUST1012283,0.3384,0.4245,0.1897,0.0515,0.5699,0.3778,2026-06
CUST1012284,0.5728,0.3929,0.3156,0.3262,0.275,0.1548,2026-06
CUST1012285,0.0606,0.2401,0.01,0.1816,0.1933,0.1527,2026-06
CUST1012286,0.4593,0.2943,0.1642,0.1736,0.4951,0.2113,2026-06
CUST1012287,0.439,0.3359,0.1092,0.7583,0.2884,0.0253,2026-06
CUST1012288,0.5281,0.279,0.2447,0.1773,0.1973,0.2757,2026-06
CUST1012289,0.5068,0.5003,0.2643,0.1567,0.5151,0.2468,2026-06
CUST1012290,0.09619999999999999,0.2615,0.0183,0.2083,0.3364,0.2669,2026-06
CUST1012291,0.3092,0.5216,0.1667,0.2159,0.2731,0.3623,2026-06
CUST1012292,0.2278,0.1864,0.4102,0.1106,0.4172,0.3934,2026-06
CUST1012293,0.2962,0.3085,0.1457,0.1495,0.3245,0.4392,2026-06
CUST1012294,0.1227,0.3685,0.1163,0.185,0.4349,0.3638,2026-06
CUST1012295,0.31,0.4004,0.423,0.1641,0.2731,0.4984,2026-06
CUST1012296,0.254,0.4954,0.01,0.3799,0.3564,0.157,2026-06
CUST1012297,0.6594,0.7502,0.4485,0.3402,0.1754,0.6723,2026-06
CUST1012298,0.3504,0.3818,0.4855,0.1872,0.4146,0.4982,2026-06
CUST1012299,0.3906,0.4533,0.0882,0.1235,0.3114,0.1684,2026-06
CUST1012300,0.3462,0.6904,0.0917,0.0546,0.1456,0.3637,2026-06
CUST1012301,0.1681,0.494,0.0506,0.2547,0.2805,0.1642,2026-06
CUST1012302,0.2994,0.4126,0.3376,0.1247,0.3175,0.628,2026-06
CUST1012303,0.0366,0.2171,0.2698,0.1944,0.4332,0.2687,2026-06
CUST1012304,0.6125,0.6118,0.3651,0.07389999999999999,0.3089,0.2699,2026-06
CUST1012305,0.209,0.3904,0.01,0.2384,0.2185,0.1728,2026-06
CUST1012306,0.3744,0.495,0.2093,0.1404,0.3716,0.5506,2026-06
CUST1012307,0.3822,0.4274,0.4218,0.1772,0.55,0.5863,2026-06
CUST1012308,0.5937,0.6291,0.4142,0.0954,0.5362,0.4357,2026-06
CUST1012309,0.3235,0.1702,0.1233,0.2024,0.3492,0.2182,2026-06
CUST1012310,0.6061,0.535,0.3757,0.2243,0.3341,0.4195,2026-06
CUST1012311,0.1804,0.647,0.2345,0.1788,0.3902,0.5558,2026-06
CUST1012312,0.2249,0.2508,0.172,0.2229,0.447,0.012,2026-06
CUST1012313,0.4115,0.5355,0.1808,0.1598,0.242,0.1895,2026-06
CUST1012314,0.4354,0.6718,0.5685,0.1253,0.2274,0.5118,2026-06
CUST1012315,0.332,0.7854,0.2161,0.2148,0.1734,0.4741,2026-06
CUST1012316,0.4151,0.454,0.0969,0.2933,0.6408,0.5763,2026-06
CUST1012317,0.01,0.045,0.279,0.3748,0.4247,0.1308,2026-06
CUST1012318,0.2869,0.437,0.271,0.06950000000000001,0.5669999999999999,0.4357,2026-06
CUST1012319,0.4451,0.4742,0.2883,0.1006,0.1321,0.1174,2026-06
CUST1012320,0.4015,0.4894,0.4083,0.1678,0.5595,0.3883,2026-06
CUST1012321,0.2419,0.4829,0.2329,0.3626,0.3405,0.4479,2026-06
CUST1012322,0.3719,0.5172,0.5863,0.2581,0.316,0.3341,2026-06
CUST1012323,0.6287,0.7248,0.1228,0.1278,0.3016,0.4621,2026-06
CUST1012324,0.2382,0.2381,0.2778,0.2026,0.4122,0.1078,2026-06
CUST1012325,0.4454,0.4476,0.3222,0.2339,0.5462,0.4896,2026-06
CUST1012326,0.53,0.4986,0.4174,0.1757,0.3236,0.5524,2026-06
CUST1012327,0.523,0.5977,0.2561,0.0365,0.421,0.4209,2026-06
CUST1012328,0.3354,0.2815,0.2528,0.291,0.3113,0.2471,2026-06
CUST1012329,0.3107,0.4148,0.43,0.5463,0.316,0.6947,2026-06
CUST1012330,0.4199,0.5686,0.2775,0.1928,0.2863,0.3291,2026-06
CUST1012331,0.5127,0.4968,0.4169,0.246,0.2152,0.411,2026-06
CUST1012332,0.5256999999999999,0.4972,0.3613,0.4026,0.416,0.5309,2026-06
CUST1012333,0.5721000000000001,0.4684,0.4341,0.134,0.3035,0.475,2026-06
CUST1012334,0.2975,0.5762,0.2322,0.0756,0.2862,0.4341,2026-06
CUST1012335,0.5716,0.5629,0.4259,0.0859,0.5478,0.4312,2026-06
CUST1012336,0.2314,0.3727,0.1202,0.2965,0.2983,0.1736,2026-06
CUST1012337,0.08699999999999999,0.2222,0.01,0.2494,0.4675,0.1535,2026-06
CUST1012338,0.5158,0.636,0.4395,0.1729,0.5178,0.5054,2026-06
CUST1012339,0.307,0.4985,0.424,0.2311,0.2891,0.6840000000000001,2026-06
CUST1012340,0.5794,0.5621,0.3169,0.0689,0.292,0.5601,2026-06
CUST1012341,0.437,0.4985,0.5169,0.1184,0.4301,0.4955,2026-06
CUST1012342,0.5263,0.4467,0.0896,0.1668,0.3354,0.2424,2026-06
CUST1012343,0.1899,0.2804,0.4562,0.0789,0.3196,0.4695,2026-06
CUST1012344,0.1121,0.4042,0.4414,0.2298,0.295,0.3661,2026-06
CUST1012345,0.3468,0.1446,0.0939,0.2397,0.4702,0.1171,2026-06
CUST1012346,0.3409,0.7111,0.1683,0.2762,0.2468,0.4571,2026-06
CUST1012347,0.2882,0.5924,0.1564,0.1852,0.18,0.3198,2026-06
CUST1012348,0.324,0.6264,0.2262,0.4417,0.1568,0.4799,2026-06
CUST1012349,0.3343,0.3389,0.3884,0.1705,0.3147,0.2772,2026-06
CUST1012350,0.398,0.4131,0.2296,0.1069,0.4223,0.2814,2026-06
CUST1012351,0.6009,0.5149,0.2215,0.0769,0.2433,0.4025,2026-06
CUST1012352,0.4363,0.7099,0.083,0.1588,0.3058,0.5424,2026-06
CUST1012353,0.4927,0.4504,0.4287,0.2758,0.2232,0.57,2026-06
CUST1012354,0.5132,0.543,0.3812,0.1205,0.3742,0.5173,2026-06
CUST1012355,0.0813,0.1414,0.4303,0.1187,0.5273,0.1872,2026-06
CUST1012356,0.2459,0.363,0.01,0.2199,0.2837,0.2111,2026-06
CUST1012357,0.4349,0.388,0.5871,0.209,0.2066,0.2154,2026-06
CUST1012358,0.3004,0.3001,0.3095,0.0864,0.4131,0.1349,2026-06
CUST1012359,0.4946,0.7491,0.1769,0.1049,0.2712,0.4479,2026-06
CUST1012360,0.2867,0.6371,0.2913,0.2671,0.342,0.5057,2026-06
CUST1012361,0.4211,0.5610000000000001,0.5458,0.1195,0.3648,0.4818,2026-06
CUST1012362,0.2245,0.4349,0.0761,0.348,0.2088,0.6889,2026-06
CUST1012363,0.5154,0.351,0.4943,0.08210000000000001,0.3452,0.4611,2026-06
CUST1012364,0.4952,0.2625,0.423,0.1537,0.3942,0.2723,2026-06
CUST1012365,0.4797,0.7058,0.4867,0.1902,0.3575,0.2309,2026-06
CUST1012366,0.2588,0.3345,0.4069,0.1318,0.4295,0.6028,2026-06
CUST1012367,0.3161,0.5159,0.4495,0.3071,0.4236,0.4746,2026-06
CUST1012368,0.4847,0.1861,0.115,0.2715,0.4371,0.1559,2026-06
CUST1012369,0.3678,0.4692,0.119,0.0251,0.2814,0.1605,2026-06
CUST1012370,0.1536,0.4032,0.2223,0.3068,0.4662,0.5344,2026-06
CUST1012371,0.0604,0.5299,0.01,0.2,0.2732,0.0722,2026-06
CUST1012372,0.4503,0.4973,0.2816,0.3737,0.3404,0.4304,2026-06
CUST1012373,0.5298,0.4259,0.3615,0.2246,0.2825,0.5905,2026-06
CUST1012374,0.1817,0.4495,0.4555,0.2146,0.4632,0.5411,2026-06
CUST1012375,0.3063,0.392,0.3807,0.0481,0.4734,0.3978,2026-06
CUST1012376,0.1226,0.6919,0.4294,0.1891,0.2982,0.2982,2026-06
CUST1012377,0.4407,0.1596,0.2732,0.6701,0.333,0.07920000000000001,2026-06
CUST1012378,0.5757,0.6041,0.3793,0.1665,0.2893,0.3564,2026-06
CUST1012379,0.3549,0.3851,0.4011,0.2663,0.4007,0.3942,2026-06
CUST1012380,0.3824,0.6304999999999999,0.4157,0.2162,0.298,0.3657,2026-06
CUST1012381,0.3919,0.5227000000000001,0.343,0.2064,0.5568,0.3845,2026-06
CUST1012382,0.4267,0.543,0.5373,0.0868,0.3542,0.3772,2026-06
CUST1012383,0.4399,0.6066,0.2754,0.3106,0.3474,0.4279,2026-06
CUST1012384,0.104,0.142,0.01,0.09470000000000001,0.4224,0.0438,2026-06
CUST1012385,0.4316,0.2894,0.1912,0.1944,0.452,0.1482,2026-06
CUST1012386,0.2689,0.3365,0.4263,0.1521,0.3793,0.3624,2026-06
CUST1012387,0.5244,0.7299,0.3729,0.1339,0.3325,0.478,2026-06
CUST1012388,0.4224,0.3051,0.1476,0.1253,0.514,0.092,2026-06
CUST1012389,0.2825,0.7504,0.3149,0.2119,0.01,0.463,2026-06
CUST1012390,0.3768,0.4588,0.4095,0.0731,0.2997,0.0668,2026-06
CUST1012391,0.1776,0.4403,0.01,0.1789,0.1982,0.01,2026-06
CUST1012392,0.5864,0.6279,0.4482,0.2436,0.2041,0.5486,2026-06
CUST1012393,0.2905,0.3721,0.4593,0.1597,0.4383,0.3968,2026-06
CUST1012394,0.3216,0.368,0.1413,0.0689,0.4695,0.4081,2026-06
CUST1012395,0.2013,0.3465,0.3819,0.2003,0.5368000000000001,0.1159,2026-06
CUST1012396,0.2405,0.5548999999999999,0.4646,0.2517,0.241,0.3602,2026-06
CUST1012397,0.1624,0.3699,0.4711,0.2107,0.429,0.6068,2026-06
CUST1012398,0.4594,0.6695,0.401,0.1274,0.3181,0.377,2026-06
CUST1012399,0.2335,0.5464,0.1144,0.119,0.2965,0.4613,2026-06
CUST1012400,0.2151,0.5983000000000001,0.0911,0.0576,0.4594,0.5448,2026-06
CUST1012401,0.2209,0.5886,0.1789,0.222,0.371,0.6551,2026-06
CUST1012402,0.1978,0.4749,0.5924,0.2491,0.3882,0.4791,2026-06
CUST1012403,0.5387,0.1933,0.3859,0.2142,0.3599,0.5823,2026-06
CUST1012404,0.4526,0.2561,0.236,0.1353,0.2687,0.1975,2026-06
CUST1012405,0.2727,0.3291,0.5231,0.2903,0.3741,0.4923,2026-06
CUST1012406,0.3324,0.4697,0.5175999999999999,0.0534,0.4082,0.4013,2026-06
CUST1012407,0.3057,0.3324,0.2561,0.0953,0.3591,0.0428,2026-06
CUST1012408,0.4406,0.4315,0.4203,0.1835,0.2475,0.647,2026-06
CUST1012409,0.1951,0.4065,0.2538,0.0757,0.2624,0.4716,2026-06
CUST1012410,0.2477,0.1637,0.4083,0.2165,0.4193,0.1548,2026-06
CUST1012411,0.432,0.6227,0.3374,0.1262,0.1388,0.4519,2026-06
CUST1012412,0.4032,0.535,0.3187,0.0858,0.3202,0.2755,2026-06
CUST1012413,0.2824,0.446,0.1023,0.2403,0.1863,0.0752,2026-06
CUST1012414,0.2536,0.2861,0.1852,0.2694,0.2435,0.1361,2026-06
CUST1012415,0.2576,0.2006,0.4864,0.1847,0.4209,0.3213,2026-06
CUST1012416,0.5272,0.5602,0.4909,0.1527,0.2039,0.4946,2026-06
CUST1012417,0.5178,0.3131,0.4519,0.1462,0.4348,0.314,2026-06
CUST1012418,0.267,0.1897,0.096,0.1573,0.432,0.0362,2026-06
CUST1012419,0.3657,0.4604,0.0623,0.1278,0.2343,0.1511,2026-06
CUST1012420,0.4659,0.1965,0.01,0.1404,0.1793,0.2206,2026-06
CUST1012421,0.3113,0.28,0.01,0.2616,0.3508,0.368,2026-06
CUST1012422,0.4162,0.6481,0.09039999999999999,0.01,0.2829,0.579,2026-06
CUST1012423,0.247,0.01,0.2544,0.2372,0.3337,0.1697,2026-06
CUST1012424,0.4888,0.4403,0.3556,0.6116,0.5975,0.2602,2026-06
CUST1012425,0.2525,0.3567,0.2048,0.2976,0.2052,0.2802,2026-06
CUST1012426,0.3863,0.5011,0.2253,0.2842,0.4014,0.5148,2026-06
CUST1012427,0.2432,0.5692,0.0339,0.1999,0.2434,0.2906,2026-06
CUST1012428,0.427,0.6463,0.2009,0.664,0.2341,0.575,2026-06
CUST1012429,0.4601,0.5387999999999999,0.5294,0.233,0.3144,0.6214,2026-06
CUST1012430,0.4856,0.8303,0.1416,0.0961,0.0423,0.4595,2026-06
CUST1012431,0.4827,0.6441,0.2164,0.2355,0.3139,0.4369,2026-06
CUST1012432,0.6216,0.5175999999999999,0.3419,0.2904,0.4237,0.3504,2026-06
CUST1012433,0.4146,0.1774,0.2888,0.291,0.4801,0.01,2026-06
CUST1012434,0.3353,0.4162,0.4495,0.2249,0.4144,0.3242,2026-06
CUST1012435,0.2435,0.673,0.5121,0.1728,0.2476,0.2934,2026-06
CUST1012436,0.3281,0.4443,0.3973,0.2254,0.3844,0.5003,2026-06
CUST1012437,0.3312,0.5542,0.4182,0.2225,0.3263,0.2726,2026-06
CUST1012438,0.4647,0.5748,0.2729,0.1605,0.2098,0.3063,2026-06
CUST1012439,0.2958,0.5625,0.1448,0.14,0.2875,0.5071,2026-06
CUST1012440,0.362,0.4405,0.3079,0.1242,0.4242,0.6501,2026-06
CUST1012441,0.326,0.3765,0.2587,0.321,0.5489000000000001,0.4391,2026-06
CUST1012442,0.6153,0.4878,0.4158,0.1382,0.157,0.4863,2026-06
CUST1012443,0.4188,0.4758,0.4279,0.0948,0.5066000000000001,0.3664,2026-06
CUST1012444,0.4468,0.4044,0.3919,0.0536,0.3037,0.3504,2026-06
CUST1012445,0.216,0.1504,0.3354,0.3201,0.4098,0.0738,2026-06
CUST1012446,0.4037,0.6254999999999999,0.0901,0.02,0.3642,0.4089,2026-06
CUST1012447,0.4597,0.4654,0.3282,0.07530000000000001,0.5423,0.4351,2026-06
CUST1012448,0.4765,0.5413,0.338,0.7114,0.3816,0.1779,2026-06
CUST1012449,0.2789,0.366,0.1959,0.1696,0.1913,0.3467,2026-06
CUST1012450,0.1532,0.3708,0.3196,0.0469,0.2991,0.4567,2026-06
CUST1012451,0.2257,0.1243,0.0256,0.2809,0.6047,0.1186,2026-06
CUST1012452,0.3872,0.5593,0.3084,0.0944,0.2329,0.6032,2026-06
CUST1012453,0.1155,0.2816,0.1879,0.01,0.3693,0.1297,2026-06
CUST1012454,0.1653,0.5198,0.3911,0.0609,0.4226,0.5921999999999999,2026-06
CUST1012455,0.2865,0.235,0.3266,0.18,0.3389,0.3552,2026-06
CUST1012456,0.211,0.4356,0.01,0.2626,0.4612,0.3232,2026-06
CUST1012457,0.3991,0.5777,0.4508,0.2437,0.2329,0.6141,2026-06
CUST1012458,0.2631,0.1479,0.0844,0.242,0.3325,0.3332,2026-06
CUST1012459,0.4092,0.5767,0.4124,0.1401,0.2829,0.5327,2026-06
CUST1012460,0.4422,0.536,0.4236,0.3746,0.3006,0.3405,2026-06
CUST1012461,0.3068,0.454,0.128,0.2329,0.4019,0.4245,2026-06
CUST1012462,0.2018,0.3777,0.3096,0.1846,0.3609,0.1864,2026-06
CUST1012463,0.504,0.3665,0.0479,0.1861,0.3659,0.181,2026-06
CUST1012464,0.3668,0.6454,0.2325,0.1096,0.2794,0.3403,2026-06
CUST1012465,0.4224,0.3792,0.0815,0.0979,0.2909,0.2105,2026-06
CUST1012466,0.1908,0.1865,0.3546,0.0814,0.5142,0.382,2026-06
CUST1012467,0.5745,0.5875,0.4903,0.295,0.5207000000000001,0.3104,2026-06
CUST1012468,0.1851,0.1542,0.2581,0.097,0.2353,0.3048,2026-06
CUST1012469,0.2472,0.4113,0.1962,0.1387,0.2747,0.0202,2026-06
CUST1012470,0.4604,0.7587,0.1912,0.2748,0.222,0.3163,2026-06
CUST1012471,0.4287,0.4403,0.5518999999999999,0.2402,0.3441,0.4282,2026-06
CUST1012472,0.2488,0.09909999999999999,0.2769,0.17,0.3597,0.3278,2026-06
CUST1012473,0.2205,0.1255,0.01,0.1826,0.4416,0.1131,2026-06
CUST1012474,0.4731,0.4377,0.4568,0.2258,0.245,0.3809,2026-06
CUST1012475,0.4283,0.4106,0.5191,0.2001,0.33,0.3447,2026-06
CUST1012476,0.3053,0.2873,0.1318,0.0645,0.3748,0.0129,2026-06
CUST1012477,0.4181,0.3642,0.3991,0.5691000000000001,0.1352,0.3588,2026-06
CUST1012478,0.4549,0.3103,0.3208,0.2209,0.4815,0.307,2026-06
CUST1012479,0.1278,0.3024,0.01,0.2496,0.2874,0.0512,2026-06
CUST1012480,0.1859,0.4172,0.01,0.1252,0.5864,0.2397,2026-06
CUST1012481,0.3927,0.4575,0.1929,0.1785,0.6094000000000001,0.4135,2026-06
CUST1012482,0.186,0.19,0.0626,0.2114,0.2964,0.0784,2026-06
CUST1012483,0.534,0.4796,0.096,0.0774,0.3309,0.4079,2026-06
CUST1012484,0.3732,0.2844,0.1688,0.2076,0.4211,0.2635,2026-06
CUST1012485,0.5784,0.4569,0.0491,0.2316,0.2238,0.5293,2026-06
CUST1012486,0.1717,0.2254,0.4248,0.2677,0.3953,0.554,2026-06
CUST1012487,0.3018,0.0621,0.01,0.1659,0.3516,0.1179,2026-06
CUST1012488,0.6625,0.4559,0.4368,0.2122,0.4187,0.5421,2026-06
CUST1012489,0.3268,0.7799,0.0822,0.6756,0.1832,0.1953,2026-06
CUST1012490,0.1814,0.3883,0.4123,0.3247,0.2119,0.4811,2026-06
CUST1012491,0.3124,0.1702,0.2307,0.0626,0.4173,0.4463,2026-06
CUST1012492,0.4561,0.5784,0.1858,0.2538,0.2513,0.3713,2026-06
CUST1012493,0.4067,0.5636,0.4887,0.2408,0.1775,0.5071,2026-06
CUST1012494,0.6076,0.4645,0.01,0.2251,0.2699,0.1985,2026-06
CUST1012495,0.283,0.1591,0.121,0.1806,0.2438,0.1723,2026-06
CUST1012496,0.4188,0.5883,0.3015,0.5884,0.0732,0.4253,2026-06
CUST1012497,0.2395,0.09719999999999999,0.0945,0.2648,0.5273,0.0403,2026-06
CUST1012498,0.5337,0.449,0.5244,0.3255,0.1191,0.6601,2026-06
CUST1012499,0.2465,0.2294,0.0639,0.1753,0.4077,0.0711,2026-06
CUST1012500,0.2955,0.5224,0.043,0.1542,0.3557,0.346,2026-06
CUST1012501,0.6299,0.5959,0.2414,0.01,0.4639,0.2902,2026-06
CUST1012502,0.4679,0.4493,0.2183,0.3114,0.3617,0.4289,2026-06
CUST1012503,0.4989,0.6173,0.01,0.1404,0.384,0.2243,2026-06
CUST1012504,0.4525,0.7183,0.1479,0.1829,0.324,0.4233,2026-06
CUST1012505,0.5599,0.3439,0.01,0.2317,0.3319,0.1558,2026-06
CUST1012506,0.3628,0.2212,0.2717,0.1737,0.6435,0.3337,2026-06
CUST1012507,0.335,0.6413,0.1393,0.2588,0.2608,0.2796,2026-06
CUST1012508,0.4366,0.5247000000000001,0.07049999999999999,0.1535,0.1777,0.1027,2026-06
CUST1012509,0.3453,0.3548,0.3189,0.1857,0.2038,0.3729,2026-06
CUST1012510,0.4506,0.5338000000000001,0.2659,0.3188,0.4152,0.2021,2026-06
CUST1012511,0.3016,0.3595,0.4906,0.019,0.2545,0.4924,2026-06
CUST1012512,0.2433,0.7028,0.4013,0.3056,0.1759,0.3058,2026-06
CUST1012513,0.3404,0.4458,0.4674,0.1531,0.3739,0.4245,2026-06
CUST1012514,0.4624,0.6885,0.0534,0.1199,0.3137,0.5405,2026-06
CUST1012515,0.3387,0.5452,0.4051,0.1597,0.3703,0.4337,2026-06
CUST1012516,0.3555,0.5739,0.0992,0.1198,0.3281,0.5507,2026-06
CUST1012517,0.367,0.39,0.4407,0.2492,0.3475,0.5782,2026-06
CUST1012518,0.5375,0.4739,0.2657,0.1481,0.4421,0.4651,2026-06
CUST1012519,0.4261,0.3984,0.2505,0.2422,0.5786,0.4605,2026-06
CUST1012520,0.536,0.5034999999999999,0.334,0.165,0.2075,0.1068,2026-06
CUST1012521,0.3565,0.3109,0.4821,0.3846,0.4419,0.4433,2026-06
CUST1012522,0.417,0.4812,0.3425,0.0595,0.2521,0.4377,2026-06
CUST1012523,0.2437,0.284,0.496,0.2141,0.4526,0.3426,2026-06
CUST1012524,0.1904,0.4344,0.4234,0.2081,0.4299,0.5596,2026-06
CUST1012525,0.2597,0.3309,0.4259,0.1969,0.4621,0.3871,2026-06
CUST1012526,0.4566,0.6012,0.1871,0.183,0.2822,0.3789,2026-06
CUST1012527,0.3447,0.5145,0.5094,0.2105,0.4956,0.5649999999999999,2026-06
CUST1012528,0.468,0.3939,0.4813,0.2121,0.3198,0.5077,2026-06
CUST1012529,0.3438,0.349,0.4636,0.1049,0.1648,0.4005,2026-06
CUST1012530,0.5656,0.3698,0.1966,0.1364,0.1507,0.083,2026-06
CUST1012531,0.2606,0.2972,0.2506,0.2436,0.2359,0.0423,2026-06
CUST1012532,0.3111,0.4456,0.1428,0.1107,0.2594,0.1865,2026-06
CUST1012533,0.3073,0.7161999999999999,0.01,0.1931,0.12,0.5012,2026-06
CUST1012534,0.4097,0.5809,0.3559,0.2097,0.368,0.3788,2026-06
CUST1012535,0.0926,0.2542,0.4747,0.1781,0.3275,0.3788,2026-06
CUST1012536,0.306,0.09,0.0692,0.6518,0.2395,0.01,2026-06
CUST1012537,0.1866,0.1414,0.0189,0.6513,0.2978,0.0259,2026-06
CUST1012538,0.1672,0.1179,0.2292,0.2277,0.4694,0.0621,2026-06
CUST1012539,0.395,0.5601,0.3328,0.1904,0.2779,0.4424,2026-06
CUST1012540,0.2632,0.4209,0.5453,0.1765,0.3739,0.5871,2026-06
CUST1012541,0.3425,0.5565,0.3452,0.1119,0.195,0.3108,2026-06
CUST1012542,0.49,0.3074,0.3007,0.1903,0.4016,0.5645,2026-06
CUST1012543,0.3013,0.7179,0.176,0.0728,0.5338000000000001,0.5401,2026-06
CUST1012544,0.2654,0.6702,0.1331,0.0958,0.1761,0.5649999999999999,2026-06
CUST1012545,0.01,0.5492,0.1333,0.1862,0.3231,0.5288,2026-06
CUST1012546,0.4791,0.6478,0.4705,0.3431,0.571,0.3793,2026-06
CUST1012547,0.3737,0.4041,0.0159,0.2567,0.2619,0.06950000000000001,2026-06
CUST1012548,0.1902,0.4007,0.1485,0.0815,0.2676,0.2511,2026-06
CUST1012549,0.116,0.0761,0.4109,0.06279999999999999,0.4823,0.1868,2026-06
CUST1012550,0.2126,0.3135,0.2972,0.2053,0.2389,0.1516,2026-06
CUST1012551,0.3528,0.7181,0.2153,0.2249,0.389,0.6093,2026-06
CUST1012552,0.4802,0.5292,0.2049,0.26,0.3382,0.2267,2026-06
CUST1012553,0.4176,0.2038,0.2727,0.303,0.4053,0.2502,2026-06
CUST1012554,0.2683,0.2475,0.2317,0.0798,0.2677,0.1917,2026-06
CUST1012555,0.3024,0.0466,0.1433,0.5903,0.2852,0.3047,2026-06
CUST1012556,0.0844,0.3943,0.1183,0.3625,0.2024,0.5212,2026-06
CUST1012557,0.3921,0.7042,0.5615,0.1222,0.207,0.4313,2026-06
CUST1012558,0.2951,0.1921,0.1705,0.1843,0.3577,0.1743,2026-06
CUST1012559,0.4858,0.538,0.4934,0.162,0.4645,0.5168,2026-06
CUST1012560,0.3675,0.442,0.3439,0.1917,0.5009,0.2941,2026-06
CUST1012561,0.474,0.5252,0.2967,0.2264,0.3436,0.5343,2026-06
CUST1012562,0.3071,0.3026,0.2903,0.1781,0.4477,0.5752,2026-06
CUST1012563,0.2641,0.1334,0.3044,0.01,0.3762,0.07489999999999999,2026-06
CUST1012564,0.5583,0.7559,0.3006,0.1549,0.2554,0.5564,2026-06
CUST1012565,0.1763,0.41,0.035,0.1812,0.2379,0.2145,2026-06
CUST1012566,0.442,0.4915,0.401,0.2724,0.2719,0.3793,2026-06
CUST1012567,0.2412,0.3897,0.0964,0.1462,0.3312,0.1533,2026-06
CUST1012568,0.3574,0.2553,0.2567,0.1407,0.39,0.3698,2026-06
CUST1012569,0.3092,0.4728,0.1927,0.09669999999999999,0.3069,0.2813,2026-06
CUST1012570,0.1237,0.2887,0.5586,0.1556,0.329,0.7527,2026-06
CUST1012571,0.3388,0.3984,0.4925,0.07829999999999999,0.2776,0.3986,2026-06
CUST1012572,0.591,0.6318,0.4105,0.1969,0.6381,0.6038,2026-06
CUST1012573,0.4197,0.6565,0.589,0.1963,0.3491,0.6551,2026-06
CUST1012574,0.6281,0.2914,0.447,0.1648,0.4489,0.1577,2026-06
CUST1012575,0.4615,0.3661,0.5322,0.1999,0.22,0.4602,2026-06
CUST1012576,0.2977,0.1858,0.2053,0.1252,0.1018,0.2664,2026-06
CUST1012577,0.2699,0.0149,0.2799,0.1007,0.3474,0.2993,2026-06
CUST1012578,0.6325,0.4871,0.5199,0.1792,0.4018,0.5223,2026-06
CUST1012579,0.5429,0.3884,0.3853,0.03,0.5214,0.1771,2026-06
CUST1012580,0.0472,0.1344,0.3404,0.2189,0.4489,0.2094,2026-06
CUST1012581,0.3166,0.3461,0.4482,0.0562,0.3559,0.6183999999999999,2026-06
CUST1012582,0.3332,0.3577,0.5067,0.163,0.3425,0.6820000000000001,2026-06
CUST1012583,0.4254,0.6922,0.3726,0.1087,0.2196,0.6343,2026-06
CUST1012584,0.1927,0.2752,0.01,0.7032,0.268,0.1895,2026-06
CUST1012585,0.2578,0.3699,0.2606,0.4754,0.2408,0.3039,2026-06
CUST1012586,0.3159,0.1063,0.1925,0.2358,0.3196,0.1671,2026-06
CUST1012587,0.3367,0.7314000000000001,0.4108,0.1298,0.5921999999999999,0.3663,2026-06
CUST1012588,0.2209,0.4603,0.1304,0.2253,0.1975,0.3775,2026-06
CUST1012589,0.3727,0.0806,0.236,0.1916,0.3085,0.2735,2026-06
CUST1012590,0.4598,0.4152,0.1589,0.3164,0.2397,0.3955,2026-06
CUST1012591,0.328,0.3654,0.4181,0.1268,0.5306,0.2813,2026-06
CUST1012592,0.358,0.3984,0.3874,0.233,0.3889,0.5155999999999999,2026-06
CUST1012593,0.1809,0.0442,0.1882,0.2018,0.4063,0.2051,2026-06
CUST1012594,0.1205,0.4545,0.3156,0.1927,0.372,0.6531,2026-06
CUST1012595,0.4048,0.4511,0.09370000000000001,0.1335,0.249,0.218,2026-06
CUST1012596,0.3068,0.4325,0.2747,0.08359999999999999,0.2872,0.5004999999999999,2026-06
CUST1012597,0.5452,0.4875,0.509,0.6151,0.1409,0.3003,2026-06
CUST1012598,0.3213,0.1012,0.175,0.241,0.4795,0.1359,2026-06
CUST1012599,0.3058,0.0803,0.2549,0.3123,0.4195,0.2066,2026-06
CUST1012600,0.6147,0.3604,0.3455,0.206,0.3591,0.0328,2026-06
CUST1012601,0.1856,0.4286,0.4591,0.108,0.2184,0.4574,2026-06
CUST1012602,0.2672,0.5415,0.4863,0.3125,0.2733,0.4192,2026-06
CUST1012603,0.3463,0.1588,0.3583,0.3468,0.2908,0.179,2026-06
CUST1012604,0.2707,0.6558,0.2277,0.1782,0.289,0.5457,2026-06
CUST1012605,0.195,0.5064,0.5685,0.2216,0.279,0.4633,2026-06
CUST1012606,0.2739,0.7108,0.1205,0.3559,0.2742,0.4119,2026-06
CUST1012607,0.2244,0.3376,0.3013,0.1475,0.5056,0.0755,2026-06
CUST1012608,0.5254,0.5384,0.3872,0.246,0.5387999999999999,0.5588,2026-06
CUST1012609,0.5139,0.4529,0.4581,0.0974,0.422,0.6047,2026-06
CUST1012610,0.5385,0.4434,0.01,0.1459,0.1002,0.0975,2026-06
CUST1012611,0.4262,0.7412,0.3464,0.2505,0.2991,0.5687,2026-06
CUST1012612,0.2036,0.4081,0.3572,0.3192,0.2919,0.3528,2026-06
CUST1012613,0.4573,0.4283,0.472,0.1507,0.3398,0.6156,2026-06
CUST1012614,0.0867,0.4337,0.1095,0.1408,0.2594,0.1077,2026-06
CUST1012615,0.2528,0.717,0.199,0.08840000000000001,0.2112,0.1042,2026-06
CUST1012616,0.2117,0.3698,0.042,0.2282,0.1409,0.1755,2026-06
CUST1012617,0.4208,0.5548,0.4614,0.285,0.2625,0.455,2026-06
CUST1012618,0.1278,0.325,0.0187,0.1655,0.2078,0.1055,2026-06
CUST1012619,0.1754,0.5554,0.5209,0.2348,0.1689,0.3802,2026-06
CUST1012620,0.1071,0.4983,0.2087,0.1926,0.55,0.3189,2026-06
CUST1012621,0.5029,0.4474,0.4072,0.2394,0.424,0.6317,2026-06
CUST1012622,0.2998,0.4747,0.5447,0.0624,0.455,0.2802,2026-06
CUST1012623,0.3648,0.3877,0.4307,0.5551,0.1963,0.3222,2026-06
CUST1012624,0.411,0.5474,0.38,0.3175,0.3537,0.4201,2026-06
CUST1012625,0.3561,0.6964,0.2892,0.5528,0.4333,0.2755,2026-06
CUST1012626,0.3959,0.5725,0.3874,0.0878,0.4363,0.5145,2026-06
CUST1012627,0.4365,0.3983,0.3875,0.3114,0.3213,0.4792,2026-06
CUST1012628,0.2632,0.7055,0.2368,0.1877,0.1769,0.3565,2026-06
CUST1012629,0.2365,0.662,0.3509,0.3342,0.261,0.3554,2026-06
CUST1012630,0.4471,0.6072,0.2284,0.3632,0.4031,0.4385,2026-06
CUST1012631,0.6124000000000001,0.4548,0.6722,0.0263,0.4219,0.503,2026-06
CUST1012632,0.3978,0.3116,0.2861,0.1458,0.4542,0.1328,2026-06
CUST1012633,0.3337,0.6429,0.07049999999999999,0.0893,0.2936,0.3206,2026-06
CUST1012634,0.4268,0.5453,0.2418,0.1474,0.1562,0.3309,2026-06
CUST1012635,0.5031,0.6706,0.3574,0.1219,0.4694,0.5044999999999999,2026-06
CUST1012636,0.1655,0.1129,0.2854,0.1876,0.4493,0.2317,2026-06
CUST1012637,0.5258,0.6038,0.3034,0.1015,0.4065,0.3263,2026-06
CUST1012638,0.3502,0.2134,0.3951,0.1171,0.1744,0.5079,2026-06
CUST1012639,0.3368,0.2128,0.211,0.1414,0.2711,0.1649,2026-06
CUST1012640,0.3027,0.5191,0.4608,0.2624,0.4654,0.4743,2026-06
CUST1012641,0.4009,0.4692,0.2446,0.6514,0.1179,0.3056,2026-06
CUST1012642,0.4709,0.4341,0.134,0.1227,0.3001,0.3141,2026-06
CUST1012643,0.4101,0.4561,0.3436,0.1875,0.3463,0.835,2026-06
CUST1012644,0.2555,0.4315,0.1378,0.2997,0.3851,0.4073,2026-06
CUST1012645,0.3275,0.7279,0.1959,0.1992,0.107,0.3928,2026-06
CUST1012646,0.3337,0.6249,0.3309,0.08790000000000001,0.2909,0.521,2026-06
CUST1012647,0.4192,0.3133,0.1694,0.1153,0.3884,0.1383,2026-06
CUST1012648,0.057,0.3238,0.1971,0.4194,0.5401,0.3906,2026-06
CUST1012649,0.3039,0.3667,0.4649,0.1287,0.4633,0.4997,2026-06
CUST1012650,0.3383,0.1721,0.3131,0.01,0.307,0.1935,2026-06
CUST1012651,0.4512,0.4503,0.1741,0.1926,0.2715,0.4172,2026-06
CUST1012652,0.4663,0.5266999999999999,0.2451,0.3398,0.5733,0.242,2026-06
CUST1012653,0.2981,0.5714,0.2524,0.2652,0.2538,0.363,2026-06
CUST1012654,0.3884,0.595,0.3854,0.1493,0.2872,0.5241,2026-06
CUST1012655,0.5865,0.409,0.01,0.0978,0.323,0.3237,2026-06
CUST1012656,0.3161,0.5786,0.07199999999999999,0.3026,0.2261,0.3052,2026-06
CUST1012657,0.5384,0.6368,0.2854,0.0934,0.2121,0.4503,2026-06
CUST1012658,0.443,0.4913,0.5417,0.0339,0.3809,0.4488,2026-06
CUST1012659,0.3102,0.6208,0.08459999999999999,0.1547,0.254,0.2963,2026-06
CUST1012660,0.3856,0.5871,0.2318,0.6636,0.1986,0.5347,2026-06
CUST1012661,0.374,0.4516,0.2601,0.2828,0.1738,0.1211,2026-06
CUST1012662,0.0551,0.5217000000000001,0.444,0.2787,0.3218,0.3421,2026-06
CUST1012663,0.6649,0.4441,0.4482,0.1841,0.3806,0.5511,2026-06
CUST1012664,0.5027,0.3677,0.5389,0.2918,0.2713,0.3553,2026-06
CUST1012665,0.2844,0.3559,0.4641,0.1399,0.4417,0.5521,2026-06
CUST1012666,0.4624,0.6712,0.4663,0.2743,0.276,0.3893,2026-06
CUST1012667,0.4186,0.3651,0.4089,0.2357,0.5405,0.4397,2026-06
CUST1012668,0.3015,0.4133,0.2103,0.2802,0.2642,0.1838,2026-06
CUST1012669,0.2437,0.317,0.4446,0.1765,0.3567,0.3584,2026-06
CUST1012670,0.3519,0.4756,0.0347,0.1534,0.3915,0.228,2026-06
CUST1012671,0.3098,0.4131,0.1892,0.0698,0.25,0.5921,2026-06
CUST1012672,0.2986,0.2176,0.173,0.2034,0.4959,0.2363,2026-06
CUST1012673,0.3974,0.4507,0.3707,0.2618,0.3353,0.3997,2026-06
CUST1012674,0.4438,0.2345,0.263,0.01,0.3117,0.2668,2026-06
CUST1012675,0.4661,0.3114,0.4085,0.1021,0.3602,0.4083,2026-06
CUST1012676,0.2497,0.1335,0.01,0.5326,0.58,0.1651,2026-06
CUST1012677,0.3758,0.3212,0.5626,0.211,0.3573,0.3696,2026-06
CUST1012678,0.3865,0.3868,0.2543,0.3154,0.3721,0.242,2026-06
CUST1012679,0.116,0.1765,0.2449,0.1847,0.5523,0.1687,2026-06
CUST1012680,0.1555,0.435,0.39,0.2237,0.4177,0.5021,2026-06
CUST1012681,0.5657,0.656,0.1549,0.0313,0.1509,0.3303,2026-06
CUST1012682,0.2446,0.5122,0.01,0.25,0.3351,0.2094,2026-06
CUST1012683,0.2551,0.3089,0.1609,0.2284,0.3385,0.1757,2026-06
CUST1012684,0.1823,0.4353,0.5511,0.2176,0.3883,0.4045,2026-06
CUST1012685,0.2449,0.6964,0.3696,0.2094,0.1871,0.154,2026-06
CUST1012686,0.3895,0.7363,0.4595,0.2655,0.3992,0.528,2026-06
CUST1012687,0.3909,0.3432,0.01,0.2002,0.6216,0.188,2026-06
CUST1012688,0.3981,0.6671,0.2055,0.1818,0.2995,0.457,2026-06
CUST1012689,0.212,0.5991,0.3024,0.1578,0.4235,0.538,2026-06
CUST1012690,0.4298,0.5187,0.3616,0.1915,0.198,0.5014999999999999,2026-06
CUST1012691,0.0985,0.3521,0.3945,0.2113,0.4096,0.392,2026-06
CUST1012692,0.3568,0.4943,0.3977,0.217,0.3491,0.439,2026-06
CUST1012693,0.2974,0.2506,0.3349,0.163,0.5072,0.7502,2026-06
CUST1012694,0.2366,0.1596,0.2033,0.2058,0.5541,0.1655,2026-06
CUST1012695,0.5807,0.4173,0.3606,0.0949,0.3282,0.2011,2026-06
CUST1012696,0.3727,0.6644,0.0585,0.0145,0.2498,0.0617,2026-06
CUST1012697,0.0805,0.4368,0.1302,0.1282,0.1773,0.2825,2026-06
CUST1012698,0.4486,0.4326,0.482,0.01,0.289,0.599,2026-06
CUST1012699,0.4133,0.193,0.2995,0.2008,0.3495,0.1523,2026-06
CUST1012700,0.3545,0.1652,0.3056,0.2954,0.4164,0.2263,2026-06
CUST1012701,0.463,0.6359,0.1207,0.192,0.2621,0.4398,2026-06
CUST1012702,0.4046,0.3907,0.4338,0.1588,0.2077,0.5447,2026-06
CUST1012703,0.3209,0.3966,0.3854,0.1244,0.3144,0.4715,2026-06
CUST1012704,0.421,0.5195,0.1246,0.5283,0.167,0.0409,2026-06
CUST1012705,0.4585,0.4438,0.415,0.2495,0.2661,0.3206,2026-06
CUST1012706,0.07679999999999999,0.3621,0.1255,0.2068,0.3119,0.6349,2026-06
CUST1012707,0.4921,0.7114,0.4107,0.1568,0.3509,0.6145,2026-06
CUST1012708,0.5617,0.4508,0.4143,0.1378,0.376,0.3159,2026-06
CUST1012709,0.3419,0.7232,0.3449,0.4249,0.3132,0.3371,2026-06
CUST1012710,0.1955,0.1415,0.01,0.3001,0.2243,0.4591,2026-06
CUST1012711,0.3858,0.3598,0.4532,0.09909999999999999,0.5599,0.5725,2026-06
CUST1012712,0.5306999999999999,0.4063,0.3926,0.01,0.4419,0.4367,2026-06
CUST1012713,0.3055,0.4127,0.01,0.2702,0.2114,0.0712,2026-06
CUST1012714,0.4517,0.3264,0.2792,0.2691,0.5014,0.2385,2026-06
CUST1012715,0.4556,0.5712,0.01,0.104,0.3654,0.2603,2026-06
CUST1012716,0.463,0.6765,0.2612,0.2572,0.2255,0.4972,2026-06
CUST1012717,0.419,0.472,0.5259,0.1466,0.3843,0.4604,2026-06
CUST1012718,0.2561,0.4307,0.5577,0.238,0.3126,0.5203,2026-06
CUST1012719,0.1753,0.4171,0.2717,0.0842,0.3855,0.3856,2026-06
CUST1012720,0.3869,0.3731,0.1046,0.2843,0.337,0.0735,2026-06
CUST1012721,0.4556,0.4489,0.4566,0.1393,0.4052,0.3828,2026-06
CUST1012722,0.5087,0.5189,0.5763,0.2801,0.2963,0.4736,2026-06
CUST1012723,0.0896,0.6733,0.2601,0.2204,0.2142,0.4121,2026-06
CUST1012724,0.5153,0.2035,0.2884,0.2107,0.4236,0.4409,2026-06
CUST1012725,0.1622,0.2993,0.4792,0.1895,0.2774,0.4275,2026-06
CUST1012726,0.3803,0.2777,0.3783,0.0769,0.2718,0.2536,2026-06
CUST1012727,0.2193,0.3213,0.2067,0.192,0.1836,0.2411,2026-06
CUST1012728,0.2362,0.2814,0.01,0.2871,0.3883,0.0998,2026-06
CUST1012729,0.1207,0.3,0.4541,0.1946,0.3771,0.1385,2026-06
CUST1012730,0.4555,0.3838,0.3403,0.01,0.6714,0.2042,2026-06
CUST1012731,0.4503,0.5062,0.3723,0.129,0.308,0.6989,2026-06
CUST1012732,0.1327,0.5144,0.3731,0.1138,0.3497,0.4113,2026-06
CUST1012733,0.4859,0.4913,0.3566,0.1131,0.2685,0.3489,2026-06
CUST1012734,0.3862,0.7177,0.1133,0.2189,0.1839,0.3701,2026-06
CUST1012735,0.5354,0.1342,0.1073,0.156,0.1599,0.1703,2026-06
CUST1012736,0.592,0.4627,0.4903,0.2353,0.4389,0.3193,2026-06
CUST1012737,0.5446,0.4597,0.2091,0.3045,0.2727,0.2046,2026-06
CUST1012738,0.4802,0.2744,0.2757,0.2688,0.1998,0.15,2026-06
CUST1012739,0.1076,0.197,0.1798,0.0906,0.31,0.1364,2026-06
CUST1012740,0.163,0.4766,0.4114,0.1771,0.4537,0.6385,2026-06
CUST1012741,0.01,0.3137,0.01,0.1277,0.2383,0.15,2026-06
CUST1012742,0.4551,0.2499,0.3766,0.5333,0.2343,0.2559,2026-06
CUST1012743,0.3091,0.4999,0.4084,0.3451,0.3924,0.7052,2026-06
CUST1012744,0.3733,0.8057,0.5276999999999999,0.38,0.1812,0.5074,2026-06
CUST1012745,0.3971,0.3946,0.4258,0.1659,0.259,0.4608,2026-06
CUST1012746,0.301,0.1404,0.01,0.1364,0.418,0.2939,2026-06
CUST1012747,0.2478,0.2464,0.2158,0.1406,0.392,0.1475,2026-06
CUST1012748,0.2158,0.5629,0.1776,0.0665,0.172,0.2775,2026-06
CUST1012749,0.3558,0.117,0.0522,0.1486,0.3889,0.1662,2026-06
CUST1012750,0.215,0.4956,0.3824,0.2231,0.4268,0.5679999999999999,2026-06
CUST1012751,0.476,0.575,0.2768,0.3834,0.2125,0.378,2026-06
CUST1012752,0.482,0.4464,0.4175,0.0555,0.5158,0.6739000000000001,2026-06
CUST1012753,0.4573,0.4582,0.3386,0.1608,0.2714,0.3128,2026-06
CUST1012754,0.166,0.094,0.2645,0.0407,0.2849,0.1499,2026-06
CUST1012755,0.1972,0.1532,0.3073,0.1364,0.3596,0.2458,2026-06
CUST1012756,0.5353,0.5662,0.5777,0.07149999999999999,0.4082,0.3335,2026-06
CUST1012757,0.4628,0.3803,0.2676,0.228,0.3963,0.0959,2026-06
CUST1012758,0.1331,0.3673,0.5724,0.0696,0.4321,0.4756,2026-06
CUST1012759,0.5144,0.5701000000000001,0.3742,0.252,0.3036,0.6469,2026-06
CUST1012760,0.2526,0.8232,0.2838,0.298,0.1881,0.4889,2026-06
CUST1012761,0.5864,0.3842,0.5101,0.1919,0.3011,0.4716,2026-06
CUST1012762,0.478,0.3021,0.5144,0.01,0.2772,0.3449,2026-06
CUST1012763,0.5352,0.8235,0.2686,0.1684,0.3297,0.506,2026-06
CUST1012764,0.4516,0.4668,0.3187,0.01,0.3736,0.4535,2026-06
CUST1012765,0.4309,0.3826,0.3735,0.1382,0.1941,0.338,2026-06
CUST1012766,0.4654,0.4533,0.484,0.1605,0.278,0.4829,2026-06
CUST1012767,0.6114000000000001,0.3927,0.2107,0.2409,0.1819,0.4093,2026-06
CUST1012768,0.5225,0.5159,0.2276,0.1809,0.2358,0.2869,2026-06
CUST1012769,0.593,0.5555,0.3653,0.1642,0.3872,0.2895,2026-06
CUST1012770,0.2891,0.2346,0.0806,0.2057,0.3198,0.1768,2026-06
CUST1012771,0.1669,0.4834,0.3312,0.1929,0.2767,0.5458,2026-06
CUST1012772,0.365,0.4163,0.4723,0.0131,0.2042,0.3719,2026-06
CUST1012773,0.5311,0.4857,0.034,0.074,0.2631,0.0772,2026-06
CUST1012774,0.2706,0.311,0.2159,0.1738,0.3394,0.0929,2026-06
CUST1012775,0.4904,0.4958,0.1785,0.5425,0.1292,0.1689,2026-06
CUST1012776,0.1568,0.6694,0.2513,0.2164,0.42,0.6303,2026-06
CUST1012777,0.4308,0.3453,0.0582,0.099,0.1111,0.01,2026-06
CUST1012778,0.2452,0.1885,0.01,0.1907,0.4651,0.0703,2026-06
CUST1012779,0.1952,0.3787,0.231,0.2004,0.4215,0.3915,2026-06
CUST1012780,0.2667,0.4488,0.2181,0.1172,0.3327,0.456,2026-06
CUST1012781,0.5898,0.4503,0.3241,0.3418,0.3139,0.3909,2026-06
CUST1012782,0.4591,0.6299,0.0448,0.2793,0.287,0.2624,2026-06
CUST1012783,0.5471,0.3925,0.3349,0.1021,0.4382,0.0795,2026-06
CUST1012784,0.3955,0.7196,0.3674,0.1068,0.2904,0.5656,2026-06
CUST1012785,0.3073,0.4845,0.321,0.1662,0.2413,0.505,2026-06
CUST1012786,0.3329,0.6276,0.2702,0.0468,0.2798,0.6173999999999999,2026-06
CUST1012787,0.6188,0.2342,0.29,0.5557,0.3949,0.4244,2026-06
CUST1012788,0.4451,0.4029,0.01,0.1698,0.2729,0.2567,2026-06
CUST1012789,0.4792,0.3542,0.3566,0.1081,0.3481,0.4124,2026-06
CUST1012790,0.5059,0.3861,0.4878,0.1045,0.4915,0.3639,2026-06
CUST1012791,0.6484,0.3462,0.4533,0.0799,0.5054,0.3931,2026-06
CUST1012792,0.5351,0.469,0.4905,0.1519,0.251,0.4169,2026-06
CUST1012793,0.541,0.4157,0.4706,0.2207,0.3051,0.2519,2026-06
CUST1012794,0.608,0.6168,0.3296,0.4416,0.2526,0.4357,2026-06
CUST1012795,0.1165,0.1351,0.01,0.1384,0.5881,0.1083,2026-06
CUST1012796,0.4375,0.3409,0.2242,0.1654,0.4108,0.1343,2026-06
CUST1012797,0.2505,0.5798,0.3335,0.3804,0.212,0.3065,2026-06
CUST1012798,0.2493,0.389,0.231,0.2004,0.2499,0.0998,2026-06
CUST1012799,0.5222,0.6584,0.168,0.1808,0.3324,0.4123,2026-06
CUST1012800,0.07340000000000001,0.1161,0.0255,0.3195,0.5524,0.1088,2026-06
CUST1012801,0.2752,0.423,0.5563,0.1689,0.3208,0.3671,2026-06
CUST1012802,0.4983,0.434,0.3187,0.1936,0.3405,0.5245,2026-06
CUST1012803,0.537,0.1856,0.2872,0.1214,0.3498,0.251,2026-06
CUST1012804,0.1498,0.254,0.3431,0.1639,0.4016,0.1411,2026-06
CUST1012805,0.419,0.6346000000000001,0.1962,0.01,0.2111,0.3841,2026-06
CUST1012806,0.4712,0.3544,0.3859,0.08019999999999999,0.3218,0.8068,2026-06
CUST1012807,0.3376,0.5497,0.2176,0.2737,0.493,0.3935,2026-06
CUST1012808,0.5161,0.3758,0.07000000000000001,0.1097,0.2826,0.3381,2026-06
CUST1012809,0.302,0.2358,0.5645,0.1084,0.4084,0.7594,2026-06
CUST1012810,0.3124,0.5800999999999999,0.2267,0.2075,0.4001,0.362,2026-06
CUST1012811,0.4301,0.4034,0.01,0.08169999999999999,0.2388,0.0701,2026-06
CUST1012812,0.4861,0.5819,0.3961,0.1798,0.2349,0.4373,2026-06
CUST1012813,0.1864,0.237,0.3676,0.1602,0.4607,0.1358,2026-06
CUST1012814,0.466,0.4487,0.351,0.2439,0.3883,0.6256,2026-06
CUST1012815,0.4193,0.7476,0.3995,0.07829999999999999,0.2304,0.4876,2026-06
CUST1012816,0.4891,0.3495,0.4099,0.6669,0.2555,0.1931,2026-06
CUST1012817,0.2761,0.633,0.2099,0.2696,0.2586,0.432,2026-06
CUST1012818,0.398,0.4953,0.0502,0.1929,0.2519,0.08790000000000001,2026-06
CUST1012819,0.6216,0.4054,0.0106,0.2038,0.2027,0.2728,2026-06
CUST1012820,0.2902,0.427,0.0895,0.3205,0.2267,0.0154,2026-06
CUST1012821,0.3959,0.2483,0.1839,0.2635,0.299,0.0397,2026-06
CUST1012822,0.1895,0.3728,0.3229,0.2018,0.3255,0.09520000000000001,2026-06
CUST1012823,0.3624,0.2761,0.0795,0.3785,0.289,0.182,2026-06
CUST1012824,0.3573,0.6263,0.3065,0.2294,0.3896,0.6415,2026-06
CUST1012825,0.5192,0.4305,0.3965,0.1736,0.3253,0.3971,2026-06
CUST1012826,0.3855,0.5095,0.3401,0.194,0.4435,0.4606,2026-06
CUST1012827,0.3119,0.1671,0.1893,0.1757,0.2826,0.3775,2026-06
CUST1012828,0.4975,0.3756,0.2802,0.24,0.4605,0.048,2026-06
CUST1012829,0.2049,0.5625,0.4568,0.1296,0.2176,0.4229,2026-06
CUST1012830,0.5663,0.415,0.0964,0.3806,0.219,0.0339,2026-06
CUST1012831,0.3276,0.092,0.389,0.0605,0.3795,0.1226,2026-06
CUST1012832,0.4314,0.4677,0.5148,0.1002,0.2303,0.6371,2026-06
CUST1012833,0.2852,0.2993,0.4066,0.285,0.2091,0.745,2026-06
CUST1012834,0.3548,0.4444,0.5665,0.2507,0.5127,0.3392,2026-06
CUST1012835,0.5304,0.3962,0.3859,0.1247,0.2279,0.315,2026-06
CUST1012836,0.5456,0.5901999999999999,0.3622,0.4168,0.2221,0.5079,2026-06
CUST1012837,0.318,0.5536,0.222,0.2235,0.3226,0.4828,2026-06
CUST1012838,0.4451,0.3613,0.4384,0.1633,0.518,0.5238,2026-06
CUST1012839,0.4945,0.6418,0.115,0.0847,0.1673,0.412,2026-06
CUST1012840,0.383,0.0839,0.2076,0.2136,0.3787,0.074,2026-06
CUST1012841,0.2947,0.7459,0.1859,0.2665,0.2159,0.674,2026-06
CUST1012842,0.5194,0.5325,0.2981,0.0363,0.545,0.635,2026-06
CUST1012843,0.1967,0.5652,0.2298,0.1088,0.2173,0.4137,2026-06
CUST1012844,0.1558,0.0689,0.2516,0.5748,0.2381,0.2536,2026-06
CUST1012845,0.505,0.6879,0.3107,0.0592,0.0822,0.3721,2026-06
CUST1012846,0.3414,0.4581,0.4264,0.176,0.3433,0.2332,2026-06
CUST1012847,0.281,0.3625,0.2334,0.1675,0.336,0.3902,2026-06
CUST1012848,0.2343,0.3754,0.2363,0.2244,0.415,0.3473,2026-06
CUST1012849,0.4338,0.4757,0.4394,0.2051,0.2993,0.5145999999999999,2026-06
CUST1012850,0.2645,0.4827,0.4093,0.1496,0.5189,0.5433,2026-06
CUST1012851,0.5027,0.4311,0.3653,0.1651,0.2513,0.4905,2026-06
CUST1012852,0.3168,0.3572,0.5694,0.0916,0.4481,0.3965,2026-06
CUST1012853,0.2612,0.5175999999999999,0.0646,0.3143,0.316,0.6543,2026-06
CUST1012854,0.4959,0.6949,0.4156,0.1786,0.4107,0.481,2026-06
CUST1012855,0.3526,0.6156,0.4314,0.2127,0.3188,0.3437,2026-06
CUST1012856,0.5333,0.6651,0.3467,0.2633,0.2802,0.5674,2026-06
CUST1012857,0.3574,0.5377,0.3151,0.246,0.136,0.2228,2026-06
CUST1012858,0.4237,0.5387999999999999,0.4646,0.2297,0.4668,0.6088,2026-06
CUST1012859,0.5692,0.3264,0.302,0.2257,0.4066,0.3693,2026-06
CUST1012860,0.4578,0.3635,0.4873,0.1843,0.3554,0.6048,2026-06
CUST1012861,0.2684,0.3551,0.4444,0.1117,0.4138,0.5612,2026-06
CUST1012862,0.507,0.493,0.5446,0.1446,0.3518,0.4263,2026-06
CUST1012863,0.5691000000000001,0.665,0.3244,0.1146,0.2105,0.5921,2026-06
CUST1012864,0.4173,0.3227,0.5929,0.5432,0.3218,0.4866,2026-06
CUST1012865,0.2281,0.7544,0.4686,0.2102,0.3478,0.5806,2026-06
CUST1012866,0.268,0.4395,0.5057,0.091,0.3484,0.6017,2026-06
CUST1012867,0.01,0.3583,0.0885,0.08939999999999999,0.4756,0.3544,2026-06
CUST1012868,0.4227,0.5407999999999999,0.5047,0.5759,0.3162,0.3469,2026-06
CUST1012869,0.49,0.2638,0.4558,0.5619,0.4919,0.252,2026-06
CUST1012870,0.4322,0.64,0.3681,0.2769,0.2894,0.3735,2026-06
CUST1012871,0.2718,0.2621,0.4634,0.6703,0.3308,0.3181,2026-06
CUST1012872,0.3271,0.4343,0.3935,0.4935,0.3215,0.3208,2026-06
CUST1012873,0.4349,0.4702,0.4364,0.1397,0.3961,0.6948,2026-06
CUST1012874,0.4376,0.6541,0.2713,0.1879,0.2634,0.3688,2026-06
CUST1012875,0.3121,0.4735,0.4975,0.1227,0.4809,0.3218,2026-06
CUST1012876,0.6893,0.7428,0.5472,0.1038,0.3396,0.335,2026-06
CUST1012877,0.2892,0.234,0.0873,0.4322,0.4487,0.0999,2026-06
CUST1012878,0.3118,0.356,0.4998,0.01,0.4099,0.494,2026-06
CUST1012879,0.4807,0.4815,0.5839,0.1054,0.3203,0.6850000000000001,2026-06
CUST1012880,0.4959,0.3855,0.2232,0.1376,0.126,0.2809,2026-06
CUST1012881,0.3845,0.6622,0.2912,0.3416,0.3892,0.1314,2026-06
CUST1012882,0.1285,0.1754,0.1326,0.2565,0.3735,0.2114,2026-06
CUST1012883,0.4495,0.5059,0.2095,0.156,0.2231,0.3466,2026-06
CUST1012884,0.3407,0.514,0.5134,0.1652,0.3638,0.4784,2026-06
CUST1012885,0.4967,0.364,0.3141,0.1356,0.2906,0.2405,2026-06
CUST1012886,0.4705,0.4903,0.3132,0.3054,0.3212,0.5415,2026-06
CUST1012887,0.3281,0.4511,0.2414,0.0808,0.5236,0.5085,2026-06
CUST1012888,0.3738,0.5705,0.515,0.1651,0.5144,0.2797,2026-06
CUST1012889,0.1566,0.5762,0.3797,0.1151,0.195,0.4362,2026-06
CUST1012890,0.334,0.3332,0.2554,0.6052,0.2481,0.1411,2026-06
CUST1012891,0.2855,0.5608,0.2322,0.2581,0.3509,0.5076000000000001,2026-06
CUST1012892,0.4544,0.6546,0.3935,0.5835,0.2036,0.2927,2026-06
CUST1012893,0.5573,0.646,0.5046,0.2767,0.2583,0.5222,2026-06
CUST1012894,0.0704,0.6105,0.3238,0.205,0.243,0.3997,2026-06
CUST1012895,0.2387,0.6528,0.2948,0.1935,0.3039,0.38,2026-06
CUST1012896,0.4023,0.414,0.3547,0.2417,0.4504,0.185,2026-06
CUST1012897,0.1894,0.1692,0.1443,0.1917,0.4946,0.1097,2026-06
CUST1012898,0.1488,0.6506,0.5204,0.124,0.3252,0.7048,2026-06
CUST1012899,0.3883,0.2534,0.4007,0.1247,0.4876,0.1556,2026-06
CUST1012900,0.3313,0.7387,0.3586,0.1957,0.374,0.6344,2026-06
CUST1012901,0.3008,0.6286,0.4447,0.2631,0.4309,0.516,2026-06
CUST1012902,0.3232,0.6797,0.3458,0.1561,0.2061,0.5138,2026-06
CUST1012903,0.516,0.1607,0.3009,0.1251,0.5873,0.0312,2026-06
CUST1012904,0.1448,0.2104,0.5175,0.2794,0.3324,0.5794,2026-06
CUST1012905,0.2774,0.3765,0.3941,0.3512,0.2938,0.5313,2026-06
CUST1012906,0.2916,0.3267,0.1024,0.0764,0.3924,0.1207,2026-06
CUST1012907,0.1587,0.5047,0.2819,0.2687,0.2827,0.5926,2026-06
CUST1012908,0.3959,0.1937,0.1118,0.0784,0.6973,0.06850000000000001,2026-06
CUST1012909,0.3917,0.4773,0.3291,0.1677,0.2344,0.6541,2026-06
CUST1012910,0.5012,0.2636,0.3156,0.0936,0.4973,0.1144,2026-06
CUST1012911,0.5387999999999999,0.5152,0.226,0.4133,0.4292,0.3071,2026-06
CUST1012912,0.2172,0.2171,0.2248,0.08409999999999999,0.2157,0.2364,2026-06
CUST1012913,0.5675,0.7233000000000001,0.5722,0.1118,0.3658,0.4922,2026-06
CUST1012914,0.3506,0.4217,0.5231,0.0434,0.3226,0.5056,2026-06
CUST1012915,0.2934,0.2569,0.01,0.0285,0.2892,0.161,2026-06
CUST1012916,0.479,0.4629,0.01,0.0804,0.2665,0.1387,2026-06
CUST1012917,0.4117,0.5992,0.01,0.1951,0.3161,0.1181,2026-06
CUST1012918,0.1442,0.5831,0.5315,0.0759,0.4179,0.6847,2026-06
CUST1012919,0.1517,0.3564,0.1227,0.273,0.4062,0.07779999999999999,2026-06
CUST1012920,0.2627,0.4392,0.3983,0.1282,0.3451,0.6529,2026-06
CUST1012921,0.3437,0.5553,0.01,0.2345,0.2905,0.1365,2026-06
CUST1012922,0.3373,0.3611,0.3769,0.1738,0.1473,0.2911,2026-06
CUST1012923,0.4741,0.7248,0.405,0.5935,0.2157,0.3741,2026-06
CUST1012924,0.3326,0.6057,0.2286,0.133,0.3409,0.4244,2026-06
CUST1012925,0.271,0.3124,0.4865,0.2438,0.2612,0.5508999999999999,2026-06
CUST1012926,0.3551,0.4982,0.4496,0.1681,0.4476,0.4449,2026-06
CUST1012927,0.507,0.3596,0.3499,0.1326,0.2996,0.5033,2026-06
CUST1012928,0.3348,0.3626,0.3161,0.01,0.3355,0.393,2026-06
CUST1012929,0.4185,0.4287,0.3211,0.2054,0.3758,0.01,2026-06
CUST1012930,0.4545,0.3018,0.2952,0.3144,0.3326,0.6953,2026-06
CUST1012931,0.6588000000000001,0.4355,0.5187,0.1786,0.4516,0.3701,2026-06
CUST1012932,0.2898,0.197,0.2929,0.1415,0.2018,0.1047,2026-06
CUST1012933,0.4309,0.4381,0.3582,0.1386,0.4312,0.2972,2026-06
CUST1012934,0.5285,0.5387999999999999,0.2869,0.2283,0.3753,0.4814,2026-06
CUST1012935,0.5123,0.5956,0.0659,0.1649,0.2045,0.4929,2026-06
CUST1012936,0.08400000000000001,0.2634,0.0372,0.2213,0.6089,0.3138,2026-06
CUST1012937,0.2218,0.5803,0.469,0.1863,0.3665,0.3355,2026-06
CUST1012938,0.4064,0.4831,0.325,0.1928,0.3022,0.3679,2026-06
CUST1012939,0.3703,0.5779,0.3178,0.1795,0.3263,0.4941,2026-06
CUST1012940,0.3615,0.4595,0.4845,0.01,0.3034,0.7053,2026-06
CUST1012941,0.3765,0.4953,0.5842000000000001,0.1144,0.4047,0.3487,2026-06
CUST1012942,0.2306,0.1498,0.0354,0.2929,0.3021,0.2499,2026-06
CUST1012943,0.1283,0.3988,0.06320000000000001,0.1489,0.1188,0.06270000000000001,2026-06
CUST1012944,0.1825,0.3731,0.0595,0.1902,0.262,0.1638,2026-06
CUST1012945,0.3505,0.448,0.4743,0.2247,0.3375,0.6425999999999999,2026-06
CUST1012946,0.4437,0.3477,0.5067,0.2233,0.4868,0.4206,2026-06
CUST1012947,0.4851,0.6795,0.2077,0.2172,0.3322,0.257,2026-06
CUST1012948,0.5321,0.3469,0.5538,0.3097,0.4366,0.4186,2026-06
CUST1012949,0.4145,0.3285,0.318,0.2961,0.3704,0.5684,2026-06
CUST1012950,0.4036,0.574,0.494,0.0234,0.4809,0.7241,2026-06
CUST1012951,0.1682,0.2087,0.1873,0.2609,0.4674,0.2703,2026-06
CUST1012952,0.3098,0.2947,0.3806,0.1211,0.2237,0.4803,2026-06
CUST1012953,0.3741,0.6178,0.1318,0.0916,0.2474,0.4593,2026-06
CUST1012954,0.4199,0.4531,0.5097,0.1939,0.3827,0.5333,2026-06
CUST1012955,0.5305,0.5129,0.4744,0.2226,0.3841,0.5562,2026-06
CUST1012956,0.117,0.274,0.3439,0.1804,0.2336,0.581,2026-06
CUST1012957,0.2418,0.3148,0.1295,0.6062,0.322,0.2929,2026-06
CUST1012958,0.4394,0.592,0.2745,0.2627,0.4387,0.3408,2026-06
CUST1012959,0.292,0.1069,0.2356,0.1956,0.2745,0.0892,2026-06
CUST1012960,0.174,0.4913,0.1639,0.2556,0.0443,0.0577,2026-06
CUST1012961,0.3026,0.5041,0.1418,0.2872,0.3311,0.4677,2026-06
CUST1012962,0.1384,0.7091,0.6682,0.1451,0.4207,0.4607,2026-06
CUST1012963,0.5033,0.7125,0.3478,0.3055,0.1762,0.5179,2026-06
CUST1012964,0.2269,0.2862,0.0453,0.06900000000000001,0.3317,0.1291,2026-06
CUST1012965,0.247,0.6671,0.3782,0.5898,0.1583,0.3811,2026-06
CUST1012966,0.1328,0.6686,0.2494,0.2749,0.3098,0.5339,2026-06
CUST1012967,0.2163,0.4126,0.4751,0.1972,0.3336,0.3608,2026-06
CUST1012968,0.4107,0.667,0.2343,0.5948,0.2786,0.236,2026-06
CUST1012969,0.2066,0.3047,0.5017,0.1236,0.3165,0.5479000000000001,2026-06
CUST1012970,0.6074000000000001,0.4995,0.3613,0.2461,0.319,0.3917,2026-06
CUST1012971,0.2179,0.5610000000000001,0.4163,0.1599,0.3701,0.4781,2026-06
CUST1012972,0.2888,0.5636,0.1435,0.1025,0.21,0.2656,2026-06
CUST1012973,0.656,0.3698,0.6291,0.01,0.2388,0.4458,2026-06
CUST1012974,0.5006,0.5904,0.4097,0.2976,0.2239,0.5064,2026-06
CUST1012975,0.1614,0.4132,0.4265,0.191,0.4909,0.6761,2026-06
CUST1012976,0.3541,0.2044,0.3265,0.2431,0.4504,0.1685,2026-06
CUST1012977,0.4057,0.3707,0.4509,0.2992,0.3815,0.7324000000000001,2026-06
CUST1012978,0.3187,0.4569,0.1274,0.01,0.5926,0.4894,2026-06
CUST1012979,0.202,0.4031,0.1566,0.121,0.4132,0.5387999999999999,2026-06
CUST1012980,0.3431,0.4467,0.01,0.1919,0.3424,0.1893,2026-06
CUST1012981,0.3751,0.2804,0.1765,0.2902,0.2938,0.1159,2026-06
CUST1012982,0.6282,0.7082000000000001,0.5159,0.2807,0.3485,0.7431,2026-06
CUST1012983,0.1424,0.1974,0.2646,0.1431,0.4187,0.2634,2026-06
CUST1012984,0.2372,0.6921,0.1279,0.2188,0.3395,0.579,2026-06
CUST1012985,0.2654,0.362,0.01,0.2323,0.1462,0.2478,2026-06
CUST1012986,0.3599,0.5941,0.4038,0.2145,0.3599,0.3822,2026-06
CUST1012987,0.3666,0.6251,0.1753,0.0883,0.2666,0.3063,2026-06
CUST1012988,0.3216,0.639,0.5827,0.207,0.2793,0.4039,2026-06
CUST1012989,0.3371,0.6366000000000001,0.3099,0.2343,0.2019,0.3957,2026-06
CUST1012990,0.4755,0.4688,0.3963,0.1949,0.458,0.4105,2026-06
CUST1012991,0.4731,0.6705,0.4247,0.1499,0.3484,0.4138,2026-06
CUST1012992,0.1705,0.2958,0.01,0.1684,0.07489999999999999,0.2491,2026-06
CUST1012993,0.3533,0.4548,0.4581,0.1479,0.5242,0.3219,2026-06
CUST1012994,0.4465,0.6985,0.3615,0.108,0.1941,0.4664,2026-06
CUST1012995,0.2314,0.3061,0.2112,0.1746,0.2391,0.2833,2026-06
CUST1012996,0.2739,0.7752,0.2482,0.1285,0.3541,0.4734,2026-06
CUST1012997,0.532,0.5785,0.5452,0.1265,0.2528,0.3799,2026-06
CUST1012998,0.5133,0.6695,0.12,0.1196,0.3816,0.4199,2026-06
CUST1012999,0.4637,0.6582,0.2049,0.0784,0.2564,0.4357,2026-06
CUST1013000,0.08939999999999999,0.5263,0.1265,0.2065,0.181,0.341,2026-06
CUST1013001,0.2381,0.43,0.5122,0.0897,0.3535,0.3277,2026-06
CUST1013002,0.4431,0.3138,0.2343,0.01,0.2819,0.1567,2026-06
CUST1013003,0.3941,0.7268,0.4517,0.08459999999999999,0.2067,0.4563,2026-06
CUST1013004,0.1975,0.523,0.4076,0.01,0.4293,0.5014,2026-06
CUST1013005,0.4735,0.4899,0.3379,0.2113,0.2138,0.4665,2026-06
CUST1013006,0.3835,0.2587,0.2222,0.397,0.1922,0.2007,2026-06
CUST1013007,0.2824,0.4368,0.1109,0.1171,0.5561,0.336,2026-06
CUST1013008,0.2749,0.4225,0.01,0.0301,0.3387,0.2272,2026-06
CUST1013009,0.2552,0.3782,0.0303,0.1443,0.2301,0.1853,2026-06
CUST1013010,0.405,0.3376,0.3924,0.5023,0.1871,0.6088,2026-06
CUST1013011,0.2957,0.2784,0.01,0.1623,0.3671,0.1196,2026-06
CUST1013012,0.4572,0.426,0.5518999999999999,0.205,0.4002,0.6591,2026-06
CUST1013013,0.2902,0.3617,0.5877,0.2145,0.4756,0.5256,2026-06
CUST1013014,0.5385,0.5041,0.5138,0.1071,0.2849,0.2969,2026-06
CUST1013015,0.4275,0.3367,0.4596,0.3494,0.4782,0.2615,2026-06
CUST1013016,0.1103,0.2582,0.2761,0.1486,0.5851,0.1426,2026-06
CUST1013017,0.3654,0.5949,0.1133,0.5502,0.2447,0.2671,2026-06
CUST1013018,0.4927,0.6084000000000001,0.1357,0.2306,0.0629,0.1692,2026-06
CUST1013019,0.2081,0.5404,0.3923,0.183,0.3879,0.4609,2026-06
CUST1013020,0.2585,0.1566,0.138,0.1872,0.3518,0.0906,2026-06
CUST1013021,0.024,0.1787,0.01,0.1989,0.3774,0.2221,2026-06
CUST1013022,0.4272,0.3902,0.3262,0.1302,0.1539,0.4869,2026-06
CUST1013023,0.2568,0.7271,0.3552,0.1819,0.2063,0.5531,2026-06
CUST1013024,0.362,0.4289,0.5224,0.5268,0.2971,0.3642,2026-06
CUST1013025,0.3304,0.2245,0.1647,0.0342,0.238,0.1115,2026-06
CUST1013026,0.4392,0.5118,0.384,0.1909,0.4444,0.5562,2026-06
CUST1013027,0.4099,0.6316000000000001,0.1843,0.2693,0.2455,0.453,2026-06
CUST1013028,0.4945,0.3522,0.4422,0.2556,0.3796,0.5666,2026-06
CUST1013029,0.5485,0.7345,0.2429,0.0452,0.2396,0.5249,2026-06
CUST1013030,0.3752,0.3583,0.4986,0.4622,0.2545,0.3177,2026-06
CUST1013031,0.4751,0.5871,0.2244,0.1346,0.275,0.411,2026-06
CUST1013032,0.3951,0.6124000000000001,0.1956,0.062,0.2992,0.4114,2026-06
CUST1013033,0.2321,0.2379,0.3881,0.1255,0.4451,0.2231,2026-06
CUST1013034,0.2201,0.144,0.3455,0.01,0.4181,0.0868,2026-06
CUST1013035,0.1946,0.5058,0.4006,0.0759,0.3508,0.0281,2026-06
CUST1013036,0.4407,0.1881,0.4167,0.5867,0.412,0.4941,2026-06
CUST1013037,0.2161,0.2656,0.5135,0.0742,0.3369,0.4265,2026-06
CUST1013038,0.4044,0.4092,0.3153,0.1602,0.4892,0.3243,2026-06
CUST1013039,0.2724,0.0897,0.2996,0.1216,0.4742,0.2246,2026-06
CUST1013040,0.5046,0.4879,0.3109,0.1791,0.4129,0.782,2026-06
CUST1013041,0.4443,0.5828,0.2836,0.09859999999999999,0.4964,0.6749000000000001,2026-06
CUST1013042,0.2082,0.1142,0.3789,0.3433,0.58,0.0483,2026-06
CUST1013043,0.4853,0.6181,0.4792,0.1471,0.2769,0.4174,2026-06
CUST1013044,0.1638,0.3073,0.1663,0.1555,0.3343,0.01,2026-06
CUST1013045,0.4853,0.6205000000000001,0.4696,0.1972,0.3109,0.4981,2026-06
CUST1013046,0.3021,0.381,0.2956,0.1016,0.5266999999999999,0.1487,2026-06
CUST1013047,0.3738,0.5143,0.0835,0.3123,0.199,0.1226,2026-06
CUST1013048,0.1798,0.2487,0.08550000000000001,0.07140000000000001,0.1518,0.0544,2026-06
CUST1013049,0.3786,0.5588,0.4723,0.2051,0.3269,0.5898,2026-06
CUST1013050,0.1931,0.3125,0.3026,0.2546,0.5915,0.3643,2026-06
CUST1013051,0.1538,0.419,0.01,0.1749,0.5331,0.09370000000000001,2026-06
CUST1013052,0.2657,0.4929,0.4356,0.2539,0.453,0.5461,2026-06
CUST1013053,0.2564,0.5536,0.2402,0.5309,0.1781,0.2818,2026-06
CUST1013054,0.2865,0.6263,0.2164,0.2475,0.2761,0.3904,2026-06
CUST1013055,0.4832,0.5718,0.324,0.1465,0.3734,0.4465,2026-06
CUST1013056,0.2446,0.5682,0.1269,0.1335,0.3255,0.3376,2026-06
CUST1013057,0.5361,0.4292,0.3815,0.1395,0.6206,0.1547,2026-06
CUST1013058,0.1802,0.6404,0.2715,0.3064,0.3275,0.5007,2026-06
CUST1013059,0.2528,0.6714,0.2943,0.1744,0.3158,0.4427,2026-06
CUST1013060,0.4184,0.2783,0.3474,0.2951,0.2813,0.2381,2026-06
CUST1013061,0.3084,0.6984,0.2578,0.1996,0.2303,0.393,2026-06
CUST1013062,0.1928,0.5066000000000001,0.01,0.2357,0.315,0.0277,2026-06
CUST1013063,0.1577,0.2425,0.107,0.1196,0.2862,0.3274,2026-06
CUST1013064,0.2684,0.4134,0.4255,0.213,0.5134,0.3096,2026-06
CUST1013065,0.2258,0.2347,0.2984,0.4879,0.2868,0.5691000000000001,2026-06
CUST1013066,0.4586,0.5446,0.2517,0.1703,0.2948,0.3722,2026-06
CUST1013067,0.3681,0.5245,0.2557,0.2844,0.2353,0.4098,2026-06
CUST1013068,0.2968,0.4782,0.1941,0.2528,0.3383,0.4251,2026-06
CUST1013069,0.105,0.1521,0.01,0.1376,0.4903,0.0543,2026-06
CUST1013070,0.5764,0.4209,0.3508,0.4321,0.2504,0.667,2026-06
CUST1013071,0.2071,0.5528999999999999,0.2318,0.3933,0.2253,0.5414,2026-06
CUST1013072,0.1166,0.4036,0.4706,0.1567,0.2925,0.2812,2026-06
CUST1013073,0.19,0.4045,0.4128,0.2255,0.3932,0.5736,2026-06
CUST1013074,0.5261,0.5001,0.2594,0.101,0.3345,0.4163,2026-06
CUST1013075,0.226,0.4591,0.3905,0.6263,0.3387,0.4547,2026-06
CUST1013076,0.5162,0.6215000000000001,0.2057,0.1491,0.3583,0.4833,2026-06
CUST1013077,0.4487,0.3811,0.3305,0.2098,0.3195,0.2853,2026-06
CUST1013078,0.2424,0.1968,0.2861,0.1521,0.285,0.0665,2026-06
CUST1013079,0.1928,0.4125,0.01,0.2065,0.3948,0.1529,2026-06
CUST1013080,0.3866,0.4408,0.1929,0.1809,0.2198,0.01,2026-06
CUST1013081,0.2592,0.5096000000000001,0.4231,0.276,0.4302,0.3744,2026-06
CUST1013082,0.1257,0.2892,0.4076,0.2586,0.4502,0.655,2026-06
CUST1013083,0.4541,0.2333,0.4888,0.1402,0.3494,0.391,2026-06
CUST1013084,0.3544,0.3863,0.4524,0.1004,0.4406,0.5615,2026-06
CUST1013085,0.5537,0.5292,0.3298,0.3641,0.5318000000000001,0.4563,2026-06
CUST1013086,0.2412,0.4381,0.5198,0.1543,0.4016,0.6526999999999999,2026-06
CUST1013087,0.4513,0.4865,0.2876,0.108,0.4635,0.2662,2026-06
CUST1013088,0.3204,0.2432,0.021,0.1645,0.3161,0.3054,2026-06
CUST1013089,0.4989,0.5589,0.479,0.1642,0.289,0.4619,2026-06
CUST1013090,0.3343,0.5868,0.4655,0.1382,0.3763,0.3307,2026-06
CUST1013091,0.4152,0.3986,0.5217000000000001,0.1631,0.5886,0.3776,2026-06
CUST1013092,0.2471,0.4317,0.4077,0.1712,0.5294,0.5324,2026-06
CUST1013093,0.3908,0.5846,0.1973,0.2619,0.1938,0.4714,2026-06
CUST1013094,0.5783,0.6055,0.4133,0.1883,0.1193,0.515,2026-06
CUST1013095,0.3765,0.4316,0.3732,0.2654,0.3981,0.4967,2026-06
CUST1013096,0.4889,0.4698,0.0154,0.2247,0.2437,0.1548,2026-06
CUST1013097,0.3646,0.3004,0.5475,0.1297,0.123,0.4959,2026-06
CUST1013098,0.3217,0.7143,0.1435,0.1055,0.0289,0.25,2026-06
CUST1013099,0.5246,0.3534,0.3903,0.3334,0.5798,0.5564,2026-06
CUST1013100,0.5206,0.3814,0.4975,0.5098,0.4315,0.3029,2026-06
CUST1013101,0.2333,0.1983,0.1827,0.1758,0.5286,0.2481,2026-06
CUST1013102,0.3857,0.2922,0.4074,0.356,0.3889,0.2967,2026-06
CUST1013103,0.5132,0.6812,0.4259,0.07729999999999999,0.5222,0.5285,2026-06
CUST1013104,0.4155,0.3186,0.01,0.1029,0.1876,0.2456,2026-06
CUST1013105,0.2323,0.1566,0.2024,0.1835,0.4206,0.1543,2026-06
CUST1013106,0.6098,0.3895,0.358,0.2663,0.3439,0.5944,2026-06
CUST1013107,0.3376,0.6516,0.3739,0.2777,0.2882,0.5405,2026-06
CUST1013108,0.4779,0.3992,0.2479,0.1224,0.5406,0.4553,2026-06
CUST1013109,0.4606,0.3213,0.4953,0.1049,0.1269,0.4973,2026-06
CUST1013110,0.2209,0.4735,0.4564,0.2557,0.3696,0.3625,2026-06
CUST1013111,0.383,0.652,0.2914,0.1231,0.4026,0.6411,2026-06
CUST1013112,0.365,0.5596,0.0998,0.08,0.3647,0.294,2026-06
CUST1013113,0.2453,0.3995,0.3192,0.1105,0.347,0.4363,2026-06
CUST1013114,0.3098,0.2578,0.2287,0.0521,0.5095,0.2763,2026-06
CUST1013115,0.2347,0.496,0.1759,0.2425,0.2302,0.3686,2026-06
CUST1013116,0.5616,0.6407,0.4239,0.1339,0.1471,0.4748,2026-06
CUST1013117,0.2554,0.5847,0.0814,0.2212,0.5583,0.4566,2026-06
CUST1013118,0.3135,0.0912,0.1118,0.1391,0.3658,0.3575,2026-06
CUST1013119,0.4518,0.3243,0.4576,0.0877,0.3848,0.2573,2026-06
CUST1013120,0.3506,0.4541,0.01,0.1806,0.339,0.21,2026-06
CUST1013121,0.122,0.4435,0.4024,0.0765,0.4434,0.6579,2026-06
CUST1013122,0.3206,0.3061,0.2988,0.1124,0.3478,0.4224,2026-06
CUST1013123,0.4291,0.5637,0.3561,0.1269,0.296,0.3555,2026-06
CUST1013124,0.1422,0.119,0.1527,0.1264,0.4581,0.01,2026-06
CUST1013125,0.3836,0.3567,0.4475,0.1205,0.3887,0.4506,2026-06
CUST1013126,0.2659,0.0393,0.4283,0.1962,0.5867,0.1636,2026-06
CUST1013127,0.4056,0.226,0.2967,0.2676,0.4065,0.2046,2026-06
CUST1013128,0.2518,0.2533,0.2696,0.1555,0.5198,0.284,2026-06
CUST1013129,0.3577,0.7858000000000001,0.149,0.1583,0.3673,0.4544,2026-06
CUST1013130,0.2877,0.3805,0.2673,0.6661,0.1289,0.1411,2026-06
CUST1013131,0.0759,0.2145,0.01,0.2096,0.3655,0.1308,2026-06
CUST1013132,0.4093,0.6415,0.2262,0.0529,0.2888,0.4573,2026-06
CUST1013133,0.2762,0.6284999999999999,0.1402,0.6401,0.1098,0.556,2026-06
CUST1013134,0.2727,0.4951,0.3611,0.5377,0.1329,0.2602,2026-06
CUST1013135,0.3009,0.6826,0.2791,0.3505,0.2971,0.3073,2026-06
CUST1013136,0.3768,0.4317,0.08550000000000001,0.6943,0.1633,0.1807,2026-06
CUST1013137,0.2953,0.3455,0.3149,0.2105,0.5013,0.5291,2026-06
CUST1013138,0.2982,0.3238,0.0575,0.243,0.1662,0.2335,2026-06
CUST1013139,0.2832,0.6432,0.2973,0.1828,0.3952,0.4088,2026-06
CUST1013140,0.4431,0.5215,0.3861,0.3188,0.2286,0.4051,2026-06
CUST1013141,0.406,0.4834,0.2049,0.2064,0.3734,0.2299,2026-06
CUST1013142,0.273,0.2529,0.1147,0.0814,0.2878,0.0396,2026-06
CUST1013143,0.2679,0.4503,0.0973,0.1644,0.4046,0.1553,2026-06
CUST1013144,0.2459,0.5242,0.1433,0.29,0.2892,0.3289,2026-06
CUST1013145,0.476,0.3591,0.0649,0.2991,0.6502,0.0828,2026-06
CUST1013146,0.2488,0.6258,0.2308,0.1042,0.2007,0.4167,2026-06
CUST1013147,0.2617,0.4174,0.3774,0.2695,0.2826,0.2631,2026-06
CUST1013148,0.4417,0.4635,0.4612,0.1895,0.4427,0.7101,2026-06
CUST1013149,0.3932,0.639,0.46,0.3101,0.3799,0.2842,2026-06
CUST1013150,0.3726,0.5415,0.4383,0.1802,0.5923,0.518,2026-06
CUST1013151,0.5415,0.5206,0.3239,0.0113,0.4448,0.5492,2026-06
CUST1013152,0.2516,0.4845,0.5088,0.1605,0.4412,0.3988,2026-06
CUST1013153,0.3099,0.7071,0.1805,0.2355,0.2559,0.3945,2026-06
CUST1013154,0.4719,0.387,0.1169,0.1861,0.1749,0.2712,2026-06
CUST1013155,0.4174,0.4278,0.212,0.07389999999999999,0.413,0.0859,2026-06
CUST1013156,0.4406,0.4817,0.3664,0.0997,0.4355,0.438,2026-06
CUST1013157,0.3685,0.4619,0.4341,0.1623,0.3357,0.3337,2026-06
CUST1013158,0.3312,0.6573,0.3412,0.01,0.4381,0.3755,2026-06
CUST1013159,0.2388,0.379,0.3771,0.2238,0.5058,0.4666,2026-06
CUST1013160,0.3544,0.5354,0.313,0.1741,0.3307,0.1285,2026-06
CUST1013161,0.1086,0.513,0.1357,0.3287,0.2274,0.2733,2026-06
CUST1013162,0.1798,0.268,0.0886,0.2152,0.3874,0.1957,2026-06
CUST1013163,0.1226,0.1412,0.01,0.1202,0.6482,0.3746,2026-06
CUST1013164,0.3278,0.7411,0.1983,0.2717,0.2093,0.4991,2026-06
CUST1013165,0.1187,0.4305,0.1426,0.2125,0.289,0.5983000000000001,2026-06
CUST1013166,0.4374,0.5621,0.4577,0.148,0.3065,0.6039,2026-06
CUST1013167,0.5047,0.5272,0.3421,0.173,0.3005,0.4752,2026-06
CUST1013168,0.293,0.4762,0.2304,0.2254,0.2125,0.1092,2026-06
CUST1013169,0.4207,0.4444,0.4248,0.199,0.4108,0.5426,2026-06
CUST1013170,0.3898,0.5347,0.2469,0.2954,0.5314,0.4967,2026-06
CUST1013171,0.3363,0.1985,0.3632,0.01,0.2576,0.08799999999999999,2026-06
CUST1013172,0.1705,0.2395,0.0474,0.3365,0.3531,0.1614,2026-06
CUST1013173,0.2944,0.4617,0.428,0.167,0.3192,0.2435,2026-06
CUST1013174,0.2109,0.3035,0.1859,0.1684,0.5007,0.1606,2026-06
CUST1013175,0.2893,0.4518,0.4196,0.1599,0.5933,0.3598,2026-06
CUST1013176,0.3274,0.4266,0.2945,0.191,0.2167,0.4557,2026-06
CUST1013177,0.2655,0.7007,0.2016,0.3182,0.2858,0.3337,2026-06
CUST1013178,0.4292,0.5449000000000001,0.3245,0.2386,0.2401,0.7418,2026-06
CUST1013179,0.4135,0.3398,0.1623,0.08599999999999999,0.3778,0.1767,2026-06
CUST1013180,0.366,0.4311,0.3273,0.1202,0.2294,0.4944,2026-06
CUST1013181,0.2494,0.5393,0.3269,0.2783,0.1683,0.5057,2026-06
CUST1013182,0.2569,0.1818,0.1724,0.1234,0.4153,0.1845,2026-06
CUST1013183,0.2836,0.3857,0.4664,0.01,0.4167,0.51,2026-06
CUST1013184,0.4858,0.2167,0.2611,0.0333,0.3117,0.441,2026-06
CUST1013185,0.3175,0.4232,0.4659,0.0429,0.3629,0.3154,2026-06
CUST1013186,0.6005,0.4526,0.1098,0.1232,0.38,0.1741,2026-06
CUST1013187,0.4584,0.5573,0.1539,0.3809,0.2721,0.5397999999999999,2026-06
CUST1013188,0.4767,0.197,0.3769,0.5891,0.4908,0.3602,2026-06
CUST1013189,0.2112,0.5678,0.36,0.2546,0.3132,0.5016,2026-06
CUST1013190,0.3635,0.456,0.1707,0.2839,0.2937,0.4187,2026-06
CUST1013191,0.5289,0.5673,0.3778,0.2076,0.2528,0.3591,2026-06
CUST1013192,0.3141,0.5387999999999999,0.3478,0.1342,0.2794,0.6393,2026-06
CUST1013193,0.1903,0.3143,0.3293,0.1955,0.1909,0.6752,2026-06
CUST1013194,0.2681,0.6655,0.2618,0.1579,0.178,0.2403,2026-06
CUST1013195,0.5551,0.3116,0.3465,0.1314,0.7887999999999999,0.3363,2026-06
CUST1013196,0.3761,0.2813,0.3286,0.1555,0.3634,0.2505,2026-06
CUST1013197,0.2753,0.6143,0.3913,0.1357,0.1711,0.6212,2026-06
CUST1013198,0.1157,0.4872,0.2734,0.2556,0.4165,0.3385,2026-06
CUST1013199,0.4049,0.7824,0.2999,0.1066,0.2622,0.5517,2026-06
CUST1013200,0.5087,0.7792,0.4212,0.1765,0.2277,0.4177,2026-06
CUST1013201,0.0356,0.3686,0.2831,0.5590000000000001,0.257,0.5282,2026-06
CUST1013202,0.5275,0.4497,0.4021,0.3506,0.5158,0.5947,2026-06
CUST1013203,0.1274,0.3511,0.198,0.2122,0.3193,0.1574,2026-06
CUST1013204,0.4468,0.213,0.4494,0.3367,0.2779,0.4549,2026-06
CUST1013205,0.1676,0.3283,0.3078,0.187,0.2891,0.4181,2026-06
CUST1013206,0.4109,0.5725,0.4952,0.2265,0.253,0.5996,2026-06
CUST1013207,0.1535,0.7379,0.3223,0.0693,0.3092,0.7314000000000001,2026-06
CUST1013208,0.549,0.6132,0.4196,0.2185,0.2271,0.7112000000000001,2026-06
CUST1013209,0.3672,0.2712,0.3029,0.094,0.2109,0.0535,2026-06
CUST1013210,0.2203,0.3128,0.1736,0.1834,0.1827,0.1456,2026-06
CUST1013211,0.3327,0.4228,0.5443,0.3642,0.6706,0.3054,2026-06
CUST1013212,0.3227,0.2084,0.242,0.1755,0.2712,0.1889,2026-06
CUST1013213,0.5092,0.5047,0.5543,0.2573,0.4124,0.2322,2026-06
CUST1013214,0.182,0.4801,0.4858,0.1877,0.3728,0.425,2026-06
CUST1013215,0.3291,0.6593,0.186,0.1294,0.2871,0.4306,2026-06
CUST1013216,0.6005,0.3784,0.4341,0.3141,0.5165,0.4418,2026-06
CUST1013217,0.2597,0.3024,0.5217000000000001,0.076,0.4054,0.2369,2026-06
CUST1013218,0.3236,0.4673,0.01,0.3363,0.3389,0.1391,2026-06
CUST1013219,0.3163,0.3067,0.1585,0.1524,0.538,0.1531,2026-06
CUST1013220,0.2174,0.6404,0.1945,0.2404,0.1758,0.4684,2026-06
CUST1013221,0.208,0.3843,0.1727,0.09080000000000001,0.3671,0.3962,2026-06
CUST1013222,0.5024,0.4879,0.4368,0.168,0.4156,0.6865,2026-06
CUST1013223,0.2885,0.01,0.369,0.0464,0.484,0.2491,2026-06
CUST1013224,0.3388,0.3793,0.4251,0.06900000000000001,0.4057,0.3577,2026-06
CUST1013225,0.3144,0.3772,0.345,0.1893,0.3237,0.3922,2026-06
CUST1013226,0.4943,0.4826,0.199,0.227,0.1928,0.2637,2026-06
CUST1013227,0.3037,0.369,0.4176,0.0844,0.2958,0.3989,2026-06
CUST1013228,0.2501,0.3579,0.1543,0.0745,0.255,0.1956,2026-06
CUST1013229,0.2802,0.3936,0.3403,0.1825,0.3333,0.3931,2026-06
CUST1013230,0.4524,0.5306,0.4407,0.2357,0.2558,0.6109,2026-06
CUST1013231,0.2056,0.5145,0.5349,0.036,0.4302,0.5829,2026-06
CUST1013232,0.1148,0.3974,0.01,0.1186,0.2625,0.2339,2026-06
CUST1013233,0.223,0.0183,0.0192,0.07630000000000001,0.4522,0.1934,2026-06
CUST1013234,0.461,0.4987,0.3153,0.0471,0.3436,0.2163,2026-06
CUST1013235,0.5082,0.7026,0.2979,0.1467,0.2783,0.3841,2026-06
CUST1013236,0.4549,0.6863,0.4287,0.1042,0.178,0.2412,2026-06
CUST1013237,0.2636,0.0702,0.0873,0.1918,0.3458,0.1685,2026-06
CUST1013238,0.3044,0.3487,0.3946,0.2683,0.2893,0.4186,2026-06
CUST1013239,0.5181,0.4887,0.3777,0.1641,0.3915,0.4367,2026-06
CUST1013240,0.52,0.2755,0.4649,0.1926,0.3006,0.4754,2026-06
CUST1013241,0.6096,0.3999,0.2039,0.2019,0.2784,0.01,2026-06
CUST1013242,0.3732,0.3079,0.1761,0.0655,0.3244,0.1147,2026-06
CUST1013243,0.06850000000000001,0.2878,0.01,0.1985,0.2313,0.0527,2026-06
CUST1013244,0.4695,0.6454,0.5685,0.01,0.3563,0.5842000000000001,2026-06
CUST1013245,0.2079,0.3303,0.01,0.1657,0.4217,0.2805,2026-06
CUST1013246,0.1956,0.2022,0.185,0.1893,0.3622,0.0888,2026-06
CUST1013247,0.3753,0.493,0.4328,0.1324,0.238,0.6794,2026-06
CUST1013248,0.2093,0.4782,0.4494,0.1594,0.2461,0.4809,2026-06
CUST1013249,0.31,0.5814,0.2099,0.1275,0.2454,0.2757,2026-06
CUST1013250,0.3014,0.3101,0.2591,0.1044,0.4839,0.4032,2026-06
CUST1013251,0.2722,0.0443,0.3001,0.6492,0.2027,0.0353,2026-06
CUST1013252,0.4071,0.3626,0.4382,0.1138,0.429,0.5077,2026-06
CUST1013253,0.4028,0.5288,0.3719,0.2098,0.4045,0.4117,2026-06
CUST1013254,0.3094,0.5652,0.1898,0.1696,0.2643,0.4241,2026-06
CUST1013255,0.315,0.5527,0.3613,0.1224,0.4172,0.2681,2026-06
CUST1013256,0.5805,0.6392,0.2045,0.1964,0.224,0.417,2026-06
CUST1013257,0.3987,0.4221,0.3245,0.256,0.2187,0.4248,2026-06
CUST1013258,0.5925,0.1909,0.2759,0.0926,0.3338,0.1735,2026-06
CUST1013259,0.5354,0.4789,0.216,0.1453,0.3597,0.428,2026-06
CUST1013260,0.3261,0.6857,0.1793,0.2069,0.26,0.5906,2026-06
CUST1013261,0.4574,0.5524,0.2157,0.0602,0.313,0.2216,2026-06
CUST1013262,0.3457,0.2618,0.3105,0.197,0.5442,0.2236,2026-06
CUST1013263,0.3829,0.3239,0.354,0.5107,0.3653,0.3733,2026-06
CUST1013264,0.44,0.2202,0.0617,0.497,0.3409,0.01,2026-06
CUST1013265,0.1643,0.2628,0.0956,0.1756,0.2561,0.0905,2026-06
CUST1013266,0.2658,0.2412,0.2873,0.3779,0.1433,0.3111,2026-06
CUST1013267,0.01,0.4028,0.2014,0.1719,0.5709,0.224,2026-06
CUST1013268,0.3355,0.3799,0.2367,0.0917,0.5407,0.3408,2026-06
CUST1013269,0.3041,0.5421,0.3392,0.1248,0.4512,0.5174,2026-06
CUST1013270,0.5812,0.256,0.1536,0.3039,0.2642,0.0532,2026-06
CUST1013271,0.3416,0.3039,0.349,0.0599,0.1918,0.0843,2026-06
CUST1013272,0.2114,0.3696,0.2443,0.2544,0.4029,0.4124,2026-06
CUST1013273,0.2694,0.2539,0.1613,0.168,0.2737,0.2683,2026-06
CUST1013274,0.6526,0.5843,0.3152,0.2368,0.322,0.4894,2026-06
CUST1013275,0.2068,0.4721,0.4517,0.0818,0.3967,0.8377,2026-06
CUST1013276,0.2231,0.6182,0.3465,0.1394,0.215,0.3275,2026-06
CUST1013277,0.5384,0.3565,0.4856,0.0319,0.3844,0.3339,2026-06
CUST1013278,0.5998,0.3042,0.3341,0.2004,0.6808999999999999,0.5296,2026-06
CUST1013279,0.2585,0.1121,0.3292,0.231,0.318,0.1106,2026-06
CUST1013280,0.1829,0.6515,0.2676,0.06850000000000001,0.3889,0.6643,2026-06
CUST1013281,0.3693,0.3928,0.3959,0.5812,0.3659,0.378,2026-06
CUST1013282,0.1526,0.3913,0.2138,0.01,0.6262,0.5177,2026-06
CUST1013283,0.42,0.3792,0.082,0.0699,0.2355,0.2086,2026-06
CUST1013284,0.6702,0.547,0.3627,0.1962,0.4675,0.381,2026-06
CUST1013285,0.2821,0.1142,0.3949,0.1449,0.1864,0.1158,2026-06
CUST1013286,0.3667,0.4993,0.44,0.09810000000000001,0.4057,0.4117,2026-06
CUST1013287,0.1017,0.269,0.01,0.2669,0.2006,0.1499,2026-06
CUST1013288,0.3204,0.2322,0.1625,0.3679,0.2845,0.6304999999999999,2026-06
CUST1013289,0.2692,0.4818,0.251,0.2353,0.3319,0.4044,2026-06
CUST1013290,0.548,0.6899,0.3088,0.1862,0.0359,0.5815,2026-06
CUST1013291,0.1592,0.4361,0.08690000000000001,0.1285,0.3031,0.3203,2026-06
CUST1013292,0.2953,0.3391,0.3138,0.1274,0.5213,0.3587,2026-06
CUST1013293,0.4875,0.5401,0.3151,0.3173,0.3546,0.4231,2026-06
CUST1013294,0.4599,0.7694,0.399,0.0485,0.2385,0.5928,2026-06
CUST1013295,0.1207,0.4505,0.3951,0.2946,0.3412,0.6424,2026-06
CUST1013296,0.6095,0.5462,0.4149,0.186,0.4301,0.2977,2026-06
CUST1013297,0.5271,0.3245,0.3343,0.2622,0.4902,0.295,2026-06
CUST1013298,0.5435,0.2784,0.376,0.2577,0.3577,0.0425,2026-06
CUST1013299,0.3587,0.3726,0.6493,0.2409,0.308,0.738,2026-06
CUST1013300,0.4533,0.5669,0.2575,0.01,0.4722,0.2647,2026-06
CUST1013301,0.3838,0.1745,0.1065,0.1372,0.3413,0.2529,2026-06
CUST1013302,0.5349,0.5848,0.4375,0.2888,0.4443,0.6221,2026-06
CUST1013303,0.2788,0.3058,0.2913,0.1547,0.2957,0.3425,2026-06
CUST1013304,0.0124,0.7104,0.2718,0.1477,0.052,0.3985,2026-06
CUST1013305,0.3177,0.1531,0.1873,0.2182,0.3296,0.1129,2026-06
CUST1013306,0.5376,0.4618,0.5355,0.3756,0.1996,0.7149,2026-06
CUST1013307,0.2413,0.3147,0.2403,0.0363,0.3266,0.1104,2026-06
CUST1013308,0.4818,0.6813,0.5911,0.2785,0.4238,0.31,2026-06
CUST1013309,0.4861,0.5286,0.4794,0.0823,0.4032,0.4721,2026-06
CUST1013310,0.1426,0.3655,0.1994,0.1796,0.6468,0.3711,2026-06
CUST1013311,0.2269,0.3438,0.5489000000000001,0.2249,0.228,0.5306999999999999,2026-06
CUST1013312,0.3658,0.3886,0.01,0.2711,0.2992,0.153,2026-06
CUST1013313,0.2424,0.4444,0.196,0.1677,0.377,0.4024,2026-06
CUST1013314,0.1126,0.1798,0.2496,0.1691,0.4742,0.2861,2026-06
CUST1013315,0.08599999999999999,0.4837,0.1387,0.0896,0.4731,0.426,2026-06
CUST1013316,0.3779,0.5718,0.3512,0.0905,0.1084,0.4248,2026-06
CUST1013317,0.3137,0.1724,0.3706,0.5962,0.2315,0.2435,2026-06
CUST1013318,0.302,0.4499,0.278,0.3871,0.3691,0.4295,2026-06
CUST1013319,0.5212,0.4549,0.4256,0.132,0.2738,0.5465,2026-06
CUST1013320,0.1283,0.3424,0.3662,0.2334,0.4533,0.5112,2026-06
CUST1013321,0.3514,0.3206,0.3418,0.2661,0.3647,0.2947,2026-06
CUST1013322,0.1885,0.5285,0.3969,0.0432,0.2892,0.4463,2026-06
CUST1013323,0.5034999999999999,0.8022,0.3518,0.202,0.1726,0.3281,2026-06
CUST1013324,0.404,0.6516,0.3333,0.1746,0.5489000000000001,0.4468,2026-06
CUST1013325,0.4032,0.5883,0.4667,0.2458,0.2359,0.7834,2026-06
CUST1013326,0.3715,0.3582,0.01,0.2465,0.2273,0.1515,2026-06
CUST1013327,0.0407,0.591,0.1347,0.0408,0.4977,0.3006,2026-06
CUST1013328,0.3174,0.1962,0.2456,0.0339,0.3114,0.1774,2026-06
CUST1013329,0.297,0.5309,0.144,0.1752,0.2799,0.4552,2026-06
CUST1013330,0.4912,0.5113,0.5482,0.159,0.4084,0.5602,2026-06
CUST1013331,0.4453,0.4338,0.3299,0.1999,0.4941,0.5521,2026-06
CUST1013332,0.3052,0.3393,0.6022999999999999,0.2338,0.3662,0.5508999999999999,2026-06
CUST1013333,0.3154,0.3993,0.1661,0.1296,0.3821,0.1355,2026-06
CUST1013334,0.3776,0.3895,0.5853,0.1338,0.3472,0.3697,2026-06
CUST1013335,0.4803,0.159,0.2469,0.0888,0.4636,0.1134,2026-06
CUST1013336,0.2755,0.4791,0.3718,0.2914,0.4626,0.2918,2026-06
CUST1013337,0.6379,0.5138,0.4758,0.01,0.3179,0.3845,2026-06
CUST1013338,0.3099,0.4226,0.4121,0.1848,0.2254,0.2449,2026-06
CUST1013339,0.4544,0.4516,0.4368,0.1874,0.4525,0.3894,2026-06
CUST1013340,0.1778,0.1119,0.4185,0.1571,0.2764,0.1916,2026-06
CUST1013341,0.2414,0.6633,0.2709,0.3897,0.1897,0.3874,2026-06
CUST1013342,0.5068,0.2608,0.2016,0.3731,0.3781,0.2375,2026-06
CUST1013343,0.3676,0.5091,0.53,0.1235,0.4305,0.6808999999999999,2026-06
CUST1013344,0.1704,0.1674,0.0827,0.264,0.6124000000000001,0.0117,2026-06
CUST1013345,0.1723,0.3481,0.0616,0.281,0.09619999999999999,0.1256,2026-06
CUST1013346,0.3918,0.3814,0.1742,0.1538,0.4016,0.5237000000000001,2026-06
CUST1013347,0.3755,0.44,0.2447,0.1604,0.5362,0.4554,2026-06
CUST1013348,0.2831,0.4967,0.3608,0.3088,0.4416,0.25,2026-06
CUST1013349,0.0229,0.5865,0.147,0.3043,0.1944,0.343,2026-06
CUST1013350,0.3969,0.728,0.1791,0.2346,0.2473,0.3128,2026-06
CUST1013351,0.227,0.3261,0.3587,0.2249,0.2834,0.5564,2026-06
CUST1013352,0.1112,0.6371,0.033,0.3839,0.3266,0.3559,2026-06
CUST1013353,0.3193,0.785,0.2467,0.3546,0.1953,0.4105,2026-06
CUST1013354,0.5289,0.6205000000000001,0.3509,0.2388,0.3654,0.5668,2026-06
CUST1013355,0.3125,0.3269,0.0543,0.129,0.4321,0.01,2026-06
CUST1013356,0.3947,0.3946,0.3611,0.3093,0.6024,0.4227,2026-06
CUST1013357,0.1871,0.4616,0.063,0.3751,0.5155999999999999,0.0139,2026-06
CUST1013358,0.5163,0.5066000000000001,0.4432,0.2188,0.4867,0.4799,2026-06
CUST1013359,0.1983,0.3558,0.2581,0.0979,0.2509,0.1252,2026-06
CUST1013360,0.514,0.2949,0.3408,0.2698,0.3758,0.2315,2026-06
CUST1013361,0.3118,0.537,0.4893,0.1866,0.2636,0.4245,2026-06
CUST1013362,0.1433,0.4605,0.2289,0.101,0.3581,0.1082,2026-06
CUST1013363,0.3814,0.4135,0.3754,0.1199,0.3332,0.5643,2026-06
CUST1013364,0.2183,0.4556,0.01,0.1273,0.2234,0.2072,2026-06
CUST1013365,0.5734,0.2222,0.1575,0.0835,0.4996,0.2293,2026-06
CUST1013366,0.4575,0.2159,0.6212,0.044,0.4674,0.4892,2026-06
CUST1013367,0.5695,0.501,0.4749,0.2191,0.4325,0.5017,2026-06
CUST1013368,0.3915,0.4783,0.3639,0.1022,0.2976,0.4999,2026-06
CUST1013369,0.2349,0.1066,0.01,0.2006,0.3731,0.1565,2026-06
CUST1013370,0.4799,0.4378,0.3485,0.0815,0.6067,0.4293,2026-06
CUST1013371,0.4516,0.4857,0.1497,0.2777,0.2103,0.4187,2026-06
CUST1013372,0.3473,0.595,0.2878,0.1446,0.4907,0.3539,2026-06
CUST1013373,0.4453,0.4438,0.1666,0.1606,0.2307,0.2688,2026-06
CUST1013374,0.3667,0.546,0.3055,0.0814,0.267,0.6532,2026-06
CUST1013375,0.5891999999999999,0.7589,0.202,0.1959,0.1361,0.3977,2026-06
CUST1013376,0.3854,0.6379,0.415,0.1366,0.4467,0.3643,2026-06
CUST1013377,0.4736,0.7286,0.4555,0.2654,0.2851,0.6032,2026-06
CUST1013378,0.4844,0.5651,0.4339,0.3183,0.4387,0.6113,2026-06
CUST1013379,0.1343,0.1979,0.2729,0.1944,0.5692,0.3331,2026-06
CUST1013380,0.3663,0.4753,0.5229,0.1177,0.4126,0.423,2026-06
CUST1013381,0.5556,0.2854,0.1457,0.0987,0.4824,0.1872,2026-06
CUST1013382,0.228,0.295,0.2359,0.0462,0.3194,0.165,2026-06
CUST1013383,0.3454,0.2034,0.41,0.1878,0.3916,0.3031,2026-06
CUST1013384,0.3631,0.7743,0.169,0.2419,0.2507,0.3343,2026-06
CUST1013385,0.5306999999999999,0.5339,0.1969,0.1901,0.4117,0.3527,2026-06
CUST1013386,0.3709,0.4266,0.4808,0.1526,0.2913,0.3263,2026-06
CUST1013387,0.4642,0.4197,0.4606,0.01,0.4604,0.653,2026-06
CUST1013388,0.3623,0.4783,0.2139,0.2566,0.2382,0.103,2026-06
CUST1013389,0.1981,0.043,0.1878,0.0299,0.2733,0.2185,2026-06
CUST1013390,0.3547,0.6909,0.076,0.1682,0.2432,0.2972,2026-06
CUST1013391,0.2286,0.5669999999999999,0.3698,0.1158,0.235,0.3079,2026-06
CUST1013392,0.3933,0.631,0.2007,0.1268,0.3614,0.4499,2026-06
CUST1013393,0.4082,0.7584,0.2856,0.0999,0.3595,0.3557,2026-06
CUST1013394,0.5741000000000001,0.1315,0.2479,0.2415,0.3115,0.1407,2026-06
CUST1013395,0.2432,0.5339,0.154,0.1118,0.2469,0.3872,2026-06
CUST1013396,0.4946,0.7433999999999999,0.2665,0.2152,0.0276,0.4275,2026-06
CUST1013397,0.4076,0.6563,0.3969,0.0994,0.3955,0.502,2026-06
CUST1013398,0.6156,0.4581,0.01,0.3307,0.2957,0.2209,2026-06
CUST1013399,0.4183,0.4213,0.204,0.5301,0.1495,0.1517,2026-06
CUST1013400,0.1308,0.713,0.3733,0.1993,0.3648,0.4675,2026-06
CUST1013401,0.232,0.6462,0.2539,0.6123,0.2067,0.383,2026-06
CUST1013402,0.1475,0.4578,0.4611,0.2388,0.4466,0.3271,2026-06
CUST1013403,0.1991,0.2042,0.0287,0.1715,0.2053,0.3344,2026-06
CUST1013404,0.4262,0.4007,0.3176,0.1715,0.396,0.2939,2026-06
CUST1013405,0.4951,0.4393,0.0828,0.1324,0.4985,0.3181,2026-06
CUST1013406,0.2984,0.1051,0.2179,0.0854,0.2947,0.2794,2026-06
CUST1013407,0.5446,0.2844,0.3719,0.0983,0.3996,0.1397,2026-06
CUST1013408,0.2108,0.0896,0.2794,0.6296,0.4502,0.0504,2026-06
CUST1013409,0.4338,0.5032,0.4213,0.1978,0.296,0.5810999999999999,2026-06
CUST1013410,0.5098,0.2406,0.3517,0.3255,0.2339,0.0347,2026-06
CUST1013411,0.569,0.4338,0.2638,0.2167,0.3618,0.1366,2026-06
CUST1013412,0.3614,0.2806,0.3976,0.1547,0.3778,0.6133,2026-06
CUST1013413,0.2945,0.5711000000000001,0.1826,0.2606,0.294,0.3465,2026-06
CUST1013414,0.2433,0.4308,0.5172,0.1741,0.4193,0.6725,2026-06
CUST1013415,0.0838,0.4843,0.2284,0.2478,0.4939,0.2062,2026-06
CUST1013416,0.5566,0.6733,0.323,0.1663,0.3264,0.3113,2026-06
CUST1013417,0.3967,0.6522,0.4526,0.0568,0.4173,0.4512,2026-06
CUST1013418,0.4052,0.3027,0.1177,0.2281,0.1732,0.0572,2026-06
CUST1013419,0.4621,0.4674,0.4143,0.2287,0.4693,0.3058,2026-06
CUST1013420,0.5345,0.4556,0.319,0.1522,0.3238,0.15,2026-06
CUST1013421,0.3033,0.1265,0.1306,0.1508,0.3858,0.1354,2026-06
CUST1013422,0.5941,0.2519,0.01,0.3583,0.7252999999999999,0.1347,2026-06
CUST1013423,0.01,0.6247,0.3236,0.3178,0.3942,0.4335,2026-06
CUST1013424,0.2576,0.7429,0.06660000000000001,0.2049,0.2701,0.3107,2026-06
CUST1013425,0.2851,0.3781,0.5218,0.1785,0.3,0.3146,2026-06
CUST1013426,0.1916,0.2091,0.4254,0.1357,0.5444,0.0788,2026-06
CUST1013427,0.4676,0.4441,0.2578,0.2144,0.1318,0.6131,2026-06
CUST1013428,0.5616,0.4524,0.3115,0.1995,0.4256,0.2557,2026-06
CUST1013429,0.6322,0.5785,0.462,0.1117,0.3211,0.3825,2026-06
CUST1013430,0.4341,0.5279,0.4342,0.1978,0.6014,0.3814,2026-06
CUST1013431,0.5708,0.6751,0.3267,0.2118,0.1007,0.4762,2026-06
CUST1013432,0.4658,0.6506999999999999,0.4798,0.1247,0.2859,0.6524,2026-06
CUST1013433,0.4646,0.4875,0.235,0.0504,0.5904,0.407,2026-06
CUST1013434,0.4453,0.3467,0.162,0.1733,0.4695,0.4076,2026-06
CUST1013435,0.0565,0.356,0.01,0.4024,0.3914,0.0443,2026-06
CUST1013436,0.494,0.4329,0.4516,0.0959,0.4544,0.4503,2026-06
CUST1013437,0.5568,0.463,0.458,0.1513,0.6646,0.47,2026-06
CUST1013438,0.1999,0.4001,0.01,0.1054,0.2006,0.0994,2026-06
CUST1013439,0.3646,0.5663,0.4445,0.1131,0.2952,0.5881999999999999,2026-06
CUST1013440,0.1481,0.3535,0.4192,0.1957,0.3756,0.4658,2026-06
CUST1013441,0.2589,0.6958,0.2582,0.1177,0.2051,0.6441,2026-06
CUST1013442,0.5485,0.4227,0.3419,0.5834,0.2448,0.386,2026-06
CUST1013443,0.2468,0.0735,0.2536,0.1686,0.275,0.1472,2026-06
CUST1013444,0.6015,0.3709,0.5275,0.1812,0.2934,0.4835,2026-06
CUST1013445,0.3787,0.595,0.4805,0.1253,0.4539,0.3486,2026-06
CUST1013446,0.5275,0.0987,0.1978,0.443,0.3396,0.1967,2026-06
CUST1013447,0.3312,0.3395,0.118,0.1616,0.6375999999999999,0.09760000000000001,2026-06
CUST1013448,0.536,0.4155,0.4987,0.6088,0.288,0.4516,2026-06
CUST1013449,0.3724,0.7496,0.3592,0.1725,0.16,0.3054,2026-06
CUST1013450,0.5666,0.5161,0.1256,0.1725,0.366,0.3361,2026-06
CUST1013451,0.405,0.8745000000000001,0.3178,0.2466,0.1233,0.2789,2026-06
CUST1013452,0.1748,0.17,0.2783,0.2017,0.3212,0.1104,2026-06
CUST1013453,0.4226,0.6114000000000001,0.2428,0.3251,0.2558,0.2238,2026-06
CUST1013454,0.227,0.2003,0.3364,0.1408,0.223,0.1746,2026-06
CUST1013455,0.4904,0.2786,0.01,0.338,0.5755,0.1904,2026-06
CUST1013456,0.3898,0.2416,0.2177,0.0927,0.183,0.0385,2026-06
CUST1013457,0.01,0.5843,0.2485,0.2951,0.3218,0.4452,2026-06
CUST1013458,0.4566,0.6059,0.2593,0.2141,0.3036,0.5471,2026-06
CUST1013459,0.3306,0.581,0.5423,0.1988,0.3733,0.5133,2026-06
CUST1013460,0.409,0.4435,0.3188,0.0977,0.4674,0.4289,2026-06
CUST1013461,0.4857,0.4604,0.3388,0.2537,0.4078,0.232,2026-06
CUST1013462,0.4431,0.6347,0.4667,0.227,0.4364,0.3709,2026-06
CUST1013463,0.2533,0.3209,0.2243,0.1253,0.5548999999999999,0.2647,2026-06
CUST1013464,0.479,0.3669,0.2946,0.2127,0.4583,0.349,2026-06
CUST1013465,0.2131,0.5780999999999999,0.4859,0.1645,0.2831,0.3506,2026-06
CUST1013466,0.484,0.5101,0.498,0.147,0.3283,0.4607,2026-06
CUST1013467,0.3414,0.6604,0.306,0.155,0.3687,0.3478,2026-06
CUST1013468,0.2535,0.3354,0.1993,0.5776,0.3179,0.4887,2026-06
CUST1013469,0.4486,0.517,0.3517,0.1371,0.3124,0.3139,2026-06
CUST1013470,0.4229,0.3841,0.5242,0.2121,0.3381,0.3981,2026-06
CUST1013471,0.1512,0.1062,0.1511,0.1883,0.3711,0.1795,2026-06
CUST1013472,0.3921,0.3611,0.1529,0.2752,0.5351,0.01,2026-06
CUST1013473,0.3392,0.5834,0.4834,0.1006,0.4213,0.5104,2026-06
CUST1013474,0.2433,0.5018,0.1575,0.0218,0.1444,0.1419,2026-06
CUST1013475,0.4161,0.4067,0.4738,0.1017,0.2586,0.4136,2026-06
CUST1013476,0.4946,0.5447,0.2805,0.0781,0.2898,0.3585,2026-06
CUST1013477,0.1692,0.3606,0.1588,0.1893,0.3356,0.1592,2026-06
CUST1013478,0.5610000000000001,0.5627,0.5465,0.28,0.3371,0.388,2026-06
CUST1013479,0.2833,0.2711,0.3074,0.6145,0.1211,0.1482,2026-06
CUST1013480,0.2425,0.1932,0.078,0.2635,0.4113,0.3039,2026-06
CUST1013481,0.2387,0.4425,0.3723,0.2043,0.3912,0.3191,2026-06
CUST1013482,0.427,0.3603,0.3502,0.2028,0.3888,0.1777,2026-06
CUST1013483,0.4357,0.3832,0.1396,0.1901,0.5153,0.6294999999999999,2026-06
CUST1013484,0.437,0.4025,0.4644,0.1813,0.3912,0.2999,2026-06
CUST1013485,0.3016,0.5338000000000001,0.2786,0.1604,0.5669999999999999,0.4314,2026-06
CUST1013486,0.5276999999999999,0.6198,0.4419,0.2721,0.3015,0.3106,2026-06
CUST1013487,0.2372,0.4313,0.185,0.1592,0.4009,0.7007,2026-06
CUST1013488,0.3588,0.3507,0.2703,0.2365,0.3716,0.2829,2026-06
CUST1013489,0.1284,0.3029,0.1256,0.178,0.1713,0.2497,2026-06
CUST1013490,0.6523,0.6329,0.2253,0.1678,0.2078,0.3699,2026-06
CUST1013491,0.4489,0.2073,0.1181,0.2421,0.2977,0.4117,2026-06
CUST1013492,0.2297,0.4801,0.3315,0.2444,0.4225,0.1049,2026-06
CUST1013493,0.5302,0.7778,0.4443,0.1203,0.4093,0.3916,2026-06
CUST1013494,0.3576,0.5137,0.3371,0.1554,0.3359,0.3641,2026-06
CUST1013495,0.4798,0.3834,0.01,0.2972,0.2958,0.1786,2026-06
CUST1013496,0.476,0.2868,0.1102,0.1882,0.2717,0.1847,2026-06
CUST1013497,0.4192,0.3198,0.01,0.1973,0.191,0.0595,2026-06
CUST1013498,0.2769,0.623,0.2113,0.2674,0.3066,0.5263,2026-06
CUST1013499,0.3058,0.6213,0.4186,0.1921,0.3584,0.4663,2026-06
CUST1013500,0.3568,0.5415,0.5671,0.0757,0.3327,0.5864,2026-06
CUST1013501,0.3561,0.4252,0.01,0.2633,0.3554,0.1716,2026-06
CUST1013502,0.3975,0.4378,0.4442,0.1594,0.3316,0.5151,2026-06
CUST1013503,0.4557,0.5155999999999999,0.1821,0.1805,0.7181999999999999,0.3974,2026-06
CUST1013504,0.255,0.5173,0.4275,0.0243,0.3504,0.3377,2026-06
CUST1013505,0.3018,0.6142,0.3155,0.102,0.2345,0.3705,2026-06
CUST1013506,0.5628,0.4304,0.432,0.3084,0.2774,0.5404,2026-06
CUST1013507,0.2763,0.2546,0.01,0.0585,0.3807,0.3783,2026-06
CUST1013508,0.4172,0.1906,0.3879,0.045,0.2868,0.2208,2026-06
CUST1013509,0.4127,0.3377,0.4368,0.1873,0.2342,0.3809,2026-06
CUST1013510,0.494,0.6335,0.4234,0.1252,0.4152,0.4813,2026-06
CUST1013511,0.3848,0.6222,0.2618,0.1288,0.2514,0.4074,2026-06
CUST1013512,0.4812,0.5538999999999999,0.5058,0.2614,0.355,0.5875,2026-06
CUST1013513,0.4294,0.475,0.2063,0.189,0.3464,0.2086,2026-06
CUST1013514,0.4822,0.3471,0.4672,0.1849,0.3168,0.4312,2026-06
CUST1013515,0.1708,0.5829,0.3891,0.08500000000000001,0.2386,0.2765,2026-06
CUST1013516,0.3824,0.4935,0.522,0.2186,0.344,0.6034,2026-06
CUST1013517,0.01,0.4167,0.4598,0.2079,0.5022,0.6471,2026-06
CUST1013518,0.5044999999999999,0.455,0.4352,0.1078,0.4611,0.4679,2026-06
CUST1013519,0.4391,0.2353,0.0573,0.2629,0.4287,0.1111,2026-06
CUST1013520,0.0727,0.7313,0.4062,0.2493,0.2782,0.5554,2026-06
CUST1013521,0.4013,0.7244,0.2915,0.1699,0.2972,0.3497,2026-06
CUST1013522,0.64,0.5246,0.2348,0.3609,0.5925,0.3864,2026-06
CUST1013523,0.4858,0.3917,0.2911,0.2061,0.2802,0.1879,2026-06
CUST1013524,0.487,0.1856,0.2825,0.2215,0.5746,0.2418,2026-06
CUST1013525,0.5567,0.2988,0.4872,0.222,0.3207,0.6934,2026-06
CUST1013526,0.4584,0.4704,0.4838,0.01,0.3925,0.6964,2026-06
CUST1013527,0.398,0.32,0.3113,0.2344,0.3894,0.5044999999999999,2026-06
CUST1013528,0.3262,0.3399,0.01,0.2305,0.1075,0.2045,2026-06
CUST1013529,0.4197,0.4346,0.2324,0.1764,0.5466,0.6331,2026-06
CUST1013530,0.4195,0.7032,0.3195,0.1757,0.3332,0.3982,2026-06
CUST1013531,0.299,0.3977,0.01,0.2631,0.4437,0.113,2026-06
CUST1013532,0.4538,0.5664,0.3313,0.1599,0.2476,0.32,2026-06
CUST1013533,0.1856,0.3992,0.608,0.3071,0.2393,0.6554,2026-06
CUST1013534,0.5393,0.3997,0.295,0.2579,0.2102,0.4578,2026-06
CUST1013535,0.3187,0.4613,0.3323,0.1113,0.1363,0.1137,2026-06
CUST1013536,0.352,0.5201,0.5183,0.2225,0.3076,0.3444,2026-06
CUST1013537,0.5004,0.5039,0.5171,0.1459,0.4376,0.426,2026-06
CUST1013538,0.6398,0.4184,0.4931,0.3173,0.6667,0.3982,2026-06
CUST1013539,0.551,0.5738,0.4248,0.2005,0.4177,0.4369,2026-06
CUST1013540,0.2972,0.1332,0.0795,0.2393,0.3337,0.0931,2026-06
CUST1013541,0.4673,0.4226,0.0433,0.3231,0.6506999999999999,0.2926,2026-06
CUST1013542,0.3506,0.6795,0.2929,0.1548,0.3196,0.474,2026-06
CUST1013543,0.4552,0.4215,0.5091,0.1622,0.3899,0.3399,2026-06
CUST1013544,0.355,0.5241,0.4469,0.1526,0.3199,0.4816,2026-06
CUST1013545,0.3841,0.4982,0.1844,0.2268,0.2305,0.0497,2026-06
CUST1013546,0.4031,0.0866,0.3098,0.09909999999999999,0.265,0.178,2026-06
CUST1013547,0.4717,0.5465,0.3521,0.1473,0.2168,0.2131,2026-06
CUST1013548,0.2741,0.5231,0.3583,0.2089,0.3484,0.4599,2026-06
CUST1013549,0.3683,0.7169,0.4438,0.1275,0.4031,0.3923,2026-06
CUST1013550,0.2935,0.1545,0.1643,0.1771,0.2927,0.2241,2026-06
CUST1013551,0.2406,0.1755,0.01,0.333,0.2891,0.3291,2026-06
CUST1013552,0.2199,0.4321,0.4335,0.1061,0.4084,0.4123,2026-06
CUST1013553,0.3819,0.6014,0.4137,0.1106,0.4,0.6152,2026-06
CUST1013554,0.4788,0.288,0.2829,0.0707,0.3997,0.2848,2026-06
CUST1013555,0.3554,0.6898,0.0866,0.2534,0.2421,0.4584,2026-06
CUST1013556,0.41,0.4284,0.0806,0.0907,0.2905,0.1542,2026-06
CUST1013557,0.3943,0.3708,0.5721000000000001,0.1061,0.4201,0.6116,2026-06
CUST1013558,0.2549,0.3273,0.1203,0.1178,0.5762,0.0785,2026-06
CUST1013559,0.3709,0.6157,0.426,0.1368,0.1861,0.5303,2026-06
CUST1013560,0.0563,0.2611,0.223,0.2255,0.4363,0.2961,2026-06
CUST1013561,0.3607,0.157,0.3274,0.2035,0.3535,0.01,2026-06
CUST1013562,0.4751,0.2738,0.3649,0.2009,0.2845,0.3417,2026-06
CUST1013563,0.4882,0.4661,0.34,0.1489,0.3467,0.3062,2026-06
CUST1013564,0.208,0.4796,0.1201,0.161,0.2728,0.09420000000000001,2026-06
CUST1013565,0.3347,0.4495,0.4161,0.2,0.3417,0.4324,2026-06
CUST1013566,0.5601,0.3055,0.1992,0.1413,0.3846,0.1667,2026-06
CUST1013567,0.5053,0.7251,0.064,0.1087,0.2731,0.4064,2026-06
CUST1013568,0.01,0.193,0.0852,0.1751,0.4428,0.1515,2026-06
CUST1013569,0.1844,0.595,0.4218,0.1628,0.1822,0.472,2026-06
CUST1013570,0.4107,0.4554,0.314,0.049,0.4577,0.147,2026-06
CUST1013571,0.5853,0.6048,0.4232,0.1749,0.5481,0.3879,2026-06
CUST1013572,0.3146,0.4231,0.0104,0.1068,0.448,0.3198,2026-06
CUST1013573,0.3452,0.6824,0.4834,0.1596,0.3305,0.4424,2026-06
CUST1013574,0.3141,0.3866,0.2152,0.2859,0.4253,0.3804,2026-06
CUST1013575,0.3415,0.6331,0.1418,0.2258,0.1998,0.3876,2026-06
CUST1013576,0.1805,0.2777,0.08309999999999999,0.1588,0.3167,0.1492,2026-06
CUST1013577,0.5271,0.5124,0.2976,0.1692,0.4729,0.3983,2026-06
CUST1013578,0.4027,0.5627,0.3002,0.2425,0.2848,0.4185,2026-06
CUST1013579,0.4628,0.3112,0.1601,0.2318,0.3047,0.3011,2026-06
CUST1013580,0.4868,0.2654,0.073,0.1999,0.4689,0.1862,2026-06
CUST1013581,0.3213,0.5685,0.5182,0.1824,0.1579,0.3509,2026-06
CUST1013582,0.1996,0.3378,0.0205,0.2438,0.3938,0.1804,2026-06
CUST1013583,0.5983000000000001,0.456,0.2918,0.2115,0.3858,0.0557,2026-06
CUST1013584,0.4939,0.4347,0.4576,0.1748,0.4816,0.428,2026-06
CUST1013585,0.5891,0.5856,0.4697,0.4232,0.5193,0.3282,2026-06
CUST1013586,0.2157,0.5708,0.4685,0.01,0.1583,0.3622,2026-06
CUST1013587,0.4133,0.6442,0.4274,0.1937,0.0872,0.4431,2026-06
CUST1013588,0.2089,0.293,0.376,0.093,0.2006,0.1173,2026-06
CUST1013589,0.2278,0.6239,0.3599,0.2217,0.2383,0.3918,2026-06
CUST1013590,0.4468,0.583,0.3361,0.111,0.454,0.3056,2026-06
CUST1013591,0.4532,0.4263,0.4794,0.1364,0.237,0.3401,2026-06
CUST1013592,0.361,0.4601,0.1716,0.1313,0.2799,0.3297,2026-06
CUST1013593,0.4909,0.6002,0.3157,0.3271,0.25,0.518,2026-06
CUST1013594,0.1122,0.6609,0.1896,0.2825,0.2915,0.399,2026-06
CUST1013595,0.3738,0.6736,0.3556,0.1903,0.3669,0.5012,2026-06
CUST1013596,0.2809,0.1627,0.2958,0.0601,0.3715,0.1817,2026-06
CUST1013597,0.3248,0.3986,0.2462,0.2325,0.3394,0.3722,2026-06
CUST1013598,0.4822,0.2987,0.1904,0.0837,0.2914,0.2346,2026-06
CUST1013599,0.2095,0.665,0.2294,0.1999,0.2181,0.6979,2026-06
CUST1013600,0.2815,0.4675,0.1356,0.2112,0.5553,0.4473,2026-06
CUST1013601,0.4975,0.7819,0.15,0.2449,0.2689,0.5189,2026-06
CUST1013602,0.2152,0.5009,0.2466,0.1143,0.5115,0.3488,2026-06
CUST1013603,0.5019,0.5958,0.5114,0.1953,0.439,0.506,2026-06
CUST1013604,0.6441,0.264,0.1981,0.1281,0.3341,0.2019,2026-06
CUST1013605,0.4316,0.2735,0.2721,0.2338,0.4246,0.1511,2026-06
CUST1013606,0.3419,0.3645,0.4376,0.2212,0.228,0.6972,2026-06
CUST1013607,0.1277,0.5952,0.4178,0.1333,0.3659,0.5109,2026-06
CUST1013608,0.4004,0.4225,0.2172,0.2215,0.3139,0.0444,2026-06
CUST1013609,0.4299,0.5391,0.0556,0.3717,0.3689,0.1525,2026-06
CUST1013610,0.1948,0.3299,0.2791,0.2168,0.3451,0.1362,2026-06
CUST1013611,0.5434,0.4192,0.3808,0.2253,0.4343,0.5131,2026-06
CUST1013612,0.192,0.4495,0.3792,0.1763,0.1445,0.7241,2026-06
CUST1013613,0.3239,0.6314,0.2912,0.1741,0.3867,0.3517,2026-06
CUST1013614,0.5404,0.398,0.3995,0.1861,0.338,0.4486,2026-06
CUST1013615,0.4375,0.6918,0.2687,0.2415,0.2554,0.375,2026-06
CUST1013616,0.2593,0.4354,0.1946,0.1429,0.4582,0.4633,2026-06
CUST1013617,0.5788,0.5085,0.3739,0.08210000000000001,0.3569,0.3329,2026-06
CUST1013618,0.3692,0.1983,0.2153,0.1906,0.3333,0.3918,2026-06
CUST1013619,0.4254,0.436,0.3918,0.207,0.6513,0.508,2026-06
CUST1013620,0.4959,0.4297,0.0565,0.2528,0.2162,0.1363,2026-06
CUST1013621,0.4416,0.4498,0.6622,0.0693,0.3713,0.3387,2026-06
CUST1013622,0.5889,0.3402,0.3567,0.224,0.5957,0.5276999999999999,2026-06
CUST1013623,0.3411,0.2829,0.2325,0.1447,0.3444,0.4103,2026-06
CUST1013624,0.4711,0.6853,0.3437,0.2821,0.2131,0.3568,2026-06
CUST1013625,0.4687,0.0863,0.2131,0.08400000000000001,0.3786,0.0629,2026-06
CUST1013626,0.3166,0.4041,0.5606,0.2658,0.2554,0.6552,2026-06
CUST1013627,0.3868,0.2071,0.06279999999999999,0.6321,0.5745,0.01,2026-06
CUST1013628,0.3125,0.3415,0.01,0.1682,0.3758,0.1598,2026-06
CUST1013629,0.1681,0.4058,0.5071,0.2393,0.1759,0.5606,2026-06
CUST1013630,0.4419,0.4967,0.1768,0.0584,0.2451,0.2189,2026-06
CUST1013631,0.322,0.2188,0.3212,0.1969,0.2907,0.2449,2026-06
CUST1013632,0.3469,0.6712,0.1082,0.1366,0.3235,0.3982,2026-06
CUST1013633,0.3676,0.285,0.1533,0.1525,0.3331,0.447,2026-06
CUST1013634,0.0585,0.1354,0.1621,0.1469,0.19,0.1861,2026-06
CUST1013635,0.5427,0.3166,0.2332,0.3395,0.5337,0.1604,2026-06
CUST1013636,0.07729999999999999,0.5047,0.01,0.2513,0.273,0.425,2026-06
CUST1013637,0.4092,0.5374,0.2176,0.096,0.4386,0.4,2026-06
CUST1013638,0.3479,0.4048,0.4125,0.0844,0.62,0.5036,2026-06
CUST1013639,0.3434,0.4624,0.4638,0.1628,0.1998,0.1441,2026-06
CUST1013640,0.0682,0.1906,0.0425,0.01,0.6595,0.01,2026-06
CUST1013641,0.6531,0.5609,0.4652,0.1356,0.3075,0.6118,2026-06
CUST1013642,0.2038,0.2545,0.0236,0.0828,0.3893,0.0747,2026-06
CUST1013643,0.415,0.6,0.01,0.2966,0.3104,0.4036,2026-06
CUST1013644,0.5474,0.4503,0.2378,0.09660000000000001,0.6266,0.0858,2026-06
CUST1013645,0.3157,0.0633,0.1359,0.1556,0.4351,0.1052,2026-06
CUST1013646,0.4981,0.2599,0.271,0.0959,0.536,0.0333,2026-06
CUST1013647,0.1765,0.4417,0.3634,0.1402,0.4151,0.6214,2026-06
CUST1013648,0.3468,0.5617,0.3509,0.255,0.3292,0.4917,2026-06
CUST1013649,0.5211,0.5994,0.4418,0.281,0.331,0.4804,2026-06
CUST1013650,0.4775,0.4252,0.5531,0.0468,0.3524,0.6456,2026-06
CUST1013651,0.176,0.2345,0.1873,0.1219,0.2676,0.1245,2026-06
CUST1013652,0.38,0.5351,0.4689,0.1986,0.2179,0.3722,2026-06
CUST1013653,0.331,0.4793,0.4897,0.1209,0.4541,0.2345,2026-06
CUST1013654,0.3468,0.4938,0.5163,0.124,0.2265,0.61,2026-06
CUST1013655,0.3776,0.3523,0.208,0.1024,0.616,0.4191,2026-06
CUST1013656,0.1004,0.224,0.173,0.089,0.2651,0.09039999999999999,2026-06
CUST1013657,0.5002,0.4431,0.3939,0.0697,0.2405,0.4225,2026-06
CUST1013658,0.1198,0.3709,0.3125,0.0464,0.4845,0.2717,2026-06
CUST1013659,0.1958,0.6827,0.0546,0.1764,0.3026,0.5642,2026-06
CUST1013660,0.5625,0.7564,0.3592,0.1539,0.2707,0.4344,2026-06
CUST1013661,0.3161,0.2435,0.2394,0.2295,0.4544,0.0999,2026-06
CUST1013662,0.3471,0.2771,0.1129,0.2583,0.4682,0.2516,2026-06
CUST1013663,0.2292,0.3113,0.1195,0.1325,0.2009,0.1897,2026-06
CUST1013664,0.3696,0.34,0.206,0.1039,0.3013,0.4848,2026-06
CUST1013665,0.1957,0.2611,0.2587,0.091,0.1682,0.1818,2026-06
CUST1013666,0.2829,0.3763,0.3775,0.1115,0.3134,0.4146,2026-06
CUST1013667,0.1851,0.5009,0.3928,0.2467,0.2132,0.4969,2026-06
CUST1013668,0.382,0.2391,0.09329999999999999,0.2509,0.4429,0.3099,2026-06
CUST1013669,0.0723,0.3127,0.01,0.094,0.2494,0.0833,2026-06
CUST1013670,0.1464,0.1555,0.3524,0.0847,0.4886,0.0733,2026-06
CUST1013671,0.4096,0.2963,0.439,0.1886,0.4121,0.6086,2026-06
CUST1013672,0.4537,0.466,0.453,0.01,0.3099,0.4458,2026-06
CUST1013673,0.4992,0.5507,0.2174,0.203,0.2996,0.4665,2026-06
CUST1013674,0.4312,0.49,0.4026,0.3444,0.3571,0.6256,2026-06
CUST1013675,0.3105,0.5157,0.2028,0.5692,0.1736,0.4679,2026-06
CUST1013676,0.2786,0.3403,0.1985,0.2759,0.3353,0.01,2026-06
CUST1013677,0.6218,0.2981,0.2593,0.1637,0.1927,0.0692,2026-06
CUST1013678,0.4212,0.2316,0.3044,0.1954,0.4302,0.01,2026-06
CUST1013679,0.3017,0.3142,0.3581,0.1678,0.2406,0.4811,2026-06
CUST1013680,0.5019,0.3924,0.3557,0.1147,0.283,0.4913,2026-06
CUST1013681,0.5228,0.447,0.5652,0.2181,0.3559,0.2479,2026-06
CUST1013682,0.4499,0.4111,0.4821,0.174,0.3918,0.3704,2026-06
CUST1013683,0.5738,0.6797,0.6112,0.3314,0.1545,0.4456,2026-06
CUST1013684,0.4186,0.4462,0.2384,0.1978,0.2685,0.2831,2026-06
CUST1013685,0.2778,0.3677,0.4785,0.2164,0.2428,0.5402,2026-06
CUST1013686,0.2439,0.2696,0.2732,0.183,0.4128,0.1846,2026-06
CUST1013687,0.0446,0.5125999999999999,0.1175,0.5722,0.3029,0.2146,2026-06
CUST1013688,0.2419,0.2038,0.3747,0.2251,0.3413,0.3256,2026-06
CUST1013689,0.4066,0.4962,0.4348,0.2136,0.6179,0.2917,2026-06
CUST1013690,0.3392,0.7008,0.3103,0.2357,0.3241,0.4346,2026-06
CUST1013691,0.4122,0.4275,0.6007,0.2303,0.3029,0.5649999999999999,2026-06
CUST1013692,0.4586,0.2,0.4589,0.089,0.4078,0.167,2026-06
CUST1013693,0.1376,0.2015,0.1818,0.1287,0.3445,0.0941,2026-06
CUST1013694,0.5179,0.7151,0.289,0.3057,0.2449,0.3169,2026-06
CUST1013695,0.3934,0.5164,0.0847,0.1782,0.3458,0.2501,2026-06
CUST1013696,0.2084,0.3205,0.3622,0.1751,0.2552,0.3506,2026-06
CUST1013697,0.2398,0.4185,0.01,0.1229,0.3593,0.0784,2026-06
CUST1013698,0.297,0.5187,0.2405,0.2454,0.08599999999999999,0.432,2026-06
CUST1013699,0.2792,0.3074,0.5663,0.2113,0.2695,0.5225,2026-06
CUST1013700,0.3857,0.1878,0.4646,0.0858,0.5943000000000001,0.3166,2026-06
CUST1013701,0.5003,0.6503,0.2079,0.07829999999999999,0.3137,0.4132,2026-06
CUST1013702,0.3161,0.3886,0.5734,0.1878,0.3772,0.4465,2026-06
CUST1013703,0.2257,0.4249,0.206,0.115,0.2456,0.1061,2026-06
CUST1013704,0.2324,0.1874,0.2727,0.1575,0.4164,0.2927,2026-06
CUST1013705,0.5508,0.3565,0.4683,0.2708,0.3334,0.4129,2026-06
CUST1013706,0.3554,0.6364,0.3244,0.3673,0.1468,0.6309,2026-06
CUST1013707,0.4557,0.7301,0.3833,0.1317,0.2576,0.4479,2026-06
CUST1013708,0.3834,0.6735,0.2731,0.0447,0.3146,0.7055,2026-06
CUST1013709,0.6618000000000001,0.6862,0.5032,0.1821,0.4862,0.3982,2026-06
CUST1013710,0.1151,0.2489,0.0885,0.1287,0.3928,0.01,2026-06
CUST1013711,0.2369,0.4093,0.3886,0.1771,0.3627,0.6195000000000001,2026-06
CUST1013712,0.6466,0.4088,0.5057,0.2863,0.4249,0.3246,2026-06
CUST1013713,0.494,0.5816,0.3527,0.1159,0.3265,0.5627,2026-06
CUST1013714,0.422,0.4099,0.4757,0.16,0.4362,0.3359,2026-06
CUST1013715,0.4684,0.4751,0.3101,0.1084,0.3918,0.3281,2026-06
CUST1013716,0.464,0.6879999999999999,0.5184,0.1248,0.2435,0.4182,2026-06
CUST1013717,0.3716,0.3156,0.01,0.3289,0.2447,0.01,2026-06
CUST1013718,0.3328,0.4512,0.4261,0.2499,0.3002,0.3943,2026-06
CUST1013719,0.3338,0.5976,0.2951,0.2374,0.2194,0.2498,2026-06
CUST1013720,0.4321,0.5259,0.1992,0.211,0.369,0.5286,2026-06
CUST1013721,0.2928,0.5004999999999999,0.191,0.2202,0.2241,0.4691,2026-06
CUST1013722,0.4906,0.2171,0.145,0.1587,0.349,0.1816,2026-06
CUST1013723,0.4636,0.5266,0.0594,0.1086,0.2295,0.2482,2026-06
CUST1013724,0.4128,0.7171999999999999,0.2999,0.1329,0.2365,0.4334,2026-06
CUST1013725,0.1767,0.3807,0.4176,0.1855,0.3188,0.4313,2026-06
CUST1013726,0.2826,0.548,0.1991,0.0412,0.44,0.3036,2026-06
CUST1013727,0.4441,0.3028,0.3297,0.6808,0.5694,0.0649,2026-06
CUST1013728,0.308,0.5651,0.3177,0.3251,0.3013,0.3635,2026-06
CUST1013729,0.1038,0.2821,0.0264,0.2176,0.4115,0.1942,2026-06
CUST1013730,0.5503,0.577,0.399,0.07770000000000001,0.4412,0.5051,2026-06
CUST1013731,0.2447,0.229,0.3278,0.0798,0.4535,0.2628,2026-06
CUST1013732,0.4641,0.6219,0.1911,0.1622,0.2789,0.4717,2026-06
CUST1013733,0.1904,0.1743,0.1435,0.01,0.3191,0.2386,2026-06
CUST1013734,0.1399,0.3852,0.01,0.1222,0.176,0.037,2026-06
CUST1013735,0.0205,0.3306,0.2296,0.01,0.4458,0.4445,2026-06
CUST1013736,0.2786,0.4079,0.4115,0.1877,0.1942,0.269,2026-06
CUST1013737,0.5879,0.2639,0.269,0.6066,0.1947,0.4972,2026-06
CUST1013738,0.2351,0.4734,0.3817,0.2364,0.2952,0.4521,2026-06
CUST1013739,0.5348000000000001,0.4586,0.6366000000000001,0.1521,0.2195,0.4307,2026-06
CUST1013740,0.4636,0.5626,0.377,0.0523,0.3854,0.462,2026-06
CUST1013741,0.4252,0.6425999999999999,0.3484,0.1434,0.1512,0.3978,2026-06
CUST1013742,0.2079,0.3865,0.2528,0.1311,0.2644,0.2974,2026-06
CUST1013743,0.298,0.0587,0.3335,0.07340000000000001,0.2165,0.1417,2026-06
CUST1013744,0.3387,0.4267,0.5931999999999999,0.1187,0.2653,0.5526,2026-06
CUST1013745,0.5426,0.3725,0.5624,0.324,0.4278,0.612,2026-06
CUST1013746,0.4312,0.4745,0.5349,0.1493,0.4256,0.5158,2026-06
CUST1013747,0.3196,0.4362,0.5049,0.4872,0.1876,0.4731,2026-06
CUST1013748,0.7272999999999999,0.8003,0.4863,0.0527,0.152,0.4054,2026-06
CUST1013749,0.3687,0.3658,0.0221,0.3266,0.4353,0.1007,2026-06
CUST1013750,0.3852,0.4591,0.3322,0.01,0.3091,0.6443,2026-06
CUST1013751,0.6468,0.4839,0.4448,0.2362,0.3682,0.5113,2026-06
CUST1013752,0.2318,0.09329999999999999,0.2757,0.2054,0.2518,0.3148,2026-06
CUST1013753,0.2191,0.1122,0.2621,0.2085,0.3493,0.19,2026-06
CUST1013754,0.4504,0.4431,0.4423,0.169,0.3626,0.8202,2026-06
CUST1013755,0.4215,0.4755,0.0535,0.1881,0.3578,0.1044,2026-06
CUST1013756,0.2866,0.7705,0.3064,0.4034,0.3266,0.4516,2026-06
CUST1013757,0.3621,0.5641,0.4783,0.1723,0.5827,0.3248,2026-06
CUST1013758,0.4099,0.5299,0.3034,0.1027,0.6119,0.4041,2026-06
CUST1013759,0.5185999999999999,0.5338000000000001,0.3154,0.1408,0.4213,0.4408,2026-06
CUST1013760,0.5568,0.7193000000000001,0.4942,0.1667,0.2208,0.5603,2026-06
CUST1013761,0.3084,0.4418,0.4306,0.01,0.2996,0.254,2026-06
CUST1013762,0.2201,0.3541,0.4288,0.1272,0.4669,0.6204,2026-06
CUST1013763,0.4405,0.6715,0.2759,0.0612,0.3963,0.5562,2026-06
CUST1013764,0.2952,0.01,0.2852,0.0974,0.274,0.3763,2026-06
CUST1013765,0.0605,0.6805,0.2619,0.1684,0.0823,0.4814,2026-06
CUST1013766,0.4747,0.2935,0.1288,0.0435,0.5833,0.3257,2026-06
CUST1013767,0.4621,0.4182,0.4085,0.6429,0.321,0.3005,2026-06
CUST1013768,0.2072,0.6958,0.2225,0.163,0.2909,0.3435,2026-06
CUST1013769,0.275,0.3743,0.4078,0.07480000000000001,0.2148,0.5028,2026-06
CUST1013770,0.3201,0.2374,0.2815,0.2087,0.3829,0.3594,2026-06
CUST1013771,0.4913,0.6238,0.4708,0.1319,0.1752,0.479,2026-06
CUST1013772,0.2208,0.6691,0.3351,0.01,0.3666,0.4088,2026-06
CUST1013773,0.391,0.2147,0.1357,0.0977,0.4111,0.1951,2026-06
CUST1013774,0.3062,0.4035,0.5092,0.0864,0.386,0.4154,2026-06
CUST1013775,0.1517,0.3401,0.4679,0.2704,0.4954,0.674,2026-06
CUST1013776,0.5808,0.3351,0.0242,0.1333,0.3797,0.1241,2026-06
CUST1013777,0.3813,0.3081,0.3797,0.1704,0.2815,0.5247000000000001,2026-06
CUST1013778,0.2449,0.4874,0.2492,0.1506,0.4415,0.4142,2026-06
CUST1013779,0.2448,0.3441,0.2602,0.2741,0.2866,0.2065,2026-06
CUST1013780,0.3596,0.4487,0.3583,0.1964,0.3382,0.3786,2026-06
CUST1013781,0.3274,0.4919,0.3226,0.2022,0.3061,0.3462,2026-06
CUST1013782,0.1796,0.5244,0.3622,0.2789,0.3764,0.5748,2026-06
CUST1013783,0.3407,0.5487,0.4571,0.1524,0.4558,0.3944,2026-06
CUST1013784,0.5066000000000001,0.4427,0.1696,0.1337,0.3478,0.6176,2026-06
CUST1013785,0.386,0.6311,0.2683,0.115,0.3189,0.0274,2026-06
CUST1013786,0.4557,0.469,0.5085,0.3728,0.3768,0.5514,2026-06
CUST1013787,0.2989,0.3008,0.468,0.1912,0.3639,0.4605,2026-06
CUST1013788,0.6333,0.407,0.5016,0.09080000000000001,0.2006,0.3722,2026-06
CUST1013789,0.2754,0.503,0.2145,0.0895,0.3089,0.1802,2026-06
CUST1013790,0.4922,0.3182,0.27,0.5752,0.2338,0.4344,2026-06
CUST1013791,0.379,0.08119999999999999,0.255,0.1919,0.4199,0.1945,2026-06
CUST1013792,0.3416,0.3318,0.4861,0.5437,0.056,0.351,2026-06
CUST1013793,0.4232,0.08699999999999999,0.2011,0.211,0.2598,0.1944,2026-06
CUST1013794,0.3518,0.4555,0.098,0.1014,0.3178,0.1871,2026-06
CUST1013795,0.1704,0.7331,0.3529,0.2141,0.2262,0.268,2026-06
CUST1013796,0.2505,0.5949,0.1447,0.1986,0.3942,0.2336,2026-06
CUST1013797,0.4381,0.699,0.0426,0.272,0.3169,0.4177,2026-06
CUST1013798,0.3283,0.2852,0.049,0.1562,0.4725,0.01,2026-06
CUST1013799,0.229,0.3878,0.1654,0.1019,0.3821,0.074,2026-06
CUST1013800,0.2843,0.5006,0.0132,0.3152,0.38,0.4262,2026-06
CUST1013801,0.4501,0.5161,0.3276,0.4782,0.163,0.2587,2026-06
CUST1013802,0.4776,0.3997,0.3423,0.496,0.118,0.4501,2026-06
CUST1013803,0.4972,0.6820000000000001,0.1525,0.1399,0.3497,0.3667,2026-06
CUST1013804,0.3119,0.3741,0.2989,0.2324,0.4117,0.3706,2026-06
CUST1013805,0.3549,0.4735,0.362,0.1571,0.3702,0.349,2026-06
CUST1013806,0.4225,0.3252,0.1969,0.307,0.2791,0.3479,2026-06
CUST1013807,0.4051,0.6282,0.4818,0.0752,0.1475,0.5067,2026-06
CUST1013808,0.2232,0.5036,0.1917,0.1721,0.3742,0.4589,2026-06
CUST1013809,0.1774,0.2301,0.2736,0.2024,0.4637,0.1406,2026-06
CUST1013810,0.5558999999999999,0.4886,0.3025,0.3957,0.2058,0.5288,2026-06
CUST1013811,0.2814,0.4114,0.516,0.6499,0.2925,0.5606,2026-06
CUST1013812,0.488,0.49,0.3149,0.1703,0.3377,0.6222,2026-06
CUST1013813,0.2529,0.3617,0.4032,0.1733,0.3219,0.6599,2026-06
CUST1013814,0.4295,0.4646,0.2802,0.2181,0.6387,0.2178,2026-06
CUST1013815,0.3788,0.4314,0.5945,0.1389,0.3797,0.4753,2026-06
CUST1013816,0.4116,0.2754,0.4952,0.1295,0.3488,0.3798,2026-06
CUST1013817,0.1761,0.4323,0.1406,0.6458,0.13,0.3643,2026-06
CUST1013818,0.3408,0.2764,0.01,0.3479,0.3253,0.4555,2026-06
CUST1013819,0.2707,0.2278,0.0541,0.1621,0.4118,0.2981,2026-06
CUST1013820,0.4416,0.5524,0.3164,0.1581,0.3945,0.5092,2026-06
CUST1013821,0.6454,0.5595,0.1183,0.2907,0.2303,0.2428,2026-06
CUST1013822,0.2912,0.6269,0.5517,0.1613,0.251,0.5917,2026-06
CUST1013823,0.3714,0.1214,0.1687,0.1834,0.1832,0.1687,2026-06
CUST1013824,0.083,0.2785,0.2074,0.278,0.2913,0.186,2026-06
CUST1013825,0.1756,0.4188,0.4568,0.4148,0.098,0.2065,2026-06
CUST1013826,0.1127,0.4353,0.1828,0.0227,0.2969,0.1104,2026-06
CUST1013827,0.3929,0.7322,0.5554,0.3086,0.2435,0.2773,2026-06
CUST1013828,0.5175999999999999,0.4365,0.5174,0.107,0.294,0.3162,2026-06
CUST1013829,0.0335,0.5921999999999999,0.1594,0.1852,0.4578,0.5262,2026-06
CUST1013830,0.5477,0.3929,0.01,0.2719,0.2514,0.0229,2026-06
CUST1013831,0.6178,0.4582,0.1381,0.3121,0.2711,0.1051,2026-06
CUST1013832,0.5044,0.731,0.3186,0.1511,0.3002,0.4513,2026-06
CUST1013833,0.222,0.6860000000000001,0.3181,0.1324,0.3048,0.6108,2026-06
CUST1013834,0.456,0.486,0.4517,0.13,0.3934,0.513,2026-06
CUST1013835,0.2401,0.4528,0.593,0.01,0.3734,0.5666,2026-06
CUST1013836,0.4203,0.4837,0.4148,0.1792,0.2325,0.481,2026-06
CUST1013837,0.368,0.3717,0.3771,0.3072,0.2155,0.3752,2026-06
CUST1013838,0.4323,0.4528,0.01,0.374,0.1437,0.07240000000000001,2026-06
CUST1013839,0.3571,0.5445,0.3814,0.1072,0.5601,0.3197,2026-06
CUST1013840,0.4667,0.5587,0.489,0.254,0.4176,0.6439,2026-06
CUST1013841,0.4203,0.3549,0.01,0.08649999999999999,0.4712,0.2336,2026-06
CUST1013842,0.1832,0.6463,0.25,0.265,0.3248,0.2626,2026-06
CUST1013843,0.3408,0.5416,0.4205,0.5713,0.3821,0.5121,2026-06
CUST1013844,0.3538,0.4893,0.3159,0.1258,0.3787,0.603,2026-06
CUST1013845,0.5475,0.4998,0.399,0.1719,0.3066,0.1749,2026-06
CUST1013846,0.5679,0.6304999999999999,0.5165,0.1865,0.3792,0.4307,2026-06
CUST1013847,0.06519999999999999,0.3673,0.5022,0.2477,0.3549,0.4451,2026-06
CUST1013848,0.099,0.4282,0.01,0.2457,0.2238,0.1249,2026-06
CUST1013849,0.4595,0.49,0.4727,0.5638,0.291,0.399,2026-06
CUST1013850,0.4058,0.4497,0.4682,0.1894,0.4499,0.5407,2026-06
CUST1013851,0.4645,0.4859,0.3189,0.0614,0.6664,0.4435,2026-06
CUST1013852,0.1732,0.2911,0.569,0.0898,0.5004999999999999,0.4218,2026-06
CUST1013853,0.3357,0.3963,0.3396,0.1535,0.6763,0.3057,2026-06
CUST1013854,0.4094,0.402,0.5191,0.2909,0.5816,0.7158,2026-06
CUST1013855,0.1715,0.2098,0.1121,0.2163,0.3339,0.217,2026-06
CUST1013856,0.3692,0.7647,0.1784,0.3591,0.4819,0.4342,2026-06
CUST1013857,0.1777,0.1919,0.01,0.1801,0.5580000000000001,0.0985,2026-06
CUST1013858,0.528,0.7444,0.5502,0.0613,0.139,0.4453,2026-06
CUST1013859,0.377,0.5002,0.1118,0.01,0.5612,0.2971,2026-06
CUST1013860,0.442,0.5903,0.49,0.2736,0.5727,0.4334,2026-06
CUST1013861,0.425,0.5558999999999999,0.384,0.1846,0.3323,0.449,2026-06
CUST1013862,0.4722,0.3963,0.4182,0.2444,0.4506,0.4985,2026-06
CUST1013863,0.2989,0.4478,0.4755,0.2658,0.3943,0.5759,2026-06
CUST1013864,0.4421,0.6074000000000001,0.2473,0.1568,0.2153,0.4362,2026-06
CUST1013865,0.4922,0.645,0.3122,0.0998,0.3294,0.4985,2026-06
CUST1013866,0.2874,0.4074,0.0886,0.138,0.3067,0.412,2026-06
CUST1013867,0.3564,0.4977,0.3904,0.1471,0.3958,0.3017,2026-06
CUST1013868,0.3673,0.3664,0.3578,0.2981,0.4047,0.1277,2026-06
CUST1013869,0.3149,0.331,0.2184,0.3738,0.4633,0.4138,2026-06
CUST1013870,0.5064,0.3777,0.4356,0.1559,0.3206,0.6848,2026-06
CUST1013871,0.2144,0.381,0.01,0.1449,0.5502,0.2573,2026-06
CUST1013872,0.4476,0.6864,0.1879,0.1737,0.2675,0.2893,2026-06
CUST1013873,0.4914,0.6802,0.4609,0.3129,0.2831,0.2858,2026-06
CUST1013874,0.295,0.6567,0.2182,0.1452,0.3257,0.7216,2026-06
CUST1013875,0.595,0.2676,0.1072,0.1637,0.4629,0.207,2026-06
CUST1013876,0.3065,0.6413,0.4753,0.1276,0.1424,0.347,2026-06
CUST1013877,0.1763,0.3643,0.3206,0.2764,0.3488,0.1329,2026-06
CUST1013878,0.1541,0.2136,0.2225,0.1987,0.4525,0.0118,2026-06
CUST1013879,0.1092,0.2644,0.01,0.2012,0.206,0.1983,2026-06
CUST1013880,0.3497,0.3067,0.01,0.5222,0.2263,0.1402,2026-06
CUST1013881,0.2978,0.4095,0.5376,0.2527,0.3267,0.6839,2026-06
CUST1013882,0.4907,0.4838,0.4154,0.2174,0.375,0.5688,2026-06
CUST1013883,0.3245,0.5795,0.4037,0.1099,0.3525,0.4428,2026-06
CUST1013884,0.4195,0.4202,0.0633,0.3631,0.1488,0.1456,2026-06
CUST1013885,0.4529,0.4397,0.01,0.1691,0.2166,0.3139,2026-06
CUST1013886,0.357,0.5311,0.3755,0.6315,0.2297,0.3049,2026-06
CUST1013887,0.2601,0.3675,0.3338,0.1325,0.3616,0.3467,2026-06
CUST1013888,0.453,0.247,0.4516,0.2342,0.6498,0.5651,2026-06
CUST1013889,0.3172,0.3208,0.2169,0.259,0.2454,0.247,2026-06
CUST1013890,0.4911,0.4867,0.2777,0.1099,0.4833,0.3752,2026-06
CUST1013891,0.2661,0.3127,0.5215,0.01,0.3342,0.4047,2026-06
CUST1013892,0.2874,0.2762,0.0272,0.197,0.1927,0.1,2026-06
CUST1013893,0.338,0.5871,0.2763,0.5724,0.2995,0.3832,2026-06
CUST1013894,0.4191,0.4826,0.1629,0.0747,0.3926,0.3938,2026-06
CUST1013895,0.3647,0.7367,0.3387,0.2962,0.4302,0.356,2026-06
CUST1013896,0.4259,0.7396,0.39,0.1101,0.4137,0.4676,2026-06
CUST1013897,0.0805,0.1993,0.4163,0.2457,0.2724,0.2606,2026-06
CUST1013898,0.381,0.6371,0.2547,0.3555,0.2086,0.5364,2026-06
CUST1013899,0.3652,0.6462,0.2342,0.6618000000000001,0.0634,0.3617,2026-06
CUST1013900,0.3911,0.2782,0.2823,0.4558,0.3372,0.0385,2026-06
CUST1013901,0.2348,0.6054,0.3473,0.1236,0.2928,0.4082,2026-06
CUST1013902,0.2783,0.3786,0.4688,0.1752,0.2927,0.5191,2026-06
CUST1013903,0.2865,0.4866,0.01,0.2941,0.2092,0.062,2026-06
CUST1013904,0.3035,0.5611,0.4611,0.1649,0.0446,0.3786,2026-06
CUST1013905,0.5172,0.3203,0.1909,0.1361,0.5999,0.2338,2026-06
CUST1013906,0.427,0.3074,0.6158,0.1923,0.3855,0.5113,2026-06
CUST1013907,0.0618,0.4483,0.1436,0.2346,0.2263,0.3217,2026-06
CUST1013908,0.1256,0.4905,0.3482,0.222,0.2933,0.3871,2026-06
CUST1013909,0.0803,0.35,0.01,0.2118,0.3159,0.1844,2026-06
CUST1013910,0.2879,0.0699,0.2217,0.5705,0.4667,0.1497,2026-06
CUST1013911,0.1193,0.4868,0.2366,0.2821,0.2038,0.7403,2026-06
CUST1013912,0.3527,0.4511,0.3891,0.2269,0.4643,0.4014,2026-06
CUST1013913,0.3964,0.3756,0.0554,0.1968,0.4465,0.1083,2026-06
CUST1013914,0.3551,0.4827,0.1685,0.1471,0.329,0.5419,2026-06
CUST1013915,0.2522,0.48,0.1594,0.2837,0.1936,0.3274,2026-06
CUST1013916,0.3379,0.3861,0.442,0.0376,0.357,0.3124,2026-06
CUST1013917,0.3778,0.1097,0.2732,0.251,0.3857,0.3763,2026-06
CUST1013918,0.2909,0.4456,0.1685,0.2564,0.6221,0.49,2026-06
CUST1013919,0.3965,0.3769,0.1388,0.1919,0.2383,0.5132,2026-06
CUST1013920,0.5437,0.2195,0.2283,0.227,0.512,0.2594,2026-06
CUST1013921,0.4625,0.4798,0.2898,0.07000000000000001,0.5424,0.2337,2026-06
CUST1013922,0.1632,0.5736,0.275,0.1991,0.1674,0.2512,2026-06
CUST1013923,0.1793,0.4333,0.3145,0.2141,0.3678,0.5132,2026-06
CUST1013924,0.4372,0.5921,0.3799,0.653,0.1783,0.2974,2026-06
CUST1013925,0.2163,0.0555,0.2681,0.6284999999999999,0.2529,0.01,2026-06
CUST1013926,0.3721,0.3791,0.4581,0.1548,0.3969,0.3492,2026-06
CUST1013927,0.4503,0.4122,0.5826,0.2964,0.5153,0.4886,2026-06
CUST1013928,0.1985,0.4478,0.2457,0.1982,0.546,0.4101,2026-06
CUST1013929,0.01,0.0664,0.1923,0.2763,0.2586,0.0955,2026-06
CUST1013930,0.298,0.1942,0.2048,0.1629,0.4108,0.1312,2026-06
CUST1013931,0.2468,0.1136,0.2384,0.3298,0.2555,0.2099,2026-06
CUST1013932,0.3615,0.5114,0.2662,0.0767,0.333,0.4506,2026-06
CUST1013933,0.3211,0.5284,0.2319,0.321,0.0672,0.3705,2026-06
CUST1013934,0.4649,0.5386,0.38,0.1224,0.3809,0.4913,2026-06
CUST1013935,0.2404,0.5974,0.3564,0.1924,0.3273,0.4294,2026-06
CUST1013936,0.0804,0.3793,0.2871,0.2144,0.5158,0.526,2026-06
CUST1013937,0.4254,0.4479,0.3364,0.1793,0.4398,0.3403,2026-06
CUST1013938,0.2251,0.296,0.1036,0.6733,0.1722,0.01,2026-06
CUST1013939,0.2701,0.3186,0.3429,0.0819,0.1209,0.1069,2026-06
CUST1013940,0.2873,0.5285,0.2198,0.378,0.2552,0.3291,2026-06
CUST1013941,0.0168,0.2962,0.0484,0.4404,0.2898,0.2129,2026-06
CUST1013942,0.2018,0.327,0.4239,0.1476,0.4514,0.6183,2026-06
CUST1013943,0.3961,0.4302,0.5766,0.1576,0.1429,0.5068,2026-06
CUST1013944,0.5328000000000001,0.2793,0.1168,0.2399,0.4583,0.1201,2026-06
CUST1013945,0.4041,0.5301,0.2294,0.1216,0.2971,0.5671,2026-06
CUST1013946,0.6413,0.6137,0.198,0.1375,0.3316,0.4487,2026-06
CUST1013947,0.293,0.4027,0.5221,0.1112,0.4148,0.3383,2026-06
CUST1013948,0.3402,0.2813,0.2559,0.1779,0.3133,0.118,2026-06
CUST1013949,0.4397,0.3128,0.2206,0.0793,0.6249,0.1954,2026-06
CUST1013950,0.3236,0.4758,0.3502,0.5119,0.1851,0.435,2026-06
CUST1013951,0.3003,0.2957,0.1816,0.1094,0.3588,0.2811,2026-06
CUST1013952,0.3937,0.6141,0.3204,0.1974,0.6173,0.2031,2026-06
CUST1013953,0.3112,0.5886,0.2074,0.1622,0.2095,0.5445,2026-06
CUST1013954,0.2279,0.3298,0.2187,0.185,0.3691,0.2932,2026-06
CUST1013955,0.3877,0.4049,0.3189,0.1039,0.2643,0.314,2026-06
CUST1013956,0.3256,0.1617,0.01,0.1603,0.3801,0.3143,2026-06
CUST1013957,0.1798,0.4421,0.1685,0.0391,0.3834,0.3627,2026-06
CUST1013958,0.5086000000000001,0.3801,0.3467,0.1105,0.5737,0.3975,2026-06
CUST1013959,0.1709,0.3454,0.258,0.2014,0.4186,0.0445,2026-06
CUST1013960,0.5321,0.5869,0.3082,0.2113,0.2826,0.3103,2026-06
CUST1013961,0.254,0.7561,0.1684,0.189,0.2166,0.3169,2026-06
CUST1013962,0.3455,0.5972,0.2551,0.1033,0.5135999999999999,0.1716,2026-06
CUST1013963,0.4858,0.533,0.6187,0.1224,0.4743,0.4519,2026-06
CUST1013964,0.3524,0.7216,0.2334,0.1514,0.2011,0.459,2026-06
CUST1013965,0.4024,0.7059,0.4658,0.3323,0.3334,0.3875,2026-06
CUST1013966,0.1871,0.4803,0.4436,0.2253,0.5155999999999999,0.3891,2026-06
CUST1013967,0.313,0.1381,0.0882,0.01,0.1506,0.2747,2026-06
CUST1013968,0.3219,0.5643,0.3886,0.2107,0.2247,0.3567,2026-06
CUST1013969,0.63,0.7695,0.4213,0.2769,0.2971,0.4267,2026-06
CUST1013970,0.3606,0.4671,0.3583,0.1705,0.342,0.3601,2026-06
CUST1013971,0.3074,0.4745,0.0931,0.242,0.2687,0.1282,2026-06
CUST1013972,0.5774,0.4078,0.4058,0.0433,0.2692,0.1556,2026-06
CUST1013973,0.5356,0.4271,0.3023,0.2605,0.5778,0.4378,2026-06
CUST1013974,0.4164,0.3348,0.2477,0.1288,0.3532,0.2797,2026-06
CUST1013975,0.3643,0.194,0.2657,0.1535,0.3786,0.1156,2026-06
CUST1013976,0.5914,0.4949,0.0668,0.1857,0.4502,0.3008,2026-06
CUST1013977,0.3491,0.4621,0.5204,0.1453,0.2318,0.1594,2026-06
CUST1013978,0.4068,0.1661,0.2507,0.1926,0.3485,0.1895,2026-06
CUST1013979,0.2298,0.2963,0.3164,0.1503,0.2551,0.2301,2026-06
CUST1013980,0.5256,0.4452,0.01,0.606,0.2007,0.01,2026-06
CUST1013981,0.418,0.3874,0.4379,0.2812,0.3006,0.5837,2026-06
CUST1013982,0.4838,0.3744,0.328,0.1632,0.2325,0.5369,2026-06
CUST1013983,0.2926,0.4911,0.5184,0.0963,0.3048,0.2146,2026-06
CUST1013984,0.4986,0.4849,0.4175,0.0478,0.3416,0.4645,2026-06
CUST1013985,0.4305,0.4035,0.1038,0.1809,0.3579,0.1144,2026-06
CUST1013986,0.394,0.51,0.3037,0.2392,0.3523,0.4638,2026-06
CUST1013987,0.4363,0.5236,0.2386,0.0956,0.1978,0.0793,2026-06
CUST1013988,0.2786,0.01,0.09,0.1768,0.3769,0.3009,2026-06
CUST1013989,0.3473,0.5506,0.2826,0.2268,0.3366,0.4678,2026-06
CUST1013990,0.4365,0.6943,0.1493,0.1367,0.1251,0.5125,2026-06
CUST1013991,0.5058,0.7362,0.3886,0.2832,0.2649,0.3636,2026-06
CUST1013992,0.6235000000000001,0.4305,0.4453,0.2339,0.3008,0.4166,2026-06
CUST1013993,0.512,0.3586,0.4091,0.1451,0.32,0.7695,2026-06
CUST1013994,0.1535,0.5073,0.01,0.179,0.2483,0.2422,2026-06
CUST1013995,0.2148,0.6447000000000001,0.4364,0.1471,0.3026,0.5446,2026-06
CUST1013996,0.2999,0.4052,0.2068,0.1559,0.2342,0.403,2026-06
CUST1013997,0.3309,0.5798,0.2407,0.2452,0.2624,0.212,2026-06
CUST1013998,0.4979,0.5373,0.2063,0.2024,0.3439,0.2107,2026-06
CUST1013999,0.2479,0.3101,0.3389,0.1838,0.3224,0.6361,2026-06
CUST1014000,0.1617,0.2154,0.218,0.1659,0.1187,0.1731,2026-06
CUST1014001,0.2834,0.4507,0.2576,0.1829,0.2965,0.3549,2026-06
CUST1014002,0.2348,0.5409,0.3625,0.2987,0.1647,0.3468,2026-06
CUST1014003,0.5415,0.4905,0.5103,0.1885,0.309,0.6415999999999999,2026-06
CUST1014004,0.1565,0.3041,0.3587,0.1473,0.3691,0.3906,2026-06
CUST1014005,0.6979,0.6036,0.3592,0.2263,0.4749,0.4874,2026-06
CUST1014006,0.293,0.1618,0.3061,0.0934,0.5071,0.0702,2026-06
CUST1014007,0.3035,0.4929,0.257,0.2903,0.228,0.4072,2026-06
CUST1014008,0.3322,0.4516,0.2312,0.1139,0.6869,0.3056,2026-06
CUST1014009,0.3024,0.7475000000000001,0.4808,0.2128,0.3494,0.3745,2026-06
CUST1014010,0.1886,0.5717,0.4127,0.1654,0.1469,0.3551,2026-06
CUST1014011,0.3267,0.78,0.3055,0.08260000000000001,0.459,0.362,2026-06
CUST1014012,0.3448,0.298,0.4908,0.2298,0.4168,0.4213,2026-06
CUST1014013,0.3064,0.1672,0.2956,0.2249,0.5609,0.1093,2026-06
CUST1014014,0.3259,0.0218,0.4962,0.1947,0.456,0.2578,2026-06
CUST1014015,0.6478,0.1854,0.279,0.1651,0.4329,0.1687,2026-06
CUST1014016,0.4091,0.3133,0.2532,0.1542,0.4906,0.4011,2026-06
CUST1014017,0.2353,0.2796,0.5475,0.06710000000000001,0.4446,0.6991000000000001,2026-06
CUST1014018,0.3259,0.2134,0.3022,0.1159,0.1263,0.2019,2026-06
CUST1014019,0.2443,0.3874,0.1044,0.5222,0.2161,0.2847,2026-06
CUST1014020,0.4697,0.3836,0.3725,0.2108,0.482,0.4076,2026-06
CUST1014021,0.3966,0.4246,0.1868,0.1568,0.2394,0.1098,2026-06
CUST1014022,0.2683,0.103,0.2183,0.1734,0.2752,0.1644,2026-06
CUST1014023,0.6105,0.6156,0.2911,0.1805,0.256,0.5382,2026-06
CUST1014024,0.4172,0.5702,0.3556,0.287,0.3347,0.3753,2026-06
CUST1014025,0.348,0.4148,0.5399,0.1669,0.4388,0.459,2026-06
CUST1014026,0.2034,0.4111,0.01,0.1255,0.3219,0.1718,2026-06
CUST1014027,0.579,0.5362,0.2413,0.132,0.3504,0.5557,2026-06
CUST1014028,0.3759,0.2365,0.5368000000000001,0.1396,0.5283,0.3904,2026-06
CUST1014029,0.3644,0.456,0.2965,0.1302,0.3492,0.3041,2026-06
CUST1014030,0.1929,0.7049,0.2976,0.1463,0.3083,0.5139,2026-06
CUST1014031,0.2158,0.1971,0.01,0.0832,0.416,0.01,2026-06
CUST1014032,0.5708,0.4331,0.4608,0.235,0.2994,0.3626,2026-06
CUST1014033,0.241,0.0577,0.01,0.2046,0.2724,0.5228,2026-06
CUST1014034,0.4676,0.3544,0.5246,0.2714,0.3203,0.5333,2026-06
CUST1014035,0.3895,0.6646,0.1007,0.5189,0.1221,0.1637,2026-06
CUST1014036,0.4432,0.6405999999999999,0.1642,0.4051,0.2603,0.4826,2026-06
CUST1014037,0.489,0.3571,0.5028,0.1475,0.3225,0.4712,2026-06
CUST1014038,0.0818,0.1568,0.0839,0.141,0.4254,0.603,2026-06
CUST1014039,0.5083,0.7128,0.4977,0.1371,0.3144,0.3859,2026-06
CUST1014040,0.1875,0.588,0.0805,0.1904,0.2712,0.5417999999999999,2026-06
CUST1014041,0.4322,0.6198,0.3747,0.076,0.4642,0.4975,2026-06
CUST1014042,0.2917,0.1777,0.2493,0.1916,0.583,0.07000000000000001,2026-06
CUST1014043,0.3209,0.4196,0.01,0.1892,0.2513,0.2475,2026-06
CUST1014044,0.3203,0.3917,0.3595,0.259,0.3422,0.3653,2026-06
CUST1014045,0.52,0.6399,0.4919,0.1826,0.1463,0.4866,2026-06
CUST1014046,0.1928,0.1849,0.246,0.2693,0.3551,0.2541,2026-06
CUST1014047,0.1235,0.2033,0.2175,0.1718,0.2918,0.0207,2026-06
CUST1014048,0.151,0.1168,0.3813,0.3621,0.2728,0.2719,2026-06
CUST1014049,0.4479,0.7087,0.4801,0.2899,0.4513,0.4585,2026-06
CUST1014050,0.399,0.3852,0.376,0.01,0.3306,0.3819,2026-06
CUST1014051,0.425,0.466,0.07820000000000001,0.1304,0.2351,0.036,2026-06
CUST1014052,0.1892,0.486,0.01,0.1913,0.1849,0.1036,2026-06
CUST1014053,0.3577,0.2417,0.334,0.3322,0.3592,0.0541,2026-06
CUST1014054,0.5756,0.6293,0.4826,0.1159,0.3284,0.436,2026-06
CUST1014055,0.2935,0.8042,0.2484,0.34,0.3135,0.5276,2026-06
CUST1014056,0.3121,0.6072,0.2142,0.2607,0.1293,0.4104,2026-06
CUST1014057,0.3879,0.5249,0.491,0.1241,0.4258,0.3869,2026-06
CUST1014058,0.3966,0.587,0.3538,0.3611,0.4371,0.304,2026-06
CUST1014059,0.5518999999999999,0.483,0.5999,0.1441,0.2337,0.6188,2026-06
CUST1014060,0.3848,0.6008,0.266,0.1445,0.2678,0.5617,2026-06
CUST1014061,0.1264,0.6998,0.1134,0.2857,0.238,0.3324,2026-06
CUST1014062,0.4535,0.7099,0.466,0.0491,0.3661,0.2899,2026-06
CUST1014063,0.3281,0.6949,0.2905,0.1634,0.2691,0.3449,2026-06
CUST1014064,0.5558,0.6158,0.07049999999999999,0.0568,0.3386,0.4224,2026-06
CUST1014065,0.4259,0.525,0.2483,0.1237,0.3965,0.2427,2026-06
CUST1014066,0.096,0.4793,0.119,0.214,0.6259,0.3513,2026-06
CUST1014067,0.5286,0.3549,0.5306999999999999,0.2324,0.4643,0.3275,2026-06
CUST1014068,0.3578,0.2676,0.2143,0.0369,0.451,0.1865,2026-06
CUST1014069,0.4156,0.5497,0.2509,0.2635,0.3083,0.4388,2026-06
CUST1014070,0.4507,0.4027,0.2849,0.1833,0.2164,0.1588,2026-06
CUST1014071,0.1765,0.4206,0.3441,0.2994,0.3424,0.2064,2026-06
CUST1014072,0.4558,0.5468,0.3878,0.1604,0.4684,0.287,2026-06
CUST1014073,0.4576,0.4857,0.4458,0.08069999999999999,0.5558999999999999,0.2928,2026-06
CUST1014074,0.0984,0.1861,0.08749999999999999,0.0639,0.3551,0.1124,2026-06
CUST1014075,0.2978,0.6372,0.3454,0.1296,0.4241,0.6272,2026-06
CUST1014076,0.3885,0.3638,0.2007,0.1396,0.3561,0.0896,2026-06
CUST1014077,0.5004,0.4545,0.3831,0.1697,0.6776,0.3593,2026-06
CUST1014078,0.4555,0.5022,0.346,0.3213,0.4234,0.445,2026-06
CUST1014079,0.3384,0.1283,0.075,0.1504,0.3214,0.1651,2026-06
CUST1014080,0.2223,0.3239,0.474,0.164,0.3265,0.4213,2026-06
CUST1014081,0.2899,0.0283,0.2821,0.1901,0.447,0.1226,2026-06
CUST1014082,0.1207,0.6672,0.361,0.1076,0.4149,0.418,2026-06
CUST1014083,0.3331,0.4314,0.0503,0.2395,0.3832,0.0674,2026-06
CUST1014084,0.4096,0.5788,0.2641,0.1558,0.3784,0.5028,2026-06
CUST1014085,0.4044,0.4858,0.4779,0.7161,0.24,0.3201,2026-06
CUST1014086,0.5565,0.3327,0.2916,0.1088,0.5451,0.1944,2026-06
CUST1014087,0.6195000000000001,0.5382,0.3395,0.4635,0.5034999999999999,0.3477,2026-06
CUST1014088,0.3347,0.6071,0.2993,0.1928,0.4225,0.526,2026-06
CUST1014089,0.2214,0.2129,0.1066,0.0887,0.3446,0.1149,2026-06
CUST1014090,0.4602,0.4463,0.06759999999999999,0.1832,0.2413,0.06660000000000001,2026-06
CUST1014091,0.2972,0.5818,0.4059,0.1374,0.3266,0.5739,2026-06
CUST1014092,0.5335,0.526,0.3286,0.08690000000000001,0.4053,0.4579,2026-06
CUST1014093,0.4483,0.2803,0.0104,0.1987,0.3972,0.2255,2026-06
CUST1014094,0.2709,0.1276,0.3005,0.2367,0.2451,0.4048,2026-06
CUST1014095,0.3384,0.2694,0.4508,0.0786,0.3837,0.5051,2026-06
CUST1014096,0.3435,0.4713,0.3758,0.2222,0.4315,0.6395,2026-06
CUST1014097,0.3891,0.2075,0.01,0.1569,0.351,0.1632,2026-06
CUST1014098,0.2994,0.4282,0.2794,0.01,0.3569,0.3569,2026-06
CUST1014099,0.2897,0.2349,0.1333,0.1856,0.2768,0.1841,2026-06
CUST1014100,0.1814,0.58,0.1601,0.6786,0.1027,0.1687,2026-06
CUST1014101,0.3287,0.448,0.3522,0.2032,0.1533,0.4373,2026-06
CUST1014102,0.5817,0.4925,0.419,0.1479,0.3864,0.4726,2026-06
CUST1014103,0.2826,0.4354,0.4658,0.2654,0.4886,0.5425,2026-06
CUST1014104,0.617,0.4701,0.0102,0.269,0.119,0.3572,2026-06
CUST1014105,0.1814,0.6935,0.0665,0.249,0.1812,0.353,2026-06
CUST1014106,0.4658,0.5048,0.3899,0.1391,0.488,0.4056,2026-06
CUST1014107,0.3817,0.6662,0.2587,0.2442,0.2779,0.397,2026-06
CUST1014108,0.2135,0.3344,0.3926,0.2064,0.2784,0.3722,2026-06
CUST1014109,0.286,0.4102,0.6101,0.1034,0.1589,0.3248,2026-06
CUST1014110,0.4399,0.3948,0.2477,0.07779999999999999,0.2413,0.4014,2026-06
CUST1014111,0.3356,0.5609,0.2148,0.1541,0.245,0.3584,2026-06
CUST1014112,0.3542,0.6274,0.2402,0.2378,0.3157,0.5133,2026-06
CUST1014113,0.4563,0.4095,0.286,0.2542,0.3794,0.6844,2026-06
CUST1014114,0.2739,0.3666,0.3492,0.1481,0.2144,0.5432,2026-06
CUST1014115,0.271,0.3112,0.3817,0.5057,0.3915,0.2796,2026-06
CUST1014116,0.2181,0.5897,0.07290000000000001,0.2129,0.4728,0.4804,2026-06
CUST1014117,0.417,0.4433,0.3124,0.3696,0.4587,0.5403,2026-06
CUST1014118,0.5376,0.1406,0.3157,0.1317,0.4053,0.2338,2026-06
CUST1014119,0.2656,0.6129,0.0638,0.1065,0.2076,0.4235,2026-06
CUST1014120,0.4966,0.4728,0.3154,0.2226,0.3798,0.3868,2026-06
CUST1014121,0.345,0.1201,0.4159,0.2432,0.2692,0.1237,2026-06
CUST1014122,0.3401,0.3889,0.0264,0.483,0.5023,0.01,2026-06
CUST1014123,0.4584,0.3646,0.1009,0.1127,0.4621,0.1057,2026-06
CUST1014124,0.3819,0.4456,0.3781,0.1521,0.4437,0.5645,2026-06
CUST1014125,0.4799,0.2081,0.1595,0.0593,0.6076,0.1488,2026-06
CUST1014126,0.4966,0.6797,0.139,0.238,0.3613,0.512,2026-06
CUST1014127,0.4218,0.598,0.1062,0.0375,0.2009,0.4399,2026-06
CUST1014128,0.3262,0.626,0.2365,0.208,0.1325,0.3886,2026-06
CUST1014129,0.5344,0.4702,0.3951,0.0774,0.4252,0.4176,2026-06
CUST1014130,0.5224,0.2823,0.01,0.1945,0.2821,0.01,2026-06
CUST1014131,0.273,0.3639,0.06279999999999999,0.0587,0.1535,0.174,2026-06
CUST1014132,0.3636,0.5903,0.2658,0.2797,0.5711000000000001,0.5927,2026-06
CUST1014133,0.4339,0.2803,0.1867,0.2668,0.3503,0.1926,2026-06
CUST1014134,0.374,0.2649,0.1429,0.2962,0.3474,0.2529,2026-06
CUST1014135,0.3537,0.4839,0.6209,0.2109,0.3018,0.3622,2026-06
CUST1014136,0.2571,0.0467,0.3469,0.104,0.7302999999999999,0.0384,2026-06
CUST1014137,0.1641,0.213,0.3543,0.1043,0.4124,0.2023,2026-06
CUST1014138,0.226,0.3031,0.3396,0.1552,0.336,0.4064,2026-06
CUST1014139,0.3981,0.3995,0.4521,0.1692,0.4172,0.4477,2026-06
CUST1014140,0.6738,0.3433,0.4481,0.06809999999999999,0.5084,0.3841,2026-06
CUST1014141,0.3208,0.2938,0.5088,0.2021,0.4082,0.2404,2026-06
CUST1014142,0.5114,0.4252,0.3786,0.1648,0.3584,0.5619,2026-06
CUST1014143,0.4481,0.3393,0.2744,0.3859,0.5048,0.5282,2026-06
CUST1014144,0.5682,0.1857,0.2237,0.0601,0.4102,0.1372,2026-06
CUST1014145,0.4346,0.5174,0.1939,0.0853,0.3609,0.3,2026-06
CUST1014146,0.4453,0.4245,0.3349,0.1951,0.3176,0.5029,2026-06
CUST1014147,0.1349,0.2864,0.1031,0.1429,0.0829,0.0682,2026-06
CUST1014148,0.2077,0.1509,0.1727,0.1533,0.3424,0.1055,2026-06
CUST1014149,0.3927,0.4518,0.3867,0.2877,0.3699,0.4767,2026-06
CUST1014150,0.5068,0.7027,0.4858,0.0659,0.2068,0.3947,2026-06
CUST1014151,0.1781,0.1506,0.3155,0.2061,0.5038,0.07920000000000001,2026-06
CUST1014152,0.2103,0.2497,0.0387,0.1235,0.3624,0.0794,2026-06
CUST1014153,0.2775,0.6402,0.1351,0.2203,0.1826,0.6401,2026-06
CUST1014154,0.3084,0.4678,0.3249,0.2503,0.3217,0.475,2026-06
CUST1014155,0.2832,0.4109,0.3591,0.2993,0.1338,0.5499000000000001,2026-06
CUST1014156,0.3384,0.5258,0.4799,0.1079,0.3411,0.531,2026-06
CUST1014157,0.2148,0.5784,0.3555,0.0435,0.3738,0.3143,2026-06
CUST1014158,0.507,0.4106,0.3384,0.1698,0.1897,0.3668,2026-06
CUST1014159,0.3777,0.4466,0.4175,0.632,0.3005,0.598,2026-06
CUST1014160,0.4571,0.6031,0.4404,0.2608,0.5321,0.3884,2026-06
CUST1014161,0.466,0.6564,0.2974,0.1128,0.2356,0.4337,2026-06
CUST1014162,0.1376,0.1898,0.01,0.1348,0.4499,0.3096,2026-06
CUST1014163,0.4288,0.2716,0.4895,0.5353,0.1591,0.1608,2026-06
CUST1014164,0.3041,0.435,0.3705,0.2666,0.3269,0.4869,2026-06
CUST1014165,0.2967,0.395,0.1747,0.0354,0.3218,0.1236,2026-06
CUST1014166,0.511,0.6788999999999999,0.5175,0.2427,0.158,0.5177,2026-06
CUST1014167,0.37,0.4305,0.4925,0.1237,0.2795,0.4023,2026-06
CUST1014168,0.3667,0.2309,0.507,0.0477,0.3798,0.2739,2026-06
CUST1014169,0.3095,0.5782,0.0978,0.2536,0.2625,0.0974,2026-06
CUST1014170,0.4641,0.6787,0.4445,0.218,0.2502,0.3495,2026-06
CUST1014171,0.3358,0.7663,0.1835,0.2192,0.2586,0.4893,2026-06
CUST1014172,0.3605,0.2591,0.4366,0.2387,0.3481,0.3495,2026-06
CUST1014173,0.3757,0.4602,0.4475,0.148,0.3476,0.4267,2026-06
CUST1014174,0.2342,0.1703,0.0196,0.1079,0.3131,0.1774,2026-06
CUST1014175,0.3791,0.6756,0.3331,0.2726,0.264,0.5077,2026-06
CUST1014176,0.2249,0.3547,0.2164,0.1359,0.37,0.4953,2026-06
CUST1014177,0.5243,0.5521,0.3931,0.185,0.5097,0.3977,2026-06
CUST1014178,0.4098,0.5952,0.2396,0.2328,0.4686,0.3102,2026-06
CUST1014179,0.4102,0.3682,0.0796,0.5541,0.01,0.0977,2026-06
CUST1014180,0.3628,0.5153,0.07729999999999999,0.1663,0.2823,0.3833,2026-06
CUST1014181,0.1348,0.4169,0.4122,0.5918,0.0641,0.274,2026-06
CUST1014182,0.303,0.3712,0.1838,0.1485,0.2774,0.6132,2026-06
CUST1014183,0.1548,0.3694,0.2266,0.0424,0.4645,0.3168,2026-06
CUST1014184,0.4374,0.2555,0.3501,0.2135,0.2078,0.4277,2026-06
CUST1014185,0.4505,0.3371,0.0999,0.2004,0.4498,0.169,2026-06
CUST1014186,0.4558,0.8325,0.3383,0.1627,0.4773,0.379,2026-06
CUST1014187,0.0221,0.7214,0.3671,0.3213,0.3878,0.4416,2026-06
CUST1014188,0.3872,0.6264,0.4131,0.2716,0.339,0.5034999999999999,2026-06
CUST1014189,0.39,0.5891,0.358,0.1276,0.3512,0.4988,2026-06
CUST1014190,0.3813,0.3901,0.3672,0.0791,0.6458,0.2705,2026-06
CUST1014191,0.5296999999999999,0.5656,0.1209,0.156,0.1004,0.2593,2026-06
CUST1014192,0.2977,0.4053,0.431,0.1017,0.3886,0.1856,2026-06
CUST1014193,0.5102,0.4735,0.5034999999999999,0.197,0.4446,0.3725,2026-06
CUST1014194,0.2011,0.2023,0.1648,0.2217,0.4375,0.0961,2026-06
CUST1014195,0.521,0.6783,0.3365,0.3688,0.3026,0.5298,2026-06
CUST1014196,0.4527,0.6092,0.3924,0.4873,0.221,0.4598,2026-06
CUST1014197,0.2507,0.3169,0.01,0.0542,0.2824,0.1003,2026-06
CUST1014198,0.3541,0.4347,0.3502,0.6248,0.1121,0.392,2026-06
CUST1014199,0.4422,0.7942,0.07870000000000001,0.1905,0.2943,0.2654,2026-06
CUST1014200,0.4026,0.6807,0.2236,0.3457,0.4409,0.4735,2026-06
CUST1014201,0.3548,0.4393,0.3589,0.1347,0.4697,0.2572,2026-06
CUST1014202,0.2823,0.5093,0.3807,0.1077,0.4719,0.4747,2026-06
CUST1014203,0.2753,0.01,0.345,0.1689,0.3762,0.2014,2026-06
CUST1014204,0.5177,0.5895,0.4683,0.5345,0.1005,0.4153,2026-06
CUST1014205,0.2425,0.5589,0.4865,0.5925,0.1418,0.7077,2026-06
CUST1014206,0.3118,0.61,0.2224,0.2553,0.2333,0.4803,2026-06
CUST1014207,0.2646,0.5843,0.2447,0.2807,0.1557,0.346,2026-06
CUST1014208,0.5075,0.6692,0.1648,0.0997,0.3262,0.3136,2026-06
CUST1014209,0.3591,0.1525,0.1633,0.1145,0.4645,0.3696,2026-06
CUST1014210,0.4015,0.537,0.398,0.1639,0.5118,0.6817,2026-06
CUST1014211,0.3911,0.6636,0.3442,0.3345,0.2172,0.3237,2026-06
CUST1014212,0.5785,0.4095,0.1593,0.206,0.2605,0.315,2026-06
CUST1014213,0.3863,0.5672,0.2592,0.2622,0.2853,0.4729,2026-06
CUST1014214,0.523,0.5276999999999999,0.386,0.067,0.2564,0.2236,2026-06
CUST1014215,0.3788,0.3156,0.3458,0.0306,0.5652,0.3044,2026-06
CUST1014216,0.4449,0.3621,0.2287,0.01,0.2645,0.2169,2026-06
CUST1014217,0.2722,0.3935,0.6528,0.2617,0.2435,0.5198,2026-06
CUST1014218,0.3703,0.2332,0.2018,0.0956,0.5135999999999999,0.0824,2026-06
CUST1014219,0.3155,0.5272,0.0896,0.2192,0.2923,0.1163,2026-06
CUST1014220,0.1617,0.5921999999999999,0.1793,0.2141,0.3109,0.4167,2026-06
CUST1014221,0.1728,0.436,0.3416,0.1655,0.4516,0.3099,2026-06
CUST1014222,0.2732,0.708,0.5570000000000001,0.1728,0.2728,0.3941,2026-06
CUST1014223,0.3853,0.3487,0.4339,0.0207,0.4427,0.5306,2026-06
CUST1014224,0.4123,0.4319,0.3843,0.2582,0.2777,0.4773,2026-06
CUST1014225,0.2403,0.5241,0.4166,0.2114,0.3222,0.4901,2026-06
CUST1014226,0.1699,0.4055,0.5034999999999999,0.2234,0.2564,0.3177,2026-06
CUST1014227,0.1743,0.2813,0.1741,0.3241,0.5735,0.3463,2026-06
CUST1014228,0.2924,0.614,0.5968,0.2155,0.2157,0.41,2026-06
CUST1014229,0.2011,0.3731,0.0475,0.2901,0.2426,0.01,2026-06
CUST1014230,0.5331,0.3113,0.1582,0.1492,0.55,0.0945,2026-06
CUST1014231,0.2997,0.3021,0.3307,0.2644,0.2406,0.5361,2026-06
CUST1014232,0.1193,0.5232,0.3245,0.08939999999999999,0.2441,0.525,2026-06
CUST1014233,0.0931,0.1644,0.2327,0.1222,0.3448,0.1691,2026-06
CUST1014234,0.5299,0.4997,0.345,0.1554,0.3982,0.2841,2026-06
CUST1014235,0.4146,0.4056,0.403,0.1902,0.4567,0.314,2026-06
CUST1014236,0.4496,0.305,0.2959,0.1764,0.2751,0.1931,2026-06
CUST1014237,0.0726,0.3822,0.2719,0.0558,0.2351,0.5593,2026-06
CUST1014238,0.4221,0.4296,0.3231,0.1906,0.4614,0.3485,2026-06
CUST1014239,0.1372,0.474,0.2309,0.1202,0.3532,0.1588,2026-06
CUST1014240,0.4196,0.7208,0.2776,0.0747,0.1449,0.4429,2026-06
CUST1014241,0.3313,0.6852,0.3247,0.1485,0.3086,0.4305,2026-06
CUST1014242,0.4925,0.258,0.28,0.2687,0.4697,0.1031,2026-06
CUST1014243,0.2438,0.5236,0.5001,0.1982,0.3856,0.3461,2026-06
CUST1014244,0.4495,0.495,0.4784,0.0551,0.3788,0.2837,2026-06
CUST1014245,0.2861,0.5001,0.0275,0.1779,0.2264,0.05,2026-06
CUST1014246,0.3142,0.4872,0.3781,0.0172,0.4959,0.4978,2026-06
CUST1014247,0.2552,0.2403,0.2357,0.2386,0.5006,0.2356,2026-06
CUST1014248,0.3804,0.482,0.4333,0.2657,0.357,0.5331,2026-06
CUST1014249,0.4197,0.3564,0.4979,0.6462,0.3125,0.488,2026-06
CUST1014250,0.3182,0.4888,0.1854,0.2159,0.235,0.4328,2026-06
CUST1014251,0.3383,0.4466,0.4096,0.1065,0.3926,0.3905,2026-06
CUST1014252,0.496,0.7013,0.2161,0.1996,0.4416,0.2955,2026-06
CUST1014253,0.4338,0.5623,0.4597,0.1074,0.3431,0.5936,2026-06
CUST1014254,0.3436,0.3475,0.0106,0.1577,0.1152,0.0207,2026-06
CUST1014255,0.0707,0.5067,0.4764,0.0434,0.3327,0.4359,2026-06
CUST1014256,0.2318,0.4289,0.4053,0.0964,0.238,0.5328000000000001,2026-06
CUST1014257,0.4844,0.3225,0.3581,0.2896,0.6165,0.3758,2026-06
CUST1014258,0.5489000000000001,0.4761,0.3135,0.1644,0.2405,0.06710000000000001,2026-06
CUST1014259,0.3375,0.349,0.4252,0.1424,0.359,0.5218,2026-06
CUST1014260,0.2952,0.2149,0.24,0.1306,0.2618,0.1149,2026-06
CUST1014261,0.4229,0.5702,0.549,0.0617,0.4387,0.3076,2026-06
CUST1014262,0.58,0.5926,0.239,0.1948,0.4423,0.3593,2026-06
CUST1014263,0.467,0.5762,0.4015,0.2948,0.2638,0.3762,2026-06
CUST1014264,0.3564,0.5269,0.01,0.1908,0.5314,0.09,2026-06
CUST1014265,0.1106,0.5181,0.3778,0.1019,0.3413,0.4326,2026-06
CUST1014266,0.2598,0.629,0.3164,0.1057,0.3018,0.3724,2026-06
CUST1014267,0.3806,0.4726,0.3238,0.2554,0.4135,0.5066000000000001,2026-06
CUST1014268,0.2553,0.5596,0.1577,0.1369,0.3166,0.425,2026-06
CUST1014269,0.4057,0.4281,0.4644,0.0927,0.3859,0.4693,2026-06
CUST1014270,0.4293,0.1973,0.3154,0.0856,0.4213,0.2135,2026-06
CUST1014271,0.4413,0.3038,0.4638,0.0692,0.5947,0.383,2026-06
CUST1014272,0.4516,0.4235,0.3861,0.2488,0.7032,0.4185,2026-06
CUST1014273,0.4963,0.5022,0.6095,0.2683,0.4196,0.4594,2026-06
CUST1014274,0.5762,0.5596,0.3954,0.0553,0.13,0.4579,2026-06
CUST1014275,0.3233,0.1941,0.4089,0.1274,0.2732,0.1711,2026-06
CUST1014276,0.542,0.4136,0.2894,0.1374,0.2577,0.4402,2026-06
CUST1014277,0.1569,0.5165999999999999,0.2172,0.2054,0.1035,0.3993,2026-06
CUST1014278,0.3421,0.3495,0.2447,0.3066,0.5982,0.3944,2026-06
CUST1014279,0.3084,0.4485,0.3035,0.0935,0.403,0.4909,2026-06
CUST1014280,0.4653,0.3929,0.5003,0.1088,0.3478,0.3589,2026-06
CUST1014281,0.5087,0.5429,0.4361,0.1936,0.4848,0.4922,2026-06
CUST1014282,0.6045,0.3876,0.4538,0.1417,0.3509,0.3323,2026-06
CUST1014283,0.4829,0.4906,0.017,0.2022,0.257,0.1489,2026-06
CUST1014284,0.2023,0.247,0.2042,0.1407,0.3806,0.3176,2026-06
CUST1014285,0.5054,0.4544,0.3464,0.1965,0.3064,0.3451,2026-06
CUST1014286,0.4266,0.3956,0.0876,0.0127,0.292,0.1384,2026-06
CUST1014287,0.4291,0.2026,0.0498,0.2876,0.5495,0.155,2026-06
CUST1014288,0.3039,0.2107,0.2446,0.2229,0.4603,0.1385,2026-06
CUST1014289,0.4758,0.6302,0.4282,0.1317,0.2459,0.3446,2026-06
CUST1014290,0.382,0.165,0.1867,0.2347,0.3935,0.2194,2026-06
CUST1014291,0.0254,0.6765,0.01,0.1666,0.1887,0.3302,2026-06
CUST1014292,0.3448,0.0612,0.2777,0.01,0.3579,0.2546,2026-06
CUST1014293,0.3917,0.605,0.1498,0.1568,0.5535,0.4508,2026-06
CUST1014294,0.438,0.5686,0.3337,0.1763,0.3251,0.3855,2026-06
CUST1014295,0.2247,0.2126,0.4203,0.232,0.2392,0.1364,2026-06
CUST1014296,0.3283,0.6105,0.1497,0.1925,0.1025,0.3128,2026-06
CUST1014297,0.337,0.3653,0.4517,0.01,0.3185,0.5968,2026-06
CUST1014298,0.3953,0.5361,0.2518,0.129,0.3156,0.6806,2026-06
CUST1014299,0.4153,0.409,0.1189,0.1319,0.5569,0.3285,2026-06
CUST1014300,0.2745,0.3342,0.3402,0.5097,0.2444,0.3166,2026-06
CUST1014301,0.1189,0.3771,0.3844,0.3191,0.4739,0.4251,2026-06
CUST1014302,0.2862,0.4343,0.5999,0.01,0.3824,0.6654,2026-06
CUST1014303,0.3898,0.5278,0.1058,0.1755,0.4258,0.2288,2026-06
CUST1014304,0.3134,0.5198,0.01,0.2046,0.177,0.2138,2026-06
CUST1014305,0.1972,0.423,0.1127,0.5472,0.0495,0.01,2026-06
CUST1014306,0.4448,0.5004,0.4919,0.2832,0.3926,0.6706,2026-06
CUST1014307,0.2534,0.6823,0.4983,0.1713,0.299,0.6855,2026-06
CUST1014308,0.3197,0.6645,0.1239,0.2733,0.3768,0.4174,2026-06
CUST1014309,0.5098,0.4069,0.4713,0.1336,0.4617,0.4364,2026-06
CUST1014310,0.3924,0.2711,0.2367,0.1538,0.353,0.1787,2026-06
CUST1014311,0.6284,0.3712,0.2942,0.2221,0.1991,0.2077,2026-06
CUST1014312,0.2839,0.3406,0.0251,0.2384,0.1725,0.2096,2026-06
CUST1014313,0.5379,0.6569,0.303,0.1919,0.1362,0.4295,2026-06
CUST1014314,0.4583,0.4283,0.3679,0.2036,0.2671,0.4264,2026-06
CUST1014315,0.1743,0.3591,0.01,0.2609,0.2537,0.0959,2026-06
CUST1014316,0.247,0.3023,0.3115,0.3166,0.3459,0.01,2026-06
CUST1014317,0.126,0.2102,0.1152,0.2054,0.5468,0.0202,2026-06
CUST1014318,0.2654,0.6238,0.3687,0.1983,0.309,0.5255,2026-06
CUST1014319,0.456,0.6122,0.3796,0.2205,0.2951,0.5518,2026-06
CUST1014320,0.4303,0.6411,0.2275,0.2472,0.2163,0.21,2026-06
CUST1014321,0.6096,0.2772,0.4005,0.5329,0.2884,0.4203,2026-06
CUST1014322,0.4674,0.5158,0.3733,0.6242,0.2125,0.4387,2026-06
CUST1014323,0.2421,0.3891,0.4753,0.1732,0.2166,0.5632,2026-06
CUST1014324,0.2464,0.4622,0.1969,0.3264,0.1877,0.07140000000000001,2026-06
CUST1014325,0.3125,0.3508,0.2208,0.1586,0.3475,0.0814,2026-06
CUST1014326,0.4287,0.4987,0.2503,0.2063,0.43,0.4121,2026-06
CUST1014327,0.4008,0.3005,0.3203,0.0984,0.2675,0.1871,2026-06
CUST1014328,0.4179,0.2544,0.1354,0.2265,0.6158,0.156,2026-06
CUST1014329,0.2122,0.4065,0.1586,0.2015,0.7478,0.349,2026-06
CUST1014330,0.2344,0.3152,0.0866,0.7421,0.1492,0.01,2026-06
CUST1014331,0.4903,0.4934,0.3447,0.3227,0.4061,0.3074,2026-06
CUST1014332,0.4448,0.2752,0.322,0.2619,0.2633,0.6133999999999999,2026-06
CUST1014333,0.2333,0.6689000000000001,0.3749,0.215,0.3347,0.3003,2026-06
CUST1014334,0.2552,0.3518,0.2311,0.2371,0.1848,0.3393,2026-06
CUST1014335,0.2405,0.3693,0.0543,0.1139,0.1325,0.2159,2026-06
CUST1014336,0.3724,0.2809,0.2133,0.0726,0.4684,0.2409,2026-06
CUST1014337,0.2932,0.3608,0.3084,0.0871,0.4639,0.6429,2026-06
CUST1014338,0.4732,0.5326,0.1452,0.1847,0.2851,0.5086000000000001,2026-06
CUST1014339,0.3508,0.6753,0.2807,0.1874,0.2951,0.1595,2026-06
CUST1014340,0.5415,0.4935,0.1472,0.4118,0.3031,0.3122,2026-06
CUST1014341,0.2939,0.743,0.1165,0.3234,0.2748,0.4582,2026-06
CUST1014342,0.3994,0.5061,0.33,0.0876,0.4286,0.279,2026-06
CUST1014343,0.3441,0.4365,0.4935,0.049,0.3367,0.4575,2026-06
CUST1014344,0.2635,0.1863,0.3152,0.01,0.3266,0.1494,2026-06
CUST1014345,0.2107,0.4596,0.4237,0.0912,0.3293,0.3904,2026-06
CUST1014346,0.2964,0.2168,0.3162,0.1404,0.2213,0.253,2026-06
CUST1014347,0.5692,0.7305,0.3184,0.2135,0.1578,0.3266,2026-06
CUST1014348,0.392,0.4868,0.4176,0.1105,0.3112,0.4857,2026-06
CUST1014349,0.3105,0.3289,0.3983,0.1619,0.3897,0.5276,2026-06
CUST1014350,0.1339,0.4092,0.2053,0.3124,0.3457,0.1635,2026-06
CUST1014351,0.3234,0.1731,0.3072,0.3503,0.3168,0.01,2026-06
CUST1014352,0.2771,0.2283,0.3752,0.2242,0.4758,0.3862,2026-06
CUST1014353,0.3917,0.4161,0.1345,0.01,0.4865,0.336,2026-06
CUST1014354,0.4761,0.3252,0.3235,0.5612,0.2128,0.2742,2026-06
CUST1014355,0.5675,0.3418,0.4101,0.2077,0.1851,0.3519,2026-06
CUST1014356,0.2123,0.1432,0.2891,0.3328,0.186,0.01,2026-06
CUST1014357,0.4683,0.523,0.1124,0.1439,0.1106,0.1,2026-06
CUST1014358,0.3041,0.531,0.3861,0.1394,0.4179,0.4312,2026-06
CUST1014359,0.387,0.6142,0.379,0.3057,0.2947,0.7204,2026-06
CUST1014360,0.3777,0.5099,0.5712,0.1942,0.5029,0.4642,2026-06
CUST1014361,0.394,0.7059,0.2747,0.2281,0.3436,0.4045,2026-06
CUST1014362,0.3252,0.0931,0.1581,0.0978,0.3291,0.1486,2026-06
CUST1014363,0.2466,0.3185,0.0361,0.0688,0.2361,0.1843,2026-06
CUST1014364,0.2134,0.1929,0.0867,0.2649,0.2529,0.1855,2026-06
CUST1014365,0.4535,0.5919,0.2,0.1473,0.4499,0.5603,2026-06
CUST1014366,0.2742,0.7278,0.2172,0.1209,0.2166,0.3578,2026-06
CUST1014367,0.4787,0.4227,0.1962,0.2102,0.5543,0.3926,2026-06
CUST1014368,0.1564,0.5805,0.3626,0.1556,0.2386,0.4365,2026-06
CUST1014369,0.1921,0.6178,0.2672,0.1036,0.0999,0.6997,2026-06
CUST1014370,0.4412,0.4263,0.0112,0.08019999999999999,0.3026,0.2783,2026-06
CUST1014371,0.1929,0.3062,0.08119999999999999,0.3011,0.2776,0.1329,2026-06
CUST1014372,0.4439,0.4854,0.1641,0.1376,0.2749,0.2134,2026-06
CUST1014373,0.3516,0.2885,0.2877,0.0265,0.2918,0.1093,2026-06
CUST1014374,0.01,0.7188,0.0618,0.2544,0.5426,0.4682,2026-06
CUST1014375,0.2626,0.5393,0.3074,0.0559,0.2795,0.5185,2026-06
CUST1014376,0.2496,0.6143999999999999,0.1417,0.2102,0.281,0.5053,2026-06
CUST1014377,0.5242,0.4271,0.3511,0.2828,0.3139,0.6337,2026-06
CUST1014378,0.1685,0.4168,0.3837,0.1694,0.3681,0.3801,2026-06
CUST1014379,0.1978,0.4465,0.0912,0.1987,0.161,0.221,2026-06
CUST1014380,0.3148,0.4567,0.2888,0.1996,0.3771,0.5535,2026-06
CUST1014381,0.6565,0.3295,0.3853,0.1611,0.2562,0.6808999999999999,2026-06
CUST1014382,0.3267,0.6432,0.285,0.1414,0.3745,0.2909,2026-06
CUST1014383,0.1838,0.247,0.01,0.1458,0.5235,0.2194,2026-06
CUST1014384,0.4373,0.264,0.3145,0.1786,0.71,0.2732,2026-06
CUST1014385,0.3764,0.3827,0.3597,0.1953,0.6105,0.3818,2026-06
CUST1014386,0.4273,0.3355,0.2615,0.2914,0.3546,0.3497,2026-06
CUST1014387,0.2831,0.5001,0.3634,0.1546,0.4725,0.2955,2026-06
CUST1014388,0.3959,0.5511,0.2741,0.01,0.3861,0.2772,2026-06
CUST1014389,0.3091,0.4336,0.01,0.1338,0.2676,0.3843,2026-06
CUST1014390,0.1058,0.25,0.2512,0.2269,0.5636,0.232,2026-06
CUST1014391,0.2916,0.4986,0.3379,0.1196,0.2473,0.4953,2026-06
CUST1014392,0.4896,0.4934,0.5135,0.1581,0.3047,0.6671,2026-06
CUST1014393,0.2792,0.421,0.1225,0.1815,0.3637,0.1768,2026-06
CUST1014394,0.3118,0.2062,0.542,0.2142,0.2903,0.3144,2026-06
CUST1014395,0.3754,0.4886,0.2836,0.1,0.2967,0.3849,2026-06
CUST1014396,0.2411,0.3054,0.4725,0.1415,0.3777,0.5359,2026-06
CUST1014397,0.109,0.1229,0.0152,0.1748,0.3276,0.4043,2026-06
CUST1014398,0.5522,0.5657,0.2457,0.2353,0.3544,0.2117,2026-06
CUST1014399,0.2755,0.2289,0.248,0.1957,0.2978,0.1802,2026-06
CUST1014400,0.4867,0.4912,0.3315,0.1402,0.5052,0.6104000000000001,2026-06
CUST1014401,0.1593,0.4436,0.0249,0.1831,0.01,0.1721,2026-06
CUST1014402,0.4398,0.4407,0.4531,0.1206,0.6385,0.3388,2026-06
CUST1014403,0.3271,0.3786,0.4471,0.4124,0.4955,0.5683,2026-06
CUST1014404,0.2581,0.3013,0.1693,0.2837,0.2988,0.4706,2026-06
CUST1014405,0.1853,0.1739,0.0439,0.117,0.3756,0.2114,2026-06
CUST1014406,0.4497,0.2879,0.2571,0.2015,0.2423,0.1942,2026-06
CUST1014407,0.3559,0.3942,0.2826,0.0311,0.5286,0.5062,2026-06
CUST1014408,0.3271,0.3324,0.1711,0.2819,0.3853,0.2195,2026-06
CUST1014409,0.3957,0.2887,0.4542,0.09320000000000001,0.3134,0.0891,2026-06
CUST1014410,0.2504,0.3608,0.4781,0.1871,0.373,0.4363,2026-06
CUST1014411,0.4856,0.4616,0.5644,0.103,0.3328,0.7016,2026-06
CUST1014412,0.3992,0.2789,0.5298,0.1869,0.4136,0.4107,2026-06
CUST1014413,0.2859,0.1441,0.2775,0.2803,0.1999,0.01,2026-06
CUST1014414,0.4661,0.6264999999999999,0.4654,0.1456,0.2938,0.5461,2026-06
CUST1014415,0.3359,0.4386,0.2421,0.2513,0.09810000000000001,0.4562,2026-06
CUST1014416,0.2592,0.3432,0.4731,0.1695,0.3257,0.5593,2026-06
CUST1014417,0.2095,0.2638,0.2632,0.2984,0.3093,0.07580000000000001,2026-06
CUST1014418,0.426,0.2741,0.09950000000000001,0.06569999999999999,0.2617,0.4194,2026-06
CUST1014419,0.2079,0.3686,0.2551,0.1421,0.3566,0.2642,2026-06
CUST1014420,0.229,0.6249,0.4897,0.279,0.2272,0.591,2026-06
CUST1014421,0.3138,0.2295,0.1782,0.1496,0.2955,0.2429,2026-06
CUST1014422,0.3738,0.1979,0.0471,0.2563,0.6713,0.254,2026-06
CUST1014423,0.4726,0.4809,0.2091,0.3339,0.5887,0.5003,2026-06
CUST1014424,0.3077,0.3103,0.407,0.2005,0.2794,0.6744,2026-06
CUST1014425,0.4069,0.2979,0.3039,0.2464,0.3809,0.437,2026-06
CUST1014426,0.414,0.8058,0.3094,0.1149,0.2711,0.5377999999999999,2026-06
CUST1014427,0.2964,0.5652,0.4532,0.1144,0.1765,0.5216,2026-06
CUST1014428,0.2633,0.4868,0.5097,0.2043,0.2915,0.5593,2026-06
CUST1014429,0.263,0.4105,0.4378,0.2071,0.2356,0.4513,2026-06
CUST1014430,0.4108,0.3385,0.1236,0.1832,0.6276,0.01,2026-06
CUST1014431,0.3528,0.6826,0.4749,0.1356,0.2096,0.416,2026-06
CUST1014432,0.4359,0.7074,0.322,0.0728,0.2484,0.2642,2026-06
CUST1014433,0.4563,0.3843,0.0565,0.0398,0.4702,0.12,2026-06
CUST1014434,0.0951,0.5668,0.0396,0.2484,0.3315,0.4928,2026-06
CUST1014435,0.1872,0.5718,0.3971,0.0474,0.1858,0.3555,2026-06
CUST1014436,0.5155,0.4186,0.4643,0.1732,0.312,0.2723,2026-06
CUST1014437,0.4679,0.4801,0.08160000000000001,0.0857,0.2555,0.1363,2026-06
CUST1014438,0.359,0.3631,0.2993,0.1494,0.3612,0.3823,2026-06
CUST1014439,0.4759,0.678,0.4384,0.3266,0.2446,0.5242,2026-06
CUST1014440,0.3786,0.1856,0.1749,0.1252,0.3149,0.3954,2026-06
CUST1014441,0.5314,0.469,0.265,0.2439,0.2844,0.5968,2026-06
CUST1014442,0.4651,0.5044,0.4242,0.1767,0.4455,0.5697,2026-06
CUST1014443,0.4712,0.4851,0.4593,0.2699,0.2928,0.4697,2026-06
CUST1014444,0.6048,0.5079,0.379,0.2016,0.3818,0.3267,2026-06
CUST1014445,0.3021,0.3874,0.3087,0.09429999999999999,0.3347,0.4105,2026-06
CUST1014446,0.4597,0.531,0.3982,0.1943,0.5794,0.3222,2026-06
CUST1014447,0.4468,0.388,0.166,0.3146,0.2116,0.3388,2026-06
CUST1014448,0.2604,0.3069,0.2905,0.1273,0.348,0.2196,2026-06
CUST1014449,0.6637999999999999,0.4736,0.4647,0.2495,0.3373,0.1892,2026-06
CUST1014450,0.5983000000000001,0.4244,0.2598,0.6092,0.256,0.01,2026-06
CUST1014451,0.2767,0.6876,0.2799,0.2511,0.292,0.4395,2026-06
CUST1014452,0.5128,0.6711,0.4617,0.0896,0.1808,0.3749,2026-06
CUST1014453,0.5585,0.4436,0.2085,0.09039999999999999,0.4245,0.1294,2026-06
CUST1014454,0.6119,0.2947,0.2082,0.2781,0.4568,0.1932,2026-06
CUST1014455,0.2876,0.5679999999999999,0.01,0.2746,0.2747,0.1548,2026-06
CUST1014456,0.4727,0.2916,0.2601,0.0828,0.3901,0.4042,2026-06
CUST1014457,0.6379,0.4668,0.5663,0.0823,0.3836,0.2271,2026-06
CUST1014458,0.4496,0.4361,0.4323,0.0794,0.3851,0.339,2026-06
CUST1014459,0.3948,0.6494,0.2862,0.5262,0.3023,0.4078,2026-06
CUST1014460,0.4245,0.5161,0.4614,0.1058,0.3385,0.3707,2026-06
CUST1014461,0.5062,0.5845,0.2466,0.287,0.3191,0.2904,2026-06
CUST1014462,0.2492,0.4401,0.3328,0.1387,0.549,0.4535,2026-06
CUST1014463,0.5137,0.7514,0.1621,0.1017,0.3027,0.3949,2026-06
CUST1014464,0.257,0.2958,0.3558,0.1462,0.5423,0.06900000000000001,2026-06
CUST1014465,0.5306,0.6291,0.5358000000000001,0.1891,0.2626,0.3075,2026-06
CUST1014466,0.525,0.4168,0.4518,0.2525,0.5125,0.4501,2026-06
CUST1014467,0.2175,0.3925,0.3997,0.3532,0.3535,0.6141,2026-06
CUST1014468,0.4012,0.1631,0.2327,0.0269,0.3333,0.3412,2026-06
CUST1014469,0.515,0.3628,0.2281,0.0659,0.3108,0.01,2026-06
CUST1014470,0.5903,0.3143,0.2869,0.06660000000000001,0.3737,0.0279,2026-06
CUST1014471,0.1594,0.4145,0.3784,0.2702,0.4102,0.3951,2026-06
CUST1014472,0.3395,0.5329,0.1873,0.2321,0.4835,0.6198,2026-06
CUST1014473,0.3117,0.0775,0.1692,0.0828,0.304,0.0278,2026-06
CUST1014474,0.4725,0.3682,0.4449,0.1513,0.2895,0.4618,2026-06
CUST1014475,0.4711,0.4654,0.2101,0.2369,0.2598,0.2661,2026-06
CUST1014476,0.3783,0.4642,0.2501,0.181,0.3724,0.2522,2026-06
CUST1014477,0.3158,0.7173,0.3228,0.3499,0.4113,0.439,2026-06
CUST1014478,0.4679,0.545,0.1028,0.2074,0.1925,0.3614,2026-06
CUST1014479,0.1872,0.4198,0.2766,0.1371,0.3192,0.2485,2026-06
CUST1014480,0.5078,0.4389,0.4831,0.01,0.2739,0.2826,2026-06
CUST1014481,0.3506,0.2463,0.379,0.2267,0.3176,0.07770000000000001,2026-06
CUST1014482,0.3256,0.01,0.1958,0.2082,0.2506,0.1351,2026-06
CUST1014483,0.304,0.4767,0.0169,0.2328,0.3654,0.1882,2026-06
CUST1014484,0.5169,0.5508999999999999,0.2923,0.1919,0.2268,0.5191,2026-06
CUST1014485,0.4535,0.7197,0.4428,0.1452,0.2122,0.4701,2026-06
CUST1014486,0.4596,0.5244,0.4291,0.1489,0.2893,0.3715,2026-06
CUST1014487,0.3135,0.4815,0.037,0.3434,0.2046,0.1217,2026-06
CUST1014488,0.2966,0.5600000000000001,0.1017,0.1125,0.3983,0.0968,2026-06
CUST1014489,0.294,0.5241,0.0332,0.2597,0.1674,0.2713,2026-06
CUST1014490,0.3259,0.8838,0.2248,0.1567,0.3283,0.2518,2026-06
CUST1014491,0.4001,0.1938,0.01,0.2058,0.5303,0.09370000000000001,2026-06
CUST1014492,0.1261,0.1189,0.1145,0.2059,0.2218,0.09810000000000001,2026-06
CUST1014493,0.4031,0.5142,0.3431,0.2763,0.2784,0.6593,2026-06
CUST1014494,0.3959,0.2086,0.2011,0.278,0.5052,0.1243,2026-06
CUST1014495,0.0905,0.8171,0.2289,0.2759,0.3501,0.4367,2026-06
CUST1014496,0.3939,0.6553,0.3688,0.1598,0.3746,0.5611,2026-06
CUST1014497,0.1703,0.4795,0.3382,0.2005,0.3059,0.3895,2026-06
CUST1014498,0.151,0.2085,0.2553,0.179,0.1891,0.4138,2026-06
CUST1014499,0.3754,0.4166,0.138,0.2152,0.3964,0.5242,2026-06
CUST1014500,0.2423,0.4726,0.3381,0.3358,0.2128,0.2209,2026-06
CUST1014501,0.4665,0.4714,0.3144,0.2281,0.3617,0.5571,2026-06
CUST1014502,0.152,0.1057,0.08740000000000001,0.0325,0.4128,0.1536,2026-06
CUST1014503,0.3216,0.3973,0.3188,0.5494,0.4579,0.3114,2026-06
CUST1014504,0.2291,0.332,0.1763,0.0756,0.4385,0.1094,2026-06
CUST1014505,0.2653,0.3191,0.1161,0.08840000000000001,0.6284,0.383,2026-06
CUST1014506,0.3145,0.3218,0.4945,0.1001,0.3666,0.4708,2026-06
CUST1014507,0.2745,0.2057,0.3234,0.1756,0.4825,0.1355,2026-06
CUST1014508,0.2168,0.3292,0.3735,0.2296,0.1619,0.4116,2026-06
CUST1014509,0.5717,0.6844,0.5008,0.1887,0.4607,0.6126,2026-06
CUST1014510,0.2696,0.4168,0.2455,0.0537,0.3649,0.3963,2026-06
CUST1014511,0.2774,0.524,0.4465,0.1942,0.1913,0.3154,2026-06
CUST1014512,0.2877,0.3991,0.4723,0.2007,0.2887,0.335,2026-06
CUST1014513,0.3984,0.4624,0.2924,0.2208,0.2812,0.3931,2026-06
CUST1014514,0.2435,0.6672,0.2233,0.2097,0.2913,0.4699,2026-06
CUST1014515,0.01,0.3471,0.2694,0.01,0.4051,0.5555,2026-06
CUST1014516,0.5132,0.5086000000000001,0.5502,0.01,0.4404,0.4153,2026-06
CUST1014517,0.3994,0.4037,0.2739,0.1101,0.1895,0.5491,2026-06
CUST1014518,0.3727,0.5603,0.5198,0.09420000000000001,0.4295,0.3782,2026-06
CUST1014519,0.2549,0.2179,0.1677,0.0959,0.3612,0.1016,2026-06
CUST1014520,0.1836,0.2716,0.0374,0.0317,0.4832,0.3314,2026-06
CUST1014521,0.4871,0.4916,0.4235,0.176,0.3027,0.1981,2026-06
CUST1014522,0.519,0.2752,0.3779,0.26,0.1701,0.3617,2026-06
CUST1014523,0.4515,0.5894,0.5703,0.1773,0.3305,0.5841,2026-06
CUST1014524,0.5405,0.241,0.3414,0.2426,0.2669,0.3536,2026-06
CUST1014525,0.127,0.5941,0.0564,0.0557,0.2924,0.3849,2026-06
CUST1014526,0.1555,0.2135,0.1108,0.0992,0.3767,0.3096,2026-06
CUST1014527,0.331,0.5746,0.5982,0.0646,0.2511,0.3262,2026-06
CUST1014528,0.3646,0.2816,0.01,0.4877,0.1398,0.0521,2026-06
CUST1014529,0.274,0.6815,0.4237,0.081,0.0252,0.4521,2026-06
CUST1014530,0.2625,0.2303,0.1915,0.2125,0.1946,0.1006,2026-06
CUST1014531,0.5967,0.6447000000000001,0.3233,0.1131,0.2846,0.4373,2026-06
CUST1014532,0.6325,0.4011,0.6581,0.629,0.2961,0.3425,2026-06
CUST1014533,0.3818,0.447,0.0197,0.1897,0.2798,0.4535,2026-06
CUST1014534,0.6626,0.3345,0.2492,0.0235,0.3881,0.2523,2026-06
CUST1014535,0.1401,0.2273,0.0117,0.2192,0.3152,0.1947,2026-06
CUST1014536,0.3864,0.5694,0.5381,0.2582,0.2555,0.3454,2026-06
CUST1014537,0.3597,0.428,0.3356,0.1285,0.4108,0.4469,2026-06
CUST1014538,0.3347,0.61,0.01,0.1856,0.2325,0.1825,2026-06
CUST1014539,0.3475,0.5273,0.3781,0.0919,0.1787,0.5144,2026-06
CUST1014540,0.4956,0.4863,0.1738,0.1033,0.3701,0.149,2026-06
CUST1014541,0.1256,0.2949,0.1032,0.1409,0.2556,0.1961,2026-06
CUST1014542,0.4076,0.6929,0.3436,0.1372,0.1112,0.4492,2026-06
CUST1014543,0.433,0.5750999999999999,0.3662,0.0404,0.268,0.596,2026-06
CUST1014544,0.4975,0.5584,0.2944,0.1673,0.3161,0.4205,2026-06
CUST1014545,0.3638,0.3816,0.4971,0.1794,0.3638,0.4084,2026-06
CUST1014546,0.2872,0.4741,0.5127,0.3015,0.2871,0.7095,2026-06
CUST1014547,0.3335,0.4906,0.3965,0.1095,0.2768,0.5926,2026-06
CUST1014548,0.3542,0.457,0.2491,0.2405,0.3542,0.293,2026-06
CUST1014549,0.3633,0.469,0.226,0.2113,0.1762,0.5002,2026-06
CUST1014550,0.364,0.3642,0.3496,0.1765,0.3976,0.5715,2026-06
CUST1014551,0.1941,0.1172,0.3629,0.2472,0.4409,0.2918,2026-06
CUST1014552,0.3634,0.7181999999999999,0.4608,0.1029,0.2227,0.419,2026-06
CUST1014553,0.3814,0.3658,0.3092,0.1368,0.3547,0.3836,2026-06
CUST1014554,0.3277,0.4491,0.461,0.0276,0.3503,0.469,2026-06
CUST1014555,0.4306,0.7033,0.4993,0.3083,0.2109,0.5461,2026-06
CUST1014556,0.2119,0.425,0.09429999999999999,0.0557,0.545,0.4419,2026-06
CUST1014557,0.2697,0.4767,0.3246,0.4052,0.4176,0.482,2026-06
CUST1014558,0.173,0.5492,0.3699,0.1857,0.2422,0.5132,2026-06
CUST1014559,0.1365,0.4889,0.2826,0.2062,0.3163,0.4113,2026-06
CUST1014560,0.4988,0.4898,0.5689,0.3142,0.2849,0.2664,2026-06
CUST1014561,0.1948,0.1581,0.1961,0.0634,0.4192,0.4148,2026-06
CUST1014562,0.3654,0.3604,0.4892,0.06660000000000001,0.3499,0.4922,2026-06
CUST1014563,0.1362,0.3266,0.1459,0.3382,0.1661,0.06569999999999999,2026-06
CUST1014564,0.4068,0.0721,0.08500000000000001,0.4744,0.3406,0.3325,2026-06
CUST1014565,0.2458,0.3348,0.3434,0.189,0.4153,0.3345,2026-06
CUST1014566,0.5568,0.7492,0.5163,0.1508,0.3124,0.3143,2026-06
CUST1014567,0.4943,0.4577,0.2001,0.2293,0.6694,0.376,2026-06
CUST1014568,0.172,0.1476,0.2929,0.1609,0.4553,0.3151,2026-06
CUST1014569,0.1224,0.7497,0.2875,0.2061,0.1996,0.3914,2026-06
CUST1014570,0.3916,0.6067,0.1476,0.2741,0.4267,0.2404,2026-06
CUST1014571,0.202,0.3456,0.4193,0.103,0.4218,0.3818,2026-06
CUST1014572,0.4435,0.3902,0.4352,0.2112,0.3133,0.3758,2026-06
CUST1014573,0.1728,0.5810999999999999,0.4202,0.1346,0.3598,0.5905,2026-06
CUST1014574,0.2478,0.5756,0.2273,0.0718,0.2959,0.4575,2026-06
CUST1014575,0.1548,0.1827,0.3957,0.1359,0.3617,0.3093,2026-06
CUST1014576,0.2405,0.3363,0.0934,0.0857,0.6492,0.01,2026-06
CUST1014577,0.5149,0.4337,0.328,0.1675,0.3927,0.3697,2026-06
CUST1014578,0.4247,0.4429,0.01,0.2806,0.1504,0.4268,2026-06
CUST1014579,0.0999,0.2913,0.3021,0.2204,0.3918,0.384,2026-06
CUST1014580,0.238,0.3497,0.4693,0.1719,0.3567,0.6015,2026-06
CUST1014581,0.3104,0.4391,0.4878,0.2045,0.4604,0.6246,2026-06
CUST1014582,0.4012,0.3751,0.3502,0.1632,0.2455,0.3671,2026-06
CUST1014583,0.4601,0.2577,0.0921,0.08309999999999999,0.413,0.1939,2026-06
CUST1014584,0.4539,0.4589,0.3744,0.652,0.2492,0.2089,2026-06
CUST1014585,0.4936,0.3936,0.417,0.2034,0.5613,0.3999,2026-06
CUST1014586,0.375,0.3447,0.4166,0.1438,0.3546,0.3112,2026-06
CUST1014587,0.4009,0.4771,0.2159,0.2778,0.5083,0.4086,2026-06
CUST1014588,0.4515,0.5193,0.3982,0.2449,0.2582,0.4469,2026-06
CUST1014589,0.0246,0.2736,0.3459,0.0723,0.2413,0.1251,2026-06
CUST1014590,0.493,0.4705,0.2958,0.1348,0.1527,0.4421,2026-06
CUST1014591,0.4637,0.5544,0.378,0.2058,0.4219,0.6157,2026-06
CUST1014592,0.3695,0.3728,0.2578,0.3471,0.3817,0.2464,2026-06
CUST1014593,0.6694,0.5935,0.4998,0.4639,0.1569,0.4014,2026-06
CUST1014594,0.4341,0.4641,0.3615,0.2826,0.658,0.5992,2026-06
CUST1014595,0.4889,0.4239,0.4789,0.01,0.2229,0.3553,2026-06
CUST1014596,0.4592,0.2933,0.09719999999999999,0.08790000000000001,0.4732,0.168,2026-06
CUST1014597,0.5153,0.3619,0.4751,0.2545,0.4458,0.4051,2026-06
CUST1014598,0.5506,0.4009,0.3376,0.0339,0.1679,0.4204,2026-06
CUST1014599,0.4098,0.5117,0.4627,0.2791,0.4729,0.2905,2026-06
CUST1014600,0.409,0.2945,0.3273,0.2693,0.3594,0.4193,2026-06
CUST1014601,0.1788,0.3007,0.2275,0.2385,0.3411,0.1999,2026-06
CUST1014602,0.3614,0.4281,0.383,0.2274,0.2919,0.4386,2026-06
CUST1014603,0.1687,0.4259,0.4084,0.1168,0.3373,0.2951,2026-06
CUST1014604,0.4056,0.4788,0.3376,0.226,0.3333,0.405,2026-06
CUST1014605,0.2194,0.2895,0.074,0.2471,0.3736,0.2002,2026-06
CUST1014606,0.4996,0.3864,0.264,0.5294,0.1393,0.1681,2026-06
CUST1014607,0.4582,0.6962,0.312,0.1151,0.2912,0.5364,2026-06
CUST1014608,0.4168,0.5279,0.4355,0.09130000000000001,0.3776,0.2594,2026-06
CUST1014609,0.3208,0.6101,0.4092,0.2131,0.3397,0.6094000000000001,2026-06
CUST1014610,0.5636,0.7488,0.2024,0.1034,0.2335,0.502,2026-06
CUST1014611,0.5004999999999999,0.4224,0.2789,0.1086,0.6352,0.3789,2026-06
CUST1014612,0.2067,0.4374,0.3313,0.09859999999999999,0.4341,0.3369,2026-06
CUST1014613,0.3689,0.6306,0.4361,0.179,0.2564,0.5737,2026-06
CUST1014614,0.1872,0.2014,0.2907,0.2966,0.3019,0.1593,2026-06
CUST1014615,0.4515,0.4178,0.0104,0.3114,0.2545,0.2145,2026-06
CUST1014616,0.3657,0.2554,0.0834,0.1599,0.653,0.0982,2026-06
CUST1014617,0.2841,0.4374,0.2219,0.1281,0.5536,0.342,2026-06
CUST1014618,0.4123,0.6455,0.1928,0.2657,0.3328,0.6129,2026-06
CUST1014619,0.3419,0.7589,0.1705,0.3064,0.2976,0.2291,2026-06
CUST1014620,0.2167,0.6542,0.3216,0.3252,0.2653,0.3902,2026-06
CUST1014621,0.4637,0.5381,0.3633,0.0369,0.513,0.7056,2026-06
CUST1014622,0.5306999999999999,0.3713,0.3353,0.6563,0.0409,0.32,2026-06
CUST1014623,0.1477,0.7159,0.1433,0.1989,0.2351,0.5478,2026-06
CUST1014624,0.1978,0.2352,0.0655,0.2356,0.5665,0.1059,2026-06
CUST1014625,0.2883,0.2886,0.3377,0.1592,0.3559,0.4634,2026-06
CUST1014626,0.3013,0.5585,0.01,0.1028,0.3646,0.1963,2026-06
CUST1014627,0.1413,0.3561,0.5884,0.2787,0.3195,0.4444,2026-06
CUST1014628,0.3928,0.4553,0.528,0.0779,0.4887,0.6063,2026-06
CUST1014629,0.2225,0.3853,0.601,0.2838,0.1983,0.5236,2026-06
CUST1014630,0.5029,0.5322,0.2734,0.1412,0.3797,0.3279,2026-06
CUST1014631,0.4873,0.4714,0.3413,0.4344,0.2111,0.4907,2026-06
CUST1014632,0.2944,0.2199,0.5322,0.183,0.2579,0.3786,2026-06
CUST1014633,0.3627,0.2866,0.3847,0.1195,0.6776,0.2524,2026-06
CUST1014634,0.415,0.2636,0.264,0.212,0.4183,0.3193,2026-06
CUST1014635,0.3813,0.1618,0.1525,0.2116,0.2569,0.2931,2026-06
CUST1014636,0.1475,0.1533,0.01,0.1949,0.4685,0.2647,2026-06
CUST1014637,0.4443,0.6395,0.2058,0.1116,0.2393,0.3878,2026-06
CUST1014638,0.3342,0.5541,0.1625,0.3123,0.3033,0.3224,2026-06
CUST1014639,0.5888,0.6251,0.3957,0.1357,0.3474,0.3031,2026-06
CUST1014640,0.01,0.1373,0.0461,0.063,0.3759,0.2658,2026-06
CUST1014641,0.4205,0.4952,0.4643,0.1934,0.2844,0.5196,2026-06
CUST1014642,0.4432,0.6617,0.2641,0.2661,0.2446,0.3742,2026-06
CUST1014643,0.3275,0.5088,0.1598,0.2075,0.5414,0.6297,2026-06
CUST1014644,0.1011,0.7053,0.1777,0.2059,0.2196,0.3276,2026-06
CUST1014645,0.4164,0.3978,0.2844,0.0528,0.3533,0.3302,2026-06
CUST1014646,0.4576,0.9093,0.5392,0.1373,0.2807,0.4794,2026-06
CUST1014647,0.48,0.4619,0.2613,0.3323,0.5071,0.4485,2026-06
CUST1014648,0.2778,0.6542,0.1911,0.01,0.2986,0.5444,2026-06
CUST1014649,0.1984,0.4362,0.0569,0.1537,0.2585,0.4582,2026-06
CUST1014650,0.4851,0.5632,0.655,0.1266,0.2415,0.5566,2026-06
CUST1014651,0.01,0.3512,0.2416,0.1566,0.2601,0.2055,2026-06
CUST1014652,0.4573,0.6284999999999999,0.3272,0.1158,0.4125,0.4537,2026-06
CUST1014653,0.1939,0.3181,0.3915,0.1849,0.5457,0.1713,2026-06
CUST1014654,0.3012,0.3503,0.2458,0.1722,0.3103,0.1219,2026-06
CUST1014655,0.6206,0.552,0.1953,0.213,0.5528,0.3333,2026-06
CUST1014656,0.3627,0.3876,0.4994,0.5839,0.3936,0.3196,2026-06
CUST1014657,0.3844,0.3071,0.523,0.276,0.4216,0.5374,2026-06
CUST1014658,0.1868,0.701,0.233,0.1595,0.1407,0.7125,2026-06
CUST1014659,0.2385,0.2017,0.175,0.1695,0.5637,0.124,2026-06
CUST1014660,0.4357,0.4484,0.4373,0.0844,0.2856,0.1957,2026-06
CUST1014661,0.338,0.2831,0.2024,0.1818,0.1506,0.091,2026-06
CUST1014662,0.4417,0.738,0.4777,0.217,0.5984,0.5244,2026-06
CUST1014663,0.293,0.26,0.4107,0.2214,0.3612,0.2793,2026-06
CUST1014664,0.5555,0.8076,0.1924,0.0992,0.3134,0.1831,2026-06
CUST1014665,0.4762,0.6546,0.2344,0.2583,0.2196,0.3569,2026-06
CUST1014666,0.2767,0.6561,0.2968,0.1094,0.2676,0.6207,2026-06
CUST1014667,0.074,0.1459,0.0997,0.1153,0.2751,0.0735,2026-06
CUST1014668,0.2859,0.5453,0.2104,0.7067,0.0706,0.2824,2026-06
CUST1014669,0.3488,0.5223,0.5057,0.2509,0.3791,0.4947,2026-06
CUST1014670,0.5106000000000001,0.4719,0.3458,0.1649,0.4175,0.4277,2026-06
CUST1014671,0.3312,0.6214,0.0144,0.2479,0.3094,0.4061,2026-06
CUST1014672,0.2763,0.4324,0.4181,0.5518999999999999,0.3495,0.4371,2026-06
CUST1014673,0.01,0.466,0.2254,0.145,0.3364,0.144,2026-06
CUST1014674,0.1139,0.0667,0.3378,0.2041,0.3739,0.2526,2026-06
CUST1014675,0.0129,0.5417,0.2916,0.2494,0.4623,0.6784,2026-06
CUST1014676,0.4276,0.1142,0.2891,0.316,0.518,0.0609,2026-06
CUST1014677,0.2957,0.6161,0.3089,0.174,0.3602,0.5484,2026-06
CUST1014678,0.4226,0.5655,0.3942,0.0961,0.3908,0.413,2026-06
CUST1014679,0.3549,0.1223,0.3579,0.1397,0.4247,0.0386,2026-06
CUST1014680,0.2581,0.4117,0.489,0.1453,0.5044,0.4184,2026-06
CUST1014681,0.2458,0.3265,0.4069,0.1738,0.379,0.317,2026-06
CUST1014682,0.4016,0.6636,0.1906,0.1999,0.2357,0.4645,2026-06
CUST1014683,0.1105,0.4751,0.1248,0.0936,0.4086,0.37,2026-06
CUST1014684,0.3429,0.4484,0.3091,0.1184,0.5465,0.6088,2026-06
CUST1014685,0.3907,0.6839,0.1624,0.2469,0.1953,0.2262,2026-06
CUST1014686,0.2506,0.5125999999999999,0.347,0.3482,0.4912,0.4725,2026-06
CUST1014687,0.2925,0.2709,0.2287,0.1193,0.1527,0.2372,2026-06
CUST1014688,0.3518,0.406,0.2981,0.2272,0.3452,0.4558,2026-06
CUST1014689,0.1508,0.3088,0.4058,0.1319,0.2849,0.2228,2026-06
CUST1014690,0.314,0.524,0.2774,0.1744,0.484,0.3543,2026-06
CUST1014691,0.5643,0.4735,0.5331,0.1269,0.4111,0.3037,2026-06
CUST1014692,0.1346,0.54,0.01,0.1621,0.1788,0.4696,2026-06
CUST1014693,0.5117,0.1923,0.3184,0.1587,0.4912,0.0726,2026-06
CUST1014694,0.4294,0.3071,0.2762,0.1721,0.5684,0.2017,2026-06
CUST1014695,0.6611,0.487,0.342,0.1192,0.5843,0.525,2026-06
CUST1014696,0.4701,0.5546,0.11,0.281,0.2239,0.7056,2026-06
CUST1014697,0.4611,0.4307,0.4963,0.2304,0.3709,0.5352,2026-06
CUST1014698,0.5444,0.4341,0.3403,0.2299,0.4723,0.1518,2026-06
CUST1014699,0.137,0.2885,0.08069999999999999,0.2548,0.5964,0.12,2026-06
CUST1014700,0.3511,0.5366,0.3013,0.2723,0.4677,0.5245,2026-06
CUST1014701,0.0545,0.2356,0.1412,0.1724,0.4275,0.08799999999999999,2026-06
CUST1014702,0.1788,0.3033,0.01,0.134,0.1558,0.136,2026-06
CUST1014703,0.1869,0.3368,0.101,0.6977,0.2171,0.1031,2026-06
CUST1014704,0.5043,0.5322,0.3866,0.0982,0.4046,0.4706,2026-06
CUST1014705,0.2,0.1768,0.01,0.1102,0.3477,0.0533,2026-06
CUST1014706,0.6251,0.6588000000000001,0.4158,0.0735,0.3139,0.5111,2026-06
CUST1014707,0.4493,0.6599,0.258,0.2117,0.2793,0.547,2026-06
CUST1014708,0.1986,0.555,0.1779,0.099,0.2622,0.3467,2026-06
CUST1014709,0.2263,0.4668,0.0439,0.3306,0.2116,0.2013,2026-06
CUST1014710,0.4664,0.6666,0.3719,0.1723,0.2639,0.6055,2026-06
CUST1014711,0.6389,0.5349,0.6007,0.3387,0.2924,0.5233,2026-06
CUST1014712,0.4733,0.4371,0.3619,0.0561,0.3821,0.4414,2026-06
CUST1014713,0.434,0.3856,0.4061,0.2116,0.2671,0.2728,2026-06
CUST1014714,0.5229,0.6471,0.4962,0.2315,0.1352,0.6588000000000001,2026-06
CUST1014715,0.231,0.3441,0.4388,0.227,0.3283,0.4079,2026-06
CUST1014716,0.2584,0.7761,0.3127,0.1737,0.2485,0.4131,2026-06
CUST1014717,0.3921,0.1181,0.3223,0.1424,0.3784,0.2729,2026-06
CUST1014718,0.4533,0.487,0.4267,0.2038,0.4081,0.2609,2026-06
CUST1014719,0.3192,0.3823,0.2781,0.0418,0.3988,0.3234,2026-06
CUST1014720,0.3325,0.4705,0.391,0.1513,0.367,0.429,2026-06
CUST1014721,0.2704,0.5481,0.332,0.1494,0.3391,0.6146,2026-06
CUST1014722,0.2737,0.751,0.3889,0.242,0.4076,0.3987,2026-06
CUST1014723,0.2336,0.5043,0.3881,0.1287,0.2177,0.275,2026-06
CUST1014724,0.239,0.3797,0.4602,0.1255,0.4859,0.3071,2026-06
CUST1014725,0.3969,0.5154,0.4195,0.5986,0.1871,0.5717,2026-06
CUST1014726,0.507,0.3872,0.2906,0.195,0.4759,0.1758,2026-06
CUST1014727,0.3775,0.6483,0.348,0.2712,0.3442,0.5249,2026-06
CUST1014728,0.4606,0.3996,0.3945,0.1251,0.1205,0.5966,2026-06
CUST1014729,0.3898,0.6201,0.2114,0.0961,0.3183,0.5162,2026-06
CUST1014730,0.2319,0.3938,0.4061,0.1046,0.189,0.6158,2026-06
CUST1014731,0.2119,0.2281,0.2956,0.7207,0.2101,0.2858,2026-06
CUST1014732,0.2159,0.3993,0.1895,0.6395999999999999,0.2137,0.5371,2026-06
CUST1014733,0.2595,0.4363,0.3757,0.153,0.4806,0.4958,2026-06
CUST1014734,0.4111,0.4993,0.139,0.2674,0.1047,0.4177,2026-06
CUST1014735,0.2876,0.3924,0.4896,0.1726,0.509,0.5963000000000001,2026-06
CUST1014736,0.3967,0.4169,0.267,0.2774,0.5317,0.3643,2026-06
CUST1014737,0.5096000000000001,0.5612,0.1701,0.1636,0.3057,0.5711000000000001,2026-06
CUST1014738,0.276,0.5163,0.3831,0.412,0.2701,0.4086,2026-06
CUST1014739,0.4655,0.5229,0.3369,0.5603,0.1475,0.4062,2026-06
CUST1014740,0.4929,0.471,0.0305,0.1251,0.1726,0.2208,2026-06
CUST1014741,0.5232,0.08740000000000001,0.1646,0.2621,0.5252,0.1526,2026-06
CUST1014742,0.2387,0.3502,0.5052,0.2774,0.4933,0.257,2026-06
CUST1014743,0.3092,0.3464,0.01,0.09760000000000001,0.3672,0.2225,2026-06
CUST1014744,0.4668,0.1562,0.2722,0.2449,0.3658,0.1534,2026-06
CUST1014745,0.3808,0.2581,0.2603,0.08939999999999999,0.2374,0.2839,2026-06
CUST1014746,0.1608,0.5075,0.1698,0.074,0.4732,0.4211,2026-06
CUST1014747,0.4651,0.545,0.2416,0.4255,0.5373,0.218,2026-06
CUST1014748,0.3965,0.6163,0.1796,0.2357,0.2817,0.0982,2026-06
CUST1014749,0.3371,0.5995,0.2777,0.1923,0.2883,0.1625,2026-06
CUST1014750,0.5062,0.4067,0.57,0.08939999999999999,0.3744,0.5491,2026-06
CUST1014751,0.4604,0.4763,0.4482,0.2747,0.6047,0.3945,2026-06
CUST1014752,0.3601,0.5459000000000001,0.063,0.1392,0.0789,0.1691,2026-06
CUST1014753,0.2055,0.0847,0.2274,0.1206,0.2727,0.2138,2026-06
CUST1014754,0.2709,0.1618,0.01,0.1592,0.4115,0.2666,2026-06
CUST1014755,0.2591,0.4125,0.4693,0.5671,0.3252,0.2408,2026-06
CUST1014756,0.278,0.4032,0.3626,0.2967,0.2819,0.5527,2026-06
CUST1014757,0.4908,0.5565,0.33,0.3081,0.2845,0.5496,2026-06
CUST1014758,0.3965,0.607,0.2073,0.181,0.3088,0.4366,2026-06
CUST1014759,0.3911,0.5857,0.2131,0.2541,0.4002,0.4313,2026-06
CUST1014760,0.3363,0.5491,0.4427,0.2994,0.3949,0.3429,2026-06
CUST1014761,0.2073,0.236,0.29,0.158,0.0539,0.6216,2026-06
CUST1014762,0.1825,0.5403,0.1385,0.2831,0.2447,0.6191,2026-06
CUST1014763,0.1151,0.6458,0.1836,0.2069,0.2753,0.1905,2026-06
CUST1014764,0.3591,0.4794,0.4286,0.0583,0.4986,0.5507,2026-06
CUST1014765,0.1995,0.4172,0.3237,0.0613,0.3563,0.6041,2026-06
CUST1014766,0.1848,0.335,0.3526,0.147,0.373,0.4985,2026-06
CUST1014767,0.2771,0.3722,0.1045,0.1556,0.2412,0.09279999999999999,2026-06
CUST1014768,0.3739,0.1043,0.2912,0.6989,0.3992,0.01,2026-06
CUST1014769,0.4152,0.3061,0.4559,0.2627,0.4908,0.5147,2026-06
CUST1014770,0.3052,0.1191,0.2865,0.0246,0.2299,0.267,2026-06
CUST1014771,0.676,0.3743,0.3004,0.1088,0.4493,0.1085,2026-06
CUST1014772,0.06850000000000001,0.1628,0.0382,0.3343,0.5495,0.01,2026-06
CUST1014773,0.3539,0.513,0.0545,0.284,0.2888,0.0576,2026-06
CUST1014774,0.3973,0.6469,0.2785,0.6563,0.1372,0.1884,2026-06
CUST1014775,0.4866,0.5323,0.4839,0.239,0.3972,0.4502,2026-06
CUST1014776,0.32,0.3213,0.01,0.0579,0.5451,0.1103,2026-06
CUST1014777,0.3613,0.728,0.3073,0.2207,0.2627,0.4893,2026-06
CUST1014778,0.3335,0.7476,0.347,0.09660000000000001,0.3187,0.3966,2026-06
CUST1014779,0.4122,0.4962,0.4279,0.01,0.2868,0.3811,2026-06
CUST1014780,0.1365,0.1384,0.0373,0.376,0.4497,0.134,2026-06
CUST1014781,0.0615,0.5961,0.2799,0.1254,0.3535,0.3709,2026-06
CUST1014782,0.1947,0.064,0.01,0.0444,0.5998,0.0631,2026-06
CUST1014783,0.4276,0.2408,0.2937,0.1168,0.381,0.2696,2026-06
CUST1014784,0.3715,0.4153,0.4735,0.1978,0.5308,0.4148,2026-06
CUST1014785,0.4268,0.4058,0.4262,0.1681,0.2788,0.5938,2026-06
CUST1014786,0.2281,0.3185,0.3877,0.5895,0.01,0.3173,2026-06
CUST1014787,0.5079,0.4178,0.5487,0.093,0.4219,0.3842,2026-06
CUST1014788,0.2375,0.3309,0.1608,0.145,0.4455,0.3142,2026-06
CUST1014789,0.5281,0.5984,0.5228,0.0512,0.3675,0.5023,2026-06
CUST1014790,0.3156,0.2905,0.2542,0.1511,0.3483,0.2012,2026-06
CUST1014791,0.2114,0.7389,0.2738,0.1159,0.4182,0.3111,2026-06
CUST1014792,0.448,0.3897,0.1703,0.2547,0.5205,0.3684,2026-06
CUST1014793,0.3967,0.2499,0.2005,0.2065,0.5931999999999999,0.2334,2026-06
CUST1014794,0.4492,0.4766,0.2766,0.0532,0.216,0.01,2026-06
CUST1014795,0.3773,0.2426,0.3252,0.0822,0.4147,0.1943,2026-06
CUST1014796,0.427,0.7527,0.4851,0.2492,0.2713,0.2855,2026-06
CUST1014797,0.4908,0.3528,0.4335,0.1583,0.4984,0.3845,2026-06
CUST1014798,0.4847,0.6133999999999999,0.3344,0.0825,0.3082,0.5507,2026-06
CUST1014799,0.6357,0.3023,0.1486,0.2614,0.4082,0.1732,2026-06
CUST1014800,0.5646,0.403,0.5291,0.2301,0.2834,0.6485,2026-06
CUST1014801,0.2591,0.7745,0.3688,0.0228,0.3515,0.6488,2026-06
CUST1014802,0.4515,0.6807,0.2508,0.1906,0.2083,0.5286999999999999,2026-06
CUST1014803,0.3583,0.5057,0.3417,0.3148,0.2943,0.3184,2026-06
CUST1014804,0.4191,0.4392,0.2166,0.5688,0.4321,0.2547,2026-06
CUST1014805,0.2398,0.3534,0.4017,0.3378,0.3766,0.6714,2026-06
CUST1014806,0.67,0.1802,0.1113,0.01,0.4867,0.1736,2026-06
CUST1014807,0.4142,0.5076000000000001,0.4672,0.1661,0.4652,0.4439,2026-06
CUST1014808,0.4073,0.1939,0.01,0.2076,0.2438,0.0985,2026-06
CUST1014809,0.33,0.1697,0.2367,0.2543,0.2304,0.3344,2026-06
CUST1014810,0.2147,0.732,0.221,0.1858,0.2071,0.5750999999999999,2026-06
CUST1014811,0.2221,0.4171,0.3464,0.2352,0.4304,0.6089,2026-06
CUST1014812,0.2741,0.4318,0.4932,0.2366,0.3969,0.287,2026-06
CUST1014813,0.4794,0.5666,0.01,0.5002,0.232,0.1616,2026-06
CUST1014814,0.5356,0.4818,0.4506,0.211,0.3106,0.5977,2026-06
CUST1014815,0.2667,0.179,0.01,0.5689,0.3768,0.1689,2026-06
CUST1014816,0.4869,0.6636,0.0544,0.5979,0.1463,0.3522,2026-06
CUST1014817,0.3523,0.5246,0.4937,0.2479,0.492,0.3563,2026-06
CUST1014818,0.0188,0.1252,0.01,0.226,0.4402,0.0124,2026-06
CUST1014819,0.1311,0.37,0.0535,0.3008,0.07340000000000001,0.1798,2026-06
CUST1014820,0.402,0.5011,0.417,0.1601,0.3608,0.4322,2026-06
CUST1014821,0.2268,0.1541,0.0771,0.01,0.5508,0.1858,2026-06
CUST1014822,0.3084,0.7827,0.4113,0.254,0.237,0.4772,2026-06
CUST1014823,0.3161,0.2033,0.1605,0.2553,0.3094,0.1886,2026-06
CUST1014824,0.2535,0.1043,0.01,0.2769,0.5501,0.1029,2026-06
CUST1014825,0.3576,0.4404,0.3333,0.1978,0.246,0.6815,2026-06
CUST1014826,0.2284,0.1757,0.2266,0.1353,0.3153,0.065,2026-06
CUST1014827,0.4868,0.3535,0.5216,0.0633,0.1969,0.7562,2026-06
CUST1014828,0.2122,0.2904,0.0404,0.1354,0.1387,0.1784,2026-06
CUST1014829,0.2481,0.2809,0.448,0.0824,0.3552,0.3413,2026-06
CUST1014830,0.3396,0.6891,0.0177,0.1768,0.3989,0.5044,2026-06
CUST1014831,0.3293,0.4956,0.3053,0.1412,0.4043,0.5039,2026-06
CUST1014832,0.3825,0.5056,0.2323,0.2621,0.359,0.3053,2026-06
CUST1014833,0.3412,0.2912,0.4544,0.01,0.3026,0.4553,2026-06
CUST1014834,0.2102,0.417,0.2631,0.1651,0.4616,0.2793,2026-06
CUST1014835,0.3554,0.2756,0.3799,0.1193,0.4685,0.5739,2026-06
CUST1014836,0.3271,0.2403,0.0803,0.1562,0.7421,0.0621,2026-06
CUST1014837,0.3427,0.4419,0.4825,0.2761,0.5425,0.2235,2026-06
CUST1014838,0.2565,0.7599,0.049,0.1589,0.2274,0.3393,2026-06
CUST1014839,0.2605,0.5052,0.4242,0.1808,0.2587,0.5376,2026-06
CUST1014840,0.245,0.349,0.3155,0.1916,0.4268,0.4684,2026-06
CUST1014841,0.3066,0.4589,0.2547,0.0434,0.2857,0.2762,2026-06
CUST1014842,0.0648,0.3709,0.3511,0.1564,0.4011,0.461,2026-06
CUST1014843,0.4447,0.454,0.3502,0.3749,0.3705,0.8089,2026-06
CUST1014844,0.284,0.2264,0.2308,0.7146,0.175,0.1156,2026-06
CUST1014845,0.1584,0.4012,0.1731,0.3403,0.4245,0.3163,2026-06
CUST1014846,0.01,0.346,0.0582,0.1178,0.1945,0.1953,2026-06
CUST1014847,0.533,0.4922,0.4082,0.09229999999999999,0.3947,0.3927,2026-06
CUST1014848,0.1851,0.2137,0.0283,0.1678,0.5478,0.089,2026-06
CUST1014849,0.4303,0.5611,0.2277,0.1575,0.5416,0.4803,2026-06
CUST1014850,0.4526,0.4975,0.3513,0.1539,0.3508,0.6211,2026-06
CUST1014851,0.5593,0.5667,0.2838,0.2289,0.245,0.3517,2026-06
CUST1014852,0.01,0.5446,0.3183,0.09320000000000001,0.4063,0.3995,2026-06
CUST1014853,0.1966,0.083,0.3137,0.0965,0.3873,0.1794,2026-06
CUST1014854,0.4155,0.3924,0.01,0.1164,0.2527,0.055,2026-06
CUST1014855,0.4168,0.5705,0.01,0.1542,0.3081,0.2412,2026-06
CUST1014856,0.5243,0.4887,0.3051,0.1298,0.2979,0.717,2026-06
CUST1014857,0.3462,0.425,0.4239,0.1031,0.3167,0.6168,2026-06
CUST1014858,0.35,0.4724,0.4562,0.3424,0.3275,0.4981,2026-06
CUST1014859,0.2529,0.2834,0.2767,0.0706,0.4017,0.3014,2026-06
CUST1014860,0.1494,0.3024,0.3724,0.1964,0.3392,0.1971,2026-06
CUST1014861,0.01,0.3974,0.01,0.1852,0.09959999999999999,0.3502,2026-06
CUST1014862,0.2999,0.5589,0.1313,0.1865,0.1985,0.6434,2026-06
CUST1014863,0.5332,0.6501,0.4842,0.0892,0.3412,0.5867,2026-06
CUST1014864,0.3828,0.4551,0.417,0.5521,0.4486,0.2173,2026-06
CUST1014865,0.4875,0.4911,0.4079,0.5244,0.3751,0.4451,2026-06
CUST1014866,0.3182,0.3828,0.0149,0.1073,0.1792,0.2115,2026-06
CUST1014867,0.3026,0.3517,0.3257,0.1758,0.4292,0.3059,2026-06
CUST1014868,0.2947,0.5072,0.3849,0.1797,0.2495,0.6713,2026-06
CUST1014869,0.2949,0.6375999999999999,0.2954,0.2207,0.1894,0.4896,2026-06
CUST1014870,0.599,0.3911,0.3287,0.1784,0.3791,0.4509,2026-06
CUST1014871,0.4307,0.4056,0.2214,0.2574,0.4151,0.0574,2026-06
CUST1014872,0.5354,0.6752,0.5026,0.242,0.1874,0.544,2026-06
CUST1014873,0.2493,0.578,0.2891,0.2959,0.3966,0.4622,2026-06
CUST1014874,0.5552,0.5632,0.3979,0.07920000000000001,0.3768,0.6202,2026-06
CUST1014875,0.1459,0.5424,0.2617,0.0675,0.2262,0.4533,2026-06
CUST1014876,0.2029,0.2137,0.1101,0.3043,0.1924,0.045,2026-06
CUST1014877,0.3058,0.4599,0.3935,0.1683,0.3715,0.4995,2026-06
CUST1014878,0.374,0.3866,0.3961,0.1748,0.3646,0.1812,2026-06
CUST1014879,0.47,0.6915,0.4576,0.1462,0.3961,0.3934,2026-06
CUST1014880,0.2594,0.2397,0.4334,0.5777,0.3118,0.3756,2026-06
CUST1014881,0.3318,0.6133999999999999,0.3491,0.2954,0.3224,0.5017,2026-06
CUST1014882,0.0785,0.5898,0.4336,0.1196,0.4203,0.5453,2026-06
CUST1014883,0.2608,0.4769,0.4482,0.01,0.4273,0.4297,2026-06
CUST1014884,0.1019,0.4455,0.1362,0.1879,0.495,0.5629999999999999,2026-06
CUST1014885,0.4625,0.176,0.2814,0.6133999999999999,0.1424,0.1175,2026-06
CUST1014886,0.3461,0.5232,0.1507,0.5264,0.0727,0.3509,2026-06
CUST1014887,0.4439,0.6349,0.2621,0.0877,0.2313,0.4386,2026-06
CUST1014888,0.2773,0.3726,0.2557,0.2216,0.2663,0.01,2026-06
CUST1014889,0.2228,0.4568,0.6097,0.1355,0.3564,0.4809,2026-06
CUST1014890,0.6312,0.3908,0.5979,0.226,0.2804,0.5673,2026-06
CUST1014891,0.4001,0.3751,0.5341,0.1295,0.3928,0.6325,2026-06
CUST1014892,0.4464,0.1899,0.1461,0.1982,0.3609,0.0518,2026-06
CUST1014893,0.4023,0.2308,0.2064,0.3145,0.356,0.1599,2026-06
CUST1014894,0.4471,0.2302,0.356,0.6135,0.2889,0.01,2026-06
CUST1014895,0.2804,0.1338,0.1933,0.2062,0.225,0.081,2026-06
CUST1014896,0.1131,0.3071,0.1062,0.1917,0.0927,0.065,2026-06
CUST1014897,0.604,0.2679,0.3975,0.1477,0.4228,0.1971,2026-06
CUST1014898,0.1906,0.01,0.2713,0.0245,0.4323,0.01,2026-06
CUST1014899,0.4093,0.313,0.2269,0.1372,0.6627,0.2161,2026-06
CUST1014900,0.5463,0.4406,0.4432,0.1108,0.358,0.4397,2026-06
CUST1014901,0.4784,0.6778999999999999,0.5141,0.164,0.3512,0.3731,2026-06
CUST1014902,0.3847,0.4228,0.3924,0.4566,0.4107,0.4238,2026-06
CUST1014903,0.3925,0.4848,0.1799,0.6177,0.2546,0.0498,2026-06
CUST1014904,0.1942,0.375,0.2525,0.2235,0.4959,0.3976,2026-06
CUST1014905,0.5513,0.5913,0.3981,0.014,0.2806,0.3008,2026-06
CUST1014906,0.4067,0.2251,0.2787,0.1226,0.3736,0.1553,2026-06
CUST1014907,0.3914,0.5505,0.0929,0.254,0.208,0.3654,2026-06
CUST1014908,0.3539,0.3119,0.3063,0.1443,0.3907,0.411,2026-06
CUST1014909,0.2334,0.2165,0.283,0.1409,0.4143,0.12,2026-06
CUST1014910,0.5586,0.3063,0.2703,0.0535,0.3158,0.1688,2026-06
CUST1014911,0.5971,0.3673,0.4331,0.06950000000000001,0.3418,0.5185999999999999,2026-06
CUST1014912,0.2681,0.168,0.2698,0.0946,0.2755,0.6602,2026-06
CUST1014913,0.4491,0.5728,0.4267,0.0896,0.4463,0.4961,2026-06
CUST1014914,0.581,0.1778,0.3409,0.1808,0.4023,0.1728,2026-06
CUST1014915,0.2937,0.5727,0.0872,0.6399,0.157,0.447,2026-06
CUST1014916,0.433,0.6853,0.1952,0.1344,0.3084,0.5414,2026-06
CUST1014917,0.4339,0.4547,0.2773,0.1072,0.5194,0.3394,2026-06
CUST1014918,0.5505,0.5254,0.2937,0.2436,0.2747,0.2127,2026-06
CUST1014919,0.2233,0.2662,0.0917,0.1833,0.2749,0.2798,2026-06
CUST1014920,0.2073,0.2257,0.3155,0.1813,0.4732,0.1553,2026-06
CUST1014921,0.1842,0.3308,0.0927,0.1791,0.2674,0.1362,2026-06
CUST1014922,0.3148,0.0974,0.0307,0.296,0.2887,0.1878,2026-06
CUST1014923,0.3924,0.2543,0.3031,0.0314,0.4566,0.3593,2026-06
CUST1014924,0.2951,0.01,0.221,0.0575,0.3307,0.1395,2026-06
CUST1014925,0.4459,0.3471,0.5695,0.0512,0.2975,0.5118,2026-06
CUST1014926,0.4875,0.5218,0.3411,0.2282,0.4586,0.4047,2026-06
CUST1014927,0.2612,0.4419,0.4947,0.0114,0.2897,0.4172,2026-06
CUST1014928,0.4686,0.4292,0.4547,0.1245,0.2722,0.5213,2026-06
CUST1014929,0.5205,0.5004,0.4622,0.4877,0.4311,0.2542,2026-06
CUST1014930,0.3621,0.4073,0.4953,0.0384,0.3588,0.5833,2026-06
CUST1014931,0.5545,0.1885,0.3367,0.1791,0.2769,0.1534,2026-06
CUST1014932,0.3035,0.0312,0.2638,0.159,0.3711,0.2168,2026-06
CUST1014933,0.07630000000000001,0.413,0.4747,0.2968,0.3806,0.3549,2026-06
CUST1014934,0.4526,0.6516999999999999,0.3667,0.1363,0.3366,0.468,2026-06
CUST1014935,0.1979,0.6860000000000001,0.4983,0.0683,0.2225,0.4859,2026-06
CUST1014936,0.3989,0.4885,0.433,0.123,0.2872,0.648,2026-06
CUST1014937,0.5780999999999999,0.3134,0.3123,0.1952,0.5131,0.08,2026-06
CUST1014938,0.371,0.383,0.2662,0.0876,0.1843,0.1864,2026-06
CUST1014939,0.5362,0.5459000000000001,0.3866,0.2247,0.1016,0.5334,2026-06
CUST1014940,0.4394,0.4651,0.5535,0.3168,0.3048,0.7093,2026-06
CUST1014941,0.4616,0.3099,0.3714,0.1631,0.391,0.4178,2026-06
CUST1014942,0.2237,0.4884,0.5239,0.323,0.3867,0.3257,2026-06
CUST1014943,0.3688,0.4906,0.4943,0.22,0.3707,0.4747,2026-06
CUST1014944,0.227,0.6331,0.4442,0.1616,0.409,0.4125,2026-06
CUST1014945,0.4212,0.3581,0.2344,0.1623,0.3223,0.3406,2026-06
CUST1014946,0.3623,0.5109,0.439,0.0595,0.3831,0.6313,2026-06
CUST1014947,0.2799,0.4829,0.3947,0.1997,0.3945,0.4172,2026-06
CUST1014948,0.3147,0.3864,0.0643,0.4108,0.3149,0.3125,2026-06
CUST1014949,0.4695,0.5474,0.3885,0.1574,0.6163999999999999,0.47,2026-06
CUST1014950,0.5426,0.6076,0.2892,0.1768,0.2829,0.4896,2026-06
CUST1014951,0.4766,0.5206,0.152,0.7112000000000001,0.193,0.2863,2026-06
CUST1014952,0.2565,0.5351,0.2809,0.1823,0.3362,0.2332,2026-06
CUST1014953,0.2194,0.0742,0.01,0.01,0.2951,0.0575,2026-06
CUST1014954,0.4924,0.63,0.2051,0.1893,0.1733,0.3179,2026-06
CUST1014955,0.3491,0.6713,0.0331,0.0902,0.2991,0.1172,2026-06
CUST1014956,0.3582,0.6371,0.3996,0.1642,0.2905,0.7974,2026-06
CUST1014957,0.2992,0.3747,0.3186,0.2174,0.2347,0.4078,2026-06
CUST1014958,0.4205,0.537,0.0687,0.1362,0.0712,0.4036,2026-06
CUST1014959,0.2405,0.2059,0.068,0.2202,0.3347,0.1493,2026-06
CUST1014960,0.3572,0.6636,0.2955,0.0868,0.196,0.3494,2026-06
CUST1014961,0.2425,0.5488,0.4685,0.1575,0.3948,0.3266,2026-06
CUST1014962,0.2822,0.3362,0.01,0.329,0.1431,0.2351,2026-06
CUST1014963,0.527,0.4068,0.2105,0.1176,0.4343,0.364,2026-06
CUST1014964,0.2505,0.3815,0.3933,0.1227,0.3884,0.6405,2026-06
CUST1014965,0.201,0.3621,0.2882,0.3978,0.2058,0.064,2026-06
CUST1014966,0.0673,0.3031,0.3755,0.3634,0.3461,0.3756,2026-06
CUST1014967,0.4092,0.1835,0.2345,0.1636,0.4795,0.3058,2026-06
CUST1014968,0.2197,0.5256,0.392,0.1498,0.349,0.5131,2026-06
CUST1014969,0.4668,0.431,0.4874,0.1642,0.2919,0.4988,2026-06
CUST1014970,0.291,0.4925,0.4906,0.1131,0.6401,0.4177,2026-06
CUST1014971,0.4247,0.6145,0.2826,0.2099,0.1078,0.4676,2026-06
CUST1014972,0.2886,0.0191,0.2961,0.3056,0.5167,0.5750999999999999,2026-06
CUST1014973,0.4773,0.4385,0.4088,0.1431,0.398,0.3732,2026-06
CUST1014974,0.2711,0.3467,0.5345,0.1922,0.2094,0.5163,2026-06
CUST1014975,0.3563,0.3178,0.3472,0.1041,0.2233,0.4324,2026-06
CUST1014976,0.2806,0.2267,0.3607,0.1831,0.2531,0.1676,2026-06
CUST1014977,0.4294,0.6808999999999999,0.0926,0.163,0.2172,0.3541,2026-06
CUST1014978,0.243,0.1589,0.3674,0.1157,0.5125,0.2559,2026-06
CUST1014979,0.3691,0.6324,0.4944,0.666,0.1308,0.2483,2026-06
CUST1014980,0.2562,0.5347,0.01,0.1643,0.5037,0.1424,2026-06
CUST1014981,0.2918,0.2322,0.32,0.1062,0.244,0.2367,2026-06
CUST1014982,0.4681,0.5944,0.4223,0.2666,0.3869,0.6115,2026-06
CUST1014983,0.1302,0.275,0.3901,0.2977,0.3362,0.0558,2026-06
CUST1014984,0.0814,0.5366,0.3296,0.0849,0.3233,0.4851,2026-06
CUST1014985,0.435,0.4903,0.3515,0.1278,0.3449,0.4795,2026-06
CUST1014986,0.09130000000000001,0.4115,0.2868,0.1955,0.5492,0.3788,2026-06
CUST1014987,0.2069,0.3955,0.1328,0.2934,0.2547,0.0548,2026-06
CUST1014988,0.5124,0.4132,0.5436,0.2409,0.2642,0.4536,2026-06
CUST1014989,0.4309,0.4931,0.3566,0.2777,0.4171,0.3291,2026-06
CUST1014990,0.1595,0.3684,0.0732,0.1474,0.1587,0.0848,2026-06
CUST1014991,0.2212,0.5466,0.0351,0.383,0.1553,0.2356,2026-06
CUST1014992,0.5077,0.3304,0.5051,0.1944,0.2364,0.5832000000000001,2026-06
CUST1014993,0.29,0.543,0.6119,0.1541,0.4719,0.2119,2026-06
CUST1014994,0.4359,0.3064,0.457,0.1138,0.2441,0.4854,2026-06
CUST1014995,0.488,0.4134,0.4265,0.055,0.2925,0.3492,2026-06
CUST1014996,0.3977,0.514,0.1862,0.1023,0.2771,0.0496,2026-06
CUST1014997,0.4513,0.6565,0.2952,0.2592,0.2678,0.46,2026-06
CUST1014998,0.4747,0.2513,0.0254,0.0444,0.336,0.2166,2026-06
CUST1014999,0.5504,0.7509,0.0237,0.1384,0.3395,0.2599,2026-06
