Customer ID,PL_count,CC_count,HF_count,SA_count,RD_count,MF_count,HL_count,AL_count,Gen insurance health,POS,Login last month,Month,Year,Total active products (sn),Product opened last 3M (sn),Last product opened (sn)
CUST1000000,0,0,1,1,0,1,0,0,N,N,N,6,2026,3,Y,HL
CUST1000001,0,0,0,1,0,0,0,0,N,N,Y,6,2026,1,N,SA
CUST1000002,2,1,0,1,0,0,0,0,Y,N,N,6,2026,3,Y,AL
CUST1000003,2,2,0,1,0,1,0,0,N,N,N,6,2026,4,N,RD
CUST1000004,0,0,0,1,0,0,0,0,N,N,N,6,2026,1,Y,SA
CUST1000005,2,0,0,1,2,0,0,0,N,N,N,6,2026,3,N,None
CUST1000006,0,0,0,1,0,0,0,0,N,N,N,6,2026,1,Y,RD
CUST1000007,0,0,1,1,0,0,0,0,N,N,N,6,2026,2,Y,CC
CUST1000008,0,0,0,0,0,0,0,0,N,N,Y,6,2026,0,N,None
CUST1000009,0,2,0,1,0,0,0,0,N,N,Y,6,2026,2,Y,CC
CUST1000010,0,0,0,1,0,1,0,0,N,N,Y,6,2026,2,N,CC
CUST1000011,0,2,0,1,0,0,1,0,N,N,Y,6,2026,3,Y,SA
CUST1000012,0,0,0,1,0,1,0,0,Y,N,N,6,2026,2,N,None
CUST1000013,0,0,0,1,0,0,0,0,N,N,Y,6,2026,1,N,CC
CUST1000014,0,1,0,1,0,0,0,0,N,N,Y,6,2026,2,N,None
CUST1000015,0,0,0,1,0,0,0,0,N,N,N,6,2026,1,N,PL
CUST1000016,0,2,0,0,0,0,0,0,N,N,N,6,2026,1,Y,SA
CUST1000017,2,0,0,1,0,2,0,0,N,N,Y,6,2026,3,Y,SA
CUST1000018,0,0,0,0,0,0,0,0,Y,N,N,6,2026,0,N,None
CUST1000019,0,0,0,1,0,0,0,0,N,N,N,6,2026,1,Y,HF
CUST1000020,0,0,0,1,2,0,1,0,N,N,N,6,2026,3,N,None
CUST1000021,0,0,0,1,0,0,0,0,N,N,N,6,2026,1,N,None
CUST1000022,0,0,0,1,0,0,0,0,N,N,Y,6,2026,1,N,None
CUST1000023,2,0,0,1,0,0,0,0,N,N,N,6,2026,2,N,None
CUST1000024,0,0,0,1,0,0,0,0,N,N,Y,6,2026,1,Y,RD
CUST1000025,0,1,0,1,0,0,0,0,N,N,N,6,2026,2,Y,PL
CUST1000026,0,0,0,1,0,0,0,0,Y,N,N,6,2026,1,N,CC
CUST1000027,0,0,0,1,2,0,0,0,Y,N,N,6,2026,2,N,None
CUST1000028,0,1,0,1,1,0,0,0,N,Y,Y,6,2026,3,Y,CC
CUST1000029,1,1,0,1,0,2,0,0,N,Y,Y,6,2026,4,N,None
CUST1000030,1,0,0,1,0,0,0,0,N,N,N,6,2026,2,Y,AL
CUST1000031,0,2,0,1,0,0,1,1,N,N,N,6,2026,4,Y,SA
CUST1000032,2,0,0,0,0,0,0,0,N,N,Y,6,2026,1,N,None
CUST1000033,0,0,0,1,0,0,0,0,N,N,Y,6,2026,1,Y,PL
CUST1000034,0,0,0,1,0,0,0,0,N,N,N,6,2026,1,N,None
CUST1000035,0,0,0,1,0,0,0,0,N,N,Y,6,2026,1,N,CC
CUST1000036,0,0,0,1,3,1,0,1,N,N,Y,6,2026,4,N,None
CUST1000037,0,0,0,1,3,0,0,0,N,N,N,6,2026,2,N,None
CUST1000038,0,0,0,1,0,0,0,0,Y,N,N,6,2026,1,Y,MF
CUST1000039,0,0,0,1,0,0,0,0,N,N,N,6,2026,1,N,None
CUST1000040,0,2,0,1,0,2,0,0,N,N,Y,6,2026,3,Y,SA
CUST1000041,0,1,0,1,0,0,0,1,N,N,Y,6,2026,3,Y,HF
CUST1000042,0,2,0,1,0,0,0,0,N,N,Y,6,2026,2,Y,SA
CUST1000043,0,0,0,1,0,0,0,0,N,N,N,6,2026,1,N,None
CUST1000044,0,1,0,1,0,0,0,0,Y,Y,N,6,2026,2,N,None
CUST1000045,0,2,0,1,0,0,0,0,N,N,Y,6,2026,2,N,None
CUST1000046,0,0,0,1,2,0,0,0,N,N,Y,6,2026,2,N,PL
CUST1000047,0,1,0,1,0,1,0,0,N,N,N,6,2026,3,N,None
CUST1000048,0,0,0,1,0,2,0,0,N,N,Y,6,2026,2,Y,RD
CUST1000049,0,0,0,1,0,0,0,0,Y,N,N,6,2026,1,Y,CC
CUST1000050,0,1,0,1,0,0,0,1,N,N,Y,6,2026,3,N,None
CUST1000051,0,0,0,1,3,0,0,0,N,N,Y,6,2026,2,Y,RD
CUST1000052,0,0,0,1,0,0,0,0,N,N,N,6,2026,1,N,None
CUST1000053,0,1,0,1,0,0,0,0,N,N,Y,6,2026,2,N,None
CUST1000054,0,1,0,1,0,1,0,0,N,N,N,6,2026,3,N,None
CUST1000055,2,0,0,1,0,1,0,0,Y,N,Y,6,2026,3,Y,RD
CUST1000056,0,1,0,1,0,0,0,0,N,N,N,6,2026,2,N,None
CUST1000057,0,0,0,1,0,0,0,0,N,N,Y,6,2026,1,N,None
CUST1000058,0,2,0,1,0,1,0,0,Y,N,N,6,2026,3,N,None
CUST1000059,0,1,0,1,2,0,0,0,N,N,Y,6,2026,3,Y,CC
CUST1000060,0,0,0,1,0,1,0,0,N,N,Y,6,2026,2,Y,SA
CUST1000061,0,0,0,1,0,0,0,0,Y,N,N,6,2026,1,N,None
CUST1000062,0,0,0,1,0,0,0,0,N,N,Y,6,2026,1,N,None
CUST1000063,0,0,0,1,2,0,0,0,N,N,N,6,2026,2,N,RD
CUST1000064,1,0,0,1,0,0,0,0,Y,N,Y,6,2026,2,N,None
CUST1000065,0,0,0,1,0,0,0,0,N,N,Y,6,2026,1,Y,AL
CUST1000066,0,1,0,1,0,0,0,0,N,N,N,6,2026,2,N,PL
CUST1000067,0,2,0,1,0,0,0,0,N,N,Y,6,2026,2,Y,RD
CUST1000068,0,0,0,1,0,0,0,0,N,N,N,6,2026,1,N,None
CUST1000069,0,0,0,1,1,2,0,0,N,Y,Y,6,2026,3,Y,CC
CUST1000070,0,2,0,1,0,1,0,0,N,N,Y,6,2026,3,Y,CC
CUST1000071,0,2,0,1,0,0,0,0,N,N,N,6,2026,2,Y,AL
CUST1000072,0,0,0,1,0,0,1,0,N,N,N,6,2026,2,N,CC
CUST1000073,0,1,0,1,0,2,0,1,N,N,N,6,2026,4,Y,CC
CUST1000074,0,1,0,1,3,0,0,0,N,N,N,6,2026,3,N,None
CUST1000075,0,0,0,1,0,0,0,0,N,N,N,6,2026,1,N,None
CUST1000076,0,2,0,1,3,0,0,0,N,N,Y,6,2026,3,N,CC
CUST1000077,2,0,0,1,0,0,0,0,N,N,Y,6,2026,2,N,None
CUST1000078,0,0,0,1,0,1,0,0,N,N,Y,6,2026,2,N,None
CUST1000079,1,1,0,1,0,0,0,0,N,N,Y,6,2026,3,N,None
CUST1000080,0,0,0,1,0,0,0,0,Y,N,Y,6,2026,1,N,AL
CUST1000081,0,2,0,1,0,1,0,0,N,Y,Y,6,2026,3,N,None
CUST1000082,0,0,0,1,0,0,0,0,Y,N,Y,6,2026,1,Y,SA
CUST1000083,0,1,0,1,0,0,0,0,Y,N,Y,6,2026,2,N,None
CUST1000084,0,0,0,1,0,0,0,0,N,N,Y,6,2026,1,N,SA
CUST1000085,0,0,0,1,0,0,0,0,Y,N,N,6,2026,1,N,None
CUST1000086,1,0,0,1,2,0,0,0,N,N,Y,6,2026,3,N,None
CUST1000087,1,0,0,1,2,0,0,0,N,N,Y,6,2026,3,N,None
CUST1000088,0,2,0,1,0,0,0,0,Y,N,Y,6,2026,2,N,None
CUST1000089,0,2,0,1,0,0,0,0,N,N,N,6,2026,2,Y,PL
CUST1000090,0,0,0,1,0,0,0,0,N,N,Y,6,2026,1,N,None
CUST1000091,2,1,0,1,2,2,0,1,N,N,N,6,2026,6,Y,AL
CUST1000092,0,0,0,1,0,2,0,0,N,N,N,6,2026,2,N,None
CUST1000093,0,0,0,1,0,0,0,0,N,N,Y,6,2026,1,N,None
CUST1000094,0,2,0,1,0,2,0,0,Y,N,Y,6,2026,3,Y,AL
CUST1000095,0,0,0,1,3,0,0,0,N,N,N,6,2026,2,Y,SA
CUST1000096,0,0,0,1,3,0,0,0,Y,N,Y,6,2026,2,N,None
CUST1000097,0,0,0,1,0,0,0,0,N,N,N,6,2026,1,N,None
CUST1000098,0,2,0,1,0,0,0,0,N,N,Y,6,2026,2,N,None
CUST1000099,0,1,0,1,0,0,0,0,N,N,N,6,2026,2,N,None
CUST1000100,0,2,0,1,0,0,0,0,N,N,N,6,2026,2,Y,SA
CUST1000101,0,0,0,0,0,0,0,0,N,N,N,6,2026,0,Y,HF
CUST1000102,2,0,1,1,0,1,1,0,N,N,Y,6,2026,5,Y,CC
CUST1000103,0,0,0,1,0,0,0,0,N,N,Y,6,2026,1,Y,AL
CUST1000104,0,0,0,1,2,1,0,0,N,N,N,6,2026,3,Y,RD
CUST1000105,0,2,0,1,0,0,0,0,N,N,Y,6,2026,2,Y,HF
CUST1000106,0,0,0,1,0,1,0,1,N,N,N,6,2026,3,Y,RD
CUST1000107,0,0,0,1,0,2,0,1,N,N,N,6,2026,3,Y,MF
CUST1000108,1,0,0,1,0,1,1,0,N,N,Y,6,2026,4,N,CC
CUST1000109,0,0,0,0,0,2,0,0,N,N,Y,6,2026,1,Y,CC
CUST1000110,0,1,0,1,0,0,0,0,N,N,Y,6,2026,2,N,None
CUST1000111,0,0,0,1,0,0,0,0,N,N,N,6,2026,1,N,None
CUST1000112,0,0,0,1,0,0,0,1,N,N,N,6,2026,2,Y,AL
CUST1000113,0,0,0,1,0,1,0,1,N,N,Y,6,2026,3,Y,MF
CUST1000114,0,1,0,1,0,1,1,0,N,N,N,6,2026,4,N,None
CUST1000115,2,2,0,1,0,0,0,0,N,Y,Y,6,2026,3,N,None
CUST1000116,0,0,0,1,1,0,0,0,N,N,N,6,2026,2,N,None
CUST1000117,0,0,0,1,0,2,1,0,N,N,Y,6,2026,3,Y,HL
CUST1000118,0,0,0,1,0,2,0,0,N,N,N,6,2026,2,N,None
CUST1000119,0,2,0,1,0,0,0,0,N,N,N,6,2026,2,Y,AL
CUST1000120,0,0,0,1,3,1,1,0,N,N,N,6,2026,4,Y,CC
CUST1000121,0,2,1,1,0,0,0,1,N,N,Y,6,2026,4,Y,SA
CUST1000122,0,1,0,0,0,0,1,0,N,N,Y,6,2026,2,N,None
CUST1000123,0,0,0,1,1,0,0,0,N,N,N,6,2026,2,Y,MF
CUST1000124,0,2,0,1,0,1,0,0,N,N,Y,6,2026,3,Y,AL
CUST1000125,0,0,0,1,0,0,0,0,N,N,Y,6,2026,1,Y,RD
CUST1000126,0,1,0,1,0,0,0,0,N,N,Y,6,2026,2,Y,CC
CUST1000127,0,0,0,1,0,0,0,0,Y,N,Y,6,2026,1,N,None
CUST1000128,0,1,0,1,1,2,0,0,N,Y,N,6,2026,4,N,None
CUST1000129,0,0,0,1,0,0,0,1,N,N,Y,6,2026,2,N,None
CUST1000130,0,2,0,1,0,0,0,0,N,N,Y,6,2026,2,N,None
CUST1000131,0,1,0,1,0,0,0,0,N,N,Y,6,2026,2,Y,CC
CUST1000132,0,2,0,1,0,0,0,0,Y,Y,Y,6,2026,2,Y,CC
CUST1000133,0,0,0,1,1,0,0,0,Y,N,N,6,2026,2,N,PL
CUST1000134,0,1,0,1,1,0,0,0,N,N,Y,6,2026,3,N,None
CUST1000135,0,2,0,1,0,0,0,0,Y,N,N,6,2026,2,Y,SA
CUST1000136,0,2,0,1,0,2,0,0,Y,N,N,6,2026,3,N,None
CUST1000137,2,0,0,1,0,1,1,0,N,N,Y,6,2026,4,N,None
CUST1000138,1,1,0,1,0,0,0,0,N,N,N,6,2026,3,Y,CC
CUST1000139,0,0,0,1,0,0,1,1,N,Y,Y,6,2026,3,Y,PL
CUST1000140,0,0,0,1,0,0,0,0,N,N,N,6,2026,1,N,None
CUST1000141,0,0,0,0,2,0,0,0,N,N,Y,6,2026,1,Y,CC
CUST1000142,1,0,0,1,3,0,0,0,N,Y,N,6,2026,3,N,None
CUST1000143,0,0,0,1,3,0,0,0,Y,N,Y,6,2026,2,N,None
CUST1000144,2,0,0,1,0,2,0,0,N,N,Y,6,2026,3,Y,SA
CUST1000145,1,0,0,0,0,0,0,0,N,N,N,6,2026,1,N,None
CUST1000146,0,2,0,1,0,0,0,0,N,N,N,6,2026,2,Y,CC
CUST1000147,0,1,0,1,0,0,0,0,N,N,N,6,2026,2,Y,PL
CUST1000148,0,0,0,1,0,1,0,0,Y,N,N,6,2026,2,Y,HL
CUST1000149,0,0,0,1,0,0,0,0,N,N,Y,6,2026,1,N,None
CUST1000150,0,0,0,1,0,1,0,0,Y,N,Y,6,2026,2,Y,CC
CUST1000151,0,1,0,1,0,0,0,0,N,Y,Y,6,2026,2,Y,CC
CUST1000152,0,0,0,1,1,0,0,1,N,N,N,6,2026,3,N,None
CUST1000153,0,1,0,1,0,0,0,0,N,N,N,6,2026,2,N,None
CUST1000154,0,0,0,1,0,0,0,0,N,N,N,6,2026,1,N,None
CUST1000155,0,1,0,1,0,1,0,0,N,N,N,6,2026,3,N,None
CUST1000156,0,0,0,1,0,0,0,0,N,N,N,6,2026,1,N,AL
CUST1000157,0,0,0,1,3,0,0,0,N,N,N,6,2026,2,N,None
CUST1000158,0,0,0,1,0,0,1,1,N,N,N,6,2026,3,N,None
CUST1000159,0,0,0,1,0,0,0,0,N,N,Y,6,2026,1,N,None
CUST1000160,0,0,0,1,0,0,0,0,N,N,N,6,2026,1,Y,MF
CUST1000161,2,1,0,1,0,0,0,0,N,N,Y,6,2026,3,N,PL
CUST1000162,0,0,0,1,0,2,0,0,N,N,Y,6,2026,2,Y,CC
CUST1000163,0,0,1,1,0,0,0,0,N,N,Y,6,2026,2,N,None
CUST1000164,0,0,0,1,0,0,0,0,N,N,N,6,2026,1,N,RD
CUST1000165,1,2,0,1,3,0,0,1,N,N,N,6,2026,5,N,None
CUST1000166,2,0,0,1,0,0,0,0,N,N,N,6,2026,2,Y,PL
CUST1000167,1,2,0,1,0,0,0,0,N,N,Y,6,2026,3,Y,SA
CUST1000168,2,0,0,1,0,0,0,0,N,N,N,6,2026,2,Y,SA
CUST1000169,0,2,0,1,0,0,0,1,N,N,N,6,2026,3,Y,AL
CUST1000170,0,0,0,1,0,1,0,1,Y,N,N,6,2026,3,Y,CC
CUST1000171,0,2,0,1,0,0,0,0,N,N,Y,6,2026,2,N,None
CUST1000172,0,2,0,1,0,0,0,1,N,N,Y,6,2026,3,N,None
CUST1000173,0,0,0,1,0,1,0,0,N,N,Y,6,2026,2,N,None
CUST1000174,0,0,0,1,2,1,0,1,N,Y,Y,6,2026,4,N,None
CUST1000175,0,0,0,1,0,1,0,0,Y,N,N,6,2026,2,N,None
CUST1000176,2,1,0,1,1,0,0,0,N,N,N,6,2026,4,N,None
CUST1000177,2,0,0,1,0,1,0,0,N,N,Y,6,2026,3,N,None
CUST1000178,2,0,0,0,0,2,0,0,N,N,N,6,2026,2,N,None
CUST1000179,0,0,0,1,0,0,0,0,N,N,N,6,2026,1,Y,HF
CUST1000180,0,2,0,1,3,0,0,0,Y,N,N,6,2026,3,Y,AL
CUST1000181,0,0,0,1,0,0,0,0,N,N,N,6,2026,1,N,None
CUST1000182,0,0,1,1,0,0,0,0,N,N,N,6,2026,2,N,None
CUST1000183,0,2,1,1,0,1,0,0,Y,N,N,6,2026,4,Y,CC
CUST1000184,2,1,0,1,0,0,0,0,N,N,N,6,2026,3,N,None
CUST1000185,1,0,0,1,0,0,0,0,N,N,Y,6,2026,2,Y,RD
CUST1000186,0,2,0,1,3,1,0,0,Y,N,Y,6,2026,4,Y,SA
CUST1000187,0,0,0,1,0,2,0,0,N,N,N,6,2026,2,N,None
CUST1000188,0,0,0,1,0,0,0,0,N,N,Y,6,2026,1,Y,AL
CUST1000189,0,0,0,1,0,0,0,0,N,N,Y,6,2026,1,N,None
CUST1000190,1,0,0,1,0,0,0,0,N,N,N,6,2026,2,Y,MF
CUST1000191,0,0,0,1,0,0,0,0,Y,N,N,6,2026,1,N,None
CUST1000192,0,0,0,1,0,1,0,0,N,N,N,6,2026,2,N,SA
CUST1000193,0,0,0,1,1,0,0,0,Y,N,Y,6,2026,2,N,None
CUST1000194,0,2,0,1,3,0,0,1,N,N,N,6,2026,4,Y,CC
CUST1000195,1,0,0,1,1,0,0,0,Y,N,N,6,2026,3,Y,HF
CUST1000196,0,0,0,1,1,0,0,0,N,N,N,6,2026,2,N,None
CUST1000197,0,2,0,1,1,0,0,1,N,N,N,6,2026,4,Y,CC
CUST1000198,1,0,0,1,0,0,0,0,N,N,N,6,2026,2,N,None
CUST1000199,0,0,0,1,0,0,0,0,N,N,Y,6,2026,1,N,RD
CUST1000200,1,0,0,1,1,0,0,0,N,N,Y,6,2026,3,N,None
CUST1000201,1,0,0,1,0,0,0,0,N,N,N,6,2026,2,N,None
CUST1000202,0,0,0,1,0,0,0,0,N,N,Y,6,2026,1,Y,HF
CUST1000203,0,0,0,1,0,0,1,0,N,N,N,6,2026,2,Y,AL
CUST1000204,0,0,1,1,3,0,0,1,N,N,Y,6,2026,4,N,AL
CUST1000205,2,0,0,1,0,0,0,1,N,N,Y,6,2026,3,N,None
CUST1000206,0,0,0,1,0,0,0,0,N,N,Y,6,2026,1,N,None
CUST1000207,1,2,0,1,2,2,0,0,N,N,N,6,2026,5,N,None
CUST1000208,0,0,0,1,3,0,0,0,N,N,N,6,2026,2,Y,RD
CUST1000209,0,0,0,1,3,1,0,0,N,N,N,6,2026,3,Y,MF
CUST1000210,0,0,0,1,0,0,0,0,Y,N,Y,6,2026,1,N,None
CUST1000211,0,0,0,1,0,0,0,0,N,N,Y,6,2026,1,Y,RD
CUST1000212,0,0,0,1,1,0,0,0,N,N,N,6,2026,2,N,None
CUST1000213,0,0,0,1,0,0,0,1,N,N,N,6,2026,2,N,None
CUST1000214,0,0,0,1,0,0,0,0,N,N,N,6,2026,1,N,None
CUST1000215,0,1,0,1,0,0,0,0,N,N,Y,6,2026,2,Y,SA
CUST1000216,0,0,0,1,2,0,0,0,Y,N,N,6,2026,2,Y,SA
CUST1000217,0,2,0,1,0,0,0,0,N,N,Y,6,2026,2,N,None
CUST1000218,0,0,0,1,0,1,0,0,Y,N,Y,6,2026,2,Y,RD
CUST1000219,0,0,0,1,0,2,1,0,N,Y,Y,6,2026,3,N,None
CUST1000220,0,0,0,1,3,0,0,0,N,N,Y,6,2026,2,N,None
CUST1000221,0,0,0,0,0,0,0,1,N,N,Y,6,2026,1,N,None
CUST1000222,0,0,0,1,0,0,0,0,N,N,Y,6,2026,1,N,None
CUST1000223,0,0,0,0,0,0,0,0,N,N,Y,6,2026,0,N,None
CUST1000224,2,0,0,1,0,0,0,0,N,N,Y,6,2026,2,Y,SA
CUST1000225,0,2,0,1,2,0,0,0,N,N,Y,6,2026,3,N,None
CUST1000226,2,0,0,1,0,0,0,1,N,N,Y,6,2026,3,N,PL
CUST1000227,2,0,0,1,0,0,0,0,N,N,Y,6,2026,2,Y,RD
CUST1000228,0,2,0,1,2,0,0,1,N,N,Y,6,2026,4,N,None
CUST1000229,0,1,1,1,0,0,0,0,N,N,N,6,2026,3,N,None
CUST1000230,0,0,0,1,0,0,0,0,Y,N,Y,6,2026,1,Y,RD
CUST1000231,0,2,0,1,0,0,0,0,N,N,Y,6,2026,2,N,None
CUST1000232,0,0,0,1,0,0,0,0,N,N,N,6,2026,1,Y,SA
CUST1000233,0,2,0,1,0,0,0,1,Y,N,Y,6,2026,3,N,None
CUST1000234,0,1,0,1,0,2,0,0,N,N,Y,6,2026,3,Y,SA
CUST1000235,0,0,0,1,0,0,0,0,N,N,Y,6,2026,1,N,HL
CUST1000236,0,0,0,1,3,0,0,0,N,N,Y,6,2026,2,Y,HF
CUST1000237,0,0,0,0,0,0,1,0,Y,N,N,6,2026,1,N,None
CUST1000238,0,2,0,0,0,0,0,0,N,N,Y,6,2026,1,Y,RD
CUST1000239,2,2,0,1,0,0,0,0,N,N,N,6,2026,3,N,None
CUST1000240,0,0,1,1,0,0,0,0,N,Y,Y,6,2026,2,Y,SA
CUST1000241,0,1,0,1,0,1,0,0,N,N,Y,6,2026,3,Y,CC
CUST1000242,0,2,0,1,0,0,0,0,N,N,Y,6,2026,2,N,None
CUST1000243,0,2,0,1,3,0,0,0,N,N,Y,6,2026,3,Y,MF
CUST1000244,0,1,0,1,0,1,0,0,N,N,Y,6,2026,3,Y,PL
CUST1000245,2,0,0,1,3,0,0,0,N,N,N,6,2026,3,Y,HL
CUST1000246,0,0,0,1,1,1,0,1,N,N,N,6,2026,4,N,None
CUST1000247,0,0,0,1,0,0,0,0,N,N,Y,6,2026,1,Y,SA
CUST1000248,0,0,0,1,0,2,1,0,N,N,N,6,2026,3,N,None
CUST1000249,0,0,0,1,1,0,0,0,N,N,N,6,2026,2,N,None
CUST1000250,0,0,0,1,0,0,0,0,N,N,Y,6,2026,1,Y,CC
CUST1000251,0,2,0,1,0,2,0,0,N,Y,Y,6,2026,3,Y,PL
CUST1000252,0,2,1,1,2,0,0,0,N,N,N,6,2026,4,Y,CC
CUST1000253,0,1,0,1,0,0,0,0,N,N,Y,6,2026,2,N,None
CUST1000254,0,0,0,1,3,0,1,0,Y,N,N,6,2026,3,N,None
CUST1000255,2,0,0,1,0,0,0,0,N,N,N,6,2026,2,Y,CC
CUST1000256,0,0,0,1,0,0,0,0,N,N,Y,6,2026,1,Y,AL
CUST1000257,0,0,0,1,0,0,0,0,N,N,N,6,2026,1,Y,AL
CUST1000258,0,0,0,1,0,0,1,0,N,N,Y,6,2026,2,Y,CC
CUST1000259,1,1,0,1,0,1,0,0,N,N,N,6,2026,4,N,None
CUST1000260,0,0,0,1,0,0,0,0,N,N,Y,6,2026,1,N,None
CUST1000261,0,0,0,1,3,2,0,0,N,N,Y,6,2026,3,Y,SA
CUST1000262,0,1,0,1,0,1,0,0,N,Y,N,6,2026,3,N,None
CUST1000263,0,0,0,1,0,0,0,0,N,N,N,6,2026,1,N,None
CUST1000264,1,0,0,1,0,0,0,0,N,N,N,6,2026,2,Y,HL
CUST1000265,0,0,0,1,0,1,0,0,N,N,Y,6,2026,2,N,None
CUST1000266,0,0,0,1,3,0,0,0,N,N,Y,6,2026,2,N,None
CUST1000267,0,0,0,1,0,1,0,0,N,N,Y,6,2026,2,Y,HF
CUST1000268,0,2,0,1,0,0,0,0,N,N,Y,6,2026,2,Y,SA
CUST1000269,0,2,0,0,1,0,0,0,N,N,Y,6,2026,2,N,None
CUST1000270,0,0,0,1,2,0,0,0,N,N,Y,6,2026,2,N,None
CUST1000271,0,0,0,1,1,2,0,0,N,N,N,6,2026,3,N,None
CUST1000272,0,0,0,1,0,0,0,0,Y,N,Y,6,2026,1,N,None
CUST1000273,2,0,0,1,0,1,1,0,Y,N,N,6,2026,4,Y,SA
CUST1000274,0,0,1,1,2,1,0,0,N,N,Y,6,2026,4,N,None
CUST1000275,0,0,0,1,3,0,0,1,N,N,N,6,2026,3,N,None
CUST1000276,0,0,0,1,0,0,1,1,N,N,N,6,2026,3,N,None
CUST1000277,1,0,0,1,2,2,0,0,Y,N,Y,6,2026,4,Y,CC
CUST1000278,0,0,0,1,0,0,0,0,N,N,Y,6,2026,1,Y,SA
CUST1000279,0,0,0,1,0,0,1,0,N,N,Y,6,2026,2,Y,CC
CUST1000280,0,0,0,1,0,0,0,0,N,N,Y,6,2026,1,N,None
CUST1000281,0,0,0,1,0,2,0,0,Y,N,N,6,2026,2,N,None
CUST1000282,0,1,0,1,3,0,0,0,N,N,Y,6,2026,3,N,None
CUST1000283,0,1,0,1,1,0,0,1,N,N,N,6,2026,4,Y,RD
CUST1000284,2,0,0,1,0,0,0,0,Y,N,Y,6,2026,2,Y,CC
CUST1000285,0,2,0,1,0,0,0,0,N,N,N,6,2026,2,N,None
CUST1000286,0,0,0,1,0,1,0,0,N,N,N,6,2026,2,N,None
CUST1000287,0,1,0,1,0,1,0,0,N,Y,N,6,2026,3,Y,SA
CUST1000288,0,0,0,1,3,0,0,0,N,N,Y,6,2026,2,N,None
CUST1000289,0,0,0,1,0,0,0,0,N,N,Y,6,2026,1,N,None
CUST1000290,0,0,0,1,3,1,0,0,N,N,N,6,2026,3,Y,MF
CUST1000291,0,0,0,1,0,0,0,0,N,N,Y,6,2026,1,N,None
CUST1000292,0,2,0,1,0,1,0,0,Y,N,N,6,2026,3,Y,PL
CUST1000293,1,0,0,1,2,2,0,0,Y,N,N,6,2026,4,N,None
CUST1000294,0,0,0,1,0,0,0,0,N,N,N,6,2026,1,N,PL
CUST1000295,0,2,0,1,0,1,1,0,Y,N,N,6,2026,4,N,None
CUST1000296,0,2,0,1,0,1,0,0,N,Y,N,6,2026,3,N,None
CUST1000297,0,0,0,1,0,0,0,0,N,N,N,6,2026,1,N,None
CUST1000298,0,0,0,1,0,0,0,0,N,N,Y,6,2026,1,N,CC
CUST1000299,0,2,0,1,2,1,0,0,N,N,N,6,2026,4,Y,PL
CUST1000300,0,0,0,1,3,0,0,0,N,N,Y,6,2026,2,Y,AL
CUST1000301,2,2,0,1,3,0,0,0,N,N,Y,6,2026,4,Y,SA
CUST1000302,0,0,0,1,0,0,0,0,N,N,N,6,2026,1,Y,PL
CUST1000303,0,0,0,1,0,2,0,0,N,N,Y,6,2026,2,Y,RD
CUST1000304,0,0,0,0,0,0,0,0,N,N,Y,6,2026,0,Y,PL
CUST1000305,0,1,0,0,0,0,0,0,N,N,N,6,2026,1,Y,SA
CUST1000306,0,0,0,1,0,0,0,0,Y,N,N,6,2026,1,N,None
CUST1000307,0,1,0,1,2,0,0,0,N,N,Y,6,2026,3,Y,CC
CUST1000308,1,1,0,1,0,0,0,0,N,N,Y,6,2026,3,N,None
CUST1000309,0,0,0,1,0,0,0,0,Y,N,N,6,2026,1,N,PL
CUST1000310,2,2,0,1,0,0,0,0,N,N,N,6,2026,3,N,None
CUST1000311,0,0,0,1,0,0,0,1,N,N,Y,6,2026,2,Y,PL
CUST1000312,0,0,0,1,3,0,0,0,N,N,Y,6,2026,2,Y,HF
CUST1000313,0,0,0,1,0,1,0,0,N,N,N,6,2026,2,N,None
CUST1000314,0,0,0,1,1,0,1,0,N,N,N,6,2026,3,Y,PL
CUST1000315,0,1,0,1,0,0,0,0,N,N,N,6,2026,2,Y,AL
CUST1000316,0,0,0,1,1,0,0,0,N,N,N,6,2026,2,N,None
CUST1000317,2,0,0,1,0,0,0,0,N,N,N,6,2026,2,Y,RD
CUST1000318,1,0,0,1,0,0,1,0,N,N,Y,6,2026,3,N,None
CUST1000319,0,0,0,1,0,0,0,0,N,N,Y,6,2026,1,N,None
CUST1000320,0,0,0,1,0,0,0,0,N,N,N,6,2026,1,N,None
CUST1000321,0,1,0,1,0,0,0,0,Y,N,N,6,2026,2,Y,AL
CUST1000322,0,0,0,1,3,0,0,0,N,N,Y,6,2026,2,N,None
CUST1000323,2,1,0,1,0,0,0,0,N,N,N,6,2026,3,Y,CC
CUST1000324,0,0,0,0,0,0,0,0,N,N,Y,6,2026,0,N,None
CUST1000325,1,0,0,1,0,0,0,0,N,N,Y,6,2026,2,Y,AL
CUST1000326,0,1,0,1,0,0,1,0,N,N,N,6,2026,3,Y,RD
CUST1000327,0,0,0,1,2,2,0,0,Y,N,N,6,2026,3,N,None
CUST1000328,0,1,0,0,0,1,0,0,N,N,N,6,2026,2,Y,SA
CUST1000329,0,1,0,1,0,0,0,0,N,N,N,6,2026,2,N,None
CUST1000330,0,0,0,0,0,0,0,0,N,N,N,6,2026,0,N,None
CUST1000331,0,2,0,1,2,1,0,0,N,N,Y,6,2026,4,Y,RD
CUST1000332,0,0,0,1,0,0,0,0,N,N,Y,6,2026,1,N,RD
CUST1000333,0,0,0,1,0,1,0,0,N,N,N,6,2026,2,N,None
CUST1000334,0,0,0,1,0,0,0,0,N,N,Y,6,2026,1,N,None
CUST1000335,0,0,0,1,0,1,0,0,Y,N,N,6,2026,2,N,None
CUST1000336,0,0,0,1,1,0,0,0,N,N,Y,6,2026,2,Y,HF
CUST1000337,0,0,0,1,0,2,0,0,N,N,N,6,2026,2,N,SA
CUST1000338,0,2,0,0,0,0,0,0,Y,N,Y,6,2026,1,N,None
CUST1000339,0,1,0,1,0,0,0,0,N,N,Y,6,2026,2,Y,HL
CUST1000340,0,0,0,1,0,1,0,0,N,N,Y,6,2026,2,Y,RD
CUST1000341,0,0,1,1,0,0,0,0,Y,N,Y,6,2026,2,N,None
CUST1000342,0,0,0,1,3,2,0,0,N,N,Y,6,2026,3,Y,CC
CUST1000343,0,0,0,1,0,0,1,0,N,N,N,6,2026,2,N,None
CUST1000344,0,0,0,1,0,0,0,0,N,N,N,6,2026,1,Y,CC
CUST1000345,0,1,1,1,0,0,1,0,N,N,Y,6,2026,4,Y,SA
CUST1000346,0,2,0,1,0,0,0,0,N,N,N,6,2026,2,N,None
CUST1000347,0,0,0,1,0,2,0,0,Y,N,Y,6,2026,2,N,None
CUST1000348,0,0,0,1,2,0,0,0,N,N,N,6,2026,2,N,None
CUST1000349,0,1,1,1,1,0,0,1,N,N,Y,6,2026,5,N,None
CUST1000350,0,0,0,1,0,0,0,0,Y,N,N,6,2026,1,N,None
CUST1000351,0,0,0,1,1,0,0,0,N,N,Y,6,2026,2,N,None
CUST1000352,0,0,0,1,0,2,0,0,N,N,Y,6,2026,2,N,None
CUST1000353,0,0,0,1,1,0,0,0,N,N,N,6,2026,2,Y,AL
CUST1000354,0,1,0,1,1,1,0,0,N,N,Y,6,2026,4,N,PL
CUST1000355,0,1,0,1,0,2,0,0,N,N,N,6,2026,3,N,PL
CUST1000356,2,0,0,1,2,0,0,0,N,N,N,6,2026,3,N,None
CUST1000357,0,0,0,1,0,0,0,0,N,N,N,6,2026,1,Y,MF
CUST1000358,0,0,0,1,2,0,0,0,N,N,Y,6,2026,2,N,None
CUST1000359,0,1,0,1,0,1,0,0,N,N,Y,6,2026,3,Y,MF
CUST1000360,0,1,0,1,2,0,0,0,N,N,Y,6,2026,3,N,None
CUST1000361,0,1,0,1,0,0,0,0,Y,N,Y,6,2026,2,Y,SA
CUST1000362,2,1,0,1,0,0,0,0,N,N,N,6,2026,3,Y,HF
CUST1000363,0,0,0,1,0,1,0,0,N,N,Y,6,2026,2,Y,RD
CUST1000364,0,2,0,1,0,1,0,0,N,N,N,6,2026,3,N,None
CUST1000365,0,0,0,1,0,0,0,0,N,N,N,6,2026,1,N,None
CUST1000366,0,0,0,1,0,0,1,0,N,N,Y,6,2026,2,N,CC
CUST1000367,2,0,0,1,3,0,1,0,N,N,N,6,2026,4,N,HL
CUST1000368,0,0,0,1,0,1,0,0,N,Y,Y,6,2026,2,Y,HL
CUST1000369,0,1,0,1,0,2,0,0,N,N,Y,6,2026,3,Y,MF
CUST1000370,1,0,0,1,0,0,0,0,N,N,Y,6,2026,2,N,None
CUST1000371,0,1,0,1,0,0,0,1,N,N,Y,6,2026,3,N,None
CUST1000372,0,0,0,1,0,2,0,0,N,N,Y,6,2026,2,N,None
CUST1000373,0,0,0,1,0,0,0,0,Y,N,Y,6,2026,1,N,None
CUST1000374,0,2,1,1,0,0,0,0,N,N,N,6,2026,3,N,HF
CUST1000375,2,1,0,1,0,1,0,0,N,N,Y,6,2026,4,N,None
CUST1000376,2,0,0,1,0,0,0,1,N,N,N,6,2026,3,N,None
CUST1000377,0,0,0,1,0,0,0,0,N,N,Y,6,2026,1,N,None
CUST1000378,0,0,0,1,3,0,0,0,N,N,Y,6,2026,2,N,None
CUST1000379,0,0,0,0,2,0,0,0,N,N,N,6,2026,1,N,PL
CUST1000380,0,0,0,1,0,2,0,0,N,N,Y,6,2026,2,Y,RD
CUST1000381,0,0,0,1,3,0,1,0,Y,N,N,6,2026,3,Y,MF
CUST1000382,0,0,0,1,0,0,1,0,N,N,N,6,2026,2,N,None
CUST1000383,0,2,0,1,0,0,0,0,Y,N,Y,6,2026,2,N,None
CUST1000384,0,0,0,1,0,0,0,0,Y,N,N,6,2026,1,Y,SA
CUST1000385,0,0,0,1,0,0,1,0,N,N,N,6,2026,2,N,None
CUST1000386,0,2,0,1,0,0,0,0,N,N,N,6,2026,2,N,None
CUST1000387,0,1,0,1,0,1,0,0,N,N,Y,6,2026,3,N,None
CUST1000388,0,2,0,1,3,0,0,0,Y,N,N,6,2026,3,N,None
CUST1000389,0,0,0,1,0,0,0,0,N,N,Y,6,2026,1,N,None
CUST1000390,0,0,0,1,3,0,0,0,N,N,N,6,2026,2,N,None
CUST1000391,0,0,0,1,0,0,0,0,N,N,Y,6,2026,1,N,None
CUST1000392,1,0,0,1,0,0,0,0,Y,N,Y,6,2026,2,Y,SA
CUST1000393,0,1,0,1,0,0,0,1,N,N,N,6,2026,3,Y,RD
CUST1000394,0,2,0,1,0,1,0,0,N,N,N,6,2026,3,Y,RD
CUST1000395,1,1,0,1,1,0,0,0,N,N,Y,6,2026,4,N,None
CUST1000396,0,2,0,1,1,0,0,0,N,N,Y,6,2026,3,N,None
CUST1000397,0,0,0,1,2,0,0,1,N,N,N,6,2026,3,Y,SA
CUST1000398,0,2,0,1,2,0,0,0,N,N,N,6,2026,3,Y,MF
CUST1000399,0,1,0,1,1,0,0,0,Y,Y,N,6,2026,3,Y,PL
CUST1000400,0,1,0,1,0,1,0,0,N,N,N,6,2026,3,N,None
CUST1000401,0,2,0,1,2,1,0,0,N,N,N,6,2026,4,N,None
CUST1000402,0,1,0,1,0,0,0,0,N,N,N,6,2026,2,N,None
CUST1000403,0,2,0,1,0,1,0,0,N,N,N,6,2026,3,N,None
CUST1000404,0,0,0,1,2,0,0,0,N,N,N,6,2026,2,N,None
CUST1000405,0,0,0,1,3,0,0,0,N,N,Y,6,2026,2,N,None
CUST1000406,0,2,0,1,0,0,0,0,N,N,N,6,2026,2,Y,CC
CUST1000407,0,0,0,1,0,2,0,0,N,N,N,6,2026,2,Y,CC
CUST1000408,0,0,0,1,0,0,0,0,Y,N,N,6,2026,1,N,PL
CUST1000409,0,0,0,1,2,1,0,0,N,N,N,6,2026,3,N,AL
CUST1000410,2,1,0,1,0,0,0,0,N,N,Y,6,2026,3,N,None
CUST1000411,1,0,0,1,0,0,0,0,N,N,Y,6,2026,2,Y,CC
CUST1000412,1,1,0,1,0,0,0,0,N,N,Y,6,2026,3,Y,SA
CUST1000413,0,0,0,1,0,1,0,0,N,N,Y,6,2026,2,N,None
CUST1000414,2,0,0,1,0,0,0,0,Y,N,Y,6,2026,2,N,None
CUST1000415,0,0,0,1,0,1,0,0,N,N,Y,6,2026,2,N,None
CUST1000416,0,0,0,1,2,2,0,0,N,N,N,6,2026,3,N,None
CUST1000417,0,0,0,1,0,0,0,0,N,N,Y,6,2026,1,N,None
CUST1000418,0,0,0,1,0,0,0,0,Y,N,Y,6,2026,1,N,CC
CUST1000419,0,0,0,1,0,0,1,0,N,N,N,6,2026,2,Y,CC
CUST1000420,0,0,0,1,0,0,0,0,Y,N,Y,6,2026,1,N,None
CUST1000421,0,2,0,1,0,0,0,0,N,N,N,6,2026,2,N,None
CUST1000422,0,0,0,1,0,1,0,0,N,N,Y,6,2026,2,N,CC
CUST1000423,0,0,0,1,2,0,0,0,N,N,N,6,2026,2,N,None
CUST1000424,2,0,0,1,0,0,0,0,N,N,Y,6,2026,2,Y,RD
CUST1000425,0,0,0,1,0,1,0,0,N,N,Y,6,2026,2,Y,SA
CUST1000426,0,0,0,1,0,0,0,1,N,N,N,6,2026,2,Y,SA
CUST1000427,0,1,0,1,0,0,0,0,N,N,Y,6,2026,2,Y,CC
CUST1000428,0,2,0,1,0,1,0,1,N,N,Y,6,2026,4,N,None
CUST1000429,0,0,0,1,2,1,0,1,N,N,Y,6,2026,4,Y,AL
CUST1000430,1,0,0,1,0,0,0,0,N,N,N,6,2026,2,Y,HL
CUST1000431,0,0,0,1,0,0,0,0,N,N,N,6,2026,1,N,None
CUST1000432,0,1,0,0,0,0,0,0,N,N,Y,6,2026,1,Y,RD
CUST1000433,0,1,0,1,2,0,0,0,Y,N,N,6,2026,3,Y,MF
CUST1000434,0,0,0,1,2,0,1,0,N,N,N,6,2026,3,Y,SA
CUST1000435,0,0,0,1,2,0,0,0,N,N,N,6,2026,2,N,None
CUST1000436,0,0,0,1,0,1,0,0,N,N,Y,6,2026,2,N,None
CUST1000437,0,2,0,1,0,0,0,0,N,N,Y,6,2026,2,Y,SA
CUST1000438,0,0,0,1,0,0,0,1,N,N,Y,6,2026,2,N,None
CUST1000439,0,0,0,1,2,1,0,0,N,N,Y,6,2026,3,N,None
CUST1000440,0,0,0,1,1,2,0,1,N,N,N,6,2026,4,Y,AL
CUST1000441,0,0,0,1,0,2,1,1,N,N,N,6,2026,4,Y,HL
CUST1000442,0,0,0,1,3,0,0,0,N,N,Y,6,2026,2,N,None
CUST1000443,1,0,0,1,0,1,0,0,N,N,N,6,2026,3,Y,HF
CUST1000444,2,0,0,1,0,2,1,0,Y,N,Y,6,2026,4,Y,PL
CUST1000445,0,1,0,1,0,0,0,0,N,N,Y,6,2026,2,Y,SA
CUST1000446,0,1,0,1,0,0,0,0,N,N,Y,6,2026,2,N,None
CUST1000447,0,0,0,1,0,1,0,0,N,N,N,6,2026,2,N,None
CUST1000448,0,0,0,1,0,0,0,0,N,N,Y,6,2026,1,N,None
CUST1000449,0,0,0,1,0,2,0,0,N,N,N,6,2026,2,N,None
CUST1000450,0,0,0,0,0,0,0,0,N,N,N,6,2026,0,Y,MF
CUST1000451,0,0,0,1,2,0,0,0,N,N,N,6,2026,2,Y,SA
CUST1000452,0,0,0,1,3,0,0,0,N,N,Y,6,2026,2,Y,CC
CUST1000453,1,2,0,1,1,0,0,0,N,N,N,6,2026,4,N,None
CUST1000454,0,0,0,1,0,0,0,0,N,N,N,6,2026,1,N,None
CUST1000455,0,0,0,1,1,0,0,1,N,N,Y,6,2026,3,N,None
CUST1000456,0,0,0,1,0,0,0,0,N,N,Y,6,2026,1,Y,SA
CUST1000457,1,1,0,1,0,0,1,1,N,N,Y,6,2026,5,N,HF
CUST1000458,0,0,0,1,0,1,0,0,Y,N,N,6,2026,2,N,None
CUST1000459,1,1,0,1,0,0,0,1,Y,N,N,6,2026,4,N,None
CUST1000460,2,0,0,1,0,0,0,0,N,N,N,6,2026,2,Y,SA
CUST1000461,2,1,0,1,0,0,0,0,N,N,Y,6,2026,3,Y,RD
CUST1000462,0,0,1,1,0,0,0,0,Y,N,Y,6,2026,2,N,None
CUST1000463,2,0,0,1,0,0,0,0,N,N,N,6,2026,2,Y,RD
CUST1000464,0,0,0,1,0,0,0,0,N,N,N,6,2026,1,Y,PL
CUST1000465,0,1,0,1,0,0,0,0,Y,N,N,6,2026,2,N,None
CUST1000466,2,0,0,1,1,0,0,0,N,N,Y,6,2026,3,N,None
CUST1000467,0,0,0,1,0,2,0,0,Y,N,Y,6,2026,2,Y,SA
CUST1000468,0,0,0,1,0,2,0,0,N,N,N,6,2026,2,Y,CC
CUST1000469,2,0,0,1,0,1,0,1,Y,N,Y,6,2026,4,N,None
CUST1000470,0,2,0,1,1,1,0,1,N,N,Y,6,2026,5,Y,MF
CUST1000471,0,0,0,1,0,0,0,0,N,N,Y,6,2026,1,N,None
CUST1000472,0,0,0,1,0,0,0,0,N,N,Y,6,2026,1,Y,SA
CUST1000473,0,1,0,1,0,0,0,0,Y,N,Y,6,2026,2,N,None
CUST1000474,0,2,0,1,0,0,0,0,N,N,Y,6,2026,2,N,None
CUST1000475,2,1,0,1,0,1,0,1,N,N,Y,6,2026,5,N,None
CUST1000476,0,2,0,1,1,0,0,1,N,N,N,6,2026,4,N,None
CUST1000477,0,0,0,1,0,0,0,0,N,N,Y,6,2026,1,Y,RD
CUST1000478,1,1,0,1,0,0,0,0,N,N,N,6,2026,3,Y,AL
CUST1000479,0,0,0,1,1,0,0,0,N,N,N,6,2026,2,Y,PL
CUST1000480,0,0,0,1,0,0,0,0,N,N,N,6,2026,1,N,None
CUST1000481,0,0,0,0,0,0,0,0,Y,N,Y,6,2026,0,N,None
CUST1000482,0,0,0,1,0,0,0,0,N,N,N,6,2026,1,Y,SA
CUST1000483,0,2,0,1,0,2,0,0,N,N,N,6,2026,3,N,None
CUST1000484,0,0,0,1,0,0,0,0,N,N,N,6,2026,1,N,None
CUST1000485,0,0,0,1,3,0,1,0,Y,N,Y,6,2026,3,Y,SA
CUST1000486,0,2,0,1,3,0,0,0,N,N,Y,6,2026,3,N,None
CUST1000487,0,2,0,1,0,0,0,0,N,N,Y,6,2026,2,N,HL
CUST1000488,0,0,0,1,0,0,0,0,N,Y,N,6,2026,1,Y,MF
CUST1000489,0,0,0,1,0,0,0,0,N,N,Y,6,2026,1,Y,RD
CUST1000490,0,1,0,1,0,0,0,0,N,N,N,6,2026,2,Y,AL
CUST1000491,0,0,1,1,1,0,0,0,N,N,N,6,2026,3,Y,AL
CUST1000492,0,0,0,1,3,1,0,0,Y,N,N,6,2026,3,Y,RD
CUST1000493,0,2,0,1,0,0,0,0,Y,N,N,6,2026,2,N,None
CUST1000494,0,1,0,1,0,0,0,0,N,Y,Y,6,2026,2,N,CC
CUST1000495,0,0,0,1,3,1,0,0,N,N,N,6,2026,3,Y,PL
CUST1000496,0,1,0,1,0,0,0,0,N,N,N,6,2026,2,N,None
CUST1000497,0,0,0,1,0,1,0,0,N,N,N,6,2026,2,N,None
CUST1000498,0,0,0,1,0,2,0,0,N,N,Y,6,2026,2,N,HF
CUST1000499,0,1,0,1,0,0,0,0,Y,Y,Y,6,2026,2,N,None
CUST1000500,2,0,0,1,0,1,0,0,N,N,N,6,2026,3,N,None
CUST1000501,0,0,0,1,0,1,0,0,N,N,N,6,2026,2,Y,RD
CUST1000502,0,0,0,0,0,2,0,0,N,N,Y,6,2026,1,Y,HL
CUST1000503,0,0,0,1,0,0,0,0,N,N,Y,6,2026,1,N,None
CUST1000504,0,0,0,1,2,0,0,0,N,N,Y,6,2026,2,N,None
CUST1000505,1,0,0,1,0,2,1,0,N,N,N,6,2026,4,N,None
CUST1000506,0,0,0,1,0,1,0,0,N,N,N,6,2026,2,N,None
CUST1000507,0,2,0,1,0,0,0,1,N,N,Y,6,2026,3,N,None
CUST1000508,0,0,0,1,1,0,0,0,N,N,Y,6,2026,2,N,None
CUST1000509,0,2,0,1,0,0,0,1,N,N,N,6,2026,3,N,None
CUST1000510,0,0,0,1,0,0,1,0,Y,N,Y,6,2026,2,N,None
CUST1000511,0,1,0,1,1,0,1,0,N,N,Y,6,2026,4,N,None
CUST1000512,0,0,0,1,0,2,0,0,N,N,Y,6,2026,2,N,None
CUST1000513,0,1,0,1,0,0,0,0,Y,N,N,6,2026,2,N,None
CUST1000514,0,0,0,1,0,1,0,0,N,N,N,6,2026,2,Y,CC
CUST1000515,0,1,0,1,0,0,0,0,N,N,Y,6,2026,2,Y,AL
CUST1000516,0,0,0,1,0,0,0,0,N,N,N,6,2026,1,Y,SA
CUST1000517,0,0,0,1,0,0,0,0,N,N,N,6,2026,1,N,None
CUST1000518,0,0,0,1,0,0,0,0,Y,N,Y,6,2026,1,Y,MF
CUST1000519,0,1,0,1,0,0,0,1,Y,N,Y,6,2026,3,Y,PL
CUST1000520,0,0,0,1,2,0,0,1,Y,N,Y,6,2026,3,N,None
CUST1000521,0,0,0,1,0,0,0,0,Y,N,Y,6,2026,1,N,None
CUST1000522,0,1,0,1,3,1,0,0,Y,N,Y,6,2026,4,Y,SA
CUST1000523,0,2,0,1,0,1,0,0,N,N,Y,6,2026,3,Y,CC
CUST1000524,0,1,0,1,2,0,0,0,N,N,N,6,2026,3,Y,RD
CUST1000525,2,2,0,1,0,1,0,0,Y,N,N,6,2026,4,N,None
CUST1000526,0,0,0,1,0,0,0,0,Y,N,Y,6,2026,1,N,None
CUST1000527,0,0,0,1,0,1,1,0,N,N,N,6,2026,3,Y,MF
CUST1000528,0,0,0,1,0,0,0,0,N,N,Y,6,2026,1,N,None
CUST1000529,0,1,0,1,0,1,0,1,N,N,Y,6,2026,4,Y,CC
CUST1000530,0,0,0,1,3,0,0,0,N,N,N,6,2026,2,N,None
CUST1000531,0,1,0,1,0,1,0,0,Y,N,Y,6,2026,3,N,None
CUST1000532,0,0,0,1,0,2,0,0,N,N,N,6,2026,2,N,None
CUST1000533,0,1,0,1,2,0,0,0,N,N,N,6,2026,3,N,None
CUST1000534,0,0,0,1,0,0,0,0,N,N,Y,6,2026,1,Y,CC
CUST1000535,0,1,0,1,0,2,0,0,N,N,Y,6,2026,3,Y,PL
CUST1000536,0,0,0,1,2,0,0,0,Y,N,N,6,2026,2,Y,PL
CUST1000537,0,0,0,1,0,0,0,0,N,N,N,6,2026,1,Y,AL
CUST1000538,0,2,0,1,0,0,1,0,N,N,N,6,2026,3,N,None
CUST1000539,0,0,0,1,0,0,0,0,N,N,N,6,2026,1,Y,RD
CUST1000540,0,1,1,1,0,0,0,0,N,N,N,6,2026,3,N,None
CUST1000541,0,2,0,1,3,0,0,0,Y,N,Y,6,2026,3,N,CC
CUST1000542,0,0,0,1,0,2,0,0,N,N,Y,6,2026,2,Y,AL
CUST1000543,0,1,0,1,0,0,0,0,Y,N,N,6,2026,2,N,None
CUST1000544,0,1,0,1,0,0,0,0,N,N,Y,6,2026,2,N,None
CUST1000545,0,0,0,1,0,0,0,1,N,N,Y,6,2026,2,Y,AL
CUST1000546,0,2,0,1,2,0,0,0,N,N,N,6,2026,3,Y,PL
CUST1000547,1,1,1,1,3,2,0,0,Y,N,Y,6,2026,6,N,CC
CUST1000548,0,1,0,1,0,0,1,0,N,N,Y,6,2026,3,N,None
CUST1000549,0,0,0,1,0,0,0,0,N,N,Y,6,2026,1,N,None
CUST1000550,0,0,0,1,0,0,0,0,N,N,Y,6,2026,1,N,None
CUST1000551,0,0,0,1,2,0,0,0,N,N,Y,6,2026,2,N,None
CUST1000552,0,1,0,1,0,0,1,0,N,N,N,6,2026,3,Y,CC
CUST1000553,0,0,0,1,0,1,0,1,N,N,N,6,2026,3,Y,AL
CUST1000554,0,0,0,1,2,2,0,0,Y,N,N,6,2026,3,Y,SA
CUST1000555,0,0,0,1,3,0,0,0,N,N,N,6,2026,2,N,MF
CUST1000556,0,1,0,1,3,1,0,0,N,N,Y,6,2026,4,N,None
CUST1000557,0,0,0,1,1,0,0,0,N,N,Y,6,2026,2,Y,CC
CUST1000558,0,1,0,1,0,1,0,0,N,N,Y,6,2026,3,Y,SA
CUST1000559,0,0,0,1,0,0,0,0,N,N,Y,6,2026,1,Y,HF
CUST1000560,0,0,0,1,1,0,0,0,Y,N,Y,6,2026,2,N,None
CUST1000561,0,0,0,1,1,0,0,0,N,Y,Y,6,2026,2,N,None
CUST1000562,0,1,0,1,0,0,0,0,N,N,Y,6,2026,2,Y,PL
CUST1000563,2,0,0,1,0,2,0,1,N,N,Y,6,2026,4,Y,CC
CUST1000564,0,0,0,1,0,0,0,0,N,N,Y,6,2026,1,Y,PL
CUST1000565,0,0,0,1,0,0,0,0,N,N,N,6,2026,1,N,None
CUST1000566,0,1,0,1,0,2,0,0,N,N,N,6,2026,3,Y,MF
CUST1000567,0,0,0,1,2,2,0,0,N,N,Y,6,2026,3,Y,MF
CUST1000568,0,2,0,1,0,2,0,0,N,N,N,6,2026,3,N,None
CUST1000569,0,2,0,1,0,0,0,0,Y,N,N,6,2026,2,N,None
CUST1000570,0,0,0,1,2,0,0,0,N,N,N,6,2026,2,Y,AL
CUST1000571,0,0,0,1,1,1,0,0,N,N,N,6,2026,3,N,None
CUST1000572,0,0,0,1,0,0,0,0,N,N,Y,6,2026,1,Y,CC
CUST1000573,0,0,0,1,0,0,1,0,Y,N,Y,6,2026,2,N,None
CUST1000574,1,2,0,1,0,0,0,0,N,N,Y,6,2026,3,N,None
CUST1000575,0,2,0,1,0,0,0,0,N,N,Y,6,2026,2,Y,PL
CUST1000576,0,0,0,1,3,0,0,0,N,Y,Y,6,2026,2,N,None
CUST1000577,0,0,0,1,0,0,0,0,Y,N,N,6,2026,1,N,None
CUST1000578,0,2,0,1,0,1,0,0,N,N,Y,6,2026,3,N,MF
CUST1000579,0,0,0,1,0,0,0,0,Y,N,Y,6,2026,1,N,None
CUST1000580,0,0,0,1,0,1,0,1,N,Y,N,6,2026,3,N,None
CUST1000581,0,2,0,1,0,0,0,0,N,N,Y,6,2026,2,N,None
CUST1000582,0,1,0,1,0,0,0,0,N,N,Y,6,2026,2,N,None
CUST1000583,0,0,0,1,3,1,0,0,N,N,Y,6,2026,3,N,RD
CUST1000584,0,0,0,1,0,0,0,0,N,N,Y,6,2026,1,Y,SA
CUST1000585,1,0,0,1,2,0,0,0,N,N,Y,6,2026,3,Y,SA
CUST1000586,0,2,0,1,0,0,0,0,N,N,N,6,2026,2,Y,SA
CUST1000587,0,1,1,1,0,0,0,0,N,N,Y,6,2026,3,Y,AL
CUST1000588,0,0,0,0,0,0,0,0,N,N,Y,6,2026,0,N,None
CUST1000589,0,2,0,1,0,0,0,1,N,N,Y,6,2026,3,Y,AL
CUST1000590,0,1,0,1,0,0,0,1,N,N,Y,6,2026,3,Y,HF
CUST1000591,0,0,0,1,0,0,1,0,N,N,N,6,2026,2,N,SA
CUST1000592,0,2,1,1,0,0,0,0,N,N,Y,6,2026,3,N,None
CUST1000593,0,0,0,1,0,2,0,1,N,N,N,6,2026,3,N,None
CUST1000594,1,0,0,1,0,0,0,0,N,N,N,6,2026,2,N,None
CUST1000595,0,0,0,1,0,0,0,0,N,N,Y,6,2026,1,Y,CC
CUST1000596,0,0,0,1,0,0,0,0,Y,N,Y,6,2026,1,Y,CC
CUST1000597,0,1,0,1,1,0,0,1,N,Y,N,6,2026,4,N,None
CUST1000598,0,2,0,1,0,0,1,0,N,N,Y,6,2026,3,N,None
CUST1000599,0,0,0,1,0,2,1,1,N,N,Y,6,2026,4,N,None
CUST1000600,0,2,0,1,0,1,0,0,N,Y,N,6,2026,3,N,None
CUST1000601,2,0,0,1,3,0,0,1,N,N,N,6,2026,4,N,None
CUST1000602,0,0,0,1,0,0,0,0,Y,N,Y,6,2026,1,N,None
CUST1000603,0,0,0,1,0,0,0,0,Y,N,Y,6,2026,1,N,None
CUST1000604,0,0,0,1,0,0,0,1,N,N,N,6,2026,2,Y,MF
CUST1000605,0,0,0,1,0,0,0,0,N,N,Y,6,2026,1,N,None
CUST1000606,0,2,0,1,0,0,0,0,Y,N,Y,6,2026,2,Y,CC
CUST1000607,2,0,0,1,0,0,0,0,N,N,Y,6,2026,2,Y,HF
CUST1000608,0,2,0,1,0,0,0,0,N,N,Y,6,2026,2,Y,PL
CUST1000609,1,0,0,1,3,1,0,0,N,N,Y,6,2026,4,N,RD
CUST1000610,0,0,0,1,0,0,0,0,Y,N,Y,6,2026,1,N,None
CUST1000611,1,1,0,1,0,0,0,0,N,N,N,6,2026,3,N,RD
CUST1000612,0,0,0,1,2,2,0,0,N,N,N,6,2026,3,N,None
CUST1000613,0,0,0,1,0,2,1,0,N,N,Y,6,2026,3,Y,RD
CUST1000614,0,2,0,1,0,0,0,1,Y,N,Y,6,2026,3,N,None
CUST1000615,0,0,0,0,0,0,0,1,N,N,Y,6,2026,1,N,None
CUST1000616,1,0,0,0,0,0,0,0,N,N,Y,6,2026,1,Y,SA
CUST1000617,0,1,0,1,0,0,0,0,N,N,N,6,2026,2,N,None
CUST1000618,2,1,0,1,0,0,0,1,N,N,Y,6,2026,4,Y,SA
CUST1000619,0,2,0,1,0,0,0,0,N,N,Y,6,2026,2,N,None
CUST1000620,0,1,0,1,0,0,1,0,N,N,N,6,2026,3,N,None
CUST1000621,0,0,0,1,0,0,0,1,N,N,N,6,2026,2,N,None
CUST1000622,0,1,0,1,0,0,0,0,N,N,N,6,2026,2,Y,HL
CUST1000623,0,0,0,1,0,2,0,0,N,N,N,6,2026,2,N,None
CUST1000624,0,2,0,1,0,2,0,0,Y,N,Y,6,2026,3,N,CC
CUST1000625,0,1,0,1,0,0,0,0,N,N,N,6,2026,2,Y,RD
CUST1000626,0,0,0,1,2,0,0,0,N,N,Y,6,2026,2,N,None
CUST1000627,0,0,0,1,0,0,0,0,N,N,N,6,2026,1,Y,MF
CUST1000628,0,0,0,1,0,0,1,0,N,N,N,6,2026,2,Y,HF
CUST1000629,0,0,0,1,0,0,0,0,N,Y,Y,6,2026,1,N,None
CUST1000630,0,0,0,1,0,0,0,0,N,N,Y,6,2026,1,Y,CC
CUST1000631,0,2,0,1,0,0,0,0,N,N,Y,6,2026,2,Y,RD
CUST1000632,0,2,0,1,1,0,0,0,Y,N,Y,6,2026,3,N,None
CUST1000633,0,0,0,1,0,0,0,0,N,N,N,6,2026,1,N,None
CUST1000634,0,2,0,1,0,0,0,0,N,N,Y,6,2026,2,Y,AL
CUST1000635,1,1,0,1,2,2,0,0,N,N,N,6,2026,5,N,None
CUST1000636,0,0,0,1,0,2,0,0,N,N,N,6,2026,2,Y,PL
CUST1000637,0,0,0,1,0,2,0,0,N,N,N,6,2026,2,N,None
CUST1000638,0,2,0,1,0,0,0,0,N,N,Y,6,2026,2,N,None
CUST1000639,0,0,0,1,3,0,1,0,N,N,Y,6,2026,3,Y,CC
CUST1000640,2,0,0,1,0,0,0,0,N,N,N,6,2026,2,N,None
CUST1000641,0,0,0,1,0,0,0,0,N,N,Y,6,2026,1,N,None
CUST1000642,1,1,0,1,0,2,0,0,N,N,Y,6,2026,4,Y,CC
CUST1000643,0,0,0,1,0,0,0,0,N,N,Y,6,2026,1,Y,PL
CUST1000644,2,0,0,1,0,0,0,0,Y,N,Y,6,2026,2,N,None
CUST1000645,0,0,0,1,0,0,0,0,N,N,N,6,2026,1,Y,MF
CUST1000646,0,2,0,1,0,0,0,0,N,N,N,6,2026,2,Y,SA
CUST1000647,0,1,0,1,3,1,1,0,N,N,N,6,2026,5,Y,CC
CUST1000648,1,0,0,1,0,0,0,0,N,N,N,6,2026,2,Y,MF
CUST1000649,0,1,0,1,0,0,0,0,N,N,N,6,2026,2,N,None
CUST1000650,0,0,0,1,0,1,1,0,N,N,N,6,2026,3,N,None
CUST1000651,0,0,0,1,0,0,0,0,N,N,Y,6,2026,1,N,HL
CUST1000652,0,0,0,1,0,0,0,0,N,N,Y,6,2026,1,N,None
CUST1000653,0,2,0,1,1,2,1,0,N,N,Y,6,2026,5,Y,AL
CUST1000654,0,1,0,1,0,0,0,0,N,N,N,6,2026,2,Y,SA
CUST1000655,0,0,0,1,0,0,0,0,Y,N,Y,6,2026,1,N,None
CUST1000656,0,1,0,1,0,2,0,0,N,Y,Y,6,2026,3,N,None
CUST1000657,0,2,0,1,0,0,0,1,N,N,Y,6,2026,3,N,None
CUST1000658,0,1,0,0,0,0,0,0,N,N,N,6,2026,1,Y,SA
CUST1000659,1,0,0,1,0,0,0,0,N,N,Y,6,2026,2,N,None
CUST1000660,1,0,0,1,0,0,0,0,N,N,N,6,2026,2,N,None
CUST1000661,0,0,1,1,0,0,0,0,N,N,Y,6,2026,2,N,None
CUST1000662,2,0,0,1,0,0,0,0,N,N,Y,6,2026,2,Y,CC
CUST1000663,0,0,0,1,0,0,0,0,N,N,Y,6,2026,1,Y,SA
CUST1000664,0,0,0,1,0,0,0,1,N,N,N,6,2026,2,N,None
CUST1000665,1,0,0,1,0,0,0,0,N,N,N,6,2026,2,N,RD
CUST1000666,0,1,0,1,0,0,0,0,N,N,N,6,2026,2,Y,SA
CUST1000667,0,0,0,1,0,1,0,0,N,N,Y,6,2026,2,N,None
CUST1000668,0,1,0,1,0,0,0,0,N,Y,Y,6,2026,2,N,None
CUST1000669,0,1,0,1,0,0,0,0,N,N,N,6,2026,2,N,AL
CUST1000670,2,0,0,1,0,0,0,0,N,N,N,6,2026,2,Y,SA
CUST1000671,0,2,0,1,0,0,0,0,N,N,N,6,2026,2,Y,CC
CUST1000672,0,2,0,1,0,1,1,0,N,N,Y,6,2026,4,N,None
CUST1000673,0,2,0,1,0,2,0,0,N,N,Y,6,2026,3,N,None
CUST1000674,0,0,0,1,0,0,0,0,N,N,Y,6,2026,1,Y,PL
CUST1000675,0,0,0,1,0,0,0,0,Y,Y,N,6,2026,1,Y,SA
CUST1000676,0,0,0,1,3,0,0,1,N,Y,N,6,2026,3,N,MF
CUST1000677,0,2,0,1,0,1,0,0,N,N,Y,6,2026,3,Y,MF
CUST1000678,0,0,0,1,2,2,0,0,N,N,N,6,2026,3,N,None
CUST1000679,0,2,0,1,0,0,0,0,N,N,Y,6,2026,2,N,None
CUST1000680,0,0,0,1,0,0,0,0,N,N,N,6,2026,1,N,MF
CUST1000681,0,0,0,1,2,2,0,0,N,N,N,6,2026,3,Y,HF
CUST1000682,0,2,0,1,0,0,0,1,N,N,N,6,2026,3,N,None
CUST1000683,0,1,0,1,0,0,0,0,N,N,Y,6,2026,2,N,None
CUST1000684,0,0,0,1,3,0,0,0,N,N,N,6,2026,2,N,MF
CUST1000685,0,1,0,1,3,2,0,0,N,N,N,6,2026,4,Y,MF
CUST1000686,0,2,0,1,0,1,0,0,N,N,Y,6,2026,3,Y,MF
CUST1000687,0,0,0,1,0,1,0,0,N,N,N,6,2026,2,N,SA
CUST1000688,0,0,0,1,0,0,0,1,N,N,N,6,2026,2,N,None
CUST1000689,1,0,0,1,0,0,0,0,N,N,Y,6,2026,2,N,None
CUST1000690,0,2,0,1,0,0,0,0,N,N,N,6,2026,2,N,None
CUST1000691,0,0,0,1,1,0,0,0,N,N,Y,6,2026,2,N,None
CUST1000692,0,0,0,1,1,0,0,0,N,N,Y,6,2026,2,Y,MF
CUST1000693,2,0,0,1,0,0,0,0,N,N,Y,6,2026,2,N,None
CUST1000694,0,0,0,1,0,0,0,0,Y,N,Y,6,2026,1,N,PL
CUST1000695,0,0,0,1,2,1,0,0,N,N,N,6,2026,3,N,None
CUST1000696,0,1,0,1,0,0,0,1,N,N,Y,6,2026,3,N,None
CUST1000697,0,0,0,1,0,0,0,0,Y,N,N,6,2026,1,N,None
CUST1000698,0,0,0,1,2,0,0,0,Y,N,N,6,2026,2,N,None
CUST1000699,0,0,0,1,0,0,0,1,N,N,Y,6,2026,2,Y,SA
CUST1000700,1,2,0,0,0,0,0,0,N,N,Y,6,2026,2,Y,CC
CUST1000701,0,0,0,1,0,2,0,0,Y,Y,N,6,2026,2,Y,AL
CUST1000702,0,0,0,1,1,0,0,0,N,N,N,6,2026,2,Y,HF
CUST1000703,0,2,0,1,0,0,0,0,N,N,N,6,2026,2,Y,HF
CUST1000704,0,0,0,1,0,2,0,0,N,N,N,6,2026,2,N,None
CUST1000705,0,0,0,1,0,0,0,0,N,N,N,6,2026,1,Y,AL
CUST1000706,0,0,0,1,0,0,0,0,N,N,N,6,2026,1,Y,SA
CUST1000707,0,0,0,1,0,0,0,0,N,Y,N,6,2026,1,Y,AL
CUST1000708,0,1,0,1,0,0,0,0,N,N,N,6,2026,2,N,None
CUST1000709,0,2,0,0,3,0,0,0,N,N,N,6,2026,2,N,None
CUST1000710,0,0,0,1,0,0,0,0,N,N,N,6,2026,1,Y,CC
CUST1000711,0,2,0,1,3,0,0,0,N,N,Y,6,2026,3,N,None
CUST1000712,0,1,0,1,0,2,1,0,N,N,N,6,2026,4,N,None
CUST1000713,0,2,0,1,0,1,0,1,N,N,Y,6,2026,4,Y,CC
CUST1000714,0,0,0,1,0,0,0,0,N,N,N,6,2026,1,Y,AL
CUST1000715,0,2,0,1,0,1,0,0,N,N,Y,6,2026,3,N,None
CUST1000716,0,2,0,1,0,0,0,0,N,N,N,6,2026,2,N,None
CUST1000717,2,0,0,1,3,0,0,0,N,N,Y,6,2026,3,Y,SA
CUST1000718,2,1,0,1,0,0,0,0,N,N,Y,6,2026,3,N,None
CUST1000719,0,2,0,1,2,0,0,0,N,N,Y,6,2026,3,Y,AL
CUST1000720,0,2,0,1,0,0,0,1,N,N,N,6,2026,3,Y,PL
CUST1000721,0,0,0,1,3,0,1,0,N,N,N,6,2026,3,N,None
CUST1000722,0,1,0,1,0,2,0,0,N,N,N,6,2026,3,Y,RD
CUST1000723,0,0,0,1,0,0,0,0,N,N,N,6,2026,1,N,None
CUST1000724,2,0,0,1,0,0,0,0,N,N,N,6,2026,2,N,None
CUST1000725,0,0,0,1,0,0,0,0,N,N,Y,6,2026,1,N,None
CUST1000726,0,2,0,1,0,0,0,1,N,Y,N,6,2026,3,N,None
CUST1000727,0,0,0,1,0,0,0,0,N,N,N,6,2026,1,N,PL
CUST1000728,0,1,0,1,0,0,0,0,N,N,N,6,2026,2,Y,MF
CUST1000729,0,1,1,1,1,0,0,0,Y,N,N,6,2026,4,Y,RD
CUST1000730,0,2,0,1,1,0,1,0,N,N,Y,6,2026,4,Y,RD
CUST1000731,0,0,0,1,0,2,0,0,N,N,N,6,2026,2,Y,HL
CUST1000732,0,0,0,1,1,0,0,0,N,N,Y,6,2026,2,N,None
CUST1000733,0,0,0,1,0,0,0,0,N,N,Y,6,2026,1,N,None
CUST1000734,0,1,0,1,0,0,0,0,N,N,Y,6,2026,2,N,None
CUST1000735,1,0,1,1,0,0,0,0,N,N,Y,6,2026,3,N,None
CUST1000736,1,0,0,0,0,1,0,0,N,N,Y,6,2026,2,N,None
CUST1000737,0,2,1,1,0,0,0,0,N,N,Y,6,2026,3,Y,CC
CUST1000738,0,0,0,1,3,0,0,0,Y,N,N,6,2026,2,N,None
CUST1000739,0,0,0,1,0,0,0,0,N,N,N,6,2026,1,N,None
CUST1000740,0,1,0,1,0,1,0,0,N,N,Y,6,2026,3,N,None
CUST1000741,0,0,0,1,2,0,0,0,N,N,N,6,2026,2,N,AL
CUST1000742,0,2,0,0,0,0,0,0,N,N,Y,6,2026,1,Y,CC
CUST1000743,0,0,0,1,0,1,0,0,Y,N,Y,6,2026,2,Y,PL
CUST1000744,0,2,0,1,0,2,0,0,N,N,N,6,2026,3,Y,CC
CUST1000745,0,0,0,1,0,0,0,0,N,N,N,6,2026,1,Y,RD
CUST1000746,0,0,0,1,0,0,0,0,N,N,Y,6,2026,1,Y,RD
CUST1000747,0,0,0,1,0,2,0,1,N,N,N,6,2026,3,N,MF
CUST1000748,0,1,0,1,0,0,0,0,N,N,N,6,2026,2,Y,AL
CUST1000749,0,2,0,1,0,0,0,0,N,N,N,6,2026,2,Y,HL
CUST1000750,0,1,0,1,3,2,0,0,N,N,N,6,2026,4,N,None
CUST1000751,0,0,0,1,0,0,0,0,N,N,Y,6,2026,1,Y,PL
CUST1000752,0,0,0,1,0,0,0,0,N,N,Y,6,2026,1,N,None
CUST1000753,0,2,0,0,0,2,0,0,Y,N,Y,6,2026,2,Y,AL
CUST1000754,0,0,0,1,2,1,0,0,N,N,Y,6,2026,3,Y,AL
CUST1000755,0,0,0,1,0,0,0,0,N,N,N,6,2026,1,N,None
CUST1000756,0,2,0,1,0,2,0,0,N,N,N,6,2026,3,N,None
CUST1000757,0,0,0,1,0,2,1,1,N,N,N,6,2026,4,Y,SA
CUST1000758,0,0,0,1,3,0,0,0,N,N,N,6,2026,2,N,HL
CUST1000759,2,0,0,1,3,0,0,0,Y,N,Y,6,2026,3,N,None
CUST1000760,2,0,0,1,3,0,0,1,N,N,N,6,2026,4,N,None
CUST1000761,0,2,0,1,0,0,0,0,N,N,Y,6,2026,2,Y,AL
CUST1000762,2,0,0,1,0,0,0,0,N,N,Y,6,2026,2,N,None
CUST1000763,0,1,0,1,0,0,0,0,N,N,N,6,2026,2,N,None
CUST1000764,0,0,0,1,0,0,0,0,N,N,Y,6,2026,1,N,None
CUST1000765,0,0,0,1,0,0,1,0,Y,N,N,6,2026,2,N,None
CUST1000766,0,2,0,1,2,0,0,0,Y,N,N,6,2026,3,N,None
CUST1000767,0,0,0,1,0,0,0,0,Y,N,Y,6,2026,1,N,None
CUST1000768,0,0,0,1,0,0,0,0,N,N,N,6,2026,1,N,None
CUST1000769,0,0,0,1,0,0,0,0,N,N,N,6,2026,1,Y,CC
CUST1000770,0,0,0,1,0,0,0,0,N,N,Y,6,2026,1,Y,RD
CUST1000771,0,0,0,0,0,1,0,0,Y,N,N,6,2026,1,N,None
CUST1000772,0,0,0,1,0,2,0,0,N,N,N,6,2026,2,N,None
CUST1000773,0,0,0,1,0,2,0,0,N,N,Y,6,2026,2,N,None
CUST1000774,0,0,0,1,0,0,0,0,N,N,Y,6,2026,1,N,SA
CUST1000775,0,1,0,1,0,0,0,0,N,N,N,6,2026,2,N,None
CUST1000776,0,0,0,1,0,0,0,0,N,N,Y,6,2026,1,N,None
CUST1000777,1,1,0,1,0,2,0,0,N,N,N,6,2026,4,N,None
CUST1000778,0,0,0,1,1,0,0,0,N,N,N,6,2026,2,N,None
CUST1000779,0,2,0,1,0,0,0,0,N,N,Y,6,2026,2,Y,PL
CUST1000780,0,1,0,1,3,0,0,0,Y,N,N,6,2026,3,N,None
CUST1000781,0,0,0,1,0,0,0,0,N,N,Y,6,2026,1,N,None
CUST1000782,0,2,0,1,0,0,0,0,Y,N,Y,6,2026,2,N,None
CUST1000783,1,0,0,1,0,0,0,0,N,Y,N,6,2026,2,N,RD
CUST1000784,0,1,0,1,0,0,0,0,N,N,N,6,2026,2,Y,CC
CUST1000785,0,0,0,1,0,0,0,0,N,N,Y,6,2026,1,Y,RD
CUST1000786,0,0,0,1,0,0,0,0,N,N,N,6,2026,1,Y,AL
CUST1000787,2,1,0,1,0,2,0,0,N,Y,Y,6,2026,4,N,None
CUST1000788,0,1,1,0,0,0,0,0,N,N,N,6,2026,2,N,None
CUST1000789,2,2,0,1,0,1,0,0,N,N,Y,6,2026,4,N,None
CUST1000790,0,0,0,1,0,0,1,0,Y,N,N,6,2026,2,N,PL
CUST1000791,0,0,0,0,0,0,0,0,N,N,Y,6,2026,0,N,None
CUST1000792,0,1,0,0,0,0,0,0,N,N,Y,6,2026,1,Y,SA
CUST1000793,0,0,0,1,0,1,0,0,N,N,N,6,2026,2,Y,CC
CUST1000794,0,2,0,1,0,0,0,0,N,N,Y,6,2026,2,N,None
CUST1000795,0,2,0,1,3,0,0,1,N,N,Y,6,2026,4,N,None
CUST1000796,1,2,0,1,0,0,0,0,Y,N,Y,6,2026,3,N,None
CUST1000797,0,1,0,1,0,0,0,0,N,N,Y,6,2026,2,N,None
CUST1000798,0,2,0,1,3,0,0,0,N,Y,N,6,2026,3,N,None
CUST1000799,0,1,0,1,0,0,0,1,N,N,Y,6,2026,3,Y,RD
CUST1000800,0,1,0,1,0,0,0,0,N,N,Y,6,2026,2,N,None
CUST1000801,0,1,0,1,0,0,0,0,N,N,Y,6,2026,2,Y,SA
CUST1000802,0,0,0,1,0,0,0,0,N,N,N,6,2026,1,N,None
CUST1000803,0,2,0,0,0,0,1,0,N,N,Y,6,2026,2,N,None
CUST1000804,0,1,0,1,0,1,0,0,N,N,N,6,2026,3,Y,HL
CUST1000805,0,0,0,1,0,0,0,0,N,N,Y,6,2026,1,Y,HL
CUST1000806,0,2,0,1,0,2,1,0,N,N,N,6,2026,4,Y,AL
CUST1000807,0,2,0,1,0,2,0,0,N,N,N,6,2026,3,Y,PL
CUST1000808,0,1,0,1,0,0,0,0,N,N,Y,6,2026,2,Y,PL
CUST1000809,0,1,0,1,0,0,0,1,Y,N,N,6,2026,3,Y,PL
CUST1000810,0,0,0,1,0,0,0,0,N,N,N,6,2026,1,N,None
CUST1000811,0,0,1,1,0,1,0,0,N,N,Y,6,2026,3,Y,HL
CUST1000812,0,2,0,1,3,0,0,0,N,N,Y,6,2026,3,Y,MF
CUST1000813,0,2,0,1,0,0,0,0,Y,N,Y,6,2026,2,N,None
CUST1000814,0,2,0,1,3,0,0,0,N,Y,Y,6,2026,3,N,None
CUST1000815,0,1,0,1,2,1,0,0,N,Y,Y,6,2026,4,N,None
CUST1000816,0,0,0,1,0,0,0,1,N,N,N,6,2026,2,N,None
CUST1000817,1,0,0,1,0,0,0,0,Y,N,N,6,2026,2,N,None
CUST1000818,0,0,1,1,0,0,0,0,N,N,N,6,2026,2,Y,CC
CUST1000819,0,2,0,1,0,0,0,0,Y,N,N,6,2026,2,Y,CC
CUST1000820,0,2,0,1,0,1,0,0,N,N,N,6,2026,3,N,None
CUST1000821,0,2,0,1,0,0,0,0,Y,N,Y,6,2026,2,N,None
CUST1000822,2,0,0,1,0,1,1,0,N,N,N,6,2026,4,N,None
CUST1000823,0,2,0,1,1,0,0,0,N,N,Y,6,2026,3,N,None
CUST1000824,0,0,0,1,3,2,0,0,N,N,Y,6,2026,3,N,None
CUST1000825,0,0,0,1,3,0,0,0,N,N,Y,6,2026,2,N,None
CUST1000826,0,0,0,1,0,0,0,0,N,N,N,6,2026,1,Y,SA
CUST1000827,0,0,0,1,0,0,0,0,Y,N,N,6,2026,1,Y,MF
CUST1000828,0,0,0,1,0,0,0,0,N,N,Y,6,2026,1,N,None
CUST1000829,0,0,0,1,0,0,0,0,N,N,N,6,2026,1,N,None
CUST1000830,0,1,0,1,3,0,0,0,N,Y,Y,6,2026,3,N,RD
CUST1000831,0,2,0,1,0,1,0,0,N,N,Y,6,2026,3,Y,RD
CUST1000832,0,0,0,1,3,0,0,0,N,N,Y,6,2026,2,Y,HL
CUST1000833,0,2,0,1,0,1,0,0,N,N,Y,6,2026,3,Y,CC
CUST1000834,0,0,0,1,0,0,0,0,N,N,N,6,2026,1,Y,SA
CUST1000835,0,0,0,1,0,0,0,0,N,N,N,6,2026,1,N,None
CUST1000836,2,0,0,1,0,0,0,0,N,N,Y,6,2026,2,N,None
CUST1000837,0,0,0,1,2,0,0,0,N,N,N,6,2026,2,Y,PL
CUST1000838,0,0,0,1,3,0,0,0,N,N,Y,6,2026,2,Y,SA
CUST1000839,0,0,0,1,0,0,0,0,N,N,Y,6,2026,1,N,None
CUST1000840,0,1,0,1,3,0,0,1,N,N,Y,6,2026,4,Y,HF
CUST1000841,0,2,0,1,3,2,0,1,N,N,Y,6,2026,5,Y,AL
CUST1000842,0,0,0,1,1,0,0,1,N,N,N,6,2026,3,N,None
CUST1000843,0,0,0,1,1,0,0,0,Y,N,Y,6,2026,2,N,None
CUST1000844,0,2,0,1,0,1,0,1,N,N,N,6,2026,4,Y,SA
CUST1000845,0,0,0,1,1,0,0,0,N,N,Y,6,2026,2,Y,SA
CUST1000846,0,0,0,1,0,0,0,0,N,N,N,6,2026,1,Y,PL
CUST1000847,0,0,0,1,1,0,0,0,N,N,Y,6,2026,2,Y,SA
CUST1000848,0,1,0,1,0,0,0,0,N,N,N,6,2026,2,Y,HF
CUST1000849,0,0,0,1,0,2,0,0,N,N,N,6,2026,2,N,None
CUST1000850,2,0,0,1,0,0,0,0,N,N,Y,6,2026,2,Y,AL
CUST1000851,0,0,0,1,0,0,0,0,N,N,N,6,2026,1,N,None
CUST1000852,0,0,0,1,0,0,0,0,N,N,N,6,2026,1,N,None
CUST1000853,0,2,0,1,0,1,0,1,N,N,N,6,2026,4,N,None
CUST1000854,0,0,0,1,0,0,0,0,N,N,Y,6,2026,1,N,None
CUST1000855,0,0,0,1,0,0,0,0,N,N,Y,6,2026,1,Y,AL
CUST1000856,0,0,0,1,0,1,0,0,N,N,N,6,2026,2,Y,AL
CUST1000857,0,0,0,1,1,0,0,0,N,N,Y,6,2026,2,N,None
CUST1000858,0,0,0,1,2,1,0,0,N,N,N,6,2026,3,N,None
CUST1000859,0,0,0,1,0,1,0,0,N,N,N,6,2026,2,N,None
CUST1000860,0,1,0,1,0,0,0,0,N,N,Y,6,2026,2,N,None
CUST1000861,0,2,0,1,2,0,0,0,N,N,Y,6,2026,3,Y,CC
CUST1000862,0,0,0,1,1,0,0,0,N,N,N,6,2026,2,N,None
CUST1000863,0,2,0,1,0,0,0,0,N,N,N,6,2026,2,N,None
CUST1000864,1,2,0,1,0,0,0,0,N,N,N,6,2026,3,N,None
CUST1000865,2,0,0,1,0,0,0,0,N,N,Y,6,2026,2,Y,PL
CUST1000866,0,1,0,1,0,0,0,0,N,Y,Y,6,2026,2,Y,HF
CUST1000867,0,0,0,1,0,0,1,0,N,N,Y,6,2026,2,Y,SA
CUST1000868,0,2,0,1,0,0,0,0,N,N,N,6,2026,2,N,None
CUST1000869,0,0,0,1,0,0,0,0,N,N,N,6,2026,1,Y,CC
CUST1000870,0,2,0,1,0,0,0,0,N,N,Y,6,2026,2,N,None
CUST1000871,0,1,0,1,0,1,0,0,N,N,Y,6,2026,3,N,SA
CUST1000872,0,1,0,1,0,1,0,0,N,N,N,6,2026,3,Y,CC
CUST1000873,2,0,0,1,3,0,0,0,N,N,Y,6,2026,3,Y,CC
CUST1000874,1,0,0,1,0,0,0,0,N,N,N,6,2026,2,Y,HF
CUST1000875,1,0,0,1,0,2,0,0,Y,N,N,6,2026,3,N,None
CUST1000876,0,0,0,1,0,0,0,0,N,N,Y,6,2026,1,Y,CC
CUST1000877,0,1,0,1,2,0,0,0,N,N,Y,6,2026,3,Y,MF
CUST1000878,0,1,0,1,0,0,0,0,N,N,Y,6,2026,2,N,None
CUST1000879,0,0,0,1,3,0,0,0,N,N,Y,6,2026,2,N,None
CUST1000880,0,2,0,1,0,0,0,0,Y,N,N,6,2026,2,N,None
CUST1000881,0,0,0,1,0,1,1,0,N,N,Y,6,2026,3,Y,HF
CUST1000882,0,0,0,1,0,1,0,0,Y,N,N,6,2026,2,N,None
CUST1000883,0,2,0,1,0,0,0,0,N,N,Y,6,2026,2,Y,PL
CUST1000884,0,1,0,1,0,0,0,0,Y,N,N,6,2026,2,N,None
CUST1000885,0,0,0,1,3,1,1,1,Y,N,Y,6,2026,5,N,None
CUST1000886,0,0,0,1,0,0,0,1,N,N,Y,6,2026,2,Y,PL
CUST1000887,0,0,0,1,0,0,0,0,Y,N,Y,6,2026,1,N,None
CUST1000888,0,0,0,1,0,0,0,0,N,N,N,6,2026,1,N,CC
CUST1000889,0,0,0,1,0,0,1,0,N,N,N,6,2026,2,N,None
CUST1000890,0,0,0,1,0,0,0,0,Y,N,Y,6,2026,1,Y,CC
CUST1000891,2,0,0,1,0,0,0,0,N,N,Y,6,2026,2,N,None
CUST1000892,0,0,0,1,3,0,0,0,N,N,Y,6,2026,2,N,None
CUST1000893,0,0,0,1,1,0,0,0,Y,N,N,6,2026,2,N,None
CUST1000894,0,1,0,1,0,0,0,0,N,N,Y,6,2026,2,Y,CC
CUST1000895,1,1,0,1,0,0,1,0,N,N,N,6,2026,4,Y,RD
CUST1000896,0,0,0,1,0,0,0,0,N,N,Y,6,2026,1,Y,SA
CUST1000897,0,0,0,0,0,2,0,1,N,N,Y,6,2026,2,Y,SA
CUST1000898,1,0,0,1,3,2,0,0,N,N,Y,6,2026,4,N,AL
CUST1000899,0,0,1,1,0,0,0,0,N,N,N,6,2026,2,N,None
CUST1000900,2,0,0,1,2,0,0,0,N,N,N,6,2026,3,N,None
CUST1000901,0,0,0,1,0,0,0,1,N,N,Y,6,2026,2,N,SA
CUST1000902,0,0,0,1,1,1,0,0,N,N,Y,6,2026,3,N,None
CUST1000903,0,1,0,1,2,0,0,0,N,N,N,6,2026,3,Y,AL
CUST1000904,0,0,0,0,0,0,0,0,N,N,Y,6,2026,0,Y,RD
CUST1000905,0,0,0,1,0,0,0,0,N,N,N,6,2026,1,N,CC
CUST1000906,2,0,0,1,0,0,0,0,Y,N,Y,6,2026,2,N,None
CUST1000907,1,0,0,1,2,0,0,0,N,N,N,6,2026,3,Y,CC
CUST1000908,0,0,0,0,0,0,0,0,Y,N,N,6,2026,0,Y,RD
CUST1000909,0,0,0,1,0,1,0,0,N,Y,N,6,2026,2,N,None
CUST1000910,0,0,0,1,0,0,1,0,N,N,N,6,2026,2,N,None
CUST1000911,1,0,0,1,3,0,0,1,N,N,N,6,2026,4,N,None
CUST1000912,0,2,0,1,0,1,0,0,N,N,Y,6,2026,3,N,None
CUST1000913,0,0,1,1,0,0,0,0,N,N,N,6,2026,2,N,None
CUST1000914,0,0,1,1,0,1,0,0,Y,N,N,6,2026,3,N,None
CUST1000915,0,1,0,1,0,1,0,0,N,N,N,6,2026,3,N,HL
CUST1000916,0,0,0,1,0,0,0,0,N,N,N,6,2026,1,N,CC
CUST1000917,0,2,0,1,0,0,0,0,N,N,Y,6,2026,2,Y,SA
CUST1000918,0,0,0,1,0,0,0,0,N,N,Y,6,2026,1,N,None
CUST1000919,0,0,0,1,2,0,0,0,N,N,N,6,2026,2,N,None
CUST1000920,0,0,0,1,0,0,0,0,N,N,Y,6,2026,1,Y,SA
CUST1000921,0,0,0,1,0,0,1,0,N,N,N,6,2026,2,Y,RD
CUST1000922,0,0,0,1,0,0,0,0,N,N,N,6,2026,1,Y,SA
CUST1000923,0,1,0,1,0,0,0,0,N,N,Y,6,2026,2,N,None
CUST1000924,0,1,0,1,3,0,0,0,N,N,N,6,2026,3,N,PL
CUST1000925,2,2,0,1,2,0,0,0,N,N,N,6,2026,4,Y,HL
CUST1000926,0,0,0,1,3,0,0,0,N,N,N,6,2026,2,Y,HF
CUST1000927,1,0,0,1,0,0,0,0,N,N,N,6,2026,2,N,None
CUST1000928,1,0,0,1,0,1,0,0,N,N,N,6,2026,3,Y,HL
CUST1000929,0,2,0,1,0,0,0,0,N,Y,Y,6,2026,2,Y,AL
CUST1000930,1,0,0,1,1,0,0,0,Y,N,N,6,2026,3,N,None
CUST1000931,0,0,0,1,0,0,0,0,N,N,Y,6,2026,1,Y,PL
CUST1000932,0,0,0,1,0,2,0,0,N,N,Y,6,2026,2,Y,MF
CUST1000933,0,2,0,1,1,0,0,0,N,N,N,6,2026,3,N,SA
CUST1000934,0,0,0,1,0,0,0,0,N,N,Y,6,2026,1,Y,MF
CUST1000935,0,0,0,1,0,0,0,0,Y,N,N,6,2026,1,N,None
CUST1000936,0,0,0,1,1,0,0,0,Y,N,Y,6,2026,2,Y,AL
CUST1000937,0,0,0,1,0,1,0,0,N,N,Y,6,2026,2,N,None
CUST1000938,0,0,0,1,0,0,0,0,N,N,Y,6,2026,1,Y,CC
CUST1000939,0,2,0,0,0,0,0,0,N,N,N,6,2026,1,Y,SA
CUST1000940,0,0,0,1,0,2,0,0,N,N,N,6,2026,2,N,AL
CUST1000941,0,2,0,1,0,2,0,0,N,N,N,6,2026,3,Y,PL
CUST1000942,0,1,0,1,0,0,0,0,N,N,N,6,2026,2,Y,MF
CUST1000943,0,2,0,1,1,0,0,1,N,N,Y,6,2026,4,N,None
CUST1000944,0,0,0,1,0,0,0,0,N,N,N,6,2026,1,N,PL
CUST1000945,2,2,0,1,0,0,0,0,N,N,Y,6,2026,3,N,None
CUST1000946,0,0,0,1,1,0,0,0,Y,N,N,6,2026,2,Y,CC
CUST1000947,0,2,0,1,0,0,0,1,N,N,Y,6,2026,3,N,None
CUST1000948,0,1,0,1,0,1,0,0,N,N,N,6,2026,3,N,None
CUST1000949,2,2,0,1,0,1,0,0,Y,N,N,6,2026,4,N,None
CUST1000950,0,1,0,1,0,0,0,0,N,N,N,6,2026,2,Y,AL
CUST1000951,0,0,0,1,0,0,0,1,N,N,Y,6,2026,2,N,None
CUST1000952,0,0,0,1,1,0,0,1,N,Y,N,6,2026,3,N,None
CUST1000953,0,0,0,0,0,0,0,0,N,N,N,6,2026,0,N,None
CUST1000954,0,1,0,1,1,1,0,0,N,N,Y,6,2026,4,Y,HL
CUST1000955,0,2,0,1,0,0,0,0,Y,N,Y,6,2026,2,Y,HF
CUST1000956,2,0,0,1,1,0,0,0,Y,N,Y,6,2026,3,Y,SA
CUST1000957,0,0,0,1,0,0,1,0,N,N,Y,6,2026,2,N,None
CUST1000958,0,1,0,1,1,1,0,0,N,N,Y,6,2026,4,N,SA
CUST1000959,0,0,0,1,0,0,0,0,N,N,N,6,2026,1,N,None
CUST1000960,0,1,0,1,0,1,0,0,N,N,N,6,2026,3,N,PL
CUST1000961,0,0,0,1,0,0,0,0,N,N,Y,6,2026,1,N,None
CUST1000962,0,0,0,1,0,0,0,0,Y,N,N,6,2026,1,N,CC
CUST1000963,1,2,0,1,2,2,0,1,N,N,N,6,2026,6,N,None
CUST1000964,0,0,0,1,0,0,0,0,N,N,Y,6,2026,1,N,None
CUST1000965,0,1,0,1,0,1,0,0,N,N,N,6,2026,3,N,CC
CUST1000966,0,0,0,1,0,1,1,0,N,N,N,6,2026,3,N,RD
CUST1000967,2,0,0,1,3,0,0,0,N,N,Y,6,2026,3,Y,SA
CUST1000968,0,1,0,1,1,1,0,0,N,N,N,6,2026,4,Y,MF
CUST1000969,0,0,0,1,0,1,0,0,N,N,N,6,2026,2,N,RD
CUST1000970,0,0,0,1,0,0,0,0,Y,N,Y,6,2026,1,Y,PL
CUST1000971,0,2,0,1,0,0,0,0,N,N,N,6,2026,2,N,None
CUST1000972,0,0,0,1,0,0,0,0,N,N,N,6,2026,1,Y,PL
CUST1000973,0,0,0,1,0,1,0,0,N,N,N,6,2026,2,Y,MF
CUST1000974,1,1,0,1,1,1,0,0,N,N,Y,6,2026,5,Y,AL
CUST1000975,0,2,0,0,0,0,0,0,N,N,Y,6,2026,1,N,None
CUST1000976,0,0,0,1,1,0,0,0,N,N,N,6,2026,2,N,None
CUST1000977,2,1,0,1,3,1,0,0,Y,N,Y,6,2026,5,Y,CC
CUST1000978,0,0,0,1,0,0,0,0,N,Y,N,6,2026,1,N,None
CUST1000979,0,1,0,1,1,1,0,0,N,Y,N,6,2026,4,N,None
CUST1000980,0,0,0,1,0,0,0,0,Y,N,Y,6,2026,1,N,None
CUST1000981,2,0,0,0,1,2,0,0,N,N,N,6,2026,3,N,None
CUST1000982,0,1,0,1,0,0,0,0,N,N,N,6,2026,2,N,None
CUST1000983,1,0,0,1,0,0,0,0,N,N,Y,6,2026,2,N,None
CUST1000984,0,1,0,1,0,0,1,0,N,N,N,6,2026,3,Y,SA
CUST1000985,0,2,0,1,0,2,1,0,Y,Y,N,6,2026,4,N,SA
CUST1000986,2,0,0,1,3,0,0,0,N,N,Y,6,2026,3,N,None
CUST1000987,0,0,1,1,0,0,0,0,N,N,Y,6,2026,2,Y,SA
CUST1000988,0,0,0,0,0,0,0,0,N,N,Y,6,2026,0,N,None
CUST1000989,0,0,0,1,1,0,0,0,Y,N,Y,6,2026,2,N,None
CUST1000990,0,2,0,1,0,0,0,0,N,N,Y,6,2026,2,N,None
CUST1000991,0,2,0,1,0,0,1,0,N,N,N,6,2026,3,Y,HF
CUST1000992,0,0,0,1,3,0,0,0,N,N,N,6,2026,2,N,None
CUST1000993,0,0,0,1,0,0,0,0,N,N,Y,6,2026,1,Y,CC
CUST1000994,0,0,0,1,2,2,0,0,N,N,Y,6,2026,3,N,None
CUST1000995,2,0,0,1,2,0,0,0,Y,N,Y,6,2026,3,N,None
CUST1000996,0,2,0,1,0,0,0,0,N,N,N,6,2026,2,Y,AL
CUST1000997,0,0,0,1,0,0,0,0,N,N,N,6,2026,1,Y,MF
CUST1000998,0,0,0,0,0,0,0,0,N,N,Y,6,2026,0,N,MF
CUST1000999,0,1,0,1,0,0,0,0,N,N,N,6,2026,2,N,CC
CUST1001000,0,0,0,1,0,0,0,0,N,N,N,6,2026,1,N,CC
CUST1001001,2,0,0,1,0,0,0,0,N,Y,Y,6,2026,2,N,RD
CUST1001002,0,0,0,1,3,0,0,0,N,N,N,6,2026,2,N,SA
CUST1001003,0,0,0,1,3,0,0,0,N,N,N,6,2026,2,Y,HL
CUST1001004,0,0,0,1,0,0,0,0,N,N,N,6,2026,1,Y,MF
CUST1001005,0,2,0,1,1,0,0,0,N,N,N,6,2026,3,Y,AL
CUST1001006,0,0,1,1,1,0,0,0,N,N,N,6,2026,3,Y,SA
CUST1001007,0,0,0,1,0,0,0,0,N,N,Y,6,2026,1,Y,HL
CUST1001008,1,0,0,1,3,0,0,0,Y,N,Y,6,2026,3,N,None
CUST1001009,0,2,0,1,0,0,0,0,N,N,N,6,2026,2,N,None
CUST1001010,2,0,0,1,0,0,0,0,N,N,N,6,2026,2,Y,PL
CUST1001011,0,0,0,1,0,0,0,0,N,N,N,6,2026,1,N,None
CUST1001012,0,0,0,0,2,0,0,1,N,N,N,6,2026,2,Y,PL
CUST1001013,0,1,0,1,0,2,0,0,N,N,Y,6,2026,3,N,None
CUST1001014,0,0,0,1,0,0,0,0,N,N,N,6,2026,1,N,None
CUST1001015,0,0,0,1,0,0,0,0,N,N,N,6,2026,1,Y,SA
CUST1001016,0,0,0,1,0,2,0,0,Y,N,N,6,2026,2,N,None
CUST1001017,0,1,0,1,0,0,0,0,Y,N,N,6,2026,2,Y,SA
CUST1001018,0,0,0,1,0,1,0,0,N,N,Y,6,2026,2,N,None
CUST1001019,0,0,0,1,3,0,0,0,N,N,N,6,2026,2,N,None
CUST1001020,0,2,0,0,0,0,0,0,N,N,N,6,2026,1,Y,PL
CUST1001021,0,0,0,1,0,2,0,0,N,N,N,6,2026,2,N,None
CUST1001022,0,2,0,1,0,0,1,0,N,Y,Y,6,2026,3,N,None
CUST1001023,0,0,0,1,0,0,1,0,N,N,N,6,2026,2,N,None
CUST1001024,0,2,0,1,0,0,0,0,N,N,N,6,2026,2,Y,HL
CUST1001025,0,0,0,0,0,0,0,1,N,N,Y,6,2026,1,Y,SA
CUST1001026,0,0,0,1,0,0,0,0,Y,Y,N,6,2026,1,N,None
CUST1001027,0,1,0,1,0,0,0,0,N,N,N,6,2026,2,N,None
CUST1001028,0,0,0,1,0,0,0,0,N,Y,Y,6,2026,1,N,MF
CUST1001029,0,2,0,1,0,0,0,0,N,Y,Y,6,2026,2,Y,SA
CUST1001030,0,0,0,1,0,0,1,0,N,N,N,6,2026,2,N,None
CUST1001031,0,2,0,1,0,2,0,0,N,N,Y,6,2026,3,N,None
CUST1001032,0,1,0,1,0,0,0,0,N,N,Y,6,2026,2,Y,SA
CUST1001033,0,0,0,1,0,0,0,0,Y,N,N,6,2026,1,Y,SA
CUST1001034,0,1,0,1,0,0,0,0,N,N,N,6,2026,2,N,None
CUST1001035,0,1,0,1,0,1,0,0,N,N,N,6,2026,3,Y,AL
CUST1001036,0,0,0,1,0,1,0,0,N,N,Y,6,2026,2,N,None
CUST1001037,0,2,0,1,0,0,0,0,Y,Y,Y,6,2026,2,Y,SA
CUST1001038,0,0,0,1,0,1,0,0,Y,N,Y,6,2026,2,Y,RD
CUST1001039,1,0,0,1,0,0,1,0,N,N,Y,6,2026,3,Y,RD
CUST1001040,0,0,0,1,0,0,0,0,N,N,Y,6,2026,1,N,None
CUST1001041,1,0,0,1,0,0,0,0,N,N,Y,6,2026,2,N,CC
CUST1001042,0,0,0,1,0,2,0,0,N,N,N,6,2026,2,Y,CC
CUST1001043,0,2,0,1,0,1,0,0,Y,N,N,6,2026,3,N,None
CUST1001044,2,0,0,1,1,0,0,0,N,N,Y,6,2026,3,N,None
CUST1001045,0,0,0,1,2,0,0,0,N,N,Y,6,2026,2,Y,HL
CUST1001046,1,0,0,1,0,1,0,0,N,Y,Y,6,2026,3,N,None
CUST1001047,0,0,0,1,0,0,0,0,N,N,Y,6,2026,1,N,SA
CUST1001048,0,0,0,1,0,0,0,0,N,N,Y,6,2026,1,N,None
CUST1001049,0,0,0,1,0,2,0,0,N,N,Y,6,2026,2,N,None
CUST1001050,0,2,0,1,0,0,0,0,N,Y,Y,6,2026,2,Y,SA
CUST1001051,0,0,0,1,0,0,0,0,N,N,Y,6,2026,1,Y,HF
CUST1001052,1,0,0,0,0,1,0,0,N,N,Y,6,2026,2,N,None
CUST1001053,0,0,0,1,2,0,0,0,N,N,Y,6,2026,2,N,None
CUST1001054,0,2,0,1,0,0,0,0,N,N,Y,6,2026,2,Y,SA
CUST1001055,0,0,0,1,0,0,0,1,N,N,N,6,2026,2,Y,SA
CUST1001056,0,0,0,1,0,0,0,1,N,N,Y,6,2026,2,Y,MF
CUST1001057,0,2,0,1,2,0,0,0,N,N,N,6,2026,3,Y,CC
CUST1001058,0,0,0,1,1,2,0,0,N,N,N,6,2026,3,N,None
CUST1001059,0,1,0,1,0,2,0,0,N,N,N,6,2026,3,Y,SA
CUST1001060,0,0,0,1,3,0,0,0,Y,N,Y,6,2026,2,N,None
CUST1001061,0,0,0,1,0,0,0,0,N,N,Y,6,2026,1,N,None
CUST1001062,2,0,0,1,0,0,0,0,N,N,N,6,2026,2,Y,AL
CUST1001063,0,0,0,1,0,0,0,0,N,N,Y,6,2026,1,N,RD
CUST1001064,0,0,0,1,2,0,0,0,N,N,Y,6,2026,2,Y,PL
CUST1001065,0,1,0,1,0,0,0,0,N,N,Y,6,2026,2,Y,MF
CUST1001066,0,0,0,1,0,1,0,0,N,N,Y,6,2026,2,Y,AL
CUST1001067,0,0,0,1,0,0,0,0,N,N,N,6,2026,1,Y,CC
CUST1001068,0,1,0,1,0,2,0,0,N,N,Y,6,2026,3,Y,HL
CUST1001069,0,0,0,1,0,2,0,0,N,N,Y,6,2026,2,Y,AL
CUST1001070,0,0,0,1,0,2,0,0,Y,N,Y,6,2026,2,Y,CC
CUST1001071,0,2,0,1,0,0,1,0,N,N,N,6,2026,3,N,None
CUST1001072,2,0,0,0,3,0,0,1,N,N,N,6,2026,3,N,None
CUST1001073,0,1,0,1,0,1,0,0,N,N,Y,6,2026,3,N,None
CUST1001074,0,1,0,1,0,1,0,0,N,N,N,6,2026,3,Y,AL
CUST1001075,0,1,0,1,0,0,0,0,N,N,Y,6,2026,2,N,None
CUST1001076,0,2,0,1,0,2,0,1,Y,N,N,6,2026,4,N,None
CUST1001077,1,0,0,1,0,1,1,0,N,N,N,6,2026,4,N,None
CUST1001078,0,1,0,1,0,0,0,0,Y,N,Y,6,2026,2,N,None
CUST1001079,1,0,0,1,0,0,0,0,N,N,Y,6,2026,2,Y,CC
CUST1001080,0,0,0,1,3,0,0,0,N,N,Y,6,2026,2,Y,PL
CUST1001081,0,0,0,1,1,1,0,1,Y,N,N,6,2026,4,N,None
CUST1001082,2,2,0,1,0,0,0,0,N,N,Y,6,2026,3,Y,SA
CUST1001083,0,0,0,1,0,0,0,0,N,N,Y,6,2026,1,N,None
CUST1001084,0,2,0,1,0,0,1,0,Y,N,Y,6,2026,3,Y,CC
CUST1001085,0,0,0,1,0,1,0,0,N,N,N,6,2026,2,Y,PL
CUST1001086,0,0,0,1,2,0,0,0,N,N,Y,6,2026,2,Y,CC
CUST1001087,0,0,0,1,3,0,0,0,N,N,N,6,2026,2,N,HL
CUST1001088,0,0,0,1,0,0,0,0,Y,N,Y,6,2026,1,N,None
CUST1001089,0,0,0,1,0,0,0,0,N,N,Y,6,2026,1,Y,RD
CUST1001090,0,2,0,1,3,0,0,0,Y,N,Y,6,2026,3,N,None
CUST1001091,0,2,0,1,0,0,0,0,Y,N,Y,6,2026,2,Y,AL
CUST1001092,1,1,0,1,0,1,0,0,N,N,Y,6,2026,4,Y,AL
CUST1001093,0,0,0,1,0,0,0,0,Y,N,N,6,2026,1,N,None
CUST1001094,1,0,0,1,0,0,0,0,N,N,Y,6,2026,2,Y,AL
CUST1001095,0,0,0,1,0,1,0,0,N,N,Y,6,2026,2,N,None
CUST1001096,0,0,0,1,0,0,0,0,N,N,N,6,2026,1,N,None
CUST1001097,1,2,0,1,1,0,1,0,N,N,N,6,2026,5,Y,CC
CUST1001098,0,0,0,1,2,0,0,0,N,N,N,6,2026,2,Y,AL
CUST1001099,0,0,0,1,0,0,0,1,N,N,Y,6,2026,2,N,None
CUST1001100,0,0,1,1,3,0,0,0,N,N,Y,6,2026,3,N,MF
CUST1001101,0,0,0,1,1,0,0,0,N,N,N,6,2026,2,Y,HF
CUST1001102,0,1,0,1,0,1,0,0,Y,N,Y,6,2026,3,Y,PL
CUST1001103,1,0,0,1,0,0,0,0,N,N,Y,6,2026,2,N,None
CUST1001104,2,0,0,1,0,0,0,0,N,N,N,6,2026,2,N,None
CUST1001105,0,2,0,1,0,1,0,0,N,N,Y,6,2026,3,N,None
CUST1001106,0,1,0,1,0,1,0,0,Y,N,Y,6,2026,3,Y,CC
CUST1001107,0,0,0,1,0,1,0,0,N,N,Y,6,2026,2,N,None
CUST1001108,0,0,0,1,0,0,0,0,N,N,N,6,2026,1,N,None
CUST1001109,0,0,0,1,0,0,1,0,N,N,Y,6,2026,2,Y,CC
CUST1001110,0,0,0,1,3,0,0,0,N,N,Y,6,2026,2,N,None
CUST1001111,0,0,0,1,1,1,1,1,N,N,Y,6,2026,5,N,PL
CUST1001112,0,0,0,1,0,0,0,0,N,N,Y,6,2026,1,N,SA
CUST1001113,0,2,0,1,0,2,0,0,N,N,N,6,2026,3,N,HF
CUST1001114,0,0,0,1,0,0,0,0,N,N,Y,6,2026,1,N,HL
CUST1001115,0,0,0,1,0,1,0,1,N,N,N,6,2026,3,N,CC
CUST1001116,0,0,0,1,0,0,0,0,N,Y,Y,6,2026,1,N,AL
CUST1001117,0,0,0,1,0,1,0,0,N,N,N,6,2026,2,N,None
CUST1001118,0,0,0,1,0,0,0,0,N,N,N,6,2026,1,Y,SA
CUST1001119,0,1,0,0,0,0,0,0,N,N,N,6,2026,1,Y,SA
CUST1001120,0,0,0,1,0,0,1,0,N,N,N,6,2026,2,N,None
CUST1001121,0,0,0,1,0,1,0,0,N,Y,N,6,2026,2,Y,CC
CUST1001122,0,2,0,0,2,2,0,0,N,N,N,6,2026,3,N,None
CUST1001123,2,2,0,1,0,0,0,0,N,N,Y,6,2026,3,Y,RD
CUST1001124,0,1,0,1,0,1,0,0,N,N,Y,6,2026,3,N,None
CUST1001125,0,0,0,1,0,0,0,0,N,N,Y,6,2026,1,N,RD
CUST1001126,2,0,0,1,0,0,0,0,Y,N,N,6,2026,2,N,None
CUST1001127,0,2,0,1,0,1,0,0,N,N,Y,6,2026,3,N,None
CUST1001128,0,1,0,1,0,0,0,0,N,N,N,6,2026,2,N,None
CUST1001129,0,2,0,1,0,0,0,0,N,N,N,6,2026,2,N,None
CUST1001130,0,2,0,1,0,0,0,0,N,N,Y,6,2026,2,N,None
CUST1001131,0,0,0,1,0,0,0,0,Y,N,Y,6,2026,1,N,None
CUST1001132,2,0,0,1,0,0,1,0,N,N,N,6,2026,3,Y,HF
CUST1001133,0,0,0,1,0,0,0,0,N,N,N,6,2026,1,Y,AL
CUST1001134,0,0,0,1,3,0,0,0,N,N,N,6,2026,2,Y,SA
CUST1001135,0,0,0,1,0,1,0,1,N,N,Y,6,2026,3,N,None
CUST1001136,0,2,0,0,0,0,0,0,Y,N,Y,6,2026,1,Y,RD
CUST1001137,1,0,1,1,2,2,0,0,N,N,Y,6,2026,5,N,None
CUST1001138,0,2,0,1,0,0,0,0,N,N,N,6,2026,2,N,MF
CUST1001139,0,1,0,1,0,0,0,1,N,N,Y,6,2026,3,Y,CC
CUST1001140,2,0,0,1,0,0,0,0,N,N,N,6,2026,2,N,None
CUST1001141,0,2,0,1,0,0,1,1,N,N,Y,6,2026,4,N,None
CUST1001142,0,0,0,1,0,0,0,0,Y,N,N,6,2026,1,N,RD
CUST1001143,0,0,0,1,0,0,0,0,N,N,N,6,2026,1,N,None
CUST1001144,0,1,0,1,0,0,0,0,N,N,N,6,2026,2,N,HL
CUST1001145,0,0,0,0,3,0,0,0,N,N,N,6,2026,1,Y,CC
CUST1001146,0,0,0,1,0,0,0,0,Y,N,N,6,2026,1,N,None
CUST1001147,0,0,0,1,0,0,0,0,N,N,N,6,2026,1,N,None
CUST1001148,1,0,0,1,0,0,0,0,N,N,Y,6,2026,2,N,None
CUST1001149,0,0,0,1,0,0,0,0,N,N,N,6,2026,1,Y,SA
CUST1001150,0,0,0,1,0,0,0,0,N,N,Y,6,2026,1,Y,PL
CUST1001151,1,2,0,1,0,0,0,0,N,Y,Y,6,2026,3,Y,HL
CUST1001152,0,2,0,1,0,1,0,1,N,N,Y,6,2026,4,N,AL
CUST1001153,0,1,0,1,2,0,0,0,Y,N,N,6,2026,3,Y,PL
CUST1001154,0,0,0,0,0,1,0,0,N,N,Y,6,2026,1,N,None
CUST1001155,0,0,0,1,0,0,0,0,N,N,Y,6,2026,1,N,None
CUST1001156,0,2,0,1,0,0,0,0,N,Y,Y,6,2026,2,Y,RD
CUST1001157,0,1,0,1,1,2,0,0,N,N,N,6,2026,4,N,None
CUST1001158,1,0,1,1,0,0,0,0,N,N,Y,6,2026,3,Y,AL
CUST1001159,0,1,0,1,0,2,0,0,N,N,Y,6,2026,3,Y,PL
CUST1001160,2,1,0,1,0,1,0,0,N,N,Y,6,2026,4,Y,SA
CUST1001161,0,0,0,1,0,0,0,0,N,N,N,6,2026,1,Y,RD
CUST1001162,2,1,0,0,0,0,0,0,N,N,Y,6,2026,2,N,None
CUST1001163,0,0,0,0,0,0,0,0,N,N,Y,6,2026,0,N,None
CUST1001164,0,0,0,1,0,0,0,0,Y,N,Y,6,2026,1,N,AL
CUST1001165,2,0,0,1,0,0,0,0,N,N,N,6,2026,2,N,None
CUST1001166,0,0,0,1,0,0,0,0,N,N,Y,6,2026,1,N,None
CUST1001167,0,1,0,1,0,0,0,0,N,N,N,6,2026,2,Y,AL
CUST1001168,0,1,0,1,1,2,0,0,N,N,Y,6,2026,4,N,None
CUST1001169,0,0,0,1,0,0,0,0,N,N,N,6,2026,1,Y,PL
CUST1001170,1,1,0,1,0,0,0,0,N,N,N,6,2026,3,Y,SA
CUST1001171,0,0,0,0,3,0,0,0,N,N,Y,6,2026,1,N,None
CUST1001172,0,0,0,1,0,0,0,0,N,N,Y,6,2026,1,N,None
CUST1001173,1,0,0,1,0,0,0,0,N,N,N,6,2026,2,N,RD
CUST1001174,0,1,0,1,0,0,0,0,N,N,Y,6,2026,2,Y,RD
CUST1001175,0,0,0,1,0,0,0,0,Y,N,N,6,2026,1,N,None
CUST1001176,0,0,0,1,0,1,0,0,Y,N,Y,6,2026,2,N,None
CUST1001177,0,0,0,1,0,0,0,0,Y,N,Y,6,2026,1,N,None
CUST1001178,0,0,0,1,0,1,0,0,N,N,N,6,2026,2,N,None
CUST1001179,0,0,0,1,0,0,0,0,N,N,N,6,2026,1,Y,MF
CUST1001180,0,0,0,1,0,0,0,0,Y,N,N,6,2026,1,Y,RD
CUST1001181,0,0,0,1,0,0,0,0,N,N,Y,6,2026,1,N,None
CUST1001182,2,0,0,1,0,0,0,0,N,N,Y,6,2026,2,N,None
CUST1001183,0,2,0,1,1,0,0,0,Y,N,Y,6,2026,3,N,None
CUST1001184,2,2,0,1,2,0,0,0,N,N,N,6,2026,4,Y,SA
CUST1001185,2,0,0,1,0,0,1,0,N,N,Y,6,2026,3,N,None
CUST1001186,0,0,0,1,0,0,0,0,N,N,N,6,2026,1,Y,HF
CUST1001187,0,2,1,1,3,0,0,0,Y,N,Y,6,2026,4,Y,MF
CUST1001188,0,0,0,1,0,0,0,1,N,N,N,6,2026,2,Y,HL
CUST1001189,0,1,0,1,2,1,0,0,N,N,Y,6,2026,4,N,None
CUST1001190,0,2,0,1,0,0,1,0,N,N,Y,6,2026,3,N,HL
CUST1001191,2,2,0,0,0,0,0,0,N,N,Y,6,2026,2,Y,SA
CUST1001192,0,0,0,1,0,0,1,0,Y,N,N,6,2026,2,N,None
CUST1001193,0,0,0,1,0,1,0,0,N,N,Y,6,2026,2,N,None
CUST1001194,0,0,1,1,0,0,0,1,N,N,Y,6,2026,3,N,None
CUST1001195,0,0,0,1,0,0,0,0,N,N,N,6,2026,1,Y,RD
CUST1001196,0,0,0,1,0,0,0,0,N,N,Y,6,2026,1,Y,HF
CUST1001197,0,0,0,1,1,0,0,0,N,N,Y,6,2026,2,N,None
CUST1001198,0,2,0,1,0,0,0,0,N,N,Y,6,2026,2,N,CC
CUST1001199,0,0,0,1,0,0,0,0,N,N,Y,6,2026,1,Y,PL
CUST1001200,0,2,0,1,0,2,0,0,N,N,N,6,2026,3,N,None
CUST1001201,0,0,0,1,1,0,0,0,N,N,N,6,2026,2,Y,CC
CUST1001202,0,1,0,1,1,0,0,0,Y,N,N,6,2026,3,N,None
CUST1001203,1,0,0,1,3,0,0,1,N,N,Y,6,2026,4,N,None
CUST1001204,0,0,0,1,0,0,0,0,N,N,Y,6,2026,1,N,CC
CUST1001205,0,0,0,1,1,0,0,0,N,N,Y,6,2026,2,Y,SA
CUST1001206,0,0,0,1,0,0,0,1,N,N,Y,6,2026,2,Y,HF
CUST1001207,0,0,0,1,0,0,1,0,Y,N,N,6,2026,2,Y,RD
CUST1001208,1,0,0,1,0,0,0,0,N,N,N,6,2026,2,N,None
CUST1001209,0,0,0,1,0,0,1,0,N,N,Y,6,2026,2,N,None
CUST1001210,0,0,0,1,0,0,0,0,N,N,Y,6,2026,1,N,None
CUST1001211,0,0,0,1,2,0,0,0,N,N,Y,6,2026,2,Y,RD
CUST1001212,0,0,0,1,0,0,0,0,Y,N,N,6,2026,1,N,None
CUST1001213,0,0,0,1,3,0,1,0,N,N,Y,6,2026,3,N,None
CUST1001214,0,0,0,1,0,0,1,0,N,Y,N,6,2026,2,N,None
CUST1001215,0,0,0,1,0,0,0,0,N,N,N,6,2026,1,N,HF
CUST1001216,0,2,0,1,0,0,0,0,Y,N,N,6,2026,2,Y,MF
CUST1001217,0,0,0,1,0,1,0,0,N,N,Y,6,2026,2,N,None
CUST1001218,0,1,0,1,0,2,0,0,N,N,Y,6,2026,3,N,CC
CUST1001219,0,0,1,1,0,2,0,0,N,N,N,6,2026,3,Y,AL
CUST1001220,2,2,0,1,0,0,0,0,N,N,N,6,2026,3,Y,RD
CUST1001221,1,1,0,1,0,0,0,1,Y,N,N,6,2026,4,Y,CC
CUST1001222,0,0,0,1,1,0,0,0,N,N,Y,6,2026,2,N,None
CUST1001223,0,0,0,1,0,0,0,0,N,N,Y,6,2026,1,Y,AL
CUST1001224,0,1,0,1,0,0,0,0,Y,N,Y,6,2026,2,N,MF
CUST1001225,0,2,0,1,0,0,0,0,N,N,N,6,2026,2,N,None
CUST1001226,0,0,0,1,0,0,1,0,N,N,N,6,2026,2,N,None
CUST1001227,2,0,0,1,0,0,0,0,N,N,N,6,2026,2,N,None
CUST1001228,2,2,0,1,0,0,0,0,N,N,N,6,2026,3,N,None
CUST1001229,0,0,0,1,0,0,0,0,N,N,Y,6,2026,1,Y,CC
CUST1001230,0,0,0,1,0,0,0,0,Y,N,N,6,2026,1,N,None
CUST1001231,1,2,0,1,0,0,0,1,Y,N,Y,6,2026,4,N,None
CUST1001232,0,2,0,1,1,0,1,0,Y,N,N,6,2026,4,N,AL
CUST1001233,0,0,0,1,3,1,0,0,N,N,N,6,2026,3,N,None
CUST1001234,2,1,0,1,0,2,0,0,N,N,Y,6,2026,4,N,None
CUST1001235,0,2,0,1,0,0,0,0,N,N,N,6,2026,2,Y,CC
CUST1001236,0,0,0,0,0,0,1,0,N,N,Y,6,2026,1,Y,HL
CUST1001237,0,1,0,1,2,0,0,0,N,N,N,6,2026,3,N,None
CUST1001238,0,2,0,0,0,0,0,0,N,N,N,6,2026,1,Y,SA
CUST1001239,0,2,0,1,0,0,0,0,N,N,Y,6,2026,2,N,None
CUST1001240,0,2,0,1,0,0,0,0,Y,N,Y,6,2026,2,N,None
CUST1001241,0,0,0,1,0,0,0,0,N,N,Y,6,2026,1,Y,RD
CUST1001242,0,1,0,1,2,2,0,0,N,N,Y,6,2026,4,N,None
CUST1001243,2,1,0,1,0,2,0,0,N,N,N,6,2026,4,Y,RD
CUST1001244,0,0,0,1,0,0,0,0,N,N,N,6,2026,1,N,None
CUST1001245,0,1,0,1,0,0,0,0,N,N,Y,6,2026,2,N,None
CUST1001246,0,2,0,1,0,0,0,0,N,N,N,6,2026,2,Y,PL
CUST1001247,0,0,0,1,0,0,0,1,N,N,Y,6,2026,2,N,None
CUST1001248,0,2,0,1,0,0,0,0,N,N,Y,6,2026,2,Y,MF
CUST1001249,0,0,0,1,0,0,0,0,N,N,Y,6,2026,1,Y,CC
CUST1001250,0,0,0,1,1,1,0,0,Y,N,Y,6,2026,3,N,HL
CUST1001251,1,0,0,1,0,1,0,1,Y,N,Y,6,2026,4,N,None
CUST1001252,0,1,0,1,0,2,0,0,N,N,Y,6,2026,3,N,None
CUST1001253,2,1,0,1,0,0,0,0,N,N,N,6,2026,3,N,None
CUST1001254,0,1,0,1,0,0,0,0,N,N,N,6,2026,2,N,None
CUST1001255,0,2,0,1,0,0,0,0,N,N,Y,6,2026,2,N,HL
CUST1001256,0,0,0,0,0,0,0,0,Y,N,Y,6,2026,0,N,AL
CUST1001257,0,2,0,1,0,2,0,0,N,N,Y,6,2026,3,Y,AL
CUST1001258,0,1,0,0,0,0,0,0,N,N,N,6,2026,1,N,CC
CUST1001259,0,0,0,1,2,2,0,0,N,N,N,6,2026,3,N,CC
CUST1001260,1,0,0,1,2,2,0,0,N,N,Y,6,2026,4,Y,PL
CUST1001261,0,0,1,1,0,0,0,0,N,N,N,6,2026,2,N,None
CUST1001262,0,2,0,1,0,0,0,0,N,N,Y,6,2026,2,Y,CC
CUST1001263,0,1,0,1,0,0,0,1,N,N,Y,6,2026,3,N,None
CUST1001264,1,2,0,1,0,0,0,0,N,N,N,6,2026,3,Y,MF
CUST1001265,0,2,0,1,0,0,0,0,N,N,N,6,2026,2,N,None
CUST1001266,1,2,0,1,0,0,0,0,N,N,Y,6,2026,3,Y,HF
CUST1001267,0,0,0,1,0,0,1,0,N,N,Y,6,2026,2,N,None
CUST1001268,0,2,0,1,0,0,0,0,N,N,Y,6,2026,2,N,None
CUST1001269,0,0,0,1,0,0,0,0,N,N,Y,6,2026,1,N,None
CUST1001270,0,0,0,1,0,0,0,0,N,N,Y,6,2026,1,N,None
CUST1001271,1,0,0,1,3,2,0,0,N,N,Y,6,2026,4,N,None
CUST1001272,0,1,0,1,0,2,1,0,N,N,Y,6,2026,4,N,None
CUST1001273,0,2,0,1,0,0,0,0,Y,N,Y,6,2026,2,N,RD
CUST1001274,0,1,0,1,0,0,1,0,Y,N,Y,6,2026,3,N,None
CUST1001275,0,0,0,1,3,2,0,0,N,N,N,6,2026,3,N,None
CUST1001276,0,1,0,1,0,0,0,0,N,N,N,6,2026,2,Y,RD
CUST1001277,0,2,0,1,0,0,0,0,Y,N,Y,6,2026,2,Y,SA
CUST1001278,0,1,0,1,0,0,1,0,Y,N,N,6,2026,3,Y,SA
CUST1001279,1,0,0,1,0,0,0,0,N,N,Y,6,2026,2,N,PL
CUST1001280,0,1,0,1,0,0,0,0,N,N,Y,6,2026,2,N,None
CUST1001281,1,0,0,1,1,0,0,0,N,N,Y,6,2026,3,N,None
CUST1001282,0,0,0,1,0,0,1,0,N,N,Y,6,2026,2,Y,HL
CUST1001283,0,0,0,1,0,2,1,0,N,N,N,6,2026,3,Y,CC
CUST1001284,0,0,0,1,0,0,0,0,N,N,Y,6,2026,1,N,None
CUST1001285,0,0,0,0,2,0,0,1,N,N,Y,6,2026,2,N,SA
CUST1001286,1,0,0,1,0,0,0,0,N,N,N,6,2026,2,N,None
CUST1001287,0,0,0,1,0,0,0,0,N,N,Y,6,2026,1,N,None
CUST1001288,0,2,0,1,3,0,0,0,N,N,Y,6,2026,3,N,CC
CUST1001289,2,1,0,1,2,0,0,0,N,N,N,6,2026,4,N,None
CUST1001290,0,0,0,1,0,0,0,0,N,N,N,6,2026,1,Y,CC
CUST1001291,2,1,0,1,0,2,0,0,N,N,N,6,2026,4,N,None
CUST1001292,2,0,0,1,0,0,0,0,Y,N,Y,6,2026,2,N,None
CUST1001293,0,1,0,1,0,0,0,0,N,N,Y,6,2026,2,N,None
CUST1001294,0,0,0,0,0,0,0,0,N,N,N,6,2026,0,N,None
CUST1001295,0,2,0,0,0,0,0,0,N,N,N,6,2026,1,N,MF
CUST1001296,0,1,0,1,0,0,0,0,N,N,N,6,2026,2,N,None
CUST1001297,0,0,0,1,1,1,1,0,N,N,Y,6,2026,4,N,None
CUST1001298,2,2,0,1,3,0,1,0,Y,N,Y,6,2026,5,Y,AL
CUST1001299,0,0,0,1,0,0,1,0,N,N,N,6,2026,2,N,None
CUST1001300,0,1,0,1,0,0,0,0,N,N,Y,6,2026,2,Y,RD
CUST1001301,0,2,0,1,0,1,0,0,N,N,N,6,2026,3,Y,HF
CUST1001302,1,0,0,1,0,2,0,0,Y,N,N,6,2026,3,N,AL
CUST1001303,0,0,0,1,0,0,0,1,N,N,Y,6,2026,2,N,None
CUST1001304,1,0,0,1,2,0,0,0,N,N,Y,6,2026,3,N,None
CUST1001305,0,0,0,1,0,1,0,0,N,N,Y,6,2026,2,Y,RD
CUST1001306,0,0,0,1,0,2,0,0,N,N,Y,6,2026,2,Y,PL
CUST1001307,0,0,0,1,0,0,0,0,N,N,N,6,2026,1,N,None
CUST1001308,0,2,0,1,2,0,0,0,Y,N,Y,6,2026,3,Y,AL
CUST1001309,0,0,0,1,0,0,0,0,N,N,Y,6,2026,1,Y,AL
CUST1001310,0,0,0,1,0,0,0,0,N,N,Y,6,2026,1,Y,PL
CUST1001311,2,0,0,1,0,2,0,0,N,N,N,6,2026,3,Y,SA
CUST1001312,0,0,0,1,0,0,0,0,Y,N,N,6,2026,1,Y,AL
CUST1001313,2,1,0,1,0,0,0,1,N,Y,N,6,2026,4,N,None
CUST1001314,0,1,0,0,0,0,1,0,N,N,N,6,2026,2,N,None
CUST1001315,0,0,0,1,0,0,0,0,N,N,Y,6,2026,1,N,None
CUST1001316,1,0,0,1,0,0,0,0,N,N,N,6,2026,2,Y,PL
CUST1001317,0,0,0,1,0,0,0,0,N,N,N,6,2026,1,Y,PL
CUST1001318,0,1,0,1,0,0,0,0,Y,N,Y,6,2026,2,Y,RD
CUST1001319,0,0,0,1,3,0,0,0,N,N,Y,6,2026,2,Y,RD
CUST1001320,0,0,0,1,0,2,0,0,N,Y,N,6,2026,2,N,None
CUST1001321,1,1,0,0,0,0,0,0,N,N,Y,6,2026,2,Y,MF
CUST1001322,0,0,0,0,2,0,0,0,N,N,Y,6,2026,1,N,None
CUST1001323,0,0,0,1,0,0,0,0,N,N,Y,6,2026,1,N,None
CUST1001324,2,2,0,1,0,0,0,0,Y,Y,Y,6,2026,3,N,None
CUST1001325,1,0,0,1,0,0,0,0,N,N,Y,6,2026,2,N,None
CUST1001326,0,2,0,1,0,0,0,0,Y,N,N,6,2026,2,N,None
CUST1001327,0,0,0,0,0,0,0,0,N,N,N,6,2026,0,Y,MF
CUST1001328,0,0,0,1,0,0,0,0,Y,N,N,6,2026,1,N,None
CUST1001329,0,0,0,1,0,2,0,0,N,N,Y,6,2026,2,N,None
CUST1001330,0,0,0,1,0,0,0,0,N,N,N,6,2026,1,N,None
CUST1001331,1,1,0,1,0,1,0,0,N,N,Y,6,2026,4,Y,PL
CUST1001332,0,1,0,1,1,0,0,0,N,N,N,6,2026,3,N,PL
CUST1001333,0,0,0,1,0,0,0,0,Y,N,N,6,2026,1,Y,CC
CUST1001334,0,2,0,1,0,0,0,0,N,N,Y,6,2026,2,Y,SA
CUST1001335,0,2,0,1,0,0,0,0,N,Y,Y,6,2026,2,Y,SA
CUST1001336,1,2,0,1,3,0,0,0,N,N,Y,6,2026,4,N,None
CUST1001337,2,1,0,1,0,2,0,0,N,N,N,6,2026,4,Y,RD
CUST1001338,0,2,0,1,0,2,0,0,N,N,N,6,2026,3,Y,PL
CUST1001339,0,2,0,1,0,0,0,0,N,N,Y,6,2026,2,N,None
CUST1001340,0,2,0,1,1,2,1,1,Y,N,Y,6,2026,6,N,None
CUST1001341,0,1,0,1,1,0,1,0,Y,N,N,6,2026,4,N,AL
CUST1001342,0,2,0,1,1,1,0,0,Y,N,N,6,2026,4,Y,MF
CUST1001343,0,1,0,1,0,1,0,1,N,N,N,6,2026,4,N,HL
CUST1001344,0,2,0,1,0,2,0,0,N,N,N,6,2026,3,N,None
CUST1001345,1,1,0,1,0,0,0,1,Y,N,Y,6,2026,4,Y,PL
CUST1001346,0,0,0,1,2,0,0,0,N,N,Y,6,2026,2,N,None
CUST1001347,0,1,0,1,0,0,0,1,N,N,Y,6,2026,3,N,None
CUST1001348,0,0,0,1,0,1,0,0,Y,N,N,6,2026,2,N,None
CUST1001349,0,0,0,1,3,0,0,0,N,N,Y,6,2026,2,N,None
CUST1001350,0,2,1,1,0,2,0,0,N,N,Y,6,2026,4,N,None
CUST1001351,0,0,0,0,0,0,0,0,N,N,N,6,2026,0,N,None
CUST1001352,2,0,0,0,0,0,0,0,N,N,N,6,2026,1,Y,HF
CUST1001353,0,0,0,1,0,0,0,0,N,N,Y,6,2026,1,Y,CC
CUST1001354,0,2,0,1,0,0,0,1,N,N,Y,6,2026,3,N,None
CUST1001355,0,0,0,1,0,0,0,1,N,N,Y,6,2026,2,N,PL
CUST1001356,0,0,0,1,0,0,0,0,N,N,N,6,2026,1,N,None
CUST1001357,0,2,1,1,0,0,0,0,N,N,Y,6,2026,3,N,None
CUST1001358,0,0,0,1,0,2,0,0,N,N,N,6,2026,2,N,None
CUST1001359,2,2,0,1,0,0,0,0,Y,N,Y,6,2026,3,N,None
CUST1001360,0,2,0,1,0,0,1,0,Y,N,N,6,2026,3,N,None
CUST1001361,0,2,0,1,0,2,0,0,N,N,Y,6,2026,3,N,None
CUST1001362,0,0,0,1,3,0,0,0,N,N,N,6,2026,2,Y,MF
CUST1001363,0,0,0,1,0,0,0,0,N,N,Y,6,2026,1,Y,AL
CUST1001364,2,1,0,1,0,2,0,0,Y,N,Y,6,2026,4,N,CC
CUST1001365,0,1,0,1,0,0,0,0,N,N,Y,6,2026,2,N,None
CUST1001366,0,2,0,1,0,1,0,0,N,N,N,6,2026,3,Y,PL
CUST1001367,0,2,0,1,0,0,0,0,N,N,N,6,2026,2,Y,PL
CUST1001368,0,1,0,1,0,2,0,0,N,Y,Y,6,2026,3,N,None
CUST1001369,0,0,0,1,2,2,0,1,N,N,Y,6,2026,4,N,None
CUST1001370,0,0,0,1,0,0,0,0,Y,N,N,6,2026,1,N,None
CUST1001371,1,0,0,1,0,2,0,0,N,N,N,6,2026,3,Y,PL
CUST1001372,0,0,0,1,0,2,0,0,N,N,Y,6,2026,2,Y,PL
CUST1001373,0,0,1,1,0,0,0,0,N,N,Y,6,2026,2,N,None
CUST1001374,0,1,0,1,0,0,0,0,N,Y,Y,6,2026,2,N,None
CUST1001375,0,0,0,1,0,0,0,0,N,N,N,6,2026,1,N,None
CUST1001376,2,0,0,1,0,0,0,0,N,N,Y,6,2026,2,Y,RD
CUST1001377,0,0,0,1,0,2,0,0,N,N,N,6,2026,2,N,None
CUST1001378,0,1,0,1,0,0,0,0,N,N,Y,6,2026,2,Y,RD
CUST1001379,0,2,0,1,0,0,0,0,Y,N,Y,6,2026,2,N,None
CUST1001380,0,0,0,1,2,0,0,0,N,N,N,6,2026,2,N,None
CUST1001381,0,2,0,1,0,0,0,0,N,N,Y,6,2026,2,N,SA
CUST1001382,0,0,0,1,1,1,0,0,N,N,N,6,2026,3,N,None
CUST1001383,0,1,0,1,0,2,0,0,N,N,N,6,2026,3,Y,CC
CUST1001384,0,0,0,1,0,0,0,0,N,N,N,6,2026,1,Y,PL
CUST1001385,0,0,0,1,0,0,0,0,N,Y,Y,6,2026,1,N,None
CUST1001386,0,0,0,0,0,0,0,0,N,N,Y,6,2026,0,N,None
CUST1001387,0,1,0,1,1,1,0,0,N,N,Y,6,2026,4,Y,PL
CUST1001388,0,0,0,1,3,0,0,0,N,N,N,6,2026,2,N,None
CUST1001389,0,0,0,1,0,0,0,0,N,N,Y,6,2026,1,N,None
CUST1001390,0,0,0,1,3,0,0,0,N,N,Y,6,2026,2,N,None
CUST1001391,0,0,0,1,0,0,0,0,N,N,Y,6,2026,1,N,None
CUST1001392,0,0,0,1,3,0,0,0,Y,N,Y,6,2026,2,Y,HL
CUST1001393,0,0,0,1,0,0,0,0,N,Y,Y,6,2026,1,Y,RD
CUST1001394,0,2,0,1,0,0,0,0,N,N,Y,6,2026,2,N,None
CUST1001395,2,0,0,1,0,0,0,0,N,N,Y,6,2026,2,N,None
CUST1001396,0,0,0,1,0,0,0,1,N,N,N,6,2026,2,N,None
CUST1001397,0,0,0,1,0,0,0,0,N,N,N,6,2026,1,N,None
CUST1001398,0,1,0,1,0,0,0,0,Y,N,Y,6,2026,2,Y,AL
CUST1001399,0,0,0,1,0,1,0,0,Y,N,Y,6,2026,2,N,None
CUST1001400,2,0,0,1,0,0,0,0,N,Y,Y,6,2026,2,N,None
CUST1001401,0,1,0,1,0,0,0,0,N,N,N,6,2026,2,Y,MF
CUST1001402,0,0,0,1,2,0,0,0,N,N,Y,6,2026,2,N,CC
CUST1001403,0,2,0,1,0,0,0,0,N,N,Y,6,2026,2,N,None
CUST1001404,0,2,0,1,0,0,0,0,N,N,Y,6,2026,2,Y,HF
CUST1001405,1,0,0,1,0,0,0,1,N,N,Y,6,2026,3,N,None
CUST1001406,0,0,0,1,0,1,1,0,N,N,Y,6,2026,3,N,None
CUST1001407,2,0,0,1,0,0,0,0,N,N,N,6,2026,2,Y,PL
CUST1001408,0,1,1,1,0,0,0,0,N,N,Y,6,2026,3,Y,PL
CUST1001409,0,2,0,1,0,0,0,0,N,N,N,6,2026,2,Y,CC
CUST1001410,2,0,0,1,0,0,0,0,N,N,Y,6,2026,2,N,None
CUST1001411,0,2,0,1,0,0,0,0,Y,N,Y,6,2026,2,N,None
CUST1001412,0,0,0,1,0,1,0,0,N,N,N,6,2026,2,Y,SA
CUST1001413,0,0,0,1,0,0,0,0,N,N,Y,6,2026,1,N,None
CUST1001414,0,2,0,1,1,0,0,0,Y,N,Y,6,2026,3,N,CC
CUST1001415,0,1,0,1,0,2,0,0,N,N,Y,6,2026,3,N,None
CUST1001416,1,0,0,1,0,0,1,0,N,N,N,6,2026,3,Y,CC
CUST1001417,0,1,0,1,0,2,0,1,N,N,Y,6,2026,4,N,None
CUST1001418,0,0,0,1,0,0,0,0,N,N,Y,6,2026,1,Y,MF
CUST1001419,0,1,0,1,3,0,0,0,N,N,N,6,2026,3,N,None
CUST1001420,1,0,0,1,0,0,0,0,N,N,N,6,2026,2,Y,HF
CUST1001421,0,0,0,1,0,0,0,0,N,N,N,6,2026,1,Y,RD
CUST1001422,0,2,0,1,2,0,0,0,N,N,Y,6,2026,3,Y,CC
CUST1001423,0,1,0,1,1,0,0,0,Y,N,N,6,2026,3,N,None
CUST1001424,0,2,0,1,0,0,0,0,N,N,N,6,2026,2,Y,HL
CUST1001425,0,1,0,1,0,0,0,0,N,N,Y,6,2026,2,N,AL
CUST1001426,0,0,0,1,0,0,0,0,N,N,Y,6,2026,1,Y,AL
CUST1001427,0,1,0,1,0,0,0,0,N,N,Y,6,2026,2,N,PL
CUST1001428,0,0,1,1,0,0,0,0,Y,N,Y,6,2026,2,N,SA
CUST1001429,0,0,0,1,0,0,0,0,N,N,N,6,2026,1,N,None
CUST1001430,0,0,0,1,0,0,0,0,N,N,Y,6,2026,1,N,HL
CUST1001431,0,0,0,1,0,1,0,0,N,N,N,6,2026,2,N,None
CUST1001432,0,2,0,1,0,0,0,0,N,N,Y,6,2026,2,Y,CC
CUST1001433,0,0,0,1,0,2,0,0,Y,N,N,6,2026,2,Y,AL
CUST1001434,0,2,0,1,0,0,0,0,N,N,N,6,2026,2,N,None
CUST1001435,1,0,0,1,0,1,0,0,N,N,Y,6,2026,3,Y,SA
CUST1001436,0,0,0,1,2,0,0,0,N,Y,Y,6,2026,2,N,None
CUST1001437,0,1,0,1,0,1,0,0,N,N,Y,6,2026,3,Y,AL
CUST1001438,1,1,0,1,0,0,1,0,N,N,N,6,2026,4,N,None
CUST1001439,0,1,0,1,0,0,0,0,N,N,N,6,2026,2,N,None
CUST1001440,0,1,0,1,0,0,0,0,N,N,Y,6,2026,2,Y,PL
CUST1001441,0,2,0,1,0,0,0,0,N,N,Y,6,2026,2,Y,AL
CUST1001442,0,0,0,1,2,0,0,0,N,N,Y,6,2026,2,N,None
CUST1001443,0,1,0,1,0,0,0,0,N,N,N,6,2026,2,N,None
CUST1001444,0,0,0,0,3,0,0,0,N,N,Y,6,2026,1,Y,RD
CUST1001445,0,0,0,1,0,0,1,0,Y,N,N,6,2026,2,N,None
CUST1001446,0,0,0,1,0,1,0,0,N,N,Y,6,2026,2,Y,SA
CUST1001447,0,0,0,1,1,0,0,0,N,N,N,6,2026,2,Y,SA
CUST1001448,2,0,0,1,0,0,0,0,N,N,Y,6,2026,2,N,None
CUST1001449,0,1,0,1,0,1,0,0,N,N,N,6,2026,3,Y,HF
CUST1001450,0,1,0,1,0,1,0,0,N,N,N,6,2026,3,N,None
CUST1001451,0,0,0,1,0,0,0,0,N,Y,N,6,2026,1,N,None
CUST1001452,0,0,0,1,0,0,0,0,Y,N,Y,6,2026,1,Y,PL
CUST1001453,0,0,1,1,0,2,0,1,N,N,N,6,2026,4,Y,HF
CUST1001454,0,0,0,1,0,2,0,0,N,N,N,6,2026,2,N,None
CUST1001455,1,1,0,1,0,0,1,0,N,N,Y,6,2026,4,Y,SA
CUST1001456,0,0,0,1,0,0,0,1,N,N,N,6,2026,2,Y,CC
CUST1001457,0,0,0,0,0,0,0,0,Y,N,N,6,2026,0,N,MF
CUST1001458,0,2,0,1,0,0,0,0,N,N,N,6,2026,2,N,None
CUST1001459,0,0,0,1,0,0,0,0,N,N,Y,6,2026,1,N,None
CUST1001460,0,0,0,1,3,0,0,1,N,N,N,6,2026,3,N,CC
CUST1001461,0,0,0,1,0,0,0,0,N,N,Y,6,2026,1,Y,HF
CUST1001462,0,0,0,1,0,0,0,0,N,N,Y,6,2026,1,Y,CC
CUST1001463,0,2,0,1,0,2,0,0,N,N,Y,6,2026,3,N,None
CUST1001464,0,1,0,1,0,0,0,0,N,N,N,6,2026,2,Y,CC
CUST1001465,0,0,0,1,0,0,0,0,N,N,Y,6,2026,1,Y,RD
CUST1001466,0,0,0,1,0,0,0,0,N,N,N,6,2026,1,N,MF
CUST1001467,1,2,0,1,0,0,0,0,Y,N,Y,6,2026,3,N,None
CUST1001468,0,1,0,1,0,0,0,0,N,N,Y,6,2026,2,N,None
CUST1001469,0,2,0,1,0,0,0,0,Y,N,Y,6,2026,2,N,None
CUST1001470,0,0,0,1,0,0,1,0,N,N,N,6,2026,2,Y,HL
CUST1001471,0,1,0,1,0,0,0,0,N,N,Y,6,2026,2,N,None
CUST1001472,0,0,0,1,0,0,0,0,Y,N,Y,6,2026,1,N,None
CUST1001473,0,2,0,1,0,1,1,0,N,N,N,6,2026,4,Y,AL
CUST1001474,0,0,0,1,0,0,0,1,Y,N,N,6,2026,2,N,None
CUST1001475,0,0,0,1,0,0,0,0,N,N,Y,6,2026,1,Y,RD
CUST1001476,0,0,0,1,0,0,0,0,N,N,Y,6,2026,1,N,None
CUST1001477,0,0,1,1,0,1,0,0,Y,N,N,6,2026,3,Y,AL
CUST1001478,0,2,0,1,0,1,0,0,N,N,Y,6,2026,3,Y,RD
CUST1001479,0,0,0,1,0,0,0,0,N,N,N,6,2026,1,Y,MF
CUST1001480,1,0,0,0,0,0,0,0,N,N,Y,6,2026,1,N,None
CUST1001481,2,1,0,1,0,0,0,0,N,N,Y,6,2026,3,N,None
CUST1001482,0,0,0,1,2,0,0,0,Y,N,N,6,2026,2,N,None
CUST1001483,0,1,0,1,0,0,0,0,N,Y,Y,6,2026,2,N,None
CUST1001484,0,2,0,1,2,0,0,1,N,N,N,6,2026,4,Y,SA
CUST1001485,0,0,0,1,0,2,0,0,N,N,Y,6,2026,2,Y,PL
CUST1001486,1,0,0,1,0,0,0,0,N,N,N,6,2026,2,N,SA
CUST1001487,0,1,0,1,0,0,0,0,N,N,N,6,2026,2,N,None
CUST1001488,0,2,0,1,0,0,0,0,N,N,N,6,2026,2,Y,PL
CUST1001489,0,0,0,1,0,0,0,0,Y,N,N,6,2026,1,N,None
CUST1001490,1,0,0,1,0,0,0,0,N,N,Y,6,2026,2,N,None
CUST1001491,1,0,0,1,0,0,0,0,Y,N,N,6,2026,2,Y,CC
CUST1001492,1,0,0,1,0,0,0,0,Y,N,Y,6,2026,2,N,None
CUST1001493,0,0,0,1,3,0,0,0,N,N,N,6,2026,2,Y,MF
CUST1001494,0,0,0,1,0,0,0,0,N,N,N,6,2026,1,N,None
CUST1001495,0,0,0,1,0,0,0,0,N,N,Y,6,2026,1,Y,RD
CUST1001496,1,0,0,1,0,0,0,0,Y,N,N,6,2026,2,Y,CC
CUST1001497,2,0,0,1,0,0,0,0,Y,N,Y,6,2026,2,N,None
CUST1001498,0,0,0,1,0,0,0,0,N,N,Y,6,2026,1,Y,SA
CUST1001499,0,2,0,1,0,0,0,1,N,N,Y,6,2026,3,Y,CC
CUST1001500,0,2,0,1,0,0,0,0,N,N,N,6,2026,2,Y,MF
CUST1001501,0,0,0,1,0,0,0,0,Y,N,Y,6,2026,1,Y,SA
CUST1001502,2,1,0,1,0,2,0,0,N,N,Y,6,2026,4,N,None
CUST1001503,1,0,0,1,0,1,0,0,N,N,N,6,2026,3,Y,HF
CUST1001504,0,0,0,1,0,0,0,0,N,N,N,6,2026,1,N,None
CUST1001505,0,0,0,1,0,0,0,0,N,N,N,6,2026,1,N,None
CUST1001506,0,0,0,1,0,0,1,0,N,N,Y,6,2026,2,N,None
CUST1001507,0,0,0,1,3,0,0,0,N,N,N,6,2026,2,Y,SA
CUST1001508,0,0,0,1,0,0,0,0,N,N,Y,6,2026,1,Y,SA
CUST1001509,0,2,0,1,0,0,1,0,N,N,N,6,2026,3,N,CC
CUST1001510,0,0,0,1,0,0,0,1,N,N,Y,6,2026,2,N,None
CUST1001511,0,0,0,1,3,0,1,0,N,N,N,6,2026,3,N,None
CUST1001512,0,0,0,1,0,0,0,0,N,N,N,6,2026,1,N,None
CUST1001513,0,1,0,1,0,0,0,0,N,N,Y,6,2026,2,N,AL
CUST1001514,0,0,0,1,3,2,0,0,N,N,N,6,2026,3,N,None
CUST1001515,0,0,0,1,0,2,0,0,N,Y,N,6,2026,2,Y,MF
CUST1001516,0,1,0,1,0,0,0,0,N,N,Y,6,2026,2,N,None
CUST1001517,0,1,1,1,0,0,0,0,N,N,N,6,2026,3,Y,PL
CUST1001518,0,2,0,1,0,0,0,0,N,N,N,6,2026,2,Y,AL
CUST1001519,0,0,0,1,0,0,0,0,Y,N,N,6,2026,1,N,AL
CUST1001520,0,0,0,1,0,0,0,0,N,N,N,6,2026,1,N,None
CUST1001521,0,1,0,1,0,2,0,0,N,N,Y,6,2026,3,Y,HF
CUST1001522,0,1,1,1,3,0,0,0,N,N,Y,6,2026,4,N,None
CUST1001523,0,2,0,1,0,1,0,1,N,N,Y,6,2026,4,Y,SA
CUST1001524,0,1,0,1,0,0,0,0,N,N,Y,6,2026,2,Y,PL
CUST1001525,2,2,0,1,0,0,0,0,Y,N,N,6,2026,3,Y,MF
CUST1001526,0,1,0,1,0,1,0,0,N,N,Y,6,2026,3,Y,HL
CUST1001527,0,2,0,1,0,0,0,0,N,N,Y,6,2026,2,N,None
CUST1001528,0,0,0,1,0,0,0,0,N,N,N,6,2026,1,Y,AL
CUST1001529,0,0,0,1,0,0,0,0,Y,N,Y,6,2026,1,N,None
CUST1001530,0,2,0,1,0,0,0,0,N,N,Y,6,2026,2,N,None
CUST1001531,1,0,0,1,3,0,0,0,N,N,Y,6,2026,3,Y,HL
CUST1001532,0,0,0,1,0,0,0,0,N,N,N,6,2026,1,Y,PL
CUST1001533,0,2,0,1,0,0,0,0,N,N,N,6,2026,2,N,None
CUST1001534,0,2,0,1,0,0,0,0,Y,N,N,6,2026,2,N,None
CUST1001535,0,0,0,1,0,0,0,0,N,N,N,6,2026,1,N,None
CUST1001536,0,0,0,1,1,0,0,0,Y,N,N,6,2026,2,Y,HL
CUST1001537,2,0,0,1,0,1,0,0,N,N,Y,6,2026,3,N,None
CUST1001538,0,0,0,0,0,0,0,0,N,N,Y,6,2026,0,Y,RD
CUST1001539,0,0,0,1,0,0,0,0,Y,N,Y,6,2026,1,Y,CC
CUST1001540,0,1,0,1,0,2,0,0,N,N,Y,6,2026,3,Y,AL
CUST1001541,0,0,0,1,0,0,0,0,N,N,Y,6,2026,1,Y,MF
CUST1001542,0,0,0,1,0,1,0,0,N,N,Y,6,2026,2,N,None
CUST1001543,2,2,0,0,0,1,0,0,N,N,Y,6,2026,3,N,RD
CUST1001544,2,0,0,1,0,2,1,0,N,N,N,6,2026,4,N,None
CUST1001545,0,1,0,1,0,0,0,0,N,N,N,6,2026,2,N,None
CUST1001546,0,0,0,1,0,2,0,0,Y,N,N,6,2026,2,Y,SA
CUST1001547,0,2,0,1,0,0,0,0,N,N,Y,6,2026,2,Y,MF
CUST1001548,0,0,0,1,0,0,0,0,N,N,N,6,2026,1,N,None
CUST1001549,0,0,0,1,0,0,0,0,Y,N,Y,6,2026,1,N,None
CUST1001550,1,0,0,1,0,1,0,0,N,N,N,6,2026,3,N,None
CUST1001551,0,0,0,1,0,0,1,0,N,N,Y,6,2026,2,Y,PL
CUST1001552,1,1,0,1,0,1,0,0,N,N,Y,6,2026,4,Y,AL
CUST1001553,0,1,0,1,0,0,0,0,N,N,N,6,2026,2,N,None
CUST1001554,0,0,0,1,2,0,0,0,N,N,N,6,2026,2,N,None
CUST1001555,0,1,0,1,3,0,0,0,Y,N,N,6,2026,3,N,None
CUST1001556,0,1,0,1,0,0,1,1,N,N,N,6,2026,4,N,None
CUST1001557,0,0,0,1,0,0,0,0,N,N,Y,6,2026,1,N,None
CUST1001558,0,1,0,0,0,0,0,1,N,N,Y,6,2026,2,N,SA
CUST1001559,0,0,0,1,2,0,0,0,N,N,Y,6,2026,2,N,None
CUST1001560,0,2,0,1,0,0,0,0,Y,N,N,6,2026,2,N,None
CUST1001561,0,0,0,1,0,0,0,0,Y,N,Y,6,2026,1,Y,CC
CUST1001562,0,0,0,1,0,0,0,0,N,N,Y,6,2026,1,N,None
CUST1001563,0,1,1,1,0,0,0,0,Y,N,N,6,2026,3,Y,PL
CUST1001564,0,0,0,1,0,0,0,0,Y,Y,Y,6,2026,1,Y,HL
CUST1001565,0,2,0,1,0,0,0,0,N,N,Y,6,2026,2,Y,MF
CUST1001566,0,1,0,1,0,0,0,0,N,Y,N,6,2026,2,N,None
CUST1001567,0,0,0,1,0,1,0,0,Y,N,N,6,2026,2,N,None
CUST1001568,1,2,0,1,0,0,0,1,N,N,N,6,2026,4,Y,SA
CUST1001569,0,2,0,1,0,0,0,0,N,N,Y,6,2026,2,Y,SA
CUST1001570,0,0,0,0,0,2,0,1,N,N,N,6,2026,2,N,None
CUST1001571,0,0,0,1,0,1,0,0,N,N,Y,6,2026,2,Y,CC
CUST1001572,0,0,0,0,0,1,0,0,N,N,Y,6,2026,1,N,None
CUST1001573,0,0,0,0,0,0,0,0,N,N,Y,6,2026,0,N,None
CUST1001574,2,2,0,1,3,2,0,0,N,N,Y,6,2026,5,Y,AL
CUST1001575,0,0,0,1,0,0,0,1,N,N,Y,6,2026,2,N,AL
CUST1001576,0,0,0,1,0,0,0,0,N,N,Y,6,2026,1,Y,HL
CUST1001577,0,2,0,1,0,2,0,0,N,N,N,6,2026,3,N,None
CUST1001578,0,0,0,1,0,2,0,0,N,N,Y,6,2026,2,N,None
CUST1001579,0,0,0,1,0,0,0,0,N,N,Y,6,2026,1,N,CC
CUST1001580,1,0,0,1,0,1,0,0,N,N,N,6,2026,3,N,AL
CUST1001581,0,0,0,1,0,0,0,0,Y,N,Y,6,2026,1,Y,RD
CUST1001582,0,1,0,1,0,0,0,0,N,N,Y,6,2026,2,N,PL
CUST1001583,0,0,0,1,0,0,0,1,Y,N,Y,6,2026,2,Y,MF
CUST1001584,0,0,0,1,0,0,0,0,N,N,N,6,2026,1,N,PL
CUST1001585,0,0,0,1,0,0,0,0,N,N,Y,6,2026,1,N,None
CUST1001586,0,0,0,1,0,0,0,0,N,N,N,6,2026,1,N,None
CUST1001587,0,1,0,1,0,0,0,1,N,N,N,6,2026,3,N,None
CUST1001588,0,0,0,1,2,0,0,0,N,N,N,6,2026,2,N,None
CUST1001589,0,0,0,1,0,0,0,0,N,N,Y,6,2026,1,N,None
CUST1001590,2,0,0,1,0,0,0,0,N,N,N,6,2026,2,N,None
CUST1001591,0,0,0,1,0,0,0,0,N,N,N,6,2026,1,N,None
CUST1001592,0,1,0,1,0,1,0,0,N,N,N,6,2026,3,N,None
CUST1001593,2,2,0,1,0,0,0,0,N,N,N,6,2026,3,Y,SA
CUST1001594,0,1,1,1,0,1,0,0,N,N,N,6,2026,4,N,None
CUST1001595,0,0,0,1,0,0,0,0,N,Y,Y,6,2026,1,N,None
CUST1001596,0,0,0,1,0,0,0,0,N,N,Y,6,2026,1,Y,AL
CUST1001597,0,0,0,1,0,0,0,0,N,N,Y,6,2026,1,N,None
CUST1001598,0,0,0,1,0,0,0,0,Y,N,Y,6,2026,1,Y,HF
CUST1001599,0,0,0,1,0,0,0,0,N,N,N,6,2026,1,N,None
CUST1001600,2,0,0,1,0,2,0,0,N,N,Y,6,2026,3,Y,CC
CUST1001601,0,1,0,1,0,0,0,0,N,N,Y,6,2026,2,N,None
CUST1001602,0,0,0,1,0,0,0,0,N,N,Y,6,2026,1,N,None
CUST1001603,0,2,0,1,2,0,0,0,N,N,N,6,2026,3,N,None
CUST1001604,0,0,0,1,3,2,0,0,N,N,N,6,2026,3,N,CC
CUST1001605,0,0,0,1,0,2,0,0,N,N,Y,6,2026,2,N,AL
CUST1001606,0,0,0,1,0,1,0,1,N,N,Y,6,2026,3,N,None
CUST1001607,2,0,0,0,0,0,0,0,Y,N,Y,6,2026,1,Y,SA
CUST1001608,0,0,0,1,0,0,0,0,Y,N,Y,6,2026,1,Y,SA
CUST1001609,0,0,0,1,2,2,0,0,Y,N,Y,6,2026,3,Y,AL
CUST1001610,0,0,0,1,0,0,1,0,Y,N,N,6,2026,2,N,None
CUST1001611,1,1,0,1,0,0,0,0,Y,N,Y,6,2026,3,Y,RD
CUST1001612,0,0,0,0,0,0,0,0,Y,N,Y,6,2026,0,N,None
CUST1001613,0,1,0,1,0,0,0,0,N,N,Y,6,2026,2,N,CC
CUST1001614,0,2,1,1,0,0,0,0,N,N,Y,6,2026,3,Y,SA
CUST1001615,0,0,0,1,2,0,0,0,N,N,Y,6,2026,2,N,None
CUST1001616,0,1,0,1,0,0,0,0,Y,N,Y,6,2026,2,N,None
CUST1001617,0,0,0,1,0,0,1,1,N,N,Y,6,2026,3,N,CC
CUST1001618,0,2,0,1,0,0,0,0,N,N,Y,6,2026,2,N,MF
CUST1001619,0,0,0,1,2,0,0,1,N,N,N,6,2026,3,N,None
CUST1001620,0,0,0,0,0,0,0,0,N,N,Y,6,2026,0,N,None
CUST1001621,1,0,0,1,0,0,0,0,N,N,N,6,2026,2,Y,PL
CUST1001622,0,0,0,0,1,2,0,0,N,N,Y,6,2026,2,Y,AL
CUST1001623,0,0,0,1,0,2,0,0,N,N,Y,6,2026,2,N,None
CUST1001624,0,0,1,1,0,0,0,0,Y,N,Y,6,2026,2,N,RD
CUST1001625,0,0,0,1,0,2,0,0,N,N,Y,6,2026,2,N,None
CUST1001626,0,0,0,1,0,0,0,0,N,N,N,6,2026,1,Y,AL
CUST1001627,0,0,0,1,2,1,0,0,N,N,Y,6,2026,3,N,MF
CUST1001628,0,2,0,1,0,1,0,1,Y,N,Y,6,2026,4,N,None
CUST1001629,0,0,0,1,0,0,0,0,Y,N,N,6,2026,1,Y,MF
CUST1001630,0,0,0,1,0,0,1,0,N,N,N,6,2026,2,Y,AL
CUST1001631,0,0,0,1,0,0,0,0,N,N,Y,6,2026,1,N,None
CUST1001632,1,1,0,1,1,1,0,0,Y,N,N,6,2026,5,N,None
CUST1001633,0,0,0,1,3,0,1,0,Y,N,Y,6,2026,3,N,None
CUST1001634,0,0,0,1,0,0,0,0,N,N,Y,6,2026,1,N,None
CUST1001635,2,0,0,1,0,0,1,1,N,N,N,6,2026,4,N,None
CUST1001636,0,0,0,1,0,0,0,0,Y,N,Y,6,2026,1,N,None
CUST1001637,0,1,0,1,1,0,0,0,N,N,N,6,2026,3,N,None
CUST1001638,0,0,0,1,0,0,1,1,Y,N,N,6,2026,3,N,None
CUST1001639,0,0,0,1,0,2,0,0,N,N,N,6,2026,2,N,None
CUST1001640,1,0,0,1,0,0,0,0,N,N,Y,6,2026,2,Y,CC
CUST1001641,2,0,0,1,0,1,0,0,N,N,Y,6,2026,3,Y,PL
CUST1001642,0,2,0,1,0,0,1,0,Y,N,N,6,2026,3,Y,SA
CUST1001643,0,1,0,0,2,0,0,1,N,N,N,6,2026,3,Y,CC
CUST1001644,2,0,0,1,0,0,0,0,N,N,N,6,2026,2,N,None
CUST1001645,2,2,0,1,1,0,0,0,N,N,Y,6,2026,4,Y,CC
CUST1001646,2,0,0,1,0,0,0,1,N,N,Y,6,2026,3,N,None
CUST1001647,0,2,0,1,0,0,1,0,Y,N,Y,6,2026,3,N,None
CUST1001648,0,1,0,1,3,0,0,0,N,N,Y,6,2026,3,Y,RD
CUST1001649,0,2,0,1,0,0,0,0,N,N,Y,6,2026,2,Y,HF
CUST1001650,0,0,0,1,0,0,0,1,N,N,Y,6,2026,2,Y,PL
CUST1001651,2,0,0,1,0,0,0,0,Y,N,N,6,2026,2,Y,RD
CUST1001652,0,0,0,1,0,2,0,0,N,N,N,6,2026,2,N,None
CUST1001653,0,2,0,1,0,0,0,0,Y,N,Y,6,2026,2,Y,RD
CUST1001654,0,0,0,0,0,2,0,1,N,Y,Y,6,2026,2,N,None
CUST1001655,0,0,0,1,2,1,0,0,N,N,Y,6,2026,3,N,None
CUST1001656,0,0,0,1,0,0,0,0,N,N,Y,6,2026,1,N,None
CUST1001657,0,0,0,1,0,0,0,0,N,N,N,6,2026,1,N,None
CUST1001658,0,0,0,1,0,0,1,0,N,N,Y,6,2026,2,N,None
CUST1001659,1,2,0,1,0,0,0,0,N,N,N,6,2026,3,N,None
CUST1001660,0,0,0,1,0,0,1,0,N,N,Y,6,2026,2,N,None
CUST1001661,2,0,0,1,0,0,0,0,N,Y,Y,6,2026,2,N,None
CUST1001662,1,2,0,1,0,1,0,0,N,N,Y,6,2026,4,Y,RD
CUST1001663,0,0,0,1,0,1,0,1,N,N,N,6,2026,3,Y,AL
CUST1001664,0,0,0,1,1,0,0,0,N,Y,Y,6,2026,2,Y,CC
CUST1001665,1,0,0,1,0,0,0,0,Y,Y,Y,6,2026,2,Y,SA
CUST1001666,0,0,0,1,1,2,0,0,N,N,Y,6,2026,3,Y,PL
CUST1001667,0,0,0,1,3,0,0,0,N,N,Y,6,2026,2,Y,SA
CUST1001668,2,0,0,1,0,0,0,0,N,N,Y,6,2026,2,Y,CC
CUST1001669,2,0,0,1,0,0,0,0,N,N,Y,6,2026,2,Y,SA
CUST1001670,0,0,0,1,0,0,0,0,N,N,Y,6,2026,1,N,None
CUST1001671,1,2,0,1,2,0,0,0,Y,Y,N,6,2026,4,N,None
CUST1001672,1,2,0,1,2,0,0,0,Y,N,N,6,2026,4,N,None
CUST1001673,0,1,0,1,1,0,0,0,Y,N,N,6,2026,3,Y,SA
CUST1001674,0,0,0,1,2,0,0,0,N,N,N,6,2026,2,N,None
CUST1001675,0,1,0,1,3,0,0,0,N,N,Y,6,2026,3,Y,RD
CUST1001676,0,0,0,1,0,2,1,0,Y,N,Y,6,2026,3,N,None
CUST1001677,0,0,0,1,0,1,0,0,N,N,N,6,2026,2,N,None
CUST1001678,0,1,0,1,2,0,0,0,Y,Y,Y,6,2026,3,N,CC
CUST1001679,1,1,0,1,1,1,0,0,N,N,Y,6,2026,5,Y,RD
CUST1001680,2,0,0,1,3,0,0,0,N,N,Y,6,2026,3,Y,CC
CUST1001681,0,1,0,1,2,0,0,0,N,N,N,6,2026,3,N,None
CUST1001682,0,0,0,1,0,0,0,0,N,N,Y,6,2026,1,Y,AL
CUST1001683,0,0,0,1,0,0,0,1,N,N,N,6,2026,2,Y,MF
CUST1001684,0,1,0,1,2,0,0,0,N,N,Y,6,2026,3,Y,SA
CUST1001685,0,2,0,1,2,0,0,0,N,N,N,6,2026,3,Y,SA
CUST1001686,0,1,0,1,0,0,1,1,N,N,Y,6,2026,4,Y,CC
CUST1001687,0,0,0,1,2,2,0,0,N,N,N,6,2026,3,N,None
CUST1001688,0,0,0,1,0,2,0,0,Y,N,Y,6,2026,2,Y,AL
CUST1001689,0,0,0,0,0,0,0,0,N,N,Y,6,2026,0,N,HL
CUST1001690,1,0,0,1,0,1,0,0,Y,Y,N,6,2026,3,N,None
CUST1001691,2,1,1,1,0,2,1,0,N,N,N,6,2026,6,N,None
CUST1001692,1,0,0,1,0,2,0,0,N,N,N,6,2026,3,N,None
CUST1001693,0,2,0,1,0,0,0,0,N,N,Y,6,2026,2,N,None
CUST1001694,0,0,0,1,2,0,0,0,N,N,Y,6,2026,2,Y,PL
CUST1001695,2,0,0,1,3,2,0,0,N,N,Y,6,2026,4,N,None
CUST1001696,0,0,0,1,0,0,0,0,N,N,Y,6,2026,1,N,None
CUST1001697,0,0,0,1,3,1,0,0,N,N,N,6,2026,3,Y,CC
CUST1001698,0,0,0,1,0,1,0,0,N,N,N,6,2026,2,N,None
CUST1001699,2,0,0,1,0,0,1,0,N,N,Y,6,2026,3,N,None
CUST1001700,0,2,0,1,0,1,0,0,N,N,Y,6,2026,3,N,None
CUST1001701,0,2,0,1,2,0,0,0,N,N,N,6,2026,3,N,None
CUST1001702,0,0,0,1,1,0,1,1,N,N,N,6,2026,4,Y,RD
CUST1001703,2,0,0,1,0,1,0,1,Y,N,N,6,2026,4,Y,AL
CUST1001704,0,1,0,1,0,0,0,0,N,N,Y,6,2026,2,Y,SA
CUST1001705,0,0,0,1,0,0,0,0,N,N,Y,6,2026,1,N,None
CUST1001706,2,0,0,0,0,0,0,0,N,N,Y,6,2026,1,N,None
CUST1001707,0,0,0,1,0,0,0,0,N,N,Y,6,2026,1,N,HL
CUST1001708,0,2,0,1,0,0,0,0,N,N,Y,6,2026,2,N,HF
CUST1001709,0,2,0,0,0,0,1,0,N,N,N,6,2026,2,Y,PL
CUST1001710,0,0,0,1,1,0,0,0,Y,N,N,6,2026,2,N,RD
CUST1001711,0,0,0,1,0,0,0,0,N,N,N,6,2026,1,N,None
CUST1001712,0,0,0,1,1,2,0,0,N,N,Y,6,2026,3,N,None
CUST1001713,0,2,0,1,0,0,0,1,N,N,Y,6,2026,3,N,None
CUST1001714,0,0,0,1,0,0,0,0,N,N,Y,6,2026,1,N,None
CUST1001715,0,0,0,1,0,0,0,0,N,N,Y,6,2026,1,Y,CC
CUST1001716,0,2,0,1,0,1,0,0,N,N,Y,6,2026,3,N,None
CUST1001717,0,1,0,1,0,1,1,0,N,N,N,6,2026,4,Y,HL
CUST1001718,0,1,0,1,0,0,0,0,Y,Y,Y,6,2026,2,Y,MF
CUST1001719,0,0,0,1,0,0,0,0,Y,N,Y,6,2026,1,N,None
CUST1001720,0,2,0,1,0,1,0,0,N,N,Y,6,2026,3,Y,RD
CUST1001721,0,0,0,1,0,2,0,0,N,N,N,6,2026,2,N,None
CUST1001722,0,1,0,1,0,2,0,0,Y,N,Y,6,2026,3,N,None
CUST1001723,0,0,0,1,0,0,0,0,N,N,N,6,2026,1,N,None
CUST1001724,0,0,0,1,0,1,0,0,N,N,N,6,2026,2,Y,PL
CUST1001725,0,0,0,1,0,0,0,0,N,N,Y,6,2026,1,N,CC
CUST1001726,0,1,0,1,2,0,0,0,N,N,Y,6,2026,3,Y,SA
CUST1001727,0,1,0,1,0,0,0,0,Y,N,Y,6,2026,2,Y,MF
CUST1001728,0,0,0,1,0,0,0,0,N,N,Y,6,2026,1,Y,PL
CUST1001729,0,2,0,1,3,0,0,0,N,N,N,6,2026,3,N,None
CUST1001730,2,0,0,1,0,0,0,0,N,N,N,6,2026,2,N,PL
CUST1001731,2,0,0,1,0,2,0,0,Y,N,N,6,2026,3,N,None
CUST1001732,1,0,0,1,3,0,0,0,N,N,N,6,2026,3,Y,RD
CUST1001733,0,0,0,1,0,2,0,0,Y,N,Y,6,2026,2,Y,MF
CUST1001734,0,1,0,1,0,0,0,0,N,Y,Y,6,2026,2,Y,SA
CUST1001735,0,0,0,1,0,0,0,0,N,N,Y,6,2026,1,Y,PL
CUST1001736,0,1,0,1,0,0,0,0,N,N,Y,6,2026,2,N,None
CUST1001737,0,2,0,1,0,1,0,0,N,N,Y,6,2026,3,N,None
CUST1001738,0,0,0,1,0,1,0,0,Y,N,N,6,2026,2,N,None
CUST1001739,2,0,0,1,0,0,1,0,N,N,Y,6,2026,3,N,None
CUST1001740,0,0,0,1,0,0,1,0,N,Y,N,6,2026,2,N,None
CUST1001741,0,0,0,1,2,0,0,0,N,N,Y,6,2026,2,Y,AL
CUST1001742,0,1,0,1,0,1,0,0,N,N,N,6,2026,3,N,None
CUST1001743,2,1,0,1,2,0,0,0,N,Y,Y,6,2026,4,Y,CC
CUST1001744,0,0,0,1,0,2,0,0,Y,N,N,6,2026,2,N,None
CUST1001745,2,0,0,1,1,0,0,0,N,N,Y,6,2026,3,Y,CC
CUST1001746,0,0,0,1,0,0,0,0,N,N,Y,6,2026,1,Y,HF
CUST1001747,0,0,0,1,3,0,0,0,N,N,Y,6,2026,2,Y,AL
CUST1001748,0,0,0,1,1,1,0,0,N,N,Y,6,2026,3,Y,CC
CUST1001749,0,1,0,1,0,2,0,0,N,N,Y,6,2026,3,Y,RD
CUST1001750,0,0,0,1,0,0,0,0,N,N,Y,6,2026,1,N,None
CUST1001751,0,0,0,1,0,2,0,0,N,N,N,6,2026,2,N,None
CUST1001752,0,1,0,1,0,0,0,0,N,N,Y,6,2026,2,N,None
CUST1001753,0,0,0,1,0,0,1,0,N,N,Y,6,2026,2,Y,PL
CUST1001754,0,0,0,0,0,0,0,0,N,N,Y,6,2026,0,Y,PL
CUST1001755,0,0,0,1,3,0,0,0,N,N,Y,6,2026,2,N,None
CUST1001756,0,0,0,1,0,2,0,0,N,N,Y,6,2026,2,N,None
CUST1001757,0,0,0,1,0,0,0,0,N,N,Y,6,2026,1,Y,RD
CUST1001758,0,0,0,1,0,0,0,0,N,N,N,6,2026,1,N,None
CUST1001759,0,0,0,1,0,0,0,0,N,N,N,6,2026,1,N,None
CUST1001760,0,1,0,1,0,0,0,0,N,Y,Y,6,2026,2,Y,CC
CUST1001761,0,0,0,0,0,0,0,0,N,N,Y,6,2026,0,Y,AL
CUST1001762,0,0,0,1,3,2,0,0,N,N,N,6,2026,3,N,None
CUST1001763,0,1,0,1,0,2,0,0,N,N,Y,6,2026,3,Y,MF
CUST1001764,0,0,0,1,0,0,1,0,N,N,Y,6,2026,2,N,SA
CUST1001765,0,2,0,1,1,0,0,0,N,N,N,6,2026,3,Y,CC
CUST1001766,0,0,0,1,0,0,0,0,N,N,Y,6,2026,1,N,None
CUST1001767,0,0,0,1,0,0,0,0,N,N,N,6,2026,1,N,None
CUST1001768,0,1,0,1,2,0,0,0,N,N,Y,6,2026,3,Y,CC
CUST1001769,0,0,0,1,0,0,0,0,N,N,Y,6,2026,1,N,HF
CUST1001770,0,0,1,1,0,0,0,0,N,N,Y,6,2026,2,N,None
CUST1001771,0,2,0,1,0,0,0,0,N,N,N,6,2026,2,Y,CC
CUST1001772,0,0,0,1,2,0,0,1,N,N,Y,6,2026,3,N,None
CUST1001773,0,0,0,1,0,0,0,0,N,N,Y,6,2026,1,Y,HL
CUST1001774,0,0,0,1,0,0,1,0,N,N,Y,6,2026,2,Y,MF
CUST1001775,2,1,0,1,0,0,0,0,N,N,N,6,2026,3,N,None
CUST1001776,0,0,0,1,0,1,0,0,N,N,N,6,2026,2,Y,SA
CUST1001777,0,1,0,1,0,0,0,1,N,N,Y,6,2026,3,Y,PL
CUST1001778,0,0,0,1,0,0,0,0,N,N,N,6,2026,1,Y,PL
CUST1001779,2,0,0,1,0,2,0,0,N,N,N,6,2026,3,N,None
CUST1001780,0,0,0,1,1,0,1,0,N,N,Y,6,2026,3,N,PL
CUST1001781,0,0,0,1,3,2,0,0,N,N,Y,6,2026,3,Y,MF
CUST1001782,0,0,0,1,0,0,0,0,N,N,N,6,2026,1,N,None
CUST1001783,0,2,0,1,0,1,0,0,N,N,N,6,2026,3,N,None
CUST1001784,0,0,0,1,2,0,0,0,N,N,N,6,2026,2,Y,RD
CUST1001785,0,0,0,1,2,2,0,0,N,N,N,6,2026,3,Y,MF
CUST1001786,0,2,0,1,0,1,0,0,N,N,N,6,2026,3,N,None
CUST1001787,0,1,0,1,0,1,0,0,Y,N,Y,6,2026,3,N,None
CUST1001788,0,2,0,1,1,0,0,0,N,N,Y,6,2026,3,Y,PL
CUST1001789,0,0,0,1,1,2,0,0,N,N,Y,6,2026,3,Y,CC
CUST1001790,0,0,0,1,0,2,0,0,N,N,Y,6,2026,2,N,None
CUST1001791,0,2,0,1,0,0,0,0,N,N,Y,6,2026,2,N,None
CUST1001792,0,1,0,1,1,0,0,0,Y,N,Y,6,2026,3,N,SA
CUST1001793,0,0,0,1,0,1,0,0,N,N,N,6,2026,2,Y,HL
CUST1001794,0,0,0,1,0,0,0,0,N,N,Y,6,2026,1,Y,SA
CUST1001795,1,0,0,1,1,0,0,0,N,N,Y,6,2026,3,N,None
CUST1001796,0,0,0,1,0,0,0,0,N,N,Y,6,2026,1,N,None
CUST1001797,0,0,0,1,0,0,0,1,Y,N,N,6,2026,2,Y,PL
CUST1001798,0,1,0,1,3,0,0,0,Y,N,N,6,2026,3,N,AL
CUST1001799,0,0,0,0,1,0,0,1,N,N,Y,6,2026,2,N,None
CUST1001800,0,0,0,1,0,0,0,0,N,N,Y,6,2026,1,N,None
CUST1001801,0,2,0,1,0,0,0,0,N,N,N,6,2026,2,N,None
CUST1001802,1,2,0,1,0,0,0,0,N,N,Y,6,2026,3,N,None
CUST1001803,0,0,0,1,0,1,0,0,N,N,Y,6,2026,2,Y,CC
CUST1001804,1,2,0,1,0,0,0,0,N,N,Y,6,2026,3,N,None
CUST1001805,0,1,0,1,0,0,0,0,N,Y,N,6,2026,2,N,None
CUST1001806,0,1,0,1,0,0,0,0,N,N,Y,6,2026,2,N,SA
CUST1001807,0,0,0,1,0,0,0,0,N,N,Y,6,2026,1,N,None
CUST1001808,0,0,0,1,0,0,0,0,N,N,N,6,2026,1,Y,CC
CUST1001809,0,0,0,1,0,0,0,0,Y,N,N,6,2026,1,N,None
CUST1001810,1,2,0,1,0,1,0,0,N,N,Y,6,2026,4,Y,CC
CUST1001811,1,1,0,1,0,2,0,0,N,N,N,6,2026,4,N,CC
CUST1001812,0,0,0,1,0,0,0,0,N,N,N,6,2026,1,N,None
CUST1001813,0,0,0,1,0,0,0,0,N,N,Y,6,2026,1,Y,RD
CUST1001814,0,0,0,1,0,0,0,0,N,N,N,6,2026,1,N,None
CUST1001815,0,0,0,1,0,0,0,0,Y,N,Y,6,2026,1,Y,HF
CUST1001816,0,1,0,1,0,0,1,1,Y,N,N,6,2026,4,N,None
CUST1001817,0,1,0,1,0,0,0,0,N,N,N,6,2026,2,N,None
CUST1001818,0,2,0,1,3,0,1,0,N,N,Y,6,2026,4,N,None
CUST1001819,0,0,0,1,0,2,0,0,N,N,N,6,2026,2,Y,SA
CUST1001820,0,2,0,1,0,0,0,0,Y,N,Y,6,2026,2,N,None
CUST1001821,0,1,0,1,0,1,0,0,Y,N,Y,6,2026,3,Y,SA
CUST1001822,0,2,0,1,3,1,0,0,Y,N,N,6,2026,4,N,None
CUST1001823,0,1,0,1,0,0,0,0,Y,N,N,6,2026,2,Y,CC
CUST1001824,0,0,0,1,0,0,0,0,N,N,Y,6,2026,1,N,None
CUST1001825,0,1,0,1,1,1,1,0,N,N,Y,6,2026,5,N,SA
CUST1001826,1,1,0,1,3,2,0,1,N,N,N,6,2026,6,N,None
CUST1001827,0,0,0,1,0,0,0,0,N,N,N,6,2026,1,N,MF
CUST1001828,2,0,0,1,0,0,0,0,N,N,Y,6,2026,2,Y,PL
CUST1001829,1,1,0,1,0,0,0,0,N,N,N,6,2026,3,N,None
CUST1001830,1,2,0,1,0,2,0,0,N,Y,N,6,2026,4,Y,PL
CUST1001831,0,2,0,1,0,1,1,0,N,N,Y,6,2026,4,Y,HF
CUST1001832,0,0,0,1,0,0,0,0,N,N,Y,6,2026,1,N,None
CUST1001833,0,0,0,1,0,0,0,0,N,N,N,6,2026,1,N,None
CUST1001834,0,0,0,0,0,0,0,0,N,Y,Y,6,2026,0,Y,PL
CUST1001835,0,2,0,1,2,0,0,0,N,N,Y,6,2026,3,Y,RD
CUST1001836,0,0,0,1,0,0,0,0,Y,N,Y,6,2026,1,N,None
CUST1001837,0,0,0,1,0,0,1,0,N,Y,N,6,2026,2,N,None
CUST1001838,0,0,0,1,2,0,1,0,N,N,N,6,2026,3,N,None
CUST1001839,0,0,0,1,0,0,1,0,N,N,Y,6,2026,2,Y,RD
CUST1001840,0,0,1,1,0,0,0,1,N,N,N,6,2026,3,Y,PL
CUST1001841,0,0,0,1,0,0,0,0,N,N,Y,6,2026,1,N,None
CUST1001842,2,0,0,1,0,0,0,0,N,N,Y,6,2026,2,Y,CC
CUST1001843,0,2,0,1,0,1,0,0,N,N,Y,6,2026,3,Y,RD
CUST1001844,0,2,0,1,1,0,0,0,N,N,N,6,2026,3,Y,SA
CUST1001845,0,0,0,1,0,2,0,0,N,N,N,6,2026,2,N,None
CUST1001846,0,0,1,1,0,0,0,0,N,N,Y,6,2026,2,Y,SA
CUST1001847,0,1,0,1,0,0,0,1,N,N,N,6,2026,3,N,CC
CUST1001848,0,0,0,1,0,0,0,0,N,N,Y,6,2026,1,N,None
CUST1001849,0,0,0,1,3,0,0,0,N,N,N,6,2026,2,N,SA
CUST1001850,2,2,0,0,0,0,0,1,N,N,N,6,2026,3,N,None
CUST1001851,0,0,0,1,0,0,0,0,Y,N,N,6,2026,1,N,None
CUST1001852,0,2,0,1,0,0,0,0,N,N,Y,6,2026,2,N,None
CUST1001853,0,0,0,1,0,2,0,0,Y,N,N,6,2026,2,Y,HL
CUST1001854,0,1,0,1,0,0,0,0,N,N,Y,6,2026,2,N,None
CUST1001855,0,1,0,1,3,0,0,0,N,N,Y,6,2026,3,N,None
CUST1001856,0,0,0,1,0,0,0,0,N,N,N,6,2026,1,N,None
CUST1001857,0,2,0,1,0,0,0,0,N,N,Y,6,2026,2,Y,MF
CUST1001858,0,2,0,1,2,0,0,0,N,N,N,6,2026,3,Y,SA
CUST1001859,2,2,0,1,0,1,0,0,Y,N,N,6,2026,4,Y,HL
CUST1001860,1,0,0,1,0,0,0,0,N,N,N,6,2026,2,Y,AL
CUST1001861,0,0,0,1,0,0,0,0,N,N,Y,6,2026,1,N,None
CUST1001862,1,0,0,1,0,0,0,0,N,N,Y,6,2026,2,N,None
CUST1001863,0,0,0,1,0,1,0,0,N,N,Y,6,2026,2,N,None
CUST1001864,0,1,0,1,0,0,0,0,N,N,N,6,2026,2,Y,SA
CUST1001865,1,2,0,1,0,0,0,0,Y,N,Y,6,2026,3,N,None
CUST1001866,0,0,0,1,0,1,0,0,N,N,N,6,2026,2,Y,CC
CUST1001867,0,2,0,1,3,0,0,0,N,N,N,6,2026,3,Y,PL
CUST1001868,0,0,0,1,0,2,0,0,N,N,Y,6,2026,2,N,MF
CUST1001869,0,0,0,1,0,0,0,0,Y,N,N,6,2026,1,Y,CC
CUST1001870,0,0,0,1,0,0,0,0,N,N,N,6,2026,1,Y,SA
CUST1001871,0,0,0,1,0,0,1,0,N,Y,Y,6,2026,2,N,None
CUST1001872,0,2,0,1,0,0,0,0,N,N,N,6,2026,2,Y,AL
CUST1001873,0,0,0,0,3,1,0,0,Y,N,Y,6,2026,2,Y,MF
CUST1001874,0,0,0,1,0,0,0,0,N,N,N,6,2026,1,Y,SA
CUST1001875,0,0,0,1,2,0,1,0,N,N,N,6,2026,3,Y,CC
CUST1001876,0,0,0,1,0,1,0,0,Y,N,Y,6,2026,2,N,None
CUST1001877,0,0,0,1,0,2,0,0,N,N,N,6,2026,2,Y,HF
CUST1001878,0,0,0,1,1,0,0,0,N,N,Y,6,2026,2,Y,AL
CUST1001879,0,0,0,1,0,0,0,0,N,N,Y,6,2026,1,N,None
CUST1001880,0,1,0,1,0,0,0,0,N,N,Y,6,2026,2,Y,HF
CUST1001881,0,1,1,1,0,0,0,0,N,N,N,6,2026,3,N,None
CUST1001882,0,0,0,1,0,0,0,0,N,N,N,6,2026,1,N,MF
CUST1001883,0,2,0,1,0,2,0,0,N,N,N,6,2026,3,N,None
CUST1001884,0,0,0,1,0,0,0,0,N,N,N,6,2026,1,N,None
CUST1001885,0,0,0,1,0,0,0,0,N,N,Y,6,2026,1,Y,RD
CUST1001886,1,0,0,1,3,0,0,0,N,N,N,6,2026,3,N,None
CUST1001887,0,0,0,1,0,1,0,0,N,N,Y,6,2026,2,N,CC
CUST1001888,0,0,0,1,0,0,0,0,Y,N,N,6,2026,1,Y,SA
CUST1001889,0,0,0,1,0,0,0,0,N,N,Y,6,2026,1,Y,SA
CUST1001890,1,0,0,1,0,0,0,0,Y,N,N,6,2026,2,Y,MF
CUST1001891,0,0,0,1,0,0,1,0,N,N,Y,6,2026,2,N,None
CUST1001892,0,0,0,1,0,2,0,0,N,N,N,6,2026,2,Y,PL
CUST1001893,0,2,0,1,3,0,0,0,N,Y,N,6,2026,3,N,None
CUST1001894,0,0,0,1,0,2,0,0,N,N,Y,6,2026,2,N,None
CUST1001895,0,2,0,1,0,0,0,1,N,N,N,6,2026,3,N,None
CUST1001896,1,2,0,1,0,0,0,0,N,Y,N,6,2026,3,N,None
CUST1001897,0,2,0,1,0,0,0,0,N,N,N,6,2026,2,Y,MF
CUST1001898,0,0,0,1,0,0,0,0,N,N,Y,6,2026,1,N,None
CUST1001899,0,0,1,1,0,0,0,0,N,N,N,6,2026,2,Y,CC
CUST1001900,0,0,0,1,0,1,0,0,N,N,Y,6,2026,2,Y,RD
CUST1001901,0,0,0,1,3,1,0,0,Y,N,Y,6,2026,3,Y,RD
CUST1001902,0,2,0,1,0,0,0,0,N,N,Y,6,2026,2,Y,MF
CUST1001903,0,0,0,1,0,0,0,0,N,N,N,6,2026,1,Y,AL
CUST1001904,0,0,0,1,0,2,0,0,N,N,Y,6,2026,2,Y,AL
CUST1001905,1,0,0,1,1,0,0,0,N,N,Y,6,2026,3,N,RD
CUST1001906,0,2,0,1,0,0,0,0,N,N,Y,6,2026,2,Y,CC
CUST1001907,0,2,0,1,0,0,0,0,N,N,Y,6,2026,2,Y,SA
CUST1001908,0,1,0,1,0,0,0,0,Y,N,Y,6,2026,2,Y,RD
CUST1001909,0,2,0,1,3,1,0,0,N,N,Y,6,2026,4,Y,RD
CUST1001910,0,0,0,1,2,0,0,0,Y,N,N,6,2026,2,N,None
CUST1001911,0,0,0,1,0,0,0,0,N,Y,Y,6,2026,1,N,None
CUST1001912,0,1,0,1,0,0,0,1,N,Y,N,6,2026,3,Y,SA
CUST1001913,2,0,0,1,3,0,0,0,N,N,Y,6,2026,3,Y,RD
CUST1001914,0,0,0,1,0,0,0,0,N,N,N,6,2026,1,Y,MF
CUST1001915,1,0,0,1,0,0,0,1,N,N,N,6,2026,3,N,HL
CUST1001916,0,1,0,0,2,0,0,0,N,N,N,6,2026,2,N,None
CUST1001917,0,0,0,1,1,0,0,1,N,N,Y,6,2026,3,N,AL
CUST1001918,1,2,0,1,0,0,0,0,N,N,Y,6,2026,3,N,SA
CUST1001919,0,0,0,1,0,0,0,0,N,N,Y,6,2026,1,N,None
CUST1001920,0,0,0,1,0,0,0,0,N,N,N,6,2026,1,N,None
CUST1001921,0,0,0,1,0,0,0,0,N,N,Y,6,2026,1,Y,CC
CUST1001922,0,2,0,1,0,1,0,0,N,N,Y,6,2026,3,N,None
CUST1001923,1,0,0,1,1,0,0,0,N,N,Y,6,2026,3,N,None
CUST1001924,0,0,0,1,0,2,0,0,Y,N,Y,6,2026,2,Y,MF
CUST1001925,2,0,0,1,2,0,0,0,N,N,N,6,2026,3,Y,CC
CUST1001926,0,1,0,1,0,0,0,0,N,N,Y,6,2026,2,N,None
CUST1001927,0,0,0,1,0,0,0,0,N,N,Y,6,2026,1,N,None
CUST1001928,0,2,0,1,0,2,1,0,Y,N,N,6,2026,4,N,None
CUST1001929,0,0,0,1,0,0,0,0,N,N,Y,6,2026,1,Y,SA
CUST1001930,0,1,0,1,0,1,1,0,N,N,Y,6,2026,4,Y,RD
CUST1001931,0,0,0,1,0,0,0,0,N,N,N,6,2026,1,Y,AL
CUST1001932,0,2,0,1,0,0,0,0,N,N,Y,6,2026,2,N,None
CUST1001933,1,0,0,1,0,2,0,0,N,N,Y,6,2026,3,N,None
CUST1001934,0,0,0,1,0,1,0,0,N,N,Y,6,2026,2,Y,HL
CUST1001935,0,0,0,1,0,0,0,0,N,N,Y,6,2026,1,Y,MF
CUST1001936,0,0,0,1,0,0,0,0,N,N,N,6,2026,1,Y,SA
CUST1001937,0,0,0,1,3,0,0,0,N,N,N,6,2026,2,N,None
CUST1001938,0,1,0,1,0,2,0,0,N,N,N,6,2026,3,Y,SA
CUST1001939,2,2,0,1,0,0,0,0,N,N,N,6,2026,3,N,None
CUST1001940,0,0,0,0,0,0,0,0,N,N,Y,6,2026,0,N,None
CUST1001941,0,0,0,0,0,0,0,0,N,N,N,6,2026,0,N,None
CUST1001942,0,2,0,1,0,0,0,0,N,N,N,6,2026,2,N,None
CUST1001943,2,1,0,1,0,0,0,0,N,N,Y,6,2026,3,N,None
CUST1001944,0,0,0,1,0,0,0,0,N,N,Y,6,2026,1,N,None
CUST1001945,0,1,0,1,0,0,0,0,N,N,Y,6,2026,2,N,None
CUST1001946,0,2,0,1,0,0,0,0,Y,N,N,6,2026,2,Y,HF
CUST1001947,1,0,0,1,2,0,0,0,N,N,N,6,2026,3,Y,HL
CUST1001948,1,0,0,1,2,0,1,0,N,N,N,6,2026,4,Y,RD
CUST1001949,2,0,0,1,0,0,0,0,Y,Y,N,6,2026,2,Y,SA
CUST1001950,1,0,0,1,1,0,0,1,Y,N,Y,6,2026,4,N,None
CUST1001951,2,0,0,1,0,2,0,0,N,N,N,6,2026,3,Y,RD
CUST1001952,0,1,0,1,1,0,0,0,N,N,Y,6,2026,3,N,None
CUST1001953,0,2,0,1,0,1,0,0,N,N,Y,6,2026,3,N,None
CUST1001954,2,0,0,1,0,1,0,0,N,N,Y,6,2026,3,N,None
CUST1001955,1,0,0,1,0,0,0,0,Y,N,Y,6,2026,2,Y,RD
CUST1001956,0,0,0,1,0,0,0,0,Y,N,Y,6,2026,1,N,MF
CUST1001957,1,0,0,0,3,0,0,1,Y,N,Y,6,2026,3,N,None
CUST1001958,0,2,0,1,1,0,1,0,N,N,N,6,2026,4,N,None
CUST1001959,0,1,0,1,0,0,0,0,N,Y,Y,6,2026,2,N,None
CUST1001960,0,0,0,1,1,0,0,1,N,Y,Y,6,2026,3,N,CC
CUST1001961,0,0,0,1,0,0,0,0,N,N,N,6,2026,1,N,None
CUST1001962,0,0,0,1,0,0,0,0,N,N,N,6,2026,1,N,None
CUST1001963,0,2,0,1,1,1,0,0,N,N,N,6,2026,4,N,None
CUST1001964,1,1,0,1,0,0,0,1,Y,N,Y,6,2026,4,N,None
CUST1001965,0,2,0,0,0,1,0,0,N,N,Y,6,2026,2,N,None
CUST1001966,0,0,0,1,0,0,0,0,N,N,Y,6,2026,1,Y,MF
CUST1001967,0,1,0,1,0,0,0,0,N,N,N,6,2026,2,Y,CC
CUST1001968,0,2,0,1,1,0,0,0,N,N,N,6,2026,3,Y,AL
CUST1001969,0,1,0,1,3,0,1,0,N,N,Y,6,2026,4,N,None
CUST1001970,0,2,0,1,0,0,0,0,N,N,Y,6,2026,2,N,None
CUST1001971,0,0,0,1,0,0,0,0,Y,N,N,6,2026,1,Y,AL
CUST1001972,2,1,0,1,0,0,0,0,N,N,Y,6,2026,3,Y,AL
CUST1001973,0,1,0,1,0,0,0,1,N,N,N,6,2026,3,N,HF
CUST1001974,0,0,0,1,0,0,0,0,N,N,Y,6,2026,1,N,None
CUST1001975,2,2,0,0,0,1,0,1,N,N,Y,6,2026,4,Y,PL
CUST1001976,0,2,0,1,2,0,0,0,N,N,N,6,2026,3,Y,PL
CUST1001977,0,0,1,1,0,0,0,0,N,N,Y,6,2026,2,Y,SA
CUST1001978,0,0,0,1,0,0,0,0,N,N,Y,6,2026,1,N,None
CUST1001979,1,0,0,1,3,0,0,0,N,N,Y,6,2026,3,Y,RD
CUST1001980,0,1,0,1,0,0,0,0,Y,N,Y,6,2026,2,N,MF
CUST1001981,0,0,0,1,2,0,0,0,N,N,Y,6,2026,2,N,SA
CUST1001982,0,0,0,1,0,0,0,0,Y,N,Y,6,2026,1,Y,PL
CUST1001983,0,0,0,1,0,0,1,0,N,N,Y,6,2026,2,N,None
CUST1001984,0,2,0,1,0,0,0,0,N,N,Y,6,2026,2,N,None
CUST1001985,0,0,0,1,0,0,1,0,N,N,N,6,2026,2,N,None
CUST1001986,0,0,0,1,2,0,0,1,N,N,Y,6,2026,3,N,None
CUST1001987,0,0,0,1,3,0,0,0,Y,N,Y,6,2026,2,Y,RD
CUST1001988,0,0,0,1,0,0,0,0,N,N,N,6,2026,1,N,SA
CUST1001989,0,1,0,1,0,2,0,0,N,N,Y,6,2026,3,N,None
CUST1001990,0,1,0,1,0,0,0,0,N,N,Y,6,2026,2,Y,RD
CUST1001991,1,2,0,1,0,1,0,0,N,N,Y,6,2026,4,N,None
CUST1001992,0,0,0,1,0,1,0,0,N,N,N,6,2026,2,N,None
CUST1001993,0,2,0,1,0,2,0,0,N,N,N,6,2026,3,N,None
CUST1001994,1,2,0,1,0,0,0,0,N,N,N,6,2026,3,Y,RD
CUST1001995,0,0,0,1,0,0,0,0,Y,N,N,6,2026,1,Y,AL
CUST1001996,0,0,0,1,1,0,1,0,Y,N,N,6,2026,3,N,None
CUST1001997,0,2,1,0,3,1,0,0,N,N,Y,6,2026,4,N,HF
CUST1001998,0,0,0,1,0,0,0,1,N,N,Y,6,2026,2,N,None
CUST1001999,0,1,0,1,0,1,0,0,N,N,N,6,2026,3,N,None
CUST1002000,0,0,0,1,1,0,0,0,N,N,Y,6,2026,2,Y,CC
CUST1002001,0,2,0,0,0,1,0,0,N,N,N,6,2026,2,N,None
CUST1002002,0,0,0,1,3,0,0,0,N,N,Y,6,2026,2,N,AL
CUST1002003,0,0,0,1,1,0,0,0,N,Y,Y,6,2026,2,Y,HF
CUST1002004,0,0,0,1,0,0,0,0,N,N,N,6,2026,1,Y,MF
CUST1002005,0,0,0,1,0,0,0,0,N,N,Y,6,2026,1,N,None
CUST1002006,0,1,0,1,0,0,0,0,N,N,Y,6,2026,2,N,None
CUST1002007,0,0,0,1,0,0,0,0,N,N,Y,6,2026,1,Y,MF
CUST1002008,0,1,0,1,0,0,0,0,N,N,Y,6,2026,2,N,None
CUST1002009,0,2,0,1,0,0,0,0,N,N,Y,6,2026,2,N,None
CUST1002010,0,0,0,1,0,0,0,0,N,N,N,6,2026,1,N,None
CUST1002011,0,2,0,1,0,1,0,1,N,N,Y,6,2026,4,Y,CC
CUST1002012,0,0,0,1,0,0,0,0,N,N,Y,6,2026,1,N,SA
CUST1002013,0,1,0,1,0,0,0,0,N,N,N,6,2026,2,Y,CC
CUST1002014,0,2,0,1,2,0,0,0,N,N,N,6,2026,3,N,None
CUST1002015,0,2,0,1,0,0,0,0,Y,N,N,6,2026,2,Y,CC
CUST1002016,0,0,0,1,0,0,0,0,N,N,Y,6,2026,1,Y,HF
CUST1002017,0,1,0,0,2,0,0,1,Y,N,N,6,2026,3,Y,SA
CUST1002018,0,0,0,1,0,0,0,0,N,N,Y,6,2026,1,Y,MF
CUST1002019,0,2,0,1,0,0,0,0,N,N,Y,6,2026,2,N,None
CUST1002020,0,2,0,1,0,2,0,0,N,N,N,6,2026,3,Y,HL
CUST1002021,0,0,0,1,0,0,0,0,N,N,N,6,2026,1,Y,MF
CUST1002022,0,0,0,1,3,0,0,0,N,N,N,6,2026,2,Y,SA
CUST1002023,0,0,0,0,0,0,0,0,Y,N,Y,6,2026,0,N,None
CUST1002024,0,0,0,1,1,0,0,0,N,N,Y,6,2026,2,Y,RD
CUST1002025,1,0,0,1,3,0,0,0,N,N,Y,6,2026,3,Y,RD
CUST1002026,0,1,1,1,0,0,0,0,N,N,Y,6,2026,3,N,MF
CUST1002027,0,0,0,1,0,0,0,0,Y,N,N,6,2026,1,N,None
CUST1002028,0,0,0,1,0,0,0,0,N,N,N,6,2026,1,N,None
CUST1002029,0,0,0,1,1,0,0,0,N,N,N,6,2026,2,N,None
CUST1002030,0,1,0,1,0,0,0,0,N,N,Y,6,2026,2,Y,PL
CUST1002031,0,0,0,1,0,0,0,0,N,N,Y,6,2026,1,N,None
CUST1002032,0,1,0,1,0,0,1,0,N,N,Y,6,2026,3,Y,SA
CUST1002033,0,0,0,1,0,0,0,1,Y,N,N,6,2026,2,Y,RD
CUST1002034,0,0,0,1,0,0,1,0,Y,N,N,6,2026,2,N,None
CUST1002035,2,1,0,1,0,0,0,1,N,N,Y,6,2026,4,N,None
CUST1002036,0,0,0,1,0,0,0,0,N,N,N,6,2026,1,N,None
CUST1002037,2,0,0,1,1,0,0,0,N,N,Y,6,2026,3,N,CC
CUST1002038,0,0,0,1,3,0,0,0,N,N,Y,6,2026,2,Y,CC
CUST1002039,2,2,0,1,1,0,0,0,N,N,N,6,2026,4,N,None
CUST1002040,0,2,0,1,0,0,0,0,Y,Y,N,6,2026,2,N,None
CUST1002041,0,0,0,1,1,0,0,1,N,N,N,6,2026,3,Y,RD
CUST1002042,0,0,0,1,0,0,0,0,Y,N,Y,6,2026,1,Y,CC
CUST1002043,0,0,0,1,0,2,1,0,N,N,N,6,2026,3,N,SA
CUST1002044,0,2,0,1,1,0,0,0,N,N,Y,6,2026,3,N,None
CUST1002045,1,2,0,1,0,0,0,0,N,N,N,6,2026,3,Y,HL
CUST1002046,2,0,0,1,2,0,0,0,N,Y,N,6,2026,3,N,CC
CUST1002047,0,2,0,1,0,0,0,0,N,N,Y,6,2026,2,Y,MF
CUST1002048,0,1,0,1,0,0,0,0,Y,N,N,6,2026,2,Y,HL
CUST1002049,1,0,0,1,2,1,0,0,N,N,Y,6,2026,4,Y,SA
CUST1002050,0,1,0,1,0,1,1,0,N,N,Y,6,2026,4,Y,AL
CUST1002051,2,0,0,1,0,0,0,0,N,Y,Y,6,2026,2,Y,MF
CUST1002052,0,1,0,1,0,0,0,1,N,N,Y,6,2026,3,N,None
CUST1002053,0,2,0,1,0,0,0,0,N,N,Y,6,2026,2,N,None
CUST1002054,0,0,0,1,0,2,0,0,N,N,N,6,2026,2,N,None
CUST1002055,0,0,0,1,0,0,0,0,N,N,N,6,2026,1,N,HF
CUST1002056,0,0,0,1,1,0,0,1,Y,N,Y,6,2026,3,N,None
CUST1002057,0,0,0,1,1,2,0,0,Y,N,N,6,2026,3,Y,CC
CUST1002058,0,0,0,1,2,2,0,0,N,N,Y,6,2026,3,N,None
CUST1002059,2,1,0,1,3,0,0,0,N,N,N,6,2026,4,Y,CC
CUST1002060,1,0,0,1,0,0,0,0,N,N,Y,6,2026,2,N,None
CUST1002061,0,2,0,1,3,0,0,0,N,N,Y,6,2026,3,N,None
CUST1002062,0,0,0,1,0,0,0,0,N,N,Y,6,2026,1,N,None
CUST1002063,0,0,0,1,0,0,0,0,Y,N,N,6,2026,1,N,None
CUST1002064,0,0,1,1,0,1,0,0,N,N,Y,6,2026,3,N,None
CUST1002065,0,1,0,1,0,0,0,0,N,N,Y,6,2026,2,N,None
CUST1002066,0,1,0,1,0,2,0,0,N,N,Y,6,2026,3,Y,SA
CUST1002067,1,2,0,1,0,0,0,0,N,N,Y,6,2026,3,N,None
CUST1002068,0,1,0,1,0,1,0,0,N,N,N,6,2026,3,N,None
CUST1002069,1,1,0,1,3,0,0,0,N,N,Y,6,2026,4,Y,SA
CUST1002070,0,0,0,1,0,0,0,0,Y,N,N,6,2026,1,Y,AL
CUST1002071,0,0,0,1,1,0,0,0,N,N,N,6,2026,2,N,None
CUST1002072,1,2,0,1,0,0,0,0,N,N,Y,6,2026,3,N,None
CUST1002073,0,0,0,1,0,2,0,0,N,N,Y,6,2026,2,N,AL
CUST1002074,0,0,0,1,0,0,0,0,N,N,Y,6,2026,1,Y,AL
CUST1002075,0,0,0,1,0,0,0,0,Y,N,Y,6,2026,1,N,AL
CUST1002076,0,0,0,1,0,0,0,0,N,N,N,6,2026,1,N,RD
CUST1002077,0,2,0,1,1,1,0,1,N,N,Y,6,2026,5,N,None
CUST1002078,0,2,0,1,0,1,0,0,N,N,Y,6,2026,3,N,None
CUST1002079,0,0,0,1,0,2,0,0,N,N,N,6,2026,2,Y,SA
CUST1002080,0,0,0,1,0,0,0,0,N,Y,N,6,2026,1,N,None
CUST1002081,1,0,0,1,0,0,0,0,N,N,Y,6,2026,2,N,None
CUST1002082,0,0,0,1,3,0,0,0,N,N,N,6,2026,2,N,None
CUST1002083,0,0,0,1,1,1,0,0,N,N,N,6,2026,3,Y,PL
CUST1002084,0,2,0,1,0,0,0,1,N,N,N,6,2026,3,N,None
CUST1002085,0,1,0,1,0,0,0,0,N,N,Y,6,2026,2,N,None
CUST1002086,0,0,0,1,0,0,0,0,Y,N,N,6,2026,1,Y,MF
CUST1002087,2,0,0,1,0,0,0,1,N,Y,Y,6,2026,3,N,None
CUST1002088,0,0,0,1,0,0,0,0,N,N,Y,6,2026,1,Y,CC
CUST1002089,0,0,0,1,2,0,1,0,N,N,N,6,2026,3,Y,CC
CUST1002090,0,0,0,1,0,0,0,0,N,Y,Y,6,2026,1,N,None
CUST1002091,1,0,0,1,0,1,1,0,Y,N,N,6,2026,4,N,None
CUST1002092,0,0,0,1,2,0,0,0,N,N,Y,6,2026,2,Y,SA
CUST1002093,0,2,0,1,0,0,0,0,Y,N,Y,6,2026,2,N,None
CUST1002094,0,0,0,1,0,0,0,0,Y,N,N,6,2026,1,N,None
CUST1002095,1,0,0,1,1,0,0,1,N,N,Y,6,2026,4,N,None
CUST1002096,0,2,0,1,0,2,1,0,N,N,N,6,2026,4,Y,SA
CUST1002097,0,1,0,1,0,0,0,0,Y,N,N,6,2026,2,Y,MF
CUST1002098,2,2,0,1,0,2,0,0,Y,N,N,6,2026,4,Y,AL
CUST1002099,0,0,0,1,0,2,0,0,N,N,N,6,2026,2,Y,AL
CUST1002100,1,0,0,1,0,2,0,0,N,N,N,6,2026,3,Y,CC
CUST1002101,0,1,0,1,0,0,0,0,N,N,Y,6,2026,2,Y,MF
CUST1002102,0,0,0,1,0,0,0,0,N,N,Y,6,2026,1,N,HL
CUST1002103,1,0,0,1,0,1,0,1,N,N,Y,6,2026,4,N,None
CUST1002104,0,0,0,1,0,0,0,0,Y,Y,N,6,2026,1,Y,CC
CUST1002105,0,0,0,1,3,0,1,0,N,N,N,6,2026,3,N,None
CUST1002106,0,0,0,1,0,0,0,0,N,N,N,6,2026,1,N,None
CUST1002107,2,0,0,1,1,0,0,0,N,N,N,6,2026,3,N,None
CUST1002108,0,0,0,1,1,0,0,0,N,N,N,6,2026,2,Y,CC
CUST1002109,0,0,0,1,0,0,0,0,N,N,Y,6,2026,1,N,None
CUST1002110,1,0,1,1,0,0,0,0,Y,N,Y,6,2026,3,N,None
CUST1002111,0,2,0,1,0,0,0,0,Y,N,Y,6,2026,2,N,None
CUST1002112,0,0,0,1,0,0,0,0,N,N,Y,6,2026,1,Y,SA
CUST1002113,0,0,0,1,0,0,0,0,N,N,N,6,2026,1,N,None
CUST1002114,0,0,0,1,3,2,0,0,N,N,N,6,2026,3,N,None
CUST1002115,0,0,0,1,0,0,0,0,N,N,Y,6,2026,1,N,None
CUST1002116,0,0,0,1,0,0,0,0,N,N,N,6,2026,1,Y,RD
CUST1002117,0,1,0,0,0,1,0,0,N,N,N,6,2026,2,N,None
CUST1002118,0,0,0,1,0,0,0,0,N,N,N,6,2026,1,N,None
CUST1002119,0,0,0,1,0,0,0,0,Y,N,N,6,2026,1,N,None
CUST1002120,0,1,0,1,0,0,0,0,N,N,Y,6,2026,2,Y,SA
CUST1002121,2,1,0,0,0,0,0,0,N,N,N,6,2026,2,N,None
CUST1002122,0,0,0,1,2,0,0,0,N,N,N,6,2026,2,N,None
CUST1002123,0,1,0,1,0,0,0,0,N,N,N,6,2026,2,Y,HF
CUST1002124,0,2,0,1,0,0,1,1,Y,N,N,6,2026,4,Y,RD
CUST1002125,0,2,0,1,0,0,0,0,N,N,N,6,2026,2,Y,MF
CUST1002126,2,0,0,1,0,2,0,0,N,N,Y,6,2026,3,N,None
CUST1002127,0,0,0,1,0,0,0,0,N,N,N,6,2026,1,N,None
CUST1002128,0,0,0,1,0,0,0,0,N,N,Y,6,2026,1,N,RD
CUST1002129,0,0,0,1,0,1,1,0,N,N,Y,6,2026,3,N,PL
CUST1002130,0,2,0,1,0,2,0,0,Y,N,N,6,2026,3,Y,HL
CUST1002131,0,2,0,1,0,0,0,0,N,N,Y,6,2026,2,Y,PL
CUST1002132,0,0,0,1,2,0,0,0,N,N,N,6,2026,2,Y,CC
CUST1002133,0,1,0,1,1,0,0,0,N,N,N,6,2026,3,Y,AL
CUST1002134,0,0,0,1,0,0,0,1,N,N,Y,6,2026,2,Y,CC
CUST1002135,0,2,0,1,0,2,0,0,N,N,Y,6,2026,3,Y,AL
CUST1002136,0,0,0,1,0,0,0,0,Y,N,N,6,2026,1,N,None
CUST1002137,0,0,0,1,3,0,0,0,N,N,Y,6,2026,2,N,None
CUST1002138,0,0,0,1,0,0,0,0,N,N,Y,6,2026,1,N,None
CUST1002139,0,0,0,1,0,2,0,0,N,N,Y,6,2026,2,Y,MF
CUST1002140,2,0,0,1,1,0,0,0,Y,N,N,6,2026,3,Y,AL
CUST1002141,0,0,0,1,0,2,0,0,N,N,Y,6,2026,2,Y,RD
CUST1002142,0,2,0,1,0,2,0,0,N,N,N,6,2026,3,N,None
CUST1002143,0,0,0,1,3,0,0,1,N,N,N,6,2026,3,Y,MF
CUST1002144,0,2,0,1,1,0,1,0,N,N,N,6,2026,4,N,None
CUST1002145,0,2,0,1,0,0,0,1,N,N,N,6,2026,3,N,None
CUST1002146,0,0,0,1,0,1,0,0,N,N,Y,6,2026,2,N,None
CUST1002147,0,2,0,1,0,0,0,0,N,N,Y,6,2026,2,Y,AL
CUST1002148,1,0,0,1,0,2,0,0,N,N,N,6,2026,3,Y,SA
CUST1002149,0,0,0,1,1,0,0,0,N,N,Y,6,2026,2,N,None
CUST1002150,0,0,0,1,0,1,0,0,N,N,N,6,2026,2,N,None
CUST1002151,0,1,0,1,0,0,1,0,N,N,N,6,2026,3,Y,CC
CUST1002152,0,1,0,1,0,2,0,0,N,Y,N,6,2026,3,N,RD
CUST1002153,0,0,0,1,0,0,0,0,N,N,N,6,2026,1,Y,SA
CUST1002154,2,0,0,1,0,0,1,1,N,N,Y,6,2026,4,N,SA
CUST1002155,0,0,1,1,1,1,0,0,N,N,Y,6,2026,4,Y,SA
CUST1002156,0,0,0,1,0,1,0,0,N,N,Y,6,2026,2,Y,AL
CUST1002157,1,1,0,0,1,0,0,0,Y,N,Y,6,2026,3,N,None
CUST1002158,1,0,0,1,2,2,0,0,N,Y,N,6,2026,4,N,None
CUST1002159,0,0,0,1,0,0,0,0,N,N,Y,6,2026,1,N,None
CUST1002160,0,0,0,0,0,0,0,0,N,N,Y,6,2026,0,Y,SA
CUST1002161,0,1,0,1,2,0,0,0,Y,N,Y,6,2026,3,N,None
CUST1002162,0,0,0,1,0,0,1,1,N,N,N,6,2026,3,N,None
CUST1002163,0,0,0,1,0,0,0,0,Y,Y,N,6,2026,1,N,None
CUST1002164,0,1,0,1,2,0,0,1,N,N,Y,6,2026,4,Y,SA
CUST1002165,0,1,0,1,0,0,1,1,N,N,Y,6,2026,4,N,None
CUST1002166,0,2,0,1,0,0,0,0,N,N,N,6,2026,2,Y,RD
CUST1002167,1,0,0,1,0,0,0,0,N,N,N,6,2026,2,N,None
CUST1002168,1,0,0,1,0,0,0,0,N,N,Y,6,2026,2,N,None
CUST1002169,0,0,0,1,2,0,0,0,Y,N,N,6,2026,2,N,None
CUST1002170,0,0,0,1,0,1,0,0,N,N,Y,6,2026,2,N,None
CUST1002171,2,0,0,1,0,0,0,0,N,N,Y,6,2026,2,Y,SA
CUST1002172,0,0,0,1,3,1,0,0,N,N,N,6,2026,3,Y,RD
CUST1002173,0,1,0,1,3,0,0,0,N,N,N,6,2026,3,N,None
CUST1002174,2,1,0,1,0,0,0,1,Y,N,Y,6,2026,4,Y,AL
CUST1002175,0,2,0,1,0,0,1,0,N,N,Y,6,2026,3,N,None
CUST1002176,0,2,0,1,2,0,0,0,N,N,Y,6,2026,3,Y,MF
CUST1002177,0,0,0,1,1,0,1,0,N,N,N,6,2026,3,Y,CC
CUST1002178,0,1,0,1,0,0,0,0,N,N,Y,6,2026,2,Y,SA
CUST1002179,0,2,0,1,0,0,1,0,N,N,N,6,2026,3,Y,RD
CUST1002180,0,0,0,1,0,0,0,0,N,N,Y,6,2026,1,N,MF
CUST1002181,2,0,0,1,0,0,0,0,Y,Y,N,6,2026,2,Y,CC
CUST1002182,0,1,0,1,0,2,0,0,N,N,Y,6,2026,3,N,None
CUST1002183,0,0,0,1,0,0,0,0,Y,N,Y,6,2026,1,N,None
CUST1002184,0,2,0,1,0,0,0,0,Y,N,Y,6,2026,2,N,None
CUST1002185,0,2,0,1,0,0,0,0,Y,N,N,6,2026,2,N,None
CUST1002186,0,0,0,1,0,0,0,0,N,N,N,6,2026,1,N,SA
CUST1002187,0,0,0,1,0,0,0,0,N,N,N,6,2026,1,Y,AL
CUST1002188,0,0,0,1,0,0,0,0,N,N,Y,6,2026,1,Y,HL
CUST1002189,0,0,0,1,0,0,0,0,N,N,Y,6,2026,1,Y,SA
CUST1002190,0,0,0,1,3,0,0,0,N,N,Y,6,2026,2,N,None
CUST1002191,0,0,0,1,0,2,0,1,N,N,N,6,2026,3,Y,CC
CUST1002192,0,2,0,1,0,1,0,0,Y,N,Y,6,2026,3,N,None
CUST1002193,0,1,0,1,0,2,0,0,Y,N,N,6,2026,3,N,RD
CUST1002194,0,0,0,1,0,1,0,1,N,N,Y,6,2026,3,N,None
CUST1002195,0,0,0,1,0,0,0,0,N,N,Y,6,2026,1,N,CC
CUST1002196,0,1,0,1,3,0,0,0,N,N,N,6,2026,3,Y,AL
CUST1002197,0,0,0,1,0,0,0,0,N,N,Y,6,2026,1,Y,HF
CUST1002198,0,0,0,1,0,0,0,0,N,N,Y,6,2026,1,Y,CC
CUST1002199,0,0,0,1,1,0,0,0,Y,N,N,6,2026,2,Y,PL
CUST1002200,0,0,0,1,0,0,0,0,N,N,Y,6,2026,1,N,None
CUST1002201,0,0,0,1,0,0,0,0,N,N,N,6,2026,1,Y,AL
CUST1002202,0,0,0,1,0,0,0,0,N,N,Y,6,2026,1,N,None
CUST1002203,0,0,0,1,0,0,0,0,N,N,N,6,2026,1,Y,SA
CUST1002204,2,2,0,1,0,0,0,0,N,Y,Y,6,2026,3,Y,AL
CUST1002205,0,0,0,1,0,1,0,0,N,N,N,6,2026,2,N,None
CUST1002206,0,2,0,1,0,0,0,0,N,N,N,6,2026,2,N,None
CUST1002207,0,1,0,1,3,0,0,0,N,N,Y,6,2026,3,Y,CC
CUST1002208,0,0,0,1,2,0,0,0,N,N,Y,6,2026,2,Y,PL
CUST1002209,0,0,0,0,0,0,0,0,N,N,N,6,2026,0,N,None
CUST1002210,0,1,0,1,0,0,0,0,Y,N,Y,6,2026,2,N,CC
CUST1002211,0,0,0,1,1,0,0,0,N,N,Y,6,2026,2,N,None
CUST1002212,0,2,0,1,0,0,0,0,N,N,N,6,2026,2,N,None
CUST1002213,0,1,0,1,0,0,0,0,N,N,N,6,2026,2,N,None
CUST1002214,0,1,0,1,0,1,0,0,N,N,N,6,2026,3,Y,SA
CUST1002215,0,0,0,1,0,0,0,0,N,N,N,6,2026,1,Y,HF
CUST1002216,0,2,0,1,1,0,0,0,N,N,Y,6,2026,3,Y,PL
CUST1002217,0,1,1,1,2,0,1,1,N,N,N,6,2026,6,N,None
CUST1002218,0,0,0,1,3,0,0,0,Y,N,Y,6,2026,2,Y,MF
CUST1002219,1,0,0,1,0,0,0,0,N,N,Y,6,2026,2,N,None
CUST1002220,0,2,0,1,0,0,0,0,N,N,N,6,2026,2,Y,RD
CUST1002221,1,0,0,1,0,1,0,0,N,N,N,6,2026,3,N,CC
CUST1002222,0,2,0,1,0,0,0,0,N,N,N,6,2026,2,N,None
CUST1002223,1,2,0,1,0,0,0,0,N,N,Y,6,2026,3,N,None
CUST1002224,0,0,0,1,1,0,0,0,N,N,N,6,2026,2,N,RD
CUST1002225,1,2,0,1,0,1,0,1,N,N,N,6,2026,5,N,None
CUST1002226,0,0,0,1,0,2,0,0,N,N,Y,6,2026,2,N,None
CUST1002227,0,2,0,1,1,0,0,0,N,N,Y,6,2026,3,N,AL
CUST1002228,0,0,0,1,0,0,0,0,N,N,N,6,2026,1,Y,CC
CUST1002229,0,1,0,1,0,0,0,1,N,N,Y,6,2026,3,N,None
CUST1002230,0,1,0,1,0,0,1,0,N,N,Y,6,2026,3,N,PL
CUST1002231,0,0,0,0,0,0,0,0,N,N,N,6,2026,0,Y,PL
CUST1002232,0,0,0,1,0,0,0,0,N,N,N,6,2026,1,N,None
CUST1002233,0,0,1,1,0,2,0,0,Y,N,N,6,2026,3,N,None
CUST1002234,1,0,0,1,0,0,0,0,N,N,Y,6,2026,2,Y,AL
CUST1002235,0,0,0,1,0,0,0,0,N,N,N,6,2026,1,N,None
CUST1002236,0,0,0,1,2,2,0,0,N,N,Y,6,2026,3,N,MF
CUST1002237,0,1,0,1,0,0,1,1,N,N,Y,6,2026,4,Y,RD
CUST1002238,2,0,0,1,0,1,0,0,Y,Y,Y,6,2026,3,N,None
CUST1002239,0,0,0,1,3,2,1,0,Y,N,Y,6,2026,4,N,None
CUST1002240,0,2,0,1,0,0,0,0,N,N,Y,6,2026,2,N,None
CUST1002241,0,0,0,1,0,0,0,0,N,N,N,6,2026,1,N,None
CUST1002242,0,0,0,1,2,2,0,0,N,N,N,6,2026,3,N,None
CUST1002243,0,2,0,1,0,0,0,0,N,N,Y,6,2026,2,N,CC
CUST1002244,0,0,0,1,0,0,0,0,N,N,N,6,2026,1,N,None
CUST1002245,0,0,0,1,2,0,0,0,N,N,N,6,2026,2,N,None
CUST1002246,1,1,1,1,0,0,1,0,N,N,Y,6,2026,5,N,None
CUST1002247,0,1,0,1,2,0,0,0,N,N,N,6,2026,3,Y,CC
CUST1002248,0,0,0,1,3,2,0,0,Y,N,N,6,2026,3,Y,MF
CUST1002249,0,0,0,1,0,0,0,0,N,N,Y,6,2026,1,Y,CC
CUST1002250,0,0,0,1,0,0,0,1,N,N,Y,6,2026,2,N,None
CUST1002251,0,2,0,1,0,0,0,0,N,N,Y,6,2026,2,Y,PL
CUST1002252,1,2,0,1,1,1,0,0,Y,N,N,6,2026,5,N,None
CUST1002253,0,0,0,1,2,0,0,0,N,N,N,6,2026,2,Y,HL
CUST1002254,0,1,0,1,0,0,0,0,N,N,N,6,2026,2,N,None
CUST1002255,0,0,0,1,0,0,0,0,Y,N,N,6,2026,1,Y,AL
CUST1002256,0,2,0,1,2,1,0,0,N,N,N,6,2026,4,Y,AL
CUST1002257,0,0,0,1,0,0,0,0,N,N,N,6,2026,1,N,None
CUST1002258,0,0,0,1,0,2,0,1,N,N,Y,6,2026,3,N,PL
CUST1002259,0,0,0,0,0,0,0,0,Y,N,Y,6,2026,0,Y,CC
CUST1002260,0,0,0,1,0,0,0,0,N,N,Y,6,2026,1,Y,RD
CUST1002261,0,0,0,1,0,0,0,0,N,N,Y,6,2026,1,N,None
CUST1002262,0,1,0,1,0,2,0,0,N,N,Y,6,2026,3,N,PL
CUST1002263,0,0,0,1,0,0,0,0,N,N,N,6,2026,1,Y,RD
CUST1002264,2,0,0,1,2,0,0,0,Y,N,Y,6,2026,3,N,None
CUST1002265,0,2,0,1,2,0,0,0,N,N,N,6,2026,3,Y,HL
CUST1002266,0,1,0,1,0,0,0,0,N,N,Y,6,2026,2,N,None
CUST1002267,0,1,0,1,0,0,0,0,N,N,Y,6,2026,2,Y,CC
CUST1002268,0,2,0,1,3,2,1,1,N,N,N,6,2026,6,N,SA
CUST1002269,0,2,0,1,0,1,0,0,N,N,N,6,2026,3,N,None
CUST1002270,0,1,0,1,0,0,0,0,N,N,N,6,2026,2,Y,RD
CUST1002271,0,2,0,1,0,2,0,0,N,N,Y,6,2026,3,N,None
CUST1002272,0,0,0,1,1,0,0,0,N,N,N,6,2026,2,Y,MF
CUST1002273,0,0,0,1,2,0,0,1,N,N,N,6,2026,3,N,None
CUST1002274,0,0,0,1,0,0,0,1,N,N,Y,6,2026,2,Y,RD
CUST1002275,0,2,0,1,0,0,0,0,N,N,Y,6,2026,2,Y,MF
CUST1002276,0,0,1,1,0,2,0,0,N,N,Y,6,2026,3,N,SA
CUST1002277,0,2,0,1,0,0,0,0,Y,N,Y,6,2026,2,N,None
CUST1002278,1,1,0,1,0,0,0,0,N,N,N,6,2026,3,Y,AL
CUST1002279,0,0,0,1,0,0,0,0,N,N,Y,6,2026,1,Y,AL
CUST1002280,1,0,0,1,1,1,0,0,N,N,Y,6,2026,4,N,MF
CUST1002281,0,0,0,1,3,2,0,0,N,N,Y,6,2026,3,N,None
CUST1002282,1,1,0,1,0,0,0,1,Y,N,N,6,2026,4,Y,HL
CUST1002283,0,2,0,1,0,0,0,0,Y,N,Y,6,2026,2,N,HF
CUST1002284,0,1,0,1,0,2,0,0,N,N,N,6,2026,3,Y,PL
CUST1002285,0,1,0,1,0,0,0,1,N,N,Y,6,2026,3,Y,AL
CUST1002286,0,2,0,1,0,0,1,0,N,N,Y,6,2026,3,N,HL
CUST1002287,0,1,0,1,0,0,0,0,N,N,N,6,2026,2,N,None
CUST1002288,1,1,0,1,0,0,0,0,N,N,Y,6,2026,3,Y,CC
CUST1002289,0,0,0,1,0,0,0,1,N,N,N,6,2026,2,N,None
CUST1002290,0,2,1,1,0,1,1,0,N,Y,N,6,2026,5,Y,RD
CUST1002291,0,0,0,1,0,0,0,0,N,N,Y,6,2026,1,N,None
CUST1002292,0,0,0,1,0,0,0,0,N,N,N,6,2026,1,N,None
CUST1002293,0,0,1,1,0,0,0,0,N,N,Y,6,2026,2,Y,HF
CUST1002294,0,0,0,1,0,2,0,0,N,N,Y,6,2026,2,N,None
CUST1002295,1,0,0,1,0,0,1,0,Y,N,Y,6,2026,3,N,None
CUST1002296,0,2,0,1,0,0,0,0,Y,N,Y,6,2026,2,Y,AL
CUST1002297,0,2,0,1,0,0,0,0,N,Y,Y,6,2026,2,Y,HL
CUST1002298,2,1,0,1,0,0,0,0,N,N,N,6,2026,3,Y,HL
CUST1002299,0,1,0,1,0,0,0,0,N,N,Y,6,2026,2,N,None
CUST1002300,0,1,0,1,0,0,0,0,N,N,N,6,2026,2,Y,SA
CUST1002301,0,1,0,1,0,0,0,0,N,N,Y,6,2026,2,Y,HL
CUST1002302,0,0,0,0,0,0,0,0,Y,Y,Y,6,2026,0,N,None
CUST1002303,0,0,0,1,1,2,0,0,N,N,Y,6,2026,3,N,None
CUST1002304,0,0,0,1,0,0,0,0,N,N,Y,6,2026,1,N,None
CUST1002305,2,0,0,1,0,1,0,0,N,N,N,6,2026,3,N,None
CUST1002306,0,2,0,1,0,0,0,0,Y,N,Y,6,2026,2,N,None
CUST1002307,0,2,0,1,0,0,0,0,N,N,Y,6,2026,2,N,None
CUST1002308,0,0,0,1,2,0,0,0,Y,N,N,6,2026,2,Y,PL
CUST1002309,0,0,0,1,0,2,0,0,Y,N,N,6,2026,2,Y,CC
CUST1002310,0,2,0,1,0,0,0,0,N,N,Y,6,2026,2,N,None
CUST1002311,1,1,0,1,0,0,0,0,N,N,Y,6,2026,3,N,SA
CUST1002312,1,2,0,1,0,0,0,0,N,N,Y,6,2026,3,N,None
CUST1002313,0,0,0,1,0,0,0,0,N,N,Y,6,2026,1,N,RD
CUST1002314,0,1,0,1,0,0,0,0,Y,N,Y,6,2026,2,Y,CC
CUST1002315,0,0,0,0,0,0,0,1,N,N,N,6,2026,1,N,None
CUST1002316,0,2,0,1,0,0,0,0,N,N,N,6,2026,2,N,RD
CUST1002317,0,2,1,1,2,0,0,0,N,N,Y,6,2026,4,Y,SA
CUST1002318,0,2,0,1,0,0,0,1,N,N,Y,6,2026,3,Y,RD
CUST1002319,2,2,0,1,1,2,0,0,N,N,N,6,2026,5,N,None
CUST1002320,0,1,0,1,0,0,0,0,N,Y,N,6,2026,2,Y,CC
CUST1002321,0,1,0,1,0,1,0,0,N,N,N,6,2026,3,N,None
CUST1002322,0,0,0,1,0,0,0,0,N,N,Y,6,2026,1,Y,AL
CUST1002323,0,2,0,1,0,1,0,1,N,N,Y,6,2026,4,N,None
CUST1002324,0,2,0,1,0,0,0,0,N,N,Y,6,2026,2,N,None
CUST1002325,0,0,0,1,0,0,0,1,Y,N,Y,6,2026,2,Y,RD
CUST1002326,0,0,0,1,0,0,0,0,N,N,Y,6,2026,1,N,None
CUST1002327,1,0,0,1,0,0,0,0,N,N,Y,6,2026,2,N,None
CUST1002328,0,0,0,1,1,0,0,1,N,N,Y,6,2026,3,Y,HL
CUST1002329,1,0,0,1,0,1,0,0,N,N,Y,6,2026,3,N,None
CUST1002330,0,1,0,1,0,2,1,0,N,N,Y,6,2026,4,N,None
CUST1002331,0,0,1,1,0,0,0,1,N,N,Y,6,2026,3,N,SA
CUST1002332,0,0,0,1,0,0,0,0,N,N,Y,6,2026,1,N,None
CUST1002333,0,0,0,1,0,2,0,0,N,N,N,6,2026,2,N,None
CUST1002334,0,0,0,1,1,2,0,1,N,N,N,6,2026,4,N,None
CUST1002335,0,2,0,1,0,0,0,0,N,N,N,6,2026,2,Y,RD
CUST1002336,1,0,0,1,0,0,0,1,N,N,N,6,2026,3,Y,RD
CUST1002337,0,2,0,1,0,0,0,0,N,N,Y,6,2026,2,N,None
CUST1002338,0,0,0,1,0,0,0,0,Y,N,N,6,2026,1,Y,MF
CUST1002339,0,0,0,1,0,2,0,0,N,N,Y,6,2026,2,N,None
CUST1002340,0,1,0,1,0,0,0,1,N,N,Y,6,2026,3,N,None
CUST1002341,0,0,0,1,0,0,0,1,N,N,Y,6,2026,2,N,None
CUST1002342,0,1,0,1,0,0,0,0,Y,N,N,6,2026,2,N,SA
CUST1002343,0,0,0,1,3,0,1,0,N,N,Y,6,2026,3,N,CC
CUST1002344,0,0,0,1,0,0,0,0,N,N,N,6,2026,1,Y,CC
CUST1002345,0,1,0,1,0,0,0,0,N,N,Y,6,2026,2,N,None
CUST1002346,0,0,0,1,0,0,0,0,N,N,N,6,2026,1,N,None
CUST1002347,1,0,0,1,0,2,0,0,N,N,N,6,2026,3,Y,MF
CUST1002348,0,2,0,1,0,0,0,0,N,N,Y,6,2026,2,N,None
CUST1002349,0,0,0,1,0,1,0,0,N,N,N,6,2026,2,Y,AL
CUST1002350,2,0,0,1,3,0,0,0,N,N,N,6,2026,3,Y,RD
CUST1002351,0,2,0,1,0,0,0,0,N,N,Y,6,2026,2,N,None
CUST1002352,0,0,0,1,0,0,0,0,N,N,Y,6,2026,1,N,None
CUST1002353,0,0,0,1,3,0,0,0,N,N,N,6,2026,2,Y,PL
CUST1002354,0,0,0,1,0,0,0,1,N,N,N,6,2026,2,N,None
CUST1002355,0,0,0,1,0,0,0,1,Y,N,Y,6,2026,2,N,AL
CUST1002356,0,0,0,1,0,0,0,0,N,N,Y,6,2026,1,Y,AL
CUST1002357,0,2,0,1,3,2,0,0,N,Y,Y,6,2026,4,N,None
CUST1002358,0,1,0,1,0,0,0,0,Y,N,N,6,2026,2,Y,HL
CUST1002359,0,1,0,1,0,0,0,0,N,N,Y,6,2026,2,N,CC
CUST1002360,0,0,0,1,0,0,0,0,N,N,Y,6,2026,1,N,None
CUST1002361,0,2,0,1,1,1,0,0,N,N,N,6,2026,4,N,None
CUST1002362,2,2,0,1,2,0,0,1,N,N,Y,6,2026,5,N,None
CUST1002363,0,0,0,1,0,1,0,0,N,N,Y,6,2026,2,N,None
CUST1002364,0,1,0,1,0,0,0,0,Y,N,Y,6,2026,2,Y,MF
CUST1002365,0,1,0,1,0,1,0,0,N,N,Y,6,2026,3,N,None
CUST1002366,0,1,0,1,0,0,0,0,N,N,Y,6,2026,2,N,None
CUST1002367,0,0,0,1,0,2,0,0,N,N,Y,6,2026,2,N,None
CUST1002368,0,0,0,1,0,0,0,1,N,N,N,6,2026,2,Y,CC
CUST1002369,0,0,0,1,2,0,0,0,N,N,Y,6,2026,2,N,None
CUST1002370,0,0,0,1,0,1,0,0,N,N,N,6,2026,2,N,None
CUST1002371,0,1,0,1,0,0,0,0,N,N,N,6,2026,2,N,None
CUST1002372,0,0,0,1,0,0,0,0,N,N,Y,6,2026,1,Y,SA
CUST1002373,0,0,0,1,0,0,0,0,N,Y,Y,6,2026,1,N,None
CUST1002374,1,0,0,1,0,1,0,0,N,N,N,6,2026,3,Y,CC
CUST1002375,0,0,0,1,1,1,0,0,Y,N,N,6,2026,3,N,None
CUST1002376,0,0,0,1,2,2,0,0,N,N,Y,6,2026,3,N,None
CUST1002377,0,2,0,1,0,2,0,0,N,N,N,6,2026,3,N,None
CUST1002378,0,0,0,1,0,0,0,0,N,N,N,6,2026,1,N,None
CUST1002379,0,0,0,1,0,0,0,0,Y,N,N,6,2026,1,N,CC
CUST1002380,0,0,0,1,0,0,0,0,N,N,N,6,2026,1,N,None
CUST1002381,0,0,0,0,0,0,0,0,N,N,N,6,2026,0,N,None
CUST1002382,0,0,1,1,0,0,0,0,N,N,Y,6,2026,2,Y,PL
CUST1002383,0,0,0,0,1,0,0,0,N,N,N,6,2026,1,N,None
CUST1002384,0,2,0,1,1,0,0,0,N,N,N,6,2026,3,N,None
CUST1002385,2,1,0,1,0,2,0,1,N,N,Y,6,2026,5,Y,CC
CUST1002386,2,0,0,1,0,1,0,0,N,N,Y,6,2026,3,Y,PL
CUST1002387,0,0,0,1,2,0,0,0,N,N,Y,6,2026,2,Y,RD
CUST1002388,0,0,0,1,0,0,0,0,N,N,N,6,2026,1,N,AL
CUST1002389,2,1,0,1,0,0,0,0,Y,N,N,6,2026,3,N,None
CUST1002390,0,0,0,1,0,2,0,0,N,N,Y,6,2026,2,N,None
CUST1002391,0,1,0,1,0,1,0,0,N,N,Y,6,2026,3,N,None
CUST1002392,0,0,0,1,3,0,0,0,N,N,N,6,2026,2,Y,PL
CUST1002393,0,0,0,1,0,0,0,0,N,N,Y,6,2026,1,N,CC
CUST1002394,0,2,0,1,0,1,0,0,N,N,N,6,2026,3,N,None
CUST1002395,0,0,1,1,0,2,0,0,N,N,Y,6,2026,3,Y,AL
CUST1002396,0,2,0,1,0,0,0,0,Y,N,N,6,2026,2,N,None
CUST1002397,0,0,0,1,2,0,0,0,N,N,N,6,2026,2,N,None
CUST1002398,0,0,1,1,1,2,0,0,N,N,Y,6,2026,4,Y,SA
CUST1002399,0,0,0,1,3,1,0,0,N,N,Y,6,2026,3,N,None
CUST1002400,1,2,0,1,1,0,0,0,N,N,N,6,2026,4,Y,SA
CUST1002401,0,1,0,1,0,2,0,0,N,N,Y,6,2026,3,Y,AL
CUST1002402,0,0,0,1,0,0,0,0,N,N,Y,6,2026,1,N,None
CUST1002403,0,0,0,1,0,2,0,0,N,N,N,6,2026,2,N,None
CUST1002404,0,1,0,0,3,1,0,0,N,N,N,6,2026,3,N,None
CUST1002405,0,0,0,1,1,0,0,0,N,Y,Y,6,2026,2,N,AL
CUST1002406,0,0,0,1,0,2,0,0,Y,N,Y,6,2026,2,N,None
CUST1002407,2,0,0,1,0,0,1,0,N,N,N,6,2026,3,N,None
CUST1002408,0,1,0,1,1,0,0,0,N,Y,Y,6,2026,3,N,HF
CUST1002409,2,1,0,1,0,0,0,0,N,N,N,6,2026,3,Y,AL
CUST1002410,2,0,0,1,0,0,0,0,N,Y,N,6,2026,2,N,CC
CUST1002411,0,0,0,1,3,0,0,0,N,N,Y,6,2026,2,Y,AL
CUST1002412,0,0,0,1,0,1,0,1,N,N,Y,6,2026,3,N,None
CUST1002413,0,0,0,1,0,0,0,0,N,N,N,6,2026,1,Y,HF
CUST1002414,0,1,0,1,0,0,0,0,N,N,Y,6,2026,2,N,None
CUST1002415,0,1,0,1,2,0,0,0,N,N,N,6,2026,3,N,None
CUST1002416,0,0,0,1,0,0,0,0,Y,N,Y,6,2026,1,Y,SA
CUST1002417,1,2,0,1,0,0,0,0,N,N,Y,6,2026,3,N,None
CUST1002418,0,0,0,1,0,0,0,0,N,N,N,6,2026,1,N,RD
CUST1002419,0,0,0,1,0,0,0,0,N,N,Y,6,2026,1,N,MF
CUST1002420,2,1,0,1,0,0,0,0,Y,N,N,6,2026,3,N,None
CUST1002421,0,2,0,1,0,0,0,0,N,N,Y,6,2026,2,N,None
CUST1002422,0,1,0,1,1,0,1,0,N,N,Y,6,2026,4,N,None
CUST1002423,0,0,0,1,1,1,0,0,N,N,N,6,2026,3,N,AL
CUST1002424,0,0,0,1,0,1,0,0,N,N,Y,6,2026,2,N,None
CUST1002425,2,1,0,1,0,0,0,0,N,N,Y,6,2026,3,N,PL
CUST1002426,0,2,0,1,2,1,0,0,Y,N,Y,6,2026,4,N,None
CUST1002427,0,0,0,1,0,0,0,0,N,N,N,6,2026,1,Y,SA
CUST1002428,0,0,0,1,0,0,0,0,N,N,Y,6,2026,1,N,None
CUST1002429,0,1,0,1,0,0,0,0,N,Y,N,6,2026,2,Y,SA
CUST1002430,0,1,0,1,0,0,0,0,N,N,N,6,2026,2,N,None
CUST1002431,0,1,0,1,1,2,0,0,N,N,Y,6,2026,4,Y,CC
CUST1002432,0,0,0,1,1,2,0,0,N,N,Y,6,2026,3,N,None
CUST1002433,0,2,0,1,0,0,0,0,N,N,Y,6,2026,2,Y,RD
CUST1002434,0,2,0,1,0,0,0,0,Y,N,N,6,2026,2,N,None
CUST1002435,0,0,0,1,0,2,0,0,N,Y,N,6,2026,2,Y,MF
CUST1002436,0,0,0,0,0,0,0,0,N,N,Y,6,2026,0,N,CC
CUST1002437,2,0,0,1,0,0,0,0,N,N,Y,6,2026,2,N,None
CUST1002438,0,0,0,1,0,0,0,0,N,N,N,6,2026,1,Y,HF
CUST1002439,0,0,0,1,0,0,0,0,N,N,Y,6,2026,1,Y,HF
CUST1002440,0,0,0,1,0,0,0,0,N,N,Y,6,2026,1,N,None
CUST1002441,0,2,0,1,0,2,0,1,N,N,N,6,2026,4,Y,RD
CUST1002442,0,2,0,1,3,0,0,0,N,N,Y,6,2026,3,N,None
CUST1002443,1,1,0,1,1,1,1,0,N,N,Y,6,2026,6,N,None
CUST1002444,0,0,0,1,0,0,0,0,N,N,Y,6,2026,1,N,CC
CUST1002445,0,0,0,1,0,0,0,0,Y,N,Y,6,2026,1,N,None
CUST1002446,0,0,0,1,0,1,0,0,N,N,Y,6,2026,2,N,None
CUST1002447,0,0,0,1,0,0,0,0,N,N,N,6,2026,1,Y,SA
CUST1002448,0,0,0,1,0,0,0,0,N,N,Y,6,2026,1,N,None
CUST1002449,0,2,0,1,0,0,0,0,N,N,Y,6,2026,2,Y,CC
CUST1002450,0,2,0,1,0,2,0,0,N,N,N,6,2026,3,Y,RD
CUST1002451,0,1,0,1,0,0,0,0,N,N,N,6,2026,2,N,None
CUST1002452,0,0,0,1,0,0,0,0,N,N,N,6,2026,1,Y,SA
CUST1002453,0,1,0,1,0,2,0,0,N,N,Y,6,2026,3,N,None
CUST1002454,0,2,0,1,0,1,0,0,N,N,Y,6,2026,3,N,None
CUST1002455,1,0,0,1,0,1,0,1,N,N,N,6,2026,4,N,None
CUST1002456,0,0,0,1,0,0,0,0,N,N,N,6,2026,1,Y,SA
CUST1002457,0,2,0,1,0,1,0,0,N,N,N,6,2026,3,N,None
CUST1002458,1,0,0,0,0,2,0,0,N,N,N,6,2026,2,Y,SA
CUST1002459,0,0,0,1,0,0,0,0,N,N,Y,6,2026,1,Y,AL
CUST1002460,2,0,0,1,0,0,0,0,N,N,Y,6,2026,2,Y,CC
CUST1002461,1,2,0,1,0,0,0,0,N,N,N,6,2026,3,N,HF
CUST1002462,0,0,0,0,0,0,0,1,N,N,N,6,2026,1,Y,HL
CUST1002463,0,0,0,1,0,1,0,1,N,N,Y,6,2026,3,N,RD
CUST1002464,0,0,0,0,0,2,0,0,N,N,N,6,2026,1,Y,HL
CUST1002465,0,0,0,0,2,0,0,0,N,N,N,6,2026,1,N,None
CUST1002466,2,1,0,1,0,0,0,0,N,N,N,6,2026,3,N,None
CUST1002467,0,0,0,1,2,0,0,0,N,N,Y,6,2026,2,N,None
CUST1002468,0,0,0,1,0,0,0,1,N,N,Y,6,2026,2,Y,SA
CUST1002469,0,2,0,1,0,0,1,0,N,N,N,6,2026,3,N,None
CUST1002470,1,0,0,1,0,2,0,0,Y,N,N,6,2026,3,Y,PL
CUST1002471,0,0,0,1,0,0,1,0,N,N,N,6,2026,2,Y,HF
CUST1002472,0,1,0,1,0,0,0,0,N,N,Y,6,2026,2,Y,HL
CUST1002473,0,0,0,0,0,0,0,0,N,N,N,6,2026,0,Y,RD
CUST1002474,0,0,0,1,2,0,0,0,N,N,N,6,2026,2,N,None
CUST1002475,0,0,0,1,0,2,0,1,N,N,Y,6,2026,3,N,None
CUST1002476,0,0,0,1,0,0,0,0,N,N,N,6,2026,1,Y,MF
CUST1002477,0,0,0,1,1,2,0,0,N,N,N,6,2026,3,N,None
CUST1002478,2,0,0,1,0,0,0,0,N,N,Y,6,2026,2,N,None
CUST1002479,0,2,0,1,0,0,0,0,N,N,Y,6,2026,2,Y,HL
CUST1002480,0,1,0,1,0,0,0,0,N,N,N,6,2026,2,Y,PL
CUST1002481,0,0,0,1,0,0,0,0,N,N,Y,6,2026,1,N,CC
CUST1002482,0,2,0,1,0,0,0,0,Y,N,Y,6,2026,2,Y,AL
CUST1002483,0,0,0,1,0,0,0,0,N,N,N,6,2026,1,N,None
CUST1002484,1,0,1,1,0,1,0,0,N,N,Y,6,2026,4,Y,SA
CUST1002485,0,2,0,1,0,1,0,0,N,N,Y,6,2026,3,N,None
CUST1002486,0,0,0,1,0,0,0,0,N,N,Y,6,2026,1,N,AL
CUST1002487,1,0,0,1,0,0,1,0,Y,N,Y,6,2026,3,N,None
CUST1002488,0,0,0,1,0,0,0,0,N,N,Y,6,2026,1,N,None
CUST1002489,0,2,0,1,0,0,0,0,N,N,N,6,2026,2,N,CC
CUST1002490,0,0,0,1,0,2,0,0,N,N,Y,6,2026,2,N,None
CUST1002491,0,0,0,1,1,0,0,0,N,N,Y,6,2026,2,Y,MF
CUST1002492,0,1,0,0,0,0,0,0,N,N,Y,6,2026,1,N,None
CUST1002493,0,0,0,1,0,0,0,0,N,N,N,6,2026,1,N,None
CUST1002494,2,1,0,1,0,1,0,0,Y,N,N,6,2026,4,Y,SA
CUST1002495,0,0,0,1,0,1,0,0,N,N,Y,6,2026,2,Y,MF
CUST1002496,0,2,0,1,0,0,0,0,N,N,Y,6,2026,2,Y,CC
CUST1002497,0,0,0,1,2,0,1,0,N,N,Y,6,2026,3,N,None
CUST1002498,0,1,0,1,3,0,1,0,N,N,Y,6,2026,4,N,SA
CUST1002499,0,0,0,1,0,0,0,0,N,N,N,6,2026,1,N,MF
CUST1002500,0,0,0,1,1,0,0,0,N,N,N,6,2026,2,N,None
CUST1002501,2,0,0,1,0,0,0,0,N,N,Y,6,2026,2,Y,MF
CUST1002502,2,0,0,1,0,0,0,0,N,N,N,6,2026,2,N,CC
CUST1002503,0,0,0,1,0,0,0,0,N,N,Y,6,2026,1,N,None
CUST1002504,0,1,0,1,0,2,0,1,Y,N,Y,6,2026,4,N,None
CUST1002505,0,2,0,1,0,0,0,0,N,N,N,6,2026,2,N,None
CUST1002506,0,0,0,1,1,0,0,1,N,N,N,6,2026,3,Y,RD
CUST1002507,0,2,0,1,2,2,0,0,N,N,Y,6,2026,4,N,None
CUST1002508,0,1,0,1,0,0,0,1,N,N,N,6,2026,3,Y,SA
CUST1002509,0,1,0,1,1,0,0,1,N,N,N,6,2026,4,N,None
CUST1002510,0,2,0,1,0,0,0,0,N,N,N,6,2026,2,Y,RD
CUST1002511,0,0,0,1,0,2,0,0,N,N,N,6,2026,2,N,None
CUST1002512,0,0,0,1,0,0,0,0,Y,N,Y,6,2026,1,N,None
CUST1002513,0,2,0,1,0,0,0,0,N,N,N,6,2026,2,N,None
CUST1002514,0,0,0,1,0,2,0,0,N,N,N,6,2026,2,N,None
CUST1002515,0,0,0,1,0,0,0,0,Y,N,Y,6,2026,1,N,None
CUST1002516,0,0,0,1,0,0,0,0,N,N,Y,6,2026,1,Y,MF
CUST1002517,0,0,0,1,0,0,0,0,N,Y,Y,6,2026,1,Y,RD
CUST1002518,0,0,0,1,0,1,1,0,N,N,Y,6,2026,3,Y,AL
CUST1002519,0,0,0,1,0,0,0,0,N,N,Y,6,2026,1,Y,PL
CUST1002520,0,0,0,1,0,0,0,0,N,N,Y,6,2026,1,Y,SA
CUST1002521,0,0,0,1,0,0,0,1,N,N,Y,6,2026,2,Y,MF
CUST1002522,0,0,0,1,0,0,0,0,N,N,Y,6,2026,1,N,None
CUST1002523,0,0,0,1,3,0,0,0,N,N,Y,6,2026,2,N,None
CUST1002524,0,0,0,1,0,1,0,0,N,N,Y,6,2026,2,Y,PL
CUST1002525,0,0,0,1,0,0,1,0,N,N,N,6,2026,2,N,None
CUST1002526,0,0,0,1,2,2,0,1,Y,N,Y,6,2026,4,Y,HL
CUST1002527,0,0,0,1,2,0,0,0,N,N,Y,6,2026,2,N,None
CUST1002528,0,0,1,1,3,0,0,0,N,N,N,6,2026,3,N,None
CUST1002529,0,0,0,1,0,0,0,0,N,N,N,6,2026,1,N,None
CUST1002530,0,0,0,1,0,0,0,0,N,N,Y,6,2026,1,Y,PL
CUST1002531,0,2,0,1,2,0,0,0,N,Y,Y,6,2026,3,Y,PL
CUST1002532,0,0,1,1,0,0,0,0,N,N,N,6,2026,2,N,None
CUST1002533,0,2,0,1,2,0,0,0,N,N,N,6,2026,3,Y,PL
CUST1002534,0,2,0,1,0,0,0,0,N,N,N,6,2026,2,N,None
CUST1002535,0,2,0,1,0,0,0,0,N,N,N,6,2026,2,N,None
CUST1002536,2,0,1,1,0,2,0,0,N,N,Y,6,2026,4,N,None
CUST1002537,0,0,0,1,0,0,0,0,N,N,Y,6,2026,1,N,None
CUST1002538,0,0,0,1,0,0,0,0,Y,N,N,6,2026,1,N,None
CUST1002539,0,0,0,1,0,2,0,0,N,Y,Y,6,2026,2,Y,MF
CUST1002540,2,0,0,1,0,0,0,0,N,N,N,6,2026,2,Y,AL
CUST1002541,0,2,0,1,0,0,1,0,N,N,Y,6,2026,3,N,None
CUST1002542,0,0,0,1,1,1,0,0,Y,N,N,6,2026,3,N,None
CUST1002543,0,1,0,1,0,0,0,0,N,N,Y,6,2026,2,N,None
CUST1002544,0,1,0,1,0,2,0,0,N,N,Y,6,2026,3,Y,CC
CUST1002545,0,0,0,1,2,0,0,0,N,Y,Y,6,2026,2,N,None
CUST1002546,1,1,0,1,0,0,0,1,Y,N,Y,6,2026,4,N,None
CUST1002547,0,1,0,1,0,2,0,0,Y,N,Y,6,2026,3,N,RD
CUST1002548,0,0,0,1,0,1,0,0,N,N,Y,6,2026,2,N,None
CUST1002549,0,1,0,1,0,1,0,0,N,N,Y,6,2026,3,N,None
CUST1002550,0,1,0,1,0,0,0,0,N,N,N,6,2026,2,N,None
CUST1002551,0,2,0,1,0,0,0,0,N,N,Y,6,2026,2,N,None
CUST1002552,0,1,0,1,2,0,1,0,N,N,Y,6,2026,4,N,None
CUST1002553,0,0,0,1,0,0,0,0,Y,N,N,6,2026,1,Y,SA
CUST1002554,0,2,0,1,0,2,0,0,N,N,Y,6,2026,3,N,None
CUST1002555,2,0,0,1,0,0,0,0,Y,N,N,6,2026,2,N,None
CUST1002556,0,0,0,1,0,0,0,0,N,N,Y,6,2026,1,N,HL
CUST1002557,2,0,0,1,3,0,0,0,Y,N,Y,6,2026,3,N,None
CUST1002558,2,2,0,1,0,2,0,0,Y,N,Y,6,2026,4,N,None
CUST1002559,0,0,0,1,1,0,0,0,N,N,Y,6,2026,2,N,None
CUST1002560,0,0,0,1,0,2,0,0,N,N,N,6,2026,2,N,None
CUST1002561,0,1,0,0,1,0,0,0,Y,N,N,6,2026,2,N,RD
CUST1002562,0,0,0,1,0,0,0,0,N,N,N,6,2026,1,Y,RD
CUST1002563,0,0,0,1,2,0,0,0,N,N,N,6,2026,2,Y,PL
CUST1002564,0,0,0,1,0,0,1,0,N,N,Y,6,2026,2,N,None
CUST1002565,0,0,0,1,0,1,0,0,N,N,Y,6,2026,2,Y,AL
CUST1002566,2,0,0,1,0,2,0,0,N,N,Y,6,2026,3,Y,HL
CUST1002567,0,2,0,1,0,1,1,0,N,N,Y,6,2026,4,Y,HL
CUST1002568,2,2,0,1,0,0,0,0,N,N,Y,6,2026,3,N,None
CUST1002569,0,0,0,1,0,0,0,0,Y,N,N,6,2026,1,Y,SA
CUST1002570,0,1,0,1,0,1,0,0,N,N,N,6,2026,3,N,None
CUST1002571,0,2,0,1,2,0,0,0,N,N,Y,6,2026,3,N,None
CUST1002572,0,0,0,1,0,0,0,0,N,N,N,6,2026,1,N,None
CUST1002573,1,1,0,1,0,0,0,0,N,N,N,6,2026,3,N,None
CUST1002574,0,1,0,1,0,0,0,0,N,N,Y,6,2026,2,Y,CC
CUST1002575,0,0,0,1,0,0,0,0,N,N,Y,6,2026,1,N,None
CUST1002576,0,0,0,1,0,0,0,0,N,N,Y,6,2026,1,N,None
CUST1002577,2,0,0,1,0,0,0,0,N,N,Y,6,2026,2,Y,AL
CUST1002578,0,0,0,1,0,1,0,0,N,N,N,6,2026,2,N,PL
CUST1002579,0,2,0,1,0,2,0,0,N,N,N,6,2026,3,N,None
CUST1002580,0,0,0,1,0,0,0,0,Y,N,N,6,2026,1,N,None
CUST1002581,0,0,0,1,0,0,0,0,N,N,Y,6,2026,1,Y,CC
CUST1002582,1,1,0,1,0,1,0,0,N,N,Y,6,2026,4,Y,SA
CUST1002583,0,0,0,1,0,0,0,0,N,N,N,6,2026,1,N,None
CUST1002584,0,2,0,1,0,0,0,0,Y,N,Y,6,2026,2,N,None
CUST1002585,0,1,0,1,0,0,0,0,N,N,Y,6,2026,2,N,None
CUST1002586,0,0,0,1,0,0,0,0,N,N,Y,6,2026,1,N,None
CUST1002587,0,2,0,1,0,1,0,1,N,N,N,6,2026,4,N,None
CUST1002588,0,0,0,1,0,0,0,0,N,N,Y,6,2026,1,N,None
CUST1002589,0,0,0,1,3,0,0,0,N,N,Y,6,2026,2,N,None
CUST1002590,0,0,0,1,0,0,0,0,N,N,Y,6,2026,1,Y,HF
CUST1002591,0,0,0,1,0,1,0,0,N,N,Y,6,2026,2,N,None
CUST1002592,2,1,0,1,0,1,0,0,N,N,Y,6,2026,4,N,MF
CUST1002593,0,2,0,1,0,0,0,1,N,N,N,6,2026,3,N,None
CUST1002594,0,0,0,1,0,0,0,0,N,N,Y,6,2026,1,Y,RD
CUST1002595,0,0,0,1,1,1,0,1,Y,N,Y,6,2026,4,Y,RD
CUST1002596,2,0,0,1,0,0,0,0,N,N,N,6,2026,2,Y,AL
CUST1002597,1,2,0,1,0,0,0,0,N,N,Y,6,2026,3,N,None
CUST1002598,0,0,0,1,0,2,0,0,N,N,Y,6,2026,2,Y,AL
CUST1002599,0,0,0,1,1,0,0,0,N,N,Y,6,2026,2,N,None
CUST1002600,0,1,0,1,0,2,0,1,Y,N,Y,6,2026,4,N,None
CUST1002601,2,0,0,1,1,0,0,0,N,N,Y,6,2026,3,Y,PL
CUST1002602,0,0,0,1,0,2,0,0,Y,N,Y,6,2026,2,Y,CC
CUST1002603,0,0,0,1,1,2,0,1,Y,N,Y,6,2026,4,N,CC
CUST1002604,0,0,0,1,0,0,0,0,N,N,Y,6,2026,1,Y,SA
CUST1002605,0,0,0,1,0,0,0,0,N,N,Y,6,2026,1,Y,PL
CUST1002606,0,0,0,1,0,0,0,0,N,N,Y,6,2026,1,N,None
CUST1002607,0,0,0,1,0,0,0,0,N,N,N,6,2026,1,Y,CC
CUST1002608,0,0,0,1,0,1,0,0,N,N,Y,6,2026,2,Y,SA
CUST1002609,0,0,0,1,0,2,0,1,N,N,N,6,2026,3,Y,HF
CUST1002610,0,2,0,1,0,1,0,0,N,N,Y,6,2026,3,Y,CC
CUST1002611,0,2,0,1,0,2,0,0,N,N,N,6,2026,3,N,None
CUST1002612,1,0,0,1,0,0,0,0,N,N,N,6,2026,2,N,None
CUST1002613,0,0,0,1,2,0,0,1,N,N,N,6,2026,3,N,RD
CUST1002614,0,1,0,1,0,0,0,0,N,N,Y,6,2026,2,N,None
CUST1002615,0,2,0,1,3,0,0,0,N,N,Y,6,2026,3,N,None
CUST1002616,0,0,0,1,1,0,0,0,N,N,N,6,2026,2,N,None
CUST1002617,0,2,1,0,0,0,0,0,N,N,N,6,2026,2,N,None
CUST1002618,0,2,0,1,0,2,0,0,Y,N,N,6,2026,3,Y,SA
CUST1002619,2,0,0,1,0,0,0,0,N,N,Y,6,2026,2,N,None
CUST1002620,0,0,0,1,0,0,0,0,N,N,Y,6,2026,1,Y,MF
CUST1002621,0,0,1,1,3,0,0,0,N,N,Y,6,2026,3,Y,CC
CUST1002622,0,0,0,0,0,0,0,0,N,N,N,6,2026,0,N,None
CUST1002623,0,0,0,1,0,1,0,1,N,N,Y,6,2026,3,N,None
CUST1002624,0,0,0,1,0,0,0,0,N,N,N,6,2026,1,N,None
CUST1002625,0,0,0,1,0,0,0,0,N,N,N,6,2026,1,Y,SA
CUST1002626,0,1,0,1,1,0,1,0,N,N,Y,6,2026,4,Y,RD
CUST1002627,0,0,0,1,0,0,0,0,N,N,N,6,2026,1,N,None
CUST1002628,0,0,0,1,0,0,0,1,N,N,N,6,2026,2,Y,MF
CUST1002629,0,0,0,1,2,0,0,0,Y,N,Y,6,2026,2,Y,RD
CUST1002630,0,0,0,1,0,0,0,0,Y,N,Y,6,2026,1,N,None
CUST1002631,2,0,0,1,0,0,0,0,N,N,N,6,2026,2,Y,RD
CUST1002632,0,0,0,1,0,0,0,0,N,N,Y,6,2026,1,N,None
CUST1002633,0,0,0,1,1,0,0,0,N,N,Y,6,2026,2,N,MF
CUST1002634,0,0,0,1,1,2,0,0,N,N,Y,6,2026,3,Y,SA
CUST1002635,0,0,0,1,0,0,0,1,N,N,N,6,2026,2,Y,SA
CUST1002636,0,0,0,1,1,0,1,0,N,N,Y,6,2026,3,Y,SA
CUST1002637,0,2,0,1,0,0,0,0,N,N,Y,6,2026,2,Y,MF
CUST1002638,0,0,0,0,0,0,0,0,N,N,Y,6,2026,0,N,None
CUST1002639,1,1,0,1,0,1,1,1,Y,N,N,6,2026,6,Y,RD
CUST1002640,0,0,0,1,0,0,0,0,N,N,N,6,2026,1,N,None
CUST1002641,0,2,0,1,2,0,0,0,N,N,N,6,2026,3,N,None
CUST1002642,0,0,0,1,0,2,0,0,N,N,Y,6,2026,2,N,None
CUST1002643,1,0,0,1,0,0,0,1,Y,N,N,6,2026,3,N,None
CUST1002644,0,0,1,1,0,0,0,0,N,N,N,6,2026,2,Y,MF
CUST1002645,0,0,0,1,2,0,0,1,N,Y,N,6,2026,3,N,None
CUST1002646,0,0,0,1,0,0,0,0,N,N,Y,6,2026,1,N,None
CUST1002647,0,1,0,1,0,1,0,0,N,N,Y,6,2026,3,N,None
CUST1002648,0,2,0,1,0,1,0,0,N,N,N,6,2026,3,N,None
CUST1002649,0,0,0,1,0,0,0,0,N,N,N,6,2026,1,N,None
CUST1002650,0,0,1,1,0,0,0,0,N,N,Y,6,2026,2,N,None
CUST1002651,0,0,0,1,0,0,0,0,N,N,Y,6,2026,1,N,None
CUST1002652,0,2,0,1,0,1,0,0,Y,N,Y,6,2026,3,N,None
CUST1002653,0,0,0,1,0,0,0,0,Y,N,N,6,2026,1,N,None
CUST1002654,0,0,0,1,3,1,0,0,N,N,N,6,2026,3,Y,MF
CUST1002655,2,0,0,1,0,2,0,0,N,N,N,6,2026,3,Y,AL
CUST1002656,0,0,0,1,0,0,0,0,N,N,N,6,2026,1,N,CC
CUST1002657,2,2,0,1,0,0,0,1,N,N,Y,6,2026,4,Y,CC
CUST1002658,1,0,0,1,0,0,0,0,N,N,Y,6,2026,2,N,None
CUST1002659,0,0,0,1,2,0,0,1,N,N,Y,6,2026,3,Y,AL
CUST1002660,0,1,0,1,0,2,0,1,N,N,N,6,2026,4,Y,SA
CUST1002661,0,0,0,1,0,2,0,0,N,N,N,6,2026,2,Y,HF
CUST1002662,0,1,0,1,0,1,0,0,N,N,N,6,2026,3,Y,CC
CUST1002663,0,0,0,1,0,0,0,0,N,N,Y,6,2026,1,Y,CC
CUST1002664,0,0,1,1,0,1,0,0,N,N,Y,6,2026,3,Y,SA
CUST1002665,0,0,0,1,0,0,0,0,N,N,Y,6,2026,1,N,None
CUST1002666,0,2,0,1,0,0,0,0,N,N,Y,6,2026,2,N,None
CUST1002667,0,2,1,1,0,0,0,0,N,Y,Y,6,2026,3,N,AL
CUST1002668,1,0,0,1,0,0,0,0,Y,N,Y,6,2026,2,Y,AL
CUST1002669,0,0,0,0,0,0,0,0,N,N,N,6,2026,0,N,None
CUST1002670,0,2,0,1,0,2,0,1,N,N,Y,6,2026,4,Y,RD
CUST1002671,0,2,1,1,0,0,0,0,N,N,Y,6,2026,3,N,MF
CUST1002672,0,0,0,1,0,0,0,1,N,N,Y,6,2026,2,N,None
CUST1002673,0,1,0,1,0,0,0,0,Y,N,Y,6,2026,2,N,HL
CUST1002674,0,1,1,1,0,0,0,0,N,Y,N,6,2026,3,N,None
CUST1002675,0,0,0,1,0,0,0,0,N,N,Y,6,2026,1,Y,HL
CUST1002676,2,0,0,1,1,0,0,1,N,N,Y,6,2026,4,N,None
CUST1002677,0,1,0,1,1,1,0,1,Y,N,N,6,2026,5,N,RD
CUST1002678,0,1,0,1,0,0,1,0,N,N,Y,6,2026,3,Y,CC
CUST1002679,2,0,0,1,1,0,0,0,N,N,N,6,2026,3,N,None
CUST1002680,0,0,0,1,0,0,0,0,N,N,N,6,2026,1,N,None
CUST1002681,0,0,0,1,0,0,0,0,N,N,Y,6,2026,1,N,None
CUST1002682,2,0,0,1,0,0,0,0,Y,N,N,6,2026,2,Y,HL
CUST1002683,0,0,0,1,0,0,0,0,N,N,N,6,2026,1,Y,SA
CUST1002684,0,0,0,1,3,0,0,0,N,N,Y,6,2026,2,N,None
CUST1002685,0,2,0,1,0,0,0,0,N,N,N,6,2026,2,Y,PL
CUST1002686,0,0,0,1,0,0,0,0,Y,N,Y,6,2026,1,Y,AL
CUST1002687,0,1,1,0,0,2,0,0,N,N,Y,6,2026,3,Y,MF
CUST1002688,0,0,0,1,0,0,0,0,N,N,Y,6,2026,1,Y,AL
CUST1002689,0,0,0,1,0,0,0,0,N,N,N,6,2026,1,N,None
CUST1002690,0,0,0,1,0,2,0,0,N,Y,Y,6,2026,2,N,None
CUST1002691,0,0,1,1,0,0,0,0,N,N,N,6,2026,2,Y,CC
CUST1002692,0,0,0,1,1,1,0,0,N,N,Y,6,2026,3,Y,SA
CUST1002693,0,0,0,1,0,0,0,0,N,N,N,6,2026,1,N,None
CUST1002694,0,2,1,1,0,1,0,0,N,N,N,6,2026,4,N,SA
CUST1002695,0,0,0,1,0,0,0,0,Y,N,Y,6,2026,1,Y,PL
CUST1002696,0,0,0,1,0,0,0,0,N,N,Y,6,2026,1,Y,CC
CUST1002697,0,2,0,1,2,1,0,0,N,N,N,6,2026,4,Y,AL
CUST1002698,0,2,0,1,2,0,0,0,N,N,N,6,2026,3,Y,AL
CUST1002699,0,0,0,1,3,0,0,0,N,N,Y,6,2026,2,N,None
CUST1002700,0,0,0,1,0,1,0,0,N,N,Y,6,2026,2,N,None
CUST1002701,0,0,0,1,2,0,0,0,N,N,N,6,2026,2,N,AL
CUST1002702,0,0,0,1,0,0,0,0,N,N,N,6,2026,1,N,None
CUST1002703,0,1,0,1,0,1,0,0,N,N,Y,6,2026,3,N,None
CUST1002704,0,0,0,1,1,0,0,0,N,N,N,6,2026,2,N,None
CUST1002705,0,0,0,1,0,2,0,0,N,N,Y,6,2026,2,N,None
CUST1002706,0,0,0,1,3,0,0,0,N,N,Y,6,2026,2,N,None
CUST1002707,0,0,0,1,2,0,0,0,N,N,Y,6,2026,2,N,None
CUST1002708,0,0,0,1,3,0,0,0,N,N,N,6,2026,2,Y,AL
CUST1002709,0,2,0,1,0,1,0,0,N,N,Y,6,2026,3,N,None
CUST1002710,0,0,0,1,1,0,0,0,N,N,Y,6,2026,2,N,None
CUST1002711,0,0,0,1,2,0,0,0,Y,N,N,6,2026,2,Y,RD
CUST1002712,0,0,0,1,0,0,1,0,N,N,Y,6,2026,2,Y,MF
CUST1002713,0,1,0,1,0,0,0,0,N,N,N,6,2026,2,N,None
CUST1002714,0,0,0,1,0,2,0,0,Y,N,N,6,2026,2,N,None
CUST1002715,0,2,0,1,0,2,0,0,Y,N,N,6,2026,3,N,None
CUST1002716,0,0,0,1,0,0,0,0,N,N,Y,6,2026,1,N,None
CUST1002717,0,1,0,1,0,0,0,0,N,N,Y,6,2026,2,Y,CC
CUST1002718,0,1,0,1,0,0,0,1,N,N,Y,6,2026,3,Y,HF
CUST1002719,0,1,0,1,0,0,0,1,N,N,Y,6,2026,3,Y,RD
CUST1002720,1,0,0,1,0,0,0,0,N,N,Y,6,2026,2,N,None
CUST1002721,0,2,0,1,0,0,0,0,N,N,Y,6,2026,2,Y,PL
CUST1002722,0,0,0,0,0,1,0,1,N,Y,Y,6,2026,2,Y,AL
CUST1002723,2,2,0,1,1,0,0,0,N,N,N,6,2026,4,N,CC
CUST1002724,0,2,0,1,0,0,0,0,N,N,Y,6,2026,2,N,None
CUST1002725,1,2,0,1,3,0,1,0,Y,N,Y,6,2026,5,Y,SA
CUST1002726,0,0,0,1,0,0,0,0,Y,N,N,6,2026,1,N,None
CUST1002727,0,1,0,0,1,0,1,0,N,N,Y,6,2026,3,N,None
CUST1002728,0,2,0,1,0,0,0,0,N,N,Y,6,2026,2,N,None
CUST1002729,0,0,0,1,0,0,0,0,N,N,Y,6,2026,1,N,None
CUST1002730,0,1,0,1,0,0,0,0,N,N,Y,6,2026,2,N,None
CUST1002731,0,0,1,1,1,0,0,0,N,N,Y,6,2026,3,N,None
CUST1002732,0,0,0,1,2,0,0,0,N,N,Y,6,2026,2,Y,PL
CUST1002733,2,0,1,0,0,0,0,0,Y,N,Y,6,2026,2,Y,AL
CUST1002734,0,2,1,1,3,1,0,0,N,N,Y,6,2026,5,N,CC
CUST1002735,0,0,0,1,2,0,0,0,N,N,Y,6,2026,2,Y,MF
CUST1002736,0,0,0,1,0,0,0,0,N,Y,N,6,2026,1,N,PL
CUST1002737,0,2,0,1,0,0,0,0,N,N,N,6,2026,2,N,None
CUST1002738,0,0,0,1,2,0,0,0,N,N,N,6,2026,2,N,None
CUST1002739,0,2,0,1,0,0,0,0,N,Y,N,6,2026,2,Y,RD
CUST1002740,0,1,0,1,1,1,0,1,N,N,Y,6,2026,5,Y,PL
CUST1002741,1,0,0,1,0,2,0,1,N,N,Y,6,2026,4,N,None
CUST1002742,0,1,0,1,1,0,0,0,N,N,Y,6,2026,3,Y,HF
CUST1002743,2,0,0,1,0,0,0,1,N,N,Y,6,2026,3,N,None
CUST1002744,0,0,0,1,0,2,0,0,N,N,Y,6,2026,2,Y,SA
CUST1002745,0,0,0,0,2,2,1,0,N,N,Y,6,2026,3,N,None
CUST1002746,2,0,0,1,0,0,0,0,N,N,N,6,2026,2,N,None
CUST1002747,0,0,0,1,0,1,0,0,Y,Y,Y,6,2026,2,N,None
CUST1002748,0,0,0,1,0,0,1,0,N,N,N,6,2026,2,N,None
CUST1002749,0,0,0,1,0,0,0,0,N,N,Y,6,2026,1,N,None
CUST1002750,0,0,0,1,0,0,0,0,N,N,N,6,2026,1,N,None
CUST1002751,0,1,0,1,0,2,0,0,Y,N,Y,6,2026,3,Y,RD
CUST1002752,0,2,0,0,1,1,0,0,N,N,N,6,2026,3,N,None
CUST1002753,0,0,0,1,0,0,0,0,N,N,N,6,2026,1,N,None
CUST1002754,0,0,0,1,2,0,0,0,N,N,N,6,2026,2,N,SA
CUST1002755,0,1,0,1,0,0,0,1,N,N,N,6,2026,3,Y,MF
CUST1002756,1,0,0,1,1,0,0,0,N,N,Y,6,2026,3,Y,HF
CUST1002757,0,2,0,1,0,0,0,0,N,N,Y,6,2026,2,Y,CC
CUST1002758,1,2,0,1,1,0,1,0,N,N,N,6,2026,5,N,None
CUST1002759,0,0,0,1,0,1,0,0,N,N,Y,6,2026,2,N,None
CUST1002760,0,0,0,1,0,0,1,0,N,N,N,6,2026,2,Y,HF
CUST1002761,0,2,0,1,3,0,1,0,N,N,Y,6,2026,4,N,None
CUST1002762,0,0,0,1,1,2,0,0,N,Y,Y,6,2026,3,N,None
CUST1002763,0,1,0,1,0,2,0,0,N,N,N,6,2026,3,Y,MF
CUST1002764,0,2,0,1,0,0,0,0,N,N,Y,6,2026,2,N,None
CUST1002765,0,0,0,1,0,1,0,0,N,N,Y,6,2026,2,N,MF
CUST1002766,0,0,0,1,0,1,0,1,Y,N,N,6,2026,3,Y,AL
CUST1002767,0,1,0,1,0,2,0,1,N,N,N,6,2026,4,Y,SA
CUST1002768,0,0,0,1,3,0,0,0,N,N,Y,6,2026,2,Y,CC
CUST1002769,0,2,0,1,0,0,0,0,N,N,N,6,2026,2,N,None
CUST1002770,0,0,0,1,2,0,0,0,N,N,N,6,2026,2,N,None
CUST1002771,1,0,0,1,0,0,0,0,N,N,Y,6,2026,2,N,None
CUST1002772,0,0,0,1,0,0,0,1,N,N,Y,6,2026,2,N,None
CUST1002773,0,1,0,1,3,0,0,0,N,N,Y,6,2026,3,Y,AL
CUST1002774,0,0,0,1,0,0,0,0,N,N,N,6,2026,1,N,None
CUST1002775,0,0,0,1,1,1,1,0,N,N,N,6,2026,4,N,None
CUST1002776,0,2,0,1,3,0,0,0,N,N,N,6,2026,3,Y,RD
CUST1002777,0,0,0,1,0,0,0,0,N,N,N,6,2026,1,N,AL
CUST1002778,0,0,0,1,0,0,0,0,N,N,Y,6,2026,1,N,None
CUST1002779,0,0,0,1,0,0,0,0,N,N,N,6,2026,1,N,None
CUST1002780,0,0,0,1,0,0,0,0,N,N,N,6,2026,1,Y,RD
CUST1002781,1,0,0,1,0,0,0,0,N,N,N,6,2026,2,Y,CC
CUST1002782,1,0,0,1,0,2,0,0,N,N,Y,6,2026,3,N,HL
CUST1002783,0,0,0,1,3,0,0,0,N,N,Y,6,2026,2,N,None
CUST1002784,2,0,0,1,0,0,0,0,Y,N,Y,6,2026,2,N,None
CUST1002785,1,2,0,1,1,0,0,0,N,N,Y,6,2026,4,N,None
CUST1002786,0,0,0,1,2,0,0,0,N,N,Y,6,2026,2,N,None
CUST1002787,0,0,0,1,0,0,0,0,N,N,Y,6,2026,1,N,HF
CUST1002788,0,0,0,1,0,0,0,0,N,N,Y,6,2026,1,Y,PL
CUST1002789,2,0,0,1,0,1,0,0,N,N,Y,6,2026,3,N,AL
CUST1002790,1,0,0,1,2,2,0,0,Y,Y,Y,6,2026,4,Y,HL
CUST1002791,0,0,0,1,2,0,1,0,N,N,Y,6,2026,3,Y,MF
CUST1002792,2,1,0,1,2,1,0,0,N,N,Y,6,2026,5,N,None
CUST1002793,0,0,0,1,0,0,0,0,Y,N,N,6,2026,1,Y,CC
CUST1002794,0,2,0,1,0,0,0,0,Y,N,N,6,2026,2,N,None
CUST1002795,0,2,0,1,0,0,0,0,Y,N,N,6,2026,2,N,None
CUST1002796,0,0,0,1,3,0,0,0,N,N,Y,6,2026,2,N,None
CUST1002797,0,1,0,1,0,0,0,0,N,N,Y,6,2026,2,N,SA
CUST1002798,0,1,0,1,0,0,0,1,Y,N,Y,6,2026,3,N,None
CUST1002799,0,0,0,1,0,0,0,0,N,N,Y,6,2026,1,Y,RD
CUST1002800,1,0,0,1,0,2,0,0,Y,N,Y,6,2026,3,N,None
CUST1002801,0,0,0,1,3,0,0,0,Y,N,N,6,2026,2,N,None
CUST1002802,0,0,1,0,0,1,0,0,N,N,Y,6,2026,2,Y,SA
CUST1002803,0,0,0,0,0,0,1,0,N,N,N,6,2026,1,N,None
CUST1002804,0,0,0,1,0,2,0,0,N,N,N,6,2026,2,N,None
CUST1002805,1,1,0,1,3,1,0,0,N,N,N,6,2026,5,N,None
CUST1002806,0,0,0,1,0,0,0,0,N,N,N,6,2026,1,N,None
CUST1002807,0,1,1,1,0,0,1,0,Y,N,N,6,2026,4,Y,CC
CUST1002808,1,1,0,1,0,0,0,0,N,N,N,6,2026,3,N,None
CUST1002809,0,0,0,1,0,0,0,0,N,N,N,6,2026,1,Y,PL
CUST1002810,0,0,0,1,3,0,0,0,N,N,N,6,2026,2,Y,PL
CUST1002811,0,2,1,1,0,1,0,0,N,N,Y,6,2026,4,N,None
CUST1002812,0,0,1,1,2,0,0,0,Y,N,Y,6,2026,3,N,None
CUST1002813,1,2,0,1,0,0,0,0,N,N,Y,6,2026,3,N,None
CUST1002814,0,2,0,1,0,0,0,0,N,N,Y,6,2026,2,Y,CC
CUST1002815,0,1,0,1,0,0,0,0,N,N,Y,6,2026,2,N,None
CUST1002816,0,2,0,1,0,2,0,0,N,N,Y,6,2026,3,N,None
CUST1002817,0,0,0,1,0,0,0,0,Y,N,Y,6,2026,1,N,None
CUST1002818,0,1,0,1,3,2,0,0,N,Y,Y,6,2026,4,Y,AL
CUST1002819,0,0,0,1,3,0,0,0,Y,N,N,6,2026,2,N,None
CUST1002820,0,0,0,1,2,0,0,1,N,N,Y,6,2026,3,N,None
CUST1002821,2,0,0,1,0,0,0,0,N,N,N,6,2026,2,Y,PL
CUST1002822,0,2,0,1,0,0,1,0,N,N,Y,6,2026,3,N,None
CUST1002823,2,0,0,1,0,0,0,0,N,N,N,6,2026,2,Y,CC
CUST1002824,0,2,0,1,0,0,0,1,N,N,Y,6,2026,3,Y,PL
CUST1002825,0,0,0,1,0,1,0,0,N,N,N,6,2026,2,N,None
CUST1002826,2,1,0,1,0,2,0,0,Y,N,N,6,2026,4,N,None
CUST1002827,0,1,0,1,0,0,0,0,N,N,Y,6,2026,2,N,None
CUST1002828,0,2,0,1,0,2,0,0,Y,N,Y,6,2026,3,N,None
CUST1002829,0,2,0,1,1,0,0,0,N,N,Y,6,2026,3,N,None
CUST1002830,0,0,0,1,0,2,1,0,N,N,Y,6,2026,3,N,None
CUST1002831,0,0,1,1,1,1,0,0,N,N,N,6,2026,4,Y,AL
CUST1002832,0,0,0,1,2,0,0,0,N,N,Y,6,2026,2,N,None
CUST1002833,0,0,0,1,0,0,0,0,N,N,N,6,2026,1,Y,SA
CUST1002834,0,0,0,1,0,0,0,0,N,N,N,6,2026,1,N,None
CUST1002835,1,0,0,1,0,1,0,0,N,N,N,6,2026,3,N,None
CUST1002836,1,0,0,1,0,0,0,0,N,N,N,6,2026,2,N,None
CUST1002837,0,0,0,1,0,0,0,0,N,N,Y,6,2026,1,N,None
CUST1002838,0,2,0,1,0,0,0,0,N,N,Y,6,2026,2,Y,PL
CUST1002839,0,1,0,1,0,1,0,0,N,N,N,6,2026,3,N,None
CUST1002840,0,0,0,1,1,0,0,0,N,N,N,6,2026,2,N,None
CUST1002841,0,1,0,1,0,2,0,0,N,N,Y,6,2026,3,Y,SA
CUST1002842,0,1,0,1,0,0,0,0,N,N,N,6,2026,2,Y,HL
CUST1002843,0,2,0,1,0,0,0,0,Y,N,Y,6,2026,2,Y,AL
CUST1002844,0,2,0,1,0,1,0,0,N,N,Y,6,2026,3,N,None
CUST1002845,0,1,0,1,0,0,0,0,N,N,N,6,2026,2,Y,AL
CUST1002846,0,0,0,1,0,0,0,0,N,N,N,6,2026,1,N,RD
CUST1002847,0,0,0,1,0,0,0,0,N,N,Y,6,2026,1,N,None
CUST1002848,0,0,0,0,1,2,0,0,N,N,N,6,2026,2,Y,CC
CUST1002849,0,2,0,1,0,0,0,0,N,N,Y,6,2026,2,N,None
CUST1002850,0,1,0,1,0,0,0,0,N,N,Y,6,2026,2,Y,CC
CUST1002851,0,0,0,1,0,0,0,0,N,N,N,6,2026,1,N,None
CUST1002852,0,0,0,1,0,2,0,0,N,N,Y,6,2026,2,N,None
CUST1002853,1,1,0,1,0,0,0,0,N,N,Y,6,2026,3,Y,MF
CUST1002854,0,0,0,1,1,0,0,0,Y,N,Y,6,2026,2,N,None
CUST1002855,0,0,0,1,0,0,0,1,N,N,Y,6,2026,2,N,None
CUST1002856,0,0,0,1,0,0,0,0,Y,N,N,6,2026,1,N,None
CUST1002857,0,0,0,1,0,1,0,0,N,N,Y,6,2026,2,N,None
CUST1002858,0,0,0,1,1,0,0,0,N,N,Y,6,2026,2,N,None
CUST1002859,0,0,0,1,0,0,0,0,N,N,Y,6,2026,1,N,None
CUST1002860,0,0,0,1,0,1,0,0,N,N,N,6,2026,2,N,None
CUST1002861,2,0,0,1,2,0,0,0,N,N,N,6,2026,3,Y,CC
CUST1002862,0,0,0,1,0,0,0,0,N,N,Y,6,2026,1,N,None
CUST1002863,0,2,0,1,0,2,0,1,N,N,N,6,2026,4,N,None
CUST1002864,0,2,0,1,0,0,0,0,N,N,N,6,2026,2,N,None
CUST1002865,1,0,0,1,0,0,0,0,N,Y,Y,6,2026,2,N,None
CUST1002866,0,0,0,1,0,0,0,0,N,N,Y,6,2026,1,N,None
CUST1002867,0,2,0,1,0,0,0,0,N,N,Y,6,2026,2,Y,PL
CUST1002868,0,1,0,1,0,0,0,0,N,N,Y,6,2026,2,N,None
CUST1002869,0,1,0,1,0,0,0,0,Y,Y,N,6,2026,2,Y,PL
CUST1002870,0,1,0,1,0,0,0,0,N,N,Y,6,2026,2,N,None
CUST1002871,0,0,0,1,0,0,0,0,N,N,Y,6,2026,1,Y,RD
CUST1002872,0,1,0,1,0,1,0,0,N,N,Y,6,2026,3,N,None
CUST1002873,1,1,0,1,0,0,0,0,N,N,N,6,2026,3,Y,CC
CUST1002874,0,0,0,1,0,0,0,0,N,N,Y,6,2026,1,N,None
CUST1002875,0,1,0,1,1,0,0,0,N,N,N,6,2026,3,Y,CC
CUST1002876,2,0,0,1,3,0,0,0,N,N,N,6,2026,3,N,None
CUST1002877,0,2,0,1,0,0,0,0,N,N,Y,6,2026,2,N,RD
CUST1002878,0,1,0,1,0,0,0,0,N,N,N,6,2026,2,N,None
CUST1002879,2,1,0,1,0,0,0,0,N,Y,Y,6,2026,3,N,None
CUST1002880,0,1,0,1,0,0,0,0,N,N,Y,6,2026,2,N,None
CUST1002881,1,0,0,1,0,0,0,0,N,N,Y,6,2026,2,N,None
CUST1002882,0,2,0,1,2,0,0,0,N,N,Y,6,2026,3,N,None
CUST1002883,0,0,0,1,1,0,1,0,Y,N,Y,6,2026,3,N,None
CUST1002884,0,0,0,1,0,2,0,0,N,N,Y,6,2026,2,Y,AL
CUST1002885,0,0,0,0,0,0,0,0,Y,N,N,6,2026,0,N,SA
CUST1002886,0,0,0,1,0,2,0,0,N,N,N,6,2026,2,Y,PL
CUST1002887,0,0,0,1,0,0,0,0,N,Y,N,6,2026,1,N,None
CUST1002888,0,2,0,1,0,0,1,0,N,N,N,6,2026,3,Y,HL
CUST1002889,0,0,0,1,1,0,0,0,N,N,N,6,2026,2,N,PL
CUST1002890,0,2,0,1,0,0,0,0,N,N,Y,6,2026,2,Y,SA
CUST1002891,0,0,0,1,0,0,0,0,N,N,N,6,2026,1,N,None
CUST1002892,2,1,0,1,0,0,1,0,N,N,Y,6,2026,4,N,None
CUST1002893,1,0,0,1,0,0,0,0,N,N,Y,6,2026,2,Y,CC
CUST1002894,0,0,0,1,0,1,0,0,N,N,N,6,2026,2,N,None
CUST1002895,0,0,0,1,0,0,0,0,Y,N,Y,6,2026,1,N,None
CUST1002896,0,1,0,1,0,0,0,0,N,N,Y,6,2026,2,N,MF
CUST1002897,2,0,0,1,0,1,0,0,N,N,N,6,2026,3,Y,RD
CUST1002898,0,1,0,0,0,0,0,0,N,N,N,6,2026,1,N,RD
CUST1002899,0,1,0,1,0,0,0,0,N,N,N,6,2026,2,N,None
CUST1002900,1,2,0,1,0,0,0,0,N,Y,Y,6,2026,3,Y,CC
CUST1002901,0,0,0,1,0,0,0,0,N,N,N,6,2026,1,Y,CC
CUST1002902,1,1,0,1,0,1,0,0,N,N,N,6,2026,4,Y,HL
CUST1002903,0,2,0,1,0,0,0,0,N,N,Y,6,2026,2,Y,CC
CUST1002904,0,0,0,1,0,1,0,0,N,N,Y,6,2026,2,N,None
CUST1002905,2,2,0,1,0,0,0,0,Y,N,N,6,2026,3,Y,AL
CUST1002906,0,0,1,1,0,2,0,0,N,N,Y,6,2026,3,Y,RD
CUST1002907,0,0,0,1,2,0,0,0,Y,Y,Y,6,2026,2,N,None
CUST1002908,2,2,0,1,0,1,0,0,Y,N,N,6,2026,4,N,None
CUST1002909,1,0,0,1,0,0,0,0,N,N,Y,6,2026,2,Y,AL
CUST1002910,0,0,0,1,1,2,0,0,N,N,N,6,2026,3,Y,CC
CUST1002911,0,0,0,1,0,0,0,0,N,N,N,6,2026,1,Y,SA
CUST1002912,0,1,0,1,0,2,0,0,N,N,N,6,2026,3,N,None
CUST1002913,0,1,0,1,0,0,0,0,N,N,N,6,2026,2,N,None
CUST1002914,1,1,0,1,0,0,0,0,N,N,Y,6,2026,3,Y,CC
CUST1002915,0,1,0,1,0,2,0,1,N,N,N,6,2026,4,N,None
CUST1002916,0,0,0,1,0,0,0,0,Y,N,Y,6,2026,1,Y,SA
CUST1002917,1,1,0,1,0,0,0,0,N,N,N,6,2026,3,N,CC
CUST1002918,0,0,0,1,0,0,0,0,N,N,Y,6,2026,1,N,None
CUST1002919,0,0,0,1,0,2,0,0,N,N,N,6,2026,2,Y,AL
CUST1002920,0,2,0,1,2,0,0,0,Y,N,N,6,2026,3,N,None
CUST1002921,0,0,0,1,0,0,0,0,N,N,Y,6,2026,1,N,None
CUST1002922,0,0,0,1,0,0,0,0,N,N,N,6,2026,1,N,HF
CUST1002923,0,0,0,1,3,0,0,0,N,N,N,6,2026,2,N,None
CUST1002924,0,1,0,1,3,2,0,1,N,Y,N,6,2026,5,N,None
CUST1002925,0,0,1,1,0,0,0,0,N,N,Y,6,2026,2,Y,PL
CUST1002926,0,0,0,1,0,0,0,0,N,N,Y,6,2026,1,N,None
CUST1002927,0,0,0,1,0,0,0,0,Y,N,Y,6,2026,1,N,CC
CUST1002928,0,2,0,1,0,0,0,0,N,N,Y,6,2026,2,N,None
CUST1002929,0,1,0,1,3,1,0,1,N,N,N,6,2026,5,Y,HL
CUST1002930,0,0,0,1,0,0,0,0,N,N,Y,6,2026,1,N,None
CUST1002931,0,0,0,1,1,0,0,0,N,N,Y,6,2026,2,N,None
CUST1002932,0,0,0,1,0,0,0,0,N,N,N,6,2026,1,Y,CC
CUST1002933,0,0,0,1,0,0,0,0,N,N,Y,6,2026,1,N,None
CUST1002934,0,1,0,1,0,0,1,0,N,N,N,6,2026,3,N,HF
CUST1002935,0,0,0,1,0,0,0,0,N,N,Y,6,2026,1,N,None
CUST1002936,0,0,0,1,3,0,0,0,N,N,N,6,2026,2,N,None
CUST1002937,2,1,0,0,0,0,0,0,N,N,N,6,2026,2,Y,SA
CUST1002938,0,1,0,1,0,2,0,0,N,N,Y,6,2026,3,N,None
CUST1002939,0,2,0,1,0,0,0,0,N,N,Y,6,2026,2,N,None
CUST1002940,0,1,0,1,2,2,0,0,N,N,N,6,2026,4,N,SA
CUST1002941,0,0,0,1,0,0,0,0,Y,N,N,6,2026,1,Y,RD
CUST1002942,0,0,0,1,0,1,0,0,N,N,N,6,2026,2,Y,SA
CUST1002943,1,0,0,1,0,1,0,0,N,N,Y,6,2026,3,N,None
CUST1002944,0,0,0,1,0,0,0,0,N,N,N,6,2026,1,Y,AL
CUST1002945,0,1,0,1,2,0,0,0,Y,N,N,6,2026,3,N,None
CUST1002946,0,1,0,1,0,0,0,0,N,Y,N,6,2026,2,N,None
CUST1002947,0,0,0,1,0,0,0,1,N,N,Y,6,2026,2,N,None
CUST1002948,0,1,0,1,0,0,0,0,Y,N,N,6,2026,2,N,None
CUST1002949,0,1,0,1,0,2,0,0,N,N,N,6,2026,3,Y,PL
CUST1002950,0,1,0,1,0,1,0,0,Y,N,N,6,2026,3,N,None
CUST1002951,1,0,0,1,0,0,1,0,N,N,Y,6,2026,3,N,None
CUST1002952,0,2,0,1,0,0,0,0,N,N,Y,6,2026,2,N,None
CUST1002953,0,0,0,1,3,0,0,0,N,N,Y,6,2026,2,Y,PL
CUST1002954,0,0,0,1,0,0,0,0,N,N,N,6,2026,1,Y,MF
CUST1002955,0,1,0,1,0,0,0,0,N,N,N,6,2026,2,N,None
CUST1002956,0,0,0,1,0,0,0,0,N,N,Y,6,2026,1,N,HF
CUST1002957,1,1,0,1,0,0,0,1,N,N,Y,6,2026,4,N,None
CUST1002958,0,2,0,1,0,2,1,0,N,N,N,6,2026,4,Y,AL
CUST1002959,0,0,0,1,0,0,0,0,N,N,N,6,2026,1,Y,MF
CUST1002960,0,0,0,1,2,1,0,0,N,N,Y,6,2026,3,Y,HF
CUST1002961,2,0,0,1,0,0,0,0,N,N,N,6,2026,2,Y,SA
CUST1002962,1,0,0,1,0,0,0,0,N,N,N,6,2026,2,Y,MF
CUST1002963,0,0,0,1,2,0,0,1,Y,N,Y,6,2026,3,N,None
CUST1002964,0,0,0,1,3,0,0,0,N,N,N,6,2026,2,N,None
CUST1002965,0,0,0,1,2,2,0,1,N,N,N,6,2026,4,Y,CC
CUST1002966,1,0,0,1,0,0,0,0,N,N,Y,6,2026,2,Y,AL
CUST1002967,0,1,1,0,0,0,0,0,N,N,N,6,2026,2,N,None
CUST1002968,0,1,0,1,0,1,0,0,N,N,Y,6,2026,3,Y,CC
CUST1002969,0,0,0,1,0,1,0,1,N,N,Y,6,2026,3,Y,RD
CUST1002970,0,0,0,1,0,0,1,0,Y,N,N,6,2026,2,N,None
CUST1002971,0,0,0,1,0,0,0,0,N,N,Y,6,2026,1,N,None
CUST1002972,2,0,0,1,0,0,0,0,N,N,Y,6,2026,2,N,None
CUST1002973,0,0,0,1,0,1,0,0,N,N,N,6,2026,2,Y,HF
CUST1002974,1,1,0,1,0,0,0,0,N,N,Y,6,2026,3,N,None
CUST1002975,0,0,0,1,0,0,0,1,N,N,Y,6,2026,2,N,None
CUST1002976,0,1,0,1,1,0,0,0,N,N,Y,6,2026,3,Y,MF
CUST1002977,2,1,0,1,0,2,0,0,N,Y,Y,6,2026,4,Y,AL
CUST1002978,0,2,0,1,0,1,0,0,N,N,Y,6,2026,3,N,RD
CUST1002979,0,0,0,1,0,0,1,0,N,N,N,6,2026,2,Y,SA
CUST1002980,0,0,0,1,0,0,1,0,N,N,Y,6,2026,2,Y,AL
CUST1002981,0,1,0,1,1,1,0,0,N,N,Y,6,2026,4,Y,PL
CUST1002982,0,0,0,1,0,0,0,0,N,N,Y,6,2026,1,N,None
CUST1002983,0,0,0,1,0,0,0,0,N,N,Y,6,2026,1,Y,CC
CUST1002984,0,2,0,1,0,0,0,0,N,N,Y,6,2026,2,N,None
CUST1002985,0,1,0,1,0,0,0,0,Y,N,N,6,2026,2,Y,RD
CUST1002986,0,0,0,1,1,0,0,0,N,N,N,6,2026,2,N,None
CUST1002987,0,0,0,1,2,0,0,0,Y,N,N,6,2026,2,N,None
CUST1002988,0,0,0,1,3,0,0,0,N,Y,Y,6,2026,2,N,CC
CUST1002989,0,0,0,1,0,0,0,0,Y,N,N,6,2026,1,N,None
CUST1002990,0,0,0,1,0,0,0,0,N,N,N,6,2026,1,N,None
CUST1002991,0,1,0,1,0,0,0,0,N,N,N,6,2026,2,N,None
CUST1002992,0,0,0,1,0,1,1,0,N,N,Y,6,2026,3,N,None
CUST1002993,0,0,0,1,0,0,0,0,N,N,Y,6,2026,1,Y,RD
CUST1002994,0,0,0,1,3,2,0,0,N,N,Y,6,2026,3,Y,PL
CUST1002995,0,2,0,1,1,0,0,0,N,N,N,6,2026,3,Y,SA
CUST1002996,0,1,0,1,0,0,1,0,Y,N,N,6,2026,3,N,None
CUST1002997,0,2,0,1,2,0,0,0,N,N,N,6,2026,3,Y,RD
CUST1002998,0,0,0,1,0,0,0,0,N,N,Y,6,2026,1,N,None
CUST1002999,0,0,0,1,0,0,0,0,N,N,N,6,2026,1,N,None
CUST1003000,0,2,0,1,0,2,0,0,N,N,Y,6,2026,3,N,SA
CUST1003001,0,0,0,0,0,0,0,0,N,N,Y,6,2026,0,N,None
CUST1003002,0,0,0,1,0,0,0,0,N,N,N,6,2026,1,N,None
CUST1003003,0,0,0,1,1,0,1,0,N,N,Y,6,2026,3,N,None
CUST1003004,0,1,0,1,0,0,0,0,N,N,N,6,2026,2,Y,SA
CUST1003005,0,0,1,1,0,2,0,0,N,N,N,6,2026,3,N,None
CUST1003006,0,0,0,1,0,0,0,0,N,N,Y,6,2026,1,Y,HL
CUST1003007,0,0,0,1,0,1,0,0,N,N,N,6,2026,2,N,None
CUST1003008,0,0,0,1,0,0,0,0,N,N,Y,6,2026,1,N,None
CUST1003009,2,0,0,1,0,0,0,0,N,N,N,6,2026,2,N,None
CUST1003010,0,0,0,0,0,1,1,1,N,N,Y,6,2026,3,N,None
CUST1003011,0,0,0,1,0,2,0,1,N,N,N,6,2026,3,Y,SA
CUST1003012,0,0,0,0,0,0,0,0,Y,N,N,6,2026,0,Y,SA
CUST1003013,2,0,0,1,0,0,0,0,N,N,N,6,2026,2,N,None
CUST1003014,0,2,0,1,0,0,0,0,N,N,N,6,2026,2,Y,SA
CUST1003015,0,0,0,1,0,0,0,0,N,N,Y,6,2026,1,Y,CC
CUST1003016,0,0,0,1,0,0,0,0,Y,N,Y,6,2026,1,N,None
CUST1003017,0,0,0,1,0,0,0,0,N,N,Y,6,2026,1,N,None
CUST1003018,1,0,0,1,3,0,0,0,N,N,Y,6,2026,3,Y,RD
CUST1003019,0,0,0,1,3,0,0,1,N,N,Y,6,2026,3,Y,AL
CUST1003020,0,2,0,1,3,0,0,0,N,N,Y,6,2026,3,Y,MF
CUST1003021,0,0,0,1,1,0,0,0,N,N,N,6,2026,2,Y,MF
CUST1003022,0,2,0,1,0,1,0,1,N,N,N,6,2026,4,N,None
CUST1003023,0,0,0,1,0,0,0,0,N,N,N,6,2026,1,N,None
CUST1003024,1,1,0,1,0,0,1,0,N,N,N,6,2026,4,N,None
CUST1003025,0,0,0,1,2,0,0,0,Y,N,Y,6,2026,2,Y,RD
CUST1003026,0,1,0,1,0,2,0,0,N,N,Y,6,2026,3,N,None
CUST1003027,0,0,0,1,0,1,0,0,Y,N,N,6,2026,2,N,MF
CUST1003028,0,1,0,1,2,2,0,1,N,N,Y,6,2026,5,N,None
CUST1003029,0,1,0,1,0,0,1,0,Y,N,N,6,2026,3,N,None
CUST1003030,0,2,0,1,0,0,0,0,Y,N,Y,6,2026,2,Y,SA
CUST1003031,0,2,0,1,0,0,1,0,Y,N,Y,6,2026,3,Y,RD
CUST1003032,0,2,0,1,2,2,1,0,Y,N,Y,6,2026,5,Y,CC
CUST1003033,0,0,0,1,0,2,0,0,N,N,N,6,2026,2,N,None
CUST1003034,0,2,0,1,0,0,0,0,N,N,Y,6,2026,2,Y,MF
CUST1003035,0,0,0,1,0,0,0,0,N,N,Y,6,2026,1,Y,SA
CUST1003036,0,0,0,1,0,1,0,0,N,N,Y,6,2026,2,Y,CC
CUST1003037,0,0,0,1,3,2,0,0,N,N,Y,6,2026,3,Y,PL
CUST1003038,0,0,0,1,0,0,0,0,N,N,Y,6,2026,1,Y,MF
CUST1003039,0,2,0,1,0,0,1,0,N,N,N,6,2026,3,N,None
CUST1003040,0,1,0,1,0,0,0,0,N,N,Y,6,2026,2,N,None
CUST1003041,0,0,0,1,0,0,0,0,N,N,N,6,2026,1,N,None
CUST1003042,0,0,0,1,0,0,0,0,N,N,Y,6,2026,1,Y,AL
CUST1003043,2,0,0,1,0,0,0,0,N,N,N,6,2026,2,N,None
CUST1003044,0,2,0,1,0,0,0,0,Y,N,N,6,2026,2,N,None
CUST1003045,1,0,0,1,0,0,0,0,N,N,Y,6,2026,2,Y,CC
CUST1003046,0,0,0,0,3,0,1,0,N,N,N,6,2026,2,N,None
CUST1003047,0,0,0,0,0,0,0,0,N,N,N,6,2026,0,N,None
CUST1003048,2,0,0,1,1,0,0,0,N,N,Y,6,2026,3,N,None
CUST1003049,0,0,0,1,0,0,0,0,Y,N,N,6,2026,1,N,RD
CUST1003050,0,2,0,1,0,0,0,0,N,N,N,6,2026,2,N,None
CUST1003051,0,0,0,1,0,0,0,0,N,N,Y,6,2026,1,N,None
CUST1003052,0,0,0,1,0,0,0,0,N,N,N,6,2026,1,N,None
CUST1003053,0,0,0,1,0,2,0,0,Y,N,Y,6,2026,2,Y,MF
CUST1003054,0,1,0,1,0,0,0,1,N,N,N,6,2026,3,N,None
CUST1003055,1,1,0,1,0,0,0,0,Y,N,Y,6,2026,3,N,None
CUST1003056,0,0,0,1,0,0,0,0,N,N,Y,6,2026,1,N,None
CUST1003057,0,0,0,1,0,0,0,0,N,N,N,6,2026,1,N,None
CUST1003058,0,0,0,1,3,1,0,0,Y,N,N,6,2026,3,N,CC
CUST1003059,0,0,0,0,0,0,0,1,N,N,N,6,2026,1,Y,CC
CUST1003060,0,2,0,1,0,1,0,0,N,N,Y,6,2026,3,Y,MF
CUST1003061,2,0,0,1,0,0,0,0,N,N,N,6,2026,2,Y,AL
CUST1003062,0,0,0,1,0,0,1,0,N,N,Y,6,2026,2,N,None
CUST1003063,0,0,0,1,0,0,0,0,N,N,Y,6,2026,1,Y,HL
CUST1003064,0,0,0,1,0,0,0,0,Y,N,Y,6,2026,1,N,None
CUST1003065,0,1,0,1,0,1,0,0,N,N,Y,6,2026,3,N,None
CUST1003066,0,0,0,1,0,0,0,0,N,N,Y,6,2026,1,N,None
CUST1003067,2,0,0,1,0,0,0,0,N,N,N,6,2026,2,N,None
CUST1003068,0,1,0,1,0,0,0,0,N,N,N,6,2026,2,N,None
CUST1003069,2,0,0,1,0,2,0,0,N,N,Y,6,2026,3,N,None
CUST1003070,0,0,0,1,0,0,0,0,Y,N,N,6,2026,1,Y,AL
CUST1003071,1,0,0,1,0,0,0,1,N,N,N,6,2026,3,N,None
CUST1003072,1,0,0,1,0,0,0,0,N,N,Y,6,2026,2,Y,MF
CUST1003073,0,0,0,1,0,0,0,0,N,N,N,6,2026,1,Y,CC
CUST1003074,0,0,0,1,0,0,0,0,Y,N,Y,6,2026,1,N,None
CUST1003075,0,0,0,0,0,0,0,0,N,N,Y,6,2026,0,N,None
CUST1003076,0,0,0,1,0,2,0,1,N,N,Y,6,2026,3,Y,RD
CUST1003077,0,0,0,1,0,0,0,0,N,N,Y,6,2026,1,N,None
CUST1003078,0,2,0,1,0,0,0,0,N,N,Y,6,2026,2,N,AL
CUST1003079,1,0,0,1,3,0,0,0,N,N,N,6,2026,3,Y,SA
CUST1003080,1,0,0,1,0,1,0,0,N,N,Y,6,2026,3,N,None
CUST1003081,0,0,0,1,0,0,0,0,N,N,Y,6,2026,1,Y,AL
CUST1003082,2,2,0,1,0,0,0,0,N,Y,Y,6,2026,3,N,None
CUST1003083,0,0,0,1,0,0,0,0,N,Y,N,6,2026,1,N,None
CUST1003084,0,2,0,1,0,1,0,0,N,N,Y,6,2026,3,N,None
CUST1003085,0,1,0,1,0,1,0,0,N,N,N,6,2026,3,N,None
CUST1003086,0,0,0,0,0,1,0,0,N,N,Y,6,2026,1,N,None
CUST1003087,0,2,0,1,0,0,0,0,N,N,N,6,2026,2,Y,AL
CUST1003088,0,0,0,1,0,0,0,0,Y,N,N,6,2026,1,Y,MF
CUST1003089,0,0,0,1,0,0,0,0,Y,N,Y,6,2026,1,N,None
CUST1003090,0,1,0,1,0,2,0,0,N,N,Y,6,2026,3,N,AL
CUST1003091,0,0,0,1,0,2,0,0,Y,N,N,6,2026,2,Y,RD
CUST1003092,0,0,0,1,2,0,0,0,N,N,N,6,2026,2,N,PL
CUST1003093,2,0,0,0,0,0,0,0,N,N,Y,6,2026,1,Y,MF
CUST1003094,1,0,0,1,0,0,0,0,N,N,N,6,2026,2,Y,AL
CUST1003095,0,0,0,1,0,0,0,0,N,N,N,6,2026,1,N,None
CUST1003096,0,1,0,0,2,0,0,0,N,N,N,6,2026,2,Y,MF
CUST1003097,0,2,0,1,0,0,0,1,N,N,N,6,2026,3,N,AL
CUST1003098,0,0,0,1,0,0,0,1,N,N,Y,6,2026,2,N,PL
CUST1003099,1,0,0,1,0,0,0,0,Y,N,Y,6,2026,2,N,None
CUST1003100,0,0,0,1,2,0,0,0,N,N,Y,6,2026,2,N,None
CUST1003101,0,0,0,1,0,2,0,0,Y,N,N,6,2026,2,N,None
CUST1003102,0,0,0,1,0,0,0,0,Y,N,Y,6,2026,1,Y,CC
CUST1003103,0,0,0,1,0,1,0,0,N,N,Y,6,2026,2,N,None
CUST1003104,0,0,0,1,0,0,0,0,N,N,N,6,2026,1,Y,SA
CUST1003105,0,1,0,1,0,2,0,0,N,N,Y,6,2026,3,N,None
CUST1003106,0,1,0,1,0,0,0,0,N,N,N,6,2026,2,N,None
CUST1003107,0,0,0,1,0,0,0,0,N,N,N,6,2026,1,Y,SA
CUST1003108,0,2,0,1,0,0,0,1,N,Y,N,6,2026,3,N,None
CUST1003109,0,0,1,1,0,0,0,0,N,N,Y,6,2026,2,N,None
CUST1003110,0,0,0,1,0,0,0,0,Y,N,N,6,2026,1,N,None
CUST1003111,0,0,0,1,0,0,0,0,N,N,Y,6,2026,1,N,None
CUST1003112,2,0,0,1,0,0,0,0,N,N,N,6,2026,2,N,None
CUST1003113,0,2,0,1,0,0,0,0,N,N,Y,6,2026,2,Y,PL
CUST1003114,0,0,0,1,0,0,0,0,Y,N,N,6,2026,1,Y,SA
CUST1003115,0,0,0,1,0,0,0,0,N,N,Y,6,2026,1,Y,PL
CUST1003116,0,2,0,1,0,2,0,0,N,N,Y,6,2026,3,N,None
CUST1003117,2,0,0,1,0,2,0,0,N,N,N,6,2026,3,N,None
CUST1003118,0,0,0,1,0,2,0,0,Y,N,Y,6,2026,2,N,None
CUST1003119,1,1,0,1,0,0,0,0,N,N,N,6,2026,3,N,None
CUST1003120,0,1,0,1,3,0,0,0,N,N,Y,6,2026,3,Y,CC
CUST1003121,0,0,0,1,0,0,0,0,Y,Y,N,6,2026,1,N,None
CUST1003122,0,1,1,1,0,0,1,0,N,N,N,6,2026,4,Y,AL
CUST1003123,0,0,0,1,0,1,0,0,N,N,N,6,2026,2,Y,CC
CUST1003124,0,1,0,1,0,1,0,0,N,N,Y,6,2026,3,Y,MF
CUST1003125,0,0,0,1,0,0,0,1,N,N,Y,6,2026,2,N,None
CUST1003126,0,1,0,1,3,0,1,0,N,N,Y,6,2026,4,N,None
CUST1003127,0,1,0,1,3,0,0,0,Y,N,N,6,2026,3,Y,AL
CUST1003128,0,1,0,0,0,0,0,0,N,N,N,6,2026,1,N,None
CUST1003129,0,0,0,1,0,0,0,0,N,N,N,6,2026,1,N,None
CUST1003130,0,1,0,1,0,0,0,0,N,N,N,6,2026,2,N,None
CUST1003131,0,2,0,1,0,1,0,0,N,N,N,6,2026,3,Y,HL
CUST1003132,0,1,0,1,0,0,1,0,N,N,Y,6,2026,3,N,None
CUST1003133,0,0,0,1,0,1,0,0,N,N,Y,6,2026,2,N,None
CUST1003134,0,0,0,1,0,0,0,0,N,N,Y,6,2026,1,N,CC
CUST1003135,0,0,0,1,0,0,0,0,N,N,Y,6,2026,1,N,None
CUST1003136,0,0,0,1,0,0,0,0,Y,N,N,6,2026,1,Y,RD
CUST1003137,0,0,0,1,0,0,0,0,N,N,N,6,2026,1,Y,RD
CUST1003138,0,2,0,1,0,0,0,0,Y,N,N,6,2026,2,N,None
CUST1003139,2,1,0,1,0,0,0,0,N,N,N,6,2026,3,N,None
CUST1003140,0,0,0,1,0,1,0,0,N,N,Y,6,2026,2,Y,AL
CUST1003141,0,0,0,1,0,0,0,0,N,N,Y,6,2026,1,Y,SA
CUST1003142,0,0,0,1,0,2,0,0,N,N,N,6,2026,2,N,None
CUST1003143,2,2,0,1,1,0,0,0,Y,N,N,6,2026,4,N,None
CUST1003144,0,1,0,1,0,0,0,0,Y,N,N,6,2026,2,N,None
CUST1003145,0,0,0,1,0,0,0,0,N,N,N,6,2026,1,N,None
CUST1003146,1,0,0,1,0,2,0,0,N,N,Y,6,2026,3,Y,RD
CUST1003147,0,1,0,1,0,0,0,0,N,N,Y,6,2026,2,Y,RD
CUST1003148,1,0,0,1,0,0,0,0,Y,N,Y,6,2026,2,N,None
CUST1003149,0,1,0,1,0,1,0,0,N,N,N,6,2026,3,Y,PL
CUST1003150,0,0,0,1,0,0,0,0,Y,N,Y,6,2026,1,Y,CC
CUST1003151,0,0,0,1,0,0,0,0,N,N,N,6,2026,1,Y,CC
CUST1003152,1,1,0,1,3,0,0,0,N,N,Y,6,2026,4,N,None
CUST1003153,0,0,0,0,0,0,0,0,N,N,Y,6,2026,0,N,None
CUST1003154,2,0,0,1,0,2,0,0,N,N,Y,6,2026,3,N,None
CUST1003155,2,0,0,1,0,2,0,0,N,N,Y,6,2026,3,Y,RD
CUST1003156,0,0,0,1,0,0,0,0,N,N,N,6,2026,1,Y,AL
CUST1003157,1,0,0,1,3,2,0,0,Y,N,Y,6,2026,4,Y,CC
CUST1003158,0,1,0,1,1,0,0,0,N,N,N,6,2026,3,Y,AL
CUST1003159,0,0,0,1,0,0,0,0,N,N,Y,6,2026,1,Y,HL
CUST1003160,0,1,0,1,0,0,0,0,N,N,Y,6,2026,2,N,AL
CUST1003161,2,0,0,1,0,0,0,1,N,N,N,6,2026,3,N,CC
CUST1003162,0,0,0,1,0,0,0,0,N,N,Y,6,2026,1,Y,SA
CUST1003163,0,1,0,1,0,0,0,0,Y,N,Y,6,2026,2,Y,CC
CUST1003164,0,0,1,1,0,0,0,0,N,N,Y,6,2026,2,N,None
CUST1003165,0,0,0,1,0,0,0,0,N,N,N,6,2026,1,N,None
CUST1003166,0,0,0,1,0,0,1,0,N,N,Y,6,2026,2,Y,MF
CUST1003167,0,1,0,1,3,0,0,0,N,N,Y,6,2026,3,N,None
CUST1003168,1,0,0,0,0,0,0,0,N,N,Y,6,2026,1,N,None
CUST1003169,0,0,0,1,3,0,0,0,N,N,Y,6,2026,2,N,None
CUST1003170,0,2,0,1,1,0,0,0,N,N,N,6,2026,3,N,RD
CUST1003171,0,0,0,1,0,0,0,0,N,N,N,6,2026,1,Y,SA
CUST1003172,0,2,0,1,0,2,0,0,N,N,Y,6,2026,3,Y,RD
CUST1003173,0,0,0,1,0,0,0,0,Y,N,Y,6,2026,1,N,None
CUST1003174,0,0,0,1,0,0,0,0,N,N,N,6,2026,1,Y,RD
CUST1003175,0,0,0,1,3,0,0,0,N,N,Y,6,2026,2,Y,CC
CUST1003176,0,2,0,1,0,0,0,0,N,Y,Y,6,2026,2,N,None
CUST1003177,0,0,0,1,0,1,0,0,N,N,Y,6,2026,2,N,None
CUST1003178,0,0,0,1,0,0,0,0,Y,N,Y,6,2026,1,N,None
CUST1003179,0,2,0,1,1,0,0,0,N,N,Y,6,2026,3,N,None
CUST1003180,0,0,0,0,0,2,0,0,N,N,Y,6,2026,1,N,None
CUST1003181,0,1,0,1,0,0,0,0,N,N,N,6,2026,2,Y,AL
CUST1003182,2,0,0,1,3,0,0,0,N,N,N,6,2026,3,Y,CC
CUST1003183,0,2,0,1,3,0,0,0,N,N,N,6,2026,3,Y,AL
CUST1003184,0,2,1,1,0,2,0,0,N,N,Y,6,2026,4,Y,HL
CUST1003185,0,0,0,1,1,0,0,0,N,N,Y,6,2026,2,N,PL
CUST1003186,0,1,0,1,0,0,0,0,N,N,Y,6,2026,2,N,None
CUST1003187,0,0,0,1,0,0,0,0,N,N,Y,6,2026,1,N,None
CUST1003188,0,2,0,1,0,0,0,0,N,N,Y,6,2026,2,Y,AL
CUST1003189,0,0,0,1,2,0,0,0,N,N,N,6,2026,2,N,None
CUST1003190,0,1,0,1,0,2,0,0,N,N,Y,6,2026,3,Y,AL
CUST1003191,0,0,0,1,0,0,0,0,N,N,N,6,2026,1,N,AL
CUST1003192,0,0,1,1,1,1,0,0,N,N,N,6,2026,4,Y,RD
CUST1003193,0,0,0,1,0,0,0,0,N,N,Y,6,2026,1,N,None
CUST1003194,0,0,0,0,0,2,0,0,N,N,N,6,2026,1,Y,SA
CUST1003195,0,0,1,1,0,0,0,0,N,N,N,6,2026,2,N,None
CUST1003196,0,0,0,1,0,1,0,0,N,N,N,6,2026,2,N,None
CUST1003197,0,2,0,1,1,2,0,0,N,N,Y,6,2026,4,N,HL
CUST1003198,1,0,0,1,0,0,0,0,N,N,Y,6,2026,2,Y,PL
CUST1003199,1,0,0,1,0,0,0,0,N,N,Y,6,2026,2,N,None
CUST1003200,0,0,0,1,0,0,0,0,N,N,Y,6,2026,1,N,None
CUST1003201,0,0,0,1,2,1,0,1,N,N,Y,6,2026,4,N,None
CUST1003202,1,0,0,1,2,1,0,0,N,N,Y,6,2026,4,N,None
CUST1003203,0,1,1,1,0,0,0,0,N,N,N,6,2026,3,N,None
CUST1003204,0,0,0,1,0,0,0,0,N,N,Y,6,2026,1,Y,CC
CUST1003205,0,0,0,1,2,0,0,0,N,N,Y,6,2026,2,Y,AL
CUST1003206,0,0,0,1,0,0,0,0,N,Y,Y,6,2026,1,N,None
CUST1003207,0,0,0,1,1,1,0,0,N,Y,Y,6,2026,3,N,None
CUST1003208,0,0,0,1,0,0,0,1,N,N,Y,6,2026,2,Y,PL
CUST1003209,0,2,0,1,0,0,0,0,N,Y,Y,6,2026,2,N,None
CUST1003210,0,1,0,1,0,0,1,0,Y,N,Y,6,2026,3,Y,RD
CUST1003211,1,0,0,1,0,2,0,1,Y,N,Y,6,2026,4,N,None
CUST1003212,0,0,0,1,3,0,0,0,Y,N,Y,6,2026,2,Y,PL
CUST1003213,2,1,0,1,0,2,1,0,N,N,N,6,2026,5,N,None
CUST1003214,1,2,0,1,3,2,0,0,N,N,Y,6,2026,5,N,None
CUST1003215,0,1,0,1,3,0,0,0,N,N,Y,6,2026,3,N,None
CUST1003216,0,2,0,1,0,0,0,0,N,N,N,6,2026,2,N,None
CUST1003217,0,0,0,1,3,0,0,0,N,N,N,6,2026,2,N,None
CUST1003218,0,0,0,1,0,2,0,0,N,N,N,6,2026,2,N,HF
CUST1003219,0,0,1,1,0,0,0,0,N,N,N,6,2026,2,N,None
CUST1003220,0,2,0,1,0,0,0,0,Y,N,N,6,2026,2,Y,AL
CUST1003221,2,2,0,1,0,0,0,0,N,N,N,6,2026,3,N,None
CUST1003222,0,1,0,1,0,0,0,0,Y,N,N,6,2026,2,N,None
CUST1003223,0,1,0,1,0,0,0,0,Y,N,Y,6,2026,2,N,None
CUST1003224,0,0,0,1,0,2,0,0,Y,N,Y,6,2026,2,N,None
CUST1003225,0,0,0,1,0,0,0,0,N,N,Y,6,2026,1,N,None
CUST1003226,2,0,0,1,1,1,0,0,N,N,N,6,2026,4,Y,PL
CUST1003227,0,0,0,1,0,0,0,0,Y,N,N,6,2026,1,Y,PL
CUST1003228,2,2,0,1,0,1,0,0,N,N,Y,6,2026,4,Y,SA
CUST1003229,0,0,0,1,0,2,0,0,N,N,N,6,2026,2,Y,SA
CUST1003230,1,0,0,1,2,0,0,0,N,N,Y,6,2026,3,N,None
CUST1003231,0,0,0,1,1,1,0,0,N,N,N,6,2026,3,Y,AL
CUST1003232,0,0,0,1,0,0,0,0,N,N,N,6,2026,1,N,None
CUST1003233,1,1,1,1,0,0,0,0,Y,N,N,6,2026,4,N,None
CUST1003234,0,0,0,1,0,0,0,0,N,N,Y,6,2026,1,N,None
CUST1003235,2,0,0,1,0,0,0,0,N,N,Y,6,2026,2,Y,SA
CUST1003236,0,0,1,1,2,0,0,0,N,N,Y,6,2026,3,N,None
CUST1003237,0,0,0,1,0,0,0,1,N,N,Y,6,2026,2,Y,SA
CUST1003238,0,0,0,1,0,0,0,0,N,N,Y,6,2026,1,Y,MF
CUST1003239,0,0,0,1,1,0,0,0,N,Y,N,6,2026,2,N,None
CUST1003240,1,2,0,1,0,0,0,0,N,N,Y,6,2026,3,N,None
CUST1003241,0,0,0,1,0,0,0,0,N,N,N,6,2026,1,N,None
CUST1003242,1,0,0,1,0,0,0,0,N,N,Y,6,2026,2,Y,SA
CUST1003243,0,0,0,1,0,0,0,0,N,N,N,6,2026,1,N,AL
CUST1003244,1,0,0,1,0,2,0,0,N,N,N,6,2026,3,N,None
CUST1003245,0,0,0,1,0,0,0,0,N,Y,N,6,2026,1,Y,SA
CUST1003246,0,2,0,1,3,0,1,0,N,N,N,6,2026,4,N,None
CUST1003247,1,2,0,1,2,1,0,1,N,N,Y,6,2026,6,Y,MF
CUST1003248,0,2,0,1,0,0,0,0,N,N,Y,6,2026,2,Y,PL
CUST1003249,2,1,0,1,3,0,0,0,N,N,N,6,2026,4,Y,HF
CUST1003250,0,0,0,1,0,0,0,0,N,N,N,6,2026,1,Y,PL
CUST1003251,1,2,0,1,0,0,1,0,N,N,N,6,2026,4,N,None
CUST1003252,0,0,0,1,0,0,0,0,N,N,Y,6,2026,1,Y,RD
CUST1003253,0,2,0,1,0,0,0,0,Y,N,N,6,2026,2,N,None
CUST1003254,0,0,0,1,0,0,0,0,N,N,Y,6,2026,1,N,None
CUST1003255,0,0,0,1,0,0,0,0,Y,N,Y,6,2026,1,Y,PL
CUST1003256,0,1,1,1,0,0,0,0,N,N,N,6,2026,3,N,None
CUST1003257,0,0,0,1,0,2,0,1,N,N,N,6,2026,3,Y,CC
CUST1003258,0,0,0,1,0,0,0,0,N,N,N,6,2026,1,N,None
CUST1003259,0,1,0,1,0,0,0,0,N,N,Y,6,2026,2,N,HL
CUST1003260,0,0,1,1,0,1,0,0,N,N,Y,6,2026,3,Y,SA
CUST1003261,0,0,0,1,0,2,0,0,N,N,Y,6,2026,2,N,HL
CUST1003262,0,0,0,1,0,1,0,0,N,N,Y,6,2026,2,Y,PL
CUST1003263,0,1,0,1,0,0,0,0,N,N,N,6,2026,2,Y,SA
CUST1003264,0,2,0,1,0,0,0,0,N,N,N,6,2026,2,Y,AL
CUST1003265,0,0,0,1,0,0,0,0,Y,N,N,6,2026,1,N,None
CUST1003266,0,0,0,1,0,0,0,0,N,N,N,6,2026,1,N,None
CUST1003267,0,2,0,1,0,0,0,0,N,N,Y,6,2026,2,N,None
CUST1003268,0,2,0,1,2,0,0,0,N,N,N,6,2026,3,Y,MF
CUST1003269,0,0,0,1,0,0,0,0,N,N,Y,6,2026,1,Y,RD
CUST1003270,1,1,0,1,0,0,0,0,N,N,Y,6,2026,3,N,RD
CUST1003271,0,2,0,1,3,0,0,0,N,N,Y,6,2026,3,N,RD
CUST1003272,0,0,0,1,0,2,0,0,Y,N,N,6,2026,2,N,None
CUST1003273,0,0,0,1,3,0,0,0,Y,N,Y,6,2026,2,Y,CC
CUST1003274,0,0,0,0,2,0,0,0,N,N,Y,6,2026,1,N,None
CUST1003275,0,0,0,0,0,0,0,0,N,N,Y,6,2026,0,N,None
CUST1003276,0,0,0,1,1,0,0,0,N,N,N,6,2026,2,Y,SA
CUST1003277,0,2,0,1,0,0,0,0,Y,N,Y,6,2026,2,N,None
CUST1003278,0,2,0,1,0,2,0,0,N,N,N,6,2026,3,Y,CC
CUST1003279,0,0,0,1,2,1,0,0,N,N,N,6,2026,3,N,None
CUST1003280,0,0,0,1,0,0,0,0,N,N,Y,6,2026,1,Y,AL
CUST1003281,0,0,0,1,0,0,0,0,N,N,N,6,2026,1,N,None
CUST1003282,0,0,0,1,0,0,0,0,N,N,N,6,2026,1,N,None
CUST1003283,0,0,0,1,0,0,0,0,N,N,N,6,2026,1,N,None
CUST1003284,1,1,0,1,2,0,0,0,N,N,Y,6,2026,4,N,None
CUST1003285,1,2,0,1,0,0,0,0,N,N,N,6,2026,3,N,None
CUST1003286,0,0,0,1,0,0,0,0,N,N,Y,6,2026,1,N,None
CUST1003287,1,0,0,1,1,0,0,0,N,N,N,6,2026,3,N,None
CUST1003288,0,0,0,1,1,0,0,0,N,N,N,6,2026,2,N,None
CUST1003289,0,1,0,1,0,0,0,0,N,N,N,6,2026,2,N,None
CUST1003290,0,0,0,1,0,0,0,0,Y,N,Y,6,2026,1,N,RD
CUST1003291,0,0,0,1,0,0,0,0,N,N,Y,6,2026,1,N,None
CUST1003292,0,0,0,1,0,0,0,0,N,N,Y,6,2026,1,Y,SA
CUST1003293,0,0,0,1,0,0,0,0,Y,N,N,6,2026,1,Y,HF
CUST1003294,2,1,0,0,0,2,1,0,Y,N,Y,6,2026,4,Y,HL
CUST1003295,0,0,0,1,1,0,0,0,Y,N,N,6,2026,2,N,None
CUST1003296,0,1,0,1,0,2,0,0,N,N,N,6,2026,3,N,None
CUST1003297,0,2,0,1,0,0,0,0,N,N,Y,6,2026,2,N,None
CUST1003298,0,2,0,1,3,0,0,0,N,N,N,6,2026,3,N,MF
CUST1003299,0,2,0,1,0,0,0,0,N,N,N,6,2026,2,Y,HF
CUST1003300,1,2,0,1,0,0,0,0,N,N,N,6,2026,3,N,None
CUST1003301,0,0,0,1,0,2,0,0,N,N,Y,6,2026,2,N,None
CUST1003302,1,0,0,1,3,0,0,0,N,N,N,6,2026,3,N,None
CUST1003303,0,1,0,1,0,0,0,0,Y,N,N,6,2026,2,N,None
CUST1003304,0,1,0,1,0,2,1,0,N,N,Y,6,2026,4,N,None
CUST1003305,0,2,0,1,0,0,0,0,N,N,Y,6,2026,2,Y,RD
CUST1003306,0,2,1,1,0,0,0,0,N,N,N,6,2026,3,Y,HF
CUST1003307,0,0,1,1,0,0,0,0,N,N,N,6,2026,2,N,None
CUST1003308,0,0,0,1,0,0,0,0,N,N,N,6,2026,1,N,PL
CUST1003309,1,0,0,1,0,1,0,0,N,N,N,6,2026,3,Y,AL
CUST1003310,0,2,0,0,3,0,0,0,N,N,Y,6,2026,2,Y,RD
CUST1003311,0,0,0,1,3,0,0,0,N,N,Y,6,2026,2,N,None
CUST1003312,0,0,0,1,0,0,0,1,N,N,N,6,2026,2,Y,MF
CUST1003313,0,0,0,1,0,0,0,0,N,Y,N,6,2026,1,N,None
CUST1003314,0,0,0,1,1,0,0,0,Y,N,Y,6,2026,2,Y,AL
CUST1003315,0,0,0,1,0,0,0,1,N,N,Y,6,2026,2,N,None
CUST1003316,0,0,0,1,0,2,0,0,N,N,N,6,2026,2,N,None
CUST1003317,0,0,0,0,0,0,0,0,N,N,N,6,2026,0,N,None
CUST1003318,0,2,0,1,0,0,0,0,N,N,Y,6,2026,2,N,None
CUST1003319,0,0,0,1,0,0,0,0,N,N,Y,6,2026,1,N,None
CUST1003320,0,2,0,1,0,0,0,1,N,N,N,6,2026,3,N,None
CUST1003321,2,2,0,1,1,2,0,0,N,N,N,6,2026,5,Y,AL
CUST1003322,0,0,0,1,0,0,0,0,N,N,N,6,2026,1,N,None
CUST1003323,0,1,0,1,0,0,0,0,N,N,Y,6,2026,2,N,None
CUST1003324,0,0,0,1,0,0,0,0,N,N,Y,6,2026,1,N,None
CUST1003325,0,2,0,1,0,0,0,0,N,Y,Y,6,2026,2,N,None
CUST1003326,0,0,0,1,0,0,0,0,N,N,N,6,2026,1,Y,HL
CUST1003327,0,0,0,1,2,0,0,0,N,N,Y,6,2026,2,Y,AL
CUST1003328,0,0,0,1,2,0,0,0,N,N,Y,6,2026,2,Y,MF
CUST1003329,2,2,0,1,2,0,0,0,Y,N,Y,6,2026,4,N,SA
CUST1003330,2,1,0,1,0,0,0,0,Y,N,Y,6,2026,3,N,None
CUST1003331,0,2,0,1,0,0,0,0,N,Y,Y,6,2026,2,N,None
CUST1003332,1,0,0,1,0,0,1,0,N,N,N,6,2026,3,Y,CC
CUST1003333,0,1,0,1,0,0,0,0,N,N,Y,6,2026,2,N,None
CUST1003334,0,1,0,1,0,2,0,1,N,N,Y,6,2026,4,N,None
CUST1003335,0,2,0,1,2,0,0,0,N,N,N,6,2026,3,N,None
CUST1003336,0,1,0,1,1,2,0,0,N,N,Y,6,2026,4,N,HF
CUST1003337,0,0,0,1,1,0,0,1,N,N,Y,6,2026,3,Y,SA
CUST1003338,0,0,0,1,0,2,0,0,N,N,Y,6,2026,2,Y,RD
CUST1003339,0,2,0,1,0,0,0,0,N,N,Y,6,2026,2,Y,SA
CUST1003340,0,2,0,1,0,1,0,0,Y,N,Y,6,2026,3,Y,CC
CUST1003341,0,0,0,1,0,0,0,0,N,N,N,6,2026,1,N,None
CUST1003342,0,2,0,1,0,1,0,0,Y,N,Y,6,2026,3,N,None
CUST1003343,0,0,0,1,0,1,0,0,N,N,Y,6,2026,2,N,None
CUST1003344,0,0,0,1,0,0,0,1,N,N,N,6,2026,2,N,None
CUST1003345,0,2,0,1,2,0,0,0,Y,N,N,6,2026,3,N,None
CUST1003346,1,1,0,1,0,0,0,0,N,Y,Y,6,2026,3,N,None
CUST1003347,0,2,1,1,0,2,0,0,N,N,Y,6,2026,4,N,None
CUST1003348,0,0,0,1,0,0,0,0,N,N,Y,6,2026,1,Y,AL
CUST1003349,0,1,0,1,0,0,0,0,N,N,Y,6,2026,2,N,None
CUST1003350,0,0,0,1,0,0,0,0,Y,N,Y,6,2026,1,N,None
CUST1003351,0,0,0,1,0,0,0,0,N,N,Y,6,2026,1,N,None
CUST1003352,0,2,0,1,0,0,0,0,N,N,Y,6,2026,2,Y,PL
CUST1003353,0,0,0,1,0,0,0,0,N,N,N,6,2026,1,Y,HL
CUST1003354,0,0,0,1,0,0,0,0,N,N,Y,6,2026,1,N,HF
CUST1003355,0,0,0,1,0,0,0,0,N,N,Y,6,2026,1,N,None
CUST1003356,0,0,0,1,0,0,0,0,N,N,Y,6,2026,1,N,None
CUST1003357,0,0,0,1,0,1,0,0,N,N,N,6,2026,2,N,None
CUST1003358,0,2,0,1,0,0,0,1,N,N,Y,6,2026,3,Y,SA
CUST1003359,0,0,0,1,0,0,1,0,N,Y,Y,6,2026,2,Y,AL
CUST1003360,0,0,0,1,0,0,0,0,N,N,N,6,2026,1,N,None
CUST1003361,2,0,0,1,0,1,0,0,N,N,Y,6,2026,3,Y,PL
CUST1003362,0,0,0,1,0,0,0,0,N,N,N,6,2026,1,N,None
CUST1003363,0,0,0,1,0,0,0,0,N,N,Y,6,2026,1,N,None
CUST1003364,0,0,0,1,0,0,0,0,N,N,N,6,2026,1,Y,SA
CUST1003365,0,0,0,0,2,0,0,0,N,N,Y,6,2026,1,N,None
CUST1003366,0,0,0,1,3,0,0,0,N,N,N,6,2026,2,N,None
CUST1003367,0,0,0,1,0,0,0,0,N,N,Y,6,2026,1,Y,HF
CUST1003368,0,0,0,1,0,0,0,0,N,N,N,6,2026,1,N,AL
CUST1003369,0,0,0,0,0,1,0,0,Y,N,N,6,2026,1,N,None
CUST1003370,0,0,0,1,0,0,0,0,Y,N,N,6,2026,1,Y,AL
CUST1003371,0,0,0,1,0,2,0,0,Y,N,Y,6,2026,2,N,None
CUST1003372,0,0,0,1,0,0,0,0,N,N,Y,6,2026,1,N,None
CUST1003373,1,1,0,1,2,0,0,0,Y,N,N,6,2026,4,Y,HF
CUST1003374,0,0,1,1,0,0,0,0,N,N,N,6,2026,2,Y,AL
CUST1003375,0,1,0,1,1,0,0,0,N,N,Y,6,2026,3,Y,AL
CUST1003376,0,1,0,1,0,0,0,0,N,N,N,6,2026,2,Y,PL
CUST1003377,0,0,0,1,2,0,0,0,N,N,N,6,2026,2,N,None
CUST1003378,0,0,0,1,1,0,0,0,N,N,Y,6,2026,2,Y,RD
CUST1003379,0,0,0,1,0,0,0,0,N,N,Y,6,2026,1,N,None
CUST1003380,0,1,0,1,0,0,0,0,N,N,Y,6,2026,2,N,None
CUST1003381,0,0,0,1,2,0,0,0,N,N,Y,6,2026,2,N,None
CUST1003382,1,1,0,1,0,2,0,0,N,N,Y,6,2026,4,N,None
CUST1003383,0,1,0,1,0,0,1,1,N,N,Y,6,2026,4,N,None
CUST1003384,0,2,0,1,0,0,0,0,N,N,N,6,2026,2,Y,AL
CUST1003385,0,2,0,1,0,1,0,0,N,N,Y,6,2026,3,N,None
CUST1003386,0,0,0,1,0,0,0,0,N,N,N,6,2026,1,N,None
CUST1003387,0,1,0,1,0,2,0,0,N,N,Y,6,2026,3,Y,HL
CUST1003388,0,1,0,1,0,1,0,1,N,N,N,6,2026,4,N,None
CUST1003389,0,0,0,1,0,1,0,0,N,N,Y,6,2026,2,N,None
CUST1003390,0,2,0,1,0,0,0,0,N,N,Y,6,2026,2,Y,CC
CUST1003391,0,0,0,1,0,0,0,0,N,N,N,6,2026,1,N,SA
CUST1003392,0,1,0,1,0,2,0,0,N,N,Y,6,2026,3,N,None
CUST1003393,0,0,0,0,0,2,0,0,N,N,N,6,2026,1,N,None
CUST1003394,0,0,0,1,0,1,0,1,N,N,Y,6,2026,3,Y,AL
CUST1003395,0,0,0,1,3,0,0,0,N,N,N,6,2026,2,Y,HL
CUST1003396,0,0,0,1,0,0,0,1,N,N,Y,6,2026,2,N,RD
CUST1003397,0,0,0,1,0,0,0,0,N,N,Y,6,2026,1,N,None
CUST1003398,0,0,0,1,0,0,0,0,N,Y,N,6,2026,1,Y,CC
CUST1003399,0,0,0,1,0,1,0,0,N,N,N,6,2026,2,N,None
CUST1003400,0,1,0,1,0,0,0,0,N,N,Y,6,2026,2,N,CC
CUST1003401,0,1,0,1,0,0,0,0,N,N,N,6,2026,2,Y,RD
CUST1003402,0,2,0,1,0,0,0,0,N,N,Y,6,2026,2,N,None
CUST1003403,0,0,0,1,0,0,0,0,N,N,Y,6,2026,1,N,None
CUST1003404,0,0,0,1,0,0,0,0,N,N,Y,6,2026,1,N,None
CUST1003405,0,1,0,1,0,1,0,0,N,N,Y,6,2026,3,Y,CC
CUST1003406,0,0,0,1,0,0,0,0,N,N,Y,6,2026,1,N,None
CUST1003407,0,0,0,1,0,0,0,0,Y,N,N,6,2026,1,N,None
CUST1003408,2,2,0,1,0,0,0,1,N,N,Y,6,2026,4,N,None
CUST1003409,0,0,0,0,0,0,0,0,Y,N,Y,6,2026,0,Y,HL
CUST1003410,0,0,0,1,0,0,0,0,N,N,Y,6,2026,1,Y,RD
CUST1003411,1,0,0,1,0,0,0,0,N,N,Y,6,2026,2,Y,CC
CUST1003412,0,1,0,1,1,0,0,0,N,N,N,6,2026,3,Y,CC
CUST1003413,0,0,0,1,0,0,1,1,Y,N,N,6,2026,3,N,None
CUST1003414,2,1,0,1,0,0,0,0,N,N,Y,6,2026,3,N,None
CUST1003415,2,1,0,1,3,0,0,0,N,N,Y,6,2026,4,N,None
CUST1003416,0,0,1,1,0,0,0,0,N,N,Y,6,2026,2,Y,SA
CUST1003417,1,0,0,1,0,0,0,0,N,N,Y,6,2026,2,Y,SA
CUST1003418,0,0,0,1,0,0,0,0,N,N,Y,6,2026,1,Y,CC
CUST1003419,0,0,0,1,0,1,0,0,N,N,N,6,2026,2,Y,MF
CUST1003420,2,1,0,1,0,0,0,0,N,N,Y,6,2026,3,N,None
CUST1003421,0,2,0,0,0,0,0,0,N,N,Y,6,2026,1,N,None
CUST1003422,0,0,0,0,1,0,0,0,N,N,N,6,2026,1,N,None
CUST1003423,0,1,0,1,0,0,0,0,Y,N,N,6,2026,2,Y,RD
CUST1003424,0,0,1,1,0,0,0,0,N,N,N,6,2026,2,N,None
CUST1003425,0,1,1,1,0,0,0,0,N,N,Y,6,2026,3,Y,CC
CUST1003426,0,0,0,1,0,0,0,0,N,N,N,6,2026,1,Y,PL
CUST1003427,0,1,0,1,0,0,0,0,N,N,Y,6,2026,2,N,None
CUST1003428,0,1,0,1,0,1,0,0,N,N,N,6,2026,3,Y,AL
CUST1003429,0,1,1,0,0,0,0,0,N,N,Y,6,2026,2,Y,PL
CUST1003430,0,2,0,1,0,0,0,0,N,N,Y,6,2026,2,N,None
CUST1003431,0,0,0,1,0,0,0,0,N,N,N,6,2026,1,N,None
CUST1003432,0,1,0,1,1,0,0,0,N,N,Y,6,2026,3,N,None
CUST1003433,0,0,0,1,0,0,0,0,N,N,N,6,2026,1,N,None
CUST1003434,0,0,0,1,0,0,0,0,N,N,N,6,2026,1,N,None
CUST1003435,0,2,0,1,0,1,0,0,N,N,N,6,2026,3,N,None
CUST1003436,0,0,0,1,0,2,0,0,N,N,N,6,2026,2,N,None
CUST1003437,0,0,0,1,0,0,0,0,N,N,N,6,2026,1,Y,MF
CUST1003438,2,0,0,1,0,0,0,0,N,N,Y,6,2026,2,Y,HL
CUST1003439,0,0,0,1,0,1,0,0,N,N,N,6,2026,2,Y,HF
CUST1003440,2,0,0,1,3,0,0,0,N,N,Y,6,2026,3,N,None
CUST1003441,0,0,0,1,0,0,0,0,N,N,Y,6,2026,1,Y,RD
CUST1003442,0,1,0,1,0,2,0,0,N,N,N,6,2026,3,N,None
CUST1003443,0,0,0,1,0,0,0,0,N,N,Y,6,2026,1,N,CC
CUST1003444,1,0,0,1,2,0,0,0,N,N,Y,6,2026,3,N,None
CUST1003445,0,0,0,1,0,0,0,0,N,N,Y,6,2026,1,N,None
CUST1003446,0,0,0,1,3,0,0,1,N,N,N,6,2026,3,N,None
CUST1003447,0,0,0,1,3,1,0,0,N,N,N,6,2026,3,N,None
CUST1003448,0,0,0,1,3,0,0,0,N,N,Y,6,2026,2,Y,SA
CUST1003449,2,0,0,1,0,1,0,0,N,N,Y,6,2026,3,N,None
CUST1003450,2,1,0,1,1,0,0,0,Y,N,Y,6,2026,4,N,None
CUST1003451,0,1,0,1,0,0,0,0,Y,N,Y,6,2026,2,Y,HF
CUST1003452,0,1,0,1,0,0,0,0,N,N,Y,6,2026,2,N,None
CUST1003453,2,0,0,1,3,0,0,0,N,N,N,6,2026,3,N,None
CUST1003454,0,0,0,1,3,0,0,0,N,N,N,6,2026,2,N,None
CUST1003455,0,0,0,1,1,0,0,0,N,N,Y,6,2026,2,N,None
CUST1003456,0,0,0,1,2,0,0,0,N,N,N,6,2026,2,N,None
CUST1003457,1,2,0,1,1,1,0,1,N,N,N,6,2026,6,Y,HF
CUST1003458,0,0,0,1,0,0,0,0,N,N,Y,6,2026,1,Y,HF
CUST1003459,0,0,0,1,0,2,0,0,N,N,N,6,2026,2,N,None
CUST1003460,0,0,0,1,0,0,0,0,Y,Y,N,6,2026,1,Y,PL
CUST1003461,0,1,0,1,0,0,0,0,N,N,N,6,2026,2,Y,CC
CUST1003462,0,2,0,1,0,0,0,0,N,N,Y,6,2026,2,N,RD
CUST1003463,2,0,0,1,2,0,1,1,N,N,Y,6,2026,5,N,None
CUST1003464,0,0,0,1,0,0,0,1,Y,N,Y,6,2026,2,Y,MF
CUST1003465,2,2,0,1,2,1,0,0,N,N,N,6,2026,5,Y,AL
CUST1003466,0,1,0,1,0,2,0,0,N,N,Y,6,2026,3,Y,SA
CUST1003467,0,0,0,1,0,0,0,0,Y,N,N,6,2026,1,Y,CC
CUST1003468,0,0,0,1,0,0,0,0,Y,Y,Y,6,2026,1,Y,CC
CUST1003469,0,0,0,1,0,0,0,0,Y,N,Y,6,2026,1,N,None
CUST1003470,0,0,0,1,0,0,0,0,N,N,N,6,2026,1,N,None
CUST1003471,0,0,0,1,0,2,0,0,N,N,Y,6,2026,2,N,None
CUST1003472,2,2,0,1,1,0,0,0,N,N,N,6,2026,4,Y,SA
CUST1003473,1,1,0,1,0,2,1,0,Y,N,N,6,2026,5,N,None
CUST1003474,0,2,0,1,0,0,1,0,N,N,Y,6,2026,3,Y,HL
CUST1003475,0,0,0,0,0,1,0,0,N,N,N,6,2026,1,Y,SA
CUST1003476,0,2,0,1,0,0,0,0,N,N,Y,6,2026,2,Y,SA
CUST1003477,0,1,0,1,0,0,0,0,N,N,Y,6,2026,2,Y,MF
CUST1003478,2,0,0,1,2,2,0,1,Y,N,Y,6,2026,5,Y,RD
CUST1003479,0,2,0,0,1,2,1,0,N,N,Y,6,2026,4,Y,CC
CUST1003480,0,0,0,1,1,0,0,0,N,N,Y,6,2026,2,Y,CC
CUST1003481,1,1,0,1,0,0,0,0,N,N,Y,6,2026,3,N,None
CUST1003482,0,0,1,1,0,0,0,0,N,N,N,6,2026,2,N,None
CUST1003483,0,0,0,1,0,0,0,0,Y,N,N,6,2026,1,N,None
CUST1003484,0,0,0,1,0,0,0,0,Y,N,Y,6,2026,1,Y,SA
CUST1003485,0,0,0,1,0,0,0,0,N,N,Y,6,2026,1,N,None
CUST1003486,0,0,0,1,0,2,0,0,N,N,Y,6,2026,2,N,None
CUST1003487,0,0,0,1,1,0,0,0,N,N,Y,6,2026,2,N,None
CUST1003488,0,1,0,1,0,0,0,0,N,N,N,6,2026,2,Y,MF
CUST1003489,0,0,0,1,0,2,1,0,N,N,N,6,2026,3,N,None
CUST1003490,0,0,0,1,0,0,0,0,Y,N,N,6,2026,1,Y,PL
CUST1003491,0,0,0,1,0,0,1,0,N,N,Y,6,2026,2,Y,HF
CUST1003492,0,0,0,1,0,0,0,0,N,N,Y,6,2026,1,N,None
CUST1003493,0,0,0,1,0,0,0,0,N,N,Y,6,2026,1,Y,MF
CUST1003494,1,1,0,1,0,0,0,0,N,N,N,6,2026,3,N,None
CUST1003495,0,1,0,1,0,2,0,0,Y,N,N,6,2026,3,Y,CC
CUST1003496,2,0,0,1,0,0,0,0,Y,N,N,6,2026,2,N,None
CUST1003497,0,2,0,1,3,2,0,0,N,N,N,6,2026,4,N,None
CUST1003498,0,2,0,1,3,1,0,0,N,N,Y,6,2026,4,N,RD
CUST1003499,1,0,0,1,3,0,0,0,N,N,Y,6,2026,3,Y,HL
CUST1003500,0,0,0,1,0,0,0,0,N,N,N,6,2026,1,Y,CC
CUST1003501,2,1,0,1,0,0,0,1,N,N,Y,6,2026,4,Y,AL
CUST1003502,0,0,0,1,3,0,0,0,N,N,N,6,2026,2,Y,AL
CUST1003503,0,2,0,1,3,0,0,0,N,N,Y,6,2026,3,N,None
CUST1003504,0,0,0,1,2,1,0,1,N,N,N,6,2026,4,Y,RD
CUST1003505,0,0,0,1,0,2,0,0,N,N,N,6,2026,2,N,None
CUST1003506,0,0,0,1,0,2,0,0,N,N,Y,6,2026,2,Y,PL
CUST1003507,0,2,0,1,0,0,0,0,N,N,Y,6,2026,2,Y,MF
CUST1003508,0,0,0,1,1,1,0,0,N,N,N,6,2026,3,Y,SA
CUST1003509,0,0,0,1,2,0,0,0,N,N,Y,6,2026,2,Y,MF
CUST1003510,0,0,0,0,3,0,0,0,N,N,Y,6,2026,1,Y,RD
CUST1003511,0,1,0,1,0,0,0,0,N,N,N,6,2026,2,Y,SA
CUST1003512,0,0,0,1,0,0,0,0,N,N,N,6,2026,1,N,None
CUST1003513,0,0,0,1,0,0,0,0,N,N,N,6,2026,1,Y,AL
CUST1003514,2,0,0,1,0,0,1,0,N,N,Y,6,2026,3,N,None
CUST1003515,0,0,0,1,0,0,0,0,N,N,N,6,2026,1,N,None
CUST1003516,0,0,0,1,0,0,0,0,N,N,Y,6,2026,1,N,None
CUST1003517,0,2,0,1,0,1,0,0,Y,N,Y,6,2026,3,Y,CC
CUST1003518,0,0,0,1,0,0,0,0,Y,N,Y,6,2026,1,Y,HL
CUST1003519,2,0,0,1,0,0,0,0,N,N,N,6,2026,2,N,HL
CUST1003520,0,0,0,1,0,1,0,0,N,N,N,6,2026,2,N,None
CUST1003521,0,0,0,1,2,1,0,0,N,N,N,6,2026,3,N,None
CUST1003522,0,0,0,1,0,0,0,0,Y,Y,Y,6,2026,1,N,SA
CUST1003523,0,2,0,1,0,0,0,0,N,N,Y,6,2026,2,N,None
CUST1003524,1,0,0,1,0,0,0,0,N,N,Y,6,2026,2,N,None
CUST1003525,0,0,0,1,1,2,0,0,Y,N,N,6,2026,3,N,None
CUST1003526,0,1,0,1,0,0,0,0,N,N,N,6,2026,2,N,None
CUST1003527,0,2,0,1,0,2,0,1,N,N,Y,6,2026,4,N,MF
CUST1003528,0,0,0,1,0,0,0,0,N,N,N,6,2026,1,N,None
CUST1003529,0,0,0,0,0,1,1,0,N,N,Y,6,2026,2,N,None
CUST1003530,0,1,0,1,0,0,0,0,N,N,Y,6,2026,2,Y,SA
CUST1003531,0,0,0,1,1,0,0,0,N,N,N,6,2026,2,Y,MF
CUST1003532,0,1,0,1,0,0,0,0,N,N,Y,6,2026,2,Y,CC
CUST1003533,0,0,1,1,0,0,0,0,N,N,N,6,2026,2,Y,PL
CUST1003534,0,1,0,1,0,0,0,0,N,N,Y,6,2026,2,Y,PL
CUST1003535,0,1,0,1,0,0,1,0,N,N,N,6,2026,3,Y,PL
CUST1003536,0,0,0,1,0,0,0,0,N,N,Y,6,2026,1,N,None
CUST1003537,0,2,0,1,1,0,1,0,N,N,Y,6,2026,4,Y,RD
CUST1003538,0,1,0,1,2,0,1,0,N,N,N,6,2026,4,Y,AL
CUST1003539,0,0,0,1,0,0,1,0,Y,N,N,6,2026,2,Y,HL
CUST1003540,1,2,0,1,0,0,0,0,N,N,N,6,2026,3,Y,PL
CUST1003541,0,0,0,1,0,1,0,0,Y,N,Y,6,2026,2,Y,AL
CUST1003542,0,2,0,1,0,0,0,0,N,N,Y,6,2026,2,Y,RD
CUST1003543,0,0,0,1,1,0,0,0,N,N,Y,6,2026,2,N,None
CUST1003544,0,0,0,1,3,0,0,0,N,N,N,6,2026,2,N,None
CUST1003545,0,1,0,1,0,0,0,0,N,N,N,6,2026,2,N,None
CUST1003546,0,0,0,1,0,2,0,1,Y,N,N,6,2026,3,N,None
CUST1003547,0,2,0,1,0,1,0,0,N,N,Y,6,2026,3,N,None
CUST1003548,0,0,0,1,3,0,0,0,N,N,Y,6,2026,2,Y,HL
CUST1003549,1,0,0,1,0,1,0,0,N,N,N,6,2026,3,Y,PL
CUST1003550,0,0,0,1,0,0,0,0,Y,N,Y,6,2026,1,Y,RD
CUST1003551,0,0,0,1,0,0,0,0,N,N,N,6,2026,1,Y,HL
CUST1003552,0,0,0,1,2,0,0,0,Y,N,N,6,2026,2,Y,MF
CUST1003553,0,2,0,1,0,2,0,0,N,N,N,6,2026,3,N,None
CUST1003554,0,0,0,1,0,0,1,0,N,N,Y,6,2026,2,N,None
CUST1003555,0,0,0,1,0,0,0,0,N,N,Y,6,2026,1,Y,RD
CUST1003556,0,1,0,1,0,0,0,0,Y,N,N,6,2026,2,Y,SA
CUST1003557,0,0,0,1,0,0,0,0,N,N,N,6,2026,1,N,None
CUST1003558,0,0,0,1,0,0,0,0,N,N,N,6,2026,1,N,None
CUST1003559,0,0,0,1,0,0,0,0,N,N,Y,6,2026,1,Y,PL
CUST1003560,1,0,0,1,3,0,0,0,N,N,N,6,2026,3,Y,MF
CUST1003561,0,1,0,1,0,0,0,0,N,N,Y,6,2026,2,Y,RD
CUST1003562,0,2,0,1,3,0,0,0,N,N,Y,6,2026,3,N,None
CUST1003563,0,1,0,1,0,0,0,0,N,N,Y,6,2026,2,N,None
CUST1003564,0,0,0,1,0,0,0,0,N,N,N,6,2026,1,N,MF
CUST1003565,0,2,0,1,0,0,0,0,N,N,N,6,2026,2,Y,CC
CUST1003566,0,0,0,1,0,0,0,0,Y,N,N,6,2026,1,Y,CC
CUST1003567,0,2,0,1,0,0,0,0,N,N,N,6,2026,2,N,SA
CUST1003568,1,2,0,1,0,0,0,1,N,N,Y,6,2026,4,N,None
CUST1003569,0,0,0,1,0,0,0,0,N,N,N,6,2026,1,Y,SA
CUST1003570,0,2,0,1,0,1,0,0,N,N,N,6,2026,3,Y,SA
CUST1003571,0,0,0,0,0,0,0,0,Y,N,N,6,2026,0,N,None
CUST1003572,2,2,0,1,1,0,0,1,N,N,Y,6,2026,5,N,None
CUST1003573,0,0,1,1,0,1,0,0,Y,N,Y,6,2026,3,N,None
CUST1003574,0,0,0,1,3,0,0,0,N,N,N,6,2026,2,Y,PL
CUST1003575,2,2,0,1,0,0,0,0,N,N,N,6,2026,3,Y,RD
CUST1003576,0,0,0,1,3,0,0,0,N,N,Y,6,2026,2,N,None
CUST1003577,0,2,0,1,0,0,0,0,N,N,N,6,2026,2,N,None
CUST1003578,0,0,0,1,0,1,0,0,N,N,Y,6,2026,2,Y,PL
CUST1003579,0,0,0,1,0,0,0,0,N,N,Y,6,2026,1,N,None
CUST1003580,1,0,0,1,0,0,1,0,N,N,Y,6,2026,3,Y,CC
CUST1003581,0,0,0,1,0,1,0,0,N,N,Y,6,2026,2,Y,SA
CUST1003582,0,0,0,1,0,0,0,0,N,N,Y,6,2026,1,Y,SA
CUST1003583,0,1,0,1,3,0,0,0,N,N,Y,6,2026,3,N,None
CUST1003584,0,1,0,1,0,1,0,0,N,N,Y,6,2026,3,Y,SA
CUST1003585,0,0,0,1,0,0,0,0,N,N,Y,6,2026,1,Y,MF
CUST1003586,0,0,0,0,2,0,0,1,Y,N,N,6,2026,2,N,None
CUST1003587,2,0,0,1,0,2,0,0,N,N,N,6,2026,3,N,None
CUST1003588,0,0,0,1,0,0,0,0,N,N,N,6,2026,1,N,AL
CUST1003589,0,0,0,0,2,0,0,0,Y,N,Y,6,2026,1,Y,CC
CUST1003590,0,1,0,1,0,0,0,0,N,N,Y,6,2026,2,N,None
CUST1003591,0,0,0,1,1,0,0,0,Y,N,Y,6,2026,2,N,None
CUST1003592,0,0,0,1,0,1,0,0,N,N,Y,6,2026,2,N,None
CUST1003593,0,0,0,0,0,0,0,0,N,N,Y,6,2026,0,N,None
CUST1003594,0,1,0,1,3,1,0,0,Y,N,Y,6,2026,4,Y,HL
CUST1003595,2,0,0,1,0,0,0,0,N,N,N,6,2026,2,N,RD
CUST1003596,1,0,0,1,0,0,0,0,N,N,Y,6,2026,2,N,None
CUST1003597,0,0,0,1,0,0,0,1,N,N,N,6,2026,2,N,CC
CUST1003598,0,0,0,1,0,2,0,0,N,N,N,6,2026,2,Y,SA
CUST1003599,0,1,0,1,0,0,0,0,N,N,N,6,2026,2,Y,SA
CUST1003600,0,0,0,1,0,2,0,0,N,N,N,6,2026,2,Y,HF
CUST1003601,0,2,0,0,0,0,1,0,N,N,Y,6,2026,2,N,MF
CUST1003602,0,2,0,1,0,0,0,0,N,N,Y,6,2026,2,Y,RD
CUST1003603,0,0,0,1,0,0,0,0,N,N,N,6,2026,1,N,None
CUST1003604,0,2,0,1,0,2,1,0,N,N,Y,6,2026,4,Y,SA
CUST1003605,0,0,0,1,0,0,0,0,N,N,N,6,2026,1,N,MF
CUST1003606,0,0,0,1,2,0,0,0,Y,N,Y,6,2026,2,N,None
CUST1003607,0,0,0,1,0,1,0,0,Y,N,N,6,2026,2,N,None
CUST1003608,0,2,0,1,2,2,0,0,N,N,N,6,2026,4,N,None
CUST1003609,0,0,0,1,0,0,0,0,Y,N,N,6,2026,1,N,None
CUST1003610,0,0,0,0,0,0,0,0,Y,N,Y,6,2026,0,N,None
CUST1003611,0,0,0,1,0,0,0,0,N,N,Y,6,2026,1,N,None
CUST1003612,0,0,0,1,0,0,0,1,N,N,N,6,2026,2,N,None
CUST1003613,0,0,0,1,0,1,0,0,N,N,Y,6,2026,2,Y,AL
CUST1003614,0,0,0,1,1,0,0,0,N,N,Y,6,2026,2,Y,CC
CUST1003615,0,2,0,1,0,0,0,0,N,N,Y,6,2026,2,Y,CC
CUST1003616,0,0,0,1,2,0,0,0,N,N,Y,6,2026,2,Y,CC
CUST1003617,0,0,0,1,0,2,0,0,N,N,N,6,2026,2,N,None
CUST1003618,0,1,0,1,0,0,0,1,N,N,N,6,2026,3,N,None
CUST1003619,0,2,0,1,0,0,0,0,N,N,Y,6,2026,2,N,HL
CUST1003620,2,1,0,1,2,2,0,0,N,N,N,6,2026,5,Y,CC
CUST1003621,0,0,0,1,0,0,0,0,N,N,N,6,2026,1,N,None
CUST1003622,1,2,0,1,0,0,0,0,Y,N,Y,6,2026,3,Y,MF
CUST1003623,0,0,0,1,2,1,0,0,Y,N,Y,6,2026,3,N,None
CUST1003624,0,1,0,1,2,1,0,0,N,N,Y,6,2026,4,Y,SA
CUST1003625,0,1,0,1,0,0,0,0,N,N,Y,6,2026,2,N,None
CUST1003626,0,0,0,1,0,0,0,0,Y,N,Y,6,2026,1,N,None
CUST1003627,0,0,0,1,0,2,0,1,N,N,Y,6,2026,3,N,None
CUST1003628,0,0,0,1,0,0,1,0,N,N,N,6,2026,2,Y,RD
CUST1003629,0,2,0,1,0,0,0,0,N,Y,Y,6,2026,2,Y,AL
CUST1003630,0,0,0,1,3,1,0,0,N,Y,Y,6,2026,3,N,None
CUST1003631,0,0,0,1,0,2,0,1,Y,N,Y,6,2026,3,Y,MF
CUST1003632,1,0,0,1,0,0,0,0,N,N,N,6,2026,2,Y,SA
CUST1003633,0,1,0,1,0,0,0,0,N,N,N,6,2026,2,N,None
CUST1003634,2,0,0,1,0,0,0,0,N,N,N,6,2026,2,N,None
CUST1003635,0,1,0,1,0,2,0,0,N,N,Y,6,2026,3,Y,MF
CUST1003636,0,0,0,1,0,1,0,0,Y,Y,N,6,2026,2,N,None
CUST1003637,0,0,0,1,0,1,0,0,Y,Y,N,6,2026,2,N,SA
CUST1003638,0,2,0,1,0,1,0,0,N,N,Y,6,2026,3,N,None
CUST1003639,0,0,0,1,0,0,0,0,Y,N,N,6,2026,1,Y,CC
CUST1003640,2,0,0,1,0,0,1,0,N,N,Y,6,2026,3,N,None
CUST1003641,0,0,0,1,0,0,0,0,Y,N,Y,6,2026,1,N,None
CUST1003642,0,0,0,1,0,1,0,0,N,N,N,6,2026,2,N,None
CUST1003643,0,1,0,1,2,0,0,0,N,N,N,6,2026,3,N,None
CUST1003644,0,0,0,1,1,0,0,0,N,N,Y,6,2026,2,Y,RD
CUST1003645,1,0,0,1,0,0,0,0,N,N,Y,6,2026,2,N,None
CUST1003646,0,2,0,1,0,2,0,0,N,N,Y,6,2026,3,Y,MF
CUST1003647,1,0,0,1,0,0,0,0,N,N,Y,6,2026,2,N,None
CUST1003648,0,0,0,1,0,0,0,0,N,N,N,6,2026,1,N,None
CUST1003649,0,0,0,1,0,1,0,0,N,N,N,6,2026,2,N,SA
CUST1003650,0,2,0,1,3,0,0,0,N,N,N,6,2026,3,Y,HF
CUST1003651,0,1,0,1,0,0,0,0,N,N,Y,6,2026,2,Y,HF
CUST1003652,0,2,0,1,0,2,1,0,N,N,Y,6,2026,4,Y,PL
CUST1003653,0,0,0,1,0,1,0,0,N,N,Y,6,2026,2,N,None
CUST1003654,0,2,0,1,2,1,0,1,Y,N,N,6,2026,5,Y,SA
CUST1003655,2,1,0,1,0,0,0,0,N,N,Y,6,2026,3,Y,RD
CUST1003656,0,0,0,1,1,2,0,0,N,N,N,6,2026,3,Y,SA
CUST1003657,0,0,0,1,0,0,0,0,N,N,Y,6,2026,1,N,None
CUST1003658,0,0,0,1,0,0,0,0,Y,N,Y,6,2026,1,N,None
CUST1003659,0,0,0,1,0,0,0,0,N,N,Y,6,2026,1,Y,PL
CUST1003660,0,0,0,1,3,2,0,0,N,N,N,6,2026,3,Y,HL
CUST1003661,0,0,0,1,0,0,0,0,N,N,N,6,2026,1,Y,RD
CUST1003662,0,2,0,1,0,2,0,0,N,N,N,6,2026,3,Y,MF
CUST1003663,2,2,0,1,0,0,0,0,Y,Y,N,6,2026,3,N,None
CUST1003664,0,0,0,1,0,0,0,0,Y,N,Y,6,2026,1,Y,MF
CUST1003665,0,0,0,1,0,0,0,0,N,N,N,6,2026,1,N,None
CUST1003666,0,1,0,1,0,0,0,0,Y,N,N,6,2026,2,N,None
CUST1003667,0,0,0,1,0,0,0,0,N,N,Y,6,2026,1,Y,AL
CUST1003668,0,0,0,1,0,0,0,0,N,N,Y,6,2026,1,N,None
CUST1003669,0,0,1,1,3,0,0,0,Y,N,N,6,2026,3,Y,SA
CUST1003670,0,0,0,1,0,0,0,1,N,N,N,6,2026,2,N,None
CUST1003671,0,0,0,1,0,0,0,0,N,N,Y,6,2026,1,Y,RD
CUST1003672,0,0,0,1,0,0,0,0,Y,N,Y,6,2026,1,Y,PL
CUST1003673,0,1,0,1,0,0,0,1,N,Y,N,6,2026,3,Y,MF
CUST1003674,0,0,0,1,0,0,0,1,Y,N,Y,6,2026,2,N,None
CUST1003675,0,0,0,1,0,0,0,0,Y,Y,Y,6,2026,1,N,None
CUST1003676,0,2,0,1,0,1,0,0,N,N,Y,6,2026,3,N,None
CUST1003677,2,0,0,1,0,1,0,0,N,N,Y,6,2026,3,Y,CC
CUST1003678,0,0,0,1,3,0,0,0,N,N,N,6,2026,2,Y,MF
CUST1003679,0,0,0,1,0,0,0,0,N,N,Y,6,2026,1,N,None
CUST1003680,0,0,0,1,0,0,0,0,N,N,Y,6,2026,1,Y,RD
CUST1003681,0,0,0,1,2,0,0,0,N,N,N,6,2026,2,N,None
CUST1003682,0,2,0,1,0,0,0,0,N,N,Y,6,2026,2,N,None
CUST1003683,0,0,0,1,1,0,0,0,N,N,Y,6,2026,2,Y,AL
CUST1003684,0,0,0,1,0,0,0,0,N,N,Y,6,2026,1,N,None
CUST1003685,2,2,0,1,0,2,0,0,N,Y,Y,6,2026,4,Y,SA
CUST1003686,0,0,0,1,0,0,0,0,N,N,N,6,2026,1,N,PL
CUST1003687,1,0,0,1,0,0,0,0,N,N,Y,6,2026,2,N,None
CUST1003688,0,0,0,1,0,1,0,0,Y,N,Y,6,2026,2,N,None
CUST1003689,0,0,0,1,0,2,0,0,N,N,N,6,2026,2,Y,HL
CUST1003690,0,0,0,1,0,0,0,0,N,N,Y,6,2026,1,N,None
CUST1003691,0,0,0,1,1,0,0,0,N,N,Y,6,2026,2,N,None
CUST1003692,0,0,0,1,0,0,0,0,N,N,N,6,2026,1,N,None
CUST1003693,0,1,0,1,0,0,0,0,N,N,N,6,2026,2,Y,MF
CUST1003694,0,0,0,1,0,0,0,0,N,N,N,6,2026,1,Y,AL
CUST1003695,0,2,0,1,0,0,0,0,N,N,N,6,2026,2,N,HF
CUST1003696,0,2,0,1,0,0,0,0,Y,N,N,6,2026,2,N,None
CUST1003697,0,1,0,1,0,0,1,0,N,N,Y,6,2026,3,N,None
CUST1003698,0,0,0,1,0,0,0,0,N,N,N,6,2026,1,N,None
CUST1003699,0,2,0,1,0,0,0,1,N,N,Y,6,2026,3,N,None
CUST1003700,0,0,0,1,0,1,0,0,N,N,Y,6,2026,2,N,None
CUST1003701,0,0,0,0,0,0,0,0,N,N,Y,6,2026,0,N,None
CUST1003702,0,0,0,1,0,1,0,0,Y,N,Y,6,2026,2,Y,AL
CUST1003703,0,2,0,1,0,1,0,0,N,N,Y,6,2026,3,N,None
CUST1003704,0,0,0,1,0,0,0,1,Y,Y,N,6,2026,2,Y,MF
CUST1003705,2,1,0,1,0,0,0,1,N,N,Y,6,2026,4,N,None
CUST1003706,1,0,0,1,0,2,0,0,N,N,N,6,2026,3,N,None
CUST1003707,0,1,0,1,1,0,0,0,Y,N,N,6,2026,3,N,None
CUST1003708,0,2,0,1,0,0,0,1,N,N,N,6,2026,3,Y,AL
CUST1003709,0,0,0,1,3,0,0,0,N,N,Y,6,2026,2,Y,HL
CUST1003710,0,0,0,1,3,1,0,0,N,N,Y,6,2026,3,N,RD
CUST1003711,0,0,0,0,0,0,0,0,Y,N,Y,6,2026,0,N,None
CUST1003712,0,0,1,1,0,0,0,0,Y,N,Y,6,2026,2,Y,RD
CUST1003713,0,0,0,1,0,0,0,0,N,N,N,6,2026,1,N,None
CUST1003714,0,0,0,0,0,1,0,0,Y,Y,Y,6,2026,1,N,RD
CUST1003715,0,0,0,1,2,0,0,0,N,N,N,6,2026,2,N,None
CUST1003716,0,0,0,1,0,0,0,1,N,N,Y,6,2026,2,Y,MF
CUST1003717,0,0,1,1,0,0,0,0,N,N,N,6,2026,2,N,None
CUST1003718,2,2,0,1,3,0,0,0,N,N,Y,6,2026,4,N,SA
CUST1003719,0,1,0,1,0,1,0,0,N,N,Y,6,2026,3,N,None
CUST1003720,0,0,0,1,0,0,1,0,Y,Y,Y,6,2026,2,N,None
CUST1003721,0,0,0,1,0,2,0,0,N,N,Y,6,2026,2,Y,PL
CUST1003722,0,0,0,1,1,0,0,0,N,N,Y,6,2026,2,N,None
CUST1003723,0,0,0,1,0,0,0,0,N,N,Y,6,2026,1,Y,AL
CUST1003724,2,0,0,1,0,1,0,0,Y,N,N,6,2026,3,N,None
CUST1003725,2,0,0,1,0,0,0,0,N,N,N,6,2026,2,N,None
CUST1003726,1,0,0,1,0,0,0,0,N,N,Y,6,2026,2,N,None
CUST1003727,0,0,0,1,1,0,0,1,Y,N,Y,6,2026,3,Y,CC
CUST1003728,0,1,0,1,0,0,0,1,N,N,Y,6,2026,3,Y,AL
CUST1003729,0,2,0,1,0,1,0,0,N,N,N,6,2026,3,Y,HF
CUST1003730,0,2,0,1,0,2,0,0,N,N,N,6,2026,3,N,None
CUST1003731,0,0,0,0,3,2,0,0,N,N,Y,6,2026,2,N,None
CUST1003732,0,0,0,1,1,0,0,0,N,N,N,6,2026,2,N,AL
CUST1003733,0,0,0,1,0,0,1,0,N,N,N,6,2026,2,N,CC
CUST1003734,0,0,0,1,2,0,0,0,N,N,N,6,2026,2,Y,AL
CUST1003735,0,0,0,0,0,0,0,0,N,N,N,6,2026,0,N,None
CUST1003736,0,0,0,1,0,1,1,0,N,N,Y,6,2026,3,N,None
CUST1003737,1,2,0,1,0,0,1,0,N,N,Y,6,2026,4,Y,MF
CUST1003738,0,2,0,1,1,1,0,0,N,N,Y,6,2026,4,Y,HF
CUST1003739,0,2,0,1,0,0,0,0,N,N,Y,6,2026,2,N,None
CUST1003740,2,1,0,1,0,0,0,0,N,N,Y,6,2026,3,Y,SA
CUST1003741,0,1,0,1,0,0,0,0,N,Y,N,6,2026,2,Y,SA
CUST1003742,0,2,0,1,0,0,0,0,N,N,Y,6,2026,2,N,None
CUST1003743,0,0,0,1,0,2,0,0,N,N,Y,6,2026,2,Y,CC
CUST1003744,0,2,0,1,0,1,0,0,N,N,Y,6,2026,3,N,None
CUST1003745,0,0,0,1,0,0,0,1,N,N,N,6,2026,2,N,None
CUST1003746,0,2,0,0,0,2,0,0,Y,N,Y,6,2026,2,N,None
CUST1003747,0,2,0,1,0,0,0,0,Y,N,N,6,2026,2,Y,CC
CUST1003748,0,0,0,1,3,0,1,0,N,N,Y,6,2026,3,N,None
CUST1003749,0,1,0,1,3,0,0,1,N,N,Y,6,2026,4,N,None
CUST1003750,0,0,0,1,0,0,0,0,N,N,N,6,2026,1,Y,RD
CUST1003751,0,0,1,1,0,0,0,1,N,N,N,6,2026,3,N,None
CUST1003752,0,2,0,1,0,0,0,0,N,N,Y,6,2026,2,N,None
CUST1003753,0,0,0,1,0,0,1,0,N,N,Y,6,2026,2,N,None
CUST1003754,0,0,0,1,0,0,0,0,N,N,Y,6,2026,1,N,None
CUST1003755,0,0,0,1,0,1,0,0,N,N,N,6,2026,2,Y,HF
CUST1003756,0,0,0,1,0,0,0,1,N,N,Y,6,2026,2,N,SA
CUST1003757,0,2,0,1,0,0,0,0,N,N,N,6,2026,2,N,None
CUST1003758,2,0,0,1,0,1,0,0,N,N,Y,6,2026,3,N,None
CUST1003759,0,0,0,1,3,0,0,0,N,N,N,6,2026,2,Y,RD
CUST1003760,0,2,0,1,2,0,0,0,N,N,N,6,2026,3,Y,SA
CUST1003761,2,0,0,1,3,0,0,0,N,N,Y,6,2026,3,N,None
CUST1003762,0,1,0,1,0,0,0,0,N,N,N,6,2026,2,Y,CC
CUST1003763,0,2,0,1,2,0,0,0,N,N,N,6,2026,3,Y,AL
CUST1003764,0,1,0,1,0,0,0,0,N,N,Y,6,2026,2,Y,RD
CUST1003765,0,0,0,1,0,0,0,0,N,N,N,6,2026,1,N,None
CUST1003766,0,2,0,1,0,0,0,0,Y,N,N,6,2026,2,N,None
CUST1003767,0,0,1,0,0,0,0,0,N,N,N,6,2026,1,N,CC
CUST1003768,0,1,0,1,3,1,0,0,N,N,N,6,2026,4,N,None
CUST1003769,0,1,0,1,0,0,0,0,N,N,N,6,2026,2,N,None
CUST1003770,0,1,0,1,0,0,0,0,Y,N,Y,6,2026,2,Y,AL
CUST1003771,0,2,0,1,0,0,0,0,Y,N,N,6,2026,2,N,None
CUST1003772,0,1,0,1,0,0,0,0,N,N,Y,6,2026,2,Y,CC
CUST1003773,1,0,0,1,1,0,0,0,N,N,Y,6,2026,3,Y,SA
CUST1003774,0,0,0,1,0,0,0,0,N,N,N,6,2026,1,Y,CC
CUST1003775,0,0,0,1,0,0,0,0,N,N,Y,6,2026,1,Y,RD
CUST1003776,0,0,0,1,0,0,0,0,N,Y,Y,6,2026,1,Y,MF
CUST1003777,0,1,0,1,0,0,0,0,N,N,N,6,2026,2,N,AL
CUST1003778,2,0,0,1,0,0,0,0,N,N,N,6,2026,2,N,None
CUST1003779,0,0,0,1,2,1,0,0,N,N,N,6,2026,3,N,SA
CUST1003780,0,2,0,1,0,0,0,0,N,N,Y,6,2026,2,N,None
CUST1003781,1,0,0,1,0,0,0,0,N,N,Y,6,2026,2,N,None
CUST1003782,0,2,0,1,0,0,0,0,Y,N,N,6,2026,2,N,SA
CUST1003783,2,2,0,1,0,0,0,0,Y,N,Y,6,2026,3,N,None
CUST1003784,0,1,0,1,0,0,0,1,Y,N,N,6,2026,3,N,None
CUST1003785,1,1,0,1,0,0,0,0,N,N,Y,6,2026,3,N,None
CUST1003786,0,1,0,1,2,1,0,0,Y,N,N,6,2026,4,Y,RD
CUST1003787,0,1,0,1,3,0,0,0,N,N,Y,6,2026,3,Y,CC
CUST1003788,0,2,1,1,0,0,0,0,N,N,N,6,2026,3,N,RD
CUST1003789,0,0,0,1,0,1,0,0,N,N,N,6,2026,2,N,None
CUST1003790,2,2,0,1,3,0,0,0,N,Y,Y,6,2026,4,N,None
CUST1003791,0,1,0,1,0,0,1,0,Y,N,Y,6,2026,3,N,None
CUST1003792,0,1,0,1,0,0,0,0,N,N,N,6,2026,2,N,None
CUST1003793,2,0,0,1,0,0,1,0,N,N,N,6,2026,3,Y,MF
CUST1003794,0,0,0,1,0,0,0,1,Y,N,N,6,2026,2,N,None
CUST1003795,0,0,0,1,0,0,0,0,N,N,N,6,2026,1,N,None
CUST1003796,0,0,0,1,0,1,0,0,N,N,N,6,2026,2,N,None
CUST1003797,0,0,0,1,0,0,0,1,N,N,N,6,2026,2,N,None
CUST1003798,0,0,0,1,0,0,0,0,N,N,Y,6,2026,1,Y,AL
CUST1003799,0,0,0,1,0,2,0,0,Y,N,Y,6,2026,2,Y,MF
CUST1003800,0,1,0,1,0,0,0,0,N,N,Y,6,2026,2,N,None
CUST1003801,0,0,0,1,0,0,0,0,Y,Y,N,6,2026,1,Y,SA
CUST1003802,0,0,0,1,0,0,0,0,N,N,N,6,2026,1,N,PL
CUST1003803,0,0,0,1,0,0,0,1,N,N,N,6,2026,2,N,None
CUST1003804,0,0,0,0,2,0,0,0,N,N,N,6,2026,1,N,None
CUST1003805,0,2,0,1,2,0,0,0,N,N,N,6,2026,3,N,None
CUST1003806,0,0,0,1,0,0,0,1,Y,N,Y,6,2026,2,Y,HL
CUST1003807,0,0,0,1,2,0,0,0,N,N,Y,6,2026,2,Y,HL
CUST1003808,0,0,0,1,0,0,0,0,N,N,Y,6,2026,1,N,None
CUST1003809,0,0,0,1,0,0,0,0,N,N,N,6,2026,1,Y,CC
CUST1003810,0,1,0,1,3,0,0,0,N,N,N,6,2026,3,Y,AL
CUST1003811,0,0,0,1,3,0,0,0,N,N,Y,6,2026,2,N,None
CUST1003812,0,0,0,1,2,1,0,0,N,N,Y,6,2026,3,Y,MF
CUST1003813,0,1,0,1,0,0,0,0,N,N,Y,6,2026,2,N,None
CUST1003814,0,0,0,1,0,0,0,0,N,N,Y,6,2026,1,N,None
CUST1003815,0,2,0,1,2,0,0,0,N,N,Y,6,2026,3,N,None
CUST1003816,1,0,0,1,0,0,0,0,Y,N,N,6,2026,2,Y,MF
CUST1003817,0,0,0,1,0,1,0,0,N,N,Y,6,2026,2,N,None
CUST1003818,0,0,1,1,0,0,0,0,N,N,Y,6,2026,2,Y,SA
CUST1003819,0,0,0,0,0,1,0,0,N,N,Y,6,2026,1,Y,CC
CUST1003820,0,0,0,1,0,0,0,0,N,N,Y,6,2026,1,N,None
CUST1003821,0,1,0,1,0,0,0,0,N,N,Y,6,2026,2,Y,RD
CUST1003822,0,2,0,1,0,2,0,0,N,N,Y,6,2026,3,Y,CC
CUST1003823,0,0,0,1,0,0,0,0,N,N,Y,6,2026,1,Y,CC
CUST1003824,2,0,0,1,0,0,0,0,Y,N,Y,6,2026,2,Y,SA
CUST1003825,0,2,0,1,0,0,0,0,N,N,N,6,2026,2,Y,SA
CUST1003826,0,0,0,1,0,0,0,0,N,N,N,6,2026,1,Y,CC
CUST1003827,0,2,0,1,0,0,0,0,N,N,N,6,2026,2,N,None
CUST1003828,0,0,0,1,0,0,1,0,Y,N,Y,6,2026,2,Y,AL
CUST1003829,0,0,0,0,0,0,0,0,N,N,N,6,2026,0,Y,AL
CUST1003830,1,2,0,1,0,0,0,0,N,N,Y,6,2026,3,N,RD
CUST1003831,0,1,0,1,0,0,0,0,N,N,Y,6,2026,2,N,AL
CUST1003832,0,0,0,1,0,0,0,0,Y,N,Y,6,2026,1,N,None
CUST1003833,0,0,0,1,0,0,0,0,N,N,Y,6,2026,1,Y,SA
CUST1003834,1,0,0,0,0,0,0,0,Y,N,N,6,2026,1,N,None
CUST1003835,0,2,0,1,0,1,0,0,N,N,Y,6,2026,3,N,None
CUST1003836,1,2,0,1,0,0,0,0,N,N,Y,6,2026,3,Y,CC
CUST1003837,2,2,0,1,0,1,0,0,N,N,N,6,2026,4,N,None
CUST1003838,0,0,0,1,0,2,1,0,N,N,Y,6,2026,3,N,None
CUST1003839,0,2,0,1,1,0,0,0,Y,N,Y,6,2026,3,N,None
CUST1003840,0,0,0,1,0,2,0,1,N,N,N,6,2026,3,N,None
CUST1003841,0,1,0,1,0,2,0,0,N,N,Y,6,2026,3,N,None
CUST1003842,0,0,0,1,1,0,0,0,N,N,Y,6,2026,2,N,None
CUST1003843,0,2,0,1,0,0,0,1,Y,N,N,6,2026,3,N,None
CUST1003844,0,0,0,1,0,0,0,0,N,N,Y,6,2026,1,N,SA
CUST1003845,2,0,0,1,0,0,0,1,N,N,N,6,2026,3,N,None
CUST1003846,0,1,0,1,3,0,0,0,N,N,N,6,2026,3,N,None
CUST1003847,0,0,0,1,0,0,0,0,N,N,N,6,2026,1,N,None
CUST1003848,1,0,0,1,0,0,0,1,Y,Y,N,6,2026,3,Y,AL
CUST1003849,0,0,0,1,1,0,0,0,N,N,Y,6,2026,2,Y,RD
CUST1003850,0,2,0,1,1,0,0,0,Y,N,N,6,2026,3,Y,CC
CUST1003851,0,1,0,1,0,0,0,0,N,N,N,6,2026,2,Y,AL
CUST1003852,0,0,0,1,3,0,0,0,N,N,N,6,2026,2,N,AL
CUST1003853,0,0,0,1,0,2,0,1,N,N,Y,6,2026,3,N,None
CUST1003854,0,0,0,1,1,2,0,0,Y,N,Y,6,2026,3,N,CC
CUST1003855,0,0,0,1,0,0,0,0,N,N,Y,6,2026,1,N,RD
CUST1003856,0,0,0,1,2,0,0,0,N,N,N,6,2026,2,N,None
CUST1003857,0,1,0,1,0,2,0,1,N,N,Y,6,2026,4,Y,MF
CUST1003858,0,1,0,1,0,0,0,0,N,N,N,6,2026,2,Y,MF
CUST1003859,0,2,0,1,0,0,0,1,N,N,N,6,2026,3,N,None
CUST1003860,0,1,0,1,0,1,0,0,N,N,Y,6,2026,3,N,None
CUST1003861,0,1,0,1,0,0,1,0,N,N,N,6,2026,3,N,None
CUST1003862,0,2,0,1,0,2,1,0,N,N,Y,6,2026,4,N,None
CUST1003863,0,2,0,1,1,2,0,0,N,N,N,6,2026,4,N,None
CUST1003864,1,1,0,1,0,1,0,0,N,N,N,6,2026,4,N,None
CUST1003865,2,0,0,1,3,0,0,0,Y,N,Y,6,2026,3,N,None
CUST1003866,0,0,0,1,0,0,0,0,N,N,Y,6,2026,1,Y,SA
CUST1003867,1,2,0,1,0,1,0,0,N,N,N,6,2026,4,N,None
CUST1003868,1,0,0,1,0,0,0,0,N,N,N,6,2026,2,N,AL
CUST1003869,0,0,0,1,0,0,0,0,N,N,Y,6,2026,1,Y,CC
CUST1003870,0,0,0,1,0,0,0,0,N,N,Y,6,2026,1,N,CC
CUST1003871,1,0,0,1,0,0,0,0,N,N,Y,6,2026,2,N,None
CUST1003872,1,0,0,1,0,0,0,0,Y,N,Y,6,2026,2,N,RD
CUST1003873,0,1,0,1,0,0,0,0,N,N,Y,6,2026,2,Y,PL
CUST1003874,0,1,0,1,0,2,0,0,N,N,N,6,2026,3,Y,PL
CUST1003875,0,0,0,1,0,0,0,0,N,N,N,6,2026,1,N,None
CUST1003876,0,0,0,1,0,0,0,0,Y,N,N,6,2026,1,Y,PL
CUST1003877,0,1,0,1,0,0,0,0,N,N,N,6,2026,2,N,None
CUST1003878,0,2,0,1,0,0,0,0,N,N,Y,6,2026,2,N,None
CUST1003879,0,0,0,1,0,0,0,0,N,N,N,6,2026,1,N,None
CUST1003880,0,2,0,1,0,0,0,0,N,Y,Y,6,2026,2,Y,SA
CUST1003881,0,1,0,1,0,0,0,0,N,N,N,6,2026,2,Y,CC
CUST1003882,0,0,0,1,0,0,0,1,N,N,N,6,2026,2,Y,CC
CUST1003883,0,2,0,1,0,0,0,0,N,N,Y,6,2026,2,N,None
CUST1003884,0,0,0,1,3,0,0,0,N,N,N,6,2026,2,N,None
CUST1003885,0,0,0,1,0,2,0,0,Y,N,Y,6,2026,2,N,None
CUST1003886,0,0,0,1,0,0,0,0,N,N,Y,6,2026,1,Y,CC
CUST1003887,0,1,0,1,0,0,0,0,N,N,Y,6,2026,2,N,None
CUST1003888,0,0,0,1,0,0,0,0,N,N,Y,6,2026,1,N,None
CUST1003889,0,0,0,1,1,0,0,0,N,N,N,6,2026,2,Y,HF
CUST1003890,0,2,0,1,0,1,0,0,N,N,Y,6,2026,3,N,None
CUST1003891,0,2,0,1,0,0,0,0,N,N,N,6,2026,2,N,SA
CUST1003892,0,0,0,1,0,0,0,0,N,Y,Y,6,2026,1,N,None
CUST1003893,0,2,0,1,0,1,0,0,N,N,Y,6,2026,3,N,None
CUST1003894,0,0,0,1,0,0,0,0,N,N,Y,6,2026,1,N,None
CUST1003895,0,0,0,1,0,0,0,0,Y,N,N,6,2026,1,N,PL
CUST1003896,0,1,0,0,0,2,0,0,N,N,N,6,2026,2,Y,RD
CUST1003897,0,2,0,1,2,1,0,0,N,N,N,6,2026,4,N,None
CUST1003898,0,0,0,1,0,0,0,0,N,N,N,6,2026,1,Y,SA
CUST1003899,0,2,0,1,1,2,0,0,N,N,N,6,2026,4,Y,AL
CUST1003900,0,0,0,1,0,0,0,1,N,N,N,6,2026,2,N,RD
CUST1003901,0,0,0,1,0,0,0,0,N,N,Y,6,2026,1,N,None
CUST1003902,0,0,0,1,0,0,0,0,N,N,N,6,2026,1,N,None
CUST1003903,0,0,0,1,3,2,0,0,N,N,N,6,2026,3,Y,SA
CUST1003904,0,0,0,1,2,0,0,0,N,N,Y,6,2026,2,Y,AL
CUST1003905,0,0,0,1,0,2,0,0,N,N,N,6,2026,2,N,None
CUST1003906,0,0,0,1,0,0,0,0,N,N,Y,6,2026,1,N,None
CUST1003907,0,1,0,1,0,0,0,0,Y,N,Y,6,2026,2,N,None
CUST1003908,0,0,0,1,0,0,0,0,N,N,Y,6,2026,1,Y,CC
CUST1003909,2,0,0,1,1,0,0,0,N,N,Y,6,2026,3,Y,MF
CUST1003910,0,2,0,1,0,0,0,0,N,N,Y,6,2026,2,N,None
CUST1003911,0,0,0,1,0,0,0,0,N,N,Y,6,2026,1,N,CC
CUST1003912,0,0,0,1,0,0,0,0,N,N,Y,6,2026,1,N,None
CUST1003913,0,0,0,1,0,0,0,1,N,N,N,6,2026,2,N,None
CUST1003914,0,0,0,1,0,0,0,0,N,N,Y,6,2026,1,Y,AL
CUST1003915,0,0,0,1,0,2,0,0,N,N,N,6,2026,2,Y,SA
CUST1003916,0,2,0,1,0,0,0,0,N,N,Y,6,2026,2,N,None
CUST1003917,0,1,0,1,0,1,0,0,N,N,N,6,2026,3,N,None
CUST1003918,0,2,0,1,0,1,0,0,N,N,N,6,2026,3,N,None
CUST1003919,0,0,0,1,1,1,0,0,N,N,Y,6,2026,3,N,None
CUST1003920,0,0,0,1,0,1,0,0,N,N,N,6,2026,2,Y,MF
CUST1003921,0,2,0,1,0,0,0,1,N,N,N,6,2026,3,N,SA
CUST1003922,0,0,0,1,0,0,0,0,Y,N,N,6,2026,1,N,None
CUST1003923,0,0,0,1,3,0,0,0,N,N,Y,6,2026,2,N,None
CUST1003924,0,0,0,1,0,0,0,1,N,N,Y,6,2026,2,N,None
CUST1003925,0,1,0,1,2,1,0,0,Y,N,Y,6,2026,4,N,None
CUST1003926,0,0,0,1,0,0,0,0,N,N,N,6,2026,1,N,None
CUST1003927,0,1,0,1,0,2,0,0,N,N,Y,6,2026,3,Y,SA
CUST1003928,0,0,0,1,0,0,0,0,N,N,Y,6,2026,1,Y,AL
CUST1003929,0,0,1,1,0,0,1,0,N,N,N,6,2026,3,N,None
CUST1003930,0,0,0,1,2,0,1,1,N,N,Y,6,2026,4,N,None
CUST1003931,0,0,0,1,0,0,0,0,Y,Y,N,6,2026,1,N,None
CUST1003932,0,0,0,1,0,0,0,0,N,N,N,6,2026,1,Y,CC
CUST1003933,0,0,0,1,0,0,0,0,N,N,N,6,2026,1,N,None
CUST1003934,0,0,0,1,0,0,0,0,Y,N,N,6,2026,1,N,None
CUST1003935,0,2,0,1,2,0,0,0,Y,N,N,6,2026,3,N,None
CUST1003936,0,0,0,1,0,0,0,0,N,N,N,6,2026,1,N,None
CUST1003937,0,1,0,1,0,2,0,0,N,N,Y,6,2026,3,Y,AL
CUST1003938,1,0,0,1,0,1,0,0,Y,N,N,6,2026,3,N,None
CUST1003939,0,2,0,1,0,0,0,0,N,N,N,6,2026,2,N,None
CUST1003940,0,1,0,1,1,0,0,0,N,N,N,6,2026,3,N,None
CUST1003941,0,0,0,1,0,1,1,0,N,N,N,6,2026,3,N,None
CUST1003942,1,2,0,1,0,0,0,0,N,Y,N,6,2026,3,N,None
CUST1003943,1,0,0,1,3,2,0,0,N,N,Y,6,2026,4,Y,SA
CUST1003944,0,0,0,1,0,1,0,1,N,N,N,6,2026,3,N,None
CUST1003945,0,0,0,1,0,0,0,0,N,N,Y,6,2026,1,Y,RD
CUST1003946,0,0,0,1,1,2,0,0,N,N,Y,6,2026,3,N,None
CUST1003947,0,0,0,1,0,0,0,0,N,N,Y,6,2026,1,Y,RD
CUST1003948,0,0,0,1,0,0,0,0,N,N,Y,6,2026,1,Y,MF
CUST1003949,0,0,0,0,0,1,0,0,N,N,N,6,2026,1,N,None
CUST1003950,0,2,0,1,0,0,0,0,N,N,N,6,2026,2,Y,PL
CUST1003951,0,2,1,1,0,0,0,0,N,N,N,6,2026,3,N,None
CUST1003952,0,0,0,1,0,0,0,0,N,N,Y,6,2026,1,N,None
CUST1003953,0,2,0,1,2,2,0,0,N,N,Y,6,2026,4,Y,AL
CUST1003954,0,2,0,1,0,0,0,0,N,N,Y,6,2026,2,Y,MF
CUST1003955,0,1,0,1,0,0,0,0,Y,N,Y,6,2026,2,N,None
CUST1003956,0,0,0,1,3,0,0,0,N,N,N,6,2026,2,N,SA
CUST1003957,0,2,0,1,0,0,1,0,N,N,Y,6,2026,3,N,None
CUST1003958,2,2,0,1,0,2,0,1,Y,N,Y,6,2026,5,N,None
CUST1003959,0,2,0,1,0,2,0,0,N,N,N,6,2026,3,N,None
CUST1003960,0,1,0,1,0,1,0,0,N,N,N,6,2026,3,N,None
CUST1003961,1,0,0,1,2,2,0,1,N,N,N,6,2026,5,N,None
CUST1003962,0,0,0,1,3,0,1,0,N,N,Y,6,2026,3,Y,HF
CUST1003963,0,1,0,1,2,1,0,0,N,N,Y,6,2026,4,Y,PL
CUST1003964,0,0,0,1,0,2,0,0,Y,N,Y,6,2026,2,Y,HL
CUST1003965,0,0,0,1,3,0,0,0,N,N,Y,6,2026,2,Y,PL
CUST1003966,0,0,0,1,0,0,0,0,N,Y,Y,6,2026,1,N,None
CUST1003967,0,0,0,1,0,0,0,0,N,N,Y,6,2026,1,N,None
CUST1003968,0,0,0,1,0,0,0,1,N,N,N,6,2026,2,Y,AL
CUST1003969,2,0,0,1,0,0,0,0,N,N,Y,6,2026,2,Y,PL
CUST1003970,1,0,0,1,2,0,0,0,Y,N,Y,6,2026,3,N,None
CUST1003971,0,1,0,1,0,0,1,0,N,N,N,6,2026,3,N,None
CUST1003972,0,0,0,1,0,0,0,0,N,N,Y,6,2026,1,N,None
CUST1003973,0,1,0,0,0,0,0,0,N,N,Y,6,2026,1,Y,PL
CUST1003974,0,0,0,1,2,2,0,0,N,N,Y,6,2026,3,N,None
CUST1003975,1,0,0,1,0,2,0,0,N,N,N,6,2026,3,N,None
CUST1003976,1,2,0,1,0,1,0,0,N,N,Y,6,2026,4,Y,RD
CUST1003977,0,1,0,1,0,1,0,0,N,N,Y,6,2026,3,Y,CC
CUST1003978,0,0,0,1,0,1,1,0,Y,N,Y,6,2026,3,Y,PL
CUST1003979,0,0,0,1,0,0,0,1,N,N,N,6,2026,2,Y,CC
CUST1003980,0,1,0,1,0,1,0,0,Y,N,Y,6,2026,3,N,PL
CUST1003981,0,0,0,1,0,0,1,0,Y,N,Y,6,2026,2,Y,SA
CUST1003982,0,0,0,1,3,0,0,0,N,N,Y,6,2026,2,N,None
CUST1003983,0,2,0,1,0,2,0,0,N,N,N,6,2026,3,N,None
CUST1003984,0,0,0,1,3,0,1,1,N,N,N,6,2026,4,N,None
CUST1003985,0,0,0,0,3,0,0,0,N,N,N,6,2026,1,N,RD
CUST1003986,1,0,0,1,0,2,0,0,N,N,Y,6,2026,3,N,HF
CUST1003987,0,1,0,1,0,0,0,0,N,Y,Y,6,2026,2,Y,SA
CUST1003988,0,0,0,1,0,0,0,0,N,N,Y,6,2026,1,N,None
CUST1003989,0,2,1,1,3,0,0,0,Y,N,Y,6,2026,4,Y,PL
CUST1003990,0,0,0,1,0,1,0,0,N,N,N,6,2026,2,Y,CC
CUST1003991,0,1,0,1,0,1,0,1,N,Y,N,6,2026,4,Y,SA
CUST1003992,0,2,0,1,0,1,0,1,N,N,Y,6,2026,4,N,None
CUST1003993,0,0,0,1,2,1,0,0,N,N,Y,6,2026,3,Y,AL
CUST1003994,2,0,0,1,3,0,0,0,N,N,N,6,2026,3,N,None
CUST1003995,0,2,0,1,0,0,0,0,Y,N,N,6,2026,2,N,None
CUST1003996,0,2,0,0,1,0,0,0,N,N,Y,6,2026,2,Y,RD
CUST1003997,0,2,0,1,0,0,0,1,Y,N,Y,6,2026,3,Y,RD
CUST1003998,0,2,0,1,1,2,0,0,N,N,N,6,2026,4,N,None
CUST1003999,0,1,0,1,0,2,0,0,N,N,N,6,2026,3,N,None
CUST1004000,0,1,0,1,0,0,0,0,Y,N,Y,6,2026,2,Y,CC
CUST1004001,0,1,0,0,1,1,1,0,N,N,N,6,2026,4,N,None
CUST1004002,1,0,0,1,0,1,0,0,N,N,N,6,2026,3,N,None
CUST1004003,0,0,0,1,1,0,0,0,N,N,N,6,2026,2,N,None
CUST1004004,0,2,0,0,0,0,0,0,N,N,N,6,2026,1,N,None
CUST1004005,2,0,0,1,1,0,0,0,N,N,Y,6,2026,3,Y,CC
CUST1004006,0,0,0,1,0,0,0,0,N,N,Y,6,2026,1,N,None
CUST1004007,0,1,0,1,0,1,1,0,Y,Y,N,6,2026,4,Y,PL
CUST1004008,0,0,0,1,2,0,0,0,N,N,N,6,2026,2,N,None
CUST1004009,0,0,0,1,0,0,0,0,Y,N,Y,6,2026,1,N,AL
CUST1004010,0,0,0,1,0,0,0,0,N,N,Y,6,2026,1,Y,RD
CUST1004011,0,1,0,1,0,0,0,0,N,N,N,6,2026,2,N,None
CUST1004012,0,0,0,1,0,0,0,0,N,N,N,6,2026,1,Y,CC
CUST1004013,0,1,0,1,0,0,0,1,Y,N,N,6,2026,3,N,RD
CUST1004014,0,0,0,1,0,2,0,0,N,N,N,6,2026,2,N,None
CUST1004015,0,2,0,1,0,0,0,0,N,N,N,6,2026,2,N,None
CUST1004016,0,2,0,1,2,0,0,0,N,N,N,6,2026,3,Y,SA
CUST1004017,0,0,0,1,0,0,0,0,N,N,Y,6,2026,1,N,None
CUST1004018,0,0,0,1,3,0,0,0,N,N,N,6,2026,2,N,None
CUST1004019,0,0,0,1,3,2,0,0,N,Y,N,6,2026,3,Y,RD
CUST1004020,0,2,0,1,0,0,0,0,N,N,N,6,2026,2,Y,RD
CUST1004021,0,0,0,1,0,0,0,0,N,N,N,6,2026,1,N,None
CUST1004022,2,0,0,1,0,2,0,0,N,N,N,6,2026,3,N,None
CUST1004023,2,0,0,1,0,0,0,0,Y,N,Y,6,2026,2,N,None
CUST1004024,0,0,0,1,1,0,0,0,N,N,Y,6,2026,2,N,MF
CUST1004025,0,0,0,1,0,1,0,0,N,N,Y,6,2026,2,N,None
CUST1004026,0,2,1,1,1,0,0,0,N,N,Y,6,2026,4,Y,AL
CUST1004027,1,0,1,1,2,0,0,0,N,N,N,6,2026,4,Y,RD
CUST1004028,0,0,0,1,0,0,1,0,N,N,Y,6,2026,2,Y,SA
CUST1004029,0,0,0,0,0,0,1,0,N,N,N,6,2026,1,N,None
CUST1004030,0,0,0,1,2,0,0,0,Y,N,N,6,2026,2,Y,RD
CUST1004031,0,1,0,1,0,0,0,0,N,N,Y,6,2026,2,N,None
CUST1004032,2,0,0,1,0,0,0,1,Y,N,N,6,2026,3,N,None
CUST1004033,0,2,0,1,0,1,0,0,N,N,Y,6,2026,3,N,None
CUST1004034,0,0,0,1,0,2,1,0,N,N,Y,6,2026,3,N,None
CUST1004035,0,0,0,1,0,2,0,1,Y,N,N,6,2026,3,N,None
CUST1004036,0,0,0,0,0,0,0,0,Y,N,N,6,2026,0,N,None
CUST1004037,1,2,0,1,0,1,0,0,N,N,N,6,2026,4,N,None
CUST1004038,0,1,0,1,0,1,0,0,N,N,Y,6,2026,3,N,None
CUST1004039,0,0,0,1,1,1,0,0,N,N,N,6,2026,3,N,None
CUST1004040,0,0,0,1,0,0,0,0,N,N,Y,6,2026,1,Y,PL
CUST1004041,0,0,0,0,0,2,0,0,N,N,N,6,2026,1,N,None
CUST1004042,0,2,0,1,3,0,1,0,N,N,Y,6,2026,4,N,None
CUST1004043,0,2,0,1,0,0,1,0,N,N,Y,6,2026,3,N,None
CUST1004044,0,0,0,1,2,0,0,1,N,N,N,6,2026,3,Y,SA
CUST1004045,0,1,0,1,0,2,0,0,N,N,N,6,2026,3,Y,HL
CUST1004046,2,0,0,1,0,1,0,0,N,N,N,6,2026,3,Y,CC
CUST1004047,0,0,0,1,0,0,0,0,N,N,Y,6,2026,1,N,None
CUST1004048,1,2,0,1,0,0,0,0,N,N,Y,6,2026,3,Y,PL
CUST1004049,0,1,0,1,0,0,0,0,N,Y,N,6,2026,2,N,None
CUST1004050,0,0,0,1,0,0,0,0,N,N,Y,6,2026,1,N,None
CUST1004051,0,1,0,1,0,0,0,1,Y,N,N,6,2026,3,N,RD
CUST1004052,0,0,0,1,2,1,0,0,N,N,Y,6,2026,3,Y,AL
CUST1004053,0,2,0,1,0,0,0,0,N,N,N,6,2026,2,Y,SA
CUST1004054,0,2,0,1,0,0,0,0,N,N,Y,6,2026,2,N,None
CUST1004055,0,2,0,1,0,0,1,0,N,Y,Y,6,2026,3,Y,SA
CUST1004056,0,1,0,1,0,0,0,0,N,N,Y,6,2026,2,N,None
CUST1004057,2,0,0,1,3,0,0,0,N,N,N,6,2026,3,N,None
CUST1004058,0,0,0,1,0,0,0,0,N,N,N,6,2026,1,N,None
CUST1004059,0,1,0,1,0,0,0,1,N,N,N,6,2026,3,N,None
CUST1004060,0,1,0,1,0,1,0,0,N,N,Y,6,2026,3,N,None
CUST1004061,0,0,0,1,0,0,0,0,N,Y,Y,6,2026,1,N,AL
CUST1004062,0,2,0,1,1,0,0,0,Y,N,N,6,2026,3,Y,RD
CUST1004063,0,1,0,1,0,0,0,0,Y,Y,Y,6,2026,2,N,None
CUST1004064,0,0,0,1,0,0,0,0,Y,N,Y,6,2026,1,N,MF
CUST1004065,0,0,0,1,1,0,0,0,N,N,N,6,2026,2,N,None
CUST1004066,0,2,0,1,2,2,0,0,N,N,Y,6,2026,4,N,None
CUST1004067,0,0,0,1,0,0,0,0,N,Y,N,6,2026,1,N,None
CUST1004068,2,0,0,1,0,2,0,0,N,N,N,6,2026,3,Y,AL
CUST1004069,0,0,0,1,0,0,1,0,N,N,Y,6,2026,2,Y,SA
CUST1004070,0,0,0,1,1,0,0,0,N,N,Y,6,2026,2,N,None
CUST1004071,0,0,0,1,0,0,0,1,N,N,N,6,2026,2,Y,PL
CUST1004072,0,1,0,1,1,0,0,0,N,N,Y,6,2026,3,Y,HF
CUST1004073,0,0,0,1,0,0,0,0,Y,Y,Y,6,2026,1,Y,SA
CUST1004074,0,0,0,1,0,0,0,0,Y,N,Y,6,2026,1,N,None
CUST1004075,2,2,0,1,0,0,0,0,N,N,Y,6,2026,3,N,None
CUST1004076,0,1,0,1,1,0,0,0,Y,N,Y,6,2026,3,Y,PL
CUST1004077,0,1,0,1,1,0,0,0,Y,Y,N,6,2026,3,N,None
CUST1004078,0,0,0,1,0,0,0,0,N,N,N,6,2026,1,Y,AL
CUST1004079,0,1,1,1,0,1,0,0,N,N,N,6,2026,4,N,None
CUST1004080,0,1,0,1,0,0,0,0,N,N,N,6,2026,2,Y,AL
CUST1004081,0,2,0,1,0,0,0,0,N,N,N,6,2026,2,Y,CC
CUST1004082,0,0,0,1,0,0,0,1,N,N,N,6,2026,2,Y,SA
CUST1004083,0,1,0,1,0,0,0,0,Y,N,N,6,2026,2,Y,PL
CUST1004084,0,2,0,1,0,0,0,0,N,N,Y,6,2026,2,Y,CC
CUST1004085,0,0,0,1,0,0,0,0,N,N,N,6,2026,1,N,None
CUST1004086,0,0,0,1,3,0,0,0,N,N,N,6,2026,2,Y,AL
CUST1004087,0,0,0,1,0,0,0,0,N,N,Y,6,2026,1,Y,RD
CUST1004088,0,0,0,1,0,2,0,0,N,N,Y,6,2026,2,N,None
CUST1004089,0,0,0,1,0,0,0,0,Y,N,N,6,2026,1,N,None
CUST1004090,0,0,0,0,0,0,0,0,N,N,Y,6,2026,0,N,None
CUST1004091,0,0,0,1,0,0,1,0,N,N,N,6,2026,2,Y,SA
CUST1004092,0,0,0,1,0,1,0,1,N,N,Y,6,2026,3,N,HL
CUST1004093,0,1,0,1,0,1,1,0,N,N,Y,6,2026,4,N,None
CUST1004094,0,2,0,1,0,2,0,0,N,N,N,6,2026,3,Y,RD
CUST1004095,2,1,0,1,0,0,0,1,N,N,Y,6,2026,4,N,None
CUST1004096,0,2,0,1,0,0,1,0,N,N,N,6,2026,3,Y,HF
CUST1004097,0,1,0,1,0,1,0,0,Y,N,N,6,2026,3,N,None
CUST1004098,0,0,0,1,0,2,0,0,N,N,Y,6,2026,2,Y,SA
CUST1004099,0,0,0,1,0,0,0,0,N,N,Y,6,2026,1,Y,SA
CUST1004100,1,0,0,1,0,0,1,0,N,N,N,6,2026,3,N,None
CUST1004101,0,0,0,1,0,0,0,0,N,N,N,6,2026,1,N,None
CUST1004102,0,0,0,1,0,0,0,0,N,N,Y,6,2026,1,N,None
CUST1004103,0,0,0,1,0,0,0,0,N,N,Y,6,2026,1,Y,PL
CUST1004104,0,0,0,1,1,0,0,0,Y,N,Y,6,2026,2,Y,MF
CUST1004105,0,0,0,0,0,2,0,0,N,N,N,6,2026,1,N,None
CUST1004106,0,0,0,1,0,0,0,0,N,Y,Y,6,2026,1,Y,AL
CUST1004107,0,2,0,1,0,1,0,0,Y,N,N,6,2026,3,Y,CC
CUST1004108,0,1,0,1,2,2,0,0,Y,N,N,6,2026,4,N,None
CUST1004109,0,0,0,1,1,0,0,0,N,N,Y,6,2026,2,Y,HF
CUST1004110,0,0,0,1,0,0,0,1,N,N,N,6,2026,2,Y,RD
CUST1004111,0,1,0,1,0,0,0,1,N,N,N,6,2026,3,N,CC
CUST1004112,0,0,0,1,0,0,0,1,N,N,N,6,2026,2,Y,AL
CUST1004113,2,0,0,1,0,0,0,0,N,N,N,6,2026,2,N,RD
CUST1004114,0,0,0,1,0,0,0,0,N,N,N,6,2026,1,Y,PL
CUST1004115,0,0,0,1,0,1,0,0,N,N,Y,6,2026,2,Y,CC
CUST1004116,2,0,0,1,0,0,0,0,N,N,N,6,2026,2,N,None
CUST1004117,0,2,0,1,2,0,0,0,N,N,Y,6,2026,3,N,None
CUST1004118,0,2,0,1,1,0,0,0,Y,Y,N,6,2026,3,N,None
CUST1004119,0,2,0,1,0,0,0,0,N,N,Y,6,2026,2,N,None
CUST1004120,0,1,0,1,0,1,0,0,N,N,Y,6,2026,3,N,None
CUST1004121,0,1,0,1,0,0,0,0,Y,N,Y,6,2026,2,N,None
CUST1004122,0,0,1,1,0,0,0,1,N,N,N,6,2026,3,Y,CC
CUST1004123,0,0,0,1,0,0,0,0,N,N,N,6,2026,1,Y,PL
CUST1004124,0,0,0,1,0,0,0,0,N,N,N,6,2026,1,Y,AL
CUST1004125,0,2,0,1,0,0,0,0,Y,N,N,6,2026,2,N,SA
CUST1004126,0,0,0,1,0,2,0,0,N,N,Y,6,2026,2,Y,CC
CUST1004127,0,1,0,1,0,1,0,1,Y,N,N,6,2026,4,N,None
CUST1004128,0,0,0,1,0,0,0,0,N,N,N,6,2026,1,Y,AL
CUST1004129,0,0,0,1,0,0,0,0,N,N,N,6,2026,1,N,None
CUST1004130,0,0,0,1,0,0,0,0,N,N,N,6,2026,1,Y,CC
CUST1004131,0,2,0,1,0,0,0,0,N,N,Y,6,2026,2,Y,RD
CUST1004132,0,2,0,1,0,0,0,0,N,N,Y,6,2026,2,Y,PL
CUST1004133,0,0,0,1,0,1,0,0,N,N,N,6,2026,2,Y,CC
CUST1004134,1,0,0,1,0,0,0,0,N,N,Y,6,2026,2,Y,PL
CUST1004135,0,2,0,1,1,0,0,0,Y,N,Y,6,2026,3,N,None
CUST1004136,0,0,0,1,3,0,0,1,Y,N,Y,6,2026,3,N,None
CUST1004137,0,1,0,0,0,0,0,0,N,N,Y,6,2026,1,N,None
CUST1004138,0,0,0,1,0,1,0,1,N,N,N,6,2026,3,Y,SA
CUST1004139,2,0,0,1,0,0,0,0,N,N,N,6,2026,2,N,None
CUST1004140,0,0,0,1,1,0,0,0,N,N,N,6,2026,2,N,None
CUST1004141,0,0,0,1,2,2,0,0,Y,Y,N,6,2026,3,N,None
CUST1004142,0,0,0,1,0,0,0,0,N,N,N,6,2026,1,N,None
CUST1004143,0,0,0,1,0,0,0,0,N,N,N,6,2026,1,N,None
CUST1004144,0,0,0,1,3,0,0,0,Y,N,N,6,2026,2,N,None
CUST1004145,0,0,0,1,1,0,0,0,N,N,N,6,2026,2,N,None
CUST1004146,0,0,0,1,0,0,0,0,N,N,Y,6,2026,1,N,SA
CUST1004147,0,0,0,1,0,0,0,0,Y,N,N,6,2026,1,Y,PL
CUST1004148,0,1,0,1,0,0,0,0,N,N,Y,6,2026,2,Y,RD
CUST1004149,1,2,0,1,3,0,0,0,Y,N,N,6,2026,4,Y,AL
CUST1004150,0,1,0,1,0,0,0,1,Y,N,N,6,2026,3,N,MF
CUST1004151,0,2,0,1,0,2,0,0,N,N,Y,6,2026,3,N,None
CUST1004152,0,2,0,1,3,0,0,0,N,N,Y,6,2026,3,N,MF
CUST1004153,0,0,0,1,3,2,0,0,N,N,N,6,2026,3,N,PL
CUST1004154,0,0,0,1,0,1,0,0,N,N,N,6,2026,2,N,None
CUST1004155,0,0,0,1,0,0,0,0,N,N,N,6,2026,1,N,None
CUST1004156,0,2,0,1,0,0,0,1,N,Y,Y,6,2026,3,N,None
CUST1004157,0,0,0,1,3,1,0,0,N,N,N,6,2026,3,N,None
CUST1004158,0,2,0,1,0,0,0,0,N,N,Y,6,2026,2,N,None
CUST1004159,2,2,0,1,2,0,1,1,N,N,N,6,2026,6,Y,SA
CUST1004160,0,0,0,1,0,1,0,0,Y,N,Y,6,2026,2,Y,CC
CUST1004161,0,0,0,1,0,1,0,1,N,N,Y,6,2026,3,N,None
CUST1004162,0,1,1,1,0,0,0,0,Y,N,Y,6,2026,3,N,None
CUST1004163,0,2,0,1,2,0,0,0,N,N,N,6,2026,3,Y,PL
CUST1004164,0,2,0,1,0,0,0,0,N,N,Y,6,2026,2,N,None
CUST1004165,2,0,0,1,0,0,1,1,N,N,Y,6,2026,4,N,None
CUST1004166,0,1,0,1,0,0,0,1,Y,N,Y,6,2026,3,N,None
CUST1004167,0,0,1,1,0,0,0,0,N,N,Y,6,2026,2,N,None
CUST1004168,0,0,0,1,0,0,0,0,N,N,Y,6,2026,1,Y,AL
CUST1004169,0,0,0,1,3,0,0,0,N,N,N,6,2026,2,N,None
CUST1004170,1,0,0,1,2,1,1,0,N,N,N,6,2026,5,N,None
CUST1004171,0,1,1,1,0,0,0,0,N,N,Y,6,2026,3,Y,RD
CUST1004172,0,1,0,1,0,0,1,0,N,N,Y,6,2026,3,Y,RD
CUST1004173,0,1,0,1,2,1,0,1,Y,N,Y,6,2026,5,N,None
CUST1004174,2,0,0,1,0,0,0,0,N,Y,N,6,2026,2,Y,RD
CUST1004175,0,2,0,0,0,0,0,0,N,N,Y,6,2026,1,Y,CC
CUST1004176,0,0,0,1,3,0,0,0,N,N,N,6,2026,2,N,None
CUST1004177,1,0,0,1,0,0,0,0,N,N,Y,6,2026,2,N,None
CUST1004178,0,2,0,1,1,1,0,0,N,N,Y,6,2026,4,Y,HL
CUST1004179,1,0,0,1,3,1,0,0,N,N,Y,6,2026,4,N,None
CUST1004180,0,0,0,1,3,0,1,0,N,N,Y,6,2026,3,N,None
CUST1004181,0,1,0,1,0,0,0,1,N,N,Y,6,2026,3,N,None
CUST1004182,2,1,0,1,1,0,1,0,N,N,Y,6,2026,5,Y,PL
CUST1004183,0,0,0,1,0,0,0,0,N,N,Y,6,2026,1,N,None
CUST1004184,2,0,0,1,0,0,0,0,Y,N,N,6,2026,2,N,SA
CUST1004185,0,1,0,1,0,1,0,0,N,N,N,6,2026,3,N,None
CUST1004186,0,2,0,1,0,0,0,0,N,N,Y,6,2026,2,Y,MF
CUST1004187,0,0,0,1,0,0,0,0,Y,N,N,6,2026,1,Y,SA
CUST1004188,2,0,0,0,0,0,0,0,N,Y,N,6,2026,1,N,None
CUST1004189,0,0,0,1,2,2,1,0,N,N,Y,6,2026,4,N,None
CUST1004190,0,0,0,1,0,1,0,0,N,N,Y,6,2026,2,N,None
CUST1004191,0,2,0,1,0,0,0,0,N,N,N,6,2026,2,N,None
CUST1004192,0,2,0,1,0,0,0,0,N,N,Y,6,2026,2,Y,MF
CUST1004193,0,0,0,1,0,0,0,0,N,N,Y,6,2026,1,N,None
CUST1004194,1,1,0,1,0,0,0,0,Y,N,N,6,2026,3,N,None
CUST1004195,0,0,0,1,0,1,0,1,N,N,Y,6,2026,3,N,None
CUST1004196,0,2,0,1,0,0,0,0,Y,N,N,6,2026,2,N,None
CUST1004197,0,2,0,1,0,0,0,1,N,N,Y,6,2026,3,N,None
CUST1004198,0,0,0,1,0,0,0,1,Y,N,N,6,2026,2,N,None
CUST1004199,0,0,0,1,0,0,0,0,Y,N,Y,6,2026,1,N,MF
CUST1004200,0,0,0,1,0,0,0,0,N,N,Y,6,2026,1,Y,CC
CUST1004201,0,2,0,1,0,0,0,1,N,N,N,6,2026,3,N,None
CUST1004202,0,0,0,1,0,2,0,0,N,N,Y,6,2026,2,N,None
CUST1004203,0,1,0,1,0,0,0,0,N,N,N,6,2026,2,Y,PL
CUST1004204,0,0,0,1,0,0,0,0,Y,N,Y,6,2026,1,N,None
CUST1004205,0,1,0,1,0,0,0,0,Y,N,N,6,2026,2,Y,AL
CUST1004206,0,1,0,1,2,0,0,1,Y,N,N,6,2026,4,N,None
CUST1004207,0,1,0,1,0,0,0,0,N,N,Y,6,2026,2,Y,AL
CUST1004208,2,1,0,1,0,0,0,0,N,N,N,6,2026,3,Y,RD
CUST1004209,0,2,0,1,0,0,0,0,N,N,N,6,2026,2,Y,HF
CUST1004210,0,0,0,1,2,0,0,0,Y,N,Y,6,2026,2,N,None
CUST1004211,0,0,0,1,0,0,0,0,N,N,Y,6,2026,1,N,None
CUST1004212,0,1,0,1,0,0,0,0,N,N,Y,6,2026,2,Y,CC
CUST1004213,0,0,0,1,0,0,0,0,N,Y,Y,6,2026,1,N,None
CUST1004214,0,0,0,1,0,2,0,0,N,N,Y,6,2026,2,Y,CC
CUST1004215,2,2,0,1,0,0,0,0,N,N,N,6,2026,3,N,AL
CUST1004216,1,2,0,1,0,1,0,0,N,N,Y,6,2026,4,N,None
CUST1004217,0,0,0,1,0,0,0,0,N,N,N,6,2026,1,N,None
CUST1004218,0,0,1,1,0,0,1,0,Y,N,N,6,2026,3,Y,RD
CUST1004219,0,0,1,1,0,1,0,0,N,N,N,6,2026,3,Y,AL
CUST1004220,0,0,0,1,0,2,0,0,N,N,Y,6,2026,2,Y,PL
CUST1004221,0,1,0,1,0,0,0,0,N,N,N,6,2026,2,Y,MF
CUST1004222,0,1,0,1,0,0,0,0,N,N,N,6,2026,2,N,None
CUST1004223,0,2,0,1,0,0,0,0,N,N,N,6,2026,2,N,None
CUST1004224,0,0,0,1,1,1,0,0,N,N,Y,6,2026,3,Y,SA
CUST1004225,0,0,0,1,0,0,0,0,N,N,Y,6,2026,1,Y,CC
CUST1004226,0,0,0,1,0,2,0,0,N,N,Y,6,2026,2,N,None
CUST1004227,2,0,0,1,0,0,0,0,N,N,N,6,2026,2,Y,HF
CUST1004228,0,0,0,1,1,0,0,0,N,N,Y,6,2026,2,N,None
CUST1004229,0,2,0,1,0,0,0,1,N,N,N,6,2026,3,Y,CC
CUST1004230,0,0,0,1,0,0,0,0,N,N,N,6,2026,1,Y,HF
CUST1004231,2,0,0,1,0,0,0,0,N,N,N,6,2026,2,Y,CC
CUST1004232,0,0,0,1,2,0,0,0,N,N,N,6,2026,2,N,None
CUST1004233,0,0,0,1,0,1,1,0,N,N,N,6,2026,3,N,None
CUST1004234,0,0,0,1,0,0,0,0,N,Y,N,6,2026,1,Y,CC
CUST1004235,0,0,0,1,2,1,0,0,N,N,Y,6,2026,3,N,None
CUST1004236,0,2,0,1,0,0,0,0,Y,N,Y,6,2026,2,Y,SA
CUST1004237,0,1,0,1,0,2,0,0,N,N,N,6,2026,3,N,None
CUST1004238,0,0,0,1,0,2,0,0,N,N,N,6,2026,2,Y,RD
CUST1004239,0,0,0,1,0,0,0,1,N,N,Y,6,2026,2,N,RD
CUST1004240,0,0,0,1,0,0,0,0,N,N,Y,6,2026,1,Y,RD
CUST1004241,0,0,0,1,0,0,0,0,N,N,Y,6,2026,1,Y,AL
CUST1004242,1,0,0,1,0,0,0,0,N,N,N,6,2026,2,N,SA
CUST1004243,2,2,0,1,0,0,0,0,N,N,N,6,2026,3,N,None
CUST1004244,1,0,0,1,0,0,0,0,N,N,N,6,2026,2,Y,PL
CUST1004245,0,1,0,1,0,0,1,0,N,N,Y,6,2026,3,Y,MF
CUST1004246,0,1,0,1,0,0,0,0,N,N,N,6,2026,2,N,None
CUST1004247,2,0,1,1,0,0,0,0,N,N,Y,6,2026,3,N,None
CUST1004248,0,0,0,1,0,1,0,0,N,N,N,6,2026,2,N,CC
CUST1004249,0,0,0,1,0,0,0,0,N,N,N,6,2026,1,N,None
CUST1004250,0,2,0,1,0,0,0,1,N,N,Y,6,2026,3,N,None
CUST1004251,2,1,0,1,0,0,0,0,N,N,N,6,2026,3,N,None
CUST1004252,0,0,0,0,1,0,0,0,N,N,Y,6,2026,1,N,None
CUST1004253,0,1,0,0,0,0,0,0,N,N,N,6,2026,1,Y,RD
CUST1004254,0,1,0,1,0,0,0,0,Y,N,N,6,2026,2,Y,AL
CUST1004255,2,2,0,1,0,0,0,0,N,N,Y,6,2026,3,Y,HL
CUST1004256,1,0,0,0,0,1,0,0,Y,N,Y,6,2026,2,Y,SA
CUST1004257,0,0,0,1,0,0,0,0,N,N,Y,6,2026,1,Y,SA
CUST1004258,0,0,0,1,0,0,0,0,N,N,Y,6,2026,1,N,None
CUST1004259,0,0,0,1,0,0,0,0,N,N,Y,6,2026,1,N,None
CUST1004260,0,1,0,1,0,0,0,0,N,Y,Y,6,2026,2,N,None
CUST1004261,0,0,0,1,0,0,1,0,N,N,Y,6,2026,2,N,None
CUST1004262,0,0,0,1,0,0,0,0,N,N,Y,6,2026,1,N,RD
CUST1004263,0,0,0,0,0,1,0,0,Y,N,N,6,2026,1,N,None
CUST1004264,0,2,0,1,2,0,0,0,Y,N,Y,6,2026,3,N,None
CUST1004265,0,0,0,1,0,0,0,1,N,N,N,6,2026,2,Y,HF
CUST1004266,1,1,0,1,0,0,0,0,Y,N,Y,6,2026,3,Y,AL
CUST1004267,0,0,0,1,3,0,0,0,N,N,N,6,2026,2,Y,RD
CUST1004268,0,0,0,1,0,1,0,0,N,N,Y,6,2026,2,N,None
CUST1004269,0,2,0,1,0,1,0,0,N,N,Y,6,2026,3,N,None
CUST1004270,0,0,0,1,0,1,1,0,N,N,N,6,2026,3,Y,CC
CUST1004271,0,0,0,1,0,0,0,0,N,N,Y,6,2026,1,N,None
CUST1004272,0,0,0,1,0,0,0,0,N,N,Y,6,2026,1,Y,CC
CUST1004273,0,1,0,1,0,0,0,0,N,N,N,6,2026,2,N,None
CUST1004274,0,0,0,1,3,0,0,0,N,N,N,6,2026,2,N,None
CUST1004275,0,1,0,1,0,0,0,0,N,N,Y,6,2026,2,Y,HF
CUST1004276,0,1,0,1,2,0,0,1,N,N,Y,6,2026,4,Y,HF
CUST1004277,0,0,0,1,1,1,0,0,N,N,Y,6,2026,3,N,None
CUST1004278,1,1,0,1,0,2,0,0,N,N,Y,6,2026,4,N,None
CUST1004279,0,2,0,1,0,0,0,0,N,N,N,6,2026,2,N,None
CUST1004280,1,1,0,0,0,0,1,1,N,N,Y,6,2026,4,Y,CC
CUST1004281,0,1,0,1,0,2,0,0,N,N,N,6,2026,3,Y,SA
CUST1004282,0,1,0,1,0,0,0,0,N,N,Y,6,2026,2,N,None
CUST1004283,2,0,0,1,0,0,0,0,N,N,Y,6,2026,2,N,AL
CUST1004284,0,1,0,1,1,0,0,0,N,N,Y,6,2026,3,N,CC
CUST1004285,0,1,0,1,0,0,0,0,N,N,Y,6,2026,2,N,None
CUST1004286,1,2,0,1,2,0,0,0,Y,N,Y,6,2026,4,Y,PL
CUST1004287,0,2,0,1,3,0,0,0,N,N,N,6,2026,3,N,None
CUST1004288,0,2,0,1,1,0,0,0,N,N,N,6,2026,3,Y,HF
CUST1004289,0,1,0,1,0,0,0,0,N,N,Y,6,2026,2,N,None
CUST1004290,0,0,0,1,0,1,1,0,N,N,N,6,2026,3,N,None
CUST1004291,0,1,0,0,0,0,0,0,Y,N,N,6,2026,1,N,None
CUST1004292,0,1,0,1,0,0,0,0,Y,N,Y,6,2026,2,N,None
CUST1004293,0,0,0,1,0,0,0,0,N,N,Y,6,2026,1,N,None
CUST1004294,0,0,0,1,0,1,0,0,N,N,N,6,2026,2,N,None
CUST1004295,0,0,0,0,0,0,0,0,N,N,N,6,2026,0,N,None
CUST1004296,0,2,0,1,0,0,0,1,Y,N,Y,6,2026,3,Y,RD
CUST1004297,0,2,0,1,0,0,0,0,N,N,Y,6,2026,2,N,None
CUST1004298,0,0,0,1,0,0,0,0,Y,N,Y,6,2026,1,N,None
CUST1004299,0,0,0,1,0,0,0,0,N,N,Y,6,2026,1,N,None
CUST1004300,2,0,0,1,0,0,0,0,N,N,Y,6,2026,2,Y,RD
CUST1004301,0,0,0,1,2,0,0,1,N,N,Y,6,2026,3,Y,AL
CUST1004302,0,0,0,1,0,1,0,0,N,Y,N,6,2026,2,N,None
CUST1004303,1,0,0,1,0,0,0,0,N,N,Y,6,2026,2,N,CC
CUST1004304,2,0,0,1,0,2,0,1,N,N,Y,6,2026,4,N,RD
CUST1004305,0,0,0,1,0,1,1,0,N,N,N,6,2026,3,Y,SA
CUST1004306,0,2,0,1,0,2,0,0,N,N,N,6,2026,3,N,None
CUST1004307,0,2,0,1,0,2,0,0,N,N,N,6,2026,3,N,None
CUST1004308,0,1,0,1,3,1,0,0,Y,N,N,6,2026,4,N,None
CUST1004309,0,0,0,1,0,1,0,0,N,Y,N,6,2026,2,N,None
CUST1004310,0,0,0,1,2,2,1,0,Y,Y,N,6,2026,4,N,None
CUST1004311,0,0,0,1,0,0,0,0,N,N,Y,6,2026,1,Y,CC
CUST1004312,0,0,0,1,0,0,0,0,N,N,N,6,2026,1,Y,RD
CUST1004313,0,2,0,1,0,2,0,0,N,N,N,6,2026,3,N,AL
CUST1004314,0,2,0,1,0,0,1,0,N,N,N,6,2026,3,N,None
CUST1004315,0,1,0,0,3,0,0,0,N,N,Y,6,2026,2,N,None
CUST1004316,0,0,0,1,0,0,0,0,N,N,Y,6,2026,1,Y,MF
CUST1004317,0,0,0,1,3,2,0,0,Y,N,N,6,2026,3,Y,CC
CUST1004318,0,0,0,1,0,0,0,0,N,Y,N,6,2026,1,N,None
CUST1004319,0,0,0,0,0,0,0,0,N,N,Y,6,2026,0,Y,CC
CUST1004320,0,1,0,1,2,1,0,0,N,N,Y,6,2026,4,Y,CC
CUST1004321,0,1,0,1,0,0,1,0,N,N,Y,6,2026,3,N,None
CUST1004322,0,0,0,1,0,0,0,0,Y,N,N,6,2026,1,N,CC
CUST1004323,0,2,0,1,0,0,0,0,N,N,N,6,2026,2,N,SA
CUST1004324,0,0,0,0,0,0,0,0,N,N,Y,6,2026,0,Y,SA
CUST1004325,0,1,0,1,0,0,0,0,N,N,Y,6,2026,2,N,RD
CUST1004326,0,2,0,1,3,1,0,1,N,N,N,6,2026,5,Y,CC
CUST1004327,1,2,0,1,0,2,0,0,N,N,Y,6,2026,4,N,None
CUST1004328,1,0,0,1,2,1,0,0,N,Y,Y,6,2026,4,Y,PL
CUST1004329,0,0,0,1,3,1,0,0,N,N,Y,6,2026,3,N,None
CUST1004330,0,2,1,1,0,0,0,0,Y,N,Y,6,2026,3,Y,HL
CUST1004331,0,1,0,1,0,0,0,0,N,N,N,6,2026,2,Y,MF
CUST1004332,0,0,0,1,2,2,0,0,N,N,N,6,2026,3,Y,HL
CUST1004333,0,0,0,1,1,0,0,1,N,N,Y,6,2026,3,Y,SA
CUST1004334,0,0,0,1,0,0,0,0,N,N,N,6,2026,1,N,None
CUST1004335,0,1,0,1,2,0,0,1,Y,N,N,6,2026,4,N,None
CUST1004336,0,2,0,1,0,0,0,0,Y,N,N,6,2026,2,Y,MF
CUST1004337,0,0,0,1,3,0,0,0,N,N,Y,6,2026,2,Y,CC
CUST1004338,0,0,0,1,0,0,0,0,N,N,Y,6,2026,1,N,None
CUST1004339,2,2,0,1,0,0,1,1,N,N,N,6,2026,5,N,None
CUST1004340,0,0,0,1,2,0,0,1,N,N,Y,6,2026,3,N,None
CUST1004341,0,2,0,1,0,0,0,0,N,N,Y,6,2026,2,N,None
CUST1004342,0,1,0,1,1,1,0,1,N,N,Y,6,2026,5,N,None
CUST1004343,0,0,0,1,0,2,0,0,Y,N,Y,6,2026,2,N,AL
CUST1004344,0,2,0,1,3,0,0,0,N,N,Y,6,2026,3,N,None
CUST1004345,0,0,0,1,0,0,0,0,N,N,N,6,2026,1,Y,AL
CUST1004346,0,1,0,1,0,0,1,1,N,N,N,6,2026,4,Y,MF
CUST1004347,0,1,0,0,2,0,1,0,N,Y,N,6,2026,3,N,None
CUST1004348,0,1,0,1,0,0,0,0,N,N,N,6,2026,2,N,None
CUST1004349,0,0,0,1,0,0,0,0,N,N,N,6,2026,1,N,None
CUST1004350,0,0,0,1,0,0,0,0,N,N,Y,6,2026,1,N,None
CUST1004351,0,0,0,1,0,0,0,0,Y,N,N,6,2026,1,Y,MF
CUST1004352,2,2,0,1,1,0,0,0,N,N,Y,6,2026,4,Y,AL
CUST1004353,2,0,0,1,0,0,0,0,N,N,N,6,2026,2,N,None
CUST1004354,0,0,0,1,0,2,0,0,N,N,N,6,2026,2,N,None
CUST1004355,0,2,0,1,0,0,0,0,Y,N,Y,6,2026,2,N,None
CUST1004356,0,2,0,1,0,0,0,0,N,N,N,6,2026,2,Y,AL
CUST1004357,0,2,0,1,0,1,0,0,Y,N,N,6,2026,3,N,MF
CUST1004358,0,0,0,1,0,0,0,0,N,N,Y,6,2026,1,Y,AL
CUST1004359,0,0,0,1,0,0,0,0,N,N,Y,6,2026,1,Y,CC
CUST1004360,0,0,0,1,0,0,0,0,N,N,Y,6,2026,1,Y,CC
CUST1004361,0,0,0,1,0,2,0,0,N,N,N,6,2026,2,N,None
CUST1004362,0,0,0,1,0,0,0,0,N,N,N,6,2026,1,N,None
CUST1004363,0,0,0,1,0,0,0,0,N,N,Y,6,2026,1,N,None
CUST1004364,0,1,0,1,0,0,0,0,N,N,Y,6,2026,2,Y,PL
CUST1004365,0,0,0,0,0,0,0,0,N,N,Y,6,2026,0,Y,RD
CUST1004366,0,2,0,1,3,0,0,0,N,N,Y,6,2026,3,N,None
CUST1004367,0,0,0,1,0,0,0,0,N,N,N,6,2026,1,N,None
CUST1004368,2,0,0,1,0,0,0,0,N,N,N,6,2026,2,N,None
CUST1004369,0,0,0,1,0,2,0,0,N,N,N,6,2026,2,Y,SA
CUST1004370,0,0,0,1,0,2,0,0,N,N,N,6,2026,2,N,None
CUST1004371,0,0,0,1,0,2,0,0,N,N,Y,6,2026,2,Y,MF
CUST1004372,2,2,0,1,0,0,0,0,N,N,Y,6,2026,3,N,RD
CUST1004373,2,0,0,1,0,0,0,0,N,N,Y,6,2026,2,Y,AL
CUST1004374,0,0,0,1,0,2,0,0,N,N,N,6,2026,2,Y,AL
CUST1004375,0,2,0,1,0,0,0,0,N,N,N,6,2026,2,N,None
CUST1004376,0,0,0,0,0,0,0,0,N,N,N,6,2026,0,N,HF
CUST1004377,0,2,0,1,0,0,0,0,N,N,Y,6,2026,2,Y,AL
CUST1004378,0,1,0,1,0,0,0,1,Y,N,N,6,2026,3,Y,PL
CUST1004379,0,0,0,1,0,2,0,0,N,N,N,6,2026,2,Y,HF
CUST1004380,0,0,0,0,0,0,0,0,N,N,Y,6,2026,0,Y,SA
CUST1004381,1,2,0,1,0,0,0,0,Y,N,Y,6,2026,3,Y,CC
CUST1004382,0,0,0,1,0,0,0,1,N,N,Y,6,2026,2,N,None
CUST1004383,0,1,0,1,0,0,0,0,N,N,Y,6,2026,2,N,None
CUST1004384,1,0,0,1,0,1,0,0,N,N,Y,6,2026,3,N,None
CUST1004385,1,0,0,1,0,1,0,0,N,N,N,6,2026,3,N,None
CUST1004386,0,0,0,1,0,0,0,0,N,N,N,6,2026,1,Y,SA
CUST1004387,0,0,0,1,3,0,0,0,Y,N,Y,6,2026,2,Y,SA
CUST1004388,2,0,0,1,1,0,0,0,N,N,N,6,2026,3,Y,AL
CUST1004389,1,0,0,1,0,0,0,1,N,N,Y,6,2026,3,Y,RD
CUST1004390,0,2,0,1,0,0,0,0,N,N,N,6,2026,2,N,AL
CUST1004391,0,0,0,1,0,1,0,1,Y,N,N,6,2026,3,Y,HF
CUST1004392,0,0,0,1,1,0,0,0,N,N,N,6,2026,2,N,None
CUST1004393,0,0,0,1,0,0,0,0,N,N,Y,6,2026,1,N,None
CUST1004394,0,0,0,1,0,0,0,0,N,N,Y,6,2026,1,Y,PL
CUST1004395,0,2,0,1,0,0,1,0,Y,N,Y,6,2026,3,N,None
CUST1004396,0,0,0,1,3,1,0,0,N,Y,Y,6,2026,3,N,None
CUST1004397,0,0,0,1,2,0,0,0,Y,N,N,6,2026,2,N,None
CUST1004398,1,2,0,1,0,0,0,0,N,N,N,6,2026,3,Y,HL
CUST1004399,2,0,0,1,0,0,0,0,Y,N,N,6,2026,2,Y,SA
CUST1004400,0,0,0,1,0,1,0,0,N,N,N,6,2026,2,Y,PL
CUST1004401,0,0,0,1,2,0,0,1,Y,N,Y,6,2026,3,N,None
CUST1004402,0,1,0,1,0,0,1,0,N,N,Y,6,2026,3,N,None
CUST1004403,0,0,0,1,0,2,0,1,N,N,N,6,2026,3,N,PL
CUST1004404,0,0,0,1,0,1,0,0,N,N,N,6,2026,2,N,None
CUST1004405,0,0,0,1,0,0,0,0,Y,N,N,6,2026,1,N,CC
CUST1004406,0,2,0,0,0,0,0,1,Y,N,Y,6,2026,2,N,SA
CUST1004407,0,0,0,1,0,0,0,0,Y,N,N,6,2026,1,N,None
CUST1004408,1,1,0,1,0,0,0,0,N,N,Y,6,2026,3,N,SA
CUST1004409,0,1,0,1,2,0,0,0,N,N,N,6,2026,3,Y,CC
CUST1004410,1,2,0,1,0,2,0,0,N,N,Y,6,2026,4,N,None
CUST1004411,0,2,0,1,0,0,0,0,N,N,Y,6,2026,2,Y,AL
CUST1004412,1,2,0,1,0,0,0,0,N,N,N,6,2026,3,N,AL
CUST1004413,0,1,0,1,3,0,0,0,N,N,Y,6,2026,3,Y,SA
CUST1004414,0,0,0,1,0,1,0,0,Y,Y,N,6,2026,2,N,None
CUST1004415,0,0,0,1,0,0,0,0,N,N,N,6,2026,1,N,None
CUST1004416,0,1,0,1,0,1,0,0,N,N,Y,6,2026,3,Y,HF
CUST1004417,0,0,0,1,0,0,0,0,N,N,N,6,2026,1,N,None
CUST1004418,0,1,0,1,1,1,0,0,N,N,Y,6,2026,4,N,None
CUST1004419,0,0,0,1,0,0,0,0,N,N,N,6,2026,1,N,None
CUST1004420,0,0,0,1,0,0,0,0,N,N,Y,6,2026,1,Y,AL
CUST1004421,1,2,0,1,1,0,0,0,Y,Y,Y,6,2026,4,Y,AL
CUST1004422,0,1,0,1,0,1,0,1,N,N,N,6,2026,4,N,None
CUST1004423,0,0,0,1,0,0,0,0,Y,N,N,6,2026,1,Y,AL
CUST1004424,0,0,0,1,3,0,0,0,N,N,N,6,2026,2,N,None
CUST1004425,0,1,0,0,0,0,0,0,N,N,Y,6,2026,1,N,None
CUST1004426,0,2,0,1,0,0,0,0,Y,N,N,6,2026,2,N,None
CUST1004427,0,1,1,1,0,0,0,0,N,N,N,6,2026,3,Y,CC
CUST1004428,0,0,0,1,3,2,0,0,N,N,Y,6,2026,3,N,None
CUST1004429,0,0,0,1,0,2,0,0,N,N,Y,6,2026,2,Y,PL
CUST1004430,0,0,1,1,0,0,0,0,N,N,Y,6,2026,2,N,None
CUST1004431,0,0,0,1,0,0,0,0,N,N,Y,6,2026,1,N,RD
CUST1004432,0,0,0,1,0,0,0,0,N,N,Y,6,2026,1,N,None
CUST1004433,0,0,0,1,0,0,0,0,N,Y,Y,6,2026,1,N,None
CUST1004434,0,0,0,1,0,0,0,1,N,N,Y,6,2026,2,N,None
CUST1004435,0,2,0,1,0,0,0,0,Y,N,N,6,2026,2,Y,RD
CUST1004436,0,1,0,1,3,0,0,0,N,N,Y,6,2026,3,N,None
CUST1004437,2,0,0,1,0,0,0,1,N,N,Y,6,2026,3,Y,RD
CUST1004438,0,0,0,1,0,0,0,0,N,N,Y,6,2026,1,N,None
CUST1004439,0,2,0,1,0,0,0,0,N,N,N,6,2026,2,N,None
CUST1004440,2,1,0,1,0,0,0,0,N,N,Y,6,2026,3,N,AL
CUST1004441,0,2,0,1,0,1,0,0,N,N,Y,6,2026,3,Y,SA
CUST1004442,0,2,0,1,0,2,0,0,Y,N,N,6,2026,3,Y,CC
CUST1004443,0,0,0,1,1,2,0,0,N,N,N,6,2026,3,Y,RD
CUST1004444,1,2,0,1,0,2,0,0,N,N,Y,6,2026,4,N,None
CUST1004445,0,0,0,1,1,1,0,0,N,N,Y,6,2026,3,N,None
CUST1004446,0,1,0,1,0,2,0,0,Y,N,Y,6,2026,3,N,None
CUST1004447,0,1,0,1,0,0,0,0,N,N,Y,6,2026,2,N,None
CUST1004448,0,1,0,1,0,0,0,0,Y,N,N,6,2026,2,N,None
CUST1004449,0,0,0,1,0,0,0,0,N,N,Y,6,2026,1,N,None
CUST1004450,0,0,0,1,0,1,0,0,N,N,Y,6,2026,2,Y,RD
CUST1004451,0,1,0,1,0,0,0,0,N,N,N,6,2026,2,N,None
CUST1004452,0,0,0,1,0,2,0,0,N,N,N,6,2026,2,Y,HL
CUST1004453,0,0,0,1,3,0,0,0,N,N,Y,6,2026,2,N,None
CUST1004454,0,0,0,1,3,2,0,0,N,N,N,6,2026,3,N,None
CUST1004455,0,0,0,1,0,1,1,0,N,N,N,6,2026,3,N,None
CUST1004456,1,0,0,1,0,0,0,0,N,N,Y,6,2026,2,N,None
CUST1004457,1,0,0,1,1,0,0,0,N,Y,N,6,2026,3,Y,CC
CUST1004458,0,0,0,1,0,1,1,0,N,N,Y,6,2026,3,N,None
CUST1004459,0,2,0,1,2,0,0,0,N,N,N,6,2026,3,N,None
CUST1004460,0,0,0,1,1,0,0,0,N,N,Y,6,2026,2,N,None
CUST1004461,0,0,0,1,0,0,0,0,N,N,Y,6,2026,1,N,None
CUST1004462,0,0,0,1,0,0,0,0,N,N,N,6,2026,1,N,None
CUST1004463,2,0,0,1,0,0,0,0,N,N,N,6,2026,2,Y,SA
CUST1004464,0,0,0,1,0,0,0,0,N,N,N,6,2026,1,N,None
CUST1004465,0,0,0,1,0,0,0,0,N,N,N,6,2026,1,Y,CC
CUST1004466,0,2,0,1,0,0,0,0,N,N,Y,6,2026,2,Y,RD
CUST1004467,0,0,0,1,2,0,0,0,N,Y,Y,6,2026,2,Y,MF
CUST1004468,0,0,0,1,0,0,0,0,N,N,N,6,2026,1,N,None
CUST1004469,0,0,1,1,0,1,0,0,N,N,N,6,2026,3,N,None
CUST1004470,0,0,0,1,0,0,0,0,N,N,N,6,2026,1,N,None
CUST1004471,2,1,0,1,0,0,0,0,N,N,N,6,2026,3,N,None
CUST1004472,1,2,0,1,0,0,1,0,N,N,N,6,2026,4,N,None
CUST1004473,0,0,0,1,1,0,0,0,N,N,N,6,2026,2,N,None
CUST1004474,0,2,0,1,0,0,0,0,Y,N,N,6,2026,2,N,None
CUST1004475,2,1,0,1,0,2,0,0,N,N,Y,6,2026,4,Y,CC
CUST1004476,0,1,0,1,0,0,1,1,Y,N,Y,6,2026,4,N,None
CUST1004477,1,0,0,1,0,0,0,0,N,N,Y,6,2026,2,N,None
CUST1004478,0,0,0,1,2,0,0,0,N,N,Y,6,2026,2,Y,SA
CUST1004479,0,0,0,1,0,0,0,0,N,N,N,6,2026,1,N,CC
CUST1004480,0,1,0,1,0,2,0,0,N,N,Y,6,2026,3,Y,MF
CUST1004481,0,1,0,1,0,0,0,0,N,N,Y,6,2026,2,N,None
CUST1004482,0,0,0,1,0,0,0,0,N,N,N,6,2026,1,N,None
CUST1004483,0,0,0,1,0,0,0,0,N,N,N,6,2026,1,N,RD
CUST1004484,0,0,0,1,2,0,0,0,N,N,N,6,2026,2,N,None
CUST1004485,0,0,0,1,1,0,1,0,Y,N,N,6,2026,3,N,None
CUST1004486,0,0,0,1,3,0,0,0,N,Y,Y,6,2026,2,N,None
CUST1004487,0,1,0,0,0,0,0,0,N,N,N,6,2026,1,N,None
CUST1004488,0,0,0,1,0,0,0,1,Y,Y,N,6,2026,2,Y,CC
CUST1004489,0,1,0,1,0,2,0,0,N,N,Y,6,2026,3,Y,RD
CUST1004490,0,0,0,1,0,0,0,0,N,N,Y,6,2026,1,N,None
CUST1004491,1,0,0,1,0,0,0,0,Y,N,N,6,2026,2,N,None
CUST1004492,2,0,0,1,1,0,0,0,N,N,Y,6,2026,3,N,None
CUST1004493,0,0,0,1,2,0,0,0,N,N,Y,6,2026,2,Y,MF
CUST1004494,0,2,0,1,0,2,0,0,N,N,N,6,2026,3,Y,RD
CUST1004495,2,1,0,1,0,0,0,0,N,N,N,6,2026,3,N,CC
CUST1004496,0,0,0,0,1,0,1,0,N,N,Y,6,2026,2,Y,MF
CUST1004497,1,1,0,1,0,0,0,0,N,N,N,6,2026,3,N,None
CUST1004498,0,0,1,1,0,0,0,0,N,N,Y,6,2026,2,N,None
CUST1004499,0,1,0,1,0,2,0,0,N,N,Y,6,2026,3,Y,SA
CUST1004500,0,2,0,1,0,0,0,0,N,N,N,6,2026,2,Y,CC
CUST1004501,0,1,0,1,0,0,0,0,N,N,Y,6,2026,2,N,AL
CUST1004502,2,0,0,1,3,0,0,0,N,N,N,6,2026,3,Y,HL
CUST1004503,0,0,0,1,3,0,0,0,N,N,Y,6,2026,2,N,None
CUST1004504,0,2,0,1,3,1,0,0,N,N,Y,6,2026,4,N,None
CUST1004505,0,2,0,1,0,2,0,0,N,N,Y,6,2026,3,Y,PL
CUST1004506,2,2,0,1,0,2,0,0,N,N,N,6,2026,4,N,None
CUST1004507,0,0,0,1,3,0,0,0,N,N,N,6,2026,2,N,None
CUST1004508,0,2,0,1,0,0,0,0,N,N,N,6,2026,2,N,RD
CUST1004509,0,2,0,1,2,0,0,0,N,N,Y,6,2026,3,N,MF
CUST1004510,0,0,0,1,2,0,0,0,N,N,N,6,2026,2,N,None
CUST1004511,0,0,0,1,0,0,0,0,N,N,N,6,2026,1,N,None
CUST1004512,0,2,0,1,0,0,0,0,N,N,Y,6,2026,2,N,HF
CUST1004513,0,0,0,1,0,0,0,0,Y,N,Y,6,2026,1,N,None
CUST1004514,0,1,0,1,0,0,0,0,N,N,N,6,2026,2,Y,PL
CUST1004515,0,0,0,1,0,2,0,0,N,N,N,6,2026,2,N,None
CUST1004516,0,0,0,1,0,1,0,0,Y,N,Y,6,2026,2,N,SA
CUST1004517,0,0,0,1,0,0,0,0,N,N,Y,6,2026,1,N,None
CUST1004518,0,0,0,1,0,0,0,1,N,N,Y,6,2026,2,N,None
CUST1004519,0,0,0,1,0,0,0,0,N,N,Y,6,2026,1,Y,MF
CUST1004520,0,0,0,1,1,0,0,0,N,N,N,6,2026,2,N,None
CUST1004521,0,0,0,1,0,2,0,0,N,N,N,6,2026,2,Y,MF
CUST1004522,2,0,0,1,0,0,0,0,Y,N,N,6,2026,2,Y,RD
CUST1004523,0,0,0,1,0,0,0,0,N,N,Y,6,2026,1,N,None
CUST1004524,1,0,0,0,0,0,0,0,N,Y,N,6,2026,1,N,None
CUST1004525,0,0,0,1,0,0,0,0,Y,N,N,6,2026,1,N,None
CUST1004526,2,2,0,1,0,2,0,0,N,N,N,6,2026,4,Y,AL
CUST1004527,0,0,0,1,0,0,0,0,N,Y,N,6,2026,1,Y,PL
CUST1004528,0,0,0,1,1,0,0,0,N,N,Y,6,2026,2,N,None
CUST1004529,0,0,0,1,0,0,1,0,N,N,N,6,2026,2,N,None
CUST1004530,0,0,0,1,0,0,0,0,N,N,N,6,2026,1,Y,PL
CUST1004531,2,0,0,1,2,2,0,0,N,N,N,6,2026,4,N,None
CUST1004532,0,1,0,1,0,0,0,0,Y,N,Y,6,2026,2,N,RD
CUST1004533,0,2,0,0,0,0,0,0,N,N,N,6,2026,1,Y,MF
CUST1004534,0,2,0,1,3,0,0,0,N,N,N,6,2026,3,Y,MF
CUST1004535,2,1,0,1,1,0,0,0,N,N,Y,6,2026,4,N,None
CUST1004536,0,2,0,1,0,2,0,0,Y,N,N,6,2026,3,N,None
CUST1004537,0,1,0,0,1,0,0,0,Y,N,N,6,2026,2,N,None
CUST1004538,0,0,0,1,0,2,0,0,N,N,N,6,2026,2,Y,CC
CUST1004539,0,0,0,1,0,2,0,0,N,N,N,6,2026,2,N,None
CUST1004540,1,0,0,0,1,0,0,0,N,N,N,6,2026,2,N,None
CUST1004541,0,0,0,1,0,0,0,0,N,N,Y,6,2026,1,Y,SA
CUST1004542,1,0,0,1,0,0,0,0,N,N,N,6,2026,2,Y,SA
CUST1004543,0,2,0,1,0,0,0,0,N,N,Y,6,2026,2,Y,AL
CUST1004544,0,0,0,1,0,0,0,0,N,N,Y,6,2026,1,N,PL
CUST1004545,0,2,0,1,2,0,0,0,N,N,Y,6,2026,3,N,None
CUST1004546,0,0,0,1,0,0,0,0,N,N,N,6,2026,1,N,PL
CUST1004547,1,0,0,1,0,0,0,0,N,N,N,6,2026,2,Y,SA
CUST1004548,0,1,0,1,0,0,0,0,Y,N,Y,6,2026,2,N,None
CUST1004549,0,0,0,1,0,0,0,0,N,N,Y,6,2026,1,N,HF
CUST1004550,0,2,0,1,0,1,0,0,N,N,Y,6,2026,3,Y,CC
CUST1004551,0,0,0,1,0,0,0,1,N,N,N,6,2026,2,N,None
CUST1004552,0,2,0,1,2,0,0,0,N,N,Y,6,2026,3,Y,RD
CUST1004553,0,1,0,1,0,0,0,0,N,N,Y,6,2026,2,Y,RD
CUST1004554,0,1,1,1,0,2,0,0,Y,N,Y,6,2026,4,N,None
CUST1004555,1,1,0,1,0,0,0,0,Y,N,N,6,2026,3,N,CC
CUST1004556,0,2,0,1,0,2,0,0,N,N,N,6,2026,3,N,None
CUST1004557,0,0,0,0,3,0,0,0,N,N,Y,6,2026,1,Y,MF
CUST1004558,0,0,0,1,0,1,0,0,N,N,Y,6,2026,2,N,RD
CUST1004559,1,1,0,1,0,0,0,0,Y,N,N,6,2026,3,N,None
CUST1004560,0,0,0,1,0,0,0,0,N,N,N,6,2026,1,Y,SA
CUST1004561,0,0,0,1,0,0,0,0,N,N,Y,6,2026,1,Y,SA
CUST1004562,0,0,0,1,0,1,0,0,N,N,N,6,2026,2,N,None
CUST1004563,0,0,0,1,0,0,0,0,Y,Y,Y,6,2026,1,N,SA
CUST1004564,0,0,0,1,1,2,0,0,N,Y,Y,6,2026,3,Y,PL
CUST1004565,0,1,0,1,0,0,1,0,N,N,Y,6,2026,3,N,None
CUST1004566,0,0,0,1,0,1,0,0,N,N,N,6,2026,2,Y,SA
CUST1004567,0,0,0,0,0,0,0,0,N,N,N,6,2026,0,Y,MF
CUST1004568,1,0,0,1,3,2,0,0,N,N,N,6,2026,4,Y,CC
CUST1004569,0,0,0,1,0,0,0,1,N,N,N,6,2026,2,N,None
CUST1004570,0,2,0,1,0,2,0,0,N,N,Y,6,2026,3,N,None
CUST1004571,0,0,0,1,3,0,0,0,N,N,N,6,2026,2,N,None
CUST1004572,0,2,0,1,2,0,0,0,N,N,N,6,2026,3,Y,PL
CUST1004573,0,0,0,1,0,0,0,0,Y,Y,N,6,2026,1,N,None
CUST1004574,0,0,0,1,0,1,0,0,N,N,N,6,2026,2,Y,RD
CUST1004575,2,0,0,1,0,0,0,0,N,N,Y,6,2026,2,Y,RD
CUST1004576,1,0,0,1,3,0,0,0,N,N,Y,6,2026,3,Y,HF
CUST1004577,0,2,0,1,0,0,0,0,N,N,Y,6,2026,2,N,None
CUST1004578,2,0,0,1,0,0,0,0,N,N,Y,6,2026,2,Y,CC
CUST1004579,0,0,0,1,0,0,0,0,Y,N,N,6,2026,1,N,None
CUST1004580,0,1,0,1,0,0,0,0,Y,N,N,6,2026,2,N,None
CUST1004581,0,0,1,1,3,0,0,0,N,N,N,6,2026,3,N,None
CUST1004582,2,2,0,1,0,0,0,0,N,N,N,6,2026,3,N,None
CUST1004583,0,0,0,1,0,0,0,0,N,N,Y,6,2026,1,N,HL
CUST1004584,0,1,0,1,0,0,0,0,N,N,N,6,2026,2,N,None
CUST1004585,0,2,0,1,0,1,1,0,Y,N,N,6,2026,4,Y,AL
CUST1004586,0,2,0,1,0,0,0,0,N,N,N,6,2026,2,N,None
CUST1004587,0,0,0,1,0,0,0,0,Y,N,N,6,2026,1,N,None
CUST1004588,2,0,0,1,0,0,1,0,N,N,N,6,2026,3,N,None
CUST1004589,0,1,0,1,0,2,0,0,N,N,Y,6,2026,3,N,None
CUST1004590,0,0,0,0,0,0,0,0,N,N,Y,6,2026,0,N,None
CUST1004591,0,0,0,1,0,1,0,0,N,N,Y,6,2026,2,Y,CC
CUST1004592,0,2,0,1,0,0,0,0,N,N,Y,6,2026,2,Y,HF
CUST1004593,0,0,0,1,1,0,0,0,N,N,Y,6,2026,2,Y,AL
CUST1004594,0,0,0,1,0,0,0,0,N,N,N,6,2026,1,N,None
CUST1004595,0,0,0,1,0,0,0,0,N,N,N,6,2026,1,Y,SA
CUST1004596,0,1,0,1,2,1,0,0,N,N,N,6,2026,4,N,None
CUST1004597,0,2,0,1,0,0,0,0,N,N,N,6,2026,2,N,None
CUST1004598,0,0,0,1,0,0,0,0,N,N,Y,6,2026,1,N,None
CUST1004599,0,0,0,1,1,0,0,0,N,N,N,6,2026,2,Y,SA
CUST1004600,0,0,0,1,0,0,0,1,N,N,N,6,2026,2,Y,PL
CUST1004601,0,2,0,1,0,0,1,0,N,N,Y,6,2026,3,N,None
CUST1004602,1,0,0,1,1,0,0,0,N,N,Y,6,2026,3,Y,HF
CUST1004603,1,2,0,1,1,0,0,0,N,N,Y,6,2026,4,Y,CC
CUST1004604,0,0,0,1,0,1,0,0,N,N,Y,6,2026,2,N,None
CUST1004605,0,0,0,1,0,1,0,0,N,N,Y,6,2026,2,Y,MF
CUST1004606,0,0,0,1,3,0,0,0,N,N,Y,6,2026,2,N,SA
CUST1004607,0,0,0,1,3,0,1,0,N,N,N,6,2026,3,N,None
CUST1004608,0,1,0,1,0,0,0,0,N,N,N,6,2026,2,Y,AL
CUST1004609,0,0,0,1,0,1,1,0,N,N,Y,6,2026,3,Y,RD
CUST1004610,0,0,0,1,0,2,1,0,N,N,N,6,2026,3,Y,RD
CUST1004611,0,0,0,1,0,0,0,0,N,N,Y,6,2026,1,N,None
CUST1004612,0,0,0,1,3,0,0,0,N,N,Y,6,2026,2,N,None
CUST1004613,0,1,0,1,0,0,0,0,N,N,Y,6,2026,2,N,None
CUST1004614,0,0,1,1,2,1,0,0,N,N,Y,6,2026,4,N,None
CUST1004615,0,0,0,0,0,0,0,0,N,N,Y,6,2026,0,Y,MF
CUST1004616,0,1,0,1,3,0,1,0,N,N,Y,6,2026,4,N,None
CUST1004617,0,0,0,1,0,0,0,0,N,N,N,6,2026,1,N,None
CUST1004618,0,0,0,1,0,0,0,0,N,N,Y,6,2026,1,N,None
CUST1004619,0,0,0,1,3,0,0,0,N,N,Y,6,2026,2,N,None
CUST1004620,0,1,0,1,0,0,0,0,N,N,Y,6,2026,2,N,None
CUST1004621,0,0,0,1,0,1,0,0,N,N,Y,6,2026,2,Y,RD
CUST1004622,0,2,0,1,0,0,0,0,N,N,N,6,2026,2,Y,RD
CUST1004623,0,0,0,1,0,0,0,0,N,N,Y,6,2026,1,Y,CC
CUST1004624,2,0,0,1,0,0,0,0,N,N,N,6,2026,2,Y,CC
CUST1004625,0,0,0,1,0,0,0,0,N,N,N,6,2026,1,N,None
CUST1004626,0,1,0,1,0,0,0,0,N,N,Y,6,2026,2,Y,CC
CUST1004627,0,0,0,1,0,0,0,0,N,N,N,6,2026,1,N,None
CUST1004628,0,1,1,1,0,2,0,0,N,N,N,6,2026,4,Y,HF
CUST1004629,0,0,0,1,0,1,0,0,Y,N,Y,6,2026,2,N,None
CUST1004630,0,0,0,0,0,0,0,0,N,N,Y,6,2026,0,Y,SA
CUST1004631,0,0,0,1,0,0,0,1,N,N,Y,6,2026,2,N,CC
CUST1004632,2,0,0,1,0,0,0,1,N,N,Y,6,2026,3,Y,PL
CUST1004633,0,1,0,1,0,0,0,0,N,Y,Y,6,2026,2,N,None
CUST1004634,2,0,0,1,0,0,0,0,N,Y,Y,6,2026,2,Y,RD
CUST1004635,0,1,1,1,0,0,0,0,N,N,Y,6,2026,3,Y,CC
CUST1004636,0,1,0,1,0,0,0,0,N,N,Y,6,2026,2,Y,AL
CUST1004637,1,1,0,1,0,0,0,0,N,N,Y,6,2026,3,N,None
CUST1004638,0,0,0,1,2,0,0,0,N,N,N,6,2026,2,N,MF
CUST1004639,0,0,0,1,0,0,0,0,N,N,N,6,2026,1,N,None
CUST1004640,0,2,0,1,0,1,1,0,N,N,Y,6,2026,4,Y,PL
CUST1004641,2,0,0,1,0,0,0,0,N,N,N,6,2026,2,Y,RD
CUST1004642,0,2,0,1,0,0,0,0,N,N,Y,6,2026,2,Y,AL
CUST1004643,0,2,0,1,0,0,0,0,N,N,N,6,2026,2,N,None
CUST1004644,2,0,0,1,3,0,0,0,N,N,Y,6,2026,3,N,None
CUST1004645,0,2,0,1,0,2,0,0,N,N,Y,6,2026,3,N,None
CUST1004646,0,2,0,1,3,0,0,0,N,N,Y,6,2026,3,Y,CC
CUST1004647,0,0,0,1,0,0,0,0,Y,N,N,6,2026,1,N,None
CUST1004648,0,2,0,1,0,0,0,0,N,N,N,6,2026,2,N,None
CUST1004649,1,0,0,1,0,0,0,0,N,N,N,6,2026,2,N,None
CUST1004650,0,1,0,1,0,0,0,0,Y,N,Y,6,2026,2,N,None
CUST1004651,1,0,0,1,1,0,0,1,N,N,N,6,2026,4,N,AL
CUST1004652,0,0,0,1,0,1,1,0,N,N,N,6,2026,3,N,None
CUST1004653,0,0,0,1,0,0,0,0,N,N,Y,6,2026,1,Y,PL
CUST1004654,1,1,0,0,0,0,0,0,N,N,N,6,2026,2,N,None
CUST1004655,0,0,0,1,0,0,0,0,N,N,N,6,2026,1,Y,AL
CUST1004656,0,1,0,1,3,0,0,0,Y,N,Y,6,2026,3,Y,CC
CUST1004657,0,0,0,1,3,1,0,0,Y,N,Y,6,2026,3,N,None
CUST1004658,0,0,1,1,0,0,0,0,N,N,N,6,2026,2,N,None
CUST1004659,0,0,0,1,1,0,0,0,N,N,N,6,2026,2,Y,CC
CUST1004660,0,0,0,1,0,0,0,0,N,N,Y,6,2026,1,Y,CC
CUST1004661,0,1,0,1,0,0,0,0,N,Y,Y,6,2026,2,N,None
CUST1004662,0,0,0,1,1,0,0,0,N,N,N,6,2026,2,Y,SA
CUST1004663,0,0,0,1,0,2,0,0,N,N,Y,6,2026,2,N,None
CUST1004664,0,1,0,1,2,0,0,0,N,N,N,6,2026,3,N,None
CUST1004665,0,0,0,1,0,1,0,0,N,N,Y,6,2026,2,N,None
CUST1004666,0,1,0,1,0,0,0,0,N,N,Y,6,2026,2,N,None
CUST1004667,0,0,0,1,0,0,0,0,N,N,Y,6,2026,1,Y,CC
CUST1004668,0,0,0,1,0,0,0,0,N,N,Y,6,2026,1,N,None
CUST1004669,0,0,0,1,0,0,0,0,N,N,Y,6,2026,1,N,SA
CUST1004670,0,0,0,1,0,0,0,0,Y,N,Y,6,2026,1,N,None
CUST1004671,0,0,0,1,3,0,0,1,N,N,Y,6,2026,3,Y,RD
CUST1004672,0,2,0,1,0,0,0,0,Y,N,N,6,2026,2,Y,MF
CUST1004673,0,1,0,1,0,2,1,1,Y,N,Y,6,2026,5,N,RD
CUST1004674,0,0,0,1,2,1,0,1,N,N,Y,6,2026,4,Y,PL
CUST1004675,0,1,0,1,0,0,0,0,N,N,N,6,2026,2,N,None
CUST1004676,0,1,0,1,0,1,0,0,N,N,Y,6,2026,3,N,None
CUST1004677,0,1,0,1,0,0,0,0,N,N,N,6,2026,2,Y,RD
CUST1004678,0,2,0,1,0,0,0,0,N,N,N,6,2026,2,N,HF
CUST1004679,0,0,1,1,0,0,0,0,N,N,Y,6,2026,2,N,PL
CUST1004680,0,1,1,1,1,0,0,0,N,Y,Y,6,2026,4,N,None
CUST1004681,0,1,0,1,1,0,0,0,Y,N,N,6,2026,3,Y,RD
CUST1004682,0,0,0,1,0,0,1,0,Y,N,N,6,2026,2,Y,RD
CUST1004683,0,0,0,1,0,0,0,1,Y,N,Y,6,2026,2,Y,SA
CUST1004684,0,0,0,1,0,0,1,0,N,Y,N,6,2026,2,N,None
CUST1004685,0,1,0,1,0,0,0,0,N,N,N,6,2026,2,Y,HL
CUST1004686,0,0,0,1,0,1,0,0,N,Y,N,6,2026,2,N,None
CUST1004687,2,2,0,1,2,2,0,0,N,N,N,6,2026,5,Y,RD
CUST1004688,1,2,0,1,0,2,1,1,N,N,Y,6,2026,6,N,AL
CUST1004689,0,1,0,1,3,2,0,0,N,N,Y,6,2026,4,N,None
CUST1004690,0,0,0,1,0,2,0,0,N,N,Y,6,2026,2,Y,SA
CUST1004691,1,0,0,1,0,0,0,0,N,N,N,6,2026,2,Y,HL
CUST1004692,0,0,0,1,0,0,0,0,N,N,N,6,2026,1,Y,SA
CUST1004693,0,0,0,1,0,0,0,0,N,N,Y,6,2026,1,Y,MF
CUST1004694,0,0,1,0,0,0,0,0,N,N,Y,6,2026,1,N,None
CUST1004695,1,1,0,1,2,0,0,0,Y,N,N,6,2026,4,N,None
CUST1004696,0,1,0,1,0,2,0,0,Y,N,N,6,2026,3,Y,SA
CUST1004697,0,0,0,1,0,2,0,1,N,N,Y,6,2026,3,N,None
CUST1004698,0,0,0,1,0,1,0,0,N,Y,N,6,2026,2,Y,PL
CUST1004699,0,0,0,1,3,0,0,0,N,N,N,6,2026,2,N,RD
CUST1004700,0,0,0,1,0,0,0,0,N,Y,N,6,2026,1,Y,AL
CUST1004701,0,0,0,1,0,0,0,0,N,N,Y,6,2026,1,Y,MF
CUST1004702,0,0,0,1,0,0,0,0,Y,N,Y,6,2026,1,N,None
CUST1004703,0,0,0,0,0,1,0,0,N,N,Y,6,2026,1,Y,CC
CUST1004704,0,0,0,1,1,0,0,0,Y,N,N,6,2026,2,Y,AL
CUST1004705,0,0,0,1,3,0,0,0,N,N,N,6,2026,2,Y,AL
CUST1004706,0,1,0,1,2,0,0,0,N,Y,N,6,2026,3,N,None
CUST1004707,0,1,0,1,0,0,0,0,N,N,Y,6,2026,2,N,None
CUST1004708,0,0,0,1,2,0,1,0,N,N,N,6,2026,3,N,SA
CUST1004709,0,2,0,1,0,0,0,0,N,N,Y,6,2026,2,N,None
CUST1004710,0,0,0,1,1,0,0,0,N,Y,Y,6,2026,2,Y,RD
CUST1004711,1,2,0,0,3,0,0,0,N,N,N,6,2026,3,N,None
CUST1004712,0,2,0,0,1,0,0,0,N,N,Y,6,2026,2,N,None
CUST1004713,2,0,0,1,0,0,0,0,N,N,Y,6,2026,2,Y,CC
CUST1004714,1,0,0,0,0,0,0,0,Y,N,N,6,2026,1,Y,CC
CUST1004715,0,1,0,1,0,0,0,0,N,N,Y,6,2026,2,N,None
CUST1004716,0,0,0,1,1,0,1,0,N,N,Y,6,2026,3,N,AL
CUST1004717,0,0,0,1,0,1,0,0,Y,N,N,6,2026,2,N,PL
CUST1004718,2,0,0,1,0,0,0,0,N,N,N,6,2026,2,Y,CC
CUST1004719,0,1,0,1,0,0,0,0,N,N,N,6,2026,2,N,None
CUST1004720,1,0,0,1,3,2,0,0,Y,N,Y,6,2026,4,Y,CC
CUST1004721,0,1,0,1,0,0,0,0,Y,N,N,6,2026,2,N,None
CUST1004722,0,0,0,1,0,0,1,0,N,N,N,6,2026,2,Y,HL
CUST1004723,0,0,0,1,0,0,0,0,N,N,N,6,2026,1,Y,CC
CUST1004724,0,0,0,1,2,0,0,0,N,Y,N,6,2026,2,N,None
CUST1004725,0,0,1,1,0,0,0,0,N,N,Y,6,2026,2,N,SA
CUST1004726,0,0,0,1,2,0,0,0,Y,N,N,6,2026,2,N,None
CUST1004727,0,2,0,1,0,0,0,0,N,N,Y,6,2026,2,Y,SA
CUST1004728,0,2,0,1,0,0,0,0,N,N,N,6,2026,2,Y,HF
CUST1004729,2,2,0,1,0,0,0,0,N,N,N,6,2026,3,N,None
CUST1004730,0,0,0,1,0,0,0,0,N,Y,Y,6,2026,1,N,None
CUST1004731,0,0,0,1,0,0,0,1,Y,N,N,6,2026,2,N,AL
CUST1004732,0,0,0,1,0,0,0,0,N,N,Y,6,2026,1,N,None
CUST1004733,0,2,0,1,0,0,0,0,N,N,N,6,2026,2,N,None
CUST1004734,1,2,1,1,0,0,0,0,N,Y,Y,6,2026,4,Y,RD
CUST1004735,0,0,0,1,0,0,0,0,N,N,Y,6,2026,1,N,None
CUST1004736,0,0,1,1,0,0,0,0,N,N,N,6,2026,2,N,None
CUST1004737,0,2,0,1,0,1,0,0,N,N,Y,6,2026,3,N,None
CUST1004738,0,0,0,1,0,1,0,0,Y,N,N,6,2026,2,Y,MF
CUST1004739,1,2,0,1,0,2,0,0,N,N,Y,6,2026,4,Y,AL
CUST1004740,0,2,0,1,0,0,0,0,N,N,Y,6,2026,2,N,None
CUST1004741,0,0,0,1,0,1,0,0,N,N,Y,6,2026,2,Y,SA
CUST1004742,0,2,0,1,0,0,0,0,N,N,Y,6,2026,2,Y,AL
CUST1004743,0,1,0,1,1,0,0,0,N,N,N,6,2026,3,Y,SA
CUST1004744,2,0,0,1,0,0,0,0,N,N,Y,6,2026,2,Y,HF
CUST1004745,0,2,0,1,0,0,0,0,N,N,N,6,2026,2,N,None
CUST1004746,0,2,0,1,0,0,0,0,N,N,N,6,2026,2,N,SA
CUST1004747,2,1,0,1,0,0,0,0,N,N,Y,6,2026,3,Y,PL
CUST1004748,0,0,0,1,0,2,0,0,N,N,N,6,2026,2,N,None
CUST1004749,0,1,0,1,0,0,0,0,N,N,Y,6,2026,2,Y,MF
CUST1004750,0,2,0,1,0,1,0,0,N,N,Y,6,2026,3,N,None
CUST1004751,0,0,0,1,0,0,0,0,N,N,N,6,2026,1,N,None
CUST1004752,0,0,0,1,0,2,0,0,N,N,N,6,2026,2,N,None
CUST1004753,0,0,0,1,0,1,0,0,N,N,Y,6,2026,2,Y,PL
CUST1004754,0,0,0,1,3,1,0,0,N,N,Y,6,2026,3,N,None
CUST1004755,0,0,1,1,0,0,0,1,Y,N,Y,6,2026,3,Y,MF
CUST1004756,0,0,0,1,0,2,0,0,Y,N,Y,6,2026,2,N,None
CUST1004757,0,2,0,1,0,0,0,0,N,N,Y,6,2026,2,Y,HL
CUST1004758,2,1,0,1,0,0,0,0,N,N,N,6,2026,3,N,None
CUST1004759,0,1,0,1,0,2,0,0,N,N,Y,6,2026,3,Y,RD
CUST1004760,0,0,0,1,0,0,0,0,N,N,N,6,2026,1,Y,AL
CUST1004761,0,1,0,1,0,0,0,0,N,N,N,6,2026,2,Y,CC
CUST1004762,0,0,0,1,0,0,0,0,N,N,Y,6,2026,1,Y,RD
CUST1004763,1,0,0,1,0,0,0,0,N,N,Y,6,2026,2,N,None
CUST1004764,0,0,0,1,0,0,0,0,Y,N,Y,6,2026,1,N,None
CUST1004765,0,2,0,1,1,0,0,0,N,N,N,6,2026,3,N,AL
CUST1004766,0,1,0,1,1,0,0,0,N,N,Y,6,2026,3,N,None
CUST1004767,1,0,0,1,0,0,0,0,N,N,Y,6,2026,2,N,None
CUST1004768,0,2,0,1,0,2,0,0,N,N,Y,6,2026,3,N,None
CUST1004769,0,0,0,1,0,2,1,0,Y,Y,N,6,2026,3,N,None
CUST1004770,1,0,0,1,0,0,0,0,N,N,Y,6,2026,2,N,None
CUST1004771,0,2,0,1,2,2,0,1,N,N,Y,6,2026,5,Y,CC
CUST1004772,0,0,1,1,0,0,0,0,N,N,Y,6,2026,2,N,None
CUST1004773,0,2,0,1,0,1,0,0,N,N,Y,6,2026,3,Y,CC
CUST1004774,0,0,0,1,0,0,0,0,Y,Y,Y,6,2026,1,N,None
CUST1004775,0,0,0,1,0,2,0,1,N,N,N,6,2026,3,N,None
CUST1004776,0,0,0,1,0,0,1,0,Y,N,Y,6,2026,2,N,SA
CUST1004777,1,1,0,1,2,1,0,0,N,N,N,6,2026,5,N,None
CUST1004778,0,0,0,1,0,0,0,0,N,N,N,6,2026,1,N,HL
CUST1004779,0,2,0,1,0,1,0,0,N,N,Y,6,2026,3,Y,SA
CUST1004780,0,0,0,1,0,0,0,0,N,N,Y,6,2026,1,N,None
CUST1004781,0,0,0,1,0,0,0,0,N,N,Y,6,2026,1,N,None
CUST1004782,0,0,0,1,0,2,1,0,N,N,Y,6,2026,3,Y,AL
CUST1004783,0,0,0,1,0,0,0,0,N,N,Y,6,2026,1,N,None
CUST1004784,0,0,0,1,0,0,1,1,N,N,Y,6,2026,3,N,None
CUST1004785,1,0,0,1,3,0,0,0,N,Y,Y,6,2026,3,N,CC
CUST1004786,0,0,0,1,0,0,0,0,N,N,N,6,2026,1,N,SA
CUST1004787,1,2,0,1,1,0,0,0,N,N,N,6,2026,4,N,None
CUST1004788,0,1,0,1,3,0,0,0,N,N,N,6,2026,3,N,HL
CUST1004789,0,0,0,1,2,0,0,0,N,N,N,6,2026,2,N,None
CUST1004790,0,1,0,1,0,0,0,0,N,N,N,6,2026,2,N,None
CUST1004791,0,0,0,1,0,0,0,0,N,N,N,6,2026,1,N,None
CUST1004792,0,0,0,1,0,2,0,0,Y,N,N,6,2026,2,Y,CC
CUST1004793,0,0,0,1,0,0,0,0,N,N,N,6,2026,1,Y,HL
CUST1004794,0,0,0,1,0,0,1,1,N,N,N,6,2026,3,N,None
CUST1004795,0,0,0,1,0,0,0,0,Y,N,Y,6,2026,1,N,None
CUST1004796,0,0,0,1,2,0,0,0,N,N,Y,6,2026,2,N,None
CUST1004797,0,1,0,1,0,1,0,0,N,N,Y,6,2026,3,Y,MF
CUST1004798,0,0,0,1,0,0,0,0,N,N,Y,6,2026,1,N,None
CUST1004799,0,0,0,1,1,0,0,0,N,N,Y,6,2026,2,N,CC
CUST1004800,0,0,0,1,0,0,0,0,N,N,Y,6,2026,1,Y,CC
CUST1004801,0,0,0,1,0,0,1,1,N,N,N,6,2026,3,Y,SA
CUST1004802,1,1,0,1,0,0,0,0,N,N,N,6,2026,3,N,None
CUST1004803,0,0,0,1,0,0,0,0,N,N,Y,6,2026,1,N,None
CUST1004804,2,1,0,1,0,0,0,0,N,N,N,6,2026,3,Y,SA
CUST1004805,0,2,0,1,2,0,1,0,N,N,N,6,2026,4,N,HL
CUST1004806,2,1,0,1,0,1,0,0,N,N,Y,6,2026,4,Y,CC
CUST1004807,0,2,0,1,0,0,0,0,N,N,N,6,2026,2,Y,CC
CUST1004808,2,1,0,1,1,0,0,0,N,N,Y,6,2026,4,Y,SA
CUST1004809,0,0,0,1,0,0,0,0,Y,N,N,6,2026,1,N,None
CUST1004810,0,0,0,1,0,1,0,0,N,N,Y,6,2026,2,N,None
CUST1004811,0,2,0,1,0,0,0,0,N,N,Y,6,2026,2,N,None
CUST1004812,1,1,0,1,1,0,0,0,N,N,N,6,2026,4,Y,SA
CUST1004813,0,0,0,0,0,2,0,1,Y,N,N,6,2026,2,Y,RD
CUST1004814,0,0,0,1,0,0,0,0,N,N,Y,6,2026,1,N,None
CUST1004815,0,0,0,1,0,2,0,1,N,N,Y,6,2026,3,Y,MF
CUST1004816,0,0,0,1,3,1,0,0,N,N,Y,6,2026,3,N,None
CUST1004817,0,0,0,1,0,0,0,0,N,N,N,6,2026,1,N,None
CUST1004818,1,0,0,1,3,0,0,0,N,N,N,6,2026,3,Y,AL
CUST1004819,0,0,0,1,0,0,0,0,N,N,N,6,2026,1,N,None
CUST1004820,0,0,0,1,0,0,0,0,N,N,Y,6,2026,1,Y,MF
CUST1004821,0,0,0,0,0,2,0,0,N,N,Y,6,2026,1,N,None
CUST1004822,0,0,0,1,0,1,0,0,N,N,N,6,2026,2,N,None
CUST1004823,0,0,0,0,0,2,0,0,N,N,N,6,2026,1,Y,CC
CUST1004824,0,0,0,1,0,2,0,0,Y,N,N,6,2026,2,N,CC
CUST1004825,0,0,0,1,0,0,0,0,N,N,N,6,2026,1,Y,PL
CUST1004826,0,1,0,1,0,0,0,0,N,N,N,6,2026,2,N,SA
CUST1004827,0,1,0,1,0,0,0,0,N,N,Y,6,2026,2,N,None
CUST1004828,0,0,0,1,0,0,0,0,N,N,Y,6,2026,1,Y,AL
CUST1004829,1,1,0,1,0,0,0,0,N,N,N,6,2026,3,N,None
CUST1004830,0,0,0,1,0,0,0,0,N,N,Y,6,2026,1,N,None
CUST1004831,0,0,0,1,3,1,0,0,N,N,N,6,2026,3,N,None
CUST1004832,2,2,0,1,2,2,0,0,N,N,N,6,2026,5,Y,CC
CUST1004833,0,0,0,0,0,0,0,0,N,N,N,6,2026,0,Y,PL
CUST1004834,2,2,0,1,3,0,0,0,N,N,Y,6,2026,4,N,CC
CUST1004835,0,1,0,1,0,0,0,0,N,N,Y,6,2026,2,N,None
CUST1004836,0,1,0,1,0,0,0,0,N,N,Y,6,2026,2,Y,SA
CUST1004837,0,0,0,1,0,0,0,0,N,N,N,6,2026,1,Y,RD
CUST1004838,0,1,1,1,2,2,0,1,Y,N,Y,6,2026,6,N,None
CUST1004839,0,0,0,1,0,0,0,0,N,N,Y,6,2026,1,N,None
CUST1004840,0,2,0,1,0,0,0,0,N,N,N,6,2026,2,Y,PL
CUST1004841,0,0,0,1,0,0,0,0,N,N,Y,6,2026,1,Y,PL
CUST1004842,0,1,0,1,0,0,0,0,N,N,Y,6,2026,2,Y,CC
CUST1004843,0,2,0,1,0,0,0,0,N,N,Y,6,2026,2,Y,RD
CUST1004844,0,1,0,0,0,1,0,0,N,N,Y,6,2026,2,N,None
CUST1004845,0,1,0,1,0,0,0,1,N,N,N,6,2026,3,N,RD
CUST1004846,0,0,0,1,3,2,0,0,Y,N,Y,6,2026,3,N,HL
CUST1004847,0,0,1,1,0,1,0,0,N,N,N,6,2026,3,N,AL
CUST1004848,0,0,0,1,1,0,0,0,N,N,Y,6,2026,2,Y,SA
CUST1004849,0,0,0,1,0,0,0,0,N,N,N,6,2026,1,N,None
CUST1004850,0,0,0,1,0,0,0,0,N,N,Y,6,2026,1,Y,HL
CUST1004851,0,0,0,0,3,0,0,0,N,N,N,6,2026,1,Y,MF
CUST1004852,0,0,0,1,0,0,0,0,N,N,N,6,2026,1,N,None
CUST1004853,0,0,0,1,0,0,0,1,N,N,Y,6,2026,2,N,PL
CUST1004854,0,1,0,1,3,0,0,0,N,N,Y,6,2026,3,N,None
CUST1004855,0,2,0,1,0,1,0,0,N,N,N,6,2026,3,Y,CC
CUST1004856,2,0,0,1,0,0,0,0,N,N,N,6,2026,2,N,HF
CUST1004857,1,0,0,1,0,0,0,0,N,N,Y,6,2026,2,Y,RD
CUST1004858,0,0,0,1,0,0,0,1,N,N,Y,6,2026,2,N,MF
CUST1004859,2,2,0,1,0,0,1,0,N,N,N,6,2026,4,N,None
CUST1004860,0,2,0,1,0,0,0,0,N,N,Y,6,2026,2,N,None
CUST1004861,0,0,0,1,0,0,0,0,N,N,N,6,2026,1,N,AL
CUST1004862,2,0,0,1,0,0,0,0,Y,N,N,6,2026,2,N,None
CUST1004863,0,0,0,1,0,0,0,0,N,N,Y,6,2026,1,N,HL
CUST1004864,0,1,0,1,0,0,0,0,N,N,N,6,2026,2,N,None
CUST1004865,2,2,0,1,1,0,0,0,Y,N,N,6,2026,4,Y,AL
CUST1004866,1,2,0,1,0,0,1,0,N,N,N,6,2026,4,N,RD
CUST1004867,0,0,1,1,0,0,0,0,N,N,N,6,2026,2,N,None
CUST1004868,0,0,0,1,0,1,0,0,N,N,N,6,2026,2,N,PL
CUST1004869,0,0,0,1,0,0,0,0,N,N,Y,6,2026,1,N,CC
CUST1004870,0,1,0,1,3,1,0,1,N,Y,N,6,2026,5,Y,AL
CUST1004871,0,1,0,1,0,1,0,0,N,N,N,6,2026,3,N,CC
CUST1004872,0,2,0,1,0,0,0,1,N,N,Y,6,2026,3,Y,PL
CUST1004873,0,0,0,1,0,1,0,0,N,N,Y,6,2026,2,N,None
CUST1004874,0,0,0,1,0,0,0,1,N,N,N,6,2026,2,Y,CC
CUST1004875,0,2,0,1,0,0,0,0,N,N,N,6,2026,2,N,None
CUST1004876,0,0,0,1,0,0,0,0,N,N,N,6,2026,1,N,None
CUST1004877,0,2,0,1,0,0,0,0,N,N,N,6,2026,2,Y,CC
CUST1004878,2,1,0,1,0,0,1,0,N,N,Y,6,2026,4,Y,MF
CUST1004879,0,0,0,1,0,0,0,0,N,N,Y,6,2026,1,N,None
CUST1004880,0,1,0,0,0,0,0,0,N,N,Y,6,2026,1,Y,MF
CUST1004881,0,0,0,1,0,0,0,0,N,N,Y,6,2026,1,N,None
CUST1004882,0,0,0,1,0,0,0,0,N,N,Y,6,2026,1,Y,SA
CUST1004883,0,2,0,1,0,2,0,0,N,N,N,6,2026,3,Y,CC
CUST1004884,2,0,0,1,3,0,0,0,Y,N,N,6,2026,3,N,HF
CUST1004885,0,0,0,1,0,0,0,0,N,N,Y,6,2026,1,N,None
CUST1004886,0,1,0,1,0,1,0,0,N,N,Y,6,2026,3,N,None
CUST1004887,2,0,0,1,0,0,0,0,N,N,Y,6,2026,2,N,None
CUST1004888,0,0,0,1,0,0,0,0,N,N,N,6,2026,1,N,None
CUST1004889,0,0,0,1,0,0,0,0,N,N,Y,6,2026,1,N,None
CUST1004890,0,0,0,0,2,0,0,0,N,N,Y,6,2026,1,N,None
CUST1004891,0,0,0,1,0,0,0,0,N,N,Y,6,2026,1,N,None
CUST1004892,0,0,0,1,3,0,0,0,N,N,Y,6,2026,2,N,None
CUST1004893,0,0,0,1,0,1,0,0,N,N,N,6,2026,2,N,None
CUST1004894,0,0,0,1,0,0,0,0,Y,N,Y,6,2026,1,N,None
CUST1004895,2,0,0,1,0,2,0,0,N,N,N,6,2026,3,N,None
CUST1004896,0,2,0,1,0,0,0,0,Y,N,Y,6,2026,2,N,None
CUST1004897,2,0,0,1,0,0,0,0,N,N,Y,6,2026,2,Y,HL
CUST1004898,2,0,0,1,0,0,0,0,N,N,Y,6,2026,2,Y,RD
CUST1004899,2,0,0,1,0,1,0,0,N,N,Y,6,2026,3,N,None
CUST1004900,0,0,0,1,1,0,0,0,N,N,Y,6,2026,2,N,None
CUST1004901,1,2,0,1,3,0,0,0,N,N,Y,6,2026,4,Y,MF
CUST1004902,0,1,0,1,1,0,0,0,N,N,Y,6,2026,3,N,None
CUST1004903,1,0,0,1,0,0,0,0,Y,N,Y,6,2026,2,Y,MF
CUST1004904,0,0,0,1,0,0,0,0,N,N,N,6,2026,1,N,None
CUST1004905,0,2,0,1,0,2,0,0,N,N,Y,6,2026,3,Y,RD
CUST1004906,0,0,0,1,2,0,0,0,N,N,N,6,2026,2,N,None
CUST1004907,0,0,0,1,0,0,0,0,N,N,N,6,2026,1,N,None
CUST1004908,0,2,0,1,0,0,0,0,N,N,N,6,2026,2,N,MF
CUST1004909,0,1,0,1,0,0,0,0,N,N,N,6,2026,2,N,None
CUST1004910,0,0,0,1,1,0,0,0,N,N,N,6,2026,2,N,None
CUST1004911,0,2,0,1,0,0,0,0,N,N,N,6,2026,2,N,None
CUST1004912,0,2,0,1,1,0,0,0,N,N,N,6,2026,3,N,None
CUST1004913,0,0,0,1,0,0,0,0,N,N,N,6,2026,1,N,None
CUST1004914,1,1,0,1,0,0,0,0,Y,N,Y,6,2026,3,N,None
CUST1004915,0,0,0,1,0,2,0,0,N,N,N,6,2026,2,N,RD
CUST1004916,0,0,0,1,0,1,0,0,N,N,N,6,2026,2,N,None
CUST1004917,0,0,0,1,0,1,0,0,N,N,Y,6,2026,2,N,None
CUST1004918,0,1,0,1,0,0,0,0,N,N,Y,6,2026,2,N,None
CUST1004919,0,2,0,1,0,0,0,0,N,Y,N,6,2026,2,Y,MF
CUST1004920,0,1,0,1,0,0,0,1,N,N,Y,6,2026,3,N,None
CUST1004921,0,0,0,1,0,0,0,0,N,N,N,6,2026,1,Y,HF
CUST1004922,0,0,0,1,0,0,0,0,N,N,N,6,2026,1,Y,CC
CUST1004923,0,0,0,1,1,0,0,0,Y,N,N,6,2026,2,N,None
CUST1004924,0,0,0,1,0,0,0,0,Y,N,N,6,2026,1,N,None
CUST1004925,0,2,1,1,0,0,0,0,N,N,Y,6,2026,3,Y,AL
CUST1004926,0,0,0,1,0,0,0,0,Y,N,Y,6,2026,1,Y,PL
CUST1004927,0,1,1,1,3,1,0,0,N,N,Y,6,2026,5,Y,SA
CUST1004928,0,2,0,1,0,0,0,0,Y,N,Y,6,2026,2,N,None
CUST1004929,0,0,0,1,1,0,0,0,Y,N,N,6,2026,2,N,None
CUST1004930,0,2,0,1,1,1,0,0,N,N,N,6,2026,4,Y,MF
CUST1004931,0,2,0,1,0,1,0,0,N,N,Y,6,2026,3,N,None
CUST1004932,0,1,0,1,2,0,0,0,N,N,Y,6,2026,3,Y,SA
CUST1004933,0,0,0,1,0,0,0,0,N,N,Y,6,2026,1,N,None
CUST1004934,0,0,0,1,0,2,0,0,N,N,N,6,2026,2,N,None
CUST1004935,0,0,0,1,0,0,0,0,N,N,Y,6,2026,1,Y,CC
CUST1004936,1,2,0,1,0,0,0,0,N,N,N,6,2026,3,Y,SA
CUST1004937,0,0,0,1,0,0,0,0,N,N,Y,6,2026,1,Y,HF
CUST1004938,0,2,0,1,2,2,0,0,N,N,Y,6,2026,4,Y,CC
CUST1004939,0,0,0,1,0,0,0,0,Y,N,Y,6,2026,1,N,None
CUST1004940,1,0,1,1,0,0,0,1,N,N,Y,6,2026,4,N,None
CUST1004941,0,2,0,1,3,0,0,0,N,N,N,6,2026,3,N,None
CUST1004942,0,0,1,1,0,2,0,0,N,N,N,6,2026,3,N,SA
CUST1004943,0,0,0,1,0,0,0,0,N,N,Y,6,2026,1,N,None
CUST1004944,1,0,0,1,0,0,0,0,N,N,Y,6,2026,2,Y,SA
CUST1004945,1,0,0,1,1,0,0,0,N,Y,Y,6,2026,3,Y,HF
CUST1004946,0,0,0,1,2,0,0,0,N,N,N,6,2026,2,N,RD
CUST1004947,0,0,0,1,0,0,0,0,N,N,N,6,2026,1,N,None
CUST1004948,1,2,0,1,0,0,0,0,N,N,N,6,2026,3,Y,CC
CUST1004949,1,0,0,1,0,0,0,0,N,N,N,6,2026,2,Y,AL
CUST1004950,0,0,0,1,0,0,0,0,N,N,Y,6,2026,1,Y,MF
CUST1004951,1,2,0,1,0,0,0,0,N,N,Y,6,2026,3,Y,AL
CUST1004952,0,0,0,1,0,2,0,0,N,N,N,6,2026,2,N,None
CUST1004953,0,1,0,1,0,1,0,0,N,N,Y,6,2026,3,N,None
CUST1004954,0,0,0,0,2,1,0,0,N,N,Y,6,2026,2,N,None
CUST1004955,0,0,0,1,1,0,0,0,N,N,Y,6,2026,2,N,None
CUST1004956,0,2,0,1,0,0,0,0,N,N,Y,6,2026,2,Y,SA
CUST1004957,0,1,0,1,0,0,0,0,Y,N,Y,6,2026,2,N,None
CUST1004958,0,1,0,1,0,0,0,0,N,N,Y,6,2026,2,N,None
CUST1004959,0,1,0,1,1,2,0,1,N,N,N,6,2026,5,Y,SA
CUST1004960,0,0,0,1,0,1,1,0,N,N,N,6,2026,3,Y,CC
CUST1004961,0,0,0,1,1,0,0,0,N,N,Y,6,2026,2,N,MF
CUST1004962,0,1,1,1,0,0,0,0,N,N,Y,6,2026,3,N,None
CUST1004963,0,2,0,1,0,0,0,0,N,N,Y,6,2026,2,Y,CC
CUST1004964,2,0,0,1,2,0,0,0,N,N,N,6,2026,3,N,None
CUST1004965,0,0,0,1,0,0,1,0,Y,N,N,6,2026,2,Y,CC
CUST1004966,2,0,0,1,2,0,0,0,N,N,Y,6,2026,3,Y,RD
CUST1004967,0,1,0,1,0,0,0,0,N,N,N,6,2026,2,Y,SA
CUST1004968,0,0,0,1,0,0,0,0,N,N,N,6,2026,1,N,None
CUST1004969,0,0,0,1,1,0,0,0,N,N,Y,6,2026,2,N,None
CUST1004970,0,0,0,1,0,0,0,0,N,N,Y,6,2026,1,N,None
CUST1004971,0,0,0,1,0,0,0,0,N,N,Y,6,2026,1,Y,RD
CUST1004972,1,2,0,1,1,2,0,0,N,N,Y,6,2026,5,N,None
CUST1004973,0,0,0,1,0,0,0,0,N,N,Y,6,2026,1,N,MF
CUST1004974,0,0,0,1,0,1,0,0,N,N,Y,6,2026,2,Y,SA
CUST1004975,2,2,0,1,3,0,1,1,N,N,Y,6,2026,6,N,None
CUST1004976,0,0,0,1,0,1,0,1,N,N,Y,6,2026,3,N,None
CUST1004977,0,0,0,1,0,0,0,0,N,N,N,6,2026,1,N,None
CUST1004978,1,1,1,1,0,2,0,0,N,N,Y,6,2026,5,Y,PL
CUST1004979,0,0,0,1,0,0,0,0,N,N,N,6,2026,1,N,None
CUST1004980,0,0,0,0,0,0,0,0,N,N,Y,6,2026,0,Y,CC
CUST1004981,0,0,0,1,3,0,0,0,N,N,N,6,2026,2,Y,SA
CUST1004982,0,0,0,0,0,0,0,1,N,N,Y,6,2026,1,Y,CC
CUST1004983,1,0,0,1,0,2,0,0,Y,N,N,6,2026,3,Y,RD
CUST1004984,0,2,0,1,0,0,0,0,N,N,N,6,2026,2,Y,SA
CUST1004985,0,1,0,1,0,0,0,0,N,N,N,6,2026,2,N,None
CUST1004986,0,2,0,1,0,1,0,0,N,N,Y,6,2026,3,N,None
CUST1004987,0,0,0,1,0,0,0,0,N,N,Y,6,2026,1,Y,MF
CUST1004988,0,1,0,1,0,0,0,0,Y,N,Y,6,2026,2,Y,PL
CUST1004989,0,1,0,1,0,0,0,0,N,Y,N,6,2026,2,Y,MF
CUST1004990,0,0,0,1,0,0,0,0,N,N,N,6,2026,1,N,None
CUST1004991,0,0,0,1,0,0,0,0,N,N,Y,6,2026,1,N,None
CUST1004992,0,0,0,1,0,0,0,0,Y,N,N,6,2026,1,Y,RD
CUST1004993,0,0,0,1,0,0,0,0,N,N,Y,6,2026,1,N,None
CUST1004994,0,0,0,1,0,2,0,0,Y,N,Y,6,2026,2,N,None
CUST1004995,1,1,1,1,0,2,0,0,N,N,Y,6,2026,5,N,None
CUST1004996,1,0,0,1,0,1,0,0,N,N,Y,6,2026,3,N,None
CUST1004997,0,1,0,0,2,0,0,1,N,N,Y,6,2026,3,N,None
CUST1004998,0,1,0,1,0,0,0,0,N,N,N,6,2026,2,N,CC
CUST1004999,0,1,0,1,0,0,0,0,N,N,Y,6,2026,2,Y,SA
CUST1005000,0,2,0,0,0,2,0,0,N,N,N,6,2026,2,N,None
CUST1005001,2,0,0,1,2,0,0,0,N,N,Y,6,2026,3,N,SA
CUST1005002,0,1,1,1,0,0,0,0,N,N,Y,6,2026,3,Y,PL
CUST1005003,2,1,0,1,0,0,0,0,Y,N,N,6,2026,3,Y,HF
CUST1005004,0,1,0,1,2,1,0,0,N,N,Y,6,2026,4,N,RD
CUST1005005,0,1,0,1,0,2,1,0,Y,N,N,6,2026,4,N,None
CUST1005006,0,0,1,1,2,2,0,0,N,N,N,6,2026,4,N,None
CUST1005007,2,0,0,1,3,0,0,0,N,N,Y,6,2026,3,Y,RD
CUST1005008,1,1,0,1,1,0,0,0,N,N,N,6,2026,4,N,None
CUST1005009,0,0,0,1,3,0,1,0,N,N,N,6,2026,3,N,None
CUST1005010,0,1,0,1,1,0,0,0,N,Y,Y,6,2026,3,Y,SA
CUST1005011,0,0,0,1,0,0,0,0,N,N,Y,6,2026,1,Y,RD
CUST1005012,1,0,0,1,0,1,0,0,N,N,Y,6,2026,3,N,None
CUST1005013,0,0,0,1,0,1,1,0,N,N,N,6,2026,3,N,MF
CUST1005014,0,0,0,1,0,0,1,1,N,N,N,6,2026,3,N,HL
CUST1005015,0,1,0,0,0,0,0,0,N,N,N,6,2026,1,N,None
CUST1005016,2,1,0,1,0,0,0,1,N,N,N,6,2026,4,N,None
CUST1005017,0,1,0,1,0,0,0,0,N,N,Y,6,2026,2,N,None
CUST1005018,0,0,0,1,0,0,0,0,N,N,N,6,2026,1,Y,HF
CUST1005019,0,0,0,1,0,0,0,1,N,N,N,6,2026,2,Y,HL
CUST1005020,2,0,0,1,0,0,0,0,Y,N,N,6,2026,2,N,None
CUST1005021,0,0,0,1,0,0,0,0,N,N,N,6,2026,1,N,SA
CUST1005022,0,1,0,1,0,1,0,0,N,N,N,6,2026,3,Y,RD
CUST1005023,1,1,0,1,0,0,1,0,Y,N,N,6,2026,4,N,None
CUST1005024,1,0,0,1,0,1,0,0,N,N,Y,6,2026,3,N,PL
CUST1005025,0,0,0,1,0,0,0,0,N,N,Y,6,2026,1,Y,AL
CUST1005026,0,0,0,1,2,0,0,0,N,N,Y,6,2026,2,N,None
CUST1005027,0,0,0,1,1,0,0,0,N,N,Y,6,2026,2,N,None
CUST1005028,0,0,0,1,3,0,0,1,N,Y,Y,6,2026,3,N,None
CUST1005029,0,2,0,1,0,0,0,0,N,N,Y,6,2026,2,Y,CC
CUST1005030,0,2,0,1,0,0,0,0,N,N,Y,6,2026,2,N,None
CUST1005031,0,0,1,1,0,2,0,0,N,N,Y,6,2026,3,N,None
CUST1005032,0,0,0,1,0,0,0,0,N,N,Y,6,2026,1,N,None
CUST1005033,2,0,0,1,0,0,0,0,N,N,Y,6,2026,2,N,None
CUST1005034,0,0,0,1,2,0,0,0,N,N,Y,6,2026,2,N,None
CUST1005035,0,0,0,1,0,1,0,0,N,N,Y,6,2026,2,Y,CC
CUST1005036,0,0,0,1,3,0,0,0,N,N,Y,6,2026,2,N,None
CUST1005037,0,0,0,1,0,0,0,0,N,N,Y,6,2026,1,N,None
CUST1005038,1,0,0,1,0,0,0,0,Y,N,N,6,2026,2,Y,HF
CUST1005039,0,0,0,1,3,0,0,0,N,N,Y,6,2026,2,N,None
CUST1005040,0,0,0,1,0,0,0,1,N,N,N,6,2026,2,Y,CC
CUST1005041,0,2,0,1,0,0,0,0,N,N,N,6,2026,2,N,None
CUST1005042,2,0,0,1,0,0,0,0,N,N,N,6,2026,2,N,None
CUST1005043,1,1,0,1,0,1,0,0,N,N,N,6,2026,4,N,None
CUST1005044,1,0,0,1,0,0,0,0,N,N,Y,6,2026,2,N,None
CUST1005045,0,0,0,1,0,0,0,1,N,N,Y,6,2026,2,N,None
CUST1005046,0,2,0,1,1,0,0,1,N,N,Y,6,2026,4,N,None
CUST1005047,0,0,0,1,0,0,0,0,N,N,N,6,2026,1,Y,AL
CUST1005048,0,0,0,1,0,0,0,0,N,N,N,6,2026,1,N,None
CUST1005049,0,2,0,1,0,0,0,0,N,N,Y,6,2026,2,Y,RD
CUST1005050,0,0,0,1,0,1,0,0,N,N,N,6,2026,2,N,None
CUST1005051,0,0,0,1,0,0,0,0,N,N,N,6,2026,1,Y,RD
CUST1005052,0,0,0,1,0,1,0,0,N,N,N,6,2026,2,Y,AL
CUST1005053,0,1,1,1,0,2,0,1,Y,N,Y,6,2026,5,N,None
CUST1005054,0,1,0,1,3,0,0,0,N,N,Y,6,2026,3,N,None
CUST1005055,0,1,0,1,2,0,0,0,N,N,N,6,2026,3,Y,CC
CUST1005056,0,0,0,1,3,1,0,0,N,N,N,6,2026,3,N,None
CUST1005057,1,0,0,1,0,1,0,0,N,N,N,6,2026,3,N,AL
CUST1005058,0,0,0,1,3,0,0,0,N,N,N,6,2026,2,N,MF
CUST1005059,0,0,0,0,0,0,0,0,N,N,Y,6,2026,0,Y,AL
CUST1005060,1,0,0,0,0,0,0,0,N,N,Y,6,2026,1,N,None
CUST1005061,0,1,0,1,0,1,0,1,Y,N,Y,6,2026,4,Y,PL
CUST1005062,0,0,0,1,0,1,0,0,N,N,Y,6,2026,2,N,None
CUST1005063,1,0,0,1,0,0,0,0,N,N,Y,6,2026,2,N,None
CUST1005064,1,0,0,1,0,0,0,0,N,Y,Y,6,2026,2,N,None
CUST1005065,0,1,0,1,2,0,0,1,Y,N,Y,6,2026,4,N,None
CUST1005066,0,0,0,1,0,0,0,0,N,N,Y,6,2026,1,N,None
CUST1005067,0,0,0,1,0,0,0,0,N,N,Y,6,2026,1,Y,MF
CUST1005068,0,1,0,1,0,0,0,0,N,N,Y,6,2026,2,N,SA
CUST1005069,0,1,0,1,1,2,0,0,N,N,N,6,2026,4,N,None
CUST1005070,0,0,0,1,0,0,0,1,N,N,N,6,2026,2,Y,SA
CUST1005071,0,0,0,1,0,0,0,0,N,N,N,6,2026,1,Y,PL
CUST1005072,1,1,0,1,1,0,0,0,N,N,Y,6,2026,4,N,None
CUST1005073,0,2,1,1,0,0,0,0,Y,N,Y,6,2026,3,N,None
CUST1005074,0,0,0,1,0,2,0,0,N,N,N,6,2026,2,N,SA
CUST1005075,0,0,1,1,0,0,0,0,Y,N,N,6,2026,2,Y,HF
CUST1005076,0,0,0,1,0,0,0,0,Y,N,Y,6,2026,1,N,None
CUST1005077,0,2,0,1,0,2,0,0,N,N,N,6,2026,3,N,None
CUST1005078,0,1,0,1,3,0,0,1,N,N,Y,6,2026,4,N,AL
CUST1005079,2,1,0,1,0,0,0,0,N,N,N,6,2026,3,N,None
CUST1005080,1,0,0,1,0,0,0,0,N,N,Y,6,2026,2,N,MF
CUST1005081,0,0,0,1,0,0,0,0,Y,N,Y,6,2026,1,N,None
CUST1005082,0,1,0,1,0,0,0,0,N,N,N,6,2026,2,Y,SA
CUST1005083,0,1,0,1,0,2,0,0,Y,N,Y,6,2026,3,N,None
CUST1005084,0,0,0,1,0,0,0,0,N,N,N,6,2026,1,N,None
CUST1005085,1,1,0,1,0,0,0,0,N,N,Y,6,2026,3,Y,RD
CUST1005086,0,0,0,1,0,0,0,0,N,N,N,6,2026,1,N,HL
CUST1005087,0,1,0,1,0,1,0,0,N,N,N,6,2026,3,Y,PL
CUST1005088,0,1,0,1,2,0,0,0,N,N,N,6,2026,3,Y,SA
CUST1005089,0,0,0,1,0,0,0,0,Y,N,Y,6,2026,1,Y,CC
CUST1005090,0,0,0,1,0,0,0,0,Y,N,N,6,2026,1,N,None
CUST1005091,0,1,0,1,0,0,1,0,Y,N,Y,6,2026,3,N,None
CUST1005092,0,2,0,0,0,1,1,0,N,N,N,6,2026,3,N,RD
CUST1005093,2,1,0,1,0,2,0,0,Y,N,N,6,2026,4,N,None
CUST1005094,0,1,0,1,0,0,0,0,N,N,Y,6,2026,2,N,None
CUST1005095,0,2,0,1,0,0,0,0,N,N,N,6,2026,2,N,AL
CUST1005096,0,2,0,1,0,0,0,0,N,N,N,6,2026,2,N,HF
CUST1005097,1,1,0,0,0,0,0,1,N,N,N,6,2026,3,N,None
CUST1005098,0,0,1,1,0,0,0,0,N,N,Y,6,2026,2,N,None
CUST1005099,0,0,0,1,0,0,0,0,Y,N,N,6,2026,1,Y,RD
CUST1005100,0,0,0,1,0,2,0,0,N,N,N,6,2026,2,N,SA
CUST1005101,0,1,0,1,2,0,0,0,Y,N,Y,6,2026,3,Y,CC
CUST1005102,0,0,0,1,1,0,0,0,N,N,N,6,2026,2,N,None
CUST1005103,0,0,0,1,0,0,0,0,N,N,Y,6,2026,1,N,None
CUST1005104,2,0,0,1,0,0,0,0,Y,N,Y,6,2026,2,N,None
CUST1005105,2,0,0,0,0,0,0,0,N,N,N,6,2026,1,Y,SA
CUST1005106,2,2,0,1,0,0,0,0,N,N,Y,6,2026,3,Y,CC
CUST1005107,0,0,0,1,0,0,0,0,N,N,N,6,2026,1,Y,RD
CUST1005108,0,1,0,1,1,0,0,1,N,N,Y,6,2026,4,N,SA
CUST1005109,0,1,0,1,0,0,0,0,N,N,N,6,2026,2,N,None
CUST1005110,0,2,0,0,0,0,0,1,N,N,N,6,2026,2,N,None
CUST1005111,1,2,0,1,2,0,0,0,Y,N,N,6,2026,4,N,None
CUST1005112,0,2,0,1,0,0,0,0,Y,N,Y,6,2026,2,Y,SA
CUST1005113,0,1,0,1,1,2,0,0,N,N,Y,6,2026,4,N,None
CUST1005114,1,0,0,1,1,0,0,0,N,N,Y,6,2026,3,Y,SA
CUST1005115,0,0,0,1,0,1,0,0,N,N,Y,6,2026,2,N,None
CUST1005116,0,1,0,0,3,0,0,0,N,N,Y,6,2026,2,N,RD
CUST1005117,0,0,0,1,0,0,0,1,N,N,Y,6,2026,2,Y,HF
CUST1005118,0,1,0,1,0,0,0,0,N,N,Y,6,2026,2,Y,AL
CUST1005119,0,0,0,1,0,0,0,0,N,N,N,6,2026,1,Y,HL
CUST1005120,0,0,0,1,0,1,0,0,N,N,Y,6,2026,2,N,None
CUST1005121,0,2,0,1,3,2,0,0,N,N,Y,6,2026,4,Y,AL
CUST1005122,0,1,0,1,0,2,0,0,N,N,N,6,2026,3,N,None
CUST1005123,0,0,0,1,0,0,0,0,Y,N,Y,6,2026,1,Y,CC
CUST1005124,0,2,0,1,0,0,0,1,N,N,Y,6,2026,3,N,CC
CUST1005125,2,0,0,1,0,2,0,1,N,Y,N,6,2026,4,Y,SA
CUST1005126,0,2,0,1,0,0,0,0,N,N,Y,6,2026,2,Y,CC
CUST1005127,0,0,0,1,0,0,0,0,N,N,Y,6,2026,1,N,None
CUST1005128,0,1,0,1,0,0,0,0,N,N,Y,6,2026,2,Y,SA
CUST1005129,0,0,0,1,1,0,0,0,N,N,Y,6,2026,2,N,None
CUST1005130,0,2,0,1,0,0,0,0,N,N,Y,6,2026,2,N,None
CUST1005131,0,0,0,1,0,0,0,0,N,N,Y,6,2026,1,Y,HF
CUST1005132,0,0,0,1,0,0,0,1,N,N,N,6,2026,2,Y,MF
CUST1005133,0,0,0,1,2,0,0,0,N,N,N,6,2026,2,Y,AL
CUST1005134,0,1,0,1,0,0,0,0,N,N,Y,6,2026,2,Y,MF
CUST1005135,0,0,0,1,0,0,1,0,Y,N,Y,6,2026,2,N,None
CUST1005136,0,2,0,1,0,2,0,0,N,N,Y,6,2026,3,Y,CC
CUST1005137,0,2,0,1,1,0,0,0,N,N,N,6,2026,3,Y,CC
CUST1005138,0,0,0,1,3,1,0,0,N,N,N,6,2026,3,Y,PL
CUST1005139,0,2,0,1,0,0,0,0,N,N,N,6,2026,2,N,None
CUST1005140,0,0,0,1,3,0,0,0,N,N,N,6,2026,2,Y,PL
CUST1005141,0,0,0,1,0,0,0,1,N,N,N,6,2026,2,N,None
CUST1005142,0,0,0,1,0,0,0,0,N,N,Y,6,2026,1,Y,SA
CUST1005143,0,2,0,1,0,2,0,0,N,N,Y,6,2026,3,Y,AL
CUST1005144,0,0,0,1,3,0,0,0,N,N,Y,6,2026,2,Y,MF
CUST1005145,0,0,0,1,2,0,0,0,N,N,Y,6,2026,2,Y,HL
CUST1005146,0,0,0,1,0,0,0,0,Y,N,N,6,2026,1,Y,HL
CUST1005147,0,0,0,1,0,0,0,0,N,N,Y,6,2026,1,Y,CC
CUST1005148,0,0,0,1,3,0,0,0,Y,N,N,6,2026,2,Y,AL
CUST1005149,0,0,0,0,0,1,0,0,N,N,N,6,2026,1,Y,SA
CUST1005150,1,2,0,1,0,1,0,0,Y,N,Y,6,2026,4,Y,AL
CUST1005151,0,0,0,1,0,2,0,0,N,N,Y,6,2026,2,Y,HL
CUST1005152,1,2,0,1,2,2,0,0,N,N,Y,6,2026,5,N,None
CUST1005153,0,2,0,1,3,1,0,0,N,N,Y,6,2026,4,Y,PL
CUST1005154,2,2,0,1,0,0,0,1,N,N,Y,6,2026,4,N,None
CUST1005155,0,1,0,1,0,1,0,0,N,N,Y,6,2026,3,Y,HF
CUST1005156,0,2,0,1,0,0,0,1,N,N,Y,6,2026,3,N,None
CUST1005157,0,0,0,1,0,0,0,1,N,N,N,6,2026,2,N,None
CUST1005158,0,0,0,1,0,0,0,0,N,N,Y,6,2026,1,Y,CC
CUST1005159,0,0,0,1,0,0,0,0,Y,N,Y,6,2026,1,Y,MF
CUST1005160,1,2,0,1,0,0,1,0,N,N,Y,6,2026,4,N,None
CUST1005161,0,2,0,1,0,0,0,0,N,Y,N,6,2026,2,N,AL
CUST1005162,1,2,0,1,0,0,0,1,N,N,Y,6,2026,4,N,AL
CUST1005163,0,0,0,1,3,0,0,0,N,N,Y,6,2026,2,Y,CC
CUST1005164,1,0,0,1,0,2,0,0,N,N,Y,6,2026,3,Y,CC
CUST1005165,1,1,0,0,0,0,0,0,N,N,Y,6,2026,2,Y,RD
CUST1005166,2,2,0,1,1,0,0,0,N,N,Y,6,2026,4,Y,SA
CUST1005167,0,0,0,1,0,0,0,0,N,N,N,6,2026,1,N,None
CUST1005168,0,2,0,1,0,0,0,1,N,N,N,6,2026,3,N,None
CUST1005169,0,0,0,1,0,1,0,0,N,N,Y,6,2026,2,Y,HF
CUST1005170,0,2,0,1,0,2,0,0,N,Y,Y,6,2026,3,Y,RD
CUST1005171,2,0,0,1,0,0,0,0,N,N,Y,6,2026,2,N,None
CUST1005172,0,0,0,1,3,1,0,0,N,Y,N,6,2026,3,N,None
CUST1005173,2,0,0,1,0,2,0,0,N,N,Y,6,2026,3,N,None
CUST1005174,0,0,0,1,0,0,1,0,N,N,Y,6,2026,2,Y,PL
CUST1005175,0,1,0,1,0,2,0,0,N,N,Y,6,2026,3,N,None
CUST1005176,1,0,0,1,0,0,0,0,N,N,N,6,2026,2,N,None
CUST1005177,0,0,0,1,3,0,0,0,Y,N,N,6,2026,2,Y,PL
CUST1005178,0,0,0,1,0,2,0,0,Y,Y,N,6,2026,2,N,None
CUST1005179,0,0,0,1,0,0,0,1,N,N,Y,6,2026,2,N,None
CUST1005180,0,0,1,1,0,2,0,0,N,N,Y,6,2026,3,N,SA
CUST1005181,0,1,0,1,0,1,0,0,N,N,Y,6,2026,3,N,None
CUST1005182,0,2,0,1,0,0,0,0,N,N,Y,6,2026,2,Y,CC
CUST1005183,0,1,0,1,0,0,0,0,N,N,Y,6,2026,2,Y,PL
CUST1005184,0,1,0,1,0,0,0,0,N,N,Y,6,2026,2,N,PL
CUST1005185,0,0,0,1,0,1,0,0,N,Y,N,6,2026,2,N,None
CUST1005186,0,0,0,1,2,0,0,0,N,N,Y,6,2026,2,N,None
CUST1005187,0,0,0,1,0,0,0,0,N,N,Y,6,2026,1,N,None
CUST1005188,2,0,0,1,0,0,0,0,N,N,N,6,2026,2,Y,PL
CUST1005189,0,2,0,1,0,0,0,0,N,Y,Y,6,2026,2,N,None
CUST1005190,0,0,0,1,0,0,0,0,N,N,N,6,2026,1,Y,HL
CUST1005191,0,0,0,1,0,0,0,0,N,N,N,6,2026,1,N,None
CUST1005192,0,2,0,1,0,1,0,0,N,N,Y,6,2026,3,Y,AL
CUST1005193,0,0,0,1,0,0,1,0,Y,N,Y,6,2026,2,N,None
CUST1005194,0,0,0,1,3,0,0,1,N,N,N,6,2026,3,N,MF
CUST1005195,0,0,0,0,3,2,0,0,N,N,N,6,2026,2,N,None
CUST1005196,0,0,0,1,0,0,0,1,N,N,Y,6,2026,2,N,None
CUST1005197,0,0,0,1,3,0,0,0,Y,N,N,6,2026,2,N,None
CUST1005198,0,0,0,1,0,0,0,0,N,N,N,6,2026,1,Y,SA
CUST1005199,0,1,0,1,0,0,0,0,N,N,Y,6,2026,2,Y,CC
CUST1005200,0,1,0,1,0,2,0,0,N,N,N,6,2026,3,N,None
CUST1005201,0,0,0,1,0,1,0,0,Y,N,Y,6,2026,2,N,None
CUST1005202,1,1,0,1,0,0,0,0,N,N,Y,6,2026,3,N,None
CUST1005203,0,0,0,1,0,2,0,0,N,N,Y,6,2026,2,N,None
CUST1005204,0,0,0,1,1,0,0,0,N,N,Y,6,2026,2,Y,RD
CUST1005205,0,0,0,1,0,0,0,0,Y,N,Y,6,2026,1,N,None
CUST1005206,1,0,0,1,3,2,0,0,N,N,Y,6,2026,4,N,None
CUST1005207,0,2,0,1,0,0,0,0,N,N,Y,6,2026,2,N,None
CUST1005208,0,0,0,1,0,0,0,0,N,N,N,6,2026,1,Y,RD
CUST1005209,0,0,0,1,0,0,0,0,N,Y,Y,6,2026,1,Y,AL
CUST1005210,0,0,0,0,0,0,0,0,Y,N,Y,6,2026,0,N,None
CUST1005211,0,2,0,1,1,0,1,0,N,N,N,6,2026,4,Y,MF
CUST1005212,0,0,0,1,0,0,0,0,Y,N,Y,6,2026,1,N,None
CUST1005213,0,0,0,1,0,1,0,0,Y,N,Y,6,2026,2,Y,HL
CUST1005214,0,0,0,1,1,0,0,0,N,N,N,6,2026,2,Y,SA
CUST1005215,0,2,0,0,2,0,0,0,N,N,Y,6,2026,2,Y,CC
CUST1005216,0,0,0,1,0,1,0,0,N,N,Y,6,2026,2,N,None
CUST1005217,0,0,0,1,0,1,0,0,N,Y,Y,6,2026,2,N,None
CUST1005218,1,1,0,1,0,0,0,0,N,N,N,6,2026,3,Y,RD
CUST1005219,0,0,0,1,0,0,0,0,N,N,N,6,2026,1,N,None
CUST1005220,1,1,0,1,2,0,1,0,N,N,Y,6,2026,5,Y,HL
CUST1005221,0,0,0,1,0,0,0,0,N,Y,N,6,2026,1,Y,SA
CUST1005222,0,0,0,1,0,0,0,0,N,N,Y,6,2026,1,N,None
CUST1005223,0,0,0,1,0,0,0,0,N,N,N,6,2026,1,Y,MF
CUST1005224,1,0,0,1,2,0,0,0,N,N,N,6,2026,3,N,None
CUST1005225,0,0,0,1,2,0,0,0,Y,N,N,6,2026,2,N,None
CUST1005226,1,0,0,1,2,2,0,0,N,N,Y,6,2026,4,Y,CC
CUST1005227,0,0,0,1,1,0,0,0,N,N,N,6,2026,2,N,AL
CUST1005228,0,0,0,1,2,0,0,0,N,N,N,6,2026,2,Y,CC
CUST1005229,0,0,0,1,0,1,0,0,N,N,Y,6,2026,2,N,None
CUST1005230,1,2,0,1,2,1,0,0,Y,N,N,6,2026,5,N,None
CUST1005231,0,0,0,1,0,0,0,0,N,N,N,6,2026,1,Y,CC
CUST1005232,0,2,0,1,0,0,0,1,Y,N,N,6,2026,3,N,None
CUST1005233,0,2,0,1,0,0,0,1,N,N,N,6,2026,3,N,RD
CUST1005234,1,2,0,1,3,0,0,0,N,N,Y,6,2026,4,N,None
CUST1005235,0,2,0,1,0,0,0,0,N,N,N,6,2026,2,Y,HL
CUST1005236,0,0,0,1,0,0,0,0,Y,N,N,6,2026,1,Y,MF
CUST1005237,0,2,0,1,0,0,0,0,N,N,Y,6,2026,2,N,None
CUST1005238,2,0,0,1,1,0,0,0,Y,N,Y,6,2026,3,N,None
CUST1005239,0,0,0,1,0,0,0,0,N,N,Y,6,2026,1,Y,HL
CUST1005240,0,0,0,1,0,0,0,1,N,N,Y,6,2026,2,Y,SA
CUST1005241,0,0,0,1,0,1,0,0,N,N,Y,6,2026,2,Y,PL
CUST1005242,0,0,0,1,0,2,0,0,N,Y,N,6,2026,2,Y,PL
CUST1005243,1,1,0,1,0,0,0,1,N,N,Y,6,2026,4,Y,RD
CUST1005244,0,0,0,1,0,0,0,0,N,N,N,6,2026,1,Y,HL
CUST1005245,0,2,0,1,0,0,0,1,N,N,Y,6,2026,3,Y,MF
CUST1005246,0,0,0,0,0,0,0,0,Y,N,Y,6,2026,0,N,CC
CUST1005247,2,0,0,1,3,0,0,0,N,N,N,6,2026,3,Y,PL
CUST1005248,0,2,0,1,0,0,0,0,N,N,Y,6,2026,2,Y,CC
CUST1005249,0,0,0,1,0,0,1,0,N,N,N,6,2026,2,Y,CC
CUST1005250,0,0,0,1,0,0,0,0,N,N,N,6,2026,1,N,None
CUST1005251,0,0,0,1,1,0,0,0,N,N,Y,6,2026,2,N,SA
CUST1005252,0,2,0,1,2,2,0,0,Y,N,Y,6,2026,4,Y,MF
CUST1005253,1,0,0,1,2,0,1,0,N,N,N,6,2026,4,N,AL
CUST1005254,0,2,0,1,3,0,0,0,Y,N,Y,6,2026,3,Y,MF
CUST1005255,0,0,0,1,0,0,0,0,N,N,Y,6,2026,1,N,None
CUST1005256,0,0,0,1,0,0,0,0,N,N,N,6,2026,1,Y,AL
CUST1005257,1,1,0,1,0,1,0,0,N,N,Y,6,2026,4,N,None
CUST1005258,0,1,0,1,0,1,0,0,Y,N,Y,6,2026,3,N,SA
CUST1005259,0,2,0,1,0,0,0,0,N,N,N,6,2026,2,N,None
CUST1005260,0,0,0,1,0,0,0,0,N,N,N,6,2026,1,N,None
CUST1005261,0,0,0,1,0,0,0,0,N,N,Y,6,2026,1,Y,AL
CUST1005262,0,0,0,1,0,0,0,0,N,N,N,6,2026,1,N,SA
CUST1005263,0,0,0,1,3,1,0,0,Y,N,Y,6,2026,3,N,CC
CUST1005264,0,0,0,1,0,0,0,1,N,N,N,6,2026,2,Y,CC
CUST1005265,0,0,0,1,0,2,0,0,N,N,Y,6,2026,2,N,None
CUST1005266,0,0,0,1,0,0,0,0,N,N,N,6,2026,1,N,None
CUST1005267,0,1,0,1,0,0,0,0,N,N,N,6,2026,2,N,None
CUST1005268,0,0,0,1,0,0,0,0,N,N,N,6,2026,1,N,None
CUST1005269,1,1,1,1,0,2,0,0,N,N,N,6,2026,5,Y,AL
CUST1005270,0,0,0,1,0,0,1,0,Y,N,Y,6,2026,2,Y,PL
CUST1005271,0,2,0,1,1,0,0,1,Y,N,Y,6,2026,4,Y,PL
CUST1005272,0,0,0,1,0,0,0,0,N,N,N,6,2026,1,N,None
CUST1005273,0,1,0,1,1,0,0,0,Y,N,Y,6,2026,3,N,SA
CUST1005274,1,0,0,0,1,0,0,0,Y,N,N,6,2026,2,N,None
CUST1005275,0,0,0,1,0,0,0,0,N,N,Y,6,2026,1,N,CC
CUST1005276,0,0,0,1,2,0,0,0,N,N,Y,6,2026,2,N,None
CUST1005277,2,2,0,1,0,0,0,0,N,N,N,6,2026,3,N,None
CUST1005278,0,0,0,1,0,0,0,0,N,N,Y,6,2026,1,N,None
CUST1005279,0,2,0,1,0,1,0,0,N,N,Y,6,2026,3,Y,HL
CUST1005280,0,1,0,1,2,0,0,1,N,N,N,6,2026,4,N,None
CUST1005281,0,0,0,0,0,0,1,0,Y,N,Y,6,2026,1,N,None
CUST1005282,0,0,0,1,0,2,0,0,N,Y,N,6,2026,2,Y,MF
CUST1005283,1,2,0,1,2,2,1,0,N,N,N,6,2026,6,N,None
CUST1005284,0,0,0,1,0,0,0,0,N,N,N,6,2026,1,N,CC
CUST1005285,0,0,0,1,0,0,0,0,N,N,Y,6,2026,1,N,None
CUST1005286,0,1,0,1,1,1,0,1,N,N,N,6,2026,5,N,None
CUST1005287,0,0,0,1,0,0,0,0,N,N,Y,6,2026,1,Y,RD
CUST1005288,0,0,0,1,3,0,0,0,N,N,Y,6,2026,2,N,None
CUST1005289,0,1,0,1,3,0,0,0,N,N,N,6,2026,3,N,None
CUST1005290,0,0,0,1,0,0,0,0,N,N,Y,6,2026,1,N,None
CUST1005291,0,0,0,1,0,2,0,0,N,N,Y,6,2026,2,Y,CC
CUST1005292,0,0,0,1,0,0,0,0,N,N,Y,6,2026,1,Y,AL
CUST1005293,0,0,0,1,0,0,0,0,N,N,Y,6,2026,1,N,None
CUST1005294,0,2,0,1,0,0,0,0,Y,N,Y,6,2026,2,N,None
CUST1005295,0,0,0,1,0,0,0,0,N,N,Y,6,2026,1,N,None
CUST1005296,0,0,0,1,0,2,0,0,N,N,N,6,2026,2,Y,PL
CUST1005297,0,0,0,1,0,2,0,1,N,N,N,6,2026,3,N,None
CUST1005298,0,0,0,1,0,2,0,0,N,N,Y,6,2026,2,N,None
CUST1005299,0,0,0,1,3,1,0,0,N,N,Y,6,2026,3,Y,CC
CUST1005300,0,0,0,1,0,0,0,0,Y,N,Y,6,2026,1,N,None
CUST1005301,0,0,0,1,0,2,0,0,N,N,N,6,2026,2,Y,PL
CUST1005302,0,1,0,1,0,0,0,1,Y,N,N,6,2026,3,N,SA
CUST1005303,0,0,0,1,0,0,0,0,N,N,Y,6,2026,1,Y,PL
CUST1005304,0,0,0,1,0,0,0,0,N,N,Y,6,2026,1,N,None
CUST1005305,1,0,0,1,3,0,1,0,N,N,N,6,2026,4,N,CC
CUST1005306,0,0,1,1,0,0,0,0,N,N,Y,6,2026,2,N,RD
CUST1005307,2,2,0,1,3,0,0,0,N,N,Y,6,2026,4,Y,PL
CUST1005308,0,2,0,0,2,1,0,0,N,N,N,6,2026,3,N,None
CUST1005309,0,1,0,1,0,0,0,0,N,N,N,6,2026,2,Y,RD
CUST1005310,0,2,0,1,2,0,1,0,N,N,N,6,2026,4,N,None
CUST1005311,0,0,0,1,0,0,0,0,N,N,N,6,2026,1,N,None
CUST1005312,0,2,0,1,2,0,0,0,N,N,Y,6,2026,3,Y,HL
CUST1005313,0,0,0,1,0,1,0,0,N,N,N,6,2026,2,Y,MF
CUST1005314,0,2,0,1,1,1,0,0,N,N,Y,6,2026,4,N,None
CUST1005315,2,0,0,1,2,2,0,0,Y,N,Y,6,2026,4,N,None
CUST1005316,0,1,0,1,3,0,0,0,Y,Y,Y,6,2026,3,N,None
CUST1005317,0,1,0,1,0,0,0,0,N,N,Y,6,2026,2,Y,HL
CUST1005318,1,0,0,1,0,0,0,0,Y,N,Y,6,2026,2,N,RD
CUST1005319,0,0,0,1,2,0,0,0,N,N,N,6,2026,2,Y,CC
CUST1005320,0,1,0,1,0,2,0,0,N,N,N,6,2026,3,Y,SA
CUST1005321,0,0,0,1,0,1,1,0,N,N,N,6,2026,3,N,None
CUST1005322,0,0,0,1,3,0,0,1,N,N,N,6,2026,3,N,None
CUST1005323,1,0,0,1,0,0,1,0,N,N,Y,6,2026,3,N,None
CUST1005324,0,0,0,1,3,0,0,0,N,N,Y,6,2026,2,Y,RD
CUST1005325,0,0,0,1,1,2,0,0,N,N,N,6,2026,3,N,None
CUST1005326,0,1,0,1,3,2,0,0,N,Y,N,6,2026,4,N,None
CUST1005327,0,1,0,1,0,0,0,0,Y,N,N,6,2026,2,N,None
CUST1005328,0,0,0,1,0,0,1,0,Y,N,Y,6,2026,2,Y,PL
CUST1005329,2,0,0,1,0,1,0,0,N,N,Y,6,2026,3,N,None
CUST1005330,0,0,0,1,0,0,0,0,N,N,Y,6,2026,1,N,None
CUST1005331,0,1,0,1,0,0,1,0,Y,N,N,6,2026,3,N,None
CUST1005332,2,2,0,1,0,0,0,0,N,N,N,6,2026,3,N,MF
CUST1005333,0,1,0,1,0,0,0,0,N,N,Y,6,2026,2,N,None
CUST1005334,0,1,0,1,0,0,0,0,N,N,N,6,2026,2,N,None
CUST1005335,0,1,0,1,0,0,0,0,N,N,Y,6,2026,2,Y,SA
CUST1005336,0,0,0,1,0,0,0,0,N,N,Y,6,2026,1,N,None
CUST1005337,0,1,0,1,0,0,0,0,N,N,Y,6,2026,2,N,None
CUST1005338,0,0,0,1,0,0,0,0,N,N,Y,6,2026,1,N,None
CUST1005339,0,0,0,0,0,0,0,0,N,N,Y,6,2026,0,Y,AL
CUST1005340,0,0,0,1,0,0,0,0,N,N,Y,6,2026,1,Y,HL
CUST1005341,0,1,1,1,0,0,0,1,N,N,Y,6,2026,4,Y,AL
CUST1005342,0,0,0,1,0,1,0,0,N,N,N,6,2026,2,N,None
CUST1005343,0,2,0,1,0,0,0,0,N,N,Y,6,2026,2,Y,CC
CUST1005344,0,0,0,1,0,0,1,0,N,N,Y,6,2026,2,N,None
CUST1005345,0,2,0,1,0,0,0,0,N,N,N,6,2026,2,N,CC
CUST1005346,2,2,0,1,0,0,0,0,N,N,N,6,2026,3,Y,SA
CUST1005347,0,0,0,1,0,0,0,0,N,N,N,6,2026,1,Y,PL
CUST1005348,0,0,0,1,0,0,0,0,N,N,N,6,2026,1,Y,SA
CUST1005349,2,2,0,1,0,0,0,0,N,Y,Y,6,2026,3,N,None
CUST1005350,2,0,0,0,0,0,0,0,N,Y,N,6,2026,1,Y,HL
CUST1005351,0,0,0,1,2,0,0,0,N,N,N,6,2026,2,Y,HF
CUST1005352,0,2,0,1,0,0,0,1,N,N,Y,6,2026,3,N,None
CUST1005353,0,0,0,1,0,0,0,0,Y,N,N,6,2026,1,N,None
CUST1005354,0,0,0,1,0,0,0,1,N,N,Y,6,2026,2,N,None
CUST1005355,0,2,0,1,0,0,0,0,N,N,N,6,2026,2,N,None
CUST1005356,0,0,0,1,3,0,0,0,N,Y,Y,6,2026,2,N,None
CUST1005357,2,2,0,1,0,0,0,0,N,N,Y,6,2026,3,N,RD
CUST1005358,0,0,0,0,0,0,0,0,N,N,N,6,2026,0,N,RD
CUST1005359,0,1,0,1,2,0,0,0,N,N,N,6,2026,3,N,None
CUST1005360,0,0,0,1,0,2,0,0,N,N,Y,6,2026,2,N,None
CUST1005361,1,1,0,1,0,0,0,0,N,N,N,6,2026,3,Y,RD
CUST1005362,0,0,0,0,0,0,0,0,N,N,N,6,2026,0,N,None
CUST1005363,2,0,0,1,0,0,0,0,N,N,Y,6,2026,2,N,None
CUST1005364,0,1,1,1,2,0,0,0,N,N,N,6,2026,4,N,None
CUST1005365,0,0,0,1,0,0,0,0,N,N,Y,6,2026,1,N,SA
CUST1005366,0,0,0,1,0,0,0,0,N,N,N,6,2026,1,Y,SA
CUST1005367,0,2,0,1,0,0,0,0,N,N,N,6,2026,2,N,None
CUST1005368,2,0,0,0,0,0,0,0,N,N,Y,6,2026,1,N,None
CUST1005369,2,0,0,1,0,2,0,1,N,N,Y,6,2026,4,N,None
CUST1005370,0,0,0,1,0,0,0,0,N,N,Y,6,2026,1,Y,MF
CUST1005371,1,0,0,1,1,0,1,0,N,N,N,6,2026,4,N,None
CUST1005372,0,0,0,1,0,0,0,0,N,N,Y,6,2026,1,N,None
CUST1005373,0,0,0,1,0,0,0,0,N,N,Y,6,2026,1,N,MF
CUST1005374,0,0,0,1,0,2,0,0,N,N,N,6,2026,2,N,None
CUST1005375,0,0,0,1,3,0,0,0,N,N,N,6,2026,2,Y,CC
CUST1005376,1,2,0,1,0,2,0,0,N,N,Y,6,2026,4,Y,RD
CUST1005377,0,2,0,1,0,0,0,0,N,N,Y,6,2026,2,Y,SA
CUST1005378,1,0,0,1,0,0,0,0,N,N,Y,6,2026,2,N,None
CUST1005379,0,0,0,1,0,0,0,0,N,N,Y,6,2026,1,N,CC
CUST1005380,0,0,0,1,0,2,0,0,N,Y,N,6,2026,2,N,CC
CUST1005381,0,0,0,1,0,0,0,0,Y,N,Y,6,2026,1,Y,SA
CUST1005382,0,0,0,1,0,0,1,0,N,N,N,6,2026,2,N,None
CUST1005383,0,1,0,1,0,2,0,0,N,N,Y,6,2026,3,N,CC
CUST1005384,0,2,0,1,0,0,0,0,N,N,N,6,2026,2,Y,PL
CUST1005385,2,0,0,1,0,0,0,0,Y,N,Y,6,2026,2,Y,PL
CUST1005386,0,1,0,1,0,0,0,0,Y,Y,N,6,2026,2,N,None
CUST1005387,0,0,0,1,3,0,0,0,N,N,N,6,2026,2,Y,RD
CUST1005388,0,0,0,1,0,1,0,0,N,N,N,6,2026,2,N,None
CUST1005389,2,0,0,1,0,0,0,0,N,N,N,6,2026,2,N,PL
CUST1005390,1,0,0,1,0,2,0,0,Y,N,N,6,2026,3,N,None
CUST1005391,0,0,0,1,0,1,0,0,N,N,Y,6,2026,2,N,None
CUST1005392,0,2,0,1,0,0,0,0,N,N,Y,6,2026,2,Y,HF
CUST1005393,1,0,0,1,0,2,0,0,N,N,Y,6,2026,3,N,None
CUST1005394,0,0,0,1,0,0,0,0,N,N,Y,6,2026,1,Y,SA
CUST1005395,0,1,1,1,0,1,0,0,N,N,Y,6,2026,4,Y,CC
CUST1005396,0,0,0,0,0,0,0,0,N,N,N,6,2026,0,Y,CC
CUST1005397,0,0,0,1,0,0,0,0,N,N,N,6,2026,1,N,None
CUST1005398,0,2,0,1,3,1,0,0,N,N,Y,6,2026,4,Y,AL
CUST1005399,0,0,0,1,0,0,0,0,N,N,N,6,2026,1,Y,CC
CUST1005400,0,0,0,1,0,2,0,0,N,N,Y,6,2026,2,N,None
CUST1005401,0,0,0,1,0,2,0,0,N,N,N,6,2026,2,N,None
CUST1005402,0,1,1,0,0,0,0,0,N,N,Y,6,2026,2,N,None
CUST1005403,0,0,0,1,0,0,0,0,N,N,Y,6,2026,1,N,None
CUST1005404,0,2,0,0,0,1,0,0,N,N,Y,6,2026,2,N,None
CUST1005405,1,0,0,1,0,0,0,0,N,N,N,6,2026,2,Y,AL
CUST1005406,2,0,0,1,0,0,1,0,Y,N,Y,6,2026,3,N,None
CUST1005407,0,1,0,1,0,1,0,0,N,N,Y,6,2026,3,N,None
CUST1005408,0,0,0,1,0,0,0,0,N,N,N,6,2026,1,N,None
CUST1005409,0,1,0,1,0,1,0,0,Y,N,N,6,2026,3,N,None
CUST1005410,0,2,0,1,0,0,0,0,N,N,N,6,2026,2,N,RD
CUST1005411,0,1,0,1,0,0,0,0,N,N,Y,6,2026,2,Y,PL
CUST1005412,0,0,0,1,0,0,0,0,N,N,N,6,2026,1,N,RD
CUST1005413,0,2,0,1,0,0,0,0,N,N,Y,6,2026,2,Y,SA
CUST1005414,0,2,0,1,3,1,0,0,N,N,Y,6,2026,4,N,None
CUST1005415,0,0,0,1,3,0,0,0,Y,N,N,6,2026,2,Y,HF
CUST1005416,0,0,0,1,0,0,0,0,N,N,Y,6,2026,1,Y,SA
CUST1005417,1,1,0,1,1,1,1,0,N,N,Y,6,2026,6,N,None
CUST1005418,0,2,0,1,2,0,0,1,N,N,N,6,2026,4,Y,HL
CUST1005419,0,0,0,0,0,0,0,0,N,N,Y,6,2026,0,N,None
CUST1005420,0,1,0,1,3,2,0,0,N,N,Y,6,2026,4,Y,HL
CUST1005421,0,2,0,1,1,0,0,0,N,N,N,6,2026,3,N,MF
CUST1005422,0,1,0,1,0,0,0,0,N,N,N,6,2026,2,N,RD
CUST1005423,0,1,0,1,0,0,0,0,N,N,Y,6,2026,2,Y,CC
CUST1005424,0,0,0,1,0,1,0,0,Y,N,N,6,2026,2,N,None
CUST1005425,0,2,0,1,0,0,0,0,N,N,N,6,2026,2,Y,CC
CUST1005426,0,0,0,1,0,0,0,0,N,N,N,6,2026,1,Y,SA
CUST1005427,0,1,0,1,0,0,0,0,N,N,N,6,2026,2,N,None
CUST1005428,0,2,0,1,0,2,0,0,N,N,Y,6,2026,3,Y,CC
CUST1005429,0,0,0,1,1,0,0,0,N,N,N,6,2026,2,N,None
CUST1005430,0,0,0,1,0,0,0,0,N,N,Y,6,2026,1,N,None
CUST1005431,1,0,0,1,0,0,0,0,N,N,Y,6,2026,2,Y,AL
CUST1005432,2,2,0,1,3,0,0,0,N,N,N,6,2026,4,Y,CC
CUST1005433,0,2,0,1,0,0,0,0,Y,N,N,6,2026,2,Y,HF
CUST1005434,0,0,0,1,0,0,1,0,N,N,N,6,2026,2,N,None
CUST1005435,0,0,0,0,0,0,0,0,N,N,Y,6,2026,0,Y,AL
CUST1005436,0,0,0,1,0,0,0,0,N,N,Y,6,2026,1,N,None
CUST1005437,0,0,0,1,0,0,0,0,N,N,N,6,2026,1,N,None
CUST1005438,0,0,0,1,0,0,0,0,Y,N,Y,6,2026,1,Y,AL
CUST1005439,0,0,0,1,0,2,0,0,N,N,Y,6,2026,2,Y,PL
CUST1005440,0,1,0,1,0,0,0,0,N,N,N,6,2026,2,N,None
CUST1005441,2,0,0,1,0,0,0,1,N,N,N,6,2026,3,N,None
CUST1005442,0,2,0,1,0,0,0,0,N,N,N,6,2026,2,Y,AL
CUST1005443,0,0,0,1,1,0,0,0,N,N,N,6,2026,2,N,None
CUST1005444,0,2,0,1,2,0,0,1,Y,N,Y,6,2026,4,N,None
CUST1005445,0,2,0,1,0,0,0,0,N,N,Y,6,2026,2,N,None
CUST1005446,0,0,0,1,0,0,0,0,N,N,N,6,2026,1,Y,RD
CUST1005447,2,0,0,1,0,0,0,0,N,N,N,6,2026,2,Y,RD
CUST1005448,0,0,0,1,0,0,0,1,N,N,Y,6,2026,2,Y,RD
CUST1005449,1,0,0,1,0,0,0,0,N,N,Y,6,2026,2,N,None
CUST1005450,0,0,0,1,0,0,0,1,N,N,N,6,2026,2,N,None
CUST1005451,0,0,0,1,3,1,0,0,N,N,N,6,2026,3,Y,MF
CUST1005452,0,0,0,1,0,0,0,0,N,N,N,6,2026,1,N,None
CUST1005453,0,0,0,1,3,0,0,0,Y,N,Y,6,2026,2,Y,AL
CUST1005454,0,0,0,1,0,1,0,0,N,N,Y,6,2026,2,Y,SA
CUST1005455,2,0,0,1,0,0,0,0,N,N,N,6,2026,2,N,None
CUST1005456,1,0,0,1,1,0,0,0,N,N,Y,6,2026,3,Y,CC
CUST1005457,0,2,0,1,0,0,0,0,Y,N,Y,6,2026,2,Y,CC
CUST1005458,0,2,0,1,0,0,0,0,N,N,N,6,2026,2,N,PL
CUST1005459,0,0,0,1,0,0,0,0,N,N,Y,6,2026,1,Y,SA
CUST1005460,0,0,0,1,0,0,0,0,Y,N,N,6,2026,1,Y,HL
CUST1005461,0,0,0,1,0,1,0,0,Y,N,Y,6,2026,2,N,None
CUST1005462,0,0,0,1,0,0,0,0,N,N,N,6,2026,1,N,RD
CUST1005463,0,0,0,1,2,0,0,0,N,N,N,6,2026,2,N,None
CUST1005464,0,2,0,1,0,2,0,0,N,N,N,6,2026,3,N,None
CUST1005465,0,0,0,1,0,1,0,0,N,N,Y,6,2026,2,N,None
CUST1005466,0,2,0,1,0,0,0,0,N,N,N,6,2026,2,Y,SA
CUST1005467,0,1,0,1,0,0,0,0,Y,N,Y,6,2026,2,Y,AL
CUST1005468,0,2,0,1,0,0,0,0,N,N,Y,6,2026,2,N,None
CUST1005469,0,2,0,1,0,0,0,0,N,N,N,6,2026,2,N,None
CUST1005470,0,1,0,1,0,0,0,0,N,N,N,6,2026,2,N,None
CUST1005471,0,0,0,1,2,0,0,0,N,N,Y,6,2026,2,Y,SA
CUST1005472,0,0,0,1,0,0,0,0,N,N,Y,6,2026,1,N,None
CUST1005473,0,0,0,1,0,1,0,0,N,N,Y,6,2026,2,N,None
CUST1005474,2,2,0,1,1,0,0,0,N,N,Y,6,2026,4,N,None
CUST1005475,0,0,0,1,0,0,0,0,Y,N,N,6,2026,1,Y,MF
CUST1005476,0,1,0,1,0,0,0,0,N,N,Y,6,2026,2,N,None
CUST1005477,0,0,0,1,0,0,0,0,Y,N,Y,6,2026,1,Y,AL
CUST1005478,0,2,0,1,2,2,0,0,N,N,Y,6,2026,4,Y,AL
CUST1005479,0,0,0,1,0,1,0,1,N,N,N,6,2026,3,Y,AL
CUST1005480,0,0,0,1,2,0,0,0,Y,N,Y,6,2026,2,N,None
CUST1005481,0,1,0,1,3,2,0,0,N,N,Y,6,2026,4,N,None
CUST1005482,0,0,0,1,0,0,0,0,N,N,Y,6,2026,1,Y,AL
CUST1005483,0,0,0,1,0,0,0,0,N,N,Y,6,2026,1,N,None
CUST1005484,0,0,0,1,0,0,1,0,N,N,N,6,2026,2,N,None
CUST1005485,0,1,0,1,2,0,0,0,Y,N,Y,6,2026,3,Y,HL
CUST1005486,0,0,0,1,0,0,0,0,N,N,Y,6,2026,1,N,None
CUST1005487,0,0,0,0,0,0,0,0,N,N,Y,6,2026,0,N,None
CUST1005488,0,2,1,1,0,0,0,0,Y,N,Y,6,2026,3,Y,SA
CUST1005489,0,0,1,1,0,0,0,0,Y,N,N,6,2026,2,N,None
CUST1005490,2,1,0,1,0,0,0,0,N,N,Y,6,2026,3,Y,HL
CUST1005491,0,0,0,1,2,0,0,0,N,N,Y,6,2026,2,N,None
CUST1005492,0,2,0,1,0,2,0,0,N,N,Y,6,2026,3,Y,PL
CUST1005493,0,1,0,1,0,2,0,0,N,N,Y,6,2026,3,N,None
CUST1005494,2,0,0,1,3,0,0,1,N,N,N,6,2026,4,N,None
CUST1005495,0,0,0,1,0,0,0,0,Y,N,N,6,2026,1,Y,PL
CUST1005496,0,0,1,1,0,0,0,0,N,N,Y,6,2026,2,Y,PL
CUST1005497,0,0,1,1,3,0,0,0,N,N,Y,6,2026,3,N,None
CUST1005498,0,0,0,1,0,0,0,0,N,N,N,6,2026,1,N,RD
CUST1005499,0,0,0,1,0,1,0,0,Y,N,Y,6,2026,2,Y,PL
CUST1005500,2,0,0,1,0,2,0,0,N,N,N,6,2026,3,N,None
CUST1005501,2,0,0,1,0,0,1,0,N,N,N,6,2026,3,Y,CC
CUST1005502,0,1,0,1,0,0,0,0,N,N,N,6,2026,2,Y,RD
CUST1005503,0,0,0,1,0,0,0,0,N,N,N,6,2026,1,N,None
CUST1005504,0,0,0,1,0,0,0,0,N,N,N,6,2026,1,Y,RD
CUST1005505,1,0,0,1,3,0,0,0,N,N,N,6,2026,3,N,None
CUST1005506,0,0,0,1,0,1,0,0,N,N,Y,6,2026,2,N,None
CUST1005507,1,0,0,1,0,0,0,0,N,N,Y,6,2026,2,Y,RD
CUST1005508,0,0,0,1,0,0,0,0,N,N,Y,6,2026,1,Y,SA
CUST1005509,0,0,1,1,0,0,1,0,N,N,Y,6,2026,3,N,None
CUST1005510,0,1,0,1,0,0,0,0,N,N,Y,6,2026,2,Y,HL
CUST1005511,0,1,0,1,0,2,0,0,N,N,N,6,2026,3,Y,PL
CUST1005512,2,1,0,0,0,0,0,0,N,N,Y,6,2026,2,Y,CC
CUST1005513,0,0,0,1,0,2,0,0,N,N,Y,6,2026,2,N,None
CUST1005514,0,0,0,1,0,2,0,0,N,N,N,6,2026,2,N,None
CUST1005515,0,2,0,1,0,0,0,0,N,N,N,6,2026,2,N,SA
CUST1005516,0,0,0,0,0,0,0,0,Y,N,N,6,2026,0,Y,PL
CUST1005517,0,0,0,1,2,0,0,0,N,N,Y,6,2026,2,Y,SA
CUST1005518,0,0,0,1,0,2,0,0,N,N,Y,6,2026,2,N,None
CUST1005519,0,1,0,1,1,0,0,0,N,N,Y,6,2026,3,N,None
CUST1005520,0,0,0,1,3,0,0,0,N,N,Y,6,2026,2,N,None
CUST1005521,0,1,0,1,0,1,0,0,N,N,Y,6,2026,3,Y,HF
CUST1005522,0,0,0,1,1,0,0,0,N,N,N,6,2026,2,Y,MF
CUST1005523,0,0,0,1,0,0,1,0,N,Y,Y,6,2026,2,Y,MF
CUST1005524,0,0,0,1,0,1,0,0,N,N,Y,6,2026,2,N,None
CUST1005525,0,0,0,1,0,0,0,0,Y,Y,Y,6,2026,1,N,None
CUST1005526,2,0,0,1,0,0,0,0,N,N,N,6,2026,2,Y,MF
CUST1005527,0,0,0,1,0,0,0,0,N,N,N,6,2026,1,N,None
CUST1005528,0,0,0,1,1,0,0,0,N,N,Y,6,2026,2,N,SA
CUST1005529,0,0,0,1,3,0,0,0,N,N,Y,6,2026,2,N,None
CUST1005530,0,0,0,1,0,0,0,0,N,N,N,6,2026,1,N,None
CUST1005531,0,0,0,1,0,0,0,0,N,N,Y,6,2026,1,N,None
CUST1005532,0,0,0,1,0,0,0,0,N,N,Y,6,2026,1,N,None
CUST1005533,0,0,0,1,0,1,0,0,N,N,Y,6,2026,2,Y,AL
CUST1005534,0,0,0,1,0,2,0,0,N,N,N,6,2026,2,N,None
CUST1005535,0,2,0,1,0,0,0,0,N,N,N,6,2026,2,N,None
CUST1005536,0,1,0,1,3,0,0,1,N,N,Y,6,2026,4,Y,MF
CUST1005537,0,0,0,1,2,0,0,0,N,N,N,6,2026,2,N,None
CUST1005538,0,0,0,1,0,2,0,0,N,N,N,6,2026,2,N,None
CUST1005539,0,0,0,1,0,1,0,0,N,N,Y,6,2026,2,N,None
CUST1005540,0,0,0,1,0,0,0,0,N,N,N,6,2026,1,N,None
CUST1005541,0,1,0,1,0,0,0,0,N,N,Y,6,2026,2,N,SA
CUST1005542,0,1,0,1,0,0,0,0,N,N,Y,6,2026,2,N,None
CUST1005543,0,2,0,1,0,0,0,0,N,N,Y,6,2026,2,N,None
CUST1005544,2,1,0,1,0,0,0,0,N,N,Y,6,2026,3,N,None
CUST1005545,0,1,0,1,0,0,0,0,N,N,N,6,2026,2,N,CC
CUST1005546,0,0,0,1,0,0,0,0,N,N,Y,6,2026,1,Y,SA
CUST1005547,0,0,0,1,0,0,0,0,N,Y,Y,6,2026,1,N,None
CUST1005548,0,2,0,1,0,0,0,0,N,N,N,6,2026,2,N,None
CUST1005549,2,1,0,1,0,0,1,0,N,N,Y,6,2026,4,N,None
CUST1005550,0,0,0,1,0,0,0,0,N,N,Y,6,2026,1,N,None
CUST1005551,0,1,0,1,0,0,0,1,N,N,N,6,2026,3,N,None
CUST1005552,1,0,0,1,0,0,0,0,N,N,Y,6,2026,2,Y,CC
CUST1005553,0,0,0,1,2,0,0,0,N,N,Y,6,2026,2,N,CC
CUST1005554,0,0,0,1,2,0,0,0,N,N,Y,6,2026,2,Y,RD
CUST1005555,0,0,0,1,0,2,0,0,Y,N,Y,6,2026,2,N,RD
CUST1005556,0,0,0,1,3,0,0,0,N,N,N,6,2026,2,N,None
CUST1005557,1,2,0,1,0,1,0,0,N,N,N,6,2026,4,Y,PL
CUST1005558,0,2,0,1,0,0,0,0,N,N,N,6,2026,2,Y,CC
CUST1005559,0,0,0,1,0,0,0,0,N,N,N,6,2026,1,N,None
CUST1005560,0,0,0,1,0,0,0,0,N,N,N,6,2026,1,Y,MF
CUST1005561,0,0,0,1,0,0,0,0,Y,N,Y,6,2026,1,N,None
CUST1005562,1,0,0,1,0,2,0,0,N,N,N,6,2026,3,N,None
CUST1005563,1,0,0,1,3,0,0,1,Y,N,N,6,2026,4,Y,CC
CUST1005564,0,1,0,1,0,2,1,0,N,N,Y,6,2026,4,N,HL
CUST1005565,0,2,0,1,2,2,0,0,N,N,N,6,2026,4,N,HF
CUST1005566,0,2,0,1,2,1,0,0,N,N,N,6,2026,4,Y,SA
CUST1005567,0,0,0,1,0,0,0,0,N,N,Y,6,2026,1,Y,MF
CUST1005568,2,0,0,1,0,0,0,0,N,N,N,6,2026,2,N,None
CUST1005569,0,0,0,1,0,1,0,0,N,N,Y,6,2026,2,N,None
CUST1005570,0,0,0,1,3,0,0,1,N,N,Y,6,2026,3,N,None
CUST1005571,0,2,1,1,0,0,1,1,N,N,Y,6,2026,5,N,SA
CUST1005572,0,0,0,1,0,0,0,0,N,N,N,6,2026,1,N,None
CUST1005573,0,0,0,1,3,0,0,0,Y,Y,Y,6,2026,2,Y,AL
CUST1005574,0,0,0,1,0,0,0,1,Y,N,Y,6,2026,2,Y,CC
CUST1005575,0,0,0,1,0,2,0,0,N,N,N,6,2026,2,Y,CC
CUST1005576,0,0,0,1,2,1,0,0,N,N,N,6,2026,3,N,None
CUST1005577,0,0,0,1,0,0,0,0,N,N,Y,6,2026,1,N,None
CUST1005578,0,1,0,0,1,0,0,0,Y,N,N,6,2026,2,N,None
CUST1005579,2,0,0,1,0,0,0,0,N,N,Y,6,2026,2,N,None
CUST1005580,2,0,0,0,0,0,1,0,Y,N,N,6,2026,2,Y,AL
CUST1005581,0,0,0,1,0,2,1,0,N,N,N,6,2026,3,N,CC
CUST1005582,1,0,0,1,0,0,0,0,N,N,Y,6,2026,2,N,None
CUST1005583,0,2,0,1,1,0,0,0,N,N,Y,6,2026,3,N,None
CUST1005584,0,2,0,1,0,0,0,0,N,N,Y,6,2026,2,Y,SA
CUST1005585,0,0,0,1,0,0,0,0,N,N,N,6,2026,1,Y,AL
CUST1005586,0,0,0,0,0,0,0,0,N,N,N,6,2026,0,N,None
CUST1005587,0,0,0,1,0,0,0,0,N,N,Y,6,2026,1,Y,MF
CUST1005588,0,1,0,1,0,0,1,0,N,N,N,6,2026,3,Y,SA
CUST1005589,1,0,0,1,0,0,0,0,N,N,N,6,2026,2,Y,CC
CUST1005590,0,2,0,1,0,0,0,0,N,N,Y,6,2026,2,Y,CC
CUST1005591,0,1,0,1,0,0,0,0,N,N,Y,6,2026,2,Y,SA
CUST1005592,0,0,0,1,2,2,0,0,N,N,Y,6,2026,3,N,None
CUST1005593,0,0,0,1,0,0,0,0,N,N,N,6,2026,1,N,CC
CUST1005594,0,1,0,1,0,0,0,0,N,N,N,6,2026,2,N,None
CUST1005595,0,0,0,1,0,0,1,0,N,N,N,6,2026,2,N,None
CUST1005596,2,1,0,1,1,0,0,0,N,N,Y,6,2026,4,N,None
CUST1005597,0,2,0,1,0,0,0,0,N,N,Y,6,2026,2,N,None
CUST1005598,0,2,0,1,0,1,0,0,N,N,Y,6,2026,3,Y,MF
CUST1005599,0,0,0,1,0,0,0,0,N,N,Y,6,2026,1,Y,SA
CUST1005600,0,0,0,1,0,1,1,0,N,N,N,6,2026,3,Y,SA
CUST1005601,0,0,0,1,0,0,0,0,N,N,Y,6,2026,1,N,None
CUST1005602,0,0,0,1,1,0,0,0,N,N,Y,6,2026,2,N,None
CUST1005603,0,0,0,1,0,0,0,0,N,N,N,6,2026,1,N,None
CUST1005604,1,2,0,1,0,1,0,0,N,N,Y,6,2026,4,Y,CC
CUST1005605,0,1,0,1,1,0,1,0,N,N,N,6,2026,4,Y,CC
CUST1005606,0,0,0,1,3,0,0,1,N,N,N,6,2026,3,Y,HL
CUST1005607,2,0,0,1,0,0,0,0,N,N,N,6,2026,2,N,None
CUST1005608,0,1,0,1,0,0,0,0,N,N,N,6,2026,2,Y,AL
CUST1005609,0,1,0,1,0,2,0,0,N,N,Y,6,2026,3,Y,HF
CUST1005610,0,2,0,1,2,1,0,1,N,Y,Y,6,2026,5,Y,AL
CUST1005611,1,1,0,1,0,0,0,0,N,N,Y,6,2026,3,N,None
CUST1005612,1,1,0,1,0,0,0,0,N,N,Y,6,2026,3,N,None
CUST1005613,0,1,0,1,0,0,0,0,N,N,Y,6,2026,2,N,SA
CUST1005614,2,0,0,1,0,0,1,0,N,N,Y,6,2026,3,Y,SA
CUST1005615,0,1,0,1,0,0,0,0,N,N,N,6,2026,2,N,None
CUST1005616,0,0,0,1,0,1,0,0,N,N,N,6,2026,2,Y,CC
CUST1005617,0,0,0,1,2,2,0,0,N,N,Y,6,2026,3,Y,RD
CUST1005618,2,1,0,1,0,0,0,0,N,N,Y,6,2026,3,Y,AL
CUST1005619,0,0,0,1,0,0,0,0,N,N,Y,6,2026,1,N,None
CUST1005620,0,0,0,1,0,0,0,0,Y,N,N,6,2026,1,Y,CC
CUST1005621,2,0,0,0,0,1,0,0,N,N,Y,6,2026,2,N,None
CUST1005622,0,0,0,1,0,0,0,0,N,N,Y,6,2026,1,N,None
CUST1005623,2,0,0,1,0,1,0,0,N,N,N,6,2026,3,N,None
CUST1005624,0,0,0,1,0,0,0,0,N,N,N,6,2026,1,Y,MF
CUST1005625,0,2,0,1,0,0,0,0,N,N,N,6,2026,2,N,MF
CUST1005626,0,0,0,1,1,0,0,0,N,N,Y,6,2026,2,N,None
CUST1005627,0,0,0,1,3,0,0,0,N,N,N,6,2026,2,Y,HF
CUST1005628,0,0,0,1,3,0,0,0,N,N,Y,6,2026,2,N,None
CUST1005629,0,2,0,1,0,0,0,0,N,N,Y,6,2026,2,N,None
CUST1005630,0,1,0,1,0,0,0,0,N,N,Y,6,2026,2,N,None
CUST1005631,0,1,0,1,0,0,0,0,Y,N,Y,6,2026,2,N,None
CUST1005632,0,1,0,1,0,0,0,0,Y,N,Y,6,2026,2,Y,CC
CUST1005633,0,0,0,0,0,0,0,0,N,N,N,6,2026,0,N,None
CUST1005634,0,0,0,1,2,0,0,1,Y,N,N,6,2026,3,Y,MF
CUST1005635,0,0,1,1,0,0,0,0,N,N,N,6,2026,2,N,SA
CUST1005636,0,0,0,1,1,0,1,0,N,N,N,6,2026,3,N,None
CUST1005637,0,0,0,1,0,0,0,0,N,N,Y,6,2026,1,N,None
CUST1005638,0,0,0,1,0,0,0,0,N,N,N,6,2026,1,N,None
CUST1005639,0,0,0,1,0,0,0,0,N,N,Y,6,2026,1,N,None
CUST1005640,0,0,0,1,0,1,0,0,N,N,N,6,2026,2,Y,PL
CUST1005641,0,0,0,1,0,0,0,0,N,Y,N,6,2026,1,N,None
CUST1005642,2,0,0,0,0,2,0,0,Y,N,Y,6,2026,2,Y,CC
CUST1005643,0,1,0,1,0,1,0,0,N,N,N,6,2026,3,N,None
CUST1005644,0,0,1,1,0,0,0,0,N,N,Y,6,2026,2,Y,AL
CUST1005645,0,0,0,1,3,0,0,0,N,N,N,6,2026,2,Y,MF
CUST1005646,0,2,0,1,0,2,0,0,Y,N,Y,6,2026,3,Y,SA
CUST1005647,0,0,0,1,0,0,0,0,N,N,Y,6,2026,1,Y,RD
CUST1005648,0,1,0,1,1,0,0,0,N,N,N,6,2026,3,Y,RD
CUST1005649,0,0,0,1,0,0,0,1,N,N,N,6,2026,2,Y,CC
CUST1005650,0,2,0,1,2,0,0,0,N,N,Y,6,2026,3,Y,AL
CUST1005651,0,2,0,0,1,0,1,0,N,N,N,6,2026,3,N,None
CUST1005652,1,1,0,1,0,0,0,0,Y,N,N,6,2026,3,N,None
CUST1005653,0,0,0,1,0,0,0,0,N,N,Y,6,2026,1,Y,AL
CUST1005654,0,0,0,1,0,0,0,0,N,N,Y,6,2026,1,N,None
CUST1005655,0,0,0,1,3,0,0,0,N,N,Y,6,2026,2,N,SA
CUST1005656,0,1,0,1,0,1,0,0,N,N,Y,6,2026,3,Y,AL
CUST1005657,0,0,0,1,0,2,0,0,N,N,Y,6,2026,2,N,None
CUST1005658,0,0,0,1,0,1,0,0,N,N,N,6,2026,2,Y,HL
CUST1005659,0,2,0,1,0,0,0,0,N,N,N,6,2026,2,Y,HF
CUST1005660,0,0,0,1,0,0,0,0,N,N,Y,6,2026,1,N,SA
CUST1005661,0,2,0,1,0,0,0,0,Y,N,Y,6,2026,2,N,None
CUST1005662,0,0,0,1,0,0,0,0,N,N,N,6,2026,1,N,None
CUST1005663,0,2,0,1,0,1,0,0,N,N,Y,6,2026,3,Y,CC
CUST1005664,0,0,0,1,0,0,0,0,Y,Y,Y,6,2026,1,N,None
CUST1005665,0,2,0,1,0,0,0,0,N,N,Y,6,2026,2,Y,SA
CUST1005666,0,0,0,1,0,2,1,0,N,N,Y,6,2026,3,Y,CC
CUST1005667,0,0,0,1,0,0,1,0,N,N,Y,6,2026,2,N,SA
CUST1005668,0,0,0,1,1,0,0,0,N,N,N,6,2026,2,N,None
CUST1005669,0,1,0,1,0,0,0,0,N,N,Y,6,2026,2,N,CC
CUST1005670,0,0,0,1,0,0,0,0,N,N,Y,6,2026,1,N,RD
CUST1005671,0,0,0,1,3,2,0,0,N,N,Y,6,2026,3,N,SA
CUST1005672,0,2,0,1,0,0,1,0,N,N,Y,6,2026,3,Y,RD
CUST1005673,0,0,0,1,0,0,0,0,N,N,Y,6,2026,1,Y,CC
CUST1005674,0,0,0,1,1,2,0,0,N,N,N,6,2026,3,N,None
CUST1005675,0,0,0,1,0,0,0,0,N,N,N,6,2026,1,Y,SA
CUST1005676,0,0,0,1,0,2,1,0,N,N,N,6,2026,3,N,SA
CUST1005677,0,0,0,1,0,0,0,0,N,N,N,6,2026,1,N,None
CUST1005678,0,2,0,1,0,0,0,0,N,N,Y,6,2026,2,N,None
CUST1005679,0,0,0,1,0,0,0,0,Y,N,Y,6,2026,1,Y,CC
CUST1005680,1,2,0,1,0,0,0,0,N,N,Y,6,2026,3,N,None
CUST1005681,0,0,0,1,0,0,0,0,N,N,Y,6,2026,1,N,None
CUST1005682,0,0,0,1,0,0,0,0,N,N,N,6,2026,1,Y,PL
CUST1005683,0,0,0,1,2,0,0,0,Y,N,Y,6,2026,2,N,None
CUST1005684,0,0,0,1,0,0,0,0,Y,N,N,6,2026,1,N,RD
CUST1005685,2,1,0,1,0,0,0,0,N,N,N,6,2026,3,N,None
CUST1005686,0,2,0,1,3,2,1,0,N,N,N,6,2026,5,Y,PL
CUST1005687,0,0,0,1,0,0,0,0,N,N,Y,6,2026,1,N,None
CUST1005688,0,0,0,1,0,0,0,0,N,N,N,6,2026,1,N,None
CUST1005689,0,0,0,1,0,0,0,0,N,N,Y,6,2026,1,N,None
CUST1005690,0,0,0,1,0,2,0,0,Y,N,N,6,2026,2,N,RD
CUST1005691,0,0,0,1,0,0,1,0,Y,Y,N,6,2026,2,Y,SA
CUST1005692,0,0,0,1,0,0,0,0,N,N,N,6,2026,1,N,None
CUST1005693,0,2,0,1,0,0,0,0,N,N,N,6,2026,2,N,None
CUST1005694,0,0,0,1,2,2,0,0,N,N,N,6,2026,3,N,None
CUST1005695,0,1,0,1,0,0,0,1,N,N,Y,6,2026,3,Y,RD
CUST1005696,0,0,0,1,0,0,0,1,N,N,N,6,2026,2,N,MF
CUST1005697,1,0,0,1,0,0,0,0,Y,N,Y,6,2026,2,N,None
CUST1005698,0,0,0,1,0,0,0,0,N,N,Y,6,2026,1,Y,RD
CUST1005699,2,0,0,1,0,0,0,0,N,N,Y,6,2026,2,Y,SA
CUST1005700,0,0,0,1,0,0,0,0,Y,N,N,6,2026,1,N,HF
CUST1005701,0,0,0,1,0,1,0,0,N,N,Y,6,2026,2,N,None
CUST1005702,0,0,0,1,0,1,0,0,N,N,Y,6,2026,2,Y,RD
CUST1005703,0,1,0,1,1,0,0,0,N,N,Y,6,2026,3,N,None
CUST1005704,0,2,0,1,0,0,0,0,Y,N,N,6,2026,2,Y,MF
CUST1005705,0,0,0,1,0,0,0,0,N,N,Y,6,2026,1,N,None
CUST1005706,0,2,0,1,0,1,0,0,N,N,N,6,2026,3,N,AL
CUST1005707,0,0,0,1,0,0,0,0,N,N,N,6,2026,1,N,HL
CUST1005708,0,0,0,1,3,0,0,0,N,N,N,6,2026,2,N,None
CUST1005709,0,2,0,1,0,0,0,0,N,N,Y,6,2026,2,N,None
CUST1005710,0,0,0,1,3,0,0,0,N,N,Y,6,2026,2,N,None
CUST1005711,0,0,0,1,1,1,0,0,N,N,N,6,2026,3,Y,AL
CUST1005712,0,1,0,1,0,0,0,0,Y,Y,Y,6,2026,2,Y,CC
CUST1005713,0,1,0,1,2,0,0,0,N,N,N,6,2026,3,N,None
CUST1005714,0,0,0,1,0,0,0,0,Y,N,Y,6,2026,1,N,SA
CUST1005715,0,0,0,1,0,0,0,0,N,N,Y,6,2026,1,N,None
CUST1005716,1,0,0,1,0,0,0,0,N,N,Y,6,2026,2,N,None
CUST1005717,0,0,0,1,2,0,0,0,N,N,N,6,2026,2,N,PL
CUST1005718,0,0,0,1,0,1,0,0,N,N,N,6,2026,2,N,None
CUST1005719,0,0,0,1,3,0,0,0,N,N,N,6,2026,2,Y,HL
CUST1005720,0,1,0,1,0,0,0,0,N,N,Y,6,2026,2,N,MF
CUST1005721,1,0,0,1,3,0,0,0,N,N,Y,6,2026,3,Y,CC
CUST1005722,0,2,0,1,0,0,0,0,N,N,Y,6,2026,2,Y,SA
CUST1005723,2,2,0,1,0,0,1,1,N,N,N,6,2026,5,N,None
CUST1005724,0,0,0,1,0,2,0,0,N,N,Y,6,2026,2,N,None
CUST1005725,0,1,0,1,0,0,0,0,N,N,Y,6,2026,2,N,PL
CUST1005726,0,1,0,1,0,0,0,0,N,N,Y,6,2026,2,Y,CC
CUST1005727,0,1,0,1,0,2,0,0,N,N,Y,6,2026,3,Y,SA
CUST1005728,0,0,0,1,0,0,0,0,N,N,Y,6,2026,1,N,None
CUST1005729,0,1,0,1,0,1,0,1,N,N,N,6,2026,4,N,None
CUST1005730,1,2,0,1,0,0,0,0,N,N,Y,6,2026,3,N,None
CUST1005731,0,1,0,1,0,0,0,0,N,N,Y,6,2026,2,Y,PL
CUST1005732,0,2,0,1,0,0,0,0,N,N,N,6,2026,2,Y,SA
CUST1005733,0,2,0,1,0,2,0,0,N,N,Y,6,2026,3,Y,CC
CUST1005734,0,2,0,1,0,1,0,0,N,N,Y,6,2026,3,N,None
CUST1005735,0,0,0,1,0,2,0,0,N,N,N,6,2026,2,Y,PL
CUST1005736,0,1,1,1,0,0,0,0,N,N,N,6,2026,3,Y,MF
CUST1005737,0,1,0,1,0,0,0,0,Y,N,Y,6,2026,2,N,None
CUST1005738,1,1,0,1,0,0,0,0,N,N,N,6,2026,3,Y,CC
CUST1005739,0,0,0,1,0,0,0,0,N,N,N,6,2026,1,N,None
CUST1005740,0,0,0,1,0,0,0,0,N,N,N,6,2026,1,Y,AL
CUST1005741,0,0,0,1,0,1,0,0,N,N,N,6,2026,2,N,PL
CUST1005742,0,0,0,1,0,0,0,0,N,N,Y,6,2026,1,N,None
CUST1005743,0,2,0,1,0,2,0,0,N,Y,Y,6,2026,3,N,None
CUST1005744,0,2,0,1,0,2,0,0,N,N,N,6,2026,3,N,None
CUST1005745,0,0,0,1,0,0,0,0,N,N,Y,6,2026,1,N,None
CUST1005746,0,0,0,1,0,0,0,0,N,Y,Y,6,2026,1,N,None
CUST1005747,0,1,0,1,0,0,0,0,N,N,N,6,2026,2,N,None
CUST1005748,1,0,0,1,0,0,0,0,N,N,Y,6,2026,2,Y,RD
CUST1005749,0,0,0,1,0,0,0,0,N,N,N,6,2026,1,Y,AL
CUST1005750,0,0,0,1,2,1,0,0,N,N,N,6,2026,3,N,None
CUST1005751,0,1,0,1,0,0,0,0,N,Y,Y,6,2026,2,Y,SA
CUST1005752,0,0,0,1,0,2,0,1,N,N,Y,6,2026,3,N,None
CUST1005753,0,0,0,1,0,0,0,0,N,N,Y,6,2026,1,N,None
CUST1005754,0,2,0,1,3,0,0,0,N,N,Y,6,2026,3,N,None
CUST1005755,0,1,0,1,0,0,0,1,N,N,Y,6,2026,3,Y,MF
CUST1005756,0,0,0,1,2,0,0,0,N,N,N,6,2026,2,Y,AL
CUST1005757,0,0,0,1,0,0,0,0,N,N,N,6,2026,1,N,None
CUST1005758,0,0,0,1,0,1,1,0,N,N,Y,6,2026,3,N,None
CUST1005759,0,1,0,1,0,0,0,0,Y,N,N,6,2026,2,N,None
CUST1005760,0,2,0,1,3,2,0,0,N,N,Y,6,2026,4,N,None
CUST1005761,0,2,0,1,0,0,0,1,N,Y,Y,6,2026,3,N,None
CUST1005762,0,0,0,0,0,0,0,0,N,N,N,6,2026,0,N,CC
CUST1005763,0,0,0,1,0,0,0,0,N,N,Y,6,2026,1,N,None
CUST1005764,0,1,0,1,0,0,0,0,N,N,N,6,2026,2,N,None
CUST1005765,0,0,0,1,0,0,0,0,N,N,N,6,2026,1,N,None
CUST1005766,0,1,0,1,0,0,0,0,N,N,N,6,2026,2,Y,HL
CUST1005767,0,1,0,1,0,1,1,0,N,N,N,6,2026,4,N,None
CUST1005768,0,1,0,0,0,0,0,0,N,N,Y,6,2026,1,Y,RD
CUST1005769,0,0,0,1,2,0,0,0,N,N,Y,6,2026,2,N,None
CUST1005770,0,1,0,1,0,0,0,0,N,N,Y,6,2026,2,N,None
CUST1005771,2,0,0,1,0,1,1,0,N,N,N,6,2026,4,N,None
CUST1005772,0,0,0,1,0,0,0,0,N,N,N,6,2026,1,Y,SA
CUST1005773,0,2,0,1,0,0,1,0,N,N,N,6,2026,3,Y,CC
CUST1005774,0,1,0,1,1,0,0,0,N,N,N,6,2026,3,N,None
CUST1005775,2,0,0,1,0,0,1,0,N,N,Y,6,2026,3,Y,AL
CUST1005776,0,2,0,1,3,0,0,0,N,N,N,6,2026,3,Y,MF
CUST1005777,0,0,0,1,0,2,0,0,N,N,N,6,2026,2,N,None
CUST1005778,1,0,0,1,0,0,0,0,Y,N,N,6,2026,2,Y,HL
CUST1005779,0,0,0,0,0,0,0,0,N,N,N,6,2026,0,N,None
CUST1005780,0,2,1,1,0,1,0,0,N,N,N,6,2026,4,N,None
CUST1005781,0,0,0,1,0,0,0,1,N,N,Y,6,2026,2,N,None
CUST1005782,0,1,0,1,0,0,0,0,N,N,N,6,2026,2,N,None
CUST1005783,0,0,0,1,0,0,0,1,N,N,Y,6,2026,2,Y,RD
CUST1005784,0,1,0,1,0,0,0,1,N,N,Y,6,2026,3,N,None
CUST1005785,0,1,0,1,0,2,0,0,Y,N,N,6,2026,3,Y,HF
CUST1005786,0,0,0,0,0,0,0,0,N,N,Y,6,2026,0,Y,AL
CUST1005787,0,2,0,1,0,0,0,0,N,N,N,6,2026,2,Y,SA
CUST1005788,0,0,0,1,1,0,1,1,N,N,Y,6,2026,4,Y,MF
CUST1005789,0,2,0,1,0,2,0,0,N,N,Y,6,2026,3,N,None
CUST1005790,0,1,0,1,0,0,0,0,N,N,Y,6,2026,2,N,None
CUST1005791,0,0,0,1,0,2,0,0,N,N,Y,6,2026,2,N,None
CUST1005792,0,0,0,1,0,0,0,0,N,N,Y,6,2026,1,N,None
CUST1005793,2,2,0,1,0,0,0,0,N,N,N,6,2026,3,Y,AL
CUST1005794,0,0,0,1,0,0,0,0,N,N,N,6,2026,1,N,None
CUST1005795,0,0,0,1,2,0,0,0,N,N,N,6,2026,2,N,None
CUST1005796,1,0,0,1,0,1,0,0,N,N,N,6,2026,3,N,None
CUST1005797,1,0,0,1,0,0,0,0,N,N,Y,6,2026,2,N,None
CUST1005798,0,1,0,1,0,0,1,0,N,N,Y,6,2026,3,N,None
CUST1005799,0,1,0,1,3,0,0,0,N,N,N,6,2026,3,Y,SA
CUST1005800,0,2,0,1,0,0,0,0,Y,N,Y,6,2026,2,N,None
CUST1005801,0,1,0,1,0,0,0,0,N,N,N,6,2026,2,N,None
CUST1005802,0,0,0,0,0,0,0,0,N,N,Y,6,2026,0,N,None
CUST1005803,0,2,0,1,2,0,0,0,N,N,Y,6,2026,3,N,None
CUST1005804,0,0,0,1,0,0,0,0,N,N,N,6,2026,1,N,None
CUST1005805,0,1,0,1,0,0,0,0,Y,N,N,6,2026,2,N,None
CUST1005806,0,0,0,1,1,0,0,0,N,N,Y,6,2026,2,N,None
CUST1005807,0,2,0,1,0,0,0,1,Y,N,Y,6,2026,3,N,None
CUST1005808,0,0,0,1,0,0,0,0,N,N,Y,6,2026,1,Y,SA
CUST1005809,0,2,1,1,0,0,0,0,N,N,N,6,2026,3,Y,PL
CUST1005810,0,0,0,1,0,0,0,0,N,N,N,6,2026,1,N,None
CUST1005811,2,1,0,1,0,1,0,0,N,N,Y,6,2026,4,N,None
CUST1005812,1,0,0,1,0,0,0,0,N,N,Y,6,2026,2,N,None
CUST1005813,0,0,0,1,0,0,1,0,N,N,N,6,2026,2,Y,SA
CUST1005814,0,0,0,1,0,1,0,0,N,N,Y,6,2026,2,N,None
CUST1005815,0,0,0,1,0,0,0,0,N,N,N,6,2026,1,Y,PL
CUST1005816,0,0,0,1,0,0,0,0,N,N,Y,6,2026,1,Y,MF
CUST1005817,0,0,0,1,0,0,0,0,N,N,Y,6,2026,1,Y,CC
CUST1005818,0,0,0,1,0,2,0,0,N,N,N,6,2026,2,N,None
CUST1005819,0,1,0,1,0,0,0,0,N,N,Y,6,2026,2,N,None
CUST1005820,2,0,0,1,0,1,0,0,N,N,N,6,2026,3,N,None
CUST1005821,0,1,0,1,0,0,0,0,N,Y,Y,6,2026,2,N,None
CUST1005822,0,0,0,1,0,0,0,0,N,N,Y,6,2026,1,Y,CC
CUST1005823,0,2,0,1,0,0,0,0,N,N,N,6,2026,2,N,None
CUST1005824,2,0,0,1,0,2,0,0,Y,N,Y,6,2026,3,Y,AL
CUST1005825,0,0,0,1,0,0,0,0,Y,N,N,6,2026,1,N,None
CUST1005826,0,0,0,1,0,0,0,1,Y,N,Y,6,2026,2,Y,PL
CUST1005827,2,0,0,1,0,0,0,0,N,N,Y,6,2026,2,N,None
CUST1005828,0,0,0,1,0,0,0,0,N,N,N,6,2026,1,N,SA
CUST1005829,2,0,0,1,0,0,0,0,N,N,Y,6,2026,2,N,None
CUST1005830,0,2,0,0,0,0,0,0,N,N,N,6,2026,1,N,None
CUST1005831,0,1,0,1,0,0,0,0,N,N,Y,6,2026,2,N,None
CUST1005832,2,0,0,1,0,0,0,0,Y,N,Y,6,2026,2,N,RD
CUST1005833,0,0,0,1,0,0,0,0,N,N,Y,6,2026,1,N,None
CUST1005834,0,2,0,0,0,0,0,1,Y,N,Y,6,2026,2,Y,PL
CUST1005835,0,2,0,1,0,0,0,0,Y,N,N,6,2026,2,Y,AL
CUST1005836,0,1,0,1,0,2,0,0,Y,N,N,6,2026,3,Y,AL
CUST1005837,0,0,0,1,3,1,1,0,N,N,N,6,2026,4,Y,SA
CUST1005838,0,0,0,0,1,1,0,0,Y,N,N,6,2026,2,N,None
CUST1005839,0,0,0,0,0,0,0,0,N,N,Y,6,2026,0,N,None
CUST1005840,0,0,0,1,0,0,0,1,N,N,N,6,2026,2,N,AL
CUST1005841,1,1,0,1,1,0,0,0,N,N,N,6,2026,4,N,None
CUST1005842,0,0,0,1,0,1,0,0,Y,N,N,6,2026,2,N,None
CUST1005843,1,0,0,1,0,0,0,1,N,N,Y,6,2026,3,Y,SA
CUST1005844,0,0,0,1,0,0,0,0,N,N,N,6,2026,1,N,None
CUST1005845,0,0,0,1,0,0,0,0,N,N,Y,6,2026,1,N,RD
CUST1005846,0,0,0,1,0,0,0,1,N,N,N,6,2026,2,N,None
CUST1005847,0,0,0,0,0,0,0,0,N,N,Y,6,2026,0,N,None
CUST1005848,0,0,0,1,0,0,0,0,N,Y,Y,6,2026,1,N,None
CUST1005849,0,2,0,1,0,0,0,0,N,N,N,6,2026,2,Y,PL
CUST1005850,0,0,1,1,0,0,0,1,N,N,Y,6,2026,3,N,None
CUST1005851,0,0,0,1,0,2,0,0,N,N,N,6,2026,2,N,None
CUST1005852,0,0,0,1,3,0,0,0,N,N,Y,6,2026,2,N,None
CUST1005853,0,2,0,1,2,1,0,0,N,N,Y,6,2026,4,N,None
CUST1005854,1,0,0,1,0,2,0,0,Y,N,N,6,2026,3,Y,PL
CUST1005855,0,0,0,0,3,0,0,0,N,N,Y,6,2026,1,Y,AL
CUST1005856,0,2,1,1,0,0,1,0,N,N,Y,6,2026,4,Y,PL
CUST1005857,0,0,0,1,2,0,0,0,N,N,Y,6,2026,2,N,None
CUST1005858,0,2,0,1,0,0,0,0,N,N,Y,6,2026,2,N,HL
CUST1005859,1,2,0,1,0,1,0,0,N,N,N,6,2026,4,Y,MF
CUST1005860,0,1,0,1,0,0,0,0,N,N,Y,6,2026,2,Y,HF
CUST1005861,1,0,0,1,2,0,0,0,N,N,N,6,2026,3,N,None
CUST1005862,0,0,0,1,0,2,0,0,N,N,Y,6,2026,2,N,None
CUST1005863,0,1,0,1,0,0,0,0,N,N,N,6,2026,2,Y,AL
CUST1005864,0,0,0,1,0,1,0,0,N,N,Y,6,2026,2,N,None
CUST1005865,0,0,0,1,0,0,0,0,N,N,Y,6,2026,1,Y,SA
CUST1005866,0,0,0,1,3,0,0,0,N,N,Y,6,2026,2,N,None
CUST1005867,0,0,0,1,0,0,0,0,N,N,Y,6,2026,1,Y,AL
CUST1005868,0,0,0,1,0,0,0,0,N,N,Y,6,2026,1,Y,PL
CUST1005869,0,0,0,1,0,0,0,0,Y,N,N,6,2026,1,Y,MF
CUST1005870,0,0,0,1,1,2,0,0,N,N,N,6,2026,3,N,None
CUST1005871,2,2,0,1,0,0,0,0,N,N,Y,6,2026,3,N,RD
CUST1005872,0,0,0,1,0,0,0,0,Y,N,N,6,2026,1,N,None
CUST1005873,0,0,1,1,0,0,0,0,N,N,N,6,2026,2,N,None
CUST1005874,2,0,0,1,0,0,0,0,N,N,N,6,2026,2,Y,PL
CUST1005875,0,0,0,1,0,0,0,0,N,N,N,6,2026,1,N,None
CUST1005876,0,0,0,1,0,0,0,0,Y,N,N,6,2026,1,N,None
CUST1005877,0,0,0,1,0,0,0,1,N,N,Y,6,2026,2,N,None
CUST1005878,0,2,0,1,0,0,0,0,N,N,N,6,2026,2,N,None
CUST1005879,0,0,0,1,3,0,0,0,N,N,N,6,2026,2,N,None
CUST1005880,0,0,0,1,0,2,0,0,N,N,Y,6,2026,2,N,None
CUST1005881,0,0,0,1,2,0,0,0,N,N,Y,6,2026,2,N,PL
CUST1005882,0,0,0,1,0,1,0,0,N,N,Y,6,2026,2,N,None
CUST1005883,0,2,0,1,0,0,0,0,N,N,N,6,2026,2,N,None
CUST1005884,2,2,0,1,0,0,0,1,N,N,N,6,2026,4,N,None
CUST1005885,0,0,0,1,2,0,0,0,N,N,Y,6,2026,2,N,None
CUST1005886,2,0,0,1,0,2,0,0,N,N,N,6,2026,3,N,None
CUST1005887,0,0,0,1,0,0,0,0,N,N,Y,6,2026,1,N,CC
CUST1005888,0,1,0,1,0,0,0,0,N,N,N,6,2026,2,Y,AL
CUST1005889,2,0,0,1,0,0,0,0,N,N,Y,6,2026,2,N,None
CUST1005890,0,1,0,1,0,0,0,0,N,N,N,6,2026,2,N,None
CUST1005891,0,0,0,1,0,0,0,0,N,N,N,6,2026,1,N,None
CUST1005892,2,0,0,1,0,1,0,0,N,N,N,6,2026,3,Y,MF
CUST1005893,0,1,0,1,0,1,0,0,N,N,N,6,2026,3,Y,PL
CUST1005894,0,0,0,1,3,0,1,0,N,N,Y,6,2026,3,N,None
CUST1005895,0,2,0,1,0,0,1,0,N,N,Y,6,2026,3,Y,SA
CUST1005896,0,1,0,1,0,0,0,0,N,N,N,6,2026,2,Y,HL
CUST1005897,0,0,0,1,1,0,0,0,N,N,Y,6,2026,2,N,None
CUST1005898,0,1,0,1,0,2,0,0,N,N,Y,6,2026,3,N,None
CUST1005899,0,1,0,1,0,2,0,0,N,N,Y,6,2026,3,Y,RD
CUST1005900,0,2,0,1,0,0,0,0,N,N,N,6,2026,2,Y,MF
CUST1005901,2,0,0,1,3,0,0,0,N,N,N,6,2026,3,N,None
CUST1005902,0,0,0,1,0,0,0,0,N,N,Y,6,2026,1,N,None
CUST1005903,0,2,0,1,0,0,0,0,N,N,Y,6,2026,2,N,None
CUST1005904,0,0,0,1,2,0,0,0,N,N,N,6,2026,2,N,None
CUST1005905,0,2,0,1,0,2,1,0,N,N,N,6,2026,4,Y,MF
CUST1005906,0,1,0,1,1,1,0,0,Y,N,Y,6,2026,4,Y,AL
CUST1005907,1,0,0,1,0,0,0,0,N,N,Y,6,2026,2,N,None
CUST1005908,0,1,0,1,0,0,0,1,Y,N,N,6,2026,3,N,None
CUST1005909,0,1,0,1,1,0,0,0,Y,N,N,6,2026,3,N,AL
CUST1005910,0,1,0,1,1,0,0,0,Y,N,Y,6,2026,3,N,None
CUST1005911,0,0,0,1,3,0,0,0,Y,N,Y,6,2026,2,N,None
CUST1005912,0,2,0,1,2,2,0,0,Y,N,Y,6,2026,4,Y,HF
CUST1005913,0,0,0,1,2,0,0,1,N,N,Y,6,2026,3,N,None
CUST1005914,0,0,0,0,0,0,0,0,N,N,Y,6,2026,0,N,None
CUST1005915,0,1,0,1,0,0,0,0,N,N,Y,6,2026,2,Y,CC
CUST1005916,0,0,0,1,0,0,0,0,N,N,Y,6,2026,1,Y,AL
CUST1005917,0,0,0,1,0,0,0,0,Y,N,Y,6,2026,1,N,None
CUST1005918,0,0,0,1,1,0,0,0,N,N,Y,6,2026,2,N,None
CUST1005919,0,0,0,1,0,0,0,0,N,N,Y,6,2026,1,N,None
CUST1005920,0,0,0,1,1,0,0,0,N,N,Y,6,2026,2,Y,AL
CUST1005921,0,1,0,1,0,0,0,0,N,N,Y,6,2026,2,Y,SA
CUST1005922,0,0,1,0,0,0,0,0,N,N,N,6,2026,1,N,None
CUST1005923,0,0,0,1,0,0,0,0,Y,N,N,6,2026,1,N,None
CUST1005924,0,0,0,1,2,0,1,0,N,N,Y,6,2026,3,N,None
CUST1005925,0,1,0,1,0,0,0,0,N,N,N,6,2026,2,N,None
CUST1005926,1,0,0,1,0,2,0,0,N,N,N,6,2026,3,N,None
CUST1005927,2,0,0,1,0,0,0,0,N,N,N,6,2026,2,Y,CC
CUST1005928,0,2,0,1,1,0,0,0,N,N,Y,6,2026,3,Y,MF
CUST1005929,0,0,0,1,0,0,0,1,N,N,Y,6,2026,2,N,None
CUST1005930,0,1,0,1,0,0,0,0,N,N,Y,6,2026,2,N,None
CUST1005931,0,0,0,1,0,2,0,0,N,N,Y,6,2026,2,Y,HF
CUST1005932,0,1,0,1,0,0,0,0,N,N,N,6,2026,2,Y,SA
CUST1005933,1,1,0,1,1,1,0,0,Y,N,Y,6,2026,5,N,None
CUST1005934,0,0,0,1,2,0,0,0,Y,N,Y,6,2026,2,N,None
CUST1005935,0,1,0,1,0,0,0,0,N,N,Y,6,2026,2,Y,HL
CUST1005936,0,1,0,1,3,2,0,0,N,N,N,6,2026,4,N,PL
CUST1005937,0,2,0,1,1,0,0,0,N,N,N,6,2026,3,N,None
CUST1005938,0,0,0,1,0,0,0,0,N,N,N,6,2026,1,N,None
CUST1005939,0,0,0,1,3,0,0,0,N,N,N,6,2026,2,N,None
CUST1005940,0,0,0,1,0,2,0,0,N,N,N,6,2026,2,N,None
CUST1005941,0,0,0,1,0,0,0,0,N,N,Y,6,2026,1,Y,SA
CUST1005942,0,2,0,1,0,0,0,0,N,N,N,6,2026,2,N,None
CUST1005943,0,0,0,1,0,0,0,0,N,N,Y,6,2026,1,N,None
CUST1005944,0,2,0,1,0,2,0,0,N,N,N,6,2026,3,Y,PL
CUST1005945,2,0,0,1,0,0,0,0,N,N,N,6,2026,2,N,None
CUST1005946,0,0,0,1,3,2,0,0,N,N,N,6,2026,3,N,None
CUST1005947,0,0,0,1,0,0,0,0,N,N,N,6,2026,1,N,None
CUST1005948,1,0,0,1,0,0,0,0,N,N,N,6,2026,2,N,None
CUST1005949,0,2,0,1,0,0,1,0,Y,N,Y,6,2026,3,Y,MF
CUST1005950,2,1,0,1,0,0,0,0,N,N,N,6,2026,3,N,None
CUST1005951,0,0,0,1,0,0,0,0,Y,N,N,6,2026,1,N,None
CUST1005952,0,2,0,1,0,0,0,1,N,N,Y,6,2026,3,Y,HL
CUST1005953,1,0,0,1,1,0,0,0,N,N,N,6,2026,3,Y,RD
CUST1005954,0,2,0,1,0,0,0,0,N,N,Y,6,2026,2,Y,RD
CUST1005955,0,1,0,1,0,1,0,0,N,N,Y,6,2026,3,N,None
CUST1005956,0,0,0,1,3,1,0,0,Y,N,N,6,2026,3,N,None
CUST1005957,0,0,0,1,0,0,0,0,N,N,Y,6,2026,1,Y,CC
CUST1005958,0,0,0,1,0,1,0,0,N,N,Y,6,2026,2,Y,SA
CUST1005959,0,0,0,1,1,2,1,0,N,N,N,6,2026,4,N,RD
CUST1005960,0,2,0,1,0,0,0,0,N,N,Y,6,2026,2,N,SA
CUST1005961,0,0,0,1,0,0,0,0,N,N,Y,6,2026,1,N,None
CUST1005962,0,0,0,1,0,0,0,0,N,N,Y,6,2026,1,N,None
CUST1005963,0,1,0,1,2,0,0,0,Y,N,Y,6,2026,3,Y,RD
CUST1005964,0,0,0,1,1,0,1,0,N,N,Y,6,2026,3,Y,PL
CUST1005965,1,1,0,1,0,0,0,0,N,N,N,6,2026,3,Y,AL
CUST1005966,0,2,0,1,2,0,0,0,N,N,Y,6,2026,3,N,None
CUST1005967,0,0,0,1,0,0,0,0,Y,N,N,6,2026,1,Y,SA
CUST1005968,0,0,0,1,1,1,0,0,N,Y,Y,6,2026,3,Y,AL
CUST1005969,0,2,0,1,1,0,0,0,N,N,Y,6,2026,3,N,None
CUST1005970,0,0,0,1,0,2,0,0,N,N,N,6,2026,2,N,None
CUST1005971,0,0,0,1,3,0,0,0,Y,N,Y,6,2026,2,N,PL
CUST1005972,0,0,0,1,0,0,0,0,N,N,Y,6,2026,1,N,None
CUST1005973,0,0,0,1,0,1,0,0,Y,N,Y,6,2026,2,N,None
CUST1005974,0,0,0,1,0,0,0,0,N,N,N,6,2026,1,Y,CC
CUST1005975,0,2,0,1,0,0,0,0,N,N,Y,6,2026,2,Y,CC
CUST1005976,0,2,0,1,1,0,0,0,N,N,N,6,2026,3,Y,AL
CUST1005977,0,0,0,1,0,0,0,0,N,N,Y,6,2026,1,N,None
CUST1005978,0,0,0,1,0,1,0,1,N,N,Y,6,2026,3,N,None
CUST1005979,0,0,0,1,0,0,0,0,N,N,Y,6,2026,1,N,None
CUST1005980,0,2,0,1,0,0,0,0,Y,N,Y,6,2026,2,N,None
CUST1005981,0,0,0,1,0,0,0,1,N,Y,Y,6,2026,2,N,None
CUST1005982,0,0,0,1,0,0,0,0,N,N,Y,6,2026,1,N,None
CUST1005983,0,0,0,1,0,0,0,0,N,N,N,6,2026,1,N,None
CUST1005984,0,0,0,1,0,0,0,0,N,N,N,6,2026,1,Y,RD
CUST1005985,0,1,0,1,1,0,0,1,N,Y,N,6,2026,4,N,None
CUST1005986,1,0,0,1,0,1,0,0,N,N,Y,6,2026,3,N,None
CUST1005987,0,0,0,1,0,0,0,0,N,N,Y,6,2026,1,N,None
CUST1005988,2,1,0,1,0,0,0,0,N,N,Y,6,2026,3,N,None
CUST1005989,0,1,0,1,0,2,0,0,Y,N,Y,6,2026,3,N,None
CUST1005990,1,0,0,1,1,0,0,0,N,N,N,6,2026,3,N,None
CUST1005991,1,2,0,1,0,0,1,0,N,N,N,6,2026,4,N,None
CUST1005992,0,0,0,0,0,0,0,0,N,N,N,6,2026,0,Y,SA
CUST1005993,0,0,0,1,2,0,0,0,N,N,N,6,2026,2,Y,HL
CUST1005994,0,2,0,1,0,0,0,0,N,Y,Y,6,2026,2,N,None
CUST1005995,0,0,0,1,0,0,0,0,N,N,N,6,2026,1,Y,HL
CUST1005996,0,2,0,1,2,0,0,1,Y,N,N,6,2026,4,N,None
CUST1005997,0,0,0,1,2,0,0,0,N,N,N,6,2026,2,N,None
CUST1005998,0,0,0,0,0,2,0,0,N,N,N,6,2026,1,Y,MF
CUST1005999,2,1,0,1,1,2,0,0,N,N,N,6,2026,5,N,None
CUST1006000,0,0,0,1,0,0,0,0,N,N,N,6,2026,1,Y,RD
CUST1006001,0,0,0,1,1,0,0,1,N,N,N,6,2026,3,N,None
CUST1006002,2,2,0,1,0,2,0,0,N,N,N,6,2026,4,N,RD
CUST1006003,0,1,0,1,0,2,0,0,Y,N,N,6,2026,3,Y,PL
CUST1006004,0,0,0,1,3,0,0,0,Y,N,Y,6,2026,2,N,None
CUST1006005,0,0,0,1,0,0,0,0,N,N,Y,6,2026,1,N,None
CUST1006006,0,2,0,1,0,0,0,0,N,N,Y,6,2026,2,N,None
CUST1006007,0,2,0,1,1,1,0,0,N,N,Y,6,2026,4,Y,CC
CUST1006008,1,0,0,1,0,0,0,0,N,N,Y,6,2026,2,N,None
CUST1006009,0,0,0,1,3,0,0,1,N,N,N,6,2026,3,N,None
CUST1006010,0,1,0,1,0,0,1,1,N,N,Y,6,2026,4,Y,HL
CUST1006011,1,2,0,1,0,0,0,0,N,N,N,6,2026,3,Y,HL
CUST1006012,0,0,0,1,0,0,0,0,N,N,Y,6,2026,1,Y,CC
CUST1006013,0,1,1,1,0,0,0,0,N,N,N,6,2026,3,N,None
CUST1006014,0,0,0,1,3,0,0,1,Y,N,Y,6,2026,3,Y,CC
CUST1006015,0,1,0,0,1,0,0,0,Y,N,N,6,2026,2,N,None
CUST1006016,0,2,0,1,0,1,0,0,N,N,Y,6,2026,3,Y,CC
CUST1006017,0,0,0,0,2,0,0,1,N,N,N,6,2026,2,N,None
CUST1006018,0,0,0,1,3,1,0,0,N,Y,N,6,2026,3,N,None
CUST1006019,0,0,0,1,0,0,0,0,N,N,N,6,2026,1,Y,CC
CUST1006020,0,1,0,0,0,0,0,0,N,N,Y,6,2026,1,N,None
CUST1006021,0,1,0,1,3,1,0,0,N,N,N,6,2026,4,Y,HL
CUST1006022,0,0,0,1,0,0,0,0,Y,N,N,6,2026,1,N,None
CUST1006023,1,2,1,1,0,0,0,0,N,N,N,6,2026,4,N,None
CUST1006024,0,0,0,1,2,0,0,0,N,N,N,6,2026,2,N,None
CUST1006025,0,0,0,1,2,0,0,0,N,N,Y,6,2026,2,N,PL
CUST1006026,0,0,0,1,1,0,0,1,N,Y,N,6,2026,3,Y,PL
CUST1006027,0,1,0,1,0,0,0,0,N,N,N,6,2026,2,N,None
CUST1006028,0,0,0,1,0,0,0,0,N,N,Y,6,2026,1,N,None
CUST1006029,0,0,0,1,2,0,0,0,N,N,Y,6,2026,2,N,None
CUST1006030,0,2,0,1,0,2,0,0,N,N,N,6,2026,3,N,None
CUST1006031,0,2,0,1,2,0,0,1,N,N,Y,6,2026,4,N,None
CUST1006032,0,2,0,1,0,0,0,1,N,Y,N,6,2026,3,N,None
CUST1006033,0,1,0,1,0,0,0,1,N,N,Y,6,2026,3,N,None
CUST1006034,0,0,0,1,0,0,0,0,N,N,Y,6,2026,1,Y,RD
CUST1006035,0,1,0,1,0,0,0,0,N,N,N,6,2026,2,N,None
CUST1006036,0,0,0,1,0,0,0,0,N,N,Y,6,2026,1,N,None
CUST1006037,2,0,0,1,0,0,0,0,N,N,Y,6,2026,2,N,None
CUST1006038,0,0,0,1,0,0,0,0,N,N,N,6,2026,1,N,None
CUST1006039,1,0,0,1,1,0,0,0,N,N,N,6,2026,3,Y,RD
CUST1006040,0,2,0,1,0,0,0,0,N,N,N,6,2026,2,N,None
CUST1006041,0,0,0,1,0,0,0,0,N,N,Y,6,2026,1,N,None
CUST1006042,0,0,0,1,2,2,0,0,N,Y,N,6,2026,3,Y,CC
CUST1006043,0,0,1,1,0,0,0,0,Y,N,N,6,2026,2,N,None
CUST1006044,0,2,0,1,0,2,1,0,N,N,Y,6,2026,4,N,None
CUST1006045,2,1,0,1,0,0,1,0,N,N,Y,6,2026,4,Y,RD
CUST1006046,0,0,0,1,1,0,0,0,Y,N,Y,6,2026,2,Y,AL
CUST1006047,0,0,0,1,0,0,0,0,Y,N,N,6,2026,1,N,SA
CUST1006048,0,0,0,1,0,0,0,0,N,N,N,6,2026,1,Y,SA
CUST1006049,1,0,0,1,0,1,0,0,N,N,N,6,2026,3,Y,CC
CUST1006050,0,0,0,1,0,0,0,0,Y,N,Y,6,2026,1,N,None
CUST1006051,0,0,0,1,0,2,0,0,N,N,Y,6,2026,2,N,None
CUST1006052,2,0,0,1,0,0,0,0,N,N,Y,6,2026,2,Y,RD
CUST1006053,0,2,0,1,0,0,0,0,N,N,Y,6,2026,2,N,CC
CUST1006054,0,0,0,1,0,1,0,0,N,N,N,6,2026,2,Y,CC
CUST1006055,0,1,0,1,0,0,0,0,N,N,N,6,2026,2,N,None
CUST1006056,0,0,0,1,0,2,1,0,N,N,N,6,2026,3,N,None
CUST1006057,0,2,0,1,0,1,1,0,N,N,Y,6,2026,4,Y,SA
CUST1006058,0,0,0,1,0,1,0,0,N,N,N,6,2026,2,N,None
CUST1006059,2,0,0,1,0,0,0,0,N,N,N,6,2026,2,N,None
CUST1006060,0,2,0,1,0,2,0,0,N,N,Y,6,2026,3,N,None
CUST1006061,1,0,0,1,0,0,0,0,N,Y,Y,6,2026,2,N,None
CUST1006062,1,0,0,1,0,2,0,0,N,N,Y,6,2026,3,N,None
CUST1006063,0,2,0,0,0,0,0,0,N,N,Y,6,2026,1,N,None
CUST1006064,0,2,1,1,0,1,0,0,Y,N,N,6,2026,4,Y,SA
CUST1006065,2,0,0,1,0,0,0,0,N,N,Y,6,2026,2,Y,AL
CUST1006066,2,1,0,1,0,0,0,0,N,N,Y,6,2026,3,Y,MF
CUST1006067,0,0,0,1,0,0,0,0,N,N,Y,6,2026,1,N,None
CUST1006068,0,2,0,1,1,0,0,0,N,N,Y,6,2026,3,N,HL
CUST1006069,0,0,0,1,1,0,0,0,N,N,N,6,2026,2,Y,RD
CUST1006070,0,0,0,1,0,0,0,0,N,N,Y,6,2026,1,N,PL
CUST1006071,0,0,0,1,0,2,1,0,N,N,N,6,2026,3,N,None
CUST1006072,2,0,0,1,0,0,0,0,Y,Y,N,6,2026,2,N,None
CUST1006073,0,0,0,1,3,0,0,0,N,Y,Y,6,2026,2,N,None
CUST1006074,0,2,0,1,0,0,1,0,N,N,N,6,2026,3,Y,CC
CUST1006075,1,1,0,1,0,0,0,1,N,N,Y,6,2026,4,N,None
CUST1006076,0,1,0,1,0,0,0,0,Y,N,Y,6,2026,2,N,None
CUST1006077,0,0,0,1,0,0,0,1,N,N,N,6,2026,2,N,AL
CUST1006078,0,1,0,0,0,2,0,0,Y,N,Y,6,2026,2,N,None
CUST1006079,0,0,0,1,0,0,0,0,N,N,Y,6,2026,1,N,None
CUST1006080,2,1,0,1,2,0,0,0,N,N,N,6,2026,4,Y,AL
CUST1006081,0,2,0,1,0,0,0,0,N,N,N,6,2026,2,N,RD
CUST1006082,0,0,0,1,0,0,0,0,N,N,N,6,2026,1,Y,AL
CUST1006083,1,0,0,1,0,0,0,0,Y,N,Y,6,2026,2,N,None
CUST1006084,0,0,0,1,0,2,0,0,N,N,N,6,2026,2,N,None
CUST1006085,2,0,0,0,0,0,0,0,N,N,Y,6,2026,1,Y,HL
CUST1006086,1,0,0,1,0,2,0,0,Y,N,Y,6,2026,3,Y,MF
CUST1006087,0,0,0,1,0,2,0,0,N,N,N,6,2026,2,Y,CC
CUST1006088,0,1,0,1,1,2,0,0,N,N,Y,6,2026,4,N,SA
CUST1006089,0,0,0,1,1,1,0,0,N,N,N,6,2026,3,Y,SA
CUST1006090,0,0,0,1,1,0,0,0,Y,N,Y,6,2026,2,N,SA
CUST1006091,0,2,0,1,0,0,0,0,N,N,Y,6,2026,2,Y,MF
CUST1006092,0,0,0,1,1,0,0,0,N,N,N,6,2026,2,Y,AL
CUST1006093,0,1,0,1,0,0,0,0,N,N,Y,6,2026,2,Y,CC
CUST1006094,0,1,1,1,0,0,0,0,N,N,Y,6,2026,3,Y,RD
CUST1006095,0,1,0,1,1,0,0,0,N,N,Y,6,2026,3,N,None
CUST1006096,0,2,0,1,0,1,0,0,N,N,Y,6,2026,3,N,None
CUST1006097,0,0,0,1,0,0,0,0,N,N,Y,6,2026,1,Y,CC
CUST1006098,0,1,0,1,0,0,0,0,N,N,Y,6,2026,2,Y,AL
CUST1006099,0,1,0,0,0,0,1,0,Y,N,N,6,2026,2,Y,SA
CUST1006100,0,0,0,1,0,0,0,0,N,N,Y,6,2026,1,N,None
CUST1006101,0,0,0,1,2,0,0,0,N,N,Y,6,2026,2,N,None
CUST1006102,2,0,0,1,0,0,0,0,N,N,N,6,2026,2,Y,MF
CUST1006103,0,1,0,1,2,0,0,0,N,N,Y,6,2026,3,N,HL
CUST1006104,0,0,0,1,0,0,0,0,N,N,N,6,2026,1,N,None
CUST1006105,0,0,0,1,3,0,0,0,Y,N,Y,6,2026,2,N,None
CUST1006106,0,1,0,1,0,0,0,0,N,N,N,6,2026,2,Y,MF
CUST1006107,0,1,0,1,0,0,0,0,N,N,Y,6,2026,2,Y,PL
CUST1006108,0,0,0,1,0,0,0,0,N,N,N,6,2026,1,N,None
CUST1006109,0,0,0,1,0,0,0,0,N,N,Y,6,2026,1,Y,AL
CUST1006110,0,1,0,1,0,1,0,0,N,N,Y,6,2026,3,Y,AL
CUST1006111,0,2,0,1,0,0,0,0,Y,N,Y,6,2026,2,Y,MF
CUST1006112,0,2,0,1,0,0,0,0,N,N,Y,6,2026,2,Y,AL
CUST1006113,0,2,0,1,0,0,0,0,N,Y,Y,6,2026,2,N,None
CUST1006114,0,1,0,1,0,2,0,0,N,N,N,6,2026,3,N,PL
CUST1006115,0,1,1,1,0,2,0,0,N,N,Y,6,2026,4,N,None
CUST1006116,0,0,0,1,0,0,0,0,N,N,Y,6,2026,1,N,None
CUST1006117,0,1,0,1,0,0,1,1,N,N,N,6,2026,4,N,None
CUST1006118,0,0,0,1,0,2,0,0,N,N,N,6,2026,2,N,None
CUST1006119,0,0,1,1,0,1,0,0,N,N,N,6,2026,3,N,None
CUST1006120,1,1,0,1,0,0,1,0,N,N,Y,6,2026,4,Y,CC
CUST1006121,2,0,0,1,0,1,0,0,N,N,N,6,2026,3,N,None
CUST1006122,0,0,0,1,0,0,0,0,N,N,N,6,2026,1,N,None
CUST1006123,0,0,0,1,0,2,0,1,N,N,Y,6,2026,3,N,None
CUST1006124,0,1,0,1,1,0,1,1,Y,N,N,6,2026,5,Y,RD
CUST1006125,0,0,0,1,1,0,0,1,N,N,Y,6,2026,3,N,None
CUST1006126,0,0,0,1,0,0,0,1,N,N,N,6,2026,2,N,None
CUST1006127,2,1,1,1,0,0,0,0,N,N,N,6,2026,4,N,None
CUST1006128,0,1,0,0,0,0,0,0,N,N,N,6,2026,1,Y,AL
CUST1006129,2,0,0,1,0,0,0,0,N,N,Y,6,2026,2,N,None
CUST1006130,0,2,0,1,1,1,0,0,N,N,N,6,2026,4,Y,MF
CUST1006131,0,0,0,1,0,0,0,0,N,N,Y,6,2026,1,Y,MF
CUST1006132,1,0,0,1,0,0,0,0,Y,N,N,6,2026,2,N,None
CUST1006133,0,2,0,1,0,0,0,0,N,N,Y,6,2026,2,Y,CC
CUST1006134,0,1,1,1,1,2,0,0,N,N,N,6,2026,5,N,None
CUST1006135,0,0,0,1,0,0,0,0,N,N,N,6,2026,1,Y,HL
CUST1006136,1,0,0,1,2,0,0,0,N,N,N,6,2026,3,Y,SA
CUST1006137,0,0,0,1,0,0,0,0,N,N,N,6,2026,1,Y,AL
CUST1006138,0,0,0,1,0,0,0,1,Y,N,Y,6,2026,2,Y,SA
CUST1006139,0,0,0,1,0,0,0,0,N,N,N,6,2026,1,N,None
CUST1006140,0,2,0,0,0,1,0,0,N,N,Y,6,2026,2,N,None
CUST1006141,2,0,0,0,0,0,1,0,N,N,Y,6,2026,2,N,None
CUST1006142,2,2,0,1,0,0,0,0,N,N,N,6,2026,3,N,None
CUST1006143,0,1,0,1,3,0,0,0,N,N,N,6,2026,3,Y,RD
CUST1006144,0,2,0,1,0,0,0,0,N,N,N,6,2026,2,Y,CC
CUST1006145,0,0,0,1,0,2,0,0,N,N,Y,6,2026,2,N,None
CUST1006146,0,0,0,1,0,0,0,0,Y,N,N,6,2026,1,Y,AL
CUST1006147,0,0,0,1,0,2,0,0,Y,N,N,6,2026,2,N,None
CUST1006148,0,2,0,1,2,0,0,0,Y,N,N,6,2026,3,Y,SA
CUST1006149,0,0,0,1,0,0,1,0,N,N,N,6,2026,2,Y,SA
CUST1006150,0,0,0,1,0,2,0,0,N,N,Y,6,2026,2,N,None
CUST1006151,0,1,0,1,0,1,0,0,N,N,Y,6,2026,3,Y,PL
CUST1006152,0,1,0,1,0,2,0,0,N,N,N,6,2026,3,Y,SA
CUST1006153,0,2,0,1,0,1,0,0,N,N,Y,6,2026,3,N,None
CUST1006154,0,2,0,1,0,1,0,1,N,N,Y,6,2026,4,Y,SA
CUST1006155,0,0,0,0,2,0,0,0,N,N,N,6,2026,1,N,HF
CUST1006156,0,0,0,1,3,2,0,0,Y,N,Y,6,2026,3,N,None
CUST1006157,0,0,0,1,0,0,0,0,N,N,N,6,2026,1,N,None
CUST1006158,0,0,0,1,0,0,0,0,Y,N,N,6,2026,1,N,None
CUST1006159,0,0,0,1,0,0,0,0,N,N,Y,6,2026,1,N,None
CUST1006160,0,0,0,1,2,2,0,0,N,N,Y,6,2026,3,Y,AL
CUST1006161,0,0,0,1,0,1,0,0,N,N,Y,6,2026,2,Y,SA
CUST1006162,0,2,0,1,3,0,0,0,Y,N,N,6,2026,3,N,None
CUST1006163,0,0,0,1,1,1,0,0,Y,N,Y,6,2026,3,N,None
CUST1006164,0,2,0,1,2,0,0,0,N,N,N,6,2026,3,N,RD
CUST1006165,0,1,0,1,0,0,0,1,N,N,Y,6,2026,3,N,None
CUST1006166,0,0,0,1,0,0,0,0,N,N,N,6,2026,1,N,None
CUST1006167,0,2,0,1,0,0,0,0,Y,N,N,6,2026,2,N,None
CUST1006168,2,0,0,1,0,0,0,0,N,N,N,6,2026,2,N,None
CUST1006169,0,1,0,1,0,0,0,0,Y,N,N,6,2026,2,N,None
CUST1006170,0,0,0,1,3,0,0,0,N,N,Y,6,2026,2,N,PL
CUST1006171,0,0,0,1,0,0,0,1,N,N,N,6,2026,2,N,CC
CUST1006172,0,1,0,1,0,0,0,0,N,N,Y,6,2026,2,Y,SA
CUST1006173,0,0,0,1,0,0,0,0,N,Y,N,6,2026,1,Y,MF
CUST1006174,0,0,0,1,0,0,0,0,N,N,N,6,2026,1,N,None
CUST1006175,0,0,0,0,3,0,0,0,N,N,N,6,2026,1,N,None
CUST1006176,0,2,0,1,0,0,0,0,N,N,Y,6,2026,2,Y,AL
CUST1006177,0,0,0,1,0,2,1,0,N,N,Y,6,2026,3,Y,MF
CUST1006178,0,1,0,1,0,0,0,0,N,N,N,6,2026,2,N,None
CUST1006179,0,1,0,0,3,0,1,0,Y,N,Y,6,2026,3,N,None
CUST1006180,0,0,0,1,0,1,0,0,N,N,Y,6,2026,2,N,None
CUST1006181,0,0,0,1,0,0,0,1,N,N,N,6,2026,2,Y,SA
CUST1006182,1,0,0,1,0,2,0,1,N,N,Y,6,2026,4,N,None
CUST1006183,0,0,0,1,0,0,0,0,Y,N,Y,6,2026,1,N,None
CUST1006184,0,0,0,1,1,0,0,0,N,N,N,6,2026,2,N,None
CUST1006185,0,0,0,1,1,0,1,0,N,N,N,6,2026,3,N,None
CUST1006186,0,0,0,1,0,0,0,0,N,N,Y,6,2026,1,Y,AL
CUST1006187,0,0,0,1,0,0,0,0,N,N,N,6,2026,1,N,None
CUST1006188,0,2,0,1,0,0,0,0,N,N,N,6,2026,2,N,None
CUST1006189,0,0,0,1,0,0,0,0,N,N,N,6,2026,1,Y,RD
CUST1006190,0,0,0,1,0,0,0,0,N,N,N,6,2026,1,N,None
CUST1006191,0,0,0,1,1,0,0,0,N,N,Y,6,2026,2,N,None
CUST1006192,0,0,0,1,0,0,0,0,N,N,Y,6,2026,1,N,CC
CUST1006193,0,2,0,1,0,0,0,0,N,N,Y,6,2026,2,Y,RD
CUST1006194,0,1,0,1,0,2,0,0,N,N,Y,6,2026,3,N,MF
CUST1006195,0,0,0,1,3,0,0,1,Y,N,Y,6,2026,3,Y,SA
CUST1006196,0,0,0,1,0,2,0,0,N,N,Y,6,2026,2,N,CC
CUST1006197,0,1,0,1,2,0,0,0,N,Y,Y,6,2026,3,N,None
CUST1006198,1,0,0,1,0,0,0,0,N,Y,N,6,2026,2,Y,PL
CUST1006199,0,0,1,1,0,0,0,0,N,Y,N,6,2026,2,N,None
CUST1006200,1,0,0,1,1,0,0,0,N,N,N,6,2026,3,N,None
CUST1006201,0,1,0,1,2,0,0,0,N,N,N,6,2026,3,N,None
CUST1006202,0,0,0,1,0,1,0,0,N,N,Y,6,2026,2,Y,PL
CUST1006203,0,0,0,0,3,2,0,0,N,N,N,6,2026,2,Y,RD
CUST1006204,0,0,0,1,0,0,0,1,N,N,Y,6,2026,2,N,None
CUST1006205,0,2,0,1,0,0,0,0,N,N,N,6,2026,2,N,None
CUST1006206,0,1,0,1,0,0,0,1,N,N,Y,6,2026,3,Y,PL
CUST1006207,0,0,0,1,0,0,0,0,N,N,Y,6,2026,1,Y,PL
CUST1006208,0,0,0,1,2,0,0,0,N,N,Y,6,2026,2,N,AL
CUST1006209,0,0,0,1,1,1,0,0,N,N,N,6,2026,3,Y,CC
CUST1006210,0,0,0,1,0,0,0,0,Y,N,N,6,2026,1,Y,SA
CUST1006211,2,0,0,1,0,0,0,0,N,N,Y,6,2026,2,Y,AL
CUST1006212,0,0,0,1,1,0,1,0,Y,N,N,6,2026,3,Y,CC
CUST1006213,0,1,0,1,0,2,0,0,N,N,Y,6,2026,3,N,None
CUST1006214,0,2,0,1,3,0,0,0,N,N,Y,6,2026,3,N,None
CUST1006215,0,1,0,1,0,1,0,0,N,N,Y,6,2026,3,N,None
CUST1006216,0,1,0,1,0,2,0,0,N,N,Y,6,2026,3,Y,PL
CUST1006217,0,0,0,1,0,0,0,0,N,N,N,6,2026,1,Y,CC
CUST1006218,0,0,0,1,0,0,0,0,N,N,N,6,2026,1,Y,HL
CUST1006219,0,0,0,1,0,0,0,1,N,N,Y,6,2026,2,N,None
CUST1006220,0,0,0,1,0,0,0,0,N,Y,Y,6,2026,1,N,None
CUST1006221,0,0,0,1,0,0,0,0,Y,N,N,6,2026,1,Y,SA
CUST1006222,1,1,0,1,0,0,1,0,N,N,Y,6,2026,4,Y,PL
CUST1006223,0,0,0,1,0,0,0,0,N,N,N,6,2026,1,Y,SA
CUST1006224,0,0,0,1,0,0,1,0,N,N,Y,6,2026,2,Y,RD
CUST1006225,0,0,0,1,0,0,0,0,N,Y,N,6,2026,1,Y,HF
CUST1006226,0,0,0,1,0,0,0,0,N,N,Y,6,2026,1,N,None
CUST1006227,2,2,0,1,0,0,0,0,N,N,Y,6,2026,3,N,None
CUST1006228,0,1,0,1,0,0,0,0,N,N,Y,6,2026,2,N,None
CUST1006229,0,1,0,1,0,0,0,0,Y,N,N,6,2026,2,Y,MF
CUST1006230,0,0,0,1,0,0,1,0,Y,N,Y,6,2026,2,Y,MF
CUST1006231,0,0,0,1,0,1,0,1,N,N,Y,6,2026,3,N,None
CUST1006232,2,1,0,1,0,0,0,0,Y,Y,Y,6,2026,3,N,None
CUST1006233,0,1,0,1,0,0,0,0,N,N,Y,6,2026,2,Y,HF
CUST1006234,0,0,0,1,2,0,0,0,Y,N,Y,6,2026,2,Y,RD
CUST1006235,0,1,0,1,0,0,0,0,N,N,Y,6,2026,2,N,None
CUST1006236,2,1,0,1,0,0,0,0,Y,N,Y,6,2026,3,N,None
CUST1006237,0,1,0,1,0,2,0,0,N,N,Y,6,2026,3,Y,PL
CUST1006238,0,1,1,1,3,0,0,0,N,N,Y,6,2026,4,N,SA
CUST1006239,0,0,0,1,0,2,0,0,N,Y,N,6,2026,2,N,None
CUST1006240,0,0,0,1,0,0,0,0,Y,N,N,6,2026,1,Y,CC
CUST1006241,0,0,0,1,0,2,0,0,N,N,N,6,2026,2,N,None
CUST1006242,0,2,0,1,0,0,0,0,N,Y,N,6,2026,2,N,None
CUST1006243,0,0,0,1,0,0,0,0,Y,N,Y,6,2026,1,N,PL
CUST1006244,0,0,0,1,0,0,0,0,Y,N,Y,6,2026,1,Y,SA
CUST1006245,0,0,0,1,0,0,0,0,N,N,Y,6,2026,1,N,None
CUST1006246,2,0,0,1,0,0,0,0,N,N,N,6,2026,2,N,None
CUST1006247,1,0,0,1,0,2,0,1,N,N,N,6,2026,4,N,None
CUST1006248,0,1,0,1,0,1,0,0,N,N,Y,6,2026,3,N,None
CUST1006249,0,2,0,1,0,0,0,0,N,Y,Y,6,2026,2,Y,CC
CUST1006250,0,0,0,1,0,1,0,1,Y,N,Y,6,2026,3,Y,PL
CUST1006251,0,0,0,1,1,0,0,1,N,N,Y,6,2026,3,N,None
CUST1006252,0,0,0,1,0,0,0,0,N,N,N,6,2026,1,N,None
CUST1006253,0,1,0,1,0,0,0,0,N,Y,N,6,2026,2,N,PL
CUST1006254,2,0,0,1,1,0,0,1,N,N,Y,6,2026,4,N,None
CUST1006255,0,0,0,1,1,0,0,0,N,N,Y,6,2026,2,N,None
CUST1006256,0,0,0,1,3,0,0,0,N,N,Y,6,2026,2,N,None
CUST1006257,0,0,0,1,0,0,0,0,N,N,Y,6,2026,1,N,None
CUST1006258,0,1,0,1,1,0,0,0,N,N,Y,6,2026,3,N,None
CUST1006259,0,1,0,1,0,0,0,0,N,N,N,6,2026,2,N,None
CUST1006260,0,2,0,1,0,0,0,0,Y,N,N,6,2026,2,Y,CC
CUST1006261,0,0,0,1,3,0,0,0,N,N,Y,6,2026,2,N,None
CUST1006262,0,1,0,1,0,0,0,0,N,Y,N,6,2026,2,N,None
CUST1006263,0,0,0,1,0,2,0,0,N,N,N,6,2026,2,N,None
CUST1006264,0,0,0,1,2,1,0,0,Y,N,Y,6,2026,3,N,AL
CUST1006265,0,2,0,1,0,0,0,0,N,N,N,6,2026,2,N,None
CUST1006266,0,2,0,1,0,2,0,0,N,N,N,6,2026,3,Y,MF
CUST1006267,0,0,0,1,2,0,0,0,N,Y,N,6,2026,2,N,None
CUST1006268,0,1,0,1,0,0,0,0,N,N,Y,6,2026,2,N,RD
CUST1006269,0,0,0,1,3,0,0,0,N,N,Y,6,2026,2,N,None
CUST1006270,1,0,0,1,0,0,0,0,N,N,Y,6,2026,2,N,PL
CUST1006271,0,2,0,1,0,2,0,1,N,N,Y,6,2026,4,N,None
CUST1006272,0,0,0,1,2,0,0,0,N,N,N,6,2026,2,N,None
CUST1006273,0,1,0,1,0,0,1,0,N,N,Y,6,2026,3,Y,MF
CUST1006274,0,0,1,1,0,0,0,0,N,N,Y,6,2026,2,N,None
CUST1006275,0,2,0,1,0,2,0,0,N,Y,Y,6,2026,3,N,SA
CUST1006276,2,2,1,1,0,0,1,1,N,N,N,6,2026,6,Y,SA
CUST1006277,0,0,0,1,0,1,0,0,N,N,N,6,2026,2,N,AL
CUST1006278,1,0,0,1,1,0,0,0,N,N,Y,6,2026,3,N,None
CUST1006279,0,0,0,1,0,0,0,0,N,N,N,6,2026,1,N,None
CUST1006280,0,0,0,1,0,1,0,1,N,N,Y,6,2026,3,N,AL
CUST1006281,0,2,0,1,0,0,0,0,N,N,Y,6,2026,2,N,None
CUST1006282,0,2,0,1,1,0,0,0,Y,N,Y,6,2026,3,N,None
CUST1006283,0,0,0,1,0,0,0,0,N,N,N,6,2026,1,N,AL
CUST1006284,0,0,0,1,0,0,0,0,N,N,Y,6,2026,1,N,None
CUST1006285,0,0,0,1,1,0,0,0,Y,N,Y,6,2026,2,N,None
CUST1006286,0,1,0,1,0,0,1,0,N,N,N,6,2026,3,Y,RD
CUST1006287,0,0,0,1,3,2,0,0,N,N,N,6,2026,3,N,None
CUST1006288,0,1,0,1,3,0,0,0,N,Y,Y,6,2026,3,N,None
CUST1006289,0,1,0,1,0,0,0,0,N,N,Y,6,2026,2,Y,AL
CUST1006290,0,0,0,1,0,1,0,0,N,Y,Y,6,2026,2,N,MF
CUST1006291,2,2,0,1,3,2,0,0,N,N,N,6,2026,5,N,None
CUST1006292,0,1,0,1,0,2,0,0,N,N,Y,6,2026,3,N,None
CUST1006293,0,0,0,1,0,0,0,0,N,N,Y,6,2026,1,N,None
CUST1006294,0,2,0,1,2,0,0,0,N,N,Y,6,2026,3,N,None
CUST1006295,0,1,0,1,2,0,0,0,Y,N,Y,6,2026,3,N,None
CUST1006296,0,0,0,0,0,0,0,0,N,N,N,6,2026,0,N,None
CUST1006297,1,0,0,1,0,0,1,0,N,N,N,6,2026,3,Y,AL
CUST1006298,0,2,0,1,0,1,0,1,N,N,N,6,2026,4,N,None
CUST1006299,0,0,0,1,0,1,0,0,Y,Y,Y,6,2026,2,Y,CC
CUST1006300,0,0,0,0,3,1,0,0,N,N,Y,6,2026,2,N,None
CUST1006301,2,1,0,1,0,0,0,0,Y,N,N,6,2026,3,N,None
CUST1006302,0,0,0,1,3,0,0,0,N,N,Y,6,2026,2,Y,RD
CUST1006303,0,0,0,1,0,0,0,0,N,N,N,6,2026,1,Y,RD
CUST1006304,0,0,0,1,0,0,0,0,Y,N,N,6,2026,1,N,None
CUST1006305,0,0,0,1,0,0,0,0,N,N,Y,6,2026,1,N,None
CUST1006306,0,0,0,1,0,0,0,0,N,N,Y,6,2026,1,Y,HF
CUST1006307,0,0,0,1,0,0,0,1,N,N,N,6,2026,2,N,None
CUST1006308,0,0,0,1,0,0,0,0,N,N,N,6,2026,1,Y,MF
CUST1006309,0,1,0,1,0,0,1,0,N,N,Y,6,2026,3,N,None
CUST1006310,0,2,0,0,0,0,0,0,N,N,N,6,2026,1,Y,SA
CUST1006311,0,0,0,1,0,0,1,1,Y,N,N,6,2026,3,N,None
CUST1006312,0,0,0,0,0,1,0,0,N,N,N,6,2026,1,N,None
CUST1006313,0,2,0,1,0,2,0,1,N,N,Y,6,2026,4,Y,RD
CUST1006314,0,1,0,1,0,0,0,0,N,N,Y,6,2026,2,N,None
CUST1006315,0,2,0,1,3,0,0,1,N,N,N,6,2026,4,Y,CC
CUST1006316,0,0,0,1,3,1,0,0,N,N,N,6,2026,3,N,None
CUST1006317,2,2,0,1,0,2,0,0,N,N,Y,6,2026,4,Y,SA
CUST1006318,0,1,0,1,0,0,0,0,N,N,N,6,2026,2,Y,SA
CUST1006319,0,0,0,1,0,0,0,0,N,N,Y,6,2026,1,N,None
CUST1006320,0,2,0,1,0,0,0,1,N,N,N,6,2026,3,Y,CC
CUST1006321,0,0,0,1,0,0,0,0,N,N,Y,6,2026,1,Y,HL
CUST1006322,0,0,0,1,0,0,0,0,Y,N,Y,6,2026,1,N,None
CUST1006323,0,0,0,1,0,0,0,0,N,N,Y,6,2026,1,N,None
CUST1006324,0,0,0,1,2,0,0,0,N,N,N,6,2026,2,Y,RD
CUST1006325,0,0,0,1,0,2,0,0,N,N,Y,6,2026,2,N,MF
CUST1006326,0,0,0,1,0,0,1,0,N,N,N,6,2026,2,N,MF
CUST1006327,2,1,0,1,0,1,0,0,N,N,N,6,2026,4,N,None
CUST1006328,0,2,0,1,0,0,0,0,N,N,N,6,2026,2,N,None
CUST1006329,2,2,0,1,0,0,0,1,N,N,Y,6,2026,4,N,None
CUST1006330,0,0,0,1,0,0,0,0,Y,N,Y,6,2026,1,Y,SA
CUST1006331,0,0,0,1,0,1,0,0,N,N,Y,6,2026,2,N,None
CUST1006332,0,2,0,1,0,0,0,0,N,Y,Y,6,2026,2,Y,AL
CUST1006333,0,1,0,1,0,0,0,0,N,N,N,6,2026,2,N,None
CUST1006334,0,0,0,1,0,0,0,0,Y,N,N,6,2026,1,Y,RD
CUST1006335,0,0,0,1,0,2,0,0,N,N,Y,6,2026,2,N,None
CUST1006336,0,2,0,1,0,0,0,0,N,Y,Y,6,2026,2,N,None
CUST1006337,0,0,0,1,0,0,0,1,N,N,Y,6,2026,2,N,AL
CUST1006338,0,0,0,1,3,1,0,1,N,N,N,6,2026,4,N,None
CUST1006339,1,0,0,1,0,0,0,1,N,N,Y,6,2026,3,Y,RD
CUST1006340,0,0,0,1,0,0,0,0,Y,N,Y,6,2026,1,N,None
CUST1006341,0,0,0,1,0,0,1,0,N,N,Y,6,2026,2,N,None
CUST1006342,0,0,0,1,1,0,0,0,N,N,Y,6,2026,2,Y,RD
CUST1006343,0,1,0,1,0,0,0,0,N,N,Y,6,2026,2,N,None
CUST1006344,0,0,0,1,0,0,1,1,N,N,N,6,2026,3,N,None
CUST1006345,0,1,0,1,0,0,0,0,N,N,N,6,2026,2,N,None
CUST1006346,0,0,0,1,2,0,0,0,Y,N,Y,6,2026,2,N,None
CUST1006347,0,0,0,1,0,1,0,0,N,N,Y,6,2026,2,Y,HF
CUST1006348,1,1,0,1,0,0,0,1,N,N,Y,6,2026,4,Y,AL
CUST1006349,0,0,0,1,1,0,0,0,N,N,Y,6,2026,2,N,None
CUST1006350,2,1,0,1,0,2,0,0,N,N,N,6,2026,4,N,None
CUST1006351,0,0,0,1,0,2,0,0,N,N,N,6,2026,2,Y,SA
CUST1006352,0,2,0,1,0,0,0,0,N,N,N,6,2026,2,Y,PL
CUST1006353,2,0,0,1,0,0,0,0,N,N,Y,6,2026,2,N,None
CUST1006354,0,0,0,1,0,0,0,0,Y,N,N,6,2026,1,N,None
CUST1006355,0,0,0,1,0,0,0,0,N,N,N,6,2026,1,N,None
CUST1006356,0,0,0,1,2,2,0,0,Y,N,Y,6,2026,3,N,None
CUST1006357,0,0,0,1,0,0,0,1,N,N,Y,6,2026,2,Y,HF
CUST1006358,0,0,0,1,0,0,0,0,Y,N,N,6,2026,1,N,None
CUST1006359,0,0,0,1,2,0,0,0,N,N,N,6,2026,2,N,None
CUST1006360,1,0,0,1,0,1,0,0,N,N,N,6,2026,3,Y,RD
CUST1006361,0,0,1,1,0,2,0,0,N,N,N,6,2026,3,N,None
CUST1006362,0,0,0,1,2,0,0,0,N,N,N,6,2026,2,N,None
CUST1006363,1,1,0,1,0,0,0,0,N,Y,Y,6,2026,3,N,None
CUST1006364,0,2,0,1,0,0,0,1,N,N,Y,6,2026,3,N,None
CUST1006365,0,2,0,1,0,0,0,0,N,N,Y,6,2026,2,N,None
CUST1006366,1,2,0,1,0,0,1,0,N,N,N,6,2026,4,Y,AL
CUST1006367,0,1,0,1,0,0,0,0,Y,N,N,6,2026,2,N,None
CUST1006368,0,0,1,1,0,0,0,1,N,N,Y,6,2026,3,N,None
CUST1006369,0,0,0,1,0,0,0,0,N,N,N,6,2026,1,N,None
CUST1006370,0,0,0,1,1,0,0,0,N,N,Y,6,2026,2,Y,RD
CUST1006371,0,0,1,1,2,0,0,0,N,N,Y,6,2026,3,N,None
CUST1006372,0,0,0,1,0,0,0,0,N,N,Y,6,2026,1,N,PL
CUST1006373,0,0,0,1,0,0,0,0,N,N,N,6,2026,1,N,CC
CUST1006374,0,2,0,1,0,1,0,0,N,N,N,6,2026,3,N,None
CUST1006375,0,0,0,1,0,0,0,0,N,N,N,6,2026,1,N,None
CUST1006376,0,2,0,1,0,0,0,1,N,N,Y,6,2026,3,Y,CC
CUST1006377,0,0,0,1,0,0,0,0,N,N,Y,6,2026,1,Y,RD
CUST1006378,0,2,0,1,0,1,0,0,N,N,Y,6,2026,3,N,AL
CUST1006379,2,1,0,1,0,0,0,0,N,N,N,6,2026,3,N,MF
CUST1006380,0,1,0,1,0,2,0,0,N,N,N,6,2026,3,Y,CC
CUST1006381,0,2,0,1,0,0,0,0,N,N,N,6,2026,2,N,None
CUST1006382,0,0,0,1,0,0,0,0,N,N,Y,6,2026,1,Y,MF
CUST1006383,0,0,0,1,0,0,0,0,N,N,N,6,2026,1,Y,AL
CUST1006384,0,2,0,1,0,0,0,0,N,N,Y,6,2026,2,Y,SA
CUST1006385,0,0,0,1,0,0,0,0,N,N,Y,6,2026,1,N,None
CUST1006386,0,0,0,1,0,0,0,0,N,N,Y,6,2026,1,N,None
CUST1006387,2,1,0,0,0,1,0,0,N,N,Y,6,2026,3,Y,AL
CUST1006388,0,0,0,1,3,1,0,1,N,N,Y,6,2026,4,N,None
CUST1006389,0,0,0,1,0,0,0,0,N,N,Y,6,2026,1,Y,CC
CUST1006390,0,0,0,1,0,2,0,0,N,N,Y,6,2026,2,Y,CC
CUST1006391,0,0,0,1,0,2,0,0,N,N,Y,6,2026,2,Y,SA
CUST1006392,0,0,0,1,0,0,0,0,N,N,Y,6,2026,1,N,None
CUST1006393,0,2,0,1,1,0,0,0,N,N,Y,6,2026,3,Y,SA
CUST1006394,0,2,0,1,0,0,0,0,Y,N,N,6,2026,2,N,None
CUST1006395,0,1,0,1,0,0,1,0,N,N,Y,6,2026,3,N,None
CUST1006396,0,2,0,1,2,0,0,0,N,N,Y,6,2026,3,N,None
CUST1006397,0,0,0,1,2,0,0,0,N,N,Y,6,2026,2,N,None
CUST1006398,0,0,0,1,0,0,0,0,N,N,N,6,2026,1,Y,PL
CUST1006399,0,0,0,1,0,0,0,0,N,N,N,6,2026,1,N,HL
CUST1006400,0,0,0,1,0,0,0,0,N,N,N,6,2026,1,Y,CC
CUST1006401,0,2,0,1,3,2,0,0,N,N,Y,6,2026,4,N,None
CUST1006402,0,0,0,1,0,0,0,0,N,N,Y,6,2026,1,Y,HF
CUST1006403,0,0,0,1,0,0,1,0,Y,N,Y,6,2026,2,N,None
CUST1006404,0,2,0,1,0,0,0,1,N,N,Y,6,2026,3,Y,HF
CUST1006405,0,2,0,1,0,0,0,0,N,N,Y,6,2026,2,Y,PL
CUST1006406,0,0,0,1,0,0,0,0,N,N,Y,6,2026,1,N,None
CUST1006407,0,0,0,1,0,2,0,1,Y,N,N,6,2026,3,Y,CC
CUST1006408,0,0,0,1,0,0,0,0,N,N,N,6,2026,1,N,None
CUST1006409,0,1,0,0,0,0,0,0,N,Y,Y,6,2026,1,Y,RD
CUST1006410,0,0,0,1,0,0,0,0,N,N,N,6,2026,1,N,None
CUST1006411,1,0,0,1,0,0,0,0,N,N,N,6,2026,2,Y,AL
CUST1006412,0,1,0,1,0,0,0,0,N,N,N,6,2026,2,Y,CC
CUST1006413,0,0,0,1,0,0,0,0,Y,Y,Y,6,2026,1,Y,PL
CUST1006414,0,0,0,1,3,0,0,0,N,N,Y,6,2026,2,N,None
CUST1006415,2,0,0,1,3,1,1,0,N,N,N,6,2026,5,N,None
CUST1006416,1,2,0,1,0,1,0,0,N,N,Y,6,2026,4,N,None
CUST1006417,0,1,0,1,0,0,0,0,N,N,N,6,2026,2,Y,HF
CUST1006418,0,0,0,1,0,0,0,0,N,N,N,6,2026,1,N,None
CUST1006419,0,2,0,1,0,0,0,0,N,N,Y,6,2026,2,N,HL
CUST1006420,1,0,0,1,0,0,0,0,N,N,N,6,2026,2,Y,HF
CUST1006421,2,0,0,1,0,0,0,0,N,N,Y,6,2026,2,N,None
CUST1006422,0,0,0,0,3,0,0,0,N,N,Y,6,2026,1,N,None
CUST1006423,1,0,0,1,2,1,0,0,N,N,N,6,2026,4,N,AL
CUST1006424,0,0,0,1,0,1,0,0,N,N,Y,6,2026,2,N,PL
CUST1006425,0,2,0,1,0,0,0,0,N,N,Y,6,2026,2,N,None
CUST1006426,0,0,0,1,0,0,0,0,N,N,N,6,2026,1,N,None
CUST1006427,0,0,0,1,0,0,0,0,N,N,Y,6,2026,1,N,None
CUST1006428,0,2,0,1,0,0,0,0,Y,N,N,6,2026,2,Y,RD
CUST1006429,0,2,0,1,0,0,0,0,N,N,N,6,2026,2,N,None
CUST1006430,0,1,0,1,0,0,0,0,N,N,Y,6,2026,2,N,None
CUST1006431,0,2,0,1,0,0,0,0,N,N,N,6,2026,2,Y,SA
CUST1006432,0,0,0,1,0,1,0,0,N,N,Y,6,2026,2,N,CC
CUST1006433,2,0,0,1,0,0,1,0,Y,N,Y,6,2026,3,N,None
CUST1006434,0,0,0,1,1,0,0,0,N,N,N,6,2026,2,Y,AL
CUST1006435,0,2,0,1,0,0,0,0,N,N,N,6,2026,2,Y,HF
CUST1006436,0,1,0,1,1,1,0,0,N,N,N,6,2026,4,N,None
CUST1006437,0,2,0,1,0,1,0,0,N,N,Y,6,2026,3,N,None
CUST1006438,0,2,0,1,0,0,0,0,N,N,Y,6,2026,2,N,None
CUST1006439,0,0,0,1,0,0,0,0,Y,N,N,6,2026,1,N,None
CUST1006440,0,2,0,1,0,0,0,0,Y,N,Y,6,2026,2,N,None
CUST1006441,0,0,0,1,2,0,0,0,N,N,Y,6,2026,2,Y,CC
CUST1006442,0,0,0,1,0,0,0,0,Y,N,N,6,2026,1,Y,AL
CUST1006443,0,0,0,1,3,0,0,0,N,N,N,6,2026,2,Y,SA
CUST1006444,1,0,0,1,0,0,0,0,N,N,N,6,2026,2,Y,HF
CUST1006445,1,1,0,1,0,0,1,0,N,Y,Y,6,2026,4,N,None
CUST1006446,0,2,0,0,0,2,0,0,N,N,Y,6,2026,2,Y,PL
CUST1006447,0,0,0,1,0,0,0,0,N,N,Y,6,2026,1,Y,HL
CUST1006448,0,0,0,1,0,0,0,0,N,N,N,6,2026,1,Y,AL
CUST1006449,0,0,0,1,3,0,0,0,N,N,N,6,2026,2,N,None
CUST1006450,0,2,0,1,0,1,0,0,N,N,Y,6,2026,3,Y,MF
CUST1006451,0,0,0,1,0,1,0,0,N,N,N,6,2026,2,N,None
CUST1006452,2,0,0,1,0,0,0,0,Y,N,Y,6,2026,2,N,None
CUST1006453,0,1,0,1,0,0,0,1,N,N,Y,6,2026,3,N,None
CUST1006454,0,0,0,1,0,1,0,0,N,N,N,6,2026,2,Y,CC
CUST1006455,0,2,0,1,0,0,0,0,N,Y,N,6,2026,2,N,None
CUST1006456,0,0,0,1,3,0,0,0,Y,N,N,6,2026,2,N,None
CUST1006457,0,1,0,1,1,0,0,0,Y,N,N,6,2026,3,N,MF
CUST1006458,0,0,0,1,2,1,0,0,Y,N,Y,6,2026,3,Y,PL
CUST1006459,0,1,0,1,0,0,0,0,N,Y,Y,6,2026,2,N,None
CUST1006460,0,0,0,1,0,0,0,0,N,N,N,6,2026,1,N,None
CUST1006461,0,0,0,1,1,0,0,0,N,N,N,6,2026,2,Y,SA
CUST1006462,0,1,0,1,0,0,0,0,N,N,Y,6,2026,2,N,None
CUST1006463,0,1,0,1,0,0,0,0,N,N,N,6,2026,2,N,None
CUST1006464,0,1,0,1,0,0,0,0,N,N,N,6,2026,2,N,None
CUST1006465,0,0,0,1,0,1,0,0,N,N,N,6,2026,2,N,RD
CUST1006466,0,0,0,1,3,1,0,0,N,N,N,6,2026,3,N,None
CUST1006467,2,2,0,1,2,0,0,0,N,N,N,6,2026,4,Y,AL
CUST1006468,0,0,0,1,0,0,0,0,N,N,Y,6,2026,1,N,None
CUST1006469,2,2,0,1,0,0,0,0,N,N,Y,6,2026,3,N,None
CUST1006470,0,0,0,1,0,0,0,0,N,N,N,6,2026,1,N,None
CUST1006471,2,1,0,1,2,1,0,0,Y,N,Y,6,2026,5,N,None
CUST1006472,0,2,0,1,0,0,0,1,N,N,Y,6,2026,3,Y,PL
CUST1006473,0,1,0,1,1,0,0,0,N,N,N,6,2026,3,N,None
CUST1006474,1,1,0,1,0,0,0,0,N,Y,Y,6,2026,3,Y,AL
CUST1006475,2,0,0,1,0,1,0,0,N,N,N,6,2026,3,N,None
CUST1006476,0,0,0,1,2,0,0,0,Y,N,N,6,2026,2,N,None
CUST1006477,0,0,0,0,1,0,1,0,N,N,N,6,2026,2,N,CC
CUST1006478,0,0,0,1,0,0,0,0,N,N,N,6,2026,1,N,None
CUST1006479,2,2,0,1,0,0,0,0,N,N,Y,6,2026,3,Y,RD
CUST1006480,0,0,0,1,1,0,0,0,N,N,N,6,2026,2,N,None
CUST1006481,0,0,0,1,0,0,0,0,Y,N,N,6,2026,1,N,None
CUST1006482,0,0,0,1,1,0,0,0,N,N,Y,6,2026,2,Y,AL
CUST1006483,1,0,0,1,0,0,0,0,N,N,N,6,2026,2,N,HL
CUST1006484,1,0,0,1,0,0,0,0,N,N,Y,6,2026,2,N,None
CUST1006485,0,2,0,1,2,0,1,0,N,N,Y,6,2026,4,N,None
CUST1006486,0,0,0,1,0,1,0,0,N,N,Y,6,2026,2,N,None
CUST1006487,0,1,0,1,0,2,0,0,N,N,Y,6,2026,3,N,None
CUST1006488,0,0,0,1,0,0,0,0,Y,N,Y,6,2026,1,Y,MF
CUST1006489,1,0,0,1,0,0,0,0,N,N,Y,6,2026,2,N,None
CUST1006490,0,1,0,1,2,0,0,0,N,N,N,6,2026,3,Y,RD
CUST1006491,0,0,0,1,2,0,0,0,N,N,Y,6,2026,2,Y,SA
CUST1006492,0,1,0,1,2,0,0,0,N,N,Y,6,2026,3,N,None
CUST1006493,0,1,0,1,0,0,0,0,N,N,Y,6,2026,2,Y,CC
CUST1006494,0,2,0,1,0,0,0,0,Y,N,N,6,2026,2,N,None
CUST1006495,0,0,1,1,0,0,0,0,N,N,Y,6,2026,2,Y,MF
CUST1006496,0,2,0,1,0,2,0,0,N,N,Y,6,2026,3,N,RD
CUST1006497,0,0,0,1,0,0,0,0,Y,N,Y,6,2026,1,Y,PL
CUST1006498,0,1,1,1,0,0,0,0,N,N,Y,6,2026,3,N,None
CUST1006499,0,2,0,1,0,0,0,0,N,N,Y,6,2026,2,N,SA
CUST1006500,0,1,0,1,0,1,0,0,N,N,N,6,2026,3,N,None
CUST1006501,0,0,0,1,0,0,0,0,N,N,N,6,2026,1,N,None
CUST1006502,0,2,0,1,0,0,0,0,N,N,Y,6,2026,2,Y,CC
CUST1006503,1,0,0,1,0,1,0,0,N,N,Y,6,2026,3,Y,AL
CUST1006504,0,0,0,1,0,0,0,0,N,N,Y,6,2026,1,Y,SA
CUST1006505,0,0,0,1,1,0,0,0,N,N,Y,6,2026,2,N,None
CUST1006506,0,1,0,1,0,0,0,0,N,N,Y,6,2026,2,N,None
CUST1006507,0,0,0,1,3,0,0,0,N,N,Y,6,2026,2,Y,CC
CUST1006508,0,1,0,0,1,0,0,0,N,N,Y,6,2026,2,N,None
CUST1006509,0,0,0,1,0,1,0,0,Y,N,N,6,2026,2,N,None
CUST1006510,2,2,0,1,2,0,0,0,N,N,N,6,2026,4,Y,SA
CUST1006511,0,0,0,1,0,2,0,0,N,Y,N,6,2026,2,Y,AL
CUST1006512,0,0,0,1,0,0,0,0,N,N,Y,6,2026,1,Y,SA
CUST1006513,0,0,0,1,1,0,0,0,N,N,Y,6,2026,2,Y,CC
CUST1006514,1,1,1,1,0,0,0,0,N,N,Y,6,2026,4,N,None
CUST1006515,0,0,0,1,0,0,0,0,N,Y,Y,6,2026,1,N,None
CUST1006516,0,2,0,1,1,2,0,0,N,Y,Y,6,2026,4,Y,CC
CUST1006517,0,0,0,1,0,0,0,0,N,Y,Y,6,2026,1,N,None
CUST1006518,0,0,0,1,2,0,0,0,N,Y,Y,6,2026,2,N,CC
CUST1006519,0,0,0,1,0,2,0,0,N,N,Y,6,2026,2,N,None
CUST1006520,0,1,0,1,0,0,0,0,Y,N,Y,6,2026,2,Y,AL
CUST1006521,0,1,0,1,0,2,0,0,N,N,N,6,2026,3,Y,CC
CUST1006522,0,0,0,1,3,0,0,1,N,N,N,6,2026,3,Y,RD
CUST1006523,0,2,0,1,0,2,0,0,N,N,N,6,2026,3,Y,RD
CUST1006524,0,0,0,0,2,0,0,0,N,N,Y,6,2026,1,Y,RD
CUST1006525,2,1,0,1,0,0,0,0,N,N,Y,6,2026,3,N,None
CUST1006526,0,1,0,1,1,1,0,0,N,Y,Y,6,2026,4,Y,AL
CUST1006527,0,0,0,1,3,0,0,0,N,N,N,6,2026,2,N,None
CUST1006528,0,2,0,1,0,1,0,1,N,N,N,6,2026,4,Y,MF
CUST1006529,0,0,0,1,0,0,0,0,N,N,Y,6,2026,1,N,None
CUST1006530,0,0,0,1,0,0,0,0,N,N,N,6,2026,1,N,None
CUST1006531,0,0,0,1,0,2,1,0,N,N,N,6,2026,3,Y,RD
CUST1006532,0,0,0,1,0,0,0,0,N,N,Y,6,2026,1,N,RD
CUST1006533,0,0,0,1,0,0,0,0,N,N,Y,6,2026,1,N,AL
CUST1006534,0,0,0,1,0,1,0,0,N,N,Y,6,2026,2,Y,RD
CUST1006535,0,0,0,1,0,0,0,0,N,N,N,6,2026,1,Y,AL
CUST1006536,0,0,0,1,0,0,0,0,N,N,Y,6,2026,1,N,None
CUST1006537,0,0,0,1,3,2,1,0,N,N,Y,6,2026,4,Y,SA
CUST1006538,0,0,0,1,0,0,0,0,N,N,Y,6,2026,1,N,None
CUST1006539,0,0,0,1,0,0,0,0,N,N,Y,6,2026,1,Y,CC
CUST1006540,0,1,0,1,0,0,0,0,N,N,Y,6,2026,2,Y,AL
CUST1006541,0,0,0,1,0,1,0,0,N,N,N,6,2026,2,Y,PL
CUST1006542,2,0,0,1,0,0,0,0,N,N,N,6,2026,2,Y,RD
CUST1006543,0,0,0,1,0,0,0,0,N,N,Y,6,2026,1,Y,HF
CUST1006544,0,0,0,1,0,1,0,1,N,N,Y,6,2026,3,N,None
CUST1006545,0,0,0,1,0,0,0,0,N,N,Y,6,2026,1,N,None
CUST1006546,0,0,0,1,3,0,0,0,N,N,Y,6,2026,2,Y,SA
CUST1006547,0,1,0,1,0,0,0,1,N,Y,N,6,2026,3,Y,RD
CUST1006548,0,0,0,0,0,0,0,0,N,N,Y,6,2026,0,N,None
CUST1006549,2,0,0,1,0,0,0,0,N,N,N,6,2026,2,N,None
CUST1006550,0,1,0,0,2,0,1,0,Y,Y,Y,6,2026,3,N,None
CUST1006551,0,2,0,0,0,1,0,0,N,N,N,6,2026,2,Y,MF
CUST1006552,0,0,0,1,0,1,0,0,N,Y,Y,6,2026,2,Y,PL
CUST1006553,0,0,0,1,0,0,0,0,N,N,N,6,2026,1,Y,AL
CUST1006554,0,1,0,1,0,0,0,0,N,N,N,6,2026,2,N,None
CUST1006555,0,0,0,1,2,0,0,0,N,N,Y,6,2026,2,N,None
CUST1006556,2,0,0,1,0,1,0,0,N,N,Y,6,2026,3,N,None
CUST1006557,2,2,0,1,2,2,0,1,N,N,Y,6,2026,6,N,None
CUST1006558,0,2,0,1,0,0,0,0,N,N,N,6,2026,2,Y,MF
CUST1006559,0,1,0,1,0,0,0,0,N,N,N,6,2026,2,Y,HL
CUST1006560,2,0,0,1,0,1,0,1,N,N,N,6,2026,4,N,None
CUST1006561,0,0,0,1,0,0,0,0,N,N,N,6,2026,1,N,None
CUST1006562,0,2,1,1,0,0,0,0,N,N,N,6,2026,3,Y,PL
CUST1006563,0,0,0,1,0,1,0,0,N,N,N,6,2026,2,Y,HL
CUST1006564,2,0,0,1,1,1,0,0,N,Y,Y,6,2026,4,N,None
CUST1006565,1,0,0,1,2,0,1,1,N,N,N,6,2026,5,N,None
CUST1006566,0,0,0,1,0,0,0,0,Y,N,Y,6,2026,1,Y,CC
CUST1006567,1,2,0,1,0,0,0,0,N,Y,N,6,2026,3,N,None
CUST1006568,1,0,0,1,0,0,0,0,N,N,N,6,2026,2,Y,RD
CUST1006569,0,2,0,1,0,0,0,0,N,N,Y,6,2026,2,Y,MF
CUST1006570,0,0,0,1,0,0,0,0,N,Y,Y,6,2026,1,Y,HL
CUST1006571,2,2,0,1,2,0,0,0,N,N,Y,6,2026,4,Y,HL
CUST1006572,0,2,0,1,0,0,0,0,N,N,Y,6,2026,2,Y,HL
CUST1006573,0,0,0,1,0,0,0,0,Y,N,N,6,2026,1,Y,CC
CUST1006574,0,0,0,0,0,0,0,0,N,N,N,6,2026,0,Y,AL
CUST1006575,0,0,0,1,0,0,0,0,N,N,N,6,2026,1,N,None
CUST1006576,0,1,0,1,0,2,1,0,N,N,Y,6,2026,4,Y,SA
CUST1006577,0,2,0,1,2,0,1,0,N,N,Y,6,2026,4,Y,SA
CUST1006578,0,0,0,1,0,0,0,0,N,Y,Y,6,2026,1,N,None
CUST1006579,0,0,0,1,0,2,0,0,N,N,N,6,2026,2,N,None
CUST1006580,0,0,1,1,0,0,0,0,N,N,N,6,2026,2,Y,HL
CUST1006581,0,2,0,1,2,0,0,0,N,N,Y,6,2026,3,N,None
CUST1006582,0,0,1,1,0,1,1,0,N,N,Y,6,2026,4,Y,PL
CUST1006583,0,1,0,1,0,2,0,0,N,Y,N,6,2026,3,N,None
CUST1006584,0,2,0,1,0,1,0,0,N,N,N,6,2026,3,N,None
CUST1006585,0,1,0,1,0,0,0,0,N,N,N,6,2026,2,Y,AL
CUST1006586,0,2,0,1,0,0,1,0,N,N,Y,6,2026,3,N,None
CUST1006587,0,0,0,1,0,0,0,1,Y,N,N,6,2026,2,Y,SA
CUST1006588,0,0,0,1,3,1,0,0,N,N,Y,6,2026,3,N,AL
CUST1006589,0,2,0,1,0,1,0,0,N,N,N,6,2026,3,N,None
CUST1006590,0,0,0,1,3,0,0,1,N,N,N,6,2026,3,N,HF
CUST1006591,2,1,0,1,0,0,0,1,N,N,N,6,2026,4,N,CC
CUST1006592,0,0,0,1,0,0,0,0,N,N,Y,6,2026,1,N,None
CUST1006593,0,2,0,1,3,0,0,0,N,N,N,6,2026,3,N,None
CUST1006594,0,2,0,1,0,0,0,0,N,N,Y,6,2026,2,N,None
CUST1006595,0,2,0,1,2,0,0,1,N,N,Y,6,2026,4,N,None
CUST1006596,0,0,0,1,3,0,1,0,N,N,N,6,2026,3,N,None
CUST1006597,0,0,0,1,0,0,0,1,N,N,Y,6,2026,2,N,None
CUST1006598,0,0,0,0,3,0,0,0,N,N,N,6,2026,1,Y,PL
CUST1006599,0,0,0,1,3,1,1,0,N,N,Y,6,2026,4,N,None
CUST1006600,2,1,0,1,0,0,1,0,Y,N,Y,6,2026,4,Y,CC
CUST1006601,0,0,0,1,0,0,0,0,N,N,Y,6,2026,1,N,None
CUST1006602,2,1,0,1,0,0,0,1,Y,N,Y,6,2026,4,Y,PL
CUST1006603,1,2,0,1,2,1,0,0,Y,N,Y,6,2026,5,N,None
CUST1006604,0,0,0,0,0,0,0,0,Y,N,Y,6,2026,0,N,None
CUST1006605,0,2,0,1,3,0,0,0,N,N,Y,6,2026,3,Y,PL
CUST1006606,0,2,0,1,2,2,0,0,N,N,N,6,2026,4,Y,PL
CUST1006607,0,2,0,1,0,0,0,0,N,N,N,6,2026,2,N,CC
CUST1006608,0,0,0,1,0,0,0,0,N,N,Y,6,2026,1,N,RD
CUST1006609,0,0,0,1,0,0,0,0,N,N,Y,6,2026,1,Y,CC
CUST1006610,0,0,0,1,0,0,0,0,Y,N,N,6,2026,1,N,CC
CUST1006611,0,2,0,1,0,0,0,0,Y,N,Y,6,2026,2,Y,PL
CUST1006612,0,0,0,1,0,0,0,0,N,N,N,6,2026,1,Y,AL
CUST1006613,0,0,0,1,2,0,0,1,N,N,N,6,2026,3,Y,CC
CUST1006614,0,0,0,1,0,0,0,0,N,N,N,6,2026,1,N,None
CUST1006615,0,2,0,1,3,1,0,0,Y,N,Y,6,2026,4,N,None
CUST1006616,0,0,0,1,0,0,0,1,N,Y,N,6,2026,2,Y,MF
CUST1006617,0,2,0,1,2,0,0,0,N,N,N,6,2026,3,N,None
CUST1006618,0,0,0,1,0,2,0,0,N,Y,N,6,2026,2,Y,PL
CUST1006619,0,1,0,1,0,0,0,0,N,N,N,6,2026,2,Y,CC
CUST1006620,0,0,0,1,0,0,0,0,N,N,Y,6,2026,1,N,RD
CUST1006621,0,0,0,1,3,1,0,0,N,N,N,6,2026,3,Y,RD
CUST1006622,0,0,0,1,0,0,0,0,Y,N,N,6,2026,1,Y,SA
CUST1006623,0,0,0,1,1,0,0,0,N,N,N,6,2026,2,N,None
CUST1006624,0,2,0,1,0,0,0,1,N,N,Y,6,2026,3,Y,SA
CUST1006625,0,0,1,1,1,1,0,0,N,N,N,6,2026,4,N,None
CUST1006626,0,0,0,1,3,0,0,0,N,Y,Y,6,2026,2,N,PL
CUST1006627,0,0,0,1,0,0,0,0,N,N,Y,6,2026,1,N,None
CUST1006628,2,1,0,1,0,0,0,0,N,N,Y,6,2026,3,N,None
CUST1006629,1,1,0,1,0,0,0,0,N,N,Y,6,2026,3,Y,SA
CUST1006630,0,2,0,0,1,1,0,0,N,N,N,6,2026,3,N,None
CUST1006631,2,0,0,1,0,0,0,0,N,N,N,6,2026,2,Y,RD
CUST1006632,1,2,1,1,1,2,1,0,N,N,N,6,2026,7,Y,SA
CUST1006633,0,0,0,1,0,0,0,0,N,N,N,6,2026,1,N,None
CUST1006634,0,0,0,1,0,2,0,0,N,N,N,6,2026,2,Y,PL
CUST1006635,0,0,0,1,0,0,0,0,N,N,N,6,2026,1,N,None
CUST1006636,0,1,0,1,0,0,0,0,N,N,N,6,2026,2,N,None
CUST1006637,0,0,0,1,0,0,0,0,Y,N,N,6,2026,1,Y,AL
CUST1006638,2,0,0,1,0,2,0,0,N,N,Y,6,2026,3,Y,HL
CUST1006639,0,0,0,1,2,2,0,1,N,N,Y,6,2026,4,N,None
CUST1006640,0,0,1,1,0,0,0,0,N,N,N,6,2026,2,Y,SA
CUST1006641,0,0,0,1,0,2,0,0,N,Y,Y,6,2026,2,Y,PL
CUST1006642,1,0,0,1,1,0,0,0,N,N,N,6,2026,3,N,None
CUST1006643,0,0,0,1,0,1,0,0,N,N,N,6,2026,2,N,None
CUST1006644,0,2,0,1,0,0,0,0,N,Y,Y,6,2026,2,N,None
CUST1006645,0,2,0,1,2,0,0,0,N,N,N,6,2026,3,Y,HL
CUST1006646,0,0,0,1,2,0,0,0,N,N,N,6,2026,2,N,SA
CUST1006647,0,0,0,1,0,0,0,0,N,N,Y,6,2026,1,Y,CC
CUST1006648,0,1,0,1,0,1,0,0,N,N,N,6,2026,3,N,HL
CUST1006649,2,0,0,0,0,1,0,0,N,N,N,6,2026,2,N,None
CUST1006650,0,0,0,1,0,0,0,0,Y,N,Y,6,2026,1,N,None
CUST1006651,0,0,0,1,0,0,0,0,N,N,Y,6,2026,1,N,None
CUST1006652,0,0,0,1,0,0,0,0,Y,N,Y,6,2026,1,N,HL
CUST1006653,0,2,0,1,0,0,0,0,N,N,Y,6,2026,2,N,None
CUST1006654,0,1,0,1,0,0,0,0,N,N,Y,6,2026,2,N,None
CUST1006655,0,0,0,1,0,0,0,1,N,N,Y,6,2026,2,Y,CC
CUST1006656,1,0,0,1,3,2,0,0,N,N,Y,6,2026,4,N,None
CUST1006657,0,1,0,1,0,0,0,0,Y,N,N,6,2026,2,Y,SA
CUST1006658,1,0,0,1,2,2,0,0,N,N,Y,6,2026,4,N,None
CUST1006659,0,2,0,1,0,0,1,0,N,N,Y,6,2026,3,N,None
CUST1006660,0,1,0,1,0,2,0,0,N,N,N,6,2026,3,N,MF
CUST1006661,0,0,0,1,0,0,0,0,N,Y,Y,6,2026,1,N,None
CUST1006662,0,0,0,1,0,0,0,0,N,Y,Y,6,2026,1,N,None
CUST1006663,2,2,0,1,2,0,0,1,N,N,N,6,2026,5,N,None
CUST1006664,0,0,0,1,0,0,0,0,N,N,Y,6,2026,1,Y,AL
CUST1006665,0,0,0,1,0,1,0,0,N,N,Y,6,2026,2,N,None
CUST1006666,0,0,0,1,2,0,0,0,Y,Y,Y,6,2026,2,N,None
CUST1006667,0,0,0,1,0,2,0,0,N,Y,N,6,2026,2,N,None
CUST1006668,0,0,0,1,0,0,0,0,Y,N,Y,6,2026,1,N,CC
CUST1006669,0,0,0,1,0,0,0,0,Y,N,N,6,2026,1,N,None
CUST1006670,0,0,0,1,0,2,0,1,N,N,N,6,2026,3,N,AL
CUST1006671,0,2,0,1,0,0,0,0,N,N,Y,6,2026,2,N,None
CUST1006672,0,0,0,1,0,0,0,0,N,N,N,6,2026,1,Y,MF
CUST1006673,0,0,0,1,0,0,0,0,N,N,Y,6,2026,1,N,None
CUST1006674,0,0,0,1,0,0,0,0,N,N,N,6,2026,1,N,None
CUST1006675,0,0,0,1,0,0,0,1,Y,N,N,6,2026,2,N,None
CUST1006676,0,0,0,1,0,0,0,0,N,N,N,6,2026,1,N,None
CUST1006677,0,2,0,1,0,0,0,0,N,N,N,6,2026,2,N,None
CUST1006678,0,2,0,1,0,2,0,0,N,N,N,6,2026,3,N,None
CUST1006679,2,0,0,1,0,2,1,0,Y,N,N,6,2026,4,N,None
CUST1006680,0,2,0,1,0,1,0,0,N,N,Y,6,2026,3,Y,AL
CUST1006681,0,2,0,1,0,2,0,0,N,N,N,6,2026,3,Y,SA
CUST1006682,0,1,0,1,0,0,0,0,N,N,N,6,2026,2,N,None
CUST1006683,0,2,0,1,0,0,0,0,N,N,N,6,2026,2,N,None
CUST1006684,0,0,0,1,0,0,0,0,N,N,Y,6,2026,1,Y,MF
CUST1006685,0,0,0,1,0,0,0,1,Y,N,Y,6,2026,2,N,CC
CUST1006686,0,1,0,1,0,0,0,0,N,N,N,6,2026,2,Y,HF
CUST1006687,0,0,0,1,0,0,0,0,Y,N,Y,6,2026,1,Y,CC
CUST1006688,0,0,0,1,3,2,0,0,Y,N,Y,6,2026,3,N,None
CUST1006689,0,0,0,1,0,0,0,0,N,N,N,6,2026,1,N,None
CUST1006690,0,1,0,1,0,0,0,0,N,N,Y,6,2026,2,N,None
CUST1006691,0,2,0,1,0,2,0,1,N,N,Y,6,2026,4,Y,HL
CUST1006692,0,0,0,1,3,0,0,0,Y,N,N,6,2026,2,Y,PL
CUST1006693,0,0,0,1,0,1,0,0,N,N,Y,6,2026,2,Y,HL
CUST1006694,0,0,0,1,0,0,0,0,Y,N,Y,6,2026,1,Y,RD
CUST1006695,0,2,0,1,0,1,0,0,N,N,Y,6,2026,3,N,None
CUST1006696,0,0,0,1,0,0,0,0,N,N,N,6,2026,1,N,None
CUST1006697,0,0,0,1,0,0,0,0,N,Y,N,6,2026,1,N,None
CUST1006698,0,2,0,1,0,0,0,0,Y,N,N,6,2026,2,Y,PL
CUST1006699,0,0,0,1,1,0,0,0,N,Y,N,6,2026,2,Y,HL
CUST1006700,0,2,0,1,0,0,0,0,N,N,Y,6,2026,2,N,None
CUST1006701,0,0,0,1,1,0,0,0,Y,Y,Y,6,2026,2,N,None
CUST1006702,0,1,0,1,0,0,0,0,N,Y,N,6,2026,2,N,None
CUST1006703,0,0,0,1,0,0,0,0,N,N,Y,6,2026,1,Y,CC
CUST1006704,1,0,0,1,1,0,1,0,N,N,N,6,2026,4,N,None
CUST1006705,0,1,0,1,0,0,0,0,N,N,Y,6,2026,2,Y,PL
CUST1006706,2,0,0,1,0,0,0,0,N,N,Y,6,2026,2,N,None
CUST1006707,0,0,0,1,0,1,0,0,N,N,N,6,2026,2,N,None
CUST1006708,0,0,0,1,0,1,0,1,N,N,Y,6,2026,3,Y,AL
CUST1006709,1,0,0,1,0,0,0,0,N,N,Y,6,2026,2,Y,CC
CUST1006710,0,2,0,1,1,0,1,0,N,N,N,6,2026,4,Y,RD
CUST1006711,0,0,0,0,0,0,0,0,N,N,Y,6,2026,0,N,None
CUST1006712,0,0,0,1,0,0,0,0,N,N,Y,6,2026,1,N,None
CUST1006713,0,0,0,1,2,0,0,1,N,N,N,6,2026,3,N,None
CUST1006714,0,0,0,1,0,0,0,0,N,N,Y,6,2026,1,Y,SA
CUST1006715,0,2,0,1,1,0,0,0,N,N,Y,6,2026,3,N,None
CUST1006716,0,0,0,1,0,0,0,0,N,N,N,6,2026,1,Y,RD
CUST1006717,0,1,0,1,0,1,0,0,Y,Y,Y,6,2026,3,N,None
CUST1006718,0,0,0,1,1,0,0,0,Y,N,N,6,2026,2,N,None
CUST1006719,0,2,0,1,0,0,0,1,N,N,Y,6,2026,3,N,None
CUST1006720,0,0,0,1,0,1,0,0,N,N,N,6,2026,2,Y,RD
CUST1006721,2,0,0,1,0,0,0,0,N,N,N,6,2026,2,N,SA
CUST1006722,0,2,0,0,0,2,0,1,N,N,N,6,2026,3,N,None
CUST1006723,0,2,0,1,0,0,0,0,N,N,Y,6,2026,2,N,None
CUST1006724,0,0,0,1,0,0,0,0,N,N,N,6,2026,1,N,CC
CUST1006725,0,0,0,1,0,0,1,0,N,N,N,6,2026,2,Y,PL
CUST1006726,1,1,0,1,3,0,0,0,N,N,Y,6,2026,4,Y,RD
CUST1006727,0,1,0,1,0,0,0,0,N,N,N,6,2026,2,Y,PL
CUST1006728,0,0,0,1,0,0,0,0,N,N,Y,6,2026,1,Y,HF
CUST1006729,2,1,0,1,0,1,0,0,N,N,Y,6,2026,4,N,None
CUST1006730,0,2,0,1,3,0,0,0,N,N,N,6,2026,3,N,None
CUST1006731,0,2,0,1,0,0,1,0,Y,N,Y,6,2026,3,N,CC
CUST1006732,0,0,0,1,0,1,0,0,N,N,N,6,2026,2,N,None
CUST1006733,1,0,0,1,0,0,0,0,N,N,N,6,2026,2,N,None
CUST1006734,0,0,0,1,0,0,0,0,N,N,N,6,2026,1,N,None
CUST1006735,0,0,0,1,0,1,0,1,N,N,N,6,2026,3,Y,HF
CUST1006736,0,0,0,1,0,2,0,0,N,N,N,6,2026,2,N,None
CUST1006737,0,0,0,1,0,0,0,0,Y,N,N,6,2026,1,Y,HL
CUST1006738,0,1,0,1,2,0,0,0,N,N,N,6,2026,3,N,None
CUST1006739,0,2,0,1,2,0,0,0,Y,N,Y,6,2026,3,N,None
CUST1006740,1,0,0,1,0,0,1,1,N,Y,Y,6,2026,4,Y,PL
CUST1006741,0,0,0,1,3,0,0,0,N,N,N,6,2026,2,N,None
CUST1006742,0,0,0,1,0,0,0,0,N,N,Y,6,2026,1,N,None
CUST1006743,0,0,0,1,0,2,0,0,N,N,N,6,2026,2,Y,CC
CUST1006744,0,0,0,1,0,0,1,0,N,N,Y,6,2026,2,Y,PL
CUST1006745,1,2,0,1,1,0,1,0,Y,N,Y,6,2026,5,N,None
CUST1006746,0,0,0,1,0,0,0,0,N,N,N,6,2026,1,Y,AL
CUST1006747,1,2,0,1,0,1,0,0,N,N,Y,6,2026,4,Y,HF
CUST1006748,0,1,0,1,0,1,0,0,N,N,Y,6,2026,3,N,None
CUST1006749,0,0,0,1,0,0,1,0,N,N,Y,6,2026,2,N,None
CUST1006750,0,2,0,1,0,1,0,0,Y,N,N,6,2026,3,N,None
CUST1006751,2,0,0,1,0,0,0,1,Y,N,Y,6,2026,3,N,None
CUST1006752,0,1,0,1,0,1,0,0,Y,N,Y,6,2026,3,Y,RD
CUST1006753,0,0,0,1,0,2,0,1,N,N,N,6,2026,3,Y,RD
CUST1006754,0,0,0,1,0,2,0,0,N,N,Y,6,2026,2,Y,CC
CUST1006755,1,0,0,1,1,1,0,0,N,N,Y,6,2026,4,N,MF
CUST1006756,0,0,0,1,0,0,0,0,Y,N,N,6,2026,1,N,None
CUST1006757,1,0,0,1,0,0,0,0,N,N,N,6,2026,2,N,None
CUST1006758,0,1,0,1,0,0,0,0,Y,N,Y,6,2026,2,Y,CC
CUST1006759,0,0,0,1,3,0,0,0,Y,N,Y,6,2026,2,N,None
CUST1006760,0,0,0,1,0,0,0,0,N,N,Y,6,2026,1,N,RD
CUST1006761,1,0,0,1,0,0,0,0,N,N,Y,6,2026,2,N,None
CUST1006762,0,0,0,1,0,0,0,0,N,N,Y,6,2026,1,Y,RD
CUST1006763,0,0,1,1,0,1,0,1,Y,N,Y,6,2026,4,Y,CC
CUST1006764,0,0,0,1,2,0,0,0,N,N,Y,6,2026,2,N,AL
CUST1006765,0,0,0,1,0,1,0,0,N,N,Y,6,2026,2,N,None
CUST1006766,0,2,0,1,0,0,0,0,N,N,N,6,2026,2,N,None
CUST1006767,0,0,0,1,0,0,0,0,N,N,N,6,2026,1,N,None
CUST1006768,0,0,0,1,0,0,0,0,N,N,Y,6,2026,1,N,None
CUST1006769,0,1,0,1,0,0,0,0,N,N,N,6,2026,2,N,None
CUST1006770,0,2,0,1,0,0,0,0,Y,N,Y,6,2026,2,N,None
CUST1006771,0,2,0,1,0,2,0,0,N,N,Y,6,2026,3,N,CC
CUST1006772,0,2,0,1,0,0,0,0,N,N,Y,6,2026,2,N,None
CUST1006773,0,0,1,1,3,0,0,1,N,N,Y,6,2026,4,N,PL
CUST1006774,0,0,0,1,0,1,0,0,Y,Y,Y,6,2026,2,Y,AL
CUST1006775,0,0,0,1,0,0,0,0,Y,N,N,6,2026,1,N,PL
CUST1006776,0,0,0,1,0,1,0,0,N,N,N,6,2026,2,Y,MF
CUST1006777,0,0,0,1,0,0,0,0,N,N,Y,6,2026,1,N,SA
CUST1006778,2,0,0,1,0,0,1,1,N,N,N,6,2026,4,Y,SA
CUST1006779,0,0,0,1,0,0,0,0,Y,N,N,6,2026,1,Y,HF
CUST1006780,0,0,0,1,0,0,1,1,N,N,Y,6,2026,3,N,None
CUST1006781,0,0,0,0,3,0,0,0,N,N,Y,6,2026,1,N,None
CUST1006782,0,1,0,1,0,2,0,0,N,N,N,6,2026,3,Y,PL
CUST1006783,1,0,0,1,0,0,1,0,N,N,Y,6,2026,3,N,None
CUST1006784,2,2,0,1,2,0,0,0,N,N,N,6,2026,4,N,None
CUST1006785,0,0,0,1,0,0,0,0,N,N,N,6,2026,1,N,None
CUST1006786,0,1,0,1,0,0,0,0,N,N,N,6,2026,2,Y,AL
CUST1006787,0,2,0,1,1,0,0,0,N,N,Y,6,2026,3,Y,MF
CUST1006788,0,1,0,1,0,0,0,1,N,N,Y,6,2026,3,N,None
CUST1006789,0,0,0,1,0,0,0,0,N,N,N,6,2026,1,N,None
CUST1006790,0,0,0,1,0,0,0,0,N,N,N,6,2026,1,N,None
CUST1006791,0,0,0,1,0,0,0,0,N,N,N,6,2026,1,Y,MF
CUST1006792,0,0,0,1,1,0,0,1,Y,N,Y,6,2026,3,N,None
CUST1006793,0,0,0,1,0,0,0,0,N,N,N,6,2026,1,N,None
CUST1006794,2,2,0,0,0,2,0,0,N,N,N,6,2026,3,Y,MF
CUST1006795,1,1,0,1,0,0,0,1,N,Y,Y,6,2026,4,N,None
CUST1006796,0,2,0,0,0,0,0,1,N,N,N,6,2026,2,N,HF
CUST1006797,2,2,0,1,0,0,0,0,N,N,Y,6,2026,3,Y,RD
CUST1006798,0,0,0,0,0,0,0,0,N,N,Y,6,2026,0,N,None
CUST1006799,0,1,0,1,0,0,0,0,N,N,N,6,2026,2,Y,MF
CUST1006800,0,1,0,1,0,0,0,0,N,N,Y,6,2026,2,N,None
CUST1006801,0,2,0,1,1,1,0,0,Y,Y,N,6,2026,4,N,None
CUST1006802,0,2,0,1,0,1,0,0,N,N,N,6,2026,3,N,None
CUST1006803,0,2,0,1,0,1,0,0,N,N,Y,6,2026,3,Y,SA
CUST1006804,0,0,0,1,0,0,0,0,Y,N,N,6,2026,1,N,None
CUST1006805,1,2,0,0,0,0,0,0,N,N,Y,6,2026,2,Y,AL
CUST1006806,0,0,0,1,0,1,1,0,N,N,Y,6,2026,3,N,None
CUST1006807,1,2,0,1,0,0,0,0,N,N,Y,6,2026,3,N,None
CUST1006808,2,0,0,1,0,0,0,1,N,N,N,6,2026,3,Y,RD
CUST1006809,0,0,0,0,0,0,0,0,N,N,Y,6,2026,0,Y,SA
CUST1006810,2,1,0,1,0,0,0,0,N,N,Y,6,2026,3,N,None
CUST1006811,1,1,0,1,0,2,0,0,Y,N,N,6,2026,4,N,None
CUST1006812,0,0,0,1,3,2,0,0,N,N,Y,6,2026,3,Y,AL
CUST1006813,0,2,0,1,2,2,0,0,N,N,Y,6,2026,4,N,None
CUST1006814,0,2,0,1,3,0,0,0,N,N,Y,6,2026,3,Y,CC
CUST1006815,2,2,0,1,2,2,1,0,N,N,N,6,2026,6,N,None
CUST1006816,0,2,0,1,1,0,0,0,N,N,Y,6,2026,3,Y,SA
CUST1006817,0,0,0,1,0,0,0,0,N,N,Y,6,2026,1,N,None
CUST1006818,0,2,0,1,0,0,0,0,N,N,Y,6,2026,2,Y,AL
CUST1006819,0,0,0,1,3,0,0,0,N,N,Y,6,2026,2,Y,SA
CUST1006820,0,0,0,1,0,0,0,1,N,N,Y,6,2026,2,N,None
CUST1006821,0,2,0,1,0,2,0,0,N,N,Y,6,2026,3,N,None
CUST1006822,1,0,0,1,2,0,0,0,N,N,N,6,2026,3,N,None
CUST1006823,2,1,0,1,0,2,0,0,N,N,N,6,2026,4,N,None
CUST1006824,0,0,0,1,0,0,0,0,N,N,N,6,2026,1,N,None
CUST1006825,0,0,0,1,0,0,0,0,N,N,Y,6,2026,1,Y,RD
CUST1006826,0,0,0,1,0,0,0,0,N,N,Y,6,2026,1,N,None
CUST1006827,0,1,0,1,0,0,1,0,N,N,Y,6,2026,3,Y,SA
CUST1006828,0,0,1,1,2,0,0,0,Y,Y,Y,6,2026,3,N,CC
CUST1006829,0,0,0,0,0,1,1,0,N,N,N,6,2026,2,N,None
CUST1006830,0,2,0,1,0,0,0,0,N,N,Y,6,2026,2,Y,PL
CUST1006831,0,2,0,1,0,0,0,1,N,N,N,6,2026,3,Y,CC
CUST1006832,0,0,0,1,0,0,0,0,N,N,Y,6,2026,1,N,None
CUST1006833,2,1,0,1,0,0,0,0,N,N,N,6,2026,3,Y,AL
CUST1006834,0,0,0,1,0,2,0,0,N,N,Y,6,2026,2,N,None
CUST1006835,0,0,0,1,3,0,0,0,N,N,Y,6,2026,2,N,None
CUST1006836,0,0,0,0,0,0,1,0,Y,N,N,6,2026,1,N,CC
CUST1006837,0,1,0,0,0,0,0,0,N,N,N,6,2026,1,N,MF
CUST1006838,0,2,0,1,0,0,0,0,N,N,N,6,2026,2,Y,PL
CUST1006839,2,0,0,1,3,1,0,0,N,N,Y,6,2026,4,N,None
CUST1006840,1,1,0,1,2,0,0,0,N,N,Y,6,2026,4,N,None
CUST1006841,0,0,0,1,1,1,0,0,Y,N,N,6,2026,3,N,None
CUST1006842,0,2,0,1,2,1,1,0,N,N,Y,6,2026,5,N,None
CUST1006843,1,2,0,1,0,0,0,0,Y,Y,Y,6,2026,3,N,None
CUST1006844,0,2,0,1,0,0,0,0,N,N,N,6,2026,2,N,None
CUST1006845,0,1,0,1,0,2,0,0,N,N,N,6,2026,3,Y,SA
CUST1006846,0,0,0,1,0,0,0,1,N,N,N,6,2026,2,N,None
CUST1006847,0,0,0,1,1,0,0,0,N,N,Y,6,2026,2,N,None
CUST1006848,0,1,0,1,0,0,0,0,N,N,N,6,2026,2,N,None
CUST1006849,0,0,0,1,0,0,1,0,N,N,Y,6,2026,2,Y,AL
CUST1006850,1,0,0,1,0,0,0,0,N,N,Y,6,2026,2,Y,AL
CUST1006851,0,0,0,1,0,2,0,0,N,N,Y,6,2026,2,N,None
CUST1006852,0,1,0,1,0,0,0,0,N,N,N,6,2026,2,N,None
CUST1006853,0,2,0,1,0,0,0,0,N,N,Y,6,2026,2,N,None
CUST1006854,2,0,0,1,0,0,0,0,N,N,Y,6,2026,2,Y,MF
CUST1006855,0,0,0,1,0,0,0,0,N,N,Y,6,2026,1,N,None
CUST1006856,2,0,0,1,0,0,0,0,N,N,Y,6,2026,2,Y,MF
CUST1006857,0,2,0,1,2,0,0,0,N,N,N,6,2026,3,N,SA
CUST1006858,0,0,0,1,3,0,0,0,N,N,Y,6,2026,2,Y,SA
CUST1006859,2,2,0,1,0,0,0,0,N,N,Y,6,2026,3,N,None
CUST1006860,0,0,0,1,0,0,0,0,Y,N,N,6,2026,1,Y,PL
CUST1006861,0,2,0,1,1,1,0,0,N,N,N,6,2026,4,Y,PL
CUST1006862,0,0,0,1,1,0,0,0,N,N,Y,6,2026,2,Y,SA
CUST1006863,0,0,1,1,0,0,0,0,N,N,N,6,2026,2,Y,CC
CUST1006864,0,1,0,1,0,0,0,0,N,N,Y,6,2026,2,Y,HF
CUST1006865,0,0,0,1,0,0,0,0,N,N,Y,6,2026,1,N,None
CUST1006866,2,0,0,1,3,0,0,0,N,N,N,6,2026,3,N,RD
CUST1006867,2,0,0,1,0,0,0,0,N,N,Y,6,2026,2,N,None
CUST1006868,0,0,0,1,0,0,0,0,Y,N,Y,6,2026,1,N,None
CUST1006869,0,0,0,1,1,0,0,0,N,N,Y,6,2026,2,N,None
CUST1006870,0,0,0,1,2,2,0,0,N,N,Y,6,2026,3,Y,MF
CUST1006871,0,0,0,1,0,0,0,0,Y,N,N,6,2026,1,Y,HL
CUST1006872,0,2,0,1,0,2,0,0,N,N,Y,6,2026,3,Y,SA
CUST1006873,0,2,0,1,3,2,0,0,N,N,N,6,2026,4,N,None
CUST1006874,0,0,0,1,0,0,0,0,N,N,N,6,2026,1,Y,PL
CUST1006875,0,0,0,0,0,0,0,0,N,N,N,6,2026,0,N,PL
CUST1006876,0,2,0,1,0,0,0,0,N,N,Y,6,2026,2,N,None
CUST1006877,0,2,0,1,2,0,0,0,Y,N,Y,6,2026,3,N,RD
CUST1006878,2,2,0,1,0,0,0,1,N,N,Y,6,2026,4,N,RD
CUST1006879,2,1,0,1,1,0,0,0,Y,N,N,6,2026,4,Y,HL
CUST1006880,0,2,0,1,1,0,0,0,Y,Y,Y,6,2026,3,N,None
CUST1006881,0,2,0,1,0,0,0,0,N,N,N,6,2026,2,N,None
CUST1006882,0,0,0,0,0,0,0,0,N,N,Y,6,2026,0,N,None
CUST1006883,0,1,0,1,0,0,0,0,N,N,Y,6,2026,2,N,None
CUST1006884,0,0,0,1,0,0,0,1,N,N,Y,6,2026,2,N,None
CUST1006885,0,2,0,1,0,0,0,0,N,N,N,6,2026,2,N,None
CUST1006886,2,1,0,1,0,1,0,0,N,N,Y,6,2026,4,Y,RD
CUST1006887,0,0,0,1,0,0,1,0,N,N,Y,6,2026,2,N,MF
CUST1006888,0,1,0,1,0,0,0,0,N,N,Y,6,2026,2,Y,SA
CUST1006889,0,2,0,1,0,0,0,0,N,N,Y,6,2026,2,N,None
CUST1006890,0,1,0,1,0,0,0,0,N,N,N,6,2026,2,Y,AL
CUST1006891,0,2,0,1,0,0,0,0,Y,N,Y,6,2026,2,Y,HF
CUST1006892,0,0,0,1,0,0,0,0,N,N,Y,6,2026,1,N,None
CUST1006893,0,1,0,1,0,0,1,0,N,Y,N,6,2026,3,N,RD
CUST1006894,0,2,0,1,1,0,0,0,N,N,N,6,2026,3,Y,CC
CUST1006895,0,2,0,1,0,0,0,1,N,N,N,6,2026,3,N,None
CUST1006896,1,0,0,1,0,0,1,0,Y,N,Y,6,2026,3,N,None
CUST1006897,0,2,0,1,2,1,1,0,N,N,Y,6,2026,5,N,None
CUST1006898,0,2,0,1,0,0,0,0,Y,N,N,6,2026,2,N,None
CUST1006899,0,0,0,1,0,0,0,0,Y,N,Y,6,2026,1,Y,PL
CUST1006900,0,1,0,1,0,0,0,0,Y,N,N,6,2026,2,N,None
CUST1006901,0,0,0,1,0,0,0,0,N,N,N,6,2026,1,Y,PL
CUST1006902,0,2,0,1,0,0,0,0,N,N,N,6,2026,2,N,None
CUST1006903,0,2,0,0,0,0,0,0,N,N,Y,6,2026,1,N,None
CUST1006904,0,2,0,1,3,1,0,0,N,N,Y,6,2026,4,N,None
CUST1006905,0,0,0,1,0,0,0,0,Y,N,N,6,2026,1,N,None
CUST1006906,0,0,0,1,0,0,0,0,N,N,N,6,2026,1,Y,MF
CUST1006907,2,1,0,1,0,0,0,0,N,N,N,6,2026,3,N,None
CUST1006908,0,0,0,1,2,0,1,0,N,N,Y,6,2026,3,Y,CC
CUST1006909,0,0,1,1,2,2,0,0,N,N,Y,6,2026,4,Y,AL
CUST1006910,0,0,0,1,0,0,0,0,N,N,Y,6,2026,1,N,None
CUST1006911,0,0,0,1,0,1,0,0,N,N,N,6,2026,2,N,None
CUST1006912,0,0,0,1,0,1,0,0,N,N,N,6,2026,2,N,None
CUST1006913,0,1,0,1,3,0,1,0,N,N,Y,6,2026,4,N,None
CUST1006914,0,2,0,1,3,1,0,1,N,N,N,6,2026,5,Y,CC
CUST1006915,0,2,0,1,3,0,0,0,N,N,Y,6,2026,3,N,CC
CUST1006916,0,0,0,1,0,0,0,0,N,N,Y,6,2026,1,N,HF
CUST1006917,0,1,0,1,0,1,0,0,Y,N,N,6,2026,3,Y,AL
CUST1006918,0,2,0,1,0,0,0,0,N,N,Y,6,2026,2,N,None
CUST1006919,1,2,0,1,1,0,0,0,N,N,N,6,2026,4,Y,SA
CUST1006920,2,1,0,1,2,0,1,1,N,N,N,6,2026,6,Y,HL
CUST1006921,0,0,0,1,0,0,0,0,N,N,Y,6,2026,1,N,None
CUST1006922,0,1,0,1,1,1,0,0,N,N,N,6,2026,4,N,None
CUST1006923,2,0,0,1,1,0,0,0,N,N,N,6,2026,3,N,None
CUST1006924,0,0,0,1,0,1,0,0,N,Y,Y,6,2026,2,N,SA
CUST1006925,0,0,0,1,0,0,0,0,N,N,Y,6,2026,1,N,None
CUST1006926,2,0,0,1,0,0,0,1,N,N,N,6,2026,3,N,RD
CUST1006927,0,0,1,1,0,0,0,1,N,N,Y,6,2026,3,Y,AL
CUST1006928,0,1,0,1,2,0,0,0,N,Y,Y,6,2026,3,Y,CC
CUST1006929,0,0,0,1,1,2,0,0,N,N,Y,6,2026,3,N,None
CUST1006930,0,0,0,1,0,0,0,0,N,N,N,6,2026,1,Y,PL
CUST1006931,0,0,0,1,0,1,1,0,N,N,Y,6,2026,3,N,MF
CUST1006932,0,0,0,1,0,2,1,0,N,N,N,6,2026,3,N,None
CUST1006933,0,2,0,1,2,1,0,0,N,N,N,6,2026,4,N,None
CUST1006934,0,0,0,1,0,0,0,0,N,N,Y,6,2026,1,N,None
CUST1006935,0,2,0,1,0,1,0,1,N,N,N,6,2026,4,N,SA
CUST1006936,0,1,0,1,0,1,0,0,N,N,N,6,2026,3,Y,SA
CUST1006937,0,0,0,1,0,0,0,1,N,N,Y,6,2026,2,Y,RD
CUST1006938,0,0,0,1,0,0,0,0,N,N,Y,6,2026,1,N,None
CUST1006939,0,0,0,1,0,0,0,0,Y,N,N,6,2026,1,Y,AL
CUST1006940,0,1,0,1,0,0,0,0,N,N,N,6,2026,2,N,None
CUST1006941,0,0,0,1,0,0,0,0,N,Y,Y,6,2026,1,Y,RD
CUST1006942,0,1,0,1,0,0,0,0,N,N,Y,6,2026,2,Y,RD
CUST1006943,0,0,0,1,0,0,0,0,N,N,N,6,2026,1,Y,CC
CUST1006944,0,0,0,1,0,1,0,0,N,N,N,6,2026,2,Y,SA
CUST1006945,2,2,0,1,0,1,1,0,N,Y,N,6,2026,5,Y,CC
CUST1006946,0,0,0,1,1,2,1,0,N,Y,N,6,2026,4,N,RD
CUST1006947,0,2,0,1,2,0,0,0,N,N,N,6,2026,3,N,AL
CUST1006948,2,1,1,0,1,0,0,0,N,N,Y,6,2026,4,N,None
CUST1006949,0,0,0,1,0,0,0,0,N,N,Y,6,2026,1,N,None
CUST1006950,0,1,0,1,0,0,0,0,Y,N,Y,6,2026,2,Y,MF
CUST1006951,0,0,0,1,0,0,0,0,N,N,Y,6,2026,1,N,CC
CUST1006952,0,2,0,1,2,2,1,1,N,N,Y,6,2026,6,N,None
CUST1006953,0,2,0,1,0,0,0,0,N,Y,N,6,2026,2,N,None
CUST1006954,0,0,0,1,0,0,0,0,N,N,Y,6,2026,1,Y,HF
CUST1006955,0,0,0,1,0,0,0,0,N,Y,Y,6,2026,1,Y,HL
CUST1006956,0,1,0,1,0,1,1,0,N,N,Y,6,2026,4,N,None
CUST1006957,0,0,0,1,0,1,0,0,N,N,N,6,2026,2,N,None
CUST1006958,0,0,0,0,0,0,0,0,N,N,Y,6,2026,0,N,None
CUST1006959,0,0,0,1,3,0,0,0,N,N,N,6,2026,2,N,HL
CUST1006960,0,0,0,0,0,2,0,0,N,N,Y,6,2026,1,N,None
CUST1006961,0,0,0,1,0,1,0,0,N,N,N,6,2026,2,N,None
CUST1006962,2,0,0,1,0,0,0,0,N,Y,N,6,2026,2,Y,RD
CUST1006963,0,1,0,1,3,1,0,0,N,N,N,6,2026,4,N,None
CUST1006964,0,0,0,1,0,0,0,1,N,N,N,6,2026,2,N,None
CUST1006965,0,2,0,1,0,0,0,0,N,Y,N,6,2026,2,Y,PL
CUST1006966,0,2,0,1,0,2,0,0,Y,N,N,6,2026,3,N,None
CUST1006967,0,0,0,1,0,0,0,0,N,N,N,6,2026,1,N,None
CUST1006968,1,1,0,1,0,0,0,0,N,N,Y,6,2026,3,N,None
CUST1006969,0,1,0,1,0,0,0,0,N,N,Y,6,2026,2,N,None
CUST1006970,0,2,0,1,0,0,0,0,Y,N,N,6,2026,2,Y,RD
CUST1006971,0,0,0,1,1,0,0,0,N,N,Y,6,2026,2,N,RD
CUST1006972,0,1,0,1,0,1,0,0,Y,Y,N,6,2026,3,Y,RD
CUST1006973,1,0,0,1,2,0,0,0,N,N,N,6,2026,3,N,None
CUST1006974,0,0,1,1,0,0,0,0,N,N,N,6,2026,2,Y,CC
CUST1006975,0,1,0,1,3,0,0,0,N,N,N,6,2026,3,N,None
CUST1006976,0,1,0,1,0,0,0,0,Y,Y,Y,6,2026,2,Y,MF
CUST1006977,0,0,0,1,0,0,1,0,Y,N,N,6,2026,2,Y,CC
CUST1006978,0,1,0,1,0,0,0,0,N,N,Y,6,2026,2,N,None
CUST1006979,0,2,0,1,3,2,0,0,N,N,Y,6,2026,4,Y,RD
CUST1006980,0,0,0,1,0,1,1,0,N,N,Y,6,2026,3,N,None
CUST1006981,0,0,0,1,1,1,0,0,N,N,Y,6,2026,3,N,SA
CUST1006982,0,1,0,1,3,1,0,0,N,N,N,6,2026,4,Y,MF
CUST1006983,1,0,0,1,3,0,0,0,Y,N,N,6,2026,3,N,None
CUST1006984,0,0,0,1,0,2,0,1,N,N,N,6,2026,3,Y,PL
CUST1006985,0,0,0,1,0,0,0,0,N,N,Y,6,2026,1,N,MF
CUST1006986,0,0,0,1,0,2,0,1,N,N,Y,6,2026,3,N,None
CUST1006987,2,0,0,1,3,0,1,0,N,N,N,6,2026,4,Y,AL
CUST1006988,2,0,0,1,0,1,0,0,N,N,Y,6,2026,3,N,None
CUST1006989,0,1,0,1,0,1,0,0,Y,N,Y,6,2026,3,N,None
CUST1006990,0,1,0,0,0,0,0,1,N,Y,Y,6,2026,2,N,None
CUST1006991,0,2,0,1,0,1,0,0,N,N,N,6,2026,3,Y,SA
CUST1006992,0,2,0,1,0,1,0,0,N,N,N,6,2026,3,N,None
CUST1006993,0,0,0,1,2,2,0,0,N,N,N,6,2026,3,Y,CC
CUST1006994,1,0,0,1,0,0,0,0,N,N,Y,6,2026,2,N,None
CUST1006995,2,0,0,1,0,0,0,0,Y,N,Y,6,2026,2,Y,SA
CUST1006996,0,0,0,1,0,0,0,1,Y,N,N,6,2026,2,N,None
CUST1006997,0,0,1,1,0,1,1,0,N,N,N,6,2026,4,N,None
CUST1006998,0,0,0,1,0,0,0,0,N,N,N,6,2026,1,Y,CC
CUST1006999,0,2,0,1,0,0,0,1,N,Y,Y,6,2026,3,Y,MF
CUST1007000,2,1,0,1,0,2,0,0,N,N,N,6,2026,4,N,None
CUST1007001,0,1,0,1,0,0,0,1,N,N,Y,6,2026,3,N,None
CUST1007002,1,1,0,1,0,1,0,0,N,N,Y,6,2026,4,Y,RD
CUST1007003,0,0,0,1,0,0,0,0,N,N,Y,6,2026,1,N,None
CUST1007004,1,0,0,1,0,2,0,0,N,N,Y,6,2026,3,Y,SA
CUST1007005,2,0,0,1,1,1,0,0,N,N,Y,6,2026,4,Y,RD
CUST1007006,0,0,0,1,0,2,0,0,N,N,N,6,2026,2,Y,MF
CUST1007007,2,2,0,1,0,2,1,0,Y,N,Y,6,2026,5,Y,CC
CUST1007008,0,0,0,1,0,0,0,0,N,N,N,6,2026,1,N,CC
CUST1007009,0,1,0,1,0,2,0,0,N,N,Y,6,2026,3,N,None
CUST1007010,0,1,0,1,0,0,0,0,N,N,Y,6,2026,2,N,None
CUST1007011,0,0,0,1,0,0,0,0,N,N,N,6,2026,1,Y,CC
CUST1007012,0,0,0,1,0,0,1,0,N,N,N,6,2026,2,N,None
CUST1007013,2,0,0,0,0,2,0,0,N,N,N,6,2026,2,N,None
CUST1007014,0,0,0,1,0,0,0,0,N,N,N,6,2026,1,N,None
CUST1007015,0,1,0,1,0,0,0,0,N,N,Y,6,2026,2,Y,RD
CUST1007016,0,0,0,1,3,0,0,0,N,N,Y,6,2026,2,N,None
CUST1007017,0,0,0,1,0,0,0,0,Y,N,N,6,2026,1,N,AL
CUST1007018,0,1,0,1,0,2,0,0,N,N,Y,6,2026,3,Y,MF
CUST1007019,0,0,0,1,0,0,0,0,Y,N,Y,6,2026,1,Y,SA
CUST1007020,0,1,0,1,0,0,0,0,N,Y,N,6,2026,2,Y,SA
CUST1007021,0,0,0,1,0,0,0,1,Y,N,N,6,2026,2,Y,MF
CUST1007022,0,1,0,0,0,0,0,0,N,N,Y,6,2026,1,Y,SA
CUST1007023,1,2,0,1,0,0,1,0,N,N,Y,6,2026,4,N,None
CUST1007024,0,0,0,1,0,2,1,0,N,N,Y,6,2026,3,Y,PL
CUST1007025,0,0,0,1,0,0,1,0,N,N,Y,6,2026,2,Y,RD
CUST1007026,0,2,0,1,0,0,0,0,N,N,N,6,2026,2,N,None
CUST1007027,0,0,0,1,0,2,0,0,N,N,N,6,2026,2,N,CC
CUST1007028,0,2,0,1,0,0,0,1,N,N,Y,6,2026,3,Y,CC
CUST1007029,0,0,0,1,0,0,0,0,N,N,Y,6,2026,1,N,None
CUST1007030,0,1,0,1,2,1,0,0,Y,N,N,6,2026,4,Y,RD
CUST1007031,0,0,0,1,0,0,0,0,Y,N,Y,6,2026,1,N,None
CUST1007032,0,0,0,1,0,0,0,0,N,N,Y,6,2026,1,N,None
CUST1007033,0,0,0,1,0,0,0,0,N,N,Y,6,2026,1,Y,SA
CUST1007034,0,1,0,1,2,0,0,0,N,N,N,6,2026,3,N,None
CUST1007035,2,0,0,1,0,0,0,0,N,N,Y,6,2026,2,Y,HL
CUST1007036,2,0,0,1,0,0,0,0,N,Y,N,6,2026,2,Y,RD
CUST1007037,2,0,1,1,3,1,0,0,N,N,Y,6,2026,5,N,None
CUST1007038,2,0,0,1,0,2,0,0,N,N,N,6,2026,3,N,None
CUST1007039,0,2,0,1,0,2,1,0,N,N,N,6,2026,4,N,None
CUST1007040,0,0,0,1,0,0,0,0,N,N,N,6,2026,1,Y,MF
CUST1007041,0,1,0,1,0,0,0,0,N,N,Y,6,2026,2,Y,SA
CUST1007042,0,1,1,0,0,0,0,0,N,N,Y,6,2026,2,N,None
CUST1007043,0,0,0,1,0,0,0,0,N,N,N,6,2026,1,N,None
CUST1007044,1,0,0,1,0,0,0,0,N,N,N,6,2026,2,Y,HL
CUST1007045,1,0,0,1,0,0,0,0,Y,N,Y,6,2026,2,Y,SA
CUST1007046,0,0,0,1,0,0,1,0,N,N,N,6,2026,2,N,None
CUST1007047,0,0,0,1,0,1,0,0,N,N,Y,6,2026,2,Y,RD
CUST1007048,0,0,0,1,2,0,0,0,N,Y,Y,6,2026,2,Y,HL
CUST1007049,0,1,0,1,0,0,0,0,N,N,Y,6,2026,2,N,None
CUST1007050,0,2,0,1,0,0,0,0,N,N,N,6,2026,2,Y,RD
CUST1007051,0,1,0,1,0,0,0,0,N,Y,N,6,2026,2,N,None
CUST1007052,0,0,0,1,0,0,0,1,N,Y,N,6,2026,2,N,CC
CUST1007053,0,0,0,1,0,0,0,0,N,N,Y,6,2026,1,Y,PL
CUST1007054,0,0,0,1,0,0,0,0,N,N,N,6,2026,1,Y,CC
CUST1007055,0,2,0,1,0,0,0,1,N,N,Y,6,2026,3,N,None
CUST1007056,0,0,0,1,0,1,0,0,N,N,N,6,2026,2,N,None
CUST1007057,0,0,0,1,3,1,0,0,N,N,Y,6,2026,3,Y,HL
CUST1007058,0,0,0,1,0,0,0,0,N,N,N,6,2026,1,Y,PL
CUST1007059,1,1,0,1,0,1,0,0,N,N,Y,6,2026,4,N,None
CUST1007060,0,0,1,1,0,0,0,0,N,N,Y,6,2026,2,Y,PL
CUST1007061,0,0,0,1,0,0,0,0,Y,N,Y,6,2026,1,N,PL
CUST1007062,0,2,0,1,0,0,0,0,N,N,Y,6,2026,2,Y,PL
CUST1007063,0,0,0,1,0,0,0,0,N,N,Y,6,2026,1,Y,CC
CUST1007064,0,1,0,1,0,0,0,0,N,N,N,6,2026,2,N,None
CUST1007065,0,2,0,1,0,1,0,0,N,N,Y,6,2026,3,Y,SA
CUST1007066,0,0,0,1,1,0,0,0,N,N,Y,6,2026,2,Y,CC
CUST1007067,0,0,1,1,3,2,0,0,Y,N,Y,6,2026,4,N,None
CUST1007068,1,2,0,1,0,0,0,0,Y,N,N,6,2026,3,Y,HL
CUST1007069,0,2,0,1,1,0,0,0,N,N,N,6,2026,3,Y,MF
CUST1007070,0,0,0,1,1,0,0,0,N,N,N,6,2026,2,N,None
CUST1007071,0,2,0,1,0,0,0,0,N,N,Y,6,2026,2,Y,MF
CUST1007072,0,0,0,1,1,0,0,0,N,N,Y,6,2026,2,Y,PL
CUST1007073,0,0,0,1,0,0,0,0,N,N,N,6,2026,1,N,None
CUST1007074,0,0,0,1,0,0,0,0,N,N,Y,6,2026,1,N,MF
CUST1007075,0,1,0,1,0,0,0,0,N,N,N,6,2026,2,N,AL
CUST1007076,0,0,0,1,0,0,1,0,N,N,N,6,2026,2,Y,RD
CUST1007077,2,0,0,1,1,0,0,1,Y,N,Y,6,2026,4,N,None
CUST1007078,0,0,0,1,0,2,0,0,N,N,N,6,2026,2,Y,SA
CUST1007079,1,0,0,1,0,0,0,0,Y,N,N,6,2026,2,Y,RD
CUST1007080,0,0,0,1,1,0,1,0,N,N,Y,6,2026,3,Y,AL
CUST1007081,1,1,0,1,0,0,0,0,N,N,N,6,2026,3,Y,MF
CUST1007082,0,1,0,1,3,0,0,0,N,N,Y,6,2026,3,Y,MF
CUST1007083,2,0,0,1,0,0,1,0,Y,N,Y,6,2026,3,N,PL
CUST1007084,0,0,0,1,0,0,0,0,Y,N,Y,6,2026,1,N,None
CUST1007085,2,2,0,1,0,0,0,0,N,N,N,6,2026,3,N,None
CUST1007086,0,0,0,0,0,0,0,0,Y,N,Y,6,2026,0,N,None
CUST1007087,2,0,0,1,3,0,0,0,Y,N,N,6,2026,3,Y,SA
CUST1007088,0,0,0,1,0,0,0,0,N,N,N,6,2026,1,Y,RD
CUST1007089,0,1,0,1,0,1,0,0,N,N,N,6,2026,3,N,SA
CUST1007090,0,0,0,1,3,0,0,0,N,N,Y,6,2026,2,N,None
CUST1007091,0,0,0,1,0,1,0,0,N,N,N,6,2026,2,Y,SA
CUST1007092,2,1,0,1,0,0,0,0,N,N,N,6,2026,3,N,None
CUST1007093,0,0,0,1,1,1,0,0,N,N,N,6,2026,3,Y,MF
CUST1007094,1,0,0,1,0,2,1,0,N,N,Y,6,2026,4,Y,CC
CUST1007095,0,2,0,1,0,0,0,0,N,N,Y,6,2026,2,Y,CC
CUST1007096,0,0,0,1,0,2,0,0,N,N,Y,6,2026,2,N,None
CUST1007097,2,0,0,1,1,0,1,0,N,N,N,6,2026,4,N,None
CUST1007098,2,0,0,1,1,0,0,1,N,N,Y,6,2026,4,N,None
CUST1007099,0,1,0,1,0,0,0,0,N,N,Y,6,2026,2,Y,HL
CUST1007100,0,0,0,0,0,2,0,0,Y,N,N,6,2026,1,Y,AL
CUST1007101,0,0,0,1,0,0,0,0,N,N,N,6,2026,1,Y,SA
CUST1007102,0,0,0,1,0,1,0,0,Y,N,Y,6,2026,2,N,None
CUST1007103,0,0,0,1,1,0,0,0,N,N,N,6,2026,2,N,None
CUST1007104,0,1,0,1,0,0,0,0,N,N,N,6,2026,2,Y,CC
CUST1007105,0,0,0,1,0,0,0,1,Y,N,Y,6,2026,2,Y,CC
CUST1007106,0,0,0,1,0,0,0,0,N,N,Y,6,2026,1,N,None
CUST1007107,0,0,0,1,0,0,0,0,N,N,Y,6,2026,1,N,None
CUST1007108,2,2,0,1,0,0,1,0,N,Y,Y,6,2026,4,Y,SA
CUST1007109,0,0,0,1,0,0,1,0,N,N,Y,6,2026,2,Y,AL
CUST1007110,0,0,0,1,0,0,0,0,N,N,N,6,2026,1,Y,CC
CUST1007111,0,2,0,1,2,0,0,0,N,Y,Y,6,2026,3,N,HF
CUST1007112,0,0,0,1,0,0,0,0,N,N,N,6,2026,1,Y,RD
CUST1007113,2,0,0,1,0,0,0,0,N,N,Y,6,2026,2,N,None
CUST1007114,0,0,0,1,0,0,0,0,N,N,N,6,2026,1,Y,AL
CUST1007115,0,2,0,1,1,0,0,0,N,N,N,6,2026,3,N,None
CUST1007116,0,2,0,1,0,0,0,0,N,N,Y,6,2026,2,N,None
CUST1007117,0,2,0,1,1,0,0,0,N,N,Y,6,2026,3,N,None
CUST1007118,2,0,0,1,0,2,0,0,N,N,Y,6,2026,3,Y,CC
CUST1007119,0,2,0,0,0,0,0,0,N,N,Y,6,2026,1,Y,MF
CUST1007120,0,0,0,1,2,0,0,0,N,N,Y,6,2026,2,N,None
CUST1007121,0,2,0,1,2,0,0,0,N,N,N,6,2026,3,N,CC
CUST1007122,0,0,0,1,0,0,0,0,N,N,Y,6,2026,1,Y,CC
CUST1007123,0,2,0,1,0,0,0,0,Y,N,Y,6,2026,2,N,None
CUST1007124,0,0,0,1,0,0,0,0,N,N,Y,6,2026,1,N,None
CUST1007125,1,2,0,1,0,0,0,0,N,N,N,6,2026,3,Y,RD
CUST1007126,0,0,0,1,2,0,0,0,N,N,Y,6,2026,2,N,None
CUST1007127,1,2,0,1,0,0,0,0,N,N,N,6,2026,3,N,None
CUST1007128,0,0,0,1,3,0,0,0,Y,N,Y,6,2026,2,Y,RD
CUST1007129,0,0,0,1,0,0,0,0,N,N,N,6,2026,1,N,None
CUST1007130,0,0,0,1,3,0,1,0,N,N,Y,6,2026,3,N,PL
CUST1007131,0,0,0,1,0,0,0,0,N,N,N,6,2026,1,N,None
CUST1007132,0,0,0,1,0,2,0,0,N,N,Y,6,2026,2,N,None
CUST1007133,1,0,0,1,0,1,0,0,N,N,N,6,2026,3,N,CC
CUST1007134,2,1,0,1,0,0,0,0,N,N,Y,6,2026,3,N,None
CUST1007135,0,0,0,1,1,0,0,0,N,N,Y,6,2026,2,Y,HL
CUST1007136,0,0,0,1,0,0,0,0,N,N,Y,6,2026,1,Y,SA
CUST1007137,2,2,0,1,0,0,0,0,N,N,Y,6,2026,3,N,None
CUST1007138,0,0,0,1,0,2,0,0,N,N,Y,6,2026,2,N,None
CUST1007139,0,0,1,1,0,0,0,0,N,N,N,6,2026,2,N,RD
CUST1007140,0,2,0,1,3,0,0,0,N,N,N,6,2026,3,Y,HL
CUST1007141,1,0,0,1,0,2,0,0,N,N,Y,6,2026,3,N,SA
CUST1007142,0,0,0,1,1,0,0,0,N,N,N,6,2026,2,N,None
CUST1007143,0,2,0,1,0,1,0,0,N,N,N,6,2026,3,Y,RD
CUST1007144,0,0,0,1,0,0,0,0,N,N,Y,6,2026,1,N,None
CUST1007145,0,1,0,1,0,0,1,0,N,N,N,6,2026,3,Y,AL
CUST1007146,0,0,0,1,1,0,1,0,N,N,Y,6,2026,3,N,None
CUST1007147,0,1,0,1,0,0,0,0,N,N,Y,6,2026,2,Y,HF
CUST1007148,0,0,0,1,0,0,0,0,N,N,Y,6,2026,1,N,None
CUST1007149,0,1,0,1,0,0,0,0,N,N,N,6,2026,2,N,None
CUST1007150,0,0,0,1,0,0,0,0,Y,N,Y,6,2026,1,N,None
CUST1007151,0,2,0,1,0,0,0,0,N,N,Y,6,2026,2,N,None
CUST1007152,0,1,0,1,0,2,0,0,Y,N,Y,6,2026,3,N,None
CUST1007153,0,0,0,1,2,0,0,0,Y,Y,N,6,2026,2,N,PL
CUST1007154,0,0,1,1,1,1,1,0,N,N,N,6,2026,5,N,None
CUST1007155,0,0,0,1,2,2,0,0,Y,N,Y,6,2026,3,Y,HF
CUST1007156,0,0,0,1,0,0,1,0,N,N,Y,6,2026,2,N,None
CUST1007157,0,2,0,1,0,0,0,0,Y,N,Y,6,2026,2,N,None
CUST1007158,0,0,0,1,1,2,0,1,N,N,Y,6,2026,4,N,None
CUST1007159,0,1,0,1,0,0,0,0,N,N,N,6,2026,2,Y,PL
CUST1007160,0,2,0,1,0,0,0,0,N,N,Y,6,2026,2,Y,PL
CUST1007161,0,0,0,1,0,0,1,0,Y,N,N,6,2026,2,Y,AL
CUST1007162,0,1,0,1,0,0,0,0,N,N,Y,6,2026,2,N,None
CUST1007163,0,0,0,1,1,0,0,0,N,N,N,6,2026,2,Y,SA
CUST1007164,0,0,0,1,0,0,0,0,N,N,N,6,2026,1,Y,RD
CUST1007165,0,0,0,1,0,0,0,0,N,N,Y,6,2026,1,N,None
CUST1007166,0,2,0,1,3,2,0,0,N,Y,N,6,2026,4,Y,CC
CUST1007167,0,0,1,1,0,0,0,0,N,N,Y,6,2026,2,Y,SA
CUST1007168,0,0,0,1,0,2,1,0,N,N,N,6,2026,3,N,None
CUST1007169,0,2,0,1,0,0,0,0,N,N,Y,6,2026,2,N,CC
CUST1007170,2,1,1,1,0,0,0,0,N,N,N,6,2026,4,Y,RD
CUST1007171,0,0,0,1,0,1,0,0,N,N,N,6,2026,2,N,None
CUST1007172,0,0,1,1,0,2,0,0,N,Y,Y,6,2026,3,N,None
CUST1007173,0,0,0,1,0,0,1,0,N,N,N,6,2026,2,N,None
CUST1007174,0,0,0,1,0,0,0,0,N,N,N,6,2026,1,N,None
CUST1007175,0,1,0,1,0,0,0,0,N,N,Y,6,2026,2,N,None
CUST1007176,0,0,0,1,0,0,0,0,Y,N,N,6,2026,1,N,None
CUST1007177,0,0,0,1,0,0,0,0,N,N,Y,6,2026,1,N,RD
CUST1007178,0,0,0,1,0,0,0,0,N,N,N,6,2026,1,N,None
CUST1007179,0,0,0,1,0,0,0,0,N,N,N,6,2026,1,Y,RD
CUST1007180,0,0,1,1,2,0,0,0,N,N,N,6,2026,3,Y,MF
CUST1007181,0,0,0,1,1,0,0,0,N,N,Y,6,2026,2,N,RD
CUST1007182,1,2,0,1,0,0,0,0,N,Y,Y,6,2026,3,Y,PL
CUST1007183,0,0,0,1,0,0,0,1,N,N,Y,6,2026,2,N,None
CUST1007184,0,0,0,1,0,0,0,1,N,N,N,6,2026,2,N,None
CUST1007185,0,0,0,1,3,0,0,1,Y,N,N,6,2026,3,Y,CC
CUST1007186,0,1,0,1,2,0,0,0,N,N,Y,6,2026,3,Y,PL
CUST1007187,0,0,0,0,0,2,0,0,N,N,N,6,2026,1,N,None
CUST1007188,0,2,0,1,1,0,0,0,Y,N,Y,6,2026,3,N,None
CUST1007189,0,0,0,1,0,0,0,0,N,N,Y,6,2026,1,N,RD
CUST1007190,0,1,0,1,0,0,1,0,N,N,N,6,2026,3,N,None
CUST1007191,0,0,0,1,3,0,0,0,N,Y,N,6,2026,2,Y,PL
CUST1007192,0,0,0,1,0,0,1,0,N,N,Y,6,2026,2,N,HL
CUST1007193,1,0,0,1,2,0,0,0,N,N,N,6,2026,3,Y,AL
CUST1007194,0,1,0,1,2,0,0,0,N,N,Y,6,2026,3,N,None
CUST1007195,0,2,0,0,0,0,0,0,N,N,N,6,2026,1,N,None
CUST1007196,2,0,0,1,0,0,0,0,N,N,N,6,2026,2,N,None
CUST1007197,0,0,0,1,2,0,0,0,Y,N,N,6,2026,2,Y,SA
CUST1007198,0,0,0,1,0,2,1,0,N,N,N,6,2026,3,N,None
CUST1007199,0,0,0,1,0,0,0,0,N,N,Y,6,2026,1,Y,MF
CUST1007200,0,1,0,1,0,0,0,0,N,N,N,6,2026,2,N,None
CUST1007201,0,0,0,1,2,0,0,0,N,N,N,6,2026,2,Y,SA
CUST1007202,0,2,0,1,0,1,0,0,N,N,Y,6,2026,3,Y,HF
CUST1007203,0,2,0,1,0,0,0,0,N,N,N,6,2026,2,Y,PL
CUST1007204,0,1,0,1,0,2,0,1,N,N,Y,6,2026,4,N,None
CUST1007205,2,1,0,1,0,1,0,1,N,N,N,6,2026,5,N,None
CUST1007206,0,0,0,1,0,0,0,0,N,N,Y,6,2026,1,N,None
CUST1007207,0,2,0,1,1,0,0,0,N,N,Y,6,2026,3,Y,AL
CUST1007208,0,0,0,1,0,0,0,0,N,N,Y,6,2026,1,N,CC
CUST1007209,0,0,0,1,0,0,0,0,N,N,Y,6,2026,1,Y,AL
CUST1007210,0,1,0,1,3,0,0,0,Y,N,Y,6,2026,3,Y,CC
CUST1007211,0,0,0,1,2,0,0,0,N,N,N,6,2026,2,N,None
CUST1007212,2,0,1,1,2,0,0,0,N,N,N,6,2026,4,Y,RD
CUST1007213,0,0,0,1,0,0,0,1,N,N,N,6,2026,2,N,None
CUST1007214,0,0,0,1,0,0,0,0,N,N,Y,6,2026,1,Y,SA
CUST1007215,0,2,0,0,1,0,0,0,N,N,Y,6,2026,2,N,None
CUST1007216,2,1,0,1,0,0,0,0,N,Y,Y,6,2026,3,N,SA
CUST1007217,0,2,0,1,1,1,1,0,N,N,Y,6,2026,5,N,None
CUST1007218,0,0,0,1,0,2,0,0,N,N,Y,6,2026,2,N,None
CUST1007219,2,1,0,1,1,0,0,0,N,N,N,6,2026,4,N,None
CUST1007220,0,0,0,1,0,0,0,0,N,N,N,6,2026,1,Y,CC
CUST1007221,0,0,0,1,3,0,0,1,N,N,N,6,2026,3,Y,MF
CUST1007222,1,0,0,1,0,0,0,0,N,N,N,6,2026,2,Y,MF
CUST1007223,2,2,0,1,0,0,0,0,N,N,Y,6,2026,3,N,None
CUST1007224,0,1,0,1,1,0,0,0,N,Y,N,6,2026,3,N,None
CUST1007225,1,0,0,1,0,1,0,0,N,N,Y,6,2026,3,N,SA
CUST1007226,0,2,0,1,1,0,0,0,N,N,Y,6,2026,3,N,None
CUST1007227,0,0,0,1,0,1,0,0,N,N,Y,6,2026,2,Y,CC
CUST1007228,0,1,0,1,0,0,0,0,N,N,N,6,2026,2,Y,AL
CUST1007229,0,0,0,1,1,0,0,1,N,N,Y,6,2026,3,Y,AL
CUST1007230,2,0,0,1,3,0,0,0,N,N,Y,6,2026,3,Y,RD
CUST1007231,2,0,0,0,0,0,0,0,N,N,Y,6,2026,1,Y,CC
CUST1007232,2,0,0,1,0,0,0,0,N,N,Y,6,2026,2,N,None
CUST1007233,0,0,0,1,0,0,0,0,N,N,N,6,2026,1,Y,AL
CUST1007234,0,0,0,1,2,0,0,0,N,N,N,6,2026,2,Y,RD
CUST1007235,0,0,0,1,1,0,0,0,N,N,N,6,2026,2,N,None
CUST1007236,0,1,0,1,2,0,0,0,N,N,N,6,2026,3,N,None
CUST1007237,0,2,0,1,0,0,0,0,N,N,Y,6,2026,2,N,RD
CUST1007238,0,0,0,1,0,2,0,0,N,N,N,6,2026,2,N,None
CUST1007239,0,0,0,1,0,1,0,0,N,N,N,6,2026,2,N,None
CUST1007240,0,1,0,1,0,0,0,0,N,N,Y,6,2026,2,Y,MF
CUST1007241,0,1,0,1,0,2,0,0,N,N,N,6,2026,3,Y,PL
CUST1007242,2,0,0,1,0,0,0,0,N,N,Y,6,2026,2,Y,RD
CUST1007243,0,0,0,1,0,2,0,0,N,N,Y,6,2026,2,Y,MF
CUST1007244,0,0,0,1,0,0,0,0,N,N,N,6,2026,1,N,None
CUST1007245,1,0,0,1,0,0,0,0,N,N,Y,6,2026,2,N,None
CUST1007246,2,0,0,1,3,0,0,0,N,N,N,6,2026,3,N,None
CUST1007247,0,0,0,1,0,0,0,0,Y,N,N,6,2026,1,N,None
CUST1007248,0,0,0,1,0,0,0,0,N,N,Y,6,2026,1,N,None
CUST1007249,0,0,0,1,0,1,0,0,Y,N,N,6,2026,2,N,None
CUST1007250,0,0,0,1,0,0,0,0,N,Y,Y,6,2026,1,Y,AL
CUST1007251,0,0,0,1,0,0,0,0,N,N,Y,6,2026,1,Y,HL
CUST1007252,0,2,0,1,3,2,0,0,N,N,Y,6,2026,4,Y,AL
CUST1007253,0,0,0,1,0,0,0,0,N,N,N,6,2026,1,N,None
CUST1007254,0,1,0,1,0,1,0,1,N,N,N,6,2026,4,N,None
CUST1007255,0,0,0,1,0,0,0,0,N,N,N,6,2026,1,Y,MF
CUST1007256,0,0,0,1,0,2,0,0,Y,N,Y,6,2026,2,N,None
CUST1007257,0,0,0,1,0,0,0,0,N,N,Y,6,2026,1,N,None
CUST1007258,2,0,0,1,0,0,0,0,N,N,N,6,2026,2,Y,HL
CUST1007259,0,1,0,0,1,0,0,0,N,N,Y,6,2026,2,Y,RD
CUST1007260,2,2,0,1,0,1,0,0,N,N,N,6,2026,4,N,None
CUST1007261,2,2,0,1,0,2,0,0,N,N,Y,6,2026,4,Y,MF
CUST1007262,0,0,1,1,0,2,0,0,Y,N,N,6,2026,3,Y,HL
CUST1007263,0,2,0,1,0,0,0,0,N,N,N,6,2026,2,Y,CC
CUST1007264,0,0,0,1,0,0,0,0,N,N,Y,6,2026,1,N,None
CUST1007265,0,0,0,1,0,0,0,1,N,N,N,6,2026,2,N,MF
CUST1007266,0,0,0,1,0,0,0,0,N,N,N,6,2026,1,N,None
CUST1007267,0,1,0,1,0,0,0,1,N,N,Y,6,2026,3,Y,MF
CUST1007268,0,0,0,1,1,0,0,0,Y,N,N,6,2026,2,N,None
CUST1007269,0,0,0,1,0,1,0,0,N,N,N,6,2026,2,N,None
CUST1007270,1,2,0,1,2,0,1,0,N,N,Y,6,2026,5,Y,HL
CUST1007271,0,0,0,1,0,0,0,0,N,Y,Y,6,2026,1,Y,CC
CUST1007272,0,0,1,1,0,0,0,0,Y,N,N,6,2026,2,N,None
CUST1007273,0,0,0,1,0,1,0,0,Y,N,Y,6,2026,2,N,None
CUST1007274,0,2,0,1,0,0,0,1,N,N,N,6,2026,3,Y,HF
CUST1007275,0,1,0,1,1,0,0,0,N,N,N,6,2026,3,Y,HL
CUST1007276,0,2,0,1,2,0,0,0,N,N,Y,6,2026,3,N,None
CUST1007277,2,0,0,1,0,2,0,0,N,Y,N,6,2026,3,Y,RD
CUST1007278,0,0,0,1,0,0,0,0,N,N,Y,6,2026,1,Y,MF
CUST1007279,0,1,0,1,0,0,0,0,N,N,N,6,2026,2,N,None
CUST1007280,0,1,0,1,0,2,0,0,N,N,Y,6,2026,3,Y,CC
CUST1007281,0,2,0,1,1,0,0,0,N,N,Y,6,2026,3,Y,SA
CUST1007282,0,0,0,1,0,0,0,0,N,N,Y,6,2026,1,N,PL
CUST1007283,0,0,0,1,0,2,0,0,N,N,Y,6,2026,2,N,AL
CUST1007284,0,0,0,1,0,0,0,0,N,N,Y,6,2026,1,Y,PL
CUST1007285,0,1,0,1,0,0,0,1,N,N,Y,6,2026,3,Y,RD
CUST1007286,0,0,0,1,0,1,0,0,N,N,Y,6,2026,2,N,None
CUST1007287,0,0,0,1,0,1,1,0,N,N,Y,6,2026,3,N,None
CUST1007288,0,0,0,1,0,0,0,0,N,Y,N,6,2026,1,Y,AL
CUST1007289,2,1,0,1,0,0,0,0,N,Y,Y,6,2026,3,N,None
CUST1007290,0,1,0,1,0,2,0,0,N,N,N,6,2026,3,N,HL
CUST1007291,0,0,1,1,3,0,0,0,Y,N,N,6,2026,3,N,None
CUST1007292,0,0,0,1,2,0,0,0,N,N,N,6,2026,2,N,None
CUST1007293,2,0,0,1,0,0,0,1,N,N,N,6,2026,3,N,None
CUST1007294,1,0,0,1,2,0,0,0,Y,N,N,6,2026,3,N,None
CUST1007295,0,0,0,0,2,0,0,0,Y,N,N,6,2026,1,N,None
CUST1007296,1,0,0,1,1,0,0,0,N,N,N,6,2026,3,N,None
CUST1007297,0,0,0,1,0,0,0,0,Y,N,Y,6,2026,1,N,None
CUST1007298,0,1,0,1,0,0,0,0,N,N,N,6,2026,2,Y,PL
CUST1007299,0,0,0,1,0,0,0,0,N,N,Y,6,2026,1,Y,CC
CUST1007300,0,0,0,1,2,0,0,0,N,N,Y,6,2026,2,N,None
CUST1007301,0,2,0,1,3,0,0,1,N,N,Y,6,2026,4,N,None
CUST1007302,0,1,0,1,0,2,0,0,N,N,N,6,2026,3,N,SA
CUST1007303,1,1,0,1,0,0,0,0,N,N,Y,6,2026,3,Y,PL
CUST1007304,0,0,0,1,0,0,0,0,N,N,Y,6,2026,1,Y,AL
CUST1007305,0,0,0,1,1,0,0,1,N,N,Y,6,2026,3,N,None
CUST1007306,0,0,0,1,0,0,0,0,N,N,N,6,2026,1,N,RD
CUST1007307,0,2,0,1,0,0,0,0,N,N,Y,6,2026,2,N,None
CUST1007308,2,0,0,1,0,0,0,0,N,N,Y,6,2026,2,N,None
CUST1007309,0,0,0,1,0,2,0,0,N,N,N,6,2026,2,N,None
CUST1007310,0,2,1,1,0,2,1,0,N,N,N,6,2026,5,N,None
CUST1007311,0,0,0,1,2,0,0,0,N,N,N,6,2026,2,Y,SA
CUST1007312,0,1,0,1,0,0,0,0,N,N,Y,6,2026,2,N,None
CUST1007313,0,0,0,1,0,0,0,0,N,N,Y,6,2026,1,N,None
CUST1007314,2,1,0,1,0,2,0,0,N,N,Y,6,2026,4,N,SA
CUST1007315,0,2,1,1,0,1,0,0,N,N,Y,6,2026,4,Y,HL
CUST1007316,0,0,0,1,0,0,0,0,N,N,Y,6,2026,1,Y,HL
CUST1007317,0,2,0,1,0,1,0,1,N,N,Y,6,2026,4,N,None
CUST1007318,0,1,0,1,0,0,0,0,N,N,Y,6,2026,2,Y,CC
CUST1007319,0,0,0,1,0,0,0,0,N,N,N,6,2026,1,N,None
CUST1007320,0,2,0,1,0,0,0,0,N,N,Y,6,2026,2,N,AL
CUST1007321,2,0,0,1,0,2,0,0,N,Y,N,6,2026,3,N,None
CUST1007322,0,2,0,1,0,2,0,0,N,N,N,6,2026,3,N,None
CUST1007323,2,0,0,1,0,0,0,0,N,N,Y,6,2026,2,N,PL
CUST1007324,0,2,0,1,2,0,0,0,N,N,N,6,2026,3,Y,SA
CUST1007325,0,1,0,1,0,1,0,0,Y,N,Y,6,2026,3,N,None
CUST1007326,0,0,0,1,0,0,0,0,N,N,N,6,2026,1,N,None
CUST1007327,0,0,0,1,2,0,0,0,N,N,N,6,2026,2,N,AL
CUST1007328,1,2,0,1,0,0,0,0,N,N,Y,6,2026,3,N,None
CUST1007329,0,0,0,1,0,0,0,0,N,N,Y,6,2026,1,Y,AL
CUST1007330,0,0,0,1,0,1,0,1,N,Y,Y,6,2026,3,N,None
CUST1007331,0,1,0,1,1,2,0,0,N,N,Y,6,2026,4,Y,MF
CUST1007332,0,0,0,1,0,0,0,0,N,N,Y,6,2026,1,N,RD
CUST1007333,0,1,0,1,3,0,0,0,N,N,Y,6,2026,3,Y,MF
CUST1007334,0,0,0,1,0,0,0,0,N,N,Y,6,2026,1,N,None
CUST1007335,1,1,0,1,1,0,0,0,N,N,N,6,2026,4,N,None
CUST1007336,2,0,0,1,0,0,0,0,Y,N,Y,6,2026,2,Y,AL
CUST1007337,0,2,0,1,0,0,0,0,N,Y,N,6,2026,2,Y,SA
CUST1007338,0,0,0,1,0,0,0,0,N,N,Y,6,2026,1,Y,MF
CUST1007339,0,0,0,1,0,0,1,0,N,N,Y,6,2026,2,Y,AL
CUST1007340,0,2,0,1,0,2,0,1,Y,N,N,6,2026,4,N,None
CUST1007341,0,0,0,1,0,1,0,0,N,N,Y,6,2026,2,N,None
CUST1007342,0,0,0,1,0,0,0,0,N,N,Y,6,2026,1,Y,RD
CUST1007343,1,0,0,1,0,2,0,0,Y,N,N,6,2026,3,N,None
CUST1007344,0,1,0,1,1,0,0,0,N,Y,N,6,2026,3,Y,CC
CUST1007345,2,2,0,1,0,1,0,1,N,N,N,6,2026,5,Y,HF
CUST1007346,0,2,0,1,0,0,0,0,N,N,N,6,2026,2,N,None
CUST1007347,0,0,0,1,1,0,0,0,N,N,Y,6,2026,2,N,None
CUST1007348,1,2,0,1,0,0,0,0,N,N,Y,6,2026,3,N,None
CUST1007349,1,1,0,1,0,0,0,0,N,N,Y,6,2026,3,N,None
CUST1007350,0,0,0,1,0,1,0,0,N,N,N,6,2026,2,Y,CC
CUST1007351,0,0,0,1,0,0,0,0,N,N,Y,6,2026,1,N,None
CUST1007352,0,1,0,1,1,0,0,1,N,N,N,6,2026,4,Y,MF
CUST1007353,1,2,0,1,0,2,0,0,N,N,Y,6,2026,4,Y,CC
CUST1007354,0,0,0,1,0,0,0,1,N,N,N,6,2026,2,N,None
CUST1007355,0,0,0,1,0,0,0,0,N,N,Y,6,2026,1,Y,SA
CUST1007356,0,0,0,1,0,0,0,0,N,N,Y,6,2026,1,N,None
CUST1007357,0,0,0,1,0,2,1,0,N,N,N,6,2026,3,N,None
CUST1007358,1,2,0,1,0,2,0,0,N,N,Y,6,2026,4,Y,SA
CUST1007359,0,1,0,1,0,2,0,0,N,N,N,6,2026,3,N,None
CUST1007360,0,0,0,1,0,1,0,0,N,N,N,6,2026,2,N,PL
CUST1007361,0,1,0,0,0,0,0,0,N,N,N,6,2026,1,N,None
CUST1007362,0,2,0,1,0,0,0,1,N,N,N,6,2026,3,Y,AL
CUST1007363,0,0,0,1,0,0,0,0,N,N,Y,6,2026,1,N,None
CUST1007364,0,0,0,1,3,0,1,0,Y,N,Y,6,2026,3,Y,AL
CUST1007365,0,0,0,1,1,0,0,0,N,N,N,6,2026,2,N,CC
CUST1007366,0,0,0,1,0,0,0,0,N,N,Y,6,2026,1,N,SA
CUST1007367,0,1,0,1,0,2,0,0,N,N,N,6,2026,3,Y,AL
CUST1007368,0,0,0,1,1,0,0,1,Y,N,N,6,2026,3,Y,MF
CUST1007369,0,0,0,1,0,0,0,0,N,N,N,6,2026,1,N,None
CUST1007370,0,0,0,1,0,0,1,0,N,N,N,6,2026,2,N,None
CUST1007371,0,0,0,1,0,0,0,0,N,N,N,6,2026,1,Y,PL
CUST1007372,0,0,0,1,0,0,0,0,N,Y,N,6,2026,1,Y,AL
CUST1007373,0,0,0,1,1,0,0,0,Y,N,N,6,2026,2,Y,CC
CUST1007374,0,0,0,1,1,0,0,0,Y,N,N,6,2026,2,N,None
CUST1007375,0,0,0,1,0,0,0,0,N,N,N,6,2026,1,Y,CC
CUST1007376,0,1,0,1,0,0,0,0,N,N,Y,6,2026,2,N,None
CUST1007377,0,0,0,1,1,1,0,0,Y,N,Y,6,2026,3,N,None
CUST1007378,1,1,0,1,3,0,0,0,N,N,N,6,2026,4,N,None
CUST1007379,2,0,0,1,0,0,0,0,N,N,N,6,2026,2,N,None
CUST1007380,0,0,0,1,3,2,0,0,N,N,Y,6,2026,3,Y,AL
CUST1007381,0,0,0,1,0,1,0,0,Y,Y,N,6,2026,2,N,None
CUST1007382,0,0,0,1,0,0,0,0,N,N,N,6,2026,1,N,None
CUST1007383,0,0,0,1,0,0,0,0,N,N,N,6,2026,1,Y,SA
CUST1007384,0,1,0,1,0,0,0,0,N,N,N,6,2026,2,N,None
CUST1007385,0,0,0,1,0,2,0,0,N,N,N,6,2026,2,Y,AL
CUST1007386,0,0,0,1,0,2,0,0,N,N,Y,6,2026,2,N,None
CUST1007387,0,1,0,1,0,1,0,0,N,N,N,6,2026,3,N,None
CUST1007388,0,0,0,1,0,0,0,0,N,N,Y,6,2026,1,N,RD
CUST1007389,2,0,0,1,2,0,0,0,Y,N,Y,6,2026,3,Y,HL
CUST1007390,0,1,0,1,0,2,0,0,N,N,Y,6,2026,3,N,None
CUST1007391,0,2,1,1,0,0,0,0,N,N,Y,6,2026,3,N,MF
CUST1007392,0,1,0,1,0,0,0,0,N,N,Y,6,2026,2,Y,CC
CUST1007393,0,0,0,1,0,0,0,0,N,N,N,6,2026,1,Y,SA
CUST1007394,0,0,0,1,0,0,0,0,N,N,N,6,2026,1,N,MF
CUST1007395,0,0,0,1,0,1,0,0,N,N,Y,6,2026,2,Y,CC
CUST1007396,1,0,0,1,0,0,0,0,N,N,N,6,2026,2,N,None
CUST1007397,0,0,0,1,2,0,0,0,Y,N,N,6,2026,2,Y,CC
CUST1007398,0,1,0,1,1,0,0,0,N,N,N,6,2026,3,N,None
CUST1007399,0,2,0,1,0,2,0,0,N,N,N,6,2026,3,Y,SA
CUST1007400,0,1,0,1,2,1,0,0,N,N,N,6,2026,4,N,None
CUST1007401,1,2,0,1,0,1,0,0,Y,N,Y,6,2026,4,Y,SA
CUST1007402,0,0,0,1,0,0,0,0,N,N,N,6,2026,1,Y,RD
CUST1007403,2,0,0,1,0,0,0,1,N,N,N,6,2026,3,N,None
CUST1007404,0,1,0,1,0,2,0,0,N,N,Y,6,2026,3,N,None
CUST1007405,0,1,0,1,0,0,0,0,N,N,Y,6,2026,2,Y,MF
CUST1007406,0,2,0,1,0,0,0,0,N,N,Y,6,2026,2,Y,MF
CUST1007407,0,2,0,1,1,0,0,0,N,N,Y,6,2026,3,N,None
CUST1007408,2,1,0,1,0,1,0,0,N,N,Y,6,2026,4,N,None
CUST1007409,0,1,0,1,0,0,0,0,N,N,Y,6,2026,2,Y,CC
CUST1007410,0,0,0,1,0,1,0,0,Y,N,Y,6,2026,2,Y,CC
CUST1007411,0,2,0,1,0,0,1,0,N,N,Y,6,2026,3,Y,RD
CUST1007412,0,0,0,1,0,0,0,0,N,N,N,6,2026,1,Y,SA
CUST1007413,0,0,0,1,0,0,0,0,N,N,N,6,2026,1,N,None
CUST1007414,0,0,0,1,3,0,0,0,N,Y,Y,6,2026,2,N,None
CUST1007415,1,0,0,1,0,2,0,0,N,N,N,6,2026,3,N,PL
CUST1007416,0,1,0,1,0,0,0,0,N,N,Y,6,2026,2,N,None
CUST1007417,0,2,0,1,0,0,0,0,N,Y,Y,6,2026,2,N,RD
CUST1007418,1,0,0,1,1,0,0,1,N,N,Y,6,2026,4,Y,SA
CUST1007419,0,0,0,1,0,0,0,0,N,N,Y,6,2026,1,N,None
CUST1007420,0,2,0,1,0,0,0,0,N,N,N,6,2026,2,N,None
CUST1007421,0,0,0,1,3,0,0,0,Y,N,Y,6,2026,2,N,RD
CUST1007422,0,0,0,1,0,0,0,0,N,N,N,6,2026,1,Y,PL
CUST1007423,0,2,1,1,0,1,0,1,N,N,Y,6,2026,5,N,None
CUST1007424,0,0,0,1,1,1,0,0,N,N,N,6,2026,3,N,None
CUST1007425,0,1,0,1,0,0,0,0,Y,N,Y,6,2026,2,N,None
CUST1007426,0,0,0,1,2,0,0,0,N,N,Y,6,2026,2,Y,CC
CUST1007427,0,0,0,1,0,0,0,0,Y,N,Y,6,2026,1,Y,SA
CUST1007428,0,2,1,1,2,1,0,0,N,N,Y,6,2026,5,Y,SA
CUST1007429,0,2,0,1,0,0,0,0,N,N,N,6,2026,2,Y,AL
CUST1007430,0,0,0,1,0,0,1,1,N,N,Y,6,2026,3,N,None
CUST1007431,0,1,0,1,0,0,0,0,N,N,N,6,2026,2,N,None
CUST1007432,0,0,0,1,0,0,0,1,Y,N,N,6,2026,2,N,None
CUST1007433,0,0,0,1,0,0,0,1,Y,N,N,6,2026,2,Y,SA
CUST1007434,1,0,0,0,3,0,0,0,N,N,Y,6,2026,2,N,None
CUST1007435,0,1,0,0,0,0,0,1,N,N,N,6,2026,2,N,None
CUST1007436,0,0,0,1,2,0,0,0,N,N,N,6,2026,2,Y,CC
CUST1007437,0,2,0,1,0,1,0,0,N,N,Y,6,2026,3,N,None
CUST1007438,0,0,0,1,3,0,0,0,Y,N,Y,6,2026,2,N,None
CUST1007439,0,2,0,1,3,0,0,0,N,N,Y,6,2026,3,Y,RD
CUST1007440,2,1,0,1,3,0,0,0,N,N,Y,6,2026,4,Y,CC
CUST1007441,0,2,0,1,0,1,0,0,N,N,Y,6,2026,3,N,None
CUST1007442,0,0,0,1,0,0,0,0,N,N,N,6,2026,1,Y,PL
CUST1007443,0,0,0,1,0,0,1,0,N,N,Y,6,2026,2,N,None
CUST1007444,0,0,0,1,0,0,1,0,N,N,N,6,2026,2,Y,PL
CUST1007445,1,2,0,1,0,0,0,0,Y,N,N,6,2026,3,N,None
CUST1007446,1,0,0,1,0,0,0,0,N,N,N,6,2026,2,N,AL
CUST1007447,0,0,0,1,0,0,0,0,N,N,N,6,2026,1,N,None
CUST1007448,0,0,0,1,0,0,0,0,N,N,Y,6,2026,1,Y,SA
CUST1007449,0,0,0,1,0,0,0,0,Y,N,Y,6,2026,1,N,None
CUST1007450,0,0,0,1,0,0,0,0,N,N,Y,6,2026,1,N,None
CUST1007451,1,1,0,1,0,0,0,0,N,N,N,6,2026,3,Y,MF
CUST1007452,0,2,0,1,0,2,0,0,N,N,Y,6,2026,3,N,AL
CUST1007453,0,1,0,1,0,1,0,0,Y,N,Y,6,2026,3,N,None
CUST1007454,0,1,0,1,0,0,0,0,N,N,N,6,2026,2,N,None
CUST1007455,2,2,0,0,0,0,0,0,N,N,Y,6,2026,2,N,None
CUST1007456,0,2,0,1,0,2,0,1,Y,N,N,6,2026,4,Y,RD
CUST1007457,0,0,0,1,0,2,0,0,Y,N,N,6,2026,2,Y,CC
CUST1007458,1,0,0,1,3,0,0,0,N,N,Y,6,2026,3,N,None
CUST1007459,0,0,0,0,0,0,0,0,N,N,Y,6,2026,0,Y,PL
CUST1007460,0,2,0,1,0,1,0,0,N,N,N,6,2026,3,N,None
CUST1007461,0,0,0,1,0,0,0,0,N,N,N,6,2026,1,N,None
CUST1007462,0,0,0,1,0,2,0,0,N,N,Y,6,2026,2,Y,SA
CUST1007463,0,0,0,1,0,0,0,0,N,N,Y,6,2026,1,Y,HL
CUST1007464,2,2,0,1,0,0,0,0,N,N,Y,6,2026,3,N,None
CUST1007465,0,0,0,0,0,0,1,0,Y,N,N,6,2026,1,N,None
CUST1007466,0,0,0,1,0,0,0,0,N,N,Y,6,2026,1,N,None
CUST1007467,0,2,0,1,1,0,0,0,N,N,Y,6,2026,3,Y,PL
CUST1007468,0,0,0,1,3,1,0,0,Y,N,N,6,2026,3,N,None
CUST1007469,0,0,0,0,1,0,0,0,N,N,Y,6,2026,1,N,None
CUST1007470,2,0,0,1,0,0,0,0,Y,N,N,6,2026,2,Y,SA
CUST1007471,0,1,0,1,0,0,0,0,N,N,N,6,2026,2,N,None
CUST1007472,0,0,0,1,3,1,0,0,Y,N,N,6,2026,3,N,None
CUST1007473,0,0,0,0,0,0,0,0,N,N,Y,6,2026,0,Y,PL
CUST1007474,0,0,0,1,0,0,0,0,N,N,N,6,2026,1,N,None
CUST1007475,0,0,0,1,0,0,0,0,N,N,Y,6,2026,1,N,None
CUST1007476,0,1,0,1,0,0,0,0,N,N,N,6,2026,2,N,None
CUST1007477,2,2,0,1,0,0,0,0,N,N,N,6,2026,3,N,None
CUST1007478,0,0,0,1,1,0,0,0,N,N,N,6,2026,2,Y,PL
CUST1007479,0,0,0,1,0,0,0,0,N,N,N,6,2026,1,N,None
CUST1007480,2,1,0,0,0,1,0,0,N,N,Y,6,2026,3,N,None
CUST1007481,1,1,0,1,0,0,0,0,N,N,Y,6,2026,3,N,None
CUST1007482,0,0,0,1,0,0,0,0,N,N,N,6,2026,1,N,RD
CUST1007483,0,0,0,1,0,0,1,0,N,N,N,6,2026,2,Y,SA
CUST1007484,1,2,0,1,1,0,0,0,Y,N,N,6,2026,4,N,SA
CUST1007485,1,1,0,1,0,0,0,0,N,N,N,6,2026,3,N,None
CUST1007486,0,2,0,0,2,1,0,0,Y,Y,N,6,2026,3,Y,CC
CUST1007487,0,0,0,1,0,0,0,0,Y,N,N,6,2026,1,Y,SA
CUST1007488,0,1,0,1,0,1,0,0,N,N,N,6,2026,3,N,None
CUST1007489,2,0,0,1,0,2,0,0,Y,N,N,6,2026,3,Y,AL
CUST1007490,0,1,0,1,0,1,0,0,N,N,Y,6,2026,3,N,None
CUST1007491,0,0,0,1,0,0,0,0,N,N,N,6,2026,1,Y,RD
CUST1007492,0,2,0,1,0,2,0,1,Y,N,Y,6,2026,4,N,None
CUST1007493,0,0,0,1,0,0,0,0,N,N,N,6,2026,1,Y,SA
CUST1007494,0,1,0,1,0,0,0,0,N,N,Y,6,2026,2,N,None
CUST1007495,2,0,0,1,0,1,0,0,N,N,Y,6,2026,3,N,None
CUST1007496,0,0,0,1,0,2,0,0,N,N,N,6,2026,2,Y,CC
CUST1007497,2,0,0,1,0,0,0,0,N,N,Y,6,2026,2,Y,AL
CUST1007498,1,0,0,0,0,0,1,0,N,N,Y,6,2026,2,N,None
CUST1007499,2,0,0,1,0,0,0,0,N,N,Y,6,2026,2,Y,HF
CUST1007500,0,2,0,1,0,0,0,0,N,N,Y,6,2026,2,N,None
CUST1007501,0,0,0,1,0,0,0,0,N,N,N,6,2026,1,N,None
CUST1007502,0,0,0,1,0,0,0,0,Y,N,Y,6,2026,1,N,HL
CUST1007503,0,2,0,1,3,0,0,1,Y,N,N,6,2026,4,N,None
CUST1007504,1,0,0,1,3,0,0,0,N,N,Y,6,2026,3,N,None
CUST1007505,0,1,0,1,0,2,0,0,N,N,N,6,2026,3,N,None
CUST1007506,0,0,0,0,0,1,0,0,Y,N,N,6,2026,1,N,None
CUST1007507,1,0,0,1,0,0,0,0,Y,N,Y,6,2026,2,Y,CC
CUST1007508,0,0,0,1,0,0,1,0,N,N,N,6,2026,2,N,None
CUST1007509,0,0,0,1,0,0,0,0,Y,N,N,6,2026,1,N,None
CUST1007510,0,0,0,1,0,1,1,0,N,N,Y,6,2026,3,N,None
CUST1007511,0,0,0,1,0,0,0,1,N,N,N,6,2026,2,N,SA
CUST1007512,0,0,0,1,0,1,0,0,N,N,Y,6,2026,2,N,None
CUST1007513,2,1,0,1,0,2,0,0,N,N,Y,6,2026,4,Y,RD
CUST1007514,0,0,0,1,2,0,0,0,N,N,N,6,2026,2,N,None
CUST1007515,0,0,0,1,1,0,0,0,N,N,Y,6,2026,2,Y,PL
CUST1007516,0,1,0,1,0,0,0,0,N,N,Y,6,2026,2,N,RD
CUST1007517,0,1,0,1,0,0,0,0,N,Y,N,6,2026,2,N,CC
CUST1007518,2,0,0,1,0,0,0,0,N,N,N,6,2026,2,Y,PL
CUST1007519,0,0,0,1,1,0,0,0,N,N,Y,6,2026,2,Y,SA
CUST1007520,0,1,0,1,0,0,1,0,N,N,Y,6,2026,3,Y,MF
CUST1007521,0,0,0,1,0,0,1,0,Y,N,Y,6,2026,2,Y,CC
CUST1007522,0,1,0,1,0,0,0,0,N,N,N,6,2026,2,Y,RD
CUST1007523,0,1,0,1,0,1,0,0,N,N,Y,6,2026,3,Y,RD
CUST1007524,0,2,0,1,0,0,0,0,N,N,Y,6,2026,2,N,None
CUST1007525,0,0,0,1,3,0,0,1,N,N,N,6,2026,3,N,None
CUST1007526,0,0,0,1,0,0,0,1,Y,N,N,6,2026,2,Y,PL
CUST1007527,0,0,0,1,0,0,0,1,Y,N,Y,6,2026,2,Y,PL
CUST1007528,2,2,0,0,0,0,0,0,N,N,Y,6,2026,2,N,None
CUST1007529,0,0,0,1,0,0,0,0,Y,N,Y,6,2026,1,N,CC
CUST1007530,0,1,0,1,0,0,0,0,N,N,Y,6,2026,2,N,AL
CUST1007531,2,2,0,1,0,0,0,0,N,N,Y,6,2026,3,N,None
CUST1007532,2,0,0,1,0,0,0,0,N,N,Y,6,2026,2,Y,SA
CUST1007533,0,0,0,1,0,0,0,0,N,N,N,6,2026,1,Y,SA
CUST1007534,0,0,0,1,1,0,0,0,N,N,N,6,2026,2,Y,AL
CUST1007535,0,2,0,0,0,0,0,0,N,N,Y,6,2026,1,N,CC
CUST1007536,0,0,0,1,0,0,0,0,N,N,Y,6,2026,1,N,None
CUST1007537,1,2,0,1,0,1,0,0,N,N,Y,6,2026,4,Y,RD
CUST1007538,0,0,1,1,0,1,0,0,N,N,Y,6,2026,3,Y,HL
CUST1007539,0,1,0,1,1,2,0,0,N,N,N,6,2026,4,N,None
CUST1007540,0,0,0,1,0,0,0,0,N,N,Y,6,2026,1,N,None
CUST1007541,0,0,0,1,0,0,0,0,Y,N,N,6,2026,1,Y,CC
CUST1007542,0,0,0,1,3,0,0,0,N,N,Y,6,2026,2,N,None
CUST1007543,1,2,0,1,0,0,0,0,N,N,N,6,2026,3,N,SA
CUST1007544,0,0,0,1,0,0,0,0,N,N,Y,6,2026,1,N,None
CUST1007545,0,2,0,1,0,0,0,0,N,N,Y,6,2026,2,Y,HF
CUST1007546,0,1,0,1,0,0,0,0,Y,N,N,6,2026,2,N,SA
CUST1007547,0,1,0,1,0,0,0,0,N,N,N,6,2026,2,N,None
CUST1007548,0,0,1,1,0,0,0,0,N,N,Y,6,2026,2,Y,PL
CUST1007549,0,1,0,1,0,0,0,0,N,N,N,6,2026,2,N,None
CUST1007550,0,1,0,1,3,0,0,0,N,N,Y,6,2026,3,N,None
CUST1007551,0,0,0,1,1,0,0,0,N,N,Y,6,2026,2,N,SA
CUST1007552,0,2,0,1,0,0,0,1,N,N,N,6,2026,3,N,AL
CUST1007553,0,0,0,1,0,0,0,1,N,N,Y,6,2026,2,N,None
CUST1007554,0,2,0,1,0,0,0,0,N,N,Y,6,2026,2,Y,PL
CUST1007555,0,2,0,1,0,0,0,0,N,N,Y,6,2026,2,Y,SA
CUST1007556,0,1,0,1,0,1,0,1,N,N,N,6,2026,4,Y,RD
CUST1007557,0,0,0,1,0,1,0,1,Y,N,Y,6,2026,3,Y,RD
CUST1007558,0,2,0,1,0,0,0,0,Y,N,N,6,2026,2,N,None
CUST1007559,1,2,0,1,0,0,0,1,N,N,Y,6,2026,4,N,None
CUST1007560,0,1,0,1,0,0,0,0,N,N,Y,6,2026,2,Y,RD
CUST1007561,1,2,0,1,2,0,0,1,N,N,N,6,2026,5,Y,CC
CUST1007562,0,0,0,1,0,0,0,0,N,N,Y,6,2026,1,Y,AL
CUST1007563,0,2,0,1,0,0,0,1,N,N,Y,6,2026,3,Y,PL
CUST1007564,0,0,0,1,0,1,0,0,N,N,N,6,2026,2,N,None
CUST1007565,0,2,0,1,0,0,1,0,N,N,Y,6,2026,3,Y,AL
CUST1007566,0,2,0,1,0,0,0,1,N,N,N,6,2026,3,N,None
CUST1007567,0,0,0,1,0,0,0,1,N,N,Y,6,2026,2,N,None
CUST1007568,1,2,0,1,0,0,1,0,N,N,Y,6,2026,4,N,None
CUST1007569,0,1,0,1,0,0,0,0,N,N,Y,6,2026,2,Y,AL
CUST1007570,0,0,0,1,0,2,0,0,N,N,N,6,2026,2,Y,CC
CUST1007571,1,0,0,1,0,2,0,0,N,N,N,6,2026,3,Y,MF
CUST1007572,0,0,1,1,0,1,0,0,N,N,Y,6,2026,3,N,None
CUST1007573,0,0,0,1,0,0,0,0,N,N,N,6,2026,1,N,None
CUST1007574,0,0,0,1,0,0,0,0,N,N,N,6,2026,1,N,None
CUST1007575,0,2,0,1,0,0,0,0,N,N,Y,6,2026,2,N,None
CUST1007576,0,1,0,1,0,1,0,0,N,N,N,6,2026,3,N,None
CUST1007577,0,0,0,1,0,0,0,0,N,N,Y,6,2026,1,Y,PL
CUST1007578,0,0,0,1,1,0,0,0,N,N,Y,6,2026,2,N,None
CUST1007579,1,2,0,1,0,0,0,0,N,N,Y,6,2026,3,Y,SA
CUST1007580,0,1,0,1,0,0,0,0,Y,N,N,6,2026,2,Y,RD
CUST1007581,0,1,0,1,0,1,0,0,N,N,Y,6,2026,3,Y,PL
CUST1007582,0,0,0,1,0,1,0,0,Y,N,Y,6,2026,2,Y,CC
CUST1007583,0,2,0,1,0,0,1,0,N,N,Y,6,2026,3,N,None
CUST1007584,0,0,0,1,3,0,0,0,N,N,Y,6,2026,2,N,PL
CUST1007585,2,1,0,1,0,2,0,0,Y,N,Y,6,2026,4,Y,MF
CUST1007586,0,2,0,1,0,0,1,0,N,N,N,6,2026,3,Y,CC
CUST1007587,0,0,0,1,3,0,0,1,N,N,N,6,2026,3,Y,PL
CUST1007588,0,0,0,1,0,0,0,0,N,N,Y,6,2026,1,N,None
CUST1007589,2,1,0,1,3,0,0,0,N,N,N,6,2026,4,N,None
CUST1007590,0,2,0,1,0,1,0,1,N,N,Y,6,2026,4,N,None
CUST1007591,0,0,0,1,0,1,0,0,N,N,Y,6,2026,2,Y,AL
CUST1007592,1,2,0,1,1,0,0,0,N,N,N,6,2026,4,N,None
CUST1007593,0,0,0,1,0,0,0,0,N,N,Y,6,2026,1,N,MF
CUST1007594,0,0,0,1,0,0,0,0,N,Y,N,6,2026,1,N,None
CUST1007595,1,2,0,1,2,0,0,0,N,N,Y,6,2026,4,Y,PL
CUST1007596,0,0,0,1,2,0,0,0,N,N,Y,6,2026,2,N,None
CUST1007597,2,0,0,1,0,0,0,0,N,N,Y,6,2026,2,Y,SA
CUST1007598,0,0,0,1,0,2,0,0,N,N,Y,6,2026,2,Y,SA
CUST1007599,0,2,0,1,0,0,0,0,N,N,N,6,2026,2,N,None
CUST1007600,0,2,1,1,0,2,1,0,Y,N,Y,6,2026,5,Y,AL
CUST1007601,0,2,0,1,0,1,0,0,N,N,Y,6,2026,3,Y,HF
CUST1007602,2,2,0,1,0,0,1,1,N,N,N,6,2026,5,Y,RD
CUST1007603,0,1,0,1,0,0,0,0,Y,N,N,6,2026,2,N,None
CUST1007604,0,2,1,1,0,0,0,0,N,N,N,6,2026,3,N,None
CUST1007605,0,0,0,1,0,0,0,0,N,N,N,6,2026,1,N,None
CUST1007606,0,0,0,1,0,2,0,1,N,N,N,6,2026,3,Y,MF
CUST1007607,0,2,0,1,3,0,0,0,N,N,Y,6,2026,3,Y,CC
CUST1007608,0,0,0,1,0,0,0,0,N,N,N,6,2026,1,N,RD
CUST1007609,0,2,0,1,0,2,0,0,N,Y,N,6,2026,3,N,AL
CUST1007610,0,1,1,1,0,0,0,0,N,N,Y,6,2026,3,N,CC
CUST1007611,0,2,0,1,0,2,0,0,N,N,Y,6,2026,3,N,CC
CUST1007612,1,0,1,1,0,1,0,1,N,N,N,6,2026,5,Y,CC
CUST1007613,0,0,0,1,0,0,0,1,N,Y,Y,6,2026,2,N,None
CUST1007614,2,1,0,1,0,2,1,0,N,N,Y,6,2026,5,N,None
CUST1007615,0,0,0,1,0,0,0,0,Y,N,N,6,2026,1,Y,SA
CUST1007616,0,0,0,1,3,1,0,0,N,N,N,6,2026,3,Y,SA
CUST1007617,2,1,1,1,0,0,0,0,N,N,Y,6,2026,4,N,HL
CUST1007618,0,1,0,1,1,0,0,0,N,N,Y,6,2026,3,N,None
CUST1007619,0,2,0,1,2,0,0,0,Y,N,Y,6,2026,3,Y,RD
CUST1007620,0,0,0,1,0,0,0,0,N,N,Y,6,2026,1,Y,PL
CUST1007621,0,0,0,1,0,0,0,0,N,N,N,6,2026,1,N,None
CUST1007622,0,2,0,1,0,1,0,0,N,Y,N,6,2026,3,N,None
CUST1007623,0,2,0,1,0,0,0,0,N,N,Y,6,2026,2,N,None
CUST1007624,0,0,0,1,0,0,0,0,N,N,N,6,2026,1,Y,HL
CUST1007625,0,0,0,1,0,0,0,0,N,N,Y,6,2026,1,Y,MF
CUST1007626,0,2,0,1,0,0,0,0,Y,N,N,6,2026,2,N,RD
CUST1007627,0,0,0,1,0,1,0,0,N,N,N,6,2026,2,N,None
CUST1007628,0,2,0,1,0,0,0,0,N,N,N,6,2026,2,N,None
CUST1007629,0,2,0,1,0,2,0,0,N,N,N,6,2026,3,N,None
CUST1007630,1,2,0,1,0,0,0,1,Y,N,Y,6,2026,4,N,None
CUST1007631,0,1,0,1,0,0,0,0,N,N,Y,6,2026,2,Y,MF
CUST1007632,0,1,0,1,0,0,0,0,N,N,Y,6,2026,2,N,None
CUST1007633,0,0,0,1,0,0,0,0,N,N,Y,6,2026,1,Y,AL
CUST1007634,0,2,0,0,0,0,0,0,N,N,Y,6,2026,1,Y,SA
CUST1007635,0,0,0,1,2,0,0,0,N,N,N,6,2026,2,N,None
CUST1007636,0,0,1,1,2,1,1,0,N,Y,Y,6,2026,5,N,None
CUST1007637,0,0,0,1,3,2,0,1,N,N,Y,6,2026,4,Y,AL
CUST1007638,0,0,0,1,0,0,0,0,Y,N,Y,6,2026,1,Y,SA
CUST1007639,0,2,0,0,0,0,0,0,N,N,Y,6,2026,1,N,None
CUST1007640,0,0,0,1,0,0,0,1,N,N,N,6,2026,2,N,None
CUST1007641,0,1,0,1,0,1,0,0,N,N,Y,6,2026,3,Y,MF
CUST1007642,0,0,0,1,0,1,0,1,N,N,N,6,2026,3,N,None
CUST1007643,0,0,0,1,0,1,0,0,N,N,N,6,2026,2,N,None
CUST1007644,0,0,0,1,0,0,0,0,N,N,Y,6,2026,1,Y,SA
CUST1007645,0,0,0,1,0,0,0,0,N,N,Y,6,2026,1,N,None
CUST1007646,0,2,0,1,0,0,0,0,N,N,Y,6,2026,2,N,None
CUST1007647,2,0,0,1,0,1,0,0,N,N,Y,6,2026,3,N,None
CUST1007648,2,2,0,1,3,0,0,0,N,N,Y,6,2026,4,Y,HL
CUST1007649,0,0,0,1,0,0,0,1,N,N,N,6,2026,2,N,RD
CUST1007650,2,1,0,1,3,0,0,0,N,N,N,6,2026,4,Y,CC
CUST1007651,1,1,0,1,0,1,0,1,N,N,N,6,2026,5,Y,CC
CUST1007652,2,0,0,1,3,0,0,0,N,N,Y,6,2026,3,Y,AL
CUST1007653,1,0,0,1,0,0,0,0,N,N,N,6,2026,2,Y,MF
CUST1007654,0,0,0,1,1,0,0,0,N,N,N,6,2026,2,N,None
CUST1007655,0,0,0,1,0,1,0,1,N,N,Y,6,2026,3,Y,RD
CUST1007656,1,0,0,0,0,2,0,0,N,N,Y,6,2026,2,N,None
CUST1007657,2,0,0,1,2,0,0,0,N,N,N,6,2026,3,N,None
CUST1007658,0,2,0,1,0,0,0,0,N,N,Y,6,2026,2,N,None
CUST1007659,2,0,0,1,0,0,0,0,N,N,N,6,2026,2,N,None
CUST1007660,0,2,0,0,0,1,0,1,N,N,Y,6,2026,3,N,None
CUST1007661,0,0,0,1,1,2,0,0,N,Y,N,6,2026,3,N,None
CUST1007662,2,1,0,1,0,0,0,1,N,N,Y,6,2026,4,N,RD
CUST1007663,0,2,0,1,0,0,0,1,N,N,N,6,2026,3,N,None
CUST1007664,0,1,0,1,0,1,0,0,N,N,Y,6,2026,3,N,None
CUST1007665,1,0,1,1,0,0,0,1,N,N,N,6,2026,4,N,SA
CUST1007666,0,1,0,1,0,0,0,0,N,N,N,6,2026,2,Y,SA
CUST1007667,0,0,0,1,3,0,0,0,N,N,N,6,2026,2,Y,RD
CUST1007668,2,0,0,1,0,0,0,0,N,N,Y,6,2026,2,N,None
CUST1007669,0,0,0,0,0,0,0,0,N,N,Y,6,2026,0,Y,HF
CUST1007670,0,0,0,1,1,1,1,0,N,N,Y,6,2026,4,N,None
CUST1007671,0,0,0,1,0,2,0,1,N,N,N,6,2026,3,N,None
CUST1007672,0,2,0,1,0,1,0,0,N,N,N,6,2026,3,N,None
CUST1007673,2,2,0,1,0,0,1,0,N,N,N,6,2026,4,N,None
CUST1007674,0,1,0,1,0,0,0,0,Y,N,N,6,2026,2,Y,CC
CUST1007675,0,1,0,1,0,0,0,0,N,N,N,6,2026,2,N,None
CUST1007676,0,0,1,1,0,0,0,1,N,N,Y,6,2026,3,N,None
CUST1007677,0,0,0,1,1,0,0,0,N,N,N,6,2026,2,N,None
CUST1007678,0,0,0,1,0,0,0,0,N,N,N,6,2026,1,N,None
CUST1007679,0,2,0,1,1,0,0,0,Y,N,N,6,2026,3,N,None
CUST1007680,0,0,0,1,0,0,0,1,N,N,N,6,2026,2,N,None
CUST1007681,0,0,0,1,0,0,0,0,Y,N,N,6,2026,1,Y,CC
CUST1007682,0,2,0,1,0,2,0,0,Y,N,Y,6,2026,3,N,None
CUST1007683,2,2,0,1,0,0,0,0,N,N,Y,6,2026,3,N,None
CUST1007684,0,1,0,1,0,0,0,0,N,N,N,6,2026,2,N,None
CUST1007685,0,0,0,1,0,0,0,0,N,Y,Y,6,2026,1,N,None
CUST1007686,1,0,0,1,1,0,0,0,Y,N,Y,6,2026,3,N,None
CUST1007687,0,2,0,1,0,2,0,0,N,Y,N,6,2026,3,N,None
CUST1007688,0,1,0,1,0,0,0,0,Y,N,Y,6,2026,2,Y,CC
CUST1007689,2,0,1,1,0,0,0,0,N,N,N,6,2026,3,Y,CC
CUST1007690,0,0,0,1,0,0,0,0,N,N,Y,6,2026,1,Y,SA
CUST1007691,0,0,0,1,0,0,0,0,N,N,Y,6,2026,1,Y,AL
CUST1007692,0,0,0,1,0,2,1,0,N,Y,Y,6,2026,3,N,None
CUST1007693,0,0,0,1,2,0,0,0,N,N,Y,6,2026,2,N,None
CUST1007694,0,1,0,1,0,0,0,0,N,N,Y,6,2026,2,N,PL
CUST1007695,1,0,0,1,0,2,1,0,N,N,Y,6,2026,4,N,None
CUST1007696,0,0,0,1,0,0,0,0,N,N,Y,6,2026,1,N,None
CUST1007697,0,0,0,1,1,0,0,1,N,N,Y,6,2026,3,N,None
CUST1007698,0,2,0,1,3,2,0,0,N,N,N,6,2026,4,N,None
CUST1007699,0,1,0,1,0,2,0,0,N,N,N,6,2026,3,Y,MF
CUST1007700,1,0,0,1,0,0,0,0,N,N,Y,6,2026,2,N,None
CUST1007701,2,0,0,1,0,0,0,1,Y,N,Y,6,2026,3,Y,PL
CUST1007702,0,2,0,1,0,0,0,0,Y,N,N,6,2026,2,N,None
CUST1007703,0,1,0,0,0,0,0,0,N,N,Y,6,2026,1,N,None
CUST1007704,0,1,0,1,0,0,0,0,N,N,N,6,2026,2,N,None
CUST1007705,2,1,0,1,2,2,0,0,Y,N,Y,6,2026,5,Y,MF
CUST1007706,0,0,0,0,0,1,0,0,N,N,N,6,2026,1,N,HL
CUST1007707,0,0,0,1,0,0,0,0,N,N,N,6,2026,1,N,None
CUST1007708,0,0,0,1,1,0,0,0,N,N,N,6,2026,2,N,None
CUST1007709,0,1,0,1,0,0,0,0,N,N,Y,6,2026,2,N,None
CUST1007710,0,0,0,1,0,0,0,0,N,N,Y,6,2026,1,Y,MF
CUST1007711,0,1,0,1,0,0,0,0,N,N,N,6,2026,2,N,None
CUST1007712,0,0,0,1,0,0,0,0,N,N,Y,6,2026,1,N,None
CUST1007713,0,0,0,1,0,0,0,0,Y,N,Y,6,2026,1,Y,RD
CUST1007714,2,0,0,1,0,2,0,0,Y,N,Y,6,2026,3,N,None
CUST1007715,0,1,0,1,0,0,0,0,N,N,N,6,2026,2,Y,AL
CUST1007716,0,0,0,0,1,0,0,0,N,N,Y,6,2026,1,Y,AL
CUST1007717,0,1,0,1,0,0,0,0,N,N,Y,6,2026,2,Y,AL
CUST1007718,0,0,0,1,1,0,0,0,N,N,N,6,2026,2,Y,MF
CUST1007719,2,2,0,1,0,2,0,0,N,Y,Y,6,2026,4,Y,RD
CUST1007720,0,0,0,1,0,0,0,0,N,N,Y,6,2026,1,N,None
CUST1007721,0,1,0,1,0,1,0,0,Y,N,Y,6,2026,3,N,None
CUST1007722,0,0,0,1,0,1,0,0,N,N,N,6,2026,2,N,None
CUST1007723,0,2,0,1,0,1,0,0,N,N,Y,6,2026,3,N,CC
CUST1007724,2,1,0,1,0,0,0,0,N,N,N,6,2026,3,N,None
CUST1007725,0,0,0,1,0,0,0,0,N,N,N,6,2026,1,N,None
CUST1007726,0,0,0,1,0,1,0,0,N,N,N,6,2026,2,Y,PL
CUST1007727,0,0,0,1,1,0,0,0,Y,N,Y,6,2026,2,N,None
CUST1007728,0,0,0,1,0,0,1,0,N,N,Y,6,2026,2,Y,SA
CUST1007729,2,0,0,1,0,0,0,0,N,N,Y,6,2026,2,Y,MF
CUST1007730,0,0,0,1,0,0,0,0,N,N,Y,6,2026,1,N,None
CUST1007731,0,0,0,1,0,1,0,0,N,N,N,6,2026,2,Y,HF
CUST1007732,0,0,0,1,0,1,0,0,N,N,Y,6,2026,2,N,None
CUST1007733,1,1,0,1,1,0,0,0,N,N,N,6,2026,4,N,None
CUST1007734,0,0,0,1,0,0,0,0,N,N,Y,6,2026,1,N,None
CUST1007735,0,0,0,1,0,0,0,0,N,N,N,6,2026,1,N,None
CUST1007736,0,0,0,1,0,0,0,0,N,N,Y,6,2026,1,N,None
CUST1007737,0,2,0,1,0,0,0,0,N,N,Y,6,2026,2,Y,HL
CUST1007738,0,2,0,1,0,0,0,0,N,N,N,6,2026,2,Y,MF
CUST1007739,0,0,0,1,0,0,0,0,N,N,Y,6,2026,1,N,None
CUST1007740,0,0,0,1,0,0,0,0,N,N,Y,6,2026,1,N,None
CUST1007741,2,0,0,1,1,1,0,0,N,N,N,6,2026,4,N,RD
CUST1007742,1,1,0,1,0,0,0,0,Y,N,Y,6,2026,3,N,None
CUST1007743,0,0,0,1,0,0,0,0,N,N,Y,6,2026,1,Y,CC
CUST1007744,1,0,0,1,1,0,0,0,N,N,N,6,2026,3,Y,PL
CUST1007745,0,0,1,1,0,0,0,0,N,N,Y,6,2026,2,Y,MF
CUST1007746,0,0,0,1,0,0,0,0,N,N,Y,6,2026,1,N,None
CUST1007747,0,1,0,1,1,0,1,0,N,N,N,6,2026,4,Y,MF
CUST1007748,1,0,0,1,0,0,0,0,N,N,N,6,2026,2,N,SA
CUST1007749,0,1,0,1,0,0,0,0,N,N,Y,6,2026,2,Y,SA
CUST1007750,0,2,0,1,0,2,0,0,N,N,Y,6,2026,3,N,None
CUST1007751,0,2,0,1,3,1,0,0,N,N,N,6,2026,4,Y,SA
CUST1007752,0,0,0,1,0,0,0,0,N,N,Y,6,2026,1,N,HF
CUST1007753,0,0,0,1,0,2,1,0,N,N,Y,6,2026,3,N,PL
CUST1007754,0,0,0,1,0,0,0,0,N,N,Y,6,2026,1,N,None
CUST1007755,0,0,0,1,0,1,0,0,N,Y,N,6,2026,2,N,MF
CUST1007756,0,2,0,1,0,0,0,0,N,Y,N,6,2026,2,Y,PL
CUST1007757,0,2,0,1,0,1,0,0,Y,Y,N,6,2026,3,N,AL
CUST1007758,0,0,0,1,0,0,0,0,N,N,Y,6,2026,1,N,None
CUST1007759,0,0,0,1,2,0,0,0,N,N,N,6,2026,2,N,None
CUST1007760,0,0,0,1,0,0,1,0,N,N,N,6,2026,2,N,None
CUST1007761,0,0,0,1,0,0,0,1,N,N,N,6,2026,2,N,None
CUST1007762,0,2,0,1,0,0,0,0,N,N,Y,6,2026,2,N,None
CUST1007763,1,0,0,1,0,0,0,0,N,Y,Y,6,2026,2,Y,RD
CUST1007764,2,2,0,1,0,0,0,0,N,N,N,6,2026,3,Y,SA
CUST1007765,0,1,0,1,0,2,0,0,N,N,N,6,2026,3,N,None
CUST1007766,0,2,0,0,0,0,0,0,N,N,Y,6,2026,1,N,None
CUST1007767,0,0,0,1,0,0,0,0,N,N,Y,6,2026,1,N,PL
CUST1007768,0,0,0,1,0,0,0,0,N,N,Y,6,2026,1,Y,PL
CUST1007769,0,2,0,1,0,2,0,0,N,N,Y,6,2026,3,N,None
CUST1007770,1,0,0,1,0,0,0,0,Y,N,Y,6,2026,2,N,None
CUST1007771,0,0,0,1,0,1,0,0,N,N,Y,6,2026,2,Y,HL
CUST1007772,0,2,0,1,2,0,0,0,Y,N,Y,6,2026,3,N,CC
CUST1007773,0,2,0,1,0,0,0,0,N,N,N,6,2026,2,N,None
CUST1007774,0,0,0,1,0,0,0,0,N,N,N,6,2026,1,N,None
CUST1007775,2,0,0,1,0,0,0,0,N,N,Y,6,2026,2,N,MF
CUST1007776,0,0,0,1,0,0,0,0,N,N,Y,6,2026,1,N,None
CUST1007777,2,2,0,1,0,2,0,0,N,N,Y,6,2026,4,N,None
CUST1007778,0,2,0,1,0,2,0,0,N,N,N,6,2026,3,Y,HF
CUST1007779,0,2,0,1,0,0,1,0,N,N,Y,6,2026,3,N,None
CUST1007780,0,1,0,1,2,0,0,0,N,N,Y,6,2026,3,Y,PL
CUST1007781,0,0,0,1,0,0,0,0,N,N,N,6,2026,1,Y,PL
CUST1007782,0,0,0,1,0,2,0,0,N,N,Y,6,2026,2,Y,RD
CUST1007783,2,0,0,1,0,0,0,0,Y,N,N,6,2026,2,Y,AL
CUST1007784,0,1,0,1,0,2,0,0,N,N,Y,6,2026,3,Y,PL
CUST1007785,0,0,0,1,0,2,1,0,N,N,Y,6,2026,3,Y,CC
CUST1007786,0,2,0,1,0,0,0,0,Y,N,N,6,2026,2,Y,RD
CUST1007787,2,2,0,0,0,1,0,0,Y,N,N,6,2026,3,Y,RD
CUST1007788,0,2,0,1,0,2,0,0,N,N,Y,6,2026,3,N,None
CUST1007789,0,0,0,1,0,2,0,0,N,N,Y,6,2026,2,N,None
CUST1007790,0,0,0,1,2,0,0,0,N,Y,Y,6,2026,2,N,RD
CUST1007791,0,0,1,1,2,0,0,0,N,Y,N,6,2026,3,Y,SA
CUST1007792,0,1,0,1,0,0,0,0,N,N,N,6,2026,2,N,None
CUST1007793,0,0,0,1,0,0,0,0,N,N,N,6,2026,1,Y,AL
CUST1007794,0,2,0,1,0,0,0,1,N,N,Y,6,2026,3,N,AL
CUST1007795,0,1,0,1,0,0,0,0,N,N,N,6,2026,2,N,None
CUST1007796,0,2,0,1,0,2,0,0,N,N,N,6,2026,3,N,None
CUST1007797,0,0,0,1,0,0,1,0,N,N,Y,6,2026,2,N,None
CUST1007798,0,2,1,1,0,0,0,0,N,N,Y,6,2026,3,Y,HF
CUST1007799,0,1,0,1,0,0,0,0,N,N,N,6,2026,2,Y,AL
CUST1007800,0,0,0,1,1,0,0,1,N,N,Y,6,2026,3,N,None
CUST1007801,0,0,1,1,0,0,0,0,N,N,Y,6,2026,2,N,None
CUST1007802,0,2,0,1,0,0,0,0,N,N,Y,6,2026,2,Y,CC
CUST1007803,0,0,0,1,0,0,0,0,N,N,N,6,2026,1,N,None
CUST1007804,0,1,0,1,0,0,0,0,N,N,Y,6,2026,2,Y,AL
CUST1007805,0,0,0,1,0,0,0,0,N,N,N,6,2026,1,Y,CC
CUST1007806,1,0,0,1,0,0,0,0,N,N,Y,6,2026,2,Y,AL
CUST1007807,0,1,0,1,0,2,0,1,Y,N,Y,6,2026,4,Y,AL
CUST1007808,1,1,1,1,0,0,0,0,N,N,N,6,2026,4,Y,SA
CUST1007809,0,1,0,0,0,0,0,0,N,N,Y,6,2026,1,N,None
CUST1007810,0,0,0,1,2,2,0,0,Y,N,Y,6,2026,3,N,None
CUST1007811,0,0,0,1,0,1,1,1,N,N,N,6,2026,4,N,None
CUST1007812,0,0,0,1,0,1,0,0,Y,N,Y,6,2026,2,Y,RD
CUST1007813,0,0,0,0,0,0,0,1,N,N,N,6,2026,1,N,None
CUST1007814,2,0,0,1,0,1,0,0,Y,N,N,6,2026,3,Y,SA
CUST1007815,0,1,0,1,0,0,0,0,N,N,Y,6,2026,2,N,None
CUST1007816,0,0,0,1,0,2,0,1,N,N,N,6,2026,3,N,None
CUST1007817,0,1,0,1,0,0,0,0,N,Y,Y,6,2026,2,N,PL
CUST1007818,0,0,0,1,0,2,0,0,Y,N,N,6,2026,2,Y,PL
CUST1007819,0,0,0,1,0,0,0,0,Y,N,N,6,2026,1,Y,HL
CUST1007820,0,2,0,1,0,0,0,0,N,N,N,6,2026,2,Y,MF
CUST1007821,0,0,0,1,0,0,0,0,N,N,Y,6,2026,1,N,None
CUST1007822,0,0,0,1,0,0,0,0,N,N,Y,6,2026,1,Y,SA
CUST1007823,0,0,0,1,0,0,0,0,N,N,Y,6,2026,1,Y,CC
CUST1007824,0,2,0,1,3,1,0,0,N,N,N,6,2026,4,N,None
CUST1007825,0,0,0,1,0,1,0,0,N,N,N,6,2026,2,N,None
CUST1007826,0,0,0,1,0,0,0,0,N,N,N,6,2026,1,Y,HF
CUST1007827,0,0,0,1,0,0,0,1,N,N,Y,6,2026,2,N,None
CUST1007828,0,0,0,1,3,0,0,0,N,N,Y,6,2026,2,Y,CC
CUST1007829,0,0,0,1,0,0,0,0,N,N,Y,6,2026,1,Y,MF
CUST1007830,0,2,0,1,2,0,0,0,Y,N,Y,6,2026,3,Y,CC
CUST1007831,1,1,0,1,0,1,0,0,N,N,N,6,2026,4,N,None
CUST1007832,1,1,0,1,1,0,0,0,N,N,N,6,2026,4,N,None
CUST1007833,0,2,0,1,0,0,0,0,N,N,Y,6,2026,2,N,None
CUST1007834,0,0,0,1,3,1,0,0,N,N,N,6,2026,3,Y,PL
CUST1007835,0,0,0,1,0,0,0,0,N,N,Y,6,2026,1,Y,AL
CUST1007836,0,1,0,1,0,0,0,0,N,N,N,6,2026,2,N,None
CUST1007837,0,0,0,1,0,0,0,0,N,N,Y,6,2026,1,N,RD
CUST1007838,0,0,0,1,0,0,0,0,N,N,N,6,2026,1,Y,RD
CUST1007839,0,2,0,1,0,0,0,0,N,N,Y,6,2026,2,N,None
CUST1007840,0,0,0,1,2,0,1,1,N,N,N,6,2026,4,N,None
CUST1007841,0,0,0,1,0,0,0,0,N,N,N,6,2026,1,Y,AL
CUST1007842,0,2,0,0,0,1,0,0,N,N,N,6,2026,2,Y,AL
CUST1007843,0,0,0,1,3,0,0,0,N,N,Y,6,2026,2,N,CC
CUST1007844,2,2,0,1,0,0,1,1,N,N,N,6,2026,5,N,None
CUST1007845,0,0,0,1,2,0,0,0,N,N,N,6,2026,2,N,None
CUST1007846,0,0,0,1,0,0,0,1,N,N,Y,6,2026,2,Y,SA
CUST1007847,0,0,0,1,0,2,0,1,N,Y,Y,6,2026,3,N,None
CUST1007848,0,0,0,0,0,0,0,0,N,N,N,6,2026,0,Y,MF
CUST1007849,0,0,0,1,3,0,0,0,N,N,Y,6,2026,2,Y,SA
CUST1007850,2,0,0,1,3,0,0,0,N,N,N,6,2026,3,N,None
CUST1007851,0,0,0,1,0,0,0,0,Y,N,N,6,2026,1,N,None
CUST1007852,0,0,0,1,0,0,0,0,N,N,Y,6,2026,1,Y,SA
CUST1007853,1,0,0,1,0,0,0,0,N,N,Y,6,2026,2,N,None
CUST1007854,0,2,0,1,0,0,0,0,N,N,Y,6,2026,2,Y,CC
CUST1007855,0,2,0,1,1,0,0,0,N,N,Y,6,2026,3,N,None
CUST1007856,2,0,0,1,0,1,1,0,N,N,Y,6,2026,4,N,HF
CUST1007857,0,0,0,0,0,0,0,0,N,N,Y,6,2026,0,N,None
CUST1007858,0,1,0,1,0,2,0,0,N,N,Y,6,2026,3,N,None
CUST1007859,0,1,0,1,0,0,0,0,N,N,N,6,2026,2,N,None
CUST1007860,0,2,0,1,0,0,0,0,N,N,Y,6,2026,2,Y,AL
CUST1007861,0,2,0,1,3,0,0,0,Y,N,N,6,2026,3,Y,HL
CUST1007862,1,1,0,1,0,1,0,0,N,N,Y,6,2026,4,Y,AL
CUST1007863,0,0,0,1,0,0,0,0,N,N,Y,6,2026,1,Y,SA
CUST1007864,0,0,0,1,1,1,0,0,N,N,Y,6,2026,3,N,None
CUST1007865,0,2,0,1,0,0,0,1,N,Y,Y,6,2026,3,Y,HF
CUST1007866,1,0,0,1,0,0,0,0,N,N,Y,6,2026,2,N,None
CUST1007867,1,0,0,1,0,0,0,1,Y,N,Y,6,2026,3,N,None
CUST1007868,0,1,0,1,0,0,0,0,N,Y,N,6,2026,2,Y,HF
CUST1007869,0,1,1,1,0,1,0,0,N,N,N,6,2026,4,Y,SA
CUST1007870,0,2,0,1,0,0,0,0,N,N,N,6,2026,2,Y,RD
CUST1007871,1,1,0,1,0,0,0,0,N,N,Y,6,2026,3,Y,CC
CUST1007872,2,1,0,1,3,0,0,0,N,N,Y,6,2026,4,N,None
CUST1007873,0,0,0,1,1,0,0,0,N,N,Y,6,2026,2,N,CC
CUST1007874,0,2,0,1,3,0,0,0,N,N,Y,6,2026,3,N,None
CUST1007875,0,1,1,1,2,2,0,0,N,N,Y,6,2026,5,N,RD
CUST1007876,0,2,0,1,0,0,0,0,N,N,Y,6,2026,2,N,None
CUST1007877,0,0,0,1,3,0,0,0,N,N,Y,6,2026,2,Y,SA
CUST1007878,2,1,0,1,0,0,0,0,N,N,Y,6,2026,3,N,None
CUST1007879,0,2,0,1,0,0,0,0,N,N,Y,6,2026,2,Y,SA
CUST1007880,1,0,0,1,0,0,0,0,N,N,Y,6,2026,2,N,None
CUST1007881,0,0,0,1,0,0,0,0,Y,N,Y,6,2026,1,Y,PL
CUST1007882,1,2,0,1,0,0,1,0,N,N,Y,6,2026,4,N,None
CUST1007883,0,2,0,1,0,0,0,0,N,N,N,6,2026,2,N,None
CUST1007884,0,0,0,1,0,0,0,0,N,N,Y,6,2026,1,N,None
CUST1007885,1,0,0,1,0,0,0,0,N,N,Y,6,2026,2,N,None
CUST1007886,1,0,0,1,0,0,0,0,N,N,Y,6,2026,2,N,None
CUST1007887,0,2,0,1,0,0,0,0,N,N,Y,6,2026,2,N,None
CUST1007888,0,0,1,1,0,0,0,1,N,N,N,6,2026,3,N,None
CUST1007889,0,0,0,1,0,2,1,1,N,N,Y,6,2026,4,Y,AL
CUST1007890,1,0,0,1,0,0,0,1,N,N,N,6,2026,3,N,RD
CUST1007891,0,0,0,1,3,0,0,0,Y,N,Y,6,2026,2,Y,SA
CUST1007892,0,0,0,0,0,0,0,0,N,N,Y,6,2026,0,Y,PL
CUST1007893,0,2,0,1,0,0,0,0,N,N,N,6,2026,2,Y,RD
CUST1007894,0,0,0,1,0,0,0,0,Y,N,N,6,2026,1,Y,SA
CUST1007895,0,0,0,1,0,0,0,0,N,N,N,6,2026,1,Y,SA
CUST1007896,0,0,0,1,0,0,0,0,Y,N,N,6,2026,1,N,None
CUST1007897,0,0,1,1,0,0,0,1,N,N,N,6,2026,3,N,None
CUST1007898,0,1,0,0,0,0,0,0,N,N,Y,6,2026,1,N,None
CUST1007899,0,0,0,1,1,2,0,0,N,N,N,6,2026,3,Y,RD
CUST1007900,0,2,0,1,1,0,1,0,N,N,Y,6,2026,4,N,None
CUST1007901,0,2,0,1,0,0,0,0,N,N,N,6,2026,2,N,None
CUST1007902,0,0,0,1,0,1,0,0,Y,N,Y,6,2026,2,Y,AL
CUST1007903,0,0,0,1,0,0,0,0,Y,N,Y,6,2026,1,N,None
CUST1007904,1,0,0,1,0,0,0,0,Y,Y,N,6,2026,2,N,None
CUST1007905,0,1,0,1,0,1,0,1,N,N,Y,6,2026,4,N,CC
CUST1007906,0,0,0,1,1,1,0,0,N,N,N,6,2026,3,N,AL
CUST1007907,0,0,0,1,0,0,1,0,N,N,Y,6,2026,2,N,None
CUST1007908,1,0,0,1,3,0,0,0,N,Y,Y,6,2026,3,N,HL
CUST1007909,0,1,0,1,0,0,0,0,Y,N,N,6,2026,2,N,None
CUST1007910,0,2,0,1,1,0,0,0,Y,N,Y,6,2026,3,Y,HF
CUST1007911,1,1,1,0,0,0,0,0,N,N,N,6,2026,3,N,SA
CUST1007912,2,0,0,1,2,0,0,0,Y,N,N,6,2026,3,N,None
CUST1007913,0,2,0,1,3,0,0,0,N,N,N,6,2026,3,Y,CC
CUST1007914,1,0,0,1,0,0,0,0,N,N,Y,6,2026,2,N,None
CUST1007915,0,2,0,1,0,0,0,0,N,N,Y,6,2026,2,N,None
CUST1007916,0,0,0,1,0,2,0,0,N,N,N,6,2026,2,N,None
CUST1007917,0,0,0,0,0,2,0,0,Y,N,Y,6,2026,1,N,None
CUST1007918,0,2,0,1,0,0,0,0,N,N,Y,6,2026,2,N,None
CUST1007919,2,1,0,1,3,0,0,0,N,N,N,6,2026,4,N,None
CUST1007920,0,2,0,0,0,0,0,0,N,N,N,6,2026,1,Y,SA
CUST1007921,0,0,0,0,0,1,0,0,Y,N,Y,6,2026,1,Y,AL
CUST1007922,0,0,0,1,0,0,0,0,N,N,Y,6,2026,1,Y,HL
CUST1007923,0,2,0,1,0,0,0,0,N,N,Y,6,2026,2,N,None
CUST1007924,0,0,0,1,0,0,0,0,Y,N,N,6,2026,1,Y,MF
CUST1007925,2,0,0,1,0,0,0,0,N,N,N,6,2026,2,N,None
CUST1007926,0,0,0,1,3,0,0,0,Y,N,N,6,2026,2,Y,SA
CUST1007927,0,2,0,1,0,0,0,0,N,N,Y,6,2026,2,Y,SA
CUST1007928,0,0,0,1,0,1,1,0,N,N,Y,6,2026,3,Y,RD
CUST1007929,0,0,0,1,0,0,0,0,N,N,N,6,2026,1,Y,HF
CUST1007930,0,1,0,1,0,0,0,0,N,N,Y,6,2026,2,N,None
CUST1007931,1,2,0,1,0,0,0,0,N,N,Y,6,2026,3,N,None
CUST1007932,0,0,0,1,0,0,0,1,N,N,Y,6,2026,2,N,None
CUST1007933,0,0,0,1,0,1,0,0,N,Y,Y,6,2026,2,Y,PL
CUST1007934,0,0,0,1,0,2,0,0,N,N,Y,6,2026,2,Y,MF
CUST1007935,2,0,0,1,3,2,0,0,N,N,Y,6,2026,4,N,None
CUST1007936,0,0,0,1,2,1,0,1,Y,N,Y,6,2026,4,N,None
CUST1007937,0,0,0,1,0,0,0,0,N,N,Y,6,2026,1,Y,MF
CUST1007938,0,1,0,0,1,0,0,0,N,N,Y,6,2026,2,N,AL
CUST1007939,0,0,0,1,0,0,0,0,Y,N,N,6,2026,1,N,None
CUST1007940,0,1,0,1,0,1,0,0,N,N,Y,6,2026,3,N,None
CUST1007941,0,0,0,1,0,0,0,0,N,N,N,6,2026,1,Y,PL
CUST1007942,0,1,0,1,0,0,0,0,N,N,Y,6,2026,2,N,None
CUST1007943,0,1,0,1,3,0,0,0,N,N,N,6,2026,3,N,None
CUST1007944,0,0,0,1,3,0,0,0,N,N,Y,6,2026,2,Y,RD
CUST1007945,0,0,0,1,3,2,0,0,N,N,Y,6,2026,3,Y,CC
CUST1007946,1,0,0,1,0,0,0,0,N,N,N,6,2026,2,N,None
CUST1007947,0,0,0,1,0,0,0,0,Y,N,N,6,2026,1,N,None
CUST1007948,0,0,0,1,0,0,0,0,Y,N,Y,6,2026,1,N,SA
CUST1007949,1,0,0,1,3,0,0,0,N,N,N,6,2026,3,N,None
CUST1007950,0,0,0,1,0,2,0,0,N,N,N,6,2026,2,N,None
CUST1007951,2,0,1,1,2,0,0,0,N,N,Y,6,2026,4,Y,PL
CUST1007952,0,2,0,1,0,0,0,1,N,Y,Y,6,2026,3,N,None
CUST1007953,0,0,0,1,0,0,0,0,N,N,Y,6,2026,1,N,None
CUST1007954,0,1,1,1,0,1,0,0,Y,N,N,6,2026,4,N,None
CUST1007955,0,0,0,1,0,2,0,0,N,N,N,6,2026,2,N,None
CUST1007956,0,1,0,1,1,0,0,0,N,N,N,6,2026,3,N,None
CUST1007957,0,0,0,1,0,0,0,0,N,N,N,6,2026,1,N,None
CUST1007958,0,0,0,1,2,0,0,1,N,N,Y,6,2026,3,N,None
CUST1007959,0,1,0,1,0,1,1,0,Y,N,Y,6,2026,4,N,None
CUST1007960,0,0,1,1,3,2,0,0,N,N,N,6,2026,4,N,None
CUST1007961,0,0,0,1,1,0,1,0,N,N,Y,6,2026,3,Y,MF
CUST1007962,0,0,0,1,0,0,0,0,N,N,Y,6,2026,1,N,None
CUST1007963,0,0,0,1,0,0,0,0,N,N,N,6,2026,1,Y,PL
CUST1007964,0,0,0,1,0,0,0,0,N,N,Y,6,2026,1,N,None
CUST1007965,0,1,0,1,0,0,0,0,N,N,Y,6,2026,2,N,AL
CUST1007966,1,0,0,1,0,0,0,0,N,N,Y,6,2026,2,N,None
CUST1007967,0,1,0,1,2,0,0,0,N,N,Y,6,2026,3,Y,SA
CUST1007968,0,0,1,1,0,0,0,0,N,N,Y,6,2026,2,N,None
CUST1007969,0,2,0,1,0,0,0,0,N,N,Y,6,2026,2,N,None
CUST1007970,0,0,0,1,0,0,0,0,N,N,Y,6,2026,1,Y,RD
CUST1007971,0,0,0,1,3,2,1,1,N,N,Y,6,2026,5,Y,RD
CUST1007972,0,0,0,1,1,0,0,1,N,N,Y,6,2026,3,N,None
CUST1007973,0,0,0,1,2,0,0,0,N,N,Y,6,2026,2,Y,CC
CUST1007974,0,0,0,1,0,2,0,0,Y,N,Y,6,2026,2,Y,MF
CUST1007975,0,0,0,1,0,1,0,0,N,N,Y,6,2026,2,N,None
CUST1007976,0,2,0,1,0,0,0,0,N,N,Y,6,2026,2,N,HF
CUST1007977,0,0,0,1,0,0,0,0,N,N,N,6,2026,1,Y,SA
CUST1007978,0,0,0,1,0,2,1,0,Y,N,Y,6,2026,3,N,SA
CUST1007979,0,2,0,1,0,0,0,0,N,N,Y,6,2026,2,Y,MF
CUST1007980,2,1,0,1,0,1,1,0,N,N,Y,6,2026,5,Y,RD
CUST1007981,2,2,0,1,0,2,1,0,N,N,N,6,2026,5,Y,AL
CUST1007982,1,0,0,1,0,0,0,0,N,N,Y,6,2026,2,N,None
CUST1007983,0,0,0,1,0,0,0,0,N,N,N,6,2026,1,Y,PL
CUST1007984,0,0,0,1,1,0,1,0,N,N,Y,6,2026,3,Y,PL
CUST1007985,0,2,0,1,0,0,0,0,N,N,Y,6,2026,2,N,None
CUST1007986,0,0,0,1,0,1,0,0,N,N,N,6,2026,2,N,None
CUST1007987,0,0,0,1,0,0,0,0,Y,N,Y,6,2026,1,N,None
CUST1007988,0,0,0,1,0,0,0,0,N,N,Y,6,2026,1,Y,MF
CUST1007989,0,1,0,1,0,0,0,0,N,N,N,6,2026,2,N,None
CUST1007990,0,0,0,1,0,0,0,0,N,N,N,6,2026,1,N,None
CUST1007991,0,0,0,1,0,0,0,0,N,N,Y,6,2026,1,N,CC
CUST1007992,2,2,0,1,0,0,0,0,N,N,N,6,2026,3,Y,PL
CUST1007993,0,0,0,1,1,0,0,1,Y,N,Y,6,2026,3,Y,SA
CUST1007994,0,2,0,1,1,2,1,0,N,N,N,6,2026,5,N,None
CUST1007995,1,0,0,1,3,0,0,0,N,N,N,6,2026,3,Y,CC
CUST1007996,0,0,0,1,3,0,1,0,N,N,Y,6,2026,3,N,None
CUST1007997,0,2,0,1,0,0,0,0,N,N,N,6,2026,2,N,None
CUST1007998,1,0,0,1,2,0,0,0,N,N,Y,6,2026,3,Y,SA
CUST1007999,1,0,0,1,0,1,0,0,N,N,Y,6,2026,3,N,None
CUST1008000,1,0,0,1,0,0,0,1,N,N,Y,6,2026,3,N,None
CUST1008001,0,0,0,1,1,0,0,0,N,N,N,6,2026,2,N,None
CUST1008002,0,0,0,1,0,1,0,0,N,Y,N,6,2026,2,N,PL
CUST1008003,0,0,0,1,0,0,0,0,N,N,Y,6,2026,1,Y,AL
CUST1008004,0,2,0,1,0,2,0,0,Y,N,N,6,2026,3,N,None
CUST1008005,0,0,0,1,0,0,0,0,N,N,N,6,2026,1,Y,SA
CUST1008006,0,0,0,1,0,0,0,0,N,N,Y,6,2026,1,N,None
CUST1008007,0,0,0,1,0,0,0,0,Y,N,Y,6,2026,1,Y,CC
CUST1008008,0,0,0,1,0,2,0,0,N,N,Y,6,2026,2,Y,AL
CUST1008009,0,0,0,1,0,2,0,0,N,N,Y,6,2026,2,Y,CC
CUST1008010,2,2,0,1,0,0,0,0,N,N,N,6,2026,3,Y,PL
CUST1008011,0,0,0,1,0,0,0,0,N,N,Y,6,2026,1,N,None
CUST1008012,0,0,0,0,0,0,0,0,N,N,N,6,2026,0,N,None
CUST1008013,0,0,0,1,0,2,0,1,N,N,N,6,2026,3,Y,SA
CUST1008014,0,0,0,1,0,0,0,0,N,N,Y,6,2026,1,N,None
CUST1008015,0,0,0,1,0,0,0,0,N,N,Y,6,2026,1,N,None
CUST1008016,0,0,0,1,0,0,0,0,N,N,N,6,2026,1,N,None
CUST1008017,0,1,0,1,0,0,0,0,Y,N,Y,6,2026,2,Y,HL
CUST1008018,2,1,0,1,0,0,0,0,Y,N,Y,6,2026,3,N,None
CUST1008019,0,0,1,1,0,0,0,0,N,N,N,6,2026,2,N,None
CUST1008020,2,0,0,1,0,0,0,0,N,Y,Y,6,2026,2,Y,SA
CUST1008021,0,0,0,1,2,0,0,0,Y,N,N,6,2026,2,Y,CC
CUST1008022,0,0,0,1,0,0,0,0,N,N,Y,6,2026,1,N,None
CUST1008023,0,2,0,1,0,0,0,0,N,N,N,6,2026,2,N,None
CUST1008024,0,0,0,1,0,2,0,0,N,N,N,6,2026,2,Y,AL
CUST1008025,0,0,0,1,0,0,0,1,N,N,N,6,2026,2,N,None
CUST1008026,0,2,0,1,1,0,0,0,Y,N,N,6,2026,3,N,None
CUST1008027,2,0,0,1,0,0,0,0,Y,N,Y,6,2026,2,Y,AL
CUST1008028,0,0,0,1,0,1,0,0,N,N,N,6,2026,2,Y,CC
CUST1008029,0,2,0,1,0,0,0,0,Y,N,N,6,2026,2,N,CC
CUST1008030,0,1,0,1,0,0,0,0,N,N,Y,6,2026,2,N,None
CUST1008031,0,0,0,1,3,0,0,0,N,N,N,6,2026,2,N,None
CUST1008032,0,0,0,1,0,0,1,0,N,N,Y,6,2026,2,Y,HL
CUST1008033,0,1,0,1,2,0,1,0,N,N,N,6,2026,4,N,None
CUST1008034,2,2,0,1,0,0,0,0,Y,N,N,6,2026,3,N,None
CUST1008035,0,0,0,1,2,0,0,0,N,N,Y,6,2026,2,N,None
CUST1008036,0,0,0,1,0,1,0,0,N,N,Y,6,2026,2,N,None
CUST1008037,2,2,0,1,3,2,0,0,N,Y,N,6,2026,5,N,None
CUST1008038,0,0,0,1,0,2,0,0,N,N,N,6,2026,2,N,None
CUST1008039,0,1,0,1,0,0,0,0,N,N,Y,6,2026,2,Y,HL
CUST1008040,0,0,0,1,2,0,1,0,Y,Y,N,6,2026,3,Y,RD
CUST1008041,0,1,0,1,0,0,1,0,N,N,N,6,2026,3,Y,MF
CUST1008042,0,0,0,1,2,0,1,0,Y,N,Y,6,2026,3,Y,PL
CUST1008043,0,0,0,1,1,0,0,0,Y,N,N,6,2026,2,Y,CC
CUST1008044,0,0,0,1,0,0,0,0,N,N,Y,6,2026,1,N,None
CUST1008045,0,0,0,1,0,2,0,0,N,N,N,6,2026,2,Y,PL
CUST1008046,0,0,0,1,0,0,0,0,N,N,N,6,2026,1,Y,MF
CUST1008047,0,0,0,1,0,1,0,0,N,Y,N,6,2026,2,N,None
CUST1008048,0,1,1,1,2,0,0,0,N,N,N,6,2026,4,N,None
CUST1008049,0,0,0,1,0,0,0,1,N,N,N,6,2026,2,Y,PL
CUST1008050,0,0,0,1,2,0,0,0,Y,N,Y,6,2026,2,N,None
CUST1008051,0,0,0,0,0,0,0,0,N,N,N,6,2026,0,N,HL
CUST1008052,0,0,0,1,0,1,0,0,N,N,Y,6,2026,2,N,None
CUST1008053,0,0,0,1,2,1,0,0,Y,N,N,6,2026,3,N,MF
CUST1008054,0,0,0,1,1,0,0,0,N,N,N,6,2026,2,N,None
CUST1008055,0,0,0,1,0,1,0,0,N,N,Y,6,2026,2,N,None
CUST1008056,0,2,0,1,0,0,0,0,N,N,Y,6,2026,2,Y,RD
CUST1008057,0,2,0,1,2,0,0,0,Y,N,N,6,2026,3,N,None
CUST1008058,2,0,0,1,3,1,0,0,N,N,N,6,2026,4,Y,SA
CUST1008059,0,0,0,1,0,0,1,0,Y,N,N,6,2026,2,N,None
CUST1008060,0,2,0,1,0,0,0,1,N,N,Y,6,2026,3,Y,SA
CUST1008061,0,0,0,1,0,1,0,0,N,N,N,6,2026,2,N,AL
CUST1008062,0,1,0,1,3,0,1,0,N,Y,N,6,2026,4,N,None
CUST1008063,0,0,0,1,0,0,0,0,N,N,N,6,2026,1,Y,AL
CUST1008064,0,1,0,1,1,2,0,0,N,N,N,6,2026,4,Y,AL
CUST1008065,0,0,0,1,2,0,0,0,Y,N,Y,6,2026,2,Y,PL
CUST1008066,0,0,0,1,0,0,0,0,N,N,Y,6,2026,1,N,MF
CUST1008067,0,0,0,1,0,0,0,0,N,N,N,6,2026,1,Y,MF
CUST1008068,0,0,0,1,0,0,0,0,N,N,Y,6,2026,1,Y,PL
CUST1008069,0,0,0,1,0,0,0,0,Y,N,N,6,2026,1,N,None
CUST1008070,0,0,0,1,0,1,1,0,Y,N,Y,6,2026,3,N,None
CUST1008071,0,2,0,1,0,0,0,0,N,N,Y,6,2026,2,N,None
CUST1008072,0,0,0,1,0,0,0,0,N,N,N,6,2026,1,Y,SA
CUST1008073,2,2,0,1,0,0,0,0,N,N,Y,6,2026,3,N,None
CUST1008074,0,0,0,1,1,0,0,0,N,Y,N,6,2026,2,N,None
CUST1008075,0,0,0,1,3,1,0,0,N,Y,Y,6,2026,3,N,None
CUST1008076,0,2,0,1,0,1,1,0,N,N,Y,6,2026,4,Y,HF
CUST1008077,0,0,0,1,0,0,1,0,N,N,N,6,2026,2,N,AL
CUST1008078,2,1,0,1,3,0,0,0,N,N,N,6,2026,4,N,PL
CUST1008079,0,0,0,1,3,2,0,0,N,N,Y,6,2026,3,N,None
CUST1008080,0,0,0,1,0,0,1,0,Y,N,N,6,2026,2,N,None
CUST1008081,0,0,0,1,3,0,0,0,N,N,Y,6,2026,2,Y,MF
CUST1008082,0,1,1,1,0,0,0,0,N,Y,Y,6,2026,3,Y,CC
CUST1008083,0,0,0,1,0,0,0,0,N,N,N,6,2026,1,N,None
CUST1008084,0,2,0,1,0,2,0,0,N,N,Y,6,2026,3,N,None
CUST1008085,0,0,0,1,1,2,0,0,N,N,N,6,2026,3,N,None
CUST1008086,0,0,0,1,0,0,0,0,N,N,Y,6,2026,1,N,None
CUST1008087,0,1,0,1,2,0,0,0,N,Y,N,6,2026,3,Y,HL
CUST1008088,0,0,0,1,3,0,0,0,N,N,N,6,2026,2,N,AL
CUST1008089,0,0,0,1,0,0,0,0,N,N,N,6,2026,1,N,None
CUST1008090,0,0,0,1,3,0,0,0,N,N,N,6,2026,2,N,None
CUST1008091,0,0,0,1,3,0,0,0,N,N,Y,6,2026,2,Y,SA
CUST1008092,0,0,0,1,2,0,0,0,N,N,N,6,2026,2,Y,AL
CUST1008093,0,1,0,0,0,1,0,0,N,N,Y,6,2026,2,N,None
CUST1008094,0,0,1,1,0,0,0,0,Y,Y,Y,6,2026,2,N,None
CUST1008095,2,1,0,1,0,0,0,0,N,N,Y,6,2026,3,N,None
CUST1008096,0,1,0,1,0,0,0,0,Y,N,Y,6,2026,2,N,None
CUST1008097,2,0,0,1,2,0,1,0,N,N,N,6,2026,4,Y,SA
CUST1008098,0,1,0,1,3,0,0,0,N,N,N,6,2026,3,N,None
CUST1008099,0,2,0,1,2,0,0,0,N,Y,N,6,2026,3,N,None
CUST1008100,2,1,0,1,0,0,0,1,N,N,N,6,2026,4,N,None
CUST1008101,0,0,0,1,1,0,0,0,Y,N,Y,6,2026,2,N,HL
CUST1008102,0,0,0,1,0,0,0,0,Y,N,Y,6,2026,1,Y,RD
CUST1008103,0,2,0,1,0,0,0,0,N,N,Y,6,2026,2,N,HL
CUST1008104,0,2,0,1,3,0,0,0,Y,N,Y,6,2026,3,N,None
CUST1008105,0,0,0,1,0,0,1,0,N,N,N,6,2026,2,N,None
CUST1008106,0,0,0,1,3,1,0,0,N,N,N,6,2026,3,N,None
CUST1008107,0,0,0,1,2,0,0,0,N,N,Y,6,2026,2,Y,RD
CUST1008108,0,2,0,1,0,0,0,0,N,N,Y,6,2026,2,Y,CC
CUST1008109,0,2,0,1,0,0,0,0,N,N,N,6,2026,2,Y,AL
CUST1008110,1,0,0,1,0,0,0,1,N,N,N,6,2026,3,Y,AL
CUST1008111,2,1,0,0,1,0,0,0,N,N,Y,6,2026,3,Y,AL
CUST1008112,0,0,0,1,0,0,0,0,Y,N,Y,6,2026,1,Y,CC
CUST1008113,1,0,1,1,0,0,0,0,Y,Y,N,6,2026,3,Y,HF
CUST1008114,0,0,0,1,0,2,0,0,N,N,Y,6,2026,2,N,None
CUST1008115,0,0,0,1,2,0,1,0,Y,N,N,6,2026,3,N,MF
CUST1008116,0,0,0,1,0,1,0,0,Y,N,Y,6,2026,2,N,None
CUST1008117,0,2,0,1,0,0,0,0,N,Y,N,6,2026,2,N,None
CUST1008118,1,2,0,1,3,1,0,0,N,N,N,6,2026,5,N,None
CUST1008119,0,0,0,1,0,0,0,0,Y,N,Y,6,2026,1,Y,AL
CUST1008120,0,0,0,1,0,1,0,0,N,N,N,6,2026,2,N,None
CUST1008121,0,2,0,1,0,0,0,0,N,N,N,6,2026,2,Y,MF
CUST1008122,2,0,0,1,2,0,0,0,N,N,N,6,2026,3,Y,SA
CUST1008123,0,0,0,1,0,0,0,0,N,N,N,6,2026,1,N,None
CUST1008124,2,0,0,1,0,0,0,0,N,N,N,6,2026,2,N,None
CUST1008125,0,0,0,1,0,0,1,0,N,N,Y,6,2026,2,Y,HF
CUST1008126,0,0,0,1,0,1,0,0,N,N,N,6,2026,2,Y,CC
CUST1008127,2,0,0,1,0,2,0,0,N,N,N,6,2026,3,N,None
CUST1008128,2,0,1,1,0,2,0,0,N,N,N,6,2026,4,Y,CC
CUST1008129,0,0,0,1,1,1,0,0,Y,N,Y,6,2026,3,Y,CC
CUST1008130,0,2,0,1,0,1,1,0,N,N,Y,6,2026,4,N,None
CUST1008131,0,0,0,1,0,2,1,0,N,N,Y,6,2026,3,N,None
CUST1008132,0,0,0,1,0,0,0,0,N,N,Y,6,2026,1,Y,PL
CUST1008133,0,0,0,1,0,0,0,0,N,N,Y,6,2026,1,N,None
CUST1008134,0,2,0,1,3,1,0,0,Y,N,Y,6,2026,4,N,CC
CUST1008135,1,0,0,1,0,0,0,0,N,N,Y,6,2026,2,N,None
CUST1008136,0,2,0,1,0,0,0,0,N,N,N,6,2026,2,N,None
CUST1008137,0,1,0,0,2,0,0,0,N,N,N,6,2026,2,N,None
CUST1008138,0,0,0,1,0,2,0,1,N,N,Y,6,2026,3,Y,SA
CUST1008139,0,0,0,1,0,0,0,1,N,N,Y,6,2026,2,Y,HF
CUST1008140,0,0,0,1,0,0,0,0,N,N,N,6,2026,1,Y,MF
CUST1008141,0,0,1,1,0,2,0,0,N,N,Y,6,2026,3,N,None
CUST1008142,0,0,0,1,0,2,0,1,N,N,Y,6,2026,3,Y,SA
CUST1008143,0,0,0,1,0,0,0,1,N,N,Y,6,2026,2,N,None
CUST1008144,1,2,0,0,0,0,0,0,N,N,Y,6,2026,2,Y,MF
CUST1008145,0,1,0,1,0,2,0,0,N,N,Y,6,2026,3,N,None
CUST1008146,0,2,0,1,0,0,0,1,N,Y,N,6,2026,3,N,None
CUST1008147,0,0,0,1,0,0,0,0,N,N,Y,6,2026,1,N,None
CUST1008148,0,2,0,1,2,0,0,0,Y,N,Y,6,2026,3,Y,CC
CUST1008149,2,2,0,1,0,0,0,0,N,N,N,6,2026,3,Y,CC
CUST1008150,1,2,0,1,0,0,0,0,N,N,Y,6,2026,3,N,None
CUST1008151,0,0,0,1,2,1,0,0,Y,N,N,6,2026,3,N,None
CUST1008152,0,2,0,1,1,0,0,0,N,N,Y,6,2026,3,N,HL
CUST1008153,0,0,0,0,0,0,0,0,N,N,N,6,2026,0,Y,RD
CUST1008154,1,2,0,1,0,0,1,1,N,N,Y,6,2026,5,N,None
CUST1008155,1,0,0,1,0,0,0,0,N,N,Y,6,2026,2,N,None
CUST1008156,0,0,0,1,0,1,0,0,N,N,Y,6,2026,2,Y,SA
CUST1008157,0,2,0,1,0,0,0,0,N,N,N,6,2026,2,N,None
CUST1008158,0,0,0,1,0,0,0,0,N,N,N,6,2026,1,N,None
CUST1008159,0,0,0,1,0,0,1,0,N,Y,Y,6,2026,2,Y,AL
CUST1008160,0,0,0,1,0,0,0,0,N,N,N,6,2026,1,N,None
CUST1008161,0,0,0,1,0,0,0,0,N,N,N,6,2026,1,N,None
CUST1008162,2,2,0,1,0,0,0,0,N,Y,N,6,2026,3,Y,SA
CUST1008163,2,2,0,1,0,1,0,1,N,N,Y,6,2026,5,Y,PL
CUST1008164,0,2,0,1,0,0,0,0,N,N,Y,6,2026,2,Y,CC
CUST1008165,0,0,0,1,1,0,0,0,N,N,N,6,2026,2,N,None
CUST1008166,0,0,0,1,3,0,0,0,Y,N,N,6,2026,2,N,MF
CUST1008167,0,0,0,1,0,2,0,0,Y,N,N,6,2026,2,N,None
CUST1008168,0,0,0,1,3,0,0,0,N,N,N,6,2026,2,N,None
CUST1008169,0,0,0,1,0,0,0,0,Y,N,N,6,2026,1,N,CC
CUST1008170,0,1,0,1,3,0,0,0,Y,Y,Y,6,2026,3,N,None
CUST1008171,2,0,0,1,0,0,0,0,N,N,Y,6,2026,2,Y,AL
CUST1008172,0,0,0,1,1,0,0,1,Y,N,Y,6,2026,3,Y,CC
CUST1008173,0,0,0,1,0,0,0,0,N,N,Y,6,2026,1,N,SA
CUST1008174,0,0,0,1,0,2,0,0,N,N,Y,6,2026,2,Y,HF
CUST1008175,0,1,0,1,0,0,0,0,N,N,N,6,2026,2,N,None
CUST1008176,0,0,0,1,0,2,1,0,N,N,Y,6,2026,3,N,None
CUST1008177,0,0,0,1,0,2,0,0,N,N,Y,6,2026,2,N,None
CUST1008178,0,0,0,1,0,0,1,0,N,N,N,6,2026,2,N,None
CUST1008179,0,0,0,1,0,0,0,1,N,N,Y,6,2026,2,Y,HL
CUST1008180,0,2,0,1,0,0,0,0,N,N,Y,6,2026,2,N,None
CUST1008181,0,0,0,0,0,0,0,0,N,Y,Y,6,2026,0,N,None
CUST1008182,0,2,0,1,0,0,0,0,N,N,Y,6,2026,2,Y,RD
CUST1008183,0,1,0,1,0,0,0,0,N,N,Y,6,2026,2,Y,RD
CUST1008184,2,2,0,1,0,2,0,0,N,N,N,6,2026,4,N,None
CUST1008185,0,2,0,1,0,0,0,0,N,N,Y,6,2026,2,Y,AL
CUST1008186,0,0,0,1,0,0,0,0,N,N,Y,6,2026,1,N,AL
CUST1008187,0,1,0,1,3,0,0,0,N,N,Y,6,2026,3,Y,RD
CUST1008188,0,0,0,1,0,0,0,0,Y,N,N,6,2026,1,Y,PL
CUST1008189,2,0,0,1,0,2,0,0,N,N,N,6,2026,3,Y,CC
CUST1008190,0,1,0,1,0,0,0,0,N,N,N,6,2026,2,N,None
CUST1008191,0,1,0,1,0,0,0,1,N,N,N,6,2026,3,N,RD
CUST1008192,0,2,0,1,0,0,1,0,N,N,Y,6,2026,3,Y,HL
CUST1008193,0,0,0,1,3,0,0,0,N,N,Y,6,2026,2,N,None
CUST1008194,0,2,0,1,0,0,0,0,N,Y,N,6,2026,2,N,None
CUST1008195,0,0,0,1,0,0,0,0,N,N,Y,6,2026,1,Y,HL
CUST1008196,0,0,0,1,0,0,0,0,N,N,Y,6,2026,1,N,None
CUST1008197,0,1,0,1,1,1,0,0,N,N,N,6,2026,4,N,None
CUST1008198,2,0,0,1,0,1,0,0,N,Y,N,6,2026,3,N,RD
CUST1008199,0,1,1,1,0,0,0,0,N,N,Y,6,2026,3,N,None
CUST1008200,0,0,0,1,0,0,0,0,N,Y,Y,6,2026,1,Y,CC
CUST1008201,0,0,0,0,0,0,0,0,N,N,Y,6,2026,0,N,None
CUST1008202,0,0,0,1,0,2,0,0,N,N,N,6,2026,2,N,None
CUST1008203,0,2,0,1,1,1,0,0,Y,N,Y,6,2026,4,Y,HF
CUST1008204,0,0,0,1,1,0,0,0,Y,N,N,6,2026,2,N,None
CUST1008205,0,0,0,1,0,1,0,0,N,N,Y,6,2026,2,N,None
CUST1008206,0,2,0,1,1,0,0,0,N,N,N,6,2026,3,N,None
CUST1008207,0,0,0,1,0,1,0,0,N,N,Y,6,2026,2,Y,RD
CUST1008208,0,2,0,1,0,0,0,0,N,N,N,6,2026,2,N,None
CUST1008209,0,2,0,1,0,0,1,1,N,N,N,6,2026,4,N,None
CUST1008210,0,0,0,1,0,0,0,0,N,N,Y,6,2026,1,Y,PL
CUST1008211,0,0,0,1,1,0,1,0,N,N,N,6,2026,3,Y,CC
CUST1008212,1,0,0,1,2,0,1,1,Y,N,Y,6,2026,5,Y,AL
CUST1008213,0,0,0,1,2,0,0,1,Y,N,N,6,2026,3,N,None
CUST1008214,0,2,0,1,1,0,0,0,Y,N,N,6,2026,3,Y,CC
CUST1008215,0,0,0,1,0,0,0,0,N,Y,Y,6,2026,1,Y,CC
CUST1008216,0,2,0,1,0,1,0,0,N,N,Y,6,2026,3,N,None
CUST1008217,0,0,0,1,0,1,0,0,N,N,Y,6,2026,2,Y,SA
CUST1008218,0,1,1,1,1,0,0,0,Y,N,Y,6,2026,4,N,None
CUST1008219,0,0,0,1,0,0,0,0,N,N,N,6,2026,1,Y,SA
CUST1008220,0,0,0,1,0,0,0,0,N,N,N,6,2026,1,N,SA
CUST1008221,0,2,0,1,0,1,0,0,Y,N,Y,6,2026,3,Y,AL
CUST1008222,0,0,0,1,0,0,1,0,N,N,N,6,2026,2,Y,MF
CUST1008223,0,0,0,1,0,1,0,0,Y,N,N,6,2026,2,Y,SA
CUST1008224,0,0,0,1,1,1,1,0,N,N,N,6,2026,4,N,AL
CUST1008225,0,0,0,1,2,2,0,0,N,N,N,6,2026,3,N,None
CUST1008226,0,2,0,0,0,0,0,0,Y,N,Y,6,2026,1,N,None
CUST1008227,0,0,0,1,0,0,0,0,Y,N,N,6,2026,1,N,None
CUST1008228,2,1,0,1,3,2,0,0,N,N,N,6,2026,5,Y,RD
CUST1008229,0,0,0,1,0,1,1,0,N,N,N,6,2026,3,N,None
CUST1008230,1,0,0,1,0,1,0,0,N,N,Y,6,2026,3,N,None
CUST1008231,2,0,0,1,1,0,0,0,N,N,Y,6,2026,3,Y,CC
CUST1008232,0,0,0,1,0,0,0,0,N,Y,Y,6,2026,1,Y,RD
CUST1008233,0,0,0,1,0,1,0,0,N,N,Y,6,2026,2,N,None
CUST1008234,1,0,0,1,0,2,0,0,N,N,N,6,2026,3,N,None
CUST1008235,1,0,0,1,0,0,0,0,Y,N,N,6,2026,2,Y,CC
CUST1008236,0,0,0,1,0,0,0,0,N,N,N,6,2026,1,Y,SA
CUST1008237,0,2,0,1,0,2,0,0,N,N,N,6,2026,3,Y,HL
CUST1008238,0,0,0,1,0,2,0,0,N,N,Y,6,2026,2,N,None
CUST1008239,2,0,0,1,0,0,0,0,N,N,Y,6,2026,2,N,None
CUST1008240,2,0,0,1,2,1,0,0,N,N,Y,6,2026,4,N,None
CUST1008241,0,0,0,1,0,0,0,0,N,N,Y,6,2026,1,N,None
CUST1008242,0,0,0,1,0,0,0,1,N,N,N,6,2026,2,N,MF
CUST1008243,0,0,0,1,0,0,0,0,Y,N,N,6,2026,1,Y,AL
CUST1008244,0,1,0,1,0,2,0,0,N,Y,N,6,2026,3,N,None
CUST1008245,0,0,0,1,0,0,0,0,N,N,N,6,2026,1,Y,HL
CUST1008246,1,0,0,1,0,2,1,0,N,N,Y,6,2026,4,N,None
CUST1008247,0,0,0,1,0,0,0,0,N,N,N,6,2026,1,Y,CC
CUST1008248,0,1,0,1,3,0,0,0,N,N,Y,6,2026,3,Y,AL
CUST1008249,0,0,0,1,0,0,0,0,Y,Y,N,6,2026,1,N,None
CUST1008250,2,1,0,0,2,1,0,0,N,N,Y,6,2026,4,Y,MF
CUST1008251,0,0,1,0,1,1,0,1,N,N,N,6,2026,4,N,MF
CUST1008252,0,2,0,1,3,0,0,0,Y,N,Y,6,2026,3,N,SA
CUST1008253,0,0,0,0,0,0,0,0,N,N,Y,6,2026,0,Y,SA
CUST1008254,0,1,0,1,0,0,0,0,N,N,Y,6,2026,2,Y,SA
CUST1008255,0,0,0,1,1,0,0,0,N,N,Y,6,2026,2,Y,RD
CUST1008256,1,0,0,1,0,0,0,0,N,Y,Y,6,2026,2,N,None
CUST1008257,0,0,0,1,0,0,0,0,N,N,N,6,2026,1,Y,HL
CUST1008258,2,0,0,1,2,0,0,1,N,Y,N,6,2026,4,N,None
CUST1008259,0,1,0,1,1,0,0,0,N,N,N,6,2026,3,N,CC
CUST1008260,0,0,0,1,0,0,0,1,N,N,N,6,2026,2,Y,AL
CUST1008261,0,2,0,1,0,0,1,0,N,N,N,6,2026,3,Y,HL
CUST1008262,0,2,0,1,0,0,0,0,N,N,Y,6,2026,2,N,None
CUST1008263,0,2,0,1,0,2,0,0,Y,N,N,6,2026,3,Y,CC
CUST1008264,0,2,0,0,0,0,0,0,N,N,N,6,2026,1,Y,CC
CUST1008265,0,0,0,1,0,1,0,0,N,Y,N,6,2026,2,Y,SA
CUST1008266,0,2,0,1,0,0,0,1,Y,N,N,6,2026,3,N,RD
CUST1008267,0,1,0,1,0,0,0,0,N,N,Y,6,2026,2,N,None
CUST1008268,0,0,0,1,1,0,0,0,N,N,N,6,2026,2,N,MF
CUST1008269,0,2,0,1,0,0,0,0,N,N,Y,6,2026,2,N,None
CUST1008270,0,0,1,1,0,0,0,0,N,N,N,6,2026,2,N,None
CUST1008271,0,1,0,1,0,1,0,0,N,N,Y,6,2026,3,Y,MF
CUST1008272,0,0,0,1,0,0,0,0,N,Y,N,6,2026,1,Y,MF
CUST1008273,0,0,0,1,2,0,0,0,N,N,N,6,2026,2,N,None
CUST1008274,0,0,0,1,0,0,0,0,N,N,Y,6,2026,1,N,None
CUST1008275,0,2,0,1,0,0,0,1,N,N,Y,6,2026,3,N,AL
CUST1008276,0,2,0,1,2,2,0,0,N,N,Y,6,2026,4,N,RD
CUST1008277,0,2,0,1,0,0,0,0,N,N,Y,6,2026,2,Y,PL
CUST1008278,0,0,0,0,0,0,0,0,N,N,Y,6,2026,0,N,None
CUST1008279,0,0,0,1,0,0,0,1,N,N,Y,6,2026,2,N,None
CUST1008280,0,2,0,1,0,0,0,0,N,N,N,6,2026,2,N,None
CUST1008281,0,0,1,1,3,0,0,0,Y,N,Y,6,2026,3,N,None
CUST1008282,0,0,0,1,0,0,0,0,N,N,Y,6,2026,1,Y,HF
CUST1008283,0,0,0,1,0,0,0,0,Y,N,N,6,2026,1,N,None
CUST1008284,0,2,0,1,2,0,0,0,N,N,Y,6,2026,3,Y,CC
CUST1008285,0,1,0,1,0,0,0,0,N,N,Y,6,2026,2,N,None
CUST1008286,0,0,0,1,0,0,0,0,N,N,N,6,2026,1,N,None
CUST1008287,0,0,0,1,0,0,0,0,N,N,Y,6,2026,1,N,None
CUST1008288,1,1,0,1,0,0,0,0,N,N,N,6,2026,3,N,None
CUST1008289,2,0,0,0,0,1,0,0,N,N,N,6,2026,2,Y,RD
CUST1008290,0,2,0,1,0,0,0,1,Y,N,Y,6,2026,3,N,None
CUST1008291,0,1,0,0,0,0,0,0,Y,N,Y,6,2026,1,N,PL
CUST1008292,0,2,0,1,0,0,1,0,Y,N,N,6,2026,3,N,SA
CUST1008293,0,0,0,1,0,2,0,0,N,Y,Y,6,2026,2,Y,MF
CUST1008294,1,0,0,1,0,0,1,0,N,N,Y,6,2026,3,Y,CC
CUST1008295,0,0,1,1,0,0,0,0,N,N,Y,6,2026,2,Y,RD
CUST1008296,0,0,0,1,0,0,0,0,Y,N,N,6,2026,1,Y,AL
CUST1008297,0,0,0,1,0,1,0,0,N,N,N,6,2026,2,N,None
CUST1008298,0,0,0,1,0,2,0,0,Y,N,Y,6,2026,2,N,None
CUST1008299,1,0,0,1,2,0,1,0,N,N,Y,6,2026,4,Y,CC
CUST1008300,0,1,0,1,0,0,0,0,N,Y,Y,6,2026,2,N,None
CUST1008301,0,0,0,1,2,1,0,0,N,N,Y,6,2026,3,Y,HF
CUST1008302,2,0,0,1,1,1,0,0,Y,N,N,6,2026,4,N,None
CUST1008303,0,0,0,1,0,0,0,0,N,Y,Y,6,2026,1,Y,SA
CUST1008304,0,0,0,1,0,0,0,1,N,N,N,6,2026,2,Y,SA
CUST1008305,0,0,0,1,1,0,0,0,N,N,Y,6,2026,2,N,AL
CUST1008306,0,0,0,1,0,1,0,0,N,N,N,6,2026,2,Y,MF
CUST1008307,0,0,0,1,0,2,0,0,Y,N,Y,6,2026,2,Y,PL
CUST1008308,0,0,1,1,0,0,1,0,N,N,Y,6,2026,3,Y,RD
CUST1008309,0,1,0,1,0,0,0,0,N,N,Y,6,2026,2,Y,SA
CUST1008310,0,0,0,1,0,0,0,0,Y,N,Y,6,2026,1,N,MF
CUST1008311,0,2,0,0,0,1,1,0,N,N,N,6,2026,3,N,None
CUST1008312,2,0,0,1,0,2,0,0,N,N,N,6,2026,3,N,None
CUST1008313,0,0,0,1,0,0,0,0,N,N,Y,6,2026,1,N,None
CUST1008314,0,1,0,1,0,0,0,0,N,N,Y,6,2026,2,N,None
CUST1008315,0,0,0,1,0,0,0,0,Y,N,N,6,2026,1,N,None
CUST1008316,0,0,0,1,2,0,0,0,N,N,Y,6,2026,2,Y,CC
CUST1008317,0,2,0,1,2,0,0,0,N,N,N,6,2026,3,N,None
CUST1008318,0,0,0,1,0,0,0,0,N,N,N,6,2026,1,N,None
CUST1008319,0,0,0,1,2,1,0,0,Y,N,N,6,2026,3,N,None
CUST1008320,0,1,0,1,0,0,0,0,N,N,N,6,2026,2,Y,MF
CUST1008321,0,1,0,1,1,0,0,0,N,N,N,6,2026,3,Y,PL
CUST1008322,2,0,0,1,0,0,0,0,Y,N,Y,6,2026,2,N,None
CUST1008323,0,2,0,1,0,0,0,0,N,N,Y,6,2026,2,N,None
CUST1008324,1,0,0,1,0,0,0,0,N,N,N,6,2026,2,N,RD
CUST1008325,0,0,1,1,0,0,0,0,N,N,Y,6,2026,2,N,None
CUST1008326,0,0,1,1,1,0,1,0,N,N,N,6,2026,4,N,None
CUST1008327,0,0,0,1,0,0,0,0,N,N,N,6,2026,1,Y,CC
CUST1008328,0,0,0,1,0,0,0,0,Y,N,Y,6,2026,1,N,None
CUST1008329,0,0,0,1,3,0,0,0,N,N,Y,6,2026,2,N,MF
CUST1008330,0,0,0,1,0,2,1,1,N,N,N,6,2026,4,N,None
CUST1008331,0,2,0,1,0,0,0,0,N,N,N,6,2026,2,N,None
CUST1008332,0,1,0,1,0,0,1,0,N,N,Y,6,2026,3,N,None
CUST1008333,1,0,0,1,1,0,0,0,Y,N,N,6,2026,3,Y,CC
CUST1008334,2,0,0,1,0,0,1,1,Y,N,Y,6,2026,4,N,None
CUST1008335,0,0,0,1,0,0,0,0,N,N,Y,6,2026,1,Y,CC
CUST1008336,1,0,0,1,0,0,0,0,N,N,N,6,2026,2,N,None
CUST1008337,0,0,0,1,1,2,0,0,N,N,Y,6,2026,3,N,None
CUST1008338,0,0,0,1,1,0,0,0,N,N,N,6,2026,2,N,None
CUST1008339,0,2,0,0,0,0,0,0,N,N,N,6,2026,1,N,None
CUST1008340,0,0,0,1,0,2,0,0,N,N,N,6,2026,2,Y,AL
CUST1008341,0,1,0,1,0,0,0,0,Y,N,Y,6,2026,2,N,None
CUST1008342,0,2,0,1,0,2,0,0,N,N,Y,6,2026,3,N,None
CUST1008343,0,0,0,1,0,0,0,0,N,N,Y,6,2026,1,N,None
CUST1008344,0,0,0,1,2,0,0,0,Y,N,N,6,2026,2,Y,SA
CUST1008345,0,1,0,1,0,0,0,0,Y,N,N,6,2026,2,N,None
CUST1008346,0,0,0,1,2,2,0,0,N,N,N,6,2026,3,N,None
CUST1008347,0,0,0,1,1,0,0,0,N,N,N,6,2026,2,Y,HL
CUST1008348,0,2,0,1,0,2,0,0,N,N,N,6,2026,3,N,None
CUST1008349,0,0,0,1,1,0,0,0,N,N,Y,6,2026,2,N,PL
CUST1008350,0,1,1,1,1,0,0,1,N,N,N,6,2026,5,N,None
CUST1008351,2,0,0,1,0,0,0,0,N,N,N,6,2026,2,Y,CC
CUST1008352,0,0,0,0,0,1,1,0,N,N,N,6,2026,2,N,None
CUST1008353,2,0,0,1,0,0,0,1,N,N,N,6,2026,3,N,None
CUST1008354,0,0,0,1,0,0,0,0,N,N,Y,6,2026,1,N,None
CUST1008355,0,0,0,1,0,0,0,0,N,N,N,6,2026,1,N,None
CUST1008356,0,0,0,1,0,0,0,0,N,N,Y,6,2026,1,N,None
CUST1008357,0,0,0,1,0,0,0,0,Y,N,N,6,2026,1,N,None
CUST1008358,0,0,0,1,0,0,0,0,N,N,N,6,2026,1,N,CC
CUST1008359,0,2,0,1,0,1,0,0,N,N,Y,6,2026,3,Y,SA
CUST1008360,0,0,1,1,0,0,0,0,Y,N,Y,6,2026,2,N,None
CUST1008361,0,1,0,1,2,0,0,0,N,N,Y,6,2026,3,N,None
CUST1008362,0,0,0,1,1,0,0,1,N,N,Y,6,2026,3,Y,MF
CUST1008363,0,0,0,1,0,1,0,0,N,N,N,6,2026,2,N,RD
CUST1008364,0,0,0,1,0,0,0,0,N,N,Y,6,2026,1,N,None
CUST1008365,0,0,0,1,0,0,0,0,N,N,Y,6,2026,1,N,None
CUST1008366,0,0,0,1,0,0,0,0,N,N,Y,6,2026,1,N,None
CUST1008367,0,0,0,1,0,0,0,0,N,N,Y,6,2026,1,N,None
CUST1008368,0,0,0,1,0,1,0,1,N,N,Y,6,2026,3,Y,PL
CUST1008369,0,0,0,0,0,0,1,0,Y,N,Y,6,2026,1,N,None
CUST1008370,0,2,0,1,0,2,0,0,N,N,Y,6,2026,3,N,AL
CUST1008371,0,0,0,1,0,0,0,0,N,N,N,6,2026,1,N,None
CUST1008372,0,1,0,1,1,0,0,0,N,N,N,6,2026,3,N,None
CUST1008373,0,0,0,1,0,1,0,0,N,N,Y,6,2026,2,Y,MF
CUST1008374,0,0,0,1,0,2,1,0,N,N,N,6,2026,3,N,None
CUST1008375,0,0,0,1,1,0,0,0,N,N,N,6,2026,2,Y,CC
CUST1008376,0,0,0,1,0,0,0,0,N,N,Y,6,2026,1,N,None
CUST1008377,0,0,0,1,0,0,0,1,Y,N,N,6,2026,2,N,HL
CUST1008378,1,0,0,1,0,0,0,0,N,N,Y,6,2026,2,N,None
CUST1008379,2,0,0,1,0,1,0,0,N,N,Y,6,2026,3,Y,AL
CUST1008380,0,1,0,1,0,0,0,0,N,N,Y,6,2026,2,Y,HL
CUST1008381,0,2,0,1,0,0,0,0,N,N,Y,6,2026,2,N,None
CUST1008382,1,1,0,0,0,0,0,0,N,N,Y,6,2026,2,N,None
CUST1008383,0,2,0,1,0,2,0,0,N,N,Y,6,2026,3,Y,SA
CUST1008384,2,2,0,1,1,2,0,0,N,N,Y,6,2026,5,N,None
CUST1008385,0,2,0,1,0,0,0,0,N,N,Y,6,2026,2,Y,AL
CUST1008386,1,0,0,1,0,0,0,0,N,N,Y,6,2026,2,Y,AL
CUST1008387,0,0,0,1,0,0,0,0,N,N,N,6,2026,1,N,None
CUST1008388,0,0,0,1,0,1,0,0,N,N,N,6,2026,2,Y,RD
CUST1008389,0,0,0,1,0,0,0,0,N,N,N,6,2026,1,Y,RD
CUST1008390,2,0,0,1,1,0,0,0,N,N,N,6,2026,3,Y,PL
CUST1008391,0,1,0,1,0,0,0,0,N,N,Y,6,2026,2,N,None
CUST1008392,1,0,0,1,0,0,0,0,N,N,N,6,2026,2,N,None
CUST1008393,0,2,0,1,0,0,1,0,Y,N,Y,6,2026,3,N,None
CUST1008394,0,0,0,1,0,2,0,1,N,N,N,6,2026,3,N,AL
CUST1008395,0,2,0,1,0,2,1,0,N,N,Y,6,2026,4,N,None
CUST1008396,1,0,1,1,0,0,0,0,N,N,N,6,2026,3,N,None
CUST1008397,0,0,0,1,3,0,0,0,N,N,N,6,2026,2,N,None
CUST1008398,0,2,0,1,0,0,0,0,N,Y,Y,6,2026,2,N,RD
CUST1008399,0,0,0,1,0,0,0,0,N,N,N,6,2026,1,N,None
CUST1008400,0,1,0,1,0,0,0,0,Y,N,Y,6,2026,2,Y,CC
CUST1008401,0,2,0,0,2,2,0,0,N,N,N,6,2026,3,Y,RD
CUST1008402,0,0,0,1,0,0,0,0,Y,N,Y,6,2026,1,N,None
CUST1008403,0,2,0,1,0,0,1,0,N,N,Y,6,2026,3,N,MF
CUST1008404,0,0,0,1,2,0,0,0,N,N,N,6,2026,2,N,None
CUST1008405,0,1,0,1,0,0,0,0,Y,N,Y,6,2026,2,N,None
CUST1008406,0,0,0,1,0,0,0,0,Y,N,N,6,2026,1,N,None
CUST1008407,0,2,0,1,1,2,0,0,N,N,N,6,2026,4,Y,SA
CUST1008408,2,0,0,1,0,0,0,0,Y,N,N,6,2026,2,N,HL
CUST1008409,0,0,0,1,0,0,0,0,N,N,Y,6,2026,1,N,RD
CUST1008410,1,0,0,1,0,0,0,0,N,N,N,6,2026,2,Y,AL
CUST1008411,0,0,0,1,0,1,0,0,Y,N,N,6,2026,2,Y,CC
CUST1008412,0,2,1,0,0,0,0,0,N,N,N,6,2026,2,Y,RD
CUST1008413,2,0,0,1,0,0,0,1,N,N,Y,6,2026,3,Y,RD
CUST1008414,0,0,0,1,0,0,0,0,N,N,Y,6,2026,1,Y,RD
CUST1008415,0,2,0,1,3,0,0,0,N,N,N,6,2026,3,N,None
CUST1008416,0,0,0,0,0,0,0,0,N,N,Y,6,2026,0,N,None
CUST1008417,0,0,0,1,0,0,1,0,N,N,N,6,2026,2,N,None
CUST1008418,0,0,0,0,0,0,0,1,N,N,Y,6,2026,1,Y,HF
CUST1008419,0,1,0,1,0,1,1,1,Y,N,N,6,2026,5,N,None
CUST1008420,1,1,0,1,0,0,0,0,N,N,N,6,2026,3,N,None
CUST1008421,2,0,0,1,0,0,0,1,Y,N,Y,6,2026,3,Y,SA
CUST1008422,0,1,0,1,0,1,0,1,N,N,N,6,2026,4,N,None
CUST1008423,0,1,0,1,0,0,0,0,N,N,Y,6,2026,2,Y,CC
CUST1008424,0,0,0,1,0,0,0,0,N,N,Y,6,2026,1,N,CC
CUST1008425,0,0,0,1,0,1,0,0,N,N,Y,6,2026,2,Y,RD
CUST1008426,0,0,0,1,0,1,0,0,Y,N,Y,6,2026,2,Y,PL
CUST1008427,0,1,0,1,0,0,0,0,N,N,Y,6,2026,2,N,None
CUST1008428,0,2,0,1,0,0,0,1,N,N,Y,6,2026,3,Y,CC
CUST1008429,0,0,1,1,0,0,0,1,N,N,Y,6,2026,3,Y,PL
CUST1008430,0,0,0,1,0,0,0,0,N,N,Y,6,2026,1,Y,SA
CUST1008431,0,0,0,1,0,0,0,0,N,N,Y,6,2026,1,N,None
CUST1008432,0,1,0,1,0,0,0,0,N,N,N,6,2026,2,N,None
CUST1008433,0,0,0,1,2,0,0,0,N,N,Y,6,2026,2,N,None
CUST1008434,2,0,0,0,0,0,0,0,N,N,N,6,2026,1,N,None
CUST1008435,0,1,0,1,0,2,0,0,Y,N,Y,6,2026,3,N,None
CUST1008436,1,0,0,1,0,0,0,0,N,N,Y,6,2026,2,N,None
CUST1008437,0,2,0,1,0,0,0,0,N,N,Y,6,2026,2,Y,MF
CUST1008438,0,0,1,0,0,2,0,0,N,N,N,6,2026,2,N,None
CUST1008439,0,0,0,1,1,0,0,0,N,N,Y,6,2026,2,N,None
CUST1008440,0,0,0,1,3,0,0,0,Y,N,N,6,2026,2,N,None
CUST1008441,0,0,0,1,0,2,0,0,Y,N,N,6,2026,2,Y,PL
CUST1008442,0,2,0,0,0,0,0,0,N,N,Y,6,2026,1,N,None
CUST1008443,2,1,0,0,0,0,0,0,N,N,Y,6,2026,2,N,AL
CUST1008444,0,0,0,1,0,0,0,0,N,N,N,6,2026,1,N,RD
CUST1008445,0,0,0,1,0,2,0,0,Y,N,Y,6,2026,2,Y,PL
CUST1008446,0,2,0,1,0,1,0,1,N,N,Y,6,2026,4,Y,RD
CUST1008447,0,0,0,1,0,0,0,0,N,N,N,6,2026,1,N,None
CUST1008448,0,0,0,1,0,0,0,1,N,N,Y,6,2026,2,Y,CC
CUST1008449,0,0,0,1,0,1,0,0,N,N,N,6,2026,2,N,None
CUST1008450,0,0,0,1,0,2,0,0,Y,N,N,6,2026,2,N,AL
CUST1008451,0,1,0,0,0,1,0,0,N,N,Y,6,2026,2,Y,SA
CUST1008452,0,2,0,1,2,0,0,0,N,N,Y,6,2026,3,N,HL
CUST1008453,0,0,0,0,0,0,1,0,Y,N,Y,6,2026,1,N,None
CUST1008454,0,0,0,1,0,0,0,0,N,N,N,6,2026,1,Y,HF
CUST1008455,0,0,0,1,0,0,0,0,N,N,Y,6,2026,1,N,None
CUST1008456,0,0,0,1,3,0,1,0,N,N,N,6,2026,3,Y,CC
CUST1008457,0,0,0,1,0,1,0,0,N,N,N,6,2026,2,Y,MF
CUST1008458,0,0,0,1,0,0,0,0,N,N,Y,6,2026,1,N,None
CUST1008459,0,0,0,1,2,0,0,0,Y,N,N,6,2026,2,Y,CC
CUST1008460,0,0,0,1,0,1,0,0,N,N,N,6,2026,2,Y,AL
CUST1008461,1,0,1,1,0,0,1,0,N,N,Y,6,2026,4,Y,MF
CUST1008462,0,1,0,0,0,0,0,0,N,N,Y,6,2026,1,N,PL
CUST1008463,0,0,0,1,0,0,0,0,N,N,Y,6,2026,1,Y,MF
CUST1008464,0,2,0,1,0,0,0,0,N,N,N,6,2026,2,Y,CC
CUST1008465,1,0,0,1,3,1,0,0,N,N,N,6,2026,4,N,None
CUST1008466,0,1,0,1,0,0,0,0,N,N,N,6,2026,2,N,None
CUST1008467,0,0,0,1,0,1,0,0,N,N,N,6,2026,2,N,None
CUST1008468,0,0,1,1,0,0,0,1,N,N,N,6,2026,3,Y,PL
CUST1008469,0,0,0,0,0,0,0,0,N,Y,N,6,2026,0,N,None
CUST1008470,0,0,0,1,0,1,0,0,N,N,N,6,2026,2,N,None
CUST1008471,0,0,0,1,0,0,0,0,N,Y,Y,6,2026,1,N,None
CUST1008472,0,0,0,1,0,2,0,0,Y,N,N,6,2026,2,N,None
CUST1008473,0,0,0,1,0,0,0,0,N,N,Y,6,2026,1,N,None
CUST1008474,0,0,0,1,0,1,0,0,N,N,N,6,2026,2,Y,MF
CUST1008475,0,1,1,1,0,0,1,0,N,N,N,6,2026,4,N,None
CUST1008476,0,1,0,1,0,1,0,0,N,N,N,6,2026,3,N,None
CUST1008477,0,1,0,1,0,0,0,0,Y,N,Y,6,2026,2,N,None
CUST1008478,0,1,1,1,2,0,0,1,N,N,Y,6,2026,5,Y,AL
CUST1008479,0,0,0,1,0,1,0,0,N,N,Y,6,2026,2,N,None
CUST1008480,0,0,0,1,0,1,0,1,N,N,Y,6,2026,3,Y,RD
CUST1008481,0,0,0,1,0,0,0,0,N,N,N,6,2026,1,N,None
CUST1008482,0,0,0,1,0,0,0,0,N,N,Y,6,2026,1,Y,RD
CUST1008483,0,0,0,1,0,0,1,1,Y,N,Y,6,2026,3,N,None
CUST1008484,0,0,0,1,3,0,0,0,N,N,Y,6,2026,2,N,AL
CUST1008485,2,1,0,1,0,0,0,0,N,N,Y,6,2026,3,N,None
CUST1008486,0,2,0,0,2,0,0,0,Y,N,N,6,2026,2,N,None
CUST1008487,2,1,0,1,0,0,0,0,N,N,N,6,2026,3,N,PL
CUST1008488,0,0,0,1,1,0,0,0,N,N,Y,6,2026,2,N,None
CUST1008489,0,0,0,1,0,0,0,0,N,N,N,6,2026,1,Y,MF
CUST1008490,0,0,0,1,2,0,0,0,Y,N,N,6,2026,2,Y,CC
CUST1008491,0,1,0,1,1,2,0,0,N,N,Y,6,2026,4,N,None
CUST1008492,0,2,0,1,0,0,0,0,N,N,Y,6,2026,2,N,None
CUST1008493,0,2,0,1,1,0,0,0,Y,Y,Y,6,2026,3,N,SA
CUST1008494,0,2,0,1,3,0,0,0,N,N,Y,6,2026,3,N,None
CUST1008495,0,0,0,1,0,0,0,0,N,N,Y,6,2026,1,Y,CC
CUST1008496,0,0,0,1,0,0,0,0,N,N,N,6,2026,1,Y,RD
CUST1008497,0,1,0,1,2,0,0,0,N,N,Y,6,2026,3,N,MF
CUST1008498,0,0,0,1,0,0,0,0,N,Y,N,6,2026,1,N,SA
CUST1008499,2,2,0,1,0,0,0,0,N,N,Y,6,2026,3,N,AL
CUST1008500,0,0,0,1,0,2,0,0,N,N,Y,6,2026,2,N,None
CUST1008501,0,0,0,1,0,0,0,1,N,N,N,6,2026,2,N,None
CUST1008502,0,1,0,1,0,0,1,0,N,N,N,6,2026,3,N,None
CUST1008503,2,0,0,1,0,0,0,0,N,N,N,6,2026,2,N,None
CUST1008504,1,0,0,1,0,0,0,0,N,N,N,6,2026,2,N,None
CUST1008505,0,0,0,1,0,0,0,1,N,N,Y,6,2026,2,N,None
CUST1008506,0,1,0,0,0,1,0,0,N,N,N,6,2026,2,N,None
CUST1008507,0,0,0,1,0,0,0,0,N,N,N,6,2026,1,N,None
CUST1008508,0,0,0,1,0,0,0,0,N,Y,N,6,2026,1,N,None
CUST1008509,0,0,0,1,0,0,0,0,N,N,Y,6,2026,1,Y,RD
CUST1008510,0,0,0,1,0,0,0,0,N,N,N,6,2026,1,Y,AL
CUST1008511,0,1,0,1,0,2,0,0,N,N,N,6,2026,3,Y,MF
CUST1008512,2,1,1,1,0,2,0,0,N,N,Y,6,2026,5,Y,CC
CUST1008513,0,1,0,1,3,0,0,0,N,N,Y,6,2026,3,N,None
CUST1008514,0,0,0,1,0,0,0,0,N,N,Y,6,2026,1,Y,RD
CUST1008515,0,0,0,1,0,1,1,0,N,N,N,6,2026,3,N,CC
CUST1008516,0,0,0,0,0,2,0,0,Y,N,Y,6,2026,1,N,None
CUST1008517,0,0,0,1,2,0,0,0,Y,N,N,6,2026,2,N,None
CUST1008518,0,2,0,1,1,2,0,0,N,N,N,6,2026,4,Y,SA
CUST1008519,0,0,0,1,1,0,0,0,N,N,N,6,2026,2,Y,PL
CUST1008520,0,1,0,1,1,0,0,0,N,N,Y,6,2026,3,N,None
CUST1008521,1,1,0,1,0,0,0,0,N,N,Y,6,2026,3,Y,AL
CUST1008522,0,0,1,1,3,0,0,0,N,N,N,6,2026,3,Y,CC
CUST1008523,0,1,0,1,0,0,0,1,N,N,Y,6,2026,3,Y,AL
CUST1008524,0,1,0,1,0,0,0,0,N,N,N,6,2026,2,N,None
CUST1008525,0,0,0,1,0,0,0,0,N,N,N,6,2026,1,Y,SA
CUST1008526,0,0,0,1,3,0,0,0,N,N,Y,6,2026,2,N,None
CUST1008527,0,0,0,1,0,0,0,0,Y,N,Y,6,2026,1,N,None
CUST1008528,0,0,0,1,0,0,0,0,N,N,N,6,2026,1,N,None
CUST1008529,0,2,0,1,1,0,0,0,Y,N,N,6,2026,3,Y,HL
CUST1008530,0,0,0,1,2,0,0,0,N,N,Y,6,2026,2,N,None
CUST1008531,0,0,0,1,0,0,0,0,N,N,N,6,2026,1,Y,PL
CUST1008532,2,0,0,1,0,0,0,0,N,N,N,6,2026,2,N,CC
CUST1008533,0,1,0,1,0,0,0,0,Y,N,N,6,2026,2,Y,PL
CUST1008534,1,0,0,1,0,0,0,0,N,N,N,6,2026,2,Y,SA
CUST1008535,0,2,0,1,1,0,0,0,Y,N,N,6,2026,3,N,None
CUST1008536,0,0,0,1,0,0,0,0,N,N,Y,6,2026,1,N,None
CUST1008537,0,0,0,1,0,2,0,0,N,Y,N,6,2026,2,N,None
CUST1008538,0,1,0,1,0,2,0,0,N,N,N,6,2026,3,Y,AL
CUST1008539,0,0,0,1,0,0,0,0,Y,N,Y,6,2026,1,N,None
CUST1008540,0,2,0,1,0,0,0,0,N,N,Y,6,2026,2,Y,MF
CUST1008541,1,2,0,1,0,0,0,1,Y,N,N,6,2026,4,N,None
CUST1008542,1,0,0,0,0,0,0,0,N,N,N,6,2026,1,N,None
CUST1008543,0,0,0,1,0,0,0,0,N,N,Y,6,2026,1,Y,CC
CUST1008544,2,0,0,1,0,0,0,0,N,N,N,6,2026,2,N,None
CUST1008545,0,2,0,1,3,0,0,0,N,N,Y,6,2026,3,N,None
CUST1008546,0,1,0,1,0,0,0,0,N,N,Y,6,2026,2,Y,PL
CUST1008547,0,0,0,1,3,0,0,0,N,N,N,6,2026,2,Y,HF
CUST1008548,0,1,0,1,2,0,0,0,N,N,N,6,2026,3,N,RD
CUST1008549,1,1,0,1,0,0,0,0,Y,N,N,6,2026,3,N,None
CUST1008550,0,0,0,1,0,0,0,0,N,N,N,6,2026,1,N,SA
CUST1008551,0,0,0,0,0,0,0,0,N,N,N,6,2026,0,N,None
CUST1008552,1,2,0,0,0,0,0,0,N,N,Y,6,2026,2,N,None
CUST1008553,2,0,0,1,0,0,0,0,N,N,Y,6,2026,2,N,None
CUST1008554,0,0,0,1,0,0,0,0,N,N,Y,6,2026,1,N,None
CUST1008555,0,1,0,1,0,0,0,0,N,N,Y,6,2026,2,N,None
CUST1008556,0,1,0,1,0,0,1,0,N,N,Y,6,2026,3,N,None
CUST1008557,0,0,0,1,0,2,0,0,Y,N,Y,6,2026,2,N,None
CUST1008558,0,0,0,1,0,0,0,0,N,N,Y,6,2026,1,Y,HL
CUST1008559,0,0,0,0,0,0,0,0,Y,Y,N,6,2026,0,N,None
CUST1008560,0,1,0,1,1,2,0,0,Y,N,Y,6,2026,4,N,None
CUST1008561,0,0,0,1,0,0,0,0,N,N,Y,6,2026,1,N,None
CUST1008562,0,0,0,1,0,0,0,0,Y,N,N,6,2026,1,N,None
CUST1008563,0,0,0,1,0,0,0,0,N,N,Y,6,2026,1,N,None
CUST1008564,2,2,0,0,0,0,0,0,N,N,Y,6,2026,2,Y,AL
CUST1008565,0,0,0,1,0,0,0,0,N,N,Y,6,2026,1,N,RD
CUST1008566,0,0,0,1,0,2,0,0,N,N,N,6,2026,2,N,HF
CUST1008567,0,0,0,1,0,0,0,0,N,N,N,6,2026,1,N,AL
CUST1008568,0,0,0,1,3,0,0,0,N,N,N,6,2026,2,Y,HL
CUST1008569,0,2,0,1,2,0,0,0,N,N,N,6,2026,3,N,PL
CUST1008570,0,0,0,1,0,0,1,0,Y,N,Y,6,2026,2,N,None
CUST1008571,0,0,0,1,0,0,0,0,N,Y,N,6,2026,1,N,None
CUST1008572,0,1,0,1,0,1,0,0,N,N,Y,6,2026,3,N,PL
CUST1008573,0,0,0,1,0,0,0,1,N,N,Y,6,2026,2,N,None
CUST1008574,0,0,0,1,0,0,0,1,N,N,Y,6,2026,2,N,None
CUST1008575,0,0,0,1,0,0,0,0,N,N,Y,6,2026,1,Y,RD
CUST1008576,0,0,0,1,0,2,1,0,N,N,N,6,2026,3,N,None
CUST1008577,0,1,0,1,0,0,0,1,N,N,N,6,2026,3,Y,SA
CUST1008578,0,0,0,1,1,0,0,0,N,N,N,6,2026,2,Y,PL
CUST1008579,0,0,0,1,0,0,0,0,N,N,Y,6,2026,1,N,None
CUST1008580,0,0,0,1,0,0,0,0,N,N,Y,6,2026,1,N,None
CUST1008581,0,2,0,1,0,0,0,0,N,N,N,6,2026,2,N,None
CUST1008582,1,0,0,1,0,0,0,0,N,N,N,6,2026,2,N,None
CUST1008583,0,0,0,1,1,0,0,0,N,N,N,6,2026,2,N,None
CUST1008584,0,0,0,1,0,0,0,0,N,N,N,6,2026,1,N,None
CUST1008585,0,2,0,1,3,2,0,0,N,N,Y,6,2026,4,N,None
CUST1008586,0,0,0,1,0,0,0,0,N,N,Y,6,2026,1,N,None
CUST1008587,0,0,0,1,2,0,1,1,N,N,Y,6,2026,4,Y,CC
CUST1008588,0,0,0,1,0,0,0,0,N,N,Y,6,2026,1,N,None
CUST1008589,0,0,0,1,0,2,0,1,N,N,Y,6,2026,3,Y,RD
CUST1008590,0,0,0,1,0,0,0,0,N,N,N,6,2026,1,Y,PL
CUST1008591,0,0,0,1,2,0,0,0,N,N,Y,6,2026,2,Y,CC
CUST1008592,0,0,0,1,2,0,0,0,N,N,N,6,2026,2,N,None
CUST1008593,0,2,0,1,0,0,0,0,N,Y,Y,6,2026,2,N,None
CUST1008594,0,1,0,1,1,0,0,0,N,N,N,6,2026,3,N,None
CUST1008595,0,0,0,1,0,0,0,0,N,N,N,6,2026,1,N,None
CUST1008596,0,2,0,1,0,1,0,1,N,N,N,6,2026,4,N,None
CUST1008597,0,0,0,1,0,0,0,1,N,N,Y,6,2026,2,N,None
CUST1008598,0,1,0,1,0,1,0,0,N,Y,N,6,2026,3,N,HF
CUST1008599,0,0,0,1,0,0,0,1,Y,N,N,6,2026,2,N,CC
CUST1008600,0,0,0,1,0,0,0,0,N,N,Y,6,2026,1,N,None
CUST1008601,0,1,0,1,0,1,0,0,N,N,N,6,2026,3,N,PL
CUST1008602,0,0,0,1,2,0,0,0,N,N,N,6,2026,2,Y,AL
CUST1008603,2,0,0,1,0,0,0,0,N,N,Y,6,2026,2,N,None
CUST1008604,0,2,0,1,0,2,0,0,N,N,N,6,2026,3,N,None
CUST1008605,1,0,0,1,3,0,0,0,N,N,Y,6,2026,3,N,None
CUST1008606,0,0,0,1,0,0,0,0,N,N,N,6,2026,1,N,None
CUST1008607,0,0,1,1,0,2,0,0,N,N,N,6,2026,3,Y,SA
CUST1008608,0,2,0,1,3,0,0,0,N,N,Y,6,2026,3,N,None
CUST1008609,0,1,0,1,0,0,0,0,N,N,N,6,2026,2,N,None
CUST1008610,0,0,0,1,0,0,0,1,N,Y,Y,6,2026,2,Y,HF
CUST1008611,0,0,0,1,0,0,0,0,N,N,N,6,2026,1,N,None
CUST1008612,2,1,0,1,1,1,0,0,N,Y,Y,6,2026,5,Y,AL
CUST1008613,0,0,0,1,2,0,0,0,N,N,N,6,2026,2,N,None
CUST1008614,0,0,0,1,0,0,1,0,N,N,N,6,2026,2,N,None
CUST1008615,0,0,0,1,3,2,0,0,N,N,Y,6,2026,3,N,None
CUST1008616,0,2,0,1,0,2,0,0,Y,N,Y,6,2026,3,Y,SA
CUST1008617,0,1,0,1,3,1,1,0,N,N,N,6,2026,5,Y,RD
CUST1008618,0,2,0,1,0,1,0,1,N,N,N,6,2026,4,N,None
CUST1008619,0,0,0,1,0,0,0,0,N,N,N,6,2026,1,N,None
CUST1008620,0,1,0,0,1,2,0,0,Y,N,N,6,2026,3,N,None
CUST1008621,0,0,0,1,0,0,0,0,N,Y,Y,6,2026,1,N,None
CUST1008622,1,1,0,1,0,0,0,0,Y,N,N,6,2026,3,Y,RD
CUST1008623,0,0,0,1,0,0,0,0,Y,N,N,6,2026,1,N,None
CUST1008624,2,1,0,1,0,0,0,0,N,N,N,6,2026,3,N,None
CUST1008625,0,2,0,1,0,0,0,0,N,N,Y,6,2026,2,N,MF
CUST1008626,0,0,0,1,0,1,0,0,N,N,Y,6,2026,2,Y,PL
CUST1008627,0,1,0,1,0,0,0,0,N,N,Y,6,2026,2,Y,MF
CUST1008628,0,0,0,1,2,0,0,1,N,N,N,6,2026,3,Y,CC
CUST1008629,0,0,0,1,0,0,0,0,N,N,N,6,2026,1,N,None
CUST1008630,0,0,0,1,3,0,0,0,N,N,N,6,2026,2,Y,RD
CUST1008631,0,0,0,1,0,0,0,0,Y,N,N,6,2026,1,N,None
CUST1008632,0,0,0,1,0,0,0,0,N,N,N,6,2026,1,N,None
CUST1008633,2,0,0,1,2,0,0,0,Y,N,N,6,2026,3,N,None
CUST1008634,0,0,0,1,0,0,0,0,N,N,Y,6,2026,1,N,None
CUST1008635,0,0,0,1,0,0,0,0,N,N,N,6,2026,1,N,None
CUST1008636,0,0,0,1,2,2,0,0,N,N,N,6,2026,3,N,RD
CUST1008637,0,0,0,1,0,0,0,0,N,Y,Y,6,2026,1,Y,PL
CUST1008638,0,0,0,1,0,0,0,0,N,N,N,6,2026,1,N,None
CUST1008639,2,0,0,1,0,0,0,0,N,N,Y,6,2026,2,N,CC
CUST1008640,0,0,0,1,0,0,0,0,N,N,N,6,2026,1,N,None
CUST1008641,0,2,0,1,0,0,0,0,N,N,N,6,2026,2,N,None
CUST1008642,0,0,0,1,0,0,0,0,N,N,Y,6,2026,1,N,None
CUST1008643,0,2,0,1,0,0,0,0,Y,N,N,6,2026,2,Y,PL
CUST1008644,0,0,0,1,0,0,0,0,N,N,N,6,2026,1,N,SA
CUST1008645,0,2,0,0,0,2,1,0,N,N,Y,6,2026,3,N,None
CUST1008646,0,1,0,1,0,0,0,0,N,N,Y,6,2026,2,Y,CC
CUST1008647,2,2,0,1,3,0,0,0,N,N,Y,6,2026,4,Y,SA
CUST1008648,0,2,0,1,0,0,0,0,N,N,N,6,2026,2,N,None
CUST1008649,0,2,1,1,2,0,0,0,Y,N,Y,6,2026,4,N,SA
CUST1008650,2,0,0,1,0,0,0,0,N,N,Y,6,2026,2,N,None
CUST1008651,1,0,1,1,0,2,0,0,N,N,Y,6,2026,4,N,None
CUST1008652,0,0,0,1,0,1,0,1,N,Y,N,6,2026,3,N,None
CUST1008653,1,0,0,1,1,1,0,0,N,N,N,6,2026,4,N,None
CUST1008654,0,0,0,1,0,0,0,0,N,N,Y,6,2026,1,N,None
CUST1008655,0,0,0,1,3,2,0,0,N,N,N,6,2026,3,N,None
CUST1008656,0,1,0,1,0,0,0,0,N,N,Y,6,2026,2,N,None
CUST1008657,0,1,0,1,0,1,0,0,N,N,N,6,2026,3,Y,RD
CUST1008658,0,0,0,1,0,0,0,0,N,N,N,6,2026,1,N,None
CUST1008659,1,1,0,1,0,1,0,0,N,N,Y,6,2026,4,Y,SA
CUST1008660,2,1,0,1,0,0,0,0,Y,N,N,6,2026,3,N,SA
CUST1008661,0,0,0,1,0,0,0,0,N,N,Y,6,2026,1,N,None
CUST1008662,0,0,0,1,0,2,0,0,N,N,N,6,2026,2,N,None
CUST1008663,0,0,0,1,1,0,0,0,N,Y,Y,6,2026,2,Y,SA
CUST1008664,0,0,0,1,1,0,0,0,N,N,N,6,2026,2,N,None
CUST1008665,0,0,0,1,0,0,0,0,N,Y,Y,6,2026,1,N,None
CUST1008666,0,0,0,1,3,0,0,1,N,N,Y,6,2026,3,Y,RD
CUST1008667,0,0,0,1,0,2,1,0,N,Y,Y,6,2026,3,N,None
CUST1008668,0,2,0,1,0,0,0,0,N,N,N,6,2026,2,Y,CC
CUST1008669,1,2,0,1,0,0,0,1,N,N,N,6,2026,4,N,None
CUST1008670,2,1,0,1,0,1,0,0,N,N,N,6,2026,4,Y,SA
CUST1008671,0,1,0,1,0,0,0,0,N,N,Y,6,2026,2,Y,RD
CUST1008672,0,0,0,1,0,2,0,0,N,N,N,6,2026,2,N,None
CUST1008673,0,0,1,1,0,0,0,0,N,N,N,6,2026,2,N,None
CUST1008674,0,2,0,1,2,0,0,0,N,N,Y,6,2026,3,N,None
CUST1008675,0,0,0,1,0,0,0,0,N,N,Y,6,2026,1,N,None
CUST1008676,0,0,0,1,0,2,0,0,N,N,N,6,2026,2,N,AL
CUST1008677,0,1,0,1,1,0,0,0,N,N,Y,6,2026,3,N,None
CUST1008678,0,2,0,1,0,2,0,0,N,N,Y,6,2026,3,N,HF
CUST1008679,2,0,0,1,0,0,0,0,N,N,N,6,2026,2,Y,AL
CUST1008680,1,2,0,1,0,2,0,0,N,N,Y,6,2026,4,N,None
CUST1008681,0,0,0,1,2,0,1,0,Y,N,Y,6,2026,3,N,None
CUST1008682,0,0,0,1,0,0,0,0,N,Y,N,6,2026,1,Y,SA
CUST1008683,0,0,0,0,0,2,1,0,N,N,Y,6,2026,2,Y,SA
CUST1008684,0,1,0,1,2,0,0,1,N,N,N,6,2026,4,N,None
CUST1008685,0,0,0,0,3,0,0,0,N,Y,Y,6,2026,1,Y,AL
CUST1008686,0,0,0,1,0,1,1,0,N,N,N,6,2026,3,N,None
CUST1008687,0,0,0,1,0,0,0,0,Y,N,N,6,2026,1,N,None
CUST1008688,0,0,0,1,0,0,0,0,N,N,N,6,2026,1,Y,MF
CUST1008689,0,2,0,1,0,2,0,0,N,N,Y,6,2026,3,N,None
CUST1008690,0,0,0,1,1,0,0,0,N,N,N,6,2026,2,Y,CC
CUST1008691,0,0,0,1,0,0,0,1,N,N,Y,6,2026,2,Y,PL
CUST1008692,0,0,0,1,0,0,0,0,N,N,Y,6,2026,1,N,None
CUST1008693,0,0,0,1,0,0,0,0,N,N,Y,6,2026,1,Y,CC
CUST1008694,1,1,0,1,0,0,0,0,N,N,Y,6,2026,3,N,None
CUST1008695,0,0,0,1,0,0,0,0,N,N,Y,6,2026,1,N,PL
CUST1008696,0,0,0,1,0,0,0,0,N,Y,N,6,2026,1,N,CC
CUST1008697,0,2,1,1,0,0,1,0,N,N,N,6,2026,4,N,None
CUST1008698,2,2,0,1,0,1,0,0,Y,N,N,6,2026,4,Y,AL
CUST1008699,0,1,0,1,0,0,0,0,Y,Y,N,6,2026,2,N,None
CUST1008700,0,0,0,1,0,1,0,0,N,Y,N,6,2026,2,N,None
CUST1008701,0,2,0,1,0,0,0,0,N,N,N,6,2026,2,Y,PL
CUST1008702,0,0,0,1,0,0,0,0,N,N,N,6,2026,1,N,None
CUST1008703,0,0,0,1,2,0,0,0,N,N,Y,6,2026,2,Y,AL
CUST1008704,0,2,0,0,0,0,0,1,Y,N,Y,6,2026,2,N,None
CUST1008705,0,1,1,1,0,0,0,0,N,N,N,6,2026,3,Y,CC
CUST1008706,0,2,0,1,0,0,0,0,N,N,Y,6,2026,2,N,None
CUST1008707,0,0,0,1,0,0,0,0,N,N,Y,6,2026,1,N,None
CUST1008708,0,0,0,1,0,0,0,0,Y,N,Y,6,2026,1,Y,SA
CUST1008709,0,0,0,1,0,0,0,0,N,N,Y,6,2026,1,N,None
CUST1008710,0,0,0,1,0,1,0,0,N,N,Y,6,2026,2,Y,SA
CUST1008711,0,0,0,1,0,0,0,0,Y,N,N,6,2026,1,Y,CC
CUST1008712,0,0,0,1,0,0,0,0,N,N,Y,6,2026,1,Y,SA
CUST1008713,0,0,0,1,0,0,0,0,N,N,N,6,2026,1,N,None
CUST1008714,0,0,0,1,0,0,0,0,N,N,Y,6,2026,1,N,None
CUST1008715,0,2,0,1,0,2,0,0,N,N,N,6,2026,3,N,None
CUST1008716,0,2,0,1,3,0,0,0,N,N,Y,6,2026,3,N,AL
CUST1008717,1,2,0,1,0,1,0,0,N,N,Y,6,2026,4,N,None
CUST1008718,0,0,0,1,1,1,0,1,N,N,N,6,2026,4,Y,MF
CUST1008719,0,0,0,1,0,0,0,1,N,N,Y,6,2026,2,Y,CC
CUST1008720,1,1,1,1,3,0,0,0,N,N,N,6,2026,5,Y,HL
CUST1008721,0,0,0,1,0,0,0,0,N,Y,N,6,2026,1,N,None
CUST1008722,2,1,0,1,0,2,0,0,N,Y,N,6,2026,4,Y,AL
CUST1008723,0,0,0,1,2,0,0,1,Y,N,N,6,2026,3,N,None
CUST1008724,0,0,0,1,0,0,0,0,N,N,Y,6,2026,1,Y,RD
CUST1008725,0,0,0,1,1,0,0,0,N,N,Y,6,2026,2,N,None
CUST1008726,0,2,0,1,0,1,0,0,N,N,Y,6,2026,3,N,None
CUST1008727,0,0,1,1,1,0,0,0,Y,N,Y,6,2026,3,Y,AL
CUST1008728,0,0,0,1,0,1,0,0,N,N,Y,6,2026,2,Y,PL
CUST1008729,0,0,0,1,0,0,0,0,Y,N,Y,6,2026,1,N,None
CUST1008730,0,1,0,1,0,0,0,1,Y,N,N,6,2026,3,Y,PL
CUST1008731,0,2,0,1,0,0,0,0,Y,N,N,6,2026,2,N,None
CUST1008732,0,0,0,1,1,0,0,0,N,N,Y,6,2026,2,N,None
CUST1008733,0,0,0,1,0,0,0,0,N,Y,Y,6,2026,1,N,None
CUST1008734,0,0,0,0,3,2,0,0,Y,N,Y,6,2026,2,N,AL
CUST1008735,2,0,0,1,0,0,0,0,N,N,N,6,2026,2,Y,MF
CUST1008736,0,0,0,1,0,0,0,0,N,N,Y,6,2026,1,Y,HF
CUST1008737,2,1,0,1,0,0,0,0,N,N,Y,6,2026,3,Y,RD
CUST1008738,0,0,0,1,0,0,0,0,N,N,Y,6,2026,1,Y,SA
CUST1008739,0,0,0,1,0,0,0,0,Y,N,N,6,2026,1,N,CC
CUST1008740,2,0,0,1,0,1,0,0,N,N,N,6,2026,3,N,None
CUST1008741,0,0,0,1,0,0,0,0,N,N,N,6,2026,1,N,None
CUST1008742,0,0,0,1,0,0,0,0,N,N,N,6,2026,1,N,None
CUST1008743,0,0,0,1,0,0,0,0,N,N,Y,6,2026,1,N,None
CUST1008744,0,0,0,1,2,0,0,0,N,N,Y,6,2026,2,Y,RD
CUST1008745,0,0,0,1,0,1,0,0,N,N,N,6,2026,2,N,None
CUST1008746,2,1,0,1,3,0,0,0,N,N,Y,6,2026,4,N,None
CUST1008747,2,0,0,1,0,2,0,0,N,Y,Y,6,2026,3,N,None
CUST1008748,0,0,0,1,0,0,0,0,Y,N,N,6,2026,1,Y,MF
CUST1008749,0,2,0,1,0,2,0,1,N,N,N,6,2026,4,Y,AL
CUST1008750,0,2,0,1,0,1,0,0,N,N,Y,6,2026,3,Y,HF
CUST1008751,0,2,0,1,0,0,1,0,N,N,N,6,2026,3,Y,HF
CUST1008752,0,2,1,1,0,2,1,0,N,N,Y,6,2026,5,N,RD
CUST1008753,0,0,0,1,0,0,0,0,N,N,Y,6,2026,1,N,None
CUST1008754,0,0,1,1,2,0,0,0,N,N,Y,6,2026,3,Y,RD
CUST1008755,0,2,0,1,0,0,1,0,N,N,N,6,2026,3,N,None
CUST1008756,0,2,0,1,1,0,0,1,N,N,N,6,2026,4,Y,AL
CUST1008757,0,2,0,1,3,0,0,0,N,N,Y,6,2026,3,N,None
CUST1008758,0,0,1,1,0,0,0,1,N,N,N,6,2026,3,Y,PL
CUST1008759,0,1,0,1,0,2,0,0,N,N,Y,6,2026,3,Y,PL
CUST1008760,0,2,0,1,0,0,0,0,N,N,Y,6,2026,2,N,SA
CUST1008761,0,0,0,1,0,0,1,0,N,N,Y,6,2026,2,N,None
CUST1008762,0,0,0,1,0,0,0,0,N,N,Y,6,2026,1,Y,RD
CUST1008763,0,0,0,1,2,0,0,0,N,N,N,6,2026,2,N,None
CUST1008764,0,0,0,1,2,1,0,0,N,Y,N,6,2026,3,N,None
CUST1008765,0,0,0,1,3,0,0,0,Y,N,N,6,2026,2,N,None
CUST1008766,0,0,0,1,0,0,0,0,Y,N,Y,6,2026,1,N,None
CUST1008767,0,2,0,1,1,1,0,0,N,N,N,6,2026,4,N,None
CUST1008768,0,2,0,1,0,0,0,0,N,N,N,6,2026,2,N,MF
CUST1008769,2,2,0,0,0,0,0,0,N,N,N,6,2026,2,Y,MF
CUST1008770,0,0,0,1,0,0,0,0,N,N,N,6,2026,1,N,None
CUST1008771,0,2,0,1,0,0,0,0,N,N,Y,6,2026,2,N,HL
CUST1008772,0,0,0,1,0,0,0,0,N,N,N,6,2026,1,N,None
CUST1008773,0,1,0,1,0,1,0,0,Y,N,N,6,2026,3,N,None
CUST1008774,0,0,0,1,0,1,0,0,Y,N,N,6,2026,2,Y,HF
CUST1008775,0,2,0,1,0,0,0,0,N,N,N,6,2026,2,N,None
CUST1008776,0,0,0,1,2,0,0,1,N,N,N,6,2026,3,N,None
CUST1008777,0,0,0,1,0,0,0,0,N,N,Y,6,2026,1,Y,MF
CUST1008778,0,1,0,1,0,0,0,0,N,N,Y,6,2026,2,N,None
CUST1008779,0,0,0,1,0,1,0,1,N,N,Y,6,2026,3,Y,RD
CUST1008780,0,1,0,1,0,2,0,0,N,N,Y,6,2026,3,N,None
CUST1008781,0,0,0,1,0,0,0,0,N,N,N,6,2026,1,N,None
CUST1008782,0,0,0,1,0,0,0,0,Y,N,N,6,2026,1,N,None
CUST1008783,1,0,0,1,3,0,0,0,N,N,Y,6,2026,3,Y,HF
CUST1008784,0,0,0,1,0,0,0,0,N,N,N,6,2026,1,Y,AL
CUST1008785,0,1,0,1,0,0,0,0,N,Y,N,6,2026,2,N,None
CUST1008786,0,0,0,1,0,0,0,0,N,N,N,6,2026,1,N,None
CUST1008787,1,0,0,1,0,1,0,0,N,N,Y,6,2026,3,Y,CC
CUST1008788,0,1,0,0,2,0,0,0,Y,N,N,6,2026,2,N,None
CUST1008789,0,0,0,1,3,0,0,1,N,N,Y,6,2026,3,Y,PL
CUST1008790,0,1,0,1,0,0,0,0,N,N,Y,6,2026,2,N,None
CUST1008791,0,0,0,1,0,0,0,0,N,N,Y,6,2026,1,N,None
CUST1008792,0,2,0,1,2,0,0,0,Y,Y,Y,6,2026,3,N,AL
CUST1008793,0,0,0,1,2,0,0,1,N,N,N,6,2026,3,N,None
CUST1008794,1,0,0,1,0,0,1,0,N,N,Y,6,2026,3,N,None
CUST1008795,0,0,1,1,2,0,0,0,N,N,N,6,2026,3,N,None
CUST1008796,0,0,0,1,0,0,0,1,N,N,Y,6,2026,2,N,None
CUST1008797,0,0,0,1,1,0,0,0,N,N,N,6,2026,2,N,None
CUST1008798,0,2,0,1,0,0,0,0,N,N,N,6,2026,2,N,None
CUST1008799,1,1,0,1,1,0,0,0,N,Y,Y,6,2026,4,Y,MF
CUST1008800,1,0,0,1,0,0,0,0,N,N,Y,6,2026,2,N,None
CUST1008801,0,0,0,1,0,0,0,0,N,N,Y,6,2026,1,N,None
CUST1008802,0,0,0,1,0,0,0,0,N,N,N,6,2026,1,N,None
CUST1008803,0,0,0,1,2,0,0,0,N,N,Y,6,2026,2,Y,AL
CUST1008804,1,0,0,1,0,0,0,0,N,N,N,6,2026,2,N,CC
CUST1008805,2,0,0,1,0,1,0,0,N,N,Y,6,2026,3,N,None
CUST1008806,0,0,0,0,0,2,0,0,N,N,Y,6,2026,1,N,None
CUST1008807,1,1,0,1,0,0,0,0,N,N,Y,6,2026,3,Y,CC
CUST1008808,0,1,0,1,0,0,0,0,N,N,Y,6,2026,2,N,None
CUST1008809,0,1,0,1,0,0,0,1,Y,N,N,6,2026,3,Y,PL
CUST1008810,0,2,1,0,0,0,0,1,N,N,Y,6,2026,3,N,HF
CUST1008811,0,1,1,1,1,1,0,0,N,N,N,6,2026,5,N,None
CUST1008812,0,0,0,1,0,0,0,0,Y,N,N,6,2026,1,N,None
CUST1008813,0,0,0,1,0,2,0,1,N,N,N,6,2026,3,N,AL
CUST1008814,0,0,0,1,0,1,0,0,Y,N,Y,6,2026,2,N,None
CUST1008815,0,1,0,1,0,0,0,0,N,N,Y,6,2026,2,Y,HL
CUST1008816,0,0,0,1,0,0,0,1,N,N,Y,6,2026,2,N,None
CUST1008817,1,2,0,0,0,0,0,0,Y,N,Y,6,2026,2,N,None
CUST1008818,2,2,0,1,0,1,0,0,N,N,Y,6,2026,4,N,AL
CUST1008819,0,0,0,1,0,0,0,1,N,N,Y,6,2026,2,Y,AL
CUST1008820,0,2,0,1,0,0,0,0,N,N,N,6,2026,2,N,None
CUST1008821,0,1,0,1,2,0,1,0,N,N,Y,6,2026,4,N,None
CUST1008822,0,2,0,1,0,2,0,1,N,N,Y,6,2026,4,Y,CC
CUST1008823,0,0,0,0,2,0,0,0,N,Y,N,6,2026,1,Y,AL
CUST1008824,0,2,0,1,0,0,0,0,N,N,Y,6,2026,2,N,None
CUST1008825,0,0,0,1,0,0,0,0,N,Y,Y,6,2026,1,N,None
CUST1008826,0,2,0,1,0,0,0,0,N,N,N,6,2026,2,N,None
CUST1008827,0,0,0,1,0,0,0,0,N,N,Y,6,2026,1,Y,CC
CUST1008828,0,2,0,1,3,0,0,0,N,N,Y,6,2026,3,N,None
CUST1008829,0,2,0,1,0,0,0,0,Y,N,Y,6,2026,2,Y,SA
CUST1008830,0,0,1,1,0,0,0,0,Y,N,N,6,2026,2,Y,AL
CUST1008831,2,0,0,1,0,0,0,0,N,N,N,6,2026,2,N,HL
CUST1008832,0,0,0,1,1,2,0,0,N,N,Y,6,2026,3,Y,HF
CUST1008833,2,1,0,1,0,0,0,0,N,N,N,6,2026,3,N,None
CUST1008834,0,2,0,1,3,2,0,0,Y,Y,Y,6,2026,4,Y,CC
CUST1008835,0,0,0,0,0,1,0,0,N,N,Y,6,2026,1,N,None
CUST1008836,0,2,0,1,0,0,0,0,N,N,Y,6,2026,2,Y,RD
CUST1008837,0,0,0,1,0,0,0,1,N,N,N,6,2026,2,N,None
CUST1008838,0,1,0,1,0,0,1,0,N,N,Y,6,2026,3,Y,CC
CUST1008839,0,2,0,1,0,1,0,0,N,N,Y,6,2026,3,N,None
CUST1008840,2,2,0,1,0,1,0,0,N,N,Y,6,2026,4,Y,PL
CUST1008841,0,0,1,1,0,1,0,0,N,N,Y,6,2026,3,N,RD
CUST1008842,1,1,0,1,0,0,0,0,N,N,N,6,2026,3,N,None
CUST1008843,0,0,0,1,0,0,0,0,N,N,Y,6,2026,1,Y,MF
CUST1008844,0,0,0,1,0,0,0,0,N,N,N,6,2026,1,N,None
CUST1008845,0,0,0,1,0,2,0,1,N,N,Y,6,2026,3,N,None
CUST1008846,0,2,0,1,0,1,1,0,N,N,Y,6,2026,4,N,None
CUST1008847,1,2,0,1,0,0,0,1,N,N,Y,6,2026,4,Y,RD
CUST1008848,0,0,0,1,0,0,0,1,N,N,Y,6,2026,2,N,None
CUST1008849,0,0,1,1,0,0,0,0,N,N,Y,6,2026,2,N,None
CUST1008850,0,0,0,1,0,0,0,0,N,N,Y,6,2026,1,Y,AL
CUST1008851,0,2,0,1,0,0,1,0,N,N,N,6,2026,3,Y,CC
CUST1008852,0,0,0,0,0,0,0,1,N,Y,N,6,2026,1,N,None
CUST1008853,0,1,0,1,0,2,0,0,N,Y,N,6,2026,3,N,None
CUST1008854,0,2,0,1,0,0,0,0,N,Y,N,6,2026,2,Y,AL
CUST1008855,1,0,0,1,0,0,0,0,N,N,N,6,2026,2,N,CC
CUST1008856,0,0,0,1,0,1,0,0,N,N,Y,6,2026,2,N,CC
CUST1008857,2,0,0,1,0,0,0,0,N,N,N,6,2026,2,N,None
CUST1008858,0,0,0,1,0,0,0,0,Y,N,Y,6,2026,1,Y,SA
CUST1008859,0,0,0,1,2,0,0,0,N,N,Y,6,2026,2,N,MF
CUST1008860,0,1,0,0,0,2,0,0,N,N,Y,6,2026,2,Y,AL
CUST1008861,2,2,0,0,0,0,0,0,N,N,N,6,2026,2,N,None
CUST1008862,2,2,0,0,0,0,0,0,Y,N,Y,6,2026,2,N,None
CUST1008863,0,2,0,1,0,0,0,0,N,N,N,6,2026,2,Y,AL
CUST1008864,0,0,0,1,0,2,0,0,N,N,N,6,2026,2,N,AL
CUST1008865,0,0,0,1,0,0,0,0,N,N,Y,6,2026,1,N,None
CUST1008866,0,1,0,1,0,0,0,0,N,N,Y,6,2026,2,Y,SA
CUST1008867,0,0,0,1,2,0,0,0,N,N,Y,6,2026,2,Y,RD
CUST1008868,0,0,0,1,0,0,0,0,N,N,N,6,2026,1,Y,PL
CUST1008869,0,1,0,1,0,1,0,0,N,N,Y,6,2026,3,N,None
CUST1008870,0,0,0,1,0,0,0,0,N,N,N,6,2026,1,Y,RD
CUST1008871,0,0,0,1,1,0,0,1,N,N,Y,6,2026,3,N,PL
CUST1008872,0,0,0,1,0,0,0,0,N,N,N,6,2026,1,N,PL
CUST1008873,0,0,0,1,0,0,0,0,Y,N,Y,6,2026,1,N,None
CUST1008874,0,1,0,1,0,0,0,0,N,N,N,6,2026,2,Y,SA
CUST1008875,0,0,0,1,1,0,0,0,N,N,Y,6,2026,2,N,MF
CUST1008876,0,0,1,1,2,0,1,0,N,N,N,6,2026,4,Y,CC
CUST1008877,1,0,0,1,0,0,0,0,Y,N,Y,6,2026,2,N,None
CUST1008878,0,2,0,1,0,0,0,0,N,N,N,6,2026,2,N,None
CUST1008879,0,2,0,1,3,0,0,0,N,N,Y,6,2026,3,N,CC
CUST1008880,0,0,0,1,0,0,0,0,N,N,Y,6,2026,1,N,CC
CUST1008881,2,0,0,1,1,1,0,0,N,N,N,6,2026,4,N,None
CUST1008882,0,0,0,1,2,0,0,0,N,N,Y,6,2026,2,Y,SA
CUST1008883,0,0,0,1,0,1,0,0,N,N,N,6,2026,2,N,None
CUST1008884,0,2,0,1,0,1,0,0,N,N,Y,6,2026,3,Y,AL
CUST1008885,0,0,0,0,0,0,0,0,N,N,Y,6,2026,0,Y,HF
CUST1008886,0,0,0,1,0,0,0,1,N,N,N,6,2026,2,Y,AL
CUST1008887,0,0,0,1,0,0,0,0,N,N,N,6,2026,1,N,None
CUST1008888,0,0,0,1,1,1,0,0,Y,N,N,6,2026,3,Y,RD
CUST1008889,0,0,0,1,0,0,0,1,Y,N,N,6,2026,2,N,None
CUST1008890,0,0,0,1,0,0,0,0,N,N,Y,6,2026,1,N,None
CUST1008891,0,0,0,1,0,2,1,1,N,N,Y,6,2026,4,N,None
CUST1008892,0,0,0,0,1,0,0,0,Y,N,N,6,2026,1,N,None
CUST1008893,2,0,0,1,0,0,0,0,N,N,N,6,2026,2,N,None
CUST1008894,0,1,0,1,0,0,0,0,N,N,N,6,2026,2,Y,HL
CUST1008895,0,0,0,1,0,0,0,0,Y,N,N,6,2026,1,Y,HF
CUST1008896,0,0,0,1,0,0,0,1,N,N,N,6,2026,2,Y,PL
CUST1008897,0,2,0,1,0,2,0,0,N,N,N,6,2026,3,Y,CC
CUST1008898,0,1,0,1,0,1,0,1,Y,N,Y,6,2026,4,Y,SA
CUST1008899,0,1,0,1,0,2,0,1,N,N,N,6,2026,4,Y,RD
CUST1008900,0,0,0,1,0,0,0,0,N,N,Y,6,2026,1,Y,SA
CUST1008901,0,0,0,1,0,0,0,0,N,N,N,6,2026,1,N,None
CUST1008902,0,0,1,0,0,0,0,0,N,N,N,6,2026,1,N,None
CUST1008903,0,0,1,1,3,0,0,0,N,N,Y,6,2026,3,Y,MF
CUST1008904,1,1,1,1,0,1,0,0,N,N,Y,6,2026,5,Y,MF
CUST1008905,0,2,0,1,2,2,0,0,N,N,Y,6,2026,4,N,None
CUST1008906,0,0,0,1,3,0,0,0,Y,N,Y,6,2026,2,N,None
CUST1008907,0,1,0,1,0,1,0,0,N,N,Y,6,2026,3,Y,SA
CUST1008908,0,0,0,1,1,1,0,0,N,N,N,6,2026,3,N,None
CUST1008909,1,1,1,1,0,0,0,0,N,N,N,6,2026,4,N,None
CUST1008910,0,2,0,1,0,0,0,1,N,N,N,6,2026,3,N,None
CUST1008911,0,0,0,1,3,1,0,0,N,N,Y,6,2026,3,N,None
CUST1008912,0,2,1,1,0,0,0,0,N,N,N,6,2026,3,Y,CC
CUST1008913,0,0,0,1,0,0,0,0,Y,N,Y,6,2026,1,Y,SA
CUST1008914,0,0,0,1,0,1,1,1,N,N,Y,6,2026,4,N,None
CUST1008915,2,0,0,1,2,0,0,0,N,N,Y,6,2026,3,N,None
CUST1008916,0,2,1,1,0,1,0,0,N,N,Y,6,2026,4,N,None
CUST1008917,2,0,0,1,0,0,0,0,N,N,N,6,2026,2,N,None
CUST1008918,0,0,0,1,0,0,0,0,N,N,N,6,2026,1,N,None
CUST1008919,0,0,0,1,1,0,0,0,N,N,N,6,2026,2,Y,SA
CUST1008920,0,0,0,1,0,2,0,0,N,N,Y,6,2026,2,N,PL
CUST1008921,0,0,0,1,0,0,0,0,N,N,N,6,2026,1,Y,MF
CUST1008922,0,0,0,0,0,0,0,0,Y,N,Y,6,2026,0,N,None
CUST1008923,0,2,0,1,0,0,0,0,N,N,Y,6,2026,2,N,None
CUST1008924,0,0,0,1,3,0,0,0,Y,N,N,6,2026,2,N,None
CUST1008925,0,1,0,1,0,0,0,0,Y,N,Y,6,2026,2,Y,CC
CUST1008926,1,0,0,1,0,0,0,0,N,N,N,6,2026,2,N,None
CUST1008927,0,0,0,1,3,0,0,0,N,N,Y,6,2026,2,Y,CC
CUST1008928,0,0,0,1,0,0,0,0,N,N,Y,6,2026,1,N,HF
CUST1008929,2,0,0,1,0,0,1,0,Y,N,N,6,2026,3,N,None
CUST1008930,0,0,0,1,1,0,0,0,N,N,Y,6,2026,2,N,None
CUST1008931,0,2,1,1,0,0,0,0,N,Y,N,6,2026,3,N,None
CUST1008932,0,1,0,1,0,0,0,0,Y,N,N,6,2026,2,N,None
CUST1008933,0,0,0,1,0,0,0,0,Y,N,Y,6,2026,1,N,None
CUST1008934,0,0,0,1,0,0,0,1,N,N,Y,6,2026,2,Y,SA
CUST1008935,0,1,0,1,0,0,0,0,N,N,Y,6,2026,2,Y,AL
CUST1008936,0,0,1,1,3,1,0,0,N,N,N,6,2026,4,Y,CC
CUST1008937,0,0,0,1,0,0,0,0,N,N,Y,6,2026,1,N,None
CUST1008938,0,0,0,1,0,0,0,0,Y,Y,N,6,2026,1,N,None
CUST1008939,0,2,0,1,0,0,0,1,N,N,Y,6,2026,3,N,None
CUST1008940,0,0,0,1,3,0,0,0,N,N,Y,6,2026,2,Y,HF
CUST1008941,2,0,0,1,0,0,0,0,Y,N,N,6,2026,2,N,None
CUST1008942,0,1,0,1,0,0,0,0,N,N,N,6,2026,2,N,None
CUST1008943,1,0,0,1,0,0,0,0,Y,N,N,6,2026,2,N,None
CUST1008944,1,0,0,1,0,0,0,0,N,N,N,6,2026,2,N,None
CUST1008945,2,0,0,1,3,0,0,0,Y,N,Y,6,2026,3,Y,CC
CUST1008946,0,0,0,1,0,0,0,1,N,N,Y,6,2026,2,Y,HF
CUST1008947,0,0,0,1,0,0,0,0,N,N,N,6,2026,1,Y,SA
CUST1008948,2,0,0,1,3,2,0,0,N,N,N,6,2026,4,Y,AL
CUST1008949,0,0,0,1,0,0,0,0,N,N,Y,6,2026,1,N,None
CUST1008950,1,2,0,1,0,1,0,0,N,N,Y,6,2026,4,Y,HF
CUST1008951,0,2,0,1,0,0,0,1,N,N,Y,6,2026,3,N,MF
CUST1008952,0,1,0,1,3,0,0,0,N,N,Y,6,2026,3,N,None
CUST1008953,2,2,0,1,0,0,0,0,N,N,N,6,2026,3,Y,AL
CUST1008954,0,0,0,1,0,0,0,0,N,N,Y,6,2026,1,N,None
CUST1008955,0,0,0,1,2,0,0,0,N,N,Y,6,2026,2,N,None
CUST1008956,0,0,0,1,0,0,0,0,N,N,N,6,2026,1,N,None
CUST1008957,2,0,0,1,0,0,0,0,N,N,N,6,2026,2,Y,MF
CUST1008958,0,0,0,1,0,0,0,0,N,N,N,6,2026,1,N,None
CUST1008959,0,1,0,1,0,0,0,0,N,N,Y,6,2026,2,N,None
CUST1008960,0,2,0,1,0,0,0,0,N,N,N,6,2026,2,Y,RD
CUST1008961,0,2,0,1,0,0,0,0,N,N,Y,6,2026,2,Y,CC
CUST1008962,0,0,0,1,0,2,0,0,N,N,N,6,2026,2,N,None
CUST1008963,0,0,0,1,0,0,0,0,N,N,Y,6,2026,1,N,None
CUST1008964,0,0,0,1,0,0,0,0,N,N,Y,6,2026,1,Y,SA
CUST1008965,0,0,0,1,0,0,0,0,N,N,N,6,2026,1,Y,HF
CUST1008966,0,0,0,1,0,0,0,0,N,N,Y,6,2026,1,Y,RD
CUST1008967,0,1,0,1,0,1,1,1,N,N,N,6,2026,5,Y,HF
CUST1008968,0,0,0,1,0,0,0,0,N,N,N,6,2026,1,Y,SA
CUST1008969,0,0,0,1,3,0,0,0,N,N,N,6,2026,2,N,None
CUST1008970,0,1,0,1,0,0,0,0,N,N,N,6,2026,2,Y,MF
CUST1008971,0,1,0,1,0,0,0,0,N,N,Y,6,2026,2,N,None
CUST1008972,0,0,0,1,0,0,0,0,N,N,N,6,2026,1,N,None
CUST1008973,0,0,0,1,0,0,0,0,N,N,N,6,2026,1,N,RD
CUST1008974,0,0,0,1,0,2,0,0,N,N,N,6,2026,2,N,None
CUST1008975,0,0,0,1,0,0,0,0,N,N,Y,6,2026,1,N,PL
CUST1008976,0,0,0,1,0,0,0,0,N,N,Y,6,2026,1,N,None
CUST1008977,0,1,0,1,2,2,0,0,N,N,Y,6,2026,4,Y,SA
CUST1008978,0,0,0,1,0,0,0,0,N,N,N,6,2026,1,N,MF
CUST1008979,0,1,0,1,0,0,0,0,N,N,Y,6,2026,2,N,AL
CUST1008980,0,0,0,1,0,0,0,0,N,N,Y,6,2026,1,Y,AL
CUST1008981,1,2,0,1,2,2,0,0,N,N,Y,6,2026,5,N,None
CUST1008982,2,1,0,1,2,0,0,0,N,N,N,6,2026,4,N,None
CUST1008983,2,1,0,1,1,1,0,0,N,N,N,6,2026,5,Y,RD
CUST1008984,0,2,0,1,0,0,0,0,N,N,Y,6,2026,2,Y,AL
CUST1008985,0,1,0,1,0,0,0,0,Y,N,N,6,2026,2,Y,MF
CUST1008986,0,0,0,1,0,0,0,0,N,N,N,6,2026,1,N,None
CUST1008987,0,0,0,1,3,0,0,0,N,N,Y,6,2026,2,N,None
CUST1008988,0,1,0,1,0,0,0,0,N,N,N,6,2026,2,N,None
CUST1008989,0,0,0,1,0,2,0,0,N,N,Y,6,2026,2,N,None
CUST1008990,0,0,0,1,0,0,0,0,Y,N,N,6,2026,1,Y,AL
CUST1008991,1,1,1,1,0,2,1,0,N,N,N,6,2026,6,Y,CC
CUST1008992,1,0,0,1,0,2,0,0,N,N,Y,6,2026,3,N,None
CUST1008993,0,1,0,1,0,0,0,0,N,N,Y,6,2026,2,N,None
CUST1008994,0,0,0,1,0,0,0,0,N,N,N,6,2026,1,Y,MF
CUST1008995,0,0,0,1,0,1,0,0,N,N,N,6,2026,2,Y,CC
CUST1008996,0,1,0,0,0,1,0,0,N,N,N,6,2026,2,N,None
CUST1008997,1,0,0,1,0,0,0,0,N,N,Y,6,2026,2,N,None
CUST1008998,0,0,0,1,0,0,0,0,N,Y,N,6,2026,1,Y,PL
CUST1008999,1,0,0,1,0,0,0,0,N,N,Y,6,2026,2,N,None
CUST1009000,0,1,0,1,1,2,0,0,N,N,Y,6,2026,4,N,None
CUST1009001,0,1,0,1,0,0,0,0,N,N,Y,6,2026,2,N,None
CUST1009002,1,2,0,1,0,0,0,0,N,N,N,6,2026,3,N,None
CUST1009003,0,1,0,1,0,0,0,0,N,N,Y,6,2026,2,N,None
CUST1009004,2,0,0,1,0,1,1,1,N,N,N,6,2026,5,N,None
CUST1009005,0,0,0,1,0,1,0,0,Y,N,Y,6,2026,2,N,None
CUST1009006,0,0,0,0,0,0,0,1,Y,N,N,6,2026,1,N,None
CUST1009007,0,0,0,1,0,0,0,0,Y,N,Y,6,2026,1,N,None
CUST1009008,0,2,0,0,0,0,1,0,N,N,N,6,2026,2,N,CC
CUST1009009,0,0,0,1,0,0,0,0,N,N,N,6,2026,1,N,None
CUST1009010,0,1,0,1,0,0,0,0,N,N,N,6,2026,2,N,SA
CUST1009011,0,1,0,1,0,0,1,0,N,N,N,6,2026,3,N,None
CUST1009012,0,2,0,1,0,2,0,0,Y,N,Y,6,2026,3,N,None
CUST1009013,0,2,0,1,2,0,0,0,N,N,Y,6,2026,3,N,None
CUST1009014,0,2,0,1,0,0,0,0,N,N,N,6,2026,2,N,None
CUST1009015,0,2,0,1,0,2,0,0,N,N,Y,6,2026,3,N,HL
CUST1009016,0,0,0,1,0,2,0,0,N,N,Y,6,2026,2,N,None
CUST1009017,0,2,0,1,0,0,0,0,N,N,Y,6,2026,2,N,None
CUST1009018,0,2,0,1,0,0,0,1,N,N,N,6,2026,3,Y,RD
CUST1009019,0,0,0,1,3,0,0,0,N,N,Y,6,2026,2,N,RD
CUST1009020,0,0,0,1,0,0,0,0,N,N,Y,6,2026,1,Y,MF
CUST1009021,1,0,0,1,1,0,0,0,N,N,N,6,2026,3,Y,HL
CUST1009022,0,0,0,1,0,2,0,0,N,Y,Y,6,2026,2,N,None
CUST1009023,0,0,0,1,1,0,0,0,N,N,N,6,2026,2,Y,MF
CUST1009024,0,0,0,1,0,0,0,0,N,N,Y,6,2026,1,Y,AL
CUST1009025,0,0,0,1,0,0,0,0,N,N,Y,6,2026,1,N,None
CUST1009026,0,0,0,1,0,0,0,0,Y,N,N,6,2026,1,Y,SA
CUST1009027,0,1,0,1,0,0,0,0,N,N,Y,6,2026,2,N,None
CUST1009028,1,0,0,1,0,0,0,0,N,N,N,6,2026,2,N,None
CUST1009029,0,0,0,1,0,0,0,0,Y,Y,N,6,2026,1,N,None
CUST1009030,0,0,0,1,0,0,0,0,N,N,Y,6,2026,1,N,None
CUST1009031,0,0,0,1,0,2,0,0,N,N,Y,6,2026,2,Y,SA
CUST1009032,0,2,0,1,0,0,0,1,N,N,N,6,2026,3,N,RD
CUST1009033,0,2,0,1,2,0,0,1,N,N,Y,6,2026,4,N,None
CUST1009034,0,1,0,1,0,0,0,0,N,N,N,6,2026,2,N,None
CUST1009035,0,2,0,1,0,1,0,0,Y,N,Y,6,2026,3,N,HL
CUST1009036,0,0,0,1,3,0,0,0,Y,N,Y,6,2026,2,N,PL
CUST1009037,0,2,1,1,2,2,0,0,Y,N,Y,6,2026,5,Y,SA
CUST1009038,0,0,0,1,1,0,0,0,Y,N,N,6,2026,2,N,None
CUST1009039,0,0,0,1,2,0,0,0,N,Y,Y,6,2026,2,Y,CC
CUST1009040,0,0,0,1,0,0,0,1,N,N,Y,6,2026,2,N,None
CUST1009041,0,2,0,1,0,1,0,0,N,N,N,6,2026,3,N,None
CUST1009042,0,0,0,1,1,0,0,0,N,N,Y,6,2026,2,N,None
CUST1009043,1,0,1,1,0,1,0,0,N,N,Y,6,2026,4,N,None
CUST1009044,0,0,0,1,0,0,0,0,N,N,N,6,2026,1,N,None
CUST1009045,0,1,0,1,2,0,0,0,N,N,Y,6,2026,3,N,None
CUST1009046,0,2,0,1,0,0,0,0,N,N,N,6,2026,2,N,None
CUST1009047,0,2,0,1,2,2,0,1,N,N,Y,6,2026,5,Y,AL
CUST1009048,2,2,0,1,0,2,0,0,N,N,N,6,2026,4,N,None
CUST1009049,0,2,0,1,0,0,0,1,N,N,N,6,2026,3,Y,HF
CUST1009050,0,1,0,1,0,0,0,0,N,N,Y,6,2026,2,Y,RD
CUST1009051,0,0,0,1,0,0,0,0,N,N,Y,6,2026,1,N,None
CUST1009052,0,0,0,1,0,0,0,0,N,Y,Y,6,2026,1,Y,RD
CUST1009053,0,0,0,1,2,0,0,0,N,N,Y,6,2026,2,Y,HL
CUST1009054,0,2,0,1,0,0,0,0,N,N,Y,6,2026,2,N,None
CUST1009055,1,1,0,1,0,2,0,1,N,N,N,6,2026,5,N,None
CUST1009056,0,0,1,1,0,0,0,1,N,N,Y,6,2026,3,N,None
CUST1009057,0,0,0,1,0,1,0,0,N,N,Y,6,2026,2,Y,SA
CUST1009058,0,0,0,1,0,2,0,0,N,N,N,6,2026,2,Y,SA
CUST1009059,2,2,0,1,3,0,0,0,N,N,Y,6,2026,4,N,None
CUST1009060,0,0,0,1,0,0,1,0,N,N,Y,6,2026,2,N,HL
CUST1009061,0,0,0,1,3,0,0,0,N,N,Y,6,2026,2,Y,SA
CUST1009062,2,0,0,1,0,0,0,0,N,N,Y,6,2026,2,N,None
CUST1009063,0,0,0,1,0,0,0,0,N,Y,Y,6,2026,1,Y,CC
CUST1009064,2,0,0,1,0,0,0,0,N,N,Y,6,2026,2,N,None
CUST1009065,2,0,0,1,0,1,0,0,N,N,N,6,2026,3,N,None
CUST1009066,1,0,1,1,0,1,0,0,N,N,Y,6,2026,4,N,None
CUST1009067,2,0,1,1,0,0,0,0,Y,N,Y,6,2026,3,N,None
CUST1009068,0,2,0,1,0,0,0,0,N,N,N,6,2026,2,Y,CC
CUST1009069,0,2,0,1,0,1,0,0,N,N,N,6,2026,3,N,None
CUST1009070,0,1,0,1,0,0,0,1,N,N,N,6,2026,3,N,None
CUST1009071,1,0,0,1,0,0,0,1,N,N,Y,6,2026,3,N,None
CUST1009072,0,2,1,1,0,0,0,0,N,N,Y,6,2026,3,Y,RD
CUST1009073,0,0,0,1,0,0,0,0,N,N,Y,6,2026,1,Y,CC
CUST1009074,0,1,0,1,0,0,0,0,N,N,Y,6,2026,2,Y,AL
CUST1009075,0,0,0,1,0,1,0,0,Y,N,N,6,2026,2,N,None
CUST1009076,0,1,0,1,0,1,0,0,Y,N,N,6,2026,3,N,SA
CUST1009077,0,0,0,1,0,0,0,0,N,N,Y,6,2026,1,N,None
CUST1009078,0,0,0,1,0,0,0,0,N,N,Y,6,2026,1,Y,MF
CUST1009079,1,0,0,0,0,1,0,0,N,N,N,6,2026,2,Y,SA
CUST1009080,0,0,0,1,0,2,0,0,Y,N,Y,6,2026,2,N,None
CUST1009081,0,2,0,1,1,2,0,0,Y,N,N,6,2026,4,Y,MF
CUST1009082,0,0,0,1,0,2,0,0,N,N,N,6,2026,2,N,None
CUST1009083,0,0,0,1,0,2,0,0,Y,N,Y,6,2026,2,N,None
CUST1009084,0,0,0,1,0,0,0,0,N,N,Y,6,2026,1,N,None
CUST1009085,0,1,0,1,0,0,0,0,N,N,N,6,2026,2,Y,SA
CUST1009086,0,1,0,1,1,0,0,0,N,N,N,6,2026,3,N,HF
CUST1009087,0,2,0,1,1,0,1,0,Y,N,Y,6,2026,4,N,None
CUST1009088,0,0,0,1,0,0,0,0,N,N,N,6,2026,1,N,SA
CUST1009089,0,1,0,1,0,0,0,0,N,N,N,6,2026,2,Y,CC
CUST1009090,2,0,0,1,0,0,0,0,N,N,N,6,2026,2,Y,MF
CUST1009091,0,0,0,1,0,0,0,0,N,N,Y,6,2026,1,Y,SA
CUST1009092,0,0,0,1,0,1,0,0,Y,N,N,6,2026,2,N,None
CUST1009093,1,0,0,1,0,2,0,1,N,N,N,6,2026,4,N,None
CUST1009094,0,0,0,1,0,0,0,1,N,N,Y,6,2026,2,N,None
CUST1009095,0,0,0,1,0,0,0,0,N,N,Y,6,2026,1,N,None
CUST1009096,0,1,0,1,1,0,0,0,N,N,Y,6,2026,3,N,None
CUST1009097,0,0,0,1,2,2,0,0,N,N,Y,6,2026,3,Y,AL
CUST1009098,0,2,0,1,2,2,0,0,N,N,N,6,2026,4,Y,SA
CUST1009099,0,0,0,1,3,0,0,0,N,N,N,6,2026,2,Y,CC
CUST1009100,0,0,0,1,0,2,0,0,N,N,N,6,2026,2,N,None
CUST1009101,0,2,0,1,0,0,0,0,N,N,Y,6,2026,2,Y,PL
CUST1009102,0,1,0,1,0,0,0,0,N,N,Y,6,2026,2,N,None
CUST1009103,0,0,0,1,0,2,0,0,Y,N,Y,6,2026,2,N,None
CUST1009104,0,0,0,1,3,0,0,0,N,N,Y,6,2026,2,N,None
CUST1009105,0,1,0,1,0,0,0,1,N,N,Y,6,2026,3,N,None
CUST1009106,0,0,0,1,0,0,0,0,Y,N,N,6,2026,1,N,None
CUST1009107,0,0,0,1,0,0,0,0,Y,N,N,6,2026,1,N,None
CUST1009108,0,0,1,1,0,0,0,0,N,N,N,6,2026,2,N,None
CUST1009109,0,0,0,1,0,1,0,0,N,N,N,6,2026,2,N,None
CUST1009110,0,2,0,1,0,0,0,0,N,N,Y,6,2026,2,Y,PL
CUST1009111,0,1,0,1,0,0,0,1,N,N,Y,6,2026,3,Y,CC
CUST1009112,0,2,0,1,0,0,0,0,N,N,Y,6,2026,2,N,None
CUST1009113,0,2,0,1,0,0,0,0,N,N,N,6,2026,2,Y,CC
CUST1009114,0,0,0,1,0,0,0,0,N,N,N,6,2026,1,Y,RD
CUST1009115,0,0,0,1,0,0,0,0,Y,N,N,6,2026,1,N,None
CUST1009116,0,0,0,0,3,0,0,0,N,N,Y,6,2026,1,N,CC
CUST1009117,0,2,0,1,0,0,0,0,N,N,N,6,2026,2,Y,AL
CUST1009118,0,0,1,1,0,1,0,0,Y,N,N,6,2026,3,N,None
CUST1009119,1,0,0,1,0,1,0,1,N,N,Y,6,2026,4,N,None
CUST1009120,0,2,0,1,0,0,0,0,N,N,Y,6,2026,2,N,None
CUST1009121,0,0,0,0,2,1,0,0,Y,N,Y,6,2026,2,Y,SA
CUST1009122,2,1,0,0,3,0,0,0,N,N,Y,6,2026,3,N,None
CUST1009123,0,2,0,1,0,0,0,0,Y,N,N,6,2026,2,Y,RD
CUST1009124,0,0,0,1,0,0,0,0,Y,N,N,6,2026,1,N,None
CUST1009125,0,0,0,1,0,0,1,0,N,N,N,6,2026,2,Y,SA
CUST1009126,0,0,0,1,0,0,0,1,N,N,N,6,2026,2,N,None
CUST1009127,0,2,0,1,0,1,0,0,Y,N,Y,6,2026,3,N,SA
CUST1009128,0,2,0,1,0,0,1,0,N,N,Y,6,2026,3,Y,AL
CUST1009129,0,0,0,1,1,2,0,0,N,Y,Y,6,2026,3,Y,AL
CUST1009130,2,0,0,1,0,0,0,0,N,N,N,6,2026,2,Y,MF
CUST1009131,0,0,0,1,0,0,0,0,N,N,Y,6,2026,1,N,None
CUST1009132,0,2,0,1,0,0,0,0,Y,N,N,6,2026,2,N,None
CUST1009133,0,0,0,1,0,2,0,0,N,N,Y,6,2026,2,N,None
CUST1009134,2,2,0,1,3,0,0,0,N,N,Y,6,2026,4,N,None
CUST1009135,0,2,0,1,0,0,0,0,N,N,N,6,2026,2,Y,HL
CUST1009136,0,2,0,1,1,1,0,0,N,N,N,6,2026,4,Y,AL
CUST1009137,0,2,0,1,0,2,0,1,N,N,Y,6,2026,4,N,None
CUST1009138,0,2,1,1,0,0,0,0,Y,N,Y,6,2026,3,N,AL
CUST1009139,0,2,0,1,0,2,0,0,N,N,N,6,2026,3,N,None
CUST1009140,2,1,0,1,0,1,1,0,Y,N,N,6,2026,5,N,None
CUST1009141,0,2,0,1,0,0,0,1,N,N,N,6,2026,3,Y,RD
CUST1009142,2,0,0,1,0,2,1,0,N,N,N,6,2026,4,N,None
CUST1009143,2,2,0,1,0,0,0,0,N,N,N,6,2026,3,Y,SA
CUST1009144,0,2,0,1,0,0,0,0,N,N,Y,6,2026,2,Y,PL
CUST1009145,0,0,0,1,0,0,0,0,Y,N,N,6,2026,1,N,None
CUST1009146,0,0,0,1,0,0,0,0,N,N,Y,6,2026,1,N,None
CUST1009147,0,1,0,1,0,0,0,0,N,N,Y,6,2026,2,Y,HL
CUST1009148,0,2,0,1,0,0,0,0,N,N,Y,6,2026,2,Y,HL
CUST1009149,0,0,0,1,0,0,0,1,N,N,N,6,2026,2,Y,SA
CUST1009150,0,1,0,1,0,0,0,0,N,N,Y,6,2026,2,Y,RD
CUST1009151,0,2,0,1,0,0,0,0,N,N,N,6,2026,2,N,None
CUST1009152,0,2,0,1,1,0,0,0,N,Y,N,6,2026,3,N,None
CUST1009153,0,0,0,1,3,0,0,0,N,N,N,6,2026,2,N,None
CUST1009154,0,0,0,1,3,2,0,0,N,N,N,6,2026,3,N,None
CUST1009155,0,0,0,1,0,0,0,0,N,N,Y,6,2026,1,N,None
CUST1009156,1,1,0,1,0,0,0,0,N,N,N,6,2026,3,Y,CC
CUST1009157,0,0,0,1,0,2,0,0,N,N,N,6,2026,2,N,None
CUST1009158,0,1,0,0,0,0,0,0,N,N,Y,6,2026,1,Y,SA
CUST1009159,0,0,0,1,0,0,0,0,N,N,Y,6,2026,1,N,None
CUST1009160,0,0,0,1,1,0,0,0,N,N,N,6,2026,2,N,None
CUST1009161,1,0,0,1,0,0,0,0,N,N,N,6,2026,2,Y,RD
CUST1009162,0,2,0,1,0,0,0,0,N,N,N,6,2026,2,N,AL
CUST1009163,0,0,0,1,0,0,0,0,N,N,N,6,2026,1,N,None
CUST1009164,0,1,0,1,0,2,0,0,N,Y,Y,6,2026,3,Y,HL
CUST1009165,0,0,0,1,3,0,0,0,N,N,Y,6,2026,2,Y,AL
CUST1009166,0,2,0,1,1,0,1,0,N,N,Y,6,2026,4,Y,CC
CUST1009167,0,1,0,1,2,0,0,0,N,N,Y,6,2026,3,Y,SA
CUST1009168,0,0,0,1,0,0,0,0,N,N,N,6,2026,1,Y,AL
CUST1009169,0,0,0,1,0,0,0,0,N,Y,N,6,2026,1,Y,HF
CUST1009170,0,0,0,1,1,2,0,0,N,N,N,6,2026,3,Y,CC
CUST1009171,0,0,0,1,0,0,0,0,Y,N,Y,6,2026,1,N,MF
CUST1009172,0,0,0,1,0,0,0,0,N,N,N,6,2026,1,N,None
CUST1009173,0,0,0,1,0,0,1,0,Y,N,N,6,2026,2,N,None
CUST1009174,0,1,0,1,0,1,1,0,N,N,N,6,2026,4,Y,SA
CUST1009175,0,1,0,1,0,0,1,0,N,N,Y,6,2026,3,N,None
CUST1009176,0,0,0,1,0,0,0,0,N,N,Y,6,2026,1,Y,PL
CUST1009177,0,0,0,1,0,0,0,0,N,N,Y,6,2026,1,Y,HF
CUST1009178,0,1,0,1,3,0,0,0,Y,N,N,6,2026,3,N,None
CUST1009179,0,1,0,1,3,2,0,1,N,N,Y,6,2026,5,N,None
CUST1009180,0,0,0,1,0,1,0,1,N,N,Y,6,2026,3,Y,SA
CUST1009181,2,0,0,1,1,0,0,0,N,N,N,6,2026,3,N,None
CUST1009182,1,0,0,0,0,1,1,1,N,N,N,6,2026,4,N,None
CUST1009183,0,2,0,1,0,0,0,0,N,N,N,6,2026,2,Y,RD
CUST1009184,0,0,0,1,0,2,0,0,N,N,N,6,2026,2,N,SA
CUST1009185,1,0,0,1,0,0,0,0,N,N,Y,6,2026,2,Y,HL
CUST1009186,0,2,0,1,3,0,0,0,N,N,Y,6,2026,3,Y,HL
CUST1009187,0,1,0,1,0,0,0,0,N,N,Y,6,2026,2,N,None
CUST1009188,2,0,0,1,0,0,0,0,N,N,N,6,2026,2,Y,SA
CUST1009189,0,2,0,1,1,0,0,0,N,N,N,6,2026,3,Y,CC
CUST1009190,0,0,0,1,0,1,0,0,N,N,Y,6,2026,2,N,None
CUST1009191,1,0,0,0,0,0,0,0,N,N,N,6,2026,1,Y,RD
CUST1009192,0,2,0,1,3,0,0,1,N,N,Y,6,2026,4,N,None
CUST1009193,0,1,0,1,1,0,1,0,N,N,Y,6,2026,4,Y,HL
CUST1009194,1,1,0,1,0,0,0,0,N,N,Y,6,2026,3,Y,CC
CUST1009195,0,1,0,1,0,0,0,0,N,N,Y,6,2026,2,N,None
CUST1009196,1,0,0,1,1,0,0,0,N,N,N,6,2026,3,N,None
CUST1009197,0,2,0,1,0,0,0,0,N,N,N,6,2026,2,N,None
CUST1009198,0,2,0,1,0,1,0,0,N,N,N,6,2026,3,N,SA
CUST1009199,0,2,0,1,0,2,0,0,N,N,N,6,2026,3,N,None
CUST1009200,0,2,0,0,0,0,0,0,N,N,N,6,2026,1,Y,AL
CUST1009201,0,2,0,1,1,2,0,0,Y,N,Y,6,2026,4,Y,AL
CUST1009202,0,0,0,1,0,0,0,0,Y,N,Y,6,2026,1,N,None
CUST1009203,0,1,0,1,0,0,0,0,N,N,Y,6,2026,2,Y,SA
CUST1009204,0,0,1,1,0,0,0,0,Y,N,N,6,2026,2,N,None
CUST1009205,0,0,0,1,0,2,0,0,N,N,Y,6,2026,2,Y,PL
CUST1009206,1,0,0,1,0,0,0,0,N,N,Y,6,2026,2,Y,RD
CUST1009207,0,2,1,1,0,2,0,1,N,N,N,6,2026,5,Y,SA
CUST1009208,0,0,0,1,0,0,0,0,Y,N,N,6,2026,1,N,None
CUST1009209,1,1,0,1,0,1,0,1,N,N,Y,6,2026,5,Y,PL
CUST1009210,0,0,0,1,0,0,0,0,N,N,N,6,2026,1,N,None
CUST1009211,1,0,0,1,3,0,0,0,Y,N,Y,6,2026,3,N,None
CUST1009212,0,1,0,1,0,0,0,0,N,N,N,6,2026,2,N,None
CUST1009213,0,0,0,1,0,0,0,0,N,N,Y,6,2026,1,N,None
CUST1009214,1,0,0,1,0,0,0,0,N,N,N,6,2026,2,Y,RD
CUST1009215,0,0,0,1,0,0,0,1,N,N,N,6,2026,2,N,None
CUST1009216,0,0,0,0,0,1,0,0,N,N,N,6,2026,1,N,None
CUST1009217,0,1,0,1,0,0,0,0,N,N,N,6,2026,2,N,None
CUST1009218,0,1,0,0,0,1,0,0,N,N,Y,6,2026,2,Y,HL
CUST1009219,0,2,0,1,0,0,0,0,N,N,N,6,2026,2,N,SA
CUST1009220,0,0,0,1,0,0,0,1,Y,N,Y,6,2026,2,N,PL
CUST1009221,0,2,0,1,0,0,0,0,N,N,Y,6,2026,2,Y,AL
CUST1009222,0,1,0,1,0,2,0,0,N,N,Y,6,2026,3,N,None
CUST1009223,0,0,0,1,0,0,0,0,N,N,N,6,2026,1,Y,SA
CUST1009224,0,0,0,1,0,2,0,0,N,N,Y,6,2026,2,Y,AL
CUST1009225,2,0,0,1,0,0,0,0,N,N,Y,6,2026,2,Y,RD
CUST1009226,0,2,0,1,0,1,0,0,N,N,N,6,2026,3,N,None
CUST1009227,0,0,0,1,0,0,0,1,Y,N,Y,6,2026,2,Y,RD
CUST1009228,0,2,0,1,0,0,0,0,N,N,Y,6,2026,2,Y,RD
CUST1009229,0,0,0,1,0,0,0,0,N,N,Y,6,2026,1,Y,SA
CUST1009230,2,2,0,1,1,2,0,0,Y,N,N,6,2026,5,Y,PL
CUST1009231,0,0,0,1,0,0,0,0,Y,N,N,6,2026,1,N,None
CUST1009232,0,0,0,1,2,0,0,0,N,Y,N,6,2026,2,N,None
CUST1009233,0,1,1,1,0,0,0,0,N,N,Y,6,2026,3,N,CC
CUST1009234,0,1,0,0,0,1,0,0,N,N,Y,6,2026,2,Y,AL
CUST1009235,1,0,0,1,0,2,0,0,N,N,Y,6,2026,3,N,None
CUST1009236,0,2,0,1,3,0,1,0,N,N,N,6,2026,4,N,None
CUST1009237,0,0,0,1,0,0,0,0,N,N,N,6,2026,1,N,None
CUST1009238,0,2,1,1,0,0,0,0,Y,N,N,6,2026,3,Y,CC
CUST1009239,0,0,0,1,0,0,0,0,N,Y,Y,6,2026,1,Y,PL
CUST1009240,0,1,0,1,3,2,0,0,N,N,N,6,2026,4,Y,SA
CUST1009241,0,2,0,1,1,0,0,0,N,N,N,6,2026,3,N,MF
CUST1009242,0,0,0,1,3,0,0,0,N,N,Y,6,2026,2,N,None
CUST1009243,0,0,0,1,0,1,0,0,N,N,N,6,2026,2,Y,HL
CUST1009244,0,1,0,1,0,0,0,0,N,N,Y,6,2026,2,N,None
CUST1009245,1,0,0,1,0,2,0,0,Y,N,N,6,2026,3,N,None
CUST1009246,0,1,1,1,3,1,0,0,Y,N,Y,6,2026,5,N,AL
CUST1009247,0,1,0,1,3,0,0,0,N,N,N,6,2026,3,N,None
CUST1009248,0,0,0,1,0,0,1,0,N,N,N,6,2026,2,N,None
CUST1009249,1,0,0,1,0,0,0,1,N,N,Y,6,2026,3,N,None
CUST1009250,2,0,0,1,1,2,0,0,Y,N,N,6,2026,4,N,None
CUST1009251,0,2,0,1,1,0,0,0,N,N,Y,6,2026,3,Y,CC
CUST1009252,0,0,0,1,0,1,0,1,N,N,Y,6,2026,3,N,None
CUST1009253,0,2,0,1,0,1,0,0,N,N,N,6,2026,3,N,None
CUST1009254,0,0,0,1,3,1,0,0,N,N,Y,6,2026,3,N,None
CUST1009255,0,0,0,1,0,0,0,0,N,N,N,6,2026,1,N,HF
CUST1009256,0,2,0,1,0,0,0,0,N,N,N,6,2026,2,N,CC
CUST1009257,0,2,0,1,0,0,1,0,N,N,Y,6,2026,3,N,RD
CUST1009258,0,0,0,1,0,0,0,0,N,N,Y,6,2026,1,N,None
CUST1009259,0,0,0,1,3,0,0,0,N,N,N,6,2026,2,N,None
CUST1009260,0,1,0,1,0,0,0,0,N,N,Y,6,2026,2,N,None
CUST1009261,0,0,0,1,0,0,0,1,N,N,Y,6,2026,2,Y,MF
CUST1009262,0,0,0,1,0,0,0,1,N,N,Y,6,2026,2,N,None
CUST1009263,0,2,1,1,0,0,0,0,N,N,Y,6,2026,3,N,None
CUST1009264,2,0,0,1,3,0,0,1,Y,N,Y,6,2026,4,Y,RD
CUST1009265,0,2,0,1,0,0,0,0,N,N,Y,6,2026,2,Y,MF
CUST1009266,0,0,0,1,2,0,0,0,N,N,Y,6,2026,2,Y,HL
CUST1009267,0,0,0,1,3,1,0,0,Y,N,Y,6,2026,3,N,None
CUST1009268,0,0,0,1,0,0,0,0,N,N,N,6,2026,1,N,SA
CUST1009269,0,1,0,1,2,0,0,0,N,N,Y,6,2026,3,N,AL
CUST1009270,0,0,0,1,0,0,0,1,N,N,Y,6,2026,2,N,None
CUST1009271,0,0,0,1,0,0,0,0,Y,N,Y,6,2026,1,N,None
CUST1009272,0,0,0,1,1,0,0,0,N,N,Y,6,2026,2,N,None
CUST1009273,0,0,0,1,0,0,0,0,N,N,Y,6,2026,1,Y,HF
CUST1009274,0,0,0,1,0,0,0,0,Y,N,N,6,2026,1,N,None
CUST1009275,0,0,0,1,1,2,0,0,Y,N,Y,6,2026,3,Y,SA
CUST1009276,0,0,0,1,0,0,0,0,N,N,Y,6,2026,1,N,None
CUST1009277,0,0,0,1,0,0,0,0,N,N,Y,6,2026,1,N,None
CUST1009278,0,1,0,1,0,0,0,1,N,N,Y,6,2026,3,N,None
CUST1009279,0,0,0,0,0,0,0,0,N,N,N,6,2026,0,Y,SA
CUST1009280,0,1,0,1,2,1,0,0,N,N,Y,6,2026,4,Y,AL
CUST1009281,0,0,0,1,0,0,0,0,N,N,Y,6,2026,1,N,None
CUST1009282,0,0,0,1,0,1,0,0,N,N,Y,6,2026,2,N,AL
CUST1009283,0,0,0,1,0,0,0,0,Y,N,N,6,2026,1,N,None
CUST1009284,0,2,0,1,0,0,0,0,N,N,N,6,2026,2,N,None
CUST1009285,0,2,0,1,2,1,1,0,N,N,N,6,2026,5,N,None
CUST1009286,0,0,0,1,0,0,0,0,N,N,N,6,2026,1,Y,AL
CUST1009287,0,0,0,1,3,0,0,1,Y,Y,Y,6,2026,3,N,None
CUST1009288,0,0,0,1,0,0,0,0,Y,N,Y,6,2026,1,Y,SA
CUST1009289,0,2,0,1,0,0,0,0,N,N,N,6,2026,2,N,None
CUST1009290,0,0,0,1,0,1,0,0,N,N,Y,6,2026,2,Y,AL
CUST1009291,0,2,0,1,0,0,0,0,N,N,N,6,2026,2,N,None
CUST1009292,0,0,0,1,0,1,0,0,N,N,Y,6,2026,2,N,None
CUST1009293,0,0,0,1,0,0,0,0,N,N,Y,6,2026,1,N,None
CUST1009294,0,0,0,1,0,0,1,0,N,N,Y,6,2026,2,Y,PL
CUST1009295,0,0,0,1,0,0,0,0,Y,N,N,6,2026,1,Y,PL
CUST1009296,0,0,0,1,1,2,0,0,Y,N,Y,6,2026,3,N,None
CUST1009297,0,0,0,1,3,0,0,0,N,N,Y,6,2026,2,N,None
CUST1009298,0,2,0,1,0,2,0,0,N,N,N,6,2026,3,Y,PL
CUST1009299,1,2,0,1,0,0,0,1,N,N,Y,6,2026,4,N,None
CUST1009300,1,0,0,1,0,0,0,0,Y,N,Y,6,2026,2,Y,CC
CUST1009301,0,0,0,1,1,0,0,0,N,N,Y,6,2026,2,N,None
CUST1009302,1,0,0,1,0,2,0,0,N,N,Y,6,2026,3,Y,SA
CUST1009303,0,0,0,1,0,0,0,0,N,Y,Y,6,2026,1,N,None
CUST1009304,0,0,0,1,0,0,0,0,N,N,Y,6,2026,1,Y,CC
CUST1009305,0,0,0,1,0,0,0,0,Y,N,N,6,2026,1,N,None
CUST1009306,1,1,0,1,0,0,0,0,N,N,Y,6,2026,3,N,None
CUST1009307,0,0,0,1,2,0,0,0,N,N,N,6,2026,2,Y,RD
CUST1009308,0,0,0,1,0,0,1,0,Y,N,N,6,2026,2,Y,HL
CUST1009309,1,0,1,1,0,0,0,0,N,N,Y,6,2026,3,N,CC
CUST1009310,0,2,0,1,0,0,0,0,N,N,Y,6,2026,2,N,None
CUST1009311,0,0,0,1,2,2,0,0,N,N,Y,6,2026,3,N,None
CUST1009312,1,1,0,1,2,1,0,0,N,N,N,6,2026,5,Y,AL
CUST1009313,0,0,0,1,0,0,0,0,Y,N,Y,6,2026,1,Y,PL
CUST1009314,0,0,0,1,3,0,0,0,N,N,Y,6,2026,2,N,CC
CUST1009315,0,0,0,0,0,0,0,0,N,N,Y,6,2026,0,N,None
CUST1009316,0,0,0,1,1,0,0,0,N,N,N,6,2026,2,N,None
CUST1009317,0,0,0,1,0,0,0,0,N,N,Y,6,2026,1,N,None
CUST1009318,0,0,0,1,0,0,0,0,N,N,N,6,2026,1,Y,AL
CUST1009319,0,0,0,1,1,0,0,1,N,N,N,6,2026,3,N,None
CUST1009320,1,0,0,1,0,0,0,0,N,Y,Y,6,2026,2,N,PL
CUST1009321,0,2,0,1,0,0,0,0,N,N,Y,6,2026,2,N,SA
CUST1009322,2,1,0,1,0,1,0,0,N,N,Y,6,2026,4,Y,SA
CUST1009323,2,0,0,1,0,0,0,0,N,N,N,6,2026,2,Y,HF
CUST1009324,2,0,1,1,0,0,0,0,N,N,N,6,2026,3,N,None
CUST1009325,0,1,0,1,0,0,0,1,N,N,Y,6,2026,3,Y,RD
CUST1009326,0,1,1,1,1,0,0,0,N,N,N,6,2026,4,Y,PL
CUST1009327,0,0,0,1,0,1,1,0,N,N,N,6,2026,3,N,None
CUST1009328,0,0,0,1,1,0,0,0,N,Y,Y,6,2026,2,N,None
CUST1009329,1,1,0,1,0,2,0,0,N,N,Y,6,2026,4,N,None
CUST1009330,0,0,0,1,0,0,0,0,N,Y,N,6,2026,1,N,None
CUST1009331,0,2,0,1,0,2,1,0,N,N,N,6,2026,4,N,None
CUST1009332,0,0,0,0,0,0,0,0,N,N,N,6,2026,0,N,PL
CUST1009333,0,0,0,1,2,1,0,1,N,Y,N,6,2026,4,Y,PL
CUST1009334,0,0,0,1,0,0,0,0,Y,N,Y,6,2026,1,N,None
CUST1009335,0,0,0,1,0,0,0,0,N,N,Y,6,2026,1,Y,CC
CUST1009336,0,1,0,1,2,1,1,0,N,N,N,6,2026,5,Y,CC
CUST1009337,2,0,0,1,3,0,0,0,N,N,Y,6,2026,3,N,None
CUST1009338,0,0,0,1,0,0,0,0,N,Y,Y,6,2026,1,Y,HL
CUST1009339,0,0,0,1,0,0,0,0,N,N,Y,6,2026,1,N,None
CUST1009340,0,2,0,1,0,0,1,0,N,N,Y,6,2026,3,N,AL
CUST1009341,0,0,0,1,0,0,0,0,N,N,Y,6,2026,1,Y,CC
CUST1009342,0,0,0,1,0,0,0,0,N,N,N,6,2026,1,N,CC
CUST1009343,0,0,0,1,3,0,0,1,N,N,Y,6,2026,3,N,None
CUST1009344,0,0,0,1,0,0,0,0,N,N,N,6,2026,1,Y,PL
CUST1009345,2,2,0,1,0,0,0,0,N,N,Y,6,2026,3,N,None
CUST1009346,0,2,0,1,0,0,0,0,N,N,Y,6,2026,2,N,None
CUST1009347,0,0,0,1,0,0,0,0,N,N,N,6,2026,1,N,None
CUST1009348,0,0,0,1,3,1,0,0,N,N,N,6,2026,3,Y,SA
CUST1009349,0,1,0,1,0,1,0,0,N,N,N,6,2026,3,Y,PL
CUST1009350,0,0,0,1,0,2,0,0,N,N,N,6,2026,2,Y,AL
CUST1009351,0,2,0,1,0,1,0,1,N,N,Y,6,2026,4,N,HL
CUST1009352,0,0,0,1,0,2,0,0,N,N,Y,6,2026,2,Y,AL
CUST1009353,0,1,0,0,0,2,0,0,N,N,N,6,2026,2,Y,RD
CUST1009354,0,1,0,1,0,0,0,0,N,N,Y,6,2026,2,Y,RD
CUST1009355,0,1,0,1,0,0,1,1,Y,N,Y,6,2026,4,N,None
CUST1009356,0,1,0,1,0,0,0,0,N,Y,N,6,2026,2,N,HL
CUST1009357,0,1,0,1,0,0,0,0,N,N,Y,6,2026,2,N,None
CUST1009358,0,1,0,1,0,0,0,0,N,N,N,6,2026,2,Y,CC
CUST1009359,0,0,0,1,0,0,0,0,N,N,N,6,2026,1,N,AL
CUST1009360,0,0,0,1,2,0,0,0,N,N,N,6,2026,2,N,None
CUST1009361,0,2,0,1,0,0,0,0,N,Y,Y,6,2026,2,Y,PL
CUST1009362,0,2,0,1,0,1,1,0,N,N,N,6,2026,4,N,None
CUST1009363,0,1,0,1,0,0,0,0,N,N,N,6,2026,2,Y,SA
CUST1009364,0,0,0,1,0,0,0,0,N,N,Y,6,2026,1,N,MF
CUST1009365,0,0,0,1,0,2,0,0,N,N,N,6,2026,2,Y,HF
CUST1009366,2,0,0,1,0,1,1,0,N,N,N,6,2026,4,N,None
CUST1009367,0,0,0,1,1,0,0,0,Y,N,Y,6,2026,2,Y,AL
CUST1009368,0,0,0,1,0,0,0,0,N,N,N,6,2026,1,Y,PL
CUST1009369,2,0,0,1,0,0,0,0,N,N,Y,6,2026,2,Y,SA
CUST1009370,0,2,0,1,0,2,0,1,Y,N,N,6,2026,4,Y,SA
CUST1009371,0,1,0,1,0,0,0,0,N,N,N,6,2026,2,N,None
CUST1009372,0,0,0,0,2,1,0,0,N,N,N,6,2026,2,N,None
CUST1009373,0,0,0,1,2,1,0,0,Y,N,N,6,2026,3,N,None
CUST1009374,2,0,1,1,0,0,0,0,N,N,N,6,2026,3,Y,CC
CUST1009375,0,1,0,1,2,0,0,0,N,N,Y,6,2026,3,Y,MF
CUST1009376,0,0,0,1,1,2,0,0,N,Y,N,6,2026,3,Y,SA
CUST1009377,0,0,0,0,1,0,1,0,Y,N,N,6,2026,2,N,None
CUST1009378,0,0,0,0,2,0,0,0,N,N,N,6,2026,1,Y,AL
CUST1009379,0,0,0,1,0,0,0,0,N,N,Y,6,2026,1,N,PL
CUST1009380,0,0,0,1,2,1,0,0,N,N,Y,6,2026,3,Y,CC
CUST1009381,0,0,0,1,0,0,1,0,N,Y,Y,6,2026,2,Y,HL
CUST1009382,0,2,0,1,0,2,0,0,N,N,N,6,2026,3,N,None
CUST1009383,0,0,0,1,0,2,0,1,N,N,N,6,2026,3,N,None
CUST1009384,0,0,0,1,0,0,0,1,N,N,Y,6,2026,2,N,None
CUST1009385,0,0,0,1,0,0,0,0,N,N,N,6,2026,1,Y,CC
CUST1009386,0,1,0,1,0,0,0,0,Y,N,N,6,2026,2,N,None
CUST1009387,0,0,0,1,0,0,0,0,Y,Y,N,6,2026,1,N,HF
CUST1009388,0,0,0,1,0,0,0,0,N,N,N,6,2026,1,N,None
CUST1009389,0,0,0,1,2,0,0,0,N,N,N,6,2026,2,Y,HF
CUST1009390,0,0,0,1,0,0,0,0,N,N,N,6,2026,1,N,None
CUST1009391,0,0,0,1,0,0,0,1,N,N,Y,6,2026,2,Y,SA
CUST1009392,0,2,0,1,0,2,0,0,N,N,Y,6,2026,3,N,SA
CUST1009393,0,0,0,0,1,0,0,0,N,Y,N,6,2026,1,N,None
CUST1009394,0,0,0,1,0,0,0,0,N,N,Y,6,2026,1,N,None
CUST1009395,0,2,0,1,0,0,0,0,N,N,Y,6,2026,2,N,AL
CUST1009396,0,0,0,1,0,1,0,1,N,N,N,6,2026,3,N,SA
CUST1009397,0,0,0,1,0,0,0,0,N,N,N,6,2026,1,N,None
CUST1009398,0,0,0,1,0,0,0,0,N,N,Y,6,2026,1,Y,MF
CUST1009399,0,0,0,0,2,2,0,0,Y,N,N,6,2026,2,Y,PL
CUST1009400,0,2,0,0,3,1,0,0,N,N,N,6,2026,3,N,None
CUST1009401,2,0,0,1,0,0,0,0,N,N,N,6,2026,2,Y,RD
CUST1009402,0,0,0,1,0,0,0,0,Y,N,Y,6,2026,1,Y,MF
CUST1009403,0,1,0,1,0,0,0,0,N,N,Y,6,2026,2,N,None
CUST1009404,2,0,0,1,0,0,0,0,N,N,Y,6,2026,2,N,None
CUST1009405,0,0,0,1,0,0,0,0,N,N,Y,6,2026,1,Y,PL
CUST1009406,1,1,0,1,0,2,0,0,N,N,N,6,2026,4,Y,CC
CUST1009407,0,2,0,1,0,0,0,0,N,N,Y,6,2026,2,N,PL
CUST1009408,0,0,0,1,0,0,0,1,N,N,Y,6,2026,2,N,None
CUST1009409,0,0,0,0,0,0,0,0,N,N,N,6,2026,0,N,None
CUST1009410,0,1,0,1,0,2,0,1,N,N,Y,6,2026,4,Y,SA
CUST1009411,0,0,0,1,0,0,0,0,N,N,N,6,2026,1,N,None
CUST1009412,0,0,0,1,0,0,0,0,N,N,N,6,2026,1,N,SA
CUST1009413,0,0,0,1,0,0,0,0,N,N,N,6,2026,1,Y,CC
CUST1009414,0,2,0,1,0,0,0,0,N,N,N,6,2026,2,N,None
CUST1009415,0,0,0,1,0,0,0,0,N,N,N,6,2026,1,N,None
CUST1009416,0,2,0,1,0,0,0,0,N,N,Y,6,2026,2,Y,AL
CUST1009417,0,0,0,1,0,0,0,0,N,N,Y,6,2026,1,N,None
CUST1009418,0,0,0,1,3,0,0,0,Y,N,N,6,2026,2,N,None
CUST1009419,0,1,0,1,1,0,1,0,N,N,Y,6,2026,4,N,None
CUST1009420,0,0,0,1,0,0,0,0,N,N,Y,6,2026,1,Y,RD
CUST1009421,0,0,0,1,2,0,0,0,N,N,Y,6,2026,2,N,None
CUST1009422,0,0,0,1,0,0,0,0,N,N,Y,6,2026,1,N,RD
CUST1009423,0,1,0,1,3,0,0,0,N,N,N,6,2026,3,Y,MF
CUST1009424,2,0,0,1,2,1,0,1,N,N,N,6,2026,5,N,None
CUST1009425,0,0,1,1,1,0,0,0,N,N,N,6,2026,3,N,None
CUST1009426,0,0,0,1,0,0,0,0,Y,N,N,6,2026,1,Y,CC
CUST1009427,0,0,0,1,0,0,0,0,N,N,Y,6,2026,1,Y,RD
CUST1009428,0,1,0,1,0,0,0,0,N,N,Y,6,2026,2,Y,SA
CUST1009429,0,2,0,1,0,1,0,0,Y,N,N,6,2026,3,Y,MF
CUST1009430,2,2,0,1,0,0,0,0,N,N,Y,6,2026,3,Y,HL
CUST1009431,0,1,0,1,1,0,0,0,N,N,Y,6,2026,3,Y,SA
CUST1009432,0,0,0,1,0,0,0,0,N,N,Y,6,2026,1,N,None
CUST1009433,0,1,0,1,0,2,0,0,N,N,N,6,2026,3,Y,SA
CUST1009434,0,0,0,1,0,0,0,0,N,N,Y,6,2026,1,N,None
CUST1009435,0,0,0,0,0,0,0,0,N,N,N,6,2026,0,Y,SA
CUST1009436,0,2,0,1,0,0,0,0,Y,N,Y,6,2026,2,Y,CC
CUST1009437,0,0,0,1,1,1,0,0,N,N,Y,6,2026,3,Y,PL
CUST1009438,0,2,0,1,0,0,0,0,N,N,Y,6,2026,2,N,None
CUST1009439,0,1,0,1,3,0,0,0,N,N,N,6,2026,3,N,None
CUST1009440,0,1,0,1,0,0,0,1,N,N,N,6,2026,3,Y,RD
CUST1009441,0,0,0,1,0,0,1,0,N,N,N,6,2026,2,Y,AL
CUST1009442,0,0,0,1,0,0,0,0,N,N,N,6,2026,1,N,None
CUST1009443,0,0,1,1,2,0,1,0,Y,N,N,6,2026,4,Y,CC
CUST1009444,0,0,0,1,0,0,0,0,Y,Y,Y,6,2026,1,N,None
CUST1009445,0,0,0,1,0,0,0,0,N,N,Y,6,2026,1,N,None
CUST1009446,0,0,0,1,0,0,0,0,N,N,N,6,2026,1,Y,CC
CUST1009447,0,0,0,1,0,0,0,0,N,N,N,6,2026,1,Y,SA
CUST1009448,0,0,0,1,0,0,0,0,N,N,Y,6,2026,1,N,None
CUST1009449,0,0,0,1,0,0,0,0,N,Y,N,6,2026,1,N,None
CUST1009450,1,0,0,1,0,0,0,0,N,N,Y,6,2026,2,Y,AL
CUST1009451,0,0,0,0,0,0,0,0,N,N,N,6,2026,0,N,None
CUST1009452,0,0,0,1,0,0,0,0,Y,N,Y,6,2026,1,N,None
CUST1009453,0,1,0,1,0,1,0,0,N,N,N,6,2026,3,N,None
CUST1009454,0,0,0,1,1,0,0,0,N,N,Y,6,2026,2,Y,SA
CUST1009455,0,0,0,1,0,0,0,0,N,N,N,6,2026,1,Y,MF
CUST1009456,0,0,0,1,0,0,0,0,N,N,Y,6,2026,1,N,None
CUST1009457,0,0,0,1,0,0,0,0,N,N,N,6,2026,1,Y,AL
CUST1009458,0,2,0,1,0,0,0,0,N,N,Y,6,2026,2,Y,SA
CUST1009459,1,2,0,0,0,0,1,0,N,N,Y,6,2026,3,Y,PL
CUST1009460,2,0,0,1,0,0,0,0,Y,N,Y,6,2026,2,Y,SA
CUST1009461,0,0,0,1,0,0,0,0,N,N,N,6,2026,1,N,SA
CUST1009462,2,2,0,1,0,0,0,0,N,N,Y,6,2026,3,N,None
CUST1009463,2,1,0,1,0,0,1,0,Y,N,N,6,2026,4,N,None
CUST1009464,0,0,0,1,2,1,0,0,N,N,N,6,2026,3,N,None
CUST1009465,0,0,0,1,0,0,0,0,Y,N,N,6,2026,1,N,None
CUST1009466,1,2,1,1,0,1,1,0,N,N,N,6,2026,6,Y,CC
CUST1009467,0,0,1,1,0,0,0,1,N,N,N,6,2026,3,Y,CC
CUST1009468,0,0,0,1,0,0,0,0,N,N,Y,6,2026,1,N,None
CUST1009469,0,0,0,1,0,0,1,0,N,N,N,6,2026,2,Y,SA
CUST1009470,0,0,0,1,0,0,0,0,N,N,Y,6,2026,1,N,None
CUST1009471,0,0,0,1,0,0,0,0,N,N,N,6,2026,1,Y,SA
CUST1009472,0,0,0,1,0,0,0,0,N,N,N,6,2026,1,N,None
CUST1009473,0,0,0,1,0,0,0,0,N,N,Y,6,2026,1,Y,RD
CUST1009474,0,1,0,1,0,0,1,0,N,N,Y,6,2026,3,Y,HF
CUST1009475,0,2,0,1,3,0,0,0,N,N,N,6,2026,3,N,None
CUST1009476,0,0,0,0,0,0,0,0,N,Y,Y,6,2026,0,Y,AL
CUST1009477,0,1,0,1,1,1,0,0,N,N,Y,6,2026,4,N,CC
CUST1009478,2,0,0,1,0,0,0,0,N,N,Y,6,2026,2,Y,AL
CUST1009479,0,0,0,1,0,0,0,0,N,Y,N,6,2026,1,N,None
CUST1009480,0,1,0,1,0,0,0,0,N,N,N,6,2026,2,N,None
CUST1009481,0,0,0,1,2,0,0,0,N,N,N,6,2026,2,Y,HL
CUST1009482,0,1,0,1,0,2,0,0,N,N,Y,6,2026,3,N,None
CUST1009483,0,0,0,0,0,0,0,0,Y,N,N,6,2026,0,Y,CC
CUST1009484,0,0,0,1,2,0,0,0,N,N,N,6,2026,2,Y,MF
CUST1009485,0,0,0,1,0,0,0,0,N,Y,Y,6,2026,1,Y,AL
CUST1009486,0,0,0,1,1,2,0,1,N,N,N,6,2026,4,N,CC
CUST1009487,0,0,0,1,0,0,0,0,N,N,N,6,2026,1,N,None
CUST1009488,0,1,0,1,0,2,0,0,N,N,N,6,2026,3,Y,AL
CUST1009489,2,0,0,1,0,1,0,1,N,N,Y,6,2026,4,N,None
CUST1009490,0,0,0,1,2,2,0,0,N,N,N,6,2026,3,N,None
CUST1009491,1,0,0,1,0,2,0,0,N,N,Y,6,2026,3,Y,MF
CUST1009492,2,2,0,1,1,0,0,0,N,N,N,6,2026,4,Y,HF
CUST1009493,0,2,0,1,0,0,0,0,N,N,N,6,2026,2,Y,AL
CUST1009494,0,0,0,1,0,2,0,0,N,N,N,6,2026,2,Y,CC
CUST1009495,0,2,0,1,0,0,0,0,N,N,Y,6,2026,2,N,SA
CUST1009496,2,1,0,1,0,0,1,0,N,N,Y,6,2026,4,N,None
CUST1009497,0,0,0,1,1,1,0,0,N,N,N,6,2026,3,N,None
CUST1009498,0,0,0,1,0,0,0,0,N,N,Y,6,2026,1,N,None
CUST1009499,0,0,0,1,0,0,0,0,N,N,N,6,2026,1,Y,PL
CUST1009500,0,2,0,1,1,0,0,0,N,N,Y,6,2026,3,N,None
CUST1009501,0,0,0,1,2,0,0,0,N,N,Y,6,2026,2,N,None
CUST1009502,2,1,0,1,2,0,0,0,N,N,Y,6,2026,4,N,None
CUST1009503,2,2,0,1,0,0,0,0,Y,N,Y,6,2026,3,N,None
CUST1009504,0,0,0,1,0,0,0,0,N,N,Y,6,2026,1,Y,MF
CUST1009505,0,0,0,1,0,0,0,0,N,N,N,6,2026,1,Y,HL
CUST1009506,0,0,0,1,0,0,0,0,N,N,N,6,2026,1,N,None
CUST1009507,0,1,0,1,0,0,0,0,N,N,Y,6,2026,2,Y,PL
CUST1009508,0,0,1,0,0,0,0,0,N,N,N,6,2026,1,N,None
CUST1009509,0,1,0,1,0,0,0,0,N,N,Y,6,2026,2,N,MF
CUST1009510,0,0,0,1,3,0,0,0,N,N,N,6,2026,2,Y,PL
CUST1009511,0,1,0,1,0,0,0,1,Y,N,N,6,2026,3,Y,AL
CUST1009512,0,2,0,1,1,0,1,1,N,N,N,6,2026,5,N,RD
CUST1009513,0,2,0,1,2,0,0,0,N,N,N,6,2026,3,N,None
CUST1009514,0,0,0,1,0,2,1,0,Y,N,N,6,2026,3,N,None
CUST1009515,0,0,0,1,1,2,0,0,N,N,Y,6,2026,3,N,None
CUST1009516,0,2,0,1,0,1,0,0,N,N,Y,6,2026,3,N,None
CUST1009517,0,0,0,1,0,0,0,0,N,N,Y,6,2026,1,Y,PL
CUST1009518,2,2,0,1,3,0,0,0,N,N,Y,6,2026,4,N,None
CUST1009519,0,2,0,1,1,0,0,0,N,N,Y,6,2026,3,Y,CC
CUST1009520,0,0,0,1,0,0,0,1,N,N,Y,6,2026,2,N,None
CUST1009521,0,2,0,1,0,0,0,0,Y,N,Y,6,2026,2,N,None
CUST1009522,1,2,0,1,0,2,0,0,N,Y,N,6,2026,4,N,None
CUST1009523,0,2,0,1,0,0,1,1,Y,N,Y,6,2026,4,N,None
CUST1009524,0,0,0,1,0,0,1,0,N,N,N,6,2026,2,Y,AL
CUST1009525,0,0,0,1,0,0,0,0,N,N,N,6,2026,1,N,None
CUST1009526,0,0,0,1,0,0,0,0,N,N,N,6,2026,1,N,None
CUST1009527,2,2,0,1,0,0,0,0,N,N,N,6,2026,3,Y,AL
CUST1009528,0,0,0,1,1,0,0,0,N,N,N,6,2026,2,N,None
CUST1009529,2,0,0,0,0,0,0,0,Y,N,N,6,2026,1,N,None
CUST1009530,0,2,0,1,0,0,0,0,Y,N,N,6,2026,2,Y,CC
CUST1009531,0,0,0,1,0,0,0,0,N,N,Y,6,2026,1,N,None
CUST1009532,0,2,0,1,0,0,0,0,N,N,Y,6,2026,2,N,None
CUST1009533,0,1,0,1,0,0,0,1,N,N,Y,6,2026,3,Y,MF
CUST1009534,0,0,0,1,0,1,0,0,N,N,Y,6,2026,2,N,HF
CUST1009535,0,0,0,1,0,1,0,0,N,Y,N,6,2026,2,Y,RD
CUST1009536,0,0,0,1,0,2,0,0,N,N,N,6,2026,2,Y,HF
CUST1009537,0,2,0,1,0,0,0,0,Y,N,Y,6,2026,2,N,PL
CUST1009538,2,0,0,1,0,0,0,1,N,N,Y,6,2026,3,Y,MF
CUST1009539,0,0,0,1,0,0,0,0,N,N,Y,6,2026,1,N,None
CUST1009540,0,0,0,1,0,0,0,0,N,N,N,6,2026,1,Y,SA
CUST1009541,0,2,0,1,0,0,0,0,N,N,N,6,2026,2,Y,PL
CUST1009542,0,0,0,1,3,0,0,0,N,Y,Y,6,2026,2,Y,PL
CUST1009543,0,1,0,0,1,0,0,0,N,N,Y,6,2026,2,N,None
CUST1009544,0,0,0,1,0,1,0,0,N,Y,Y,6,2026,2,N,None
CUST1009545,0,0,0,1,0,1,0,0,N,N,Y,6,2026,2,Y,SA
CUST1009546,0,0,0,1,0,0,0,1,N,N,N,6,2026,2,N,None
CUST1009547,0,1,0,1,1,0,0,0,N,N,N,6,2026,3,Y,CC
CUST1009548,0,0,0,1,2,1,1,0,N,N,N,6,2026,4,N,None
CUST1009549,0,0,0,1,0,0,0,0,Y,N,Y,6,2026,1,N,None
CUST1009550,0,1,0,1,0,0,0,0,N,N,Y,6,2026,2,N,None
CUST1009551,0,2,0,1,0,0,0,0,N,N,Y,6,2026,2,Y,RD
CUST1009552,0,0,0,1,0,0,0,0,N,Y,Y,6,2026,1,Y,CC
CUST1009553,2,2,0,1,0,0,0,0,N,N,N,6,2026,3,N,PL
CUST1009554,0,2,0,1,0,1,0,0,N,N,N,6,2026,3,Y,RD
CUST1009555,0,1,0,1,0,0,0,0,N,N,Y,6,2026,2,Y,RD
CUST1009556,0,1,0,1,0,0,0,1,Y,N,Y,6,2026,3,Y,PL
CUST1009557,0,0,0,1,0,0,0,0,N,N,N,6,2026,1,Y,SA
CUST1009558,0,2,0,1,1,0,0,0,N,N,Y,6,2026,3,Y,CC
CUST1009559,0,2,0,1,0,0,0,1,N,N,N,6,2026,3,N,None
CUST1009560,0,0,0,1,0,0,0,0,Y,N,Y,6,2026,1,N,None
CUST1009561,0,1,1,1,0,1,0,0,N,N,Y,6,2026,4,N,None
CUST1009562,0,1,0,1,0,2,1,0,N,N,Y,6,2026,4,Y,RD
CUST1009563,0,0,0,1,0,0,0,0,N,N,N,6,2026,1,N,None
CUST1009564,0,2,0,1,3,0,0,0,N,N,N,6,2026,3,Y,AL
CUST1009565,0,0,0,0,0,0,0,1,N,N,N,6,2026,1,N,None
CUST1009566,0,0,0,1,1,0,0,0,N,N,Y,6,2026,2,Y,MF
CUST1009567,0,0,0,1,0,0,0,0,N,N,N,6,2026,1,Y,CC
CUST1009568,0,0,0,1,2,0,0,0,N,N,Y,6,2026,2,N,None
CUST1009569,0,0,0,1,0,0,0,0,N,N,Y,6,2026,1,N,None
CUST1009570,0,1,0,0,0,0,0,0,N,N,Y,6,2026,1,N,None
CUST1009571,2,0,0,1,0,0,0,0,N,N,N,6,2026,2,Y,MF
CUST1009572,1,0,0,1,0,0,0,0,N,N,Y,6,2026,2,N,None
CUST1009573,0,1,0,1,0,0,0,0,N,N,Y,6,2026,2,N,None
CUST1009574,0,2,0,1,0,0,0,0,Y,N,Y,6,2026,2,N,None
CUST1009575,0,0,0,1,2,0,0,0,N,N,N,6,2026,2,N,None
CUST1009576,0,0,0,1,0,1,1,0,N,N,Y,6,2026,3,N,PL
CUST1009577,0,0,0,1,0,0,0,0,N,N,Y,6,2026,1,Y,HL
CUST1009578,0,1,0,1,0,0,0,0,N,N,N,6,2026,2,N,AL
CUST1009579,0,2,0,1,1,0,0,0,N,N,Y,6,2026,3,N,None
CUST1009580,0,0,0,1,3,0,0,0,N,N,N,6,2026,2,Y,PL
CUST1009581,0,0,0,1,0,0,0,1,N,N,Y,6,2026,2,N,PL
CUST1009582,0,2,0,1,0,1,0,0,Y,N,Y,6,2026,3,N,None
CUST1009583,0,0,0,1,0,0,0,0,N,N,Y,6,2026,1,Y,PL
CUST1009584,0,0,1,1,0,0,0,0,Y,N,N,6,2026,2,N,None
CUST1009585,0,0,0,1,0,0,0,1,N,Y,N,6,2026,2,N,None
CUST1009586,0,0,0,1,3,2,0,0,N,N,Y,6,2026,3,N,None
CUST1009587,0,0,0,1,2,0,0,0,N,N,N,6,2026,2,N,None
CUST1009588,0,0,0,1,0,1,0,0,N,N,N,6,2026,2,Y,MF
CUST1009589,0,0,0,1,0,1,0,0,Y,Y,Y,6,2026,2,N,None
CUST1009590,0,2,0,0,1,0,0,0,N,N,N,6,2026,2,N,AL
CUST1009591,0,2,0,1,1,0,0,0,N,N,N,6,2026,3,Y,MF
CUST1009592,0,0,0,1,0,0,0,1,Y,N,N,6,2026,2,N,None
CUST1009593,0,2,0,1,0,0,0,0,N,N,Y,6,2026,2,N,None
CUST1009594,0,1,1,1,0,0,0,0,N,N,N,6,2026,3,N,None
CUST1009595,0,0,0,1,1,1,0,0,N,N,N,6,2026,3,Y,HF
CUST1009596,0,0,0,1,0,0,0,0,Y,N,N,6,2026,1,Y,AL
CUST1009597,2,2,0,1,0,0,0,0,N,N,Y,6,2026,3,N,None
CUST1009598,0,0,0,1,0,1,0,0,N,N,N,6,2026,2,Y,CC
CUST1009599,0,2,0,1,3,2,0,1,N,N,Y,6,2026,5,Y,SA
CUST1009600,0,1,0,1,0,0,0,0,N,Y,Y,6,2026,2,N,None
CUST1009601,0,0,0,0,0,0,0,0,Y,N,N,6,2026,0,N,None
CUST1009602,0,0,0,1,0,0,0,0,N,Y,Y,6,2026,1,N,None
CUST1009603,0,0,0,1,0,0,0,0,Y,N,N,6,2026,1,N,RD
CUST1009604,2,0,0,1,3,0,0,0,N,N,N,6,2026,3,N,None
CUST1009605,0,1,0,1,0,0,0,0,N,N,Y,6,2026,2,N,None
CUST1009606,2,0,0,1,2,0,0,0,N,N,N,6,2026,3,Y,SA
CUST1009607,0,0,0,0,0,0,0,0,N,N,N,6,2026,0,Y,CC
CUST1009608,0,1,0,0,0,1,0,0,N,N,N,6,2026,2,Y,SA
CUST1009609,0,0,0,1,3,0,0,0,N,N,N,6,2026,2,Y,RD
CUST1009610,0,0,0,1,0,2,0,0,N,N,Y,6,2026,2,N,None
CUST1009611,0,1,0,1,0,0,1,0,N,N,N,6,2026,3,N,None
CUST1009612,0,2,0,1,0,0,0,0,N,N,N,6,2026,2,N,HF
CUST1009613,0,0,1,1,0,0,0,0,N,N,Y,6,2026,2,Y,PL
CUST1009614,0,0,0,1,2,2,0,0,N,N,N,6,2026,3,Y,SA
CUST1009615,0,0,0,1,0,0,1,0,N,N,N,6,2026,2,Y,CC
CUST1009616,0,0,0,1,0,1,0,0,N,N,N,6,2026,2,N,CC
CUST1009617,0,0,0,1,0,0,1,0,N,N,N,6,2026,2,N,None
CUST1009618,0,0,0,1,1,0,0,1,N,N,Y,6,2026,3,Y,PL
CUST1009619,0,1,0,1,0,1,0,0,N,N,Y,6,2026,3,N,RD
CUST1009620,0,1,0,1,0,0,0,1,N,Y,Y,6,2026,3,N,None
CUST1009621,0,1,0,1,0,0,0,0,N,N,Y,6,2026,2,N,None
CUST1009622,2,2,0,1,0,2,0,0,N,N,N,6,2026,4,N,None
CUST1009623,2,1,0,1,0,0,0,1,N,N,Y,6,2026,4,N,CC
CUST1009624,0,1,0,1,0,0,0,0,N,N,Y,6,2026,2,Y,RD
CUST1009625,0,2,0,1,0,2,0,0,N,N,N,6,2026,3,Y,SA
CUST1009626,0,1,0,1,0,1,0,0,N,N,N,6,2026,3,Y,SA
CUST1009627,0,0,0,0,1,0,0,0,Y,N,N,6,2026,1,N,None
CUST1009628,0,0,0,1,0,0,0,0,N,Y,Y,6,2026,1,N,None
CUST1009629,0,2,0,0,0,2,0,0,N,N,N,6,2026,2,N,CC
CUST1009630,0,0,0,1,0,0,0,0,Y,N,N,6,2026,1,N,None
CUST1009631,0,0,0,1,0,2,0,0,N,N,N,6,2026,2,N,None
CUST1009632,0,0,0,1,0,0,0,0,N,N,Y,6,2026,1,N,None
CUST1009633,0,1,0,1,0,0,0,0,N,N,Y,6,2026,2,Y,AL
CUST1009634,1,1,0,1,3,0,0,1,N,N,Y,6,2026,5,N,None
CUST1009635,0,1,0,1,0,0,0,0,N,N,N,6,2026,2,Y,MF
CUST1009636,2,0,0,1,0,2,0,0,N,N,N,6,2026,3,Y,RD
CUST1009637,0,0,0,1,1,0,0,0,N,Y,Y,6,2026,2,N,None
CUST1009638,0,0,0,1,0,0,0,0,N,N,Y,6,2026,1,Y,MF
CUST1009639,0,0,0,1,0,0,1,0,N,N,N,6,2026,2,Y,CC
CUST1009640,0,0,0,1,0,0,0,0,N,N,Y,6,2026,1,N,SA
CUST1009641,0,0,0,1,0,0,0,0,Y,N,N,6,2026,1,Y,RD
CUST1009642,2,0,0,1,0,2,0,1,Y,N,N,6,2026,4,Y,SA
CUST1009643,1,2,0,1,0,0,0,0,N,N,Y,6,2026,3,N,None
CUST1009644,0,0,0,1,0,1,0,0,N,N,Y,6,2026,2,Y,AL
CUST1009645,1,0,0,1,0,0,0,1,N,N,N,6,2026,3,N,None
CUST1009646,0,2,0,1,0,0,0,0,N,N,Y,6,2026,2,N,RD
CUST1009647,2,0,0,1,0,2,0,0,N,N,N,6,2026,3,Y,CC
CUST1009648,1,1,1,1,0,0,0,0,N,N,N,6,2026,4,N,None
CUST1009649,0,1,0,1,0,1,0,0,N,N,Y,6,2026,3,N,None
CUST1009650,0,2,0,1,1,0,0,0,N,N,N,6,2026,3,Y,SA
CUST1009651,0,0,0,1,2,2,1,0,N,N,Y,6,2026,4,N,PL
CUST1009652,0,0,0,1,0,0,1,1,N,N,N,6,2026,3,N,PL
CUST1009653,2,0,0,1,0,0,0,1,Y,N,Y,6,2026,3,Y,RD
CUST1009654,0,2,0,0,0,0,0,0,N,N,Y,6,2026,1,Y,AL
CUST1009655,0,0,0,1,0,0,0,0,N,N,N,6,2026,1,N,CC
CUST1009656,0,1,0,1,0,0,0,0,Y,N,N,6,2026,2,Y,CC
CUST1009657,0,0,1,1,0,1,0,0,N,N,Y,6,2026,3,Y,CC
CUST1009658,0,0,0,1,1,0,0,0,N,N,Y,6,2026,2,Y,AL
CUST1009659,1,0,0,1,0,2,1,0,N,N,N,6,2026,4,N,None
CUST1009660,0,1,0,1,0,0,0,0,N,N,Y,6,2026,2,Y,RD
CUST1009661,0,0,0,1,0,0,0,0,Y,N,N,6,2026,1,N,None
CUST1009662,0,0,0,1,0,0,1,0,N,N,N,6,2026,2,N,None
CUST1009663,1,0,0,1,0,0,0,0,N,N,Y,6,2026,2,Y,MF
CUST1009664,0,0,0,1,0,0,0,0,N,N,N,6,2026,1,Y,RD
CUST1009665,0,0,0,1,0,0,0,0,N,N,Y,6,2026,1,N,None
CUST1009666,2,0,0,1,3,0,0,0,N,N,N,6,2026,3,Y,SA
CUST1009667,0,1,0,1,1,2,1,0,N,N,Y,6,2026,5,N,None
CUST1009668,0,2,0,1,0,0,0,0,N,N,N,6,2026,2,Y,SA
CUST1009669,2,0,0,1,0,0,0,0,N,N,Y,6,2026,2,Y,RD
CUST1009670,0,0,0,1,0,0,0,0,N,N,Y,6,2026,1,Y,RD
CUST1009671,0,1,0,1,0,2,1,0,N,N,Y,6,2026,4,Y,MF
CUST1009672,1,1,0,1,0,1,0,0,N,N,Y,6,2026,4,Y,AL
CUST1009673,2,2,0,1,3,0,0,1,N,N,Y,6,2026,5,N,None
CUST1009674,1,1,0,1,0,0,0,0,N,N,Y,6,2026,3,Y,RD
CUST1009675,0,1,0,1,0,2,0,0,N,N,Y,6,2026,3,N,None
CUST1009676,0,0,0,1,0,0,1,0,N,N,N,6,2026,2,N,None
CUST1009677,0,1,0,0,0,0,1,0,N,N,N,6,2026,2,Y,CC
CUST1009678,0,0,0,1,0,0,0,0,N,N,Y,6,2026,1,Y,CC
CUST1009679,0,2,0,1,0,0,0,0,N,N,Y,6,2026,2,N,None
CUST1009680,0,0,0,1,2,0,0,0,N,N,N,6,2026,2,N,None
CUST1009681,0,2,0,1,1,0,0,0,N,N,N,6,2026,3,Y,AL
CUST1009682,0,2,0,1,0,0,0,0,N,N,Y,6,2026,2,Y,CC
CUST1009683,0,2,0,0,1,1,0,0,N,N,Y,6,2026,3,N,None
CUST1009684,0,2,0,1,0,0,0,0,N,N,N,6,2026,2,Y,CC
CUST1009685,2,1,0,1,0,1,0,0,Y,N,Y,6,2026,4,N,None
CUST1009686,0,0,0,1,0,1,0,0,N,N,Y,6,2026,2,N,None
CUST1009687,0,0,0,1,0,0,0,0,N,N,Y,6,2026,1,N,None
CUST1009688,0,0,0,1,1,1,0,0,N,N,Y,6,2026,3,N,SA
CUST1009689,0,0,0,1,2,0,0,0,N,N,N,6,2026,2,Y,PL
CUST1009690,2,0,0,1,0,0,0,0,N,N,Y,6,2026,2,Y,MF
CUST1009691,0,0,0,1,2,0,0,0,Y,N,N,6,2026,2,Y,AL
CUST1009692,0,0,0,1,0,0,0,0,N,N,N,6,2026,1,Y,AL
CUST1009693,2,0,0,1,0,2,0,0,Y,N,Y,6,2026,3,N,None
CUST1009694,0,2,0,1,0,0,0,0,Y,N,Y,6,2026,2,Y,SA
CUST1009695,0,2,0,1,3,0,0,0,N,N,N,6,2026,3,N,None
CUST1009696,0,1,0,1,0,0,0,0,Y,N,N,6,2026,2,N,None
CUST1009697,0,0,0,1,0,0,0,0,N,N,Y,6,2026,1,Y,SA
CUST1009698,0,1,0,1,1,0,0,0,N,N,N,6,2026,3,N,None
CUST1009699,2,0,0,1,0,1,0,0,N,N,Y,6,2026,3,N,HF
CUST1009700,0,2,0,1,0,0,0,0,Y,N,Y,6,2026,2,Y,AL
CUST1009701,0,0,0,1,0,2,0,1,N,Y,N,6,2026,3,Y,MF
CUST1009702,0,0,0,1,0,0,0,0,N,N,N,6,2026,1,N,None
CUST1009703,0,0,0,0,0,0,0,0,Y,N,Y,6,2026,0,N,None
CUST1009704,1,2,0,1,2,2,0,0,N,N,N,6,2026,5,Y,SA
CUST1009705,0,2,0,1,0,0,0,0,N,N,Y,6,2026,2,N,None
CUST1009706,0,2,0,1,3,0,0,0,N,N,Y,6,2026,3,N,None
CUST1009707,0,2,1,1,0,0,0,0,N,N,Y,6,2026,3,Y,MF
CUST1009708,0,0,0,1,0,0,0,0,N,N,N,6,2026,1,Y,CC
CUST1009709,0,0,0,1,2,0,0,0,N,N,Y,6,2026,2,N,None
CUST1009710,1,1,0,1,0,0,0,0,N,N,Y,6,2026,3,N,None
CUST1009711,2,2,0,1,0,2,0,1,N,N,Y,6,2026,5,N,None
CUST1009712,0,1,0,1,0,2,0,0,N,N,N,6,2026,3,N,None
CUST1009713,0,0,0,1,0,0,0,0,N,N,N,6,2026,1,N,None
CUST1009714,0,2,0,1,0,0,0,0,N,N,N,6,2026,2,N,None
CUST1009715,0,0,0,1,0,1,0,0,N,N,N,6,2026,2,Y,MF
CUST1009716,2,0,0,1,0,0,0,0,N,N,N,6,2026,2,N,None
CUST1009717,1,0,0,1,1,0,0,0,N,N,N,6,2026,3,N,None
CUST1009718,0,0,0,1,0,0,1,0,N,N,N,6,2026,2,Y,SA
CUST1009719,0,0,0,1,0,1,0,0,N,N,N,6,2026,2,Y,MF
CUST1009720,0,2,0,1,0,0,0,0,N,N,Y,6,2026,2,N,AL
CUST1009721,1,2,1,1,0,2,0,0,N,N,Y,6,2026,5,Y,SA
CUST1009722,0,1,0,1,0,0,0,0,N,N,Y,6,2026,2,N,None
CUST1009723,0,1,0,1,1,0,0,0,N,N,Y,6,2026,3,N,None
CUST1009724,1,1,0,1,0,1,0,1,N,N,N,6,2026,5,Y,MF
CUST1009725,0,2,1,1,0,0,0,0,N,N,Y,6,2026,3,N,None
CUST1009726,0,0,0,1,0,0,0,0,N,N,N,6,2026,1,Y,MF
CUST1009727,0,0,0,1,0,0,0,0,Y,N,Y,6,2026,1,Y,CC
CUST1009728,0,0,0,1,0,0,0,0,Y,N,Y,6,2026,1,N,None
CUST1009729,0,2,0,1,0,0,0,0,N,N,N,6,2026,2,Y,CC
CUST1009730,0,0,0,1,0,0,0,0,Y,N,N,6,2026,1,N,None
CUST1009731,0,0,0,1,0,0,0,0,N,N,N,6,2026,1,Y,RD
CUST1009732,1,0,0,1,0,0,0,0,N,N,Y,6,2026,2,N,None
CUST1009733,0,0,0,1,0,1,0,0,N,Y,N,6,2026,2,N,SA
CUST1009734,0,0,1,1,0,0,0,1,N,N,N,6,2026,3,N,None
CUST1009735,0,1,0,1,0,2,0,0,Y,N,Y,6,2026,3,Y,PL
CUST1009736,0,1,0,1,0,0,0,1,N,N,Y,6,2026,3,Y,HL
CUST1009737,0,0,0,0,0,0,0,0,N,N,Y,6,2026,0,N,None
CUST1009738,0,2,0,1,2,0,1,0,Y,Y,N,6,2026,4,N,None
CUST1009739,2,2,0,0,0,2,0,0,N,N,Y,6,2026,3,Y,MF
CUST1009740,0,0,0,1,0,0,0,0,N,N,Y,6,2026,1,Y,HF
CUST1009741,0,0,0,1,0,0,0,0,Y,N,N,6,2026,1,N,None
CUST1009742,0,2,0,1,1,0,0,0,N,N,Y,6,2026,3,N,None
CUST1009743,0,0,0,1,3,0,0,0,Y,N,Y,6,2026,2,Y,SA
CUST1009744,0,1,0,1,0,2,0,0,Y,N,Y,6,2026,3,Y,MF
CUST1009745,0,0,0,1,0,0,0,0,N,N,Y,6,2026,1,Y,PL
CUST1009746,2,2,0,1,0,0,0,0,N,N,Y,6,2026,3,Y,HL
CUST1009747,0,0,0,1,1,0,0,0,N,N,Y,6,2026,2,Y,RD
CUST1009748,0,2,0,1,0,1,0,0,N,N,Y,6,2026,3,Y,AL
CUST1009749,0,0,0,1,0,0,0,0,Y,N,Y,6,2026,1,Y,CC
CUST1009750,0,2,0,1,3,0,0,0,N,N,N,6,2026,3,N,None
CUST1009751,0,1,0,0,0,0,0,0,N,N,Y,6,2026,1,N,CC
CUST1009752,1,2,0,1,1,0,1,0,Y,N,N,6,2026,5,N,None
CUST1009753,0,0,0,1,2,1,0,0,N,N,N,6,2026,3,Y,CC
CUST1009754,0,0,0,1,3,0,0,0,N,N,Y,6,2026,2,N,None
CUST1009755,0,1,0,1,2,0,0,0,N,N,N,6,2026,3,N,None
CUST1009756,0,0,0,1,0,0,0,0,Y,N,N,6,2026,1,N,None
CUST1009757,2,0,0,1,3,0,0,0,N,N,N,6,2026,3,N,None
CUST1009758,0,0,0,1,0,0,0,0,N,N,Y,6,2026,1,N,None
CUST1009759,0,1,1,1,3,0,0,0,N,Y,N,6,2026,4,N,None
CUST1009760,0,0,0,1,0,2,1,1,N,N,N,6,2026,4,Y,PL
CUST1009761,0,1,0,1,2,1,1,0,N,N,Y,6,2026,5,Y,AL
CUST1009762,0,0,0,1,0,0,0,0,N,N,Y,6,2026,1,Y,RD
CUST1009763,0,1,0,1,0,0,0,0,N,N,N,6,2026,2,N,None
CUST1009764,0,2,0,1,0,1,0,0,N,N,Y,6,2026,3,N,None
CUST1009765,0,0,0,1,3,0,0,0,N,N,N,6,2026,2,N,None
CUST1009766,0,0,0,1,2,0,0,0,N,N,Y,6,2026,2,N,None
CUST1009767,0,0,0,1,0,0,0,0,N,N,Y,6,2026,1,N,None
CUST1009768,0,2,0,1,1,2,0,0,N,N,Y,6,2026,4,Y,PL
CUST1009769,0,0,0,1,1,0,0,0,N,N,N,6,2026,2,N,None
CUST1009770,0,0,0,1,0,0,0,0,N,N,N,6,2026,1,N,None
CUST1009771,0,0,0,1,0,1,0,0,N,N,Y,6,2026,2,N,None
CUST1009772,0,1,0,1,0,0,0,0,N,N,N,6,2026,2,N,None
CUST1009773,0,2,0,0,0,0,0,0,N,N,Y,6,2026,1,N,None
CUST1009774,1,0,0,0,0,2,0,0,N,N,N,6,2026,2,N,None
CUST1009775,0,0,0,1,0,2,0,0,N,N,N,6,2026,2,Y,AL
CUST1009776,0,0,0,1,0,1,0,0,N,N,N,6,2026,2,Y,AL
CUST1009777,0,0,0,1,0,1,0,1,N,Y,N,6,2026,3,Y,MF
CUST1009778,0,0,0,1,3,1,0,0,N,N,Y,6,2026,3,Y,CC
CUST1009779,1,0,0,1,0,0,0,0,N,N,Y,6,2026,2,Y,CC
CUST1009780,0,1,0,1,0,2,0,0,N,N,N,6,2026,3,Y,HL
CUST1009781,0,0,0,1,2,2,0,0,N,N,Y,6,2026,3,N,None
CUST1009782,0,0,0,1,0,0,1,0,N,N,Y,6,2026,2,N,None
CUST1009783,1,0,0,1,0,0,0,0,N,N,Y,6,2026,2,N,SA
CUST1009784,0,0,0,1,0,0,0,0,N,N,Y,6,2026,1,Y,HF
CUST1009785,2,2,0,1,0,0,0,1,N,N,N,6,2026,4,N,None
CUST1009786,0,1,0,1,0,2,0,0,N,N,N,6,2026,3,N,CC
CUST1009787,0,0,0,1,0,0,0,0,N,N,Y,6,2026,1,N,None
CUST1009788,0,1,0,1,3,0,0,1,N,N,N,6,2026,4,N,None
CUST1009789,0,1,0,1,0,0,0,0,N,N,N,6,2026,2,Y,SA
CUST1009790,0,1,0,0,0,0,0,0,N,N,N,6,2026,1,N,SA
CUST1009791,0,0,0,1,0,0,0,0,N,N,Y,6,2026,1,Y,AL
CUST1009792,0,0,0,1,0,2,0,0,N,N,N,6,2026,2,Y,RD
CUST1009793,1,0,0,1,3,2,0,0,N,N,N,6,2026,4,N,None
CUST1009794,0,1,0,1,0,0,0,0,Y,N,Y,6,2026,2,N,AL
CUST1009795,2,0,0,1,0,0,0,0,N,N,Y,6,2026,2,N,None
CUST1009796,0,0,0,1,0,0,1,0,N,N,N,6,2026,2,Y,AL
CUST1009797,0,0,0,1,0,1,0,0,N,N,N,6,2026,2,Y,RD
CUST1009798,0,0,0,1,0,1,0,0,N,Y,Y,6,2026,2,N,None
CUST1009799,0,1,0,1,0,0,0,0,Y,N,Y,6,2026,2,N,None
CUST1009800,0,1,0,1,3,0,0,0,N,N,Y,6,2026,3,N,None
CUST1009801,0,0,0,1,0,0,0,0,N,N,Y,6,2026,1,Y,AL
CUST1009802,2,1,1,0,2,0,0,0,N,N,N,6,2026,4,N,None
CUST1009803,0,0,0,1,0,0,0,0,N,N,N,6,2026,1,Y,MF
CUST1009804,0,0,0,1,0,0,0,0,N,N,N,6,2026,1,N,RD
CUST1009805,0,0,0,1,0,0,0,0,N,N,Y,6,2026,1,Y,MF
CUST1009806,1,0,0,1,0,0,0,0,N,N,N,6,2026,2,Y,CC
CUST1009807,2,0,0,0,0,0,1,0,N,N,N,6,2026,2,N,None
CUST1009808,0,0,0,1,0,0,0,0,N,N,N,6,2026,1,N,None
CUST1009809,0,1,0,1,0,0,0,0,N,N,N,6,2026,2,N,None
CUST1009810,2,2,0,1,0,0,1,0,N,N,N,6,2026,4,N,None
CUST1009811,2,0,1,1,0,1,0,0,N,N,N,6,2026,4,Y,RD
CUST1009812,0,0,0,1,2,0,0,0,N,N,N,6,2026,2,Y,AL
CUST1009813,0,0,0,1,0,0,0,0,N,N,Y,6,2026,1,N,None
CUST1009814,0,0,0,1,2,0,0,0,N,N,N,6,2026,2,N,None
CUST1009815,0,2,0,1,0,0,0,0,N,N,Y,6,2026,2,Y,SA
CUST1009816,0,0,0,1,0,0,0,0,N,N,N,6,2026,1,Y,AL
CUST1009817,0,0,0,1,0,0,1,0,N,N,N,6,2026,2,Y,SA
CUST1009818,1,0,0,1,0,0,0,0,N,N,N,6,2026,2,N,None
CUST1009819,0,0,1,1,3,0,0,1,N,N,N,6,2026,4,Y,PL
CUST1009820,0,2,1,1,0,0,0,0,N,N,Y,6,2026,3,N,RD
CUST1009821,0,0,1,1,0,0,0,0,N,N,Y,6,2026,2,N,None
CUST1009822,0,1,0,1,0,2,0,0,Y,N,Y,6,2026,3,Y,PL
CUST1009823,0,1,0,1,0,0,0,0,Y,N,N,6,2026,2,Y,CC
CUST1009824,0,0,0,1,0,0,0,0,N,N,Y,6,2026,1,N,None
CUST1009825,1,2,0,1,0,1,0,0,N,N,Y,6,2026,4,Y,AL
CUST1009826,0,0,0,1,0,0,0,0,Y,N,N,6,2026,1,N,None
CUST1009827,2,2,0,1,0,0,1,0,N,N,Y,6,2026,4,N,None
CUST1009828,0,0,0,1,1,0,0,0,Y,N,N,6,2026,2,Y,CC
CUST1009829,0,0,0,1,0,1,0,0,Y,N,N,6,2026,2,N,None
CUST1009830,0,0,0,1,0,1,0,0,N,N,N,6,2026,2,Y,MF
CUST1009831,0,0,0,1,2,0,0,0,N,Y,Y,6,2026,2,Y,AL
CUST1009832,0,2,0,1,0,0,0,0,N,N,Y,6,2026,2,N,SA
CUST1009833,2,0,0,1,0,0,0,0,N,N,N,6,2026,2,Y,RD
CUST1009834,1,2,0,1,1,0,0,0,N,N,Y,6,2026,4,Y,PL
CUST1009835,0,0,0,1,0,2,0,0,N,N,Y,6,2026,2,N,None
CUST1009836,0,2,0,1,1,0,0,0,N,N,Y,6,2026,3,N,None
CUST1009837,0,0,0,1,0,0,0,0,N,N,N,6,2026,1,N,None
CUST1009838,2,0,0,1,0,0,0,0,Y,N,Y,6,2026,2,N,None
CUST1009839,0,2,0,1,0,0,0,0,N,N,Y,6,2026,2,Y,MF
CUST1009840,0,0,0,1,0,2,0,0,N,N,N,6,2026,2,Y,SA
CUST1009841,0,1,0,1,0,0,0,0,N,N,N,6,2026,2,N,None
CUST1009842,0,0,0,1,0,0,0,0,N,N,Y,6,2026,1,N,None
CUST1009843,2,1,0,0,0,2,0,0,N,N,N,6,2026,3,N,CC
CUST1009844,0,0,0,1,0,0,0,0,N,N,N,6,2026,1,N,RD
CUST1009845,2,2,0,1,0,0,0,0,N,N,N,6,2026,3,Y,AL
CUST1009846,0,1,0,1,0,0,0,0,N,N,Y,6,2026,2,N,None
CUST1009847,0,0,0,1,3,0,0,0,N,N,N,6,2026,2,Y,MF
CUST1009848,0,0,0,1,0,0,0,0,N,N,Y,6,2026,1,Y,SA
CUST1009849,0,2,0,1,0,0,0,0,N,N,Y,6,2026,2,N,None
CUST1009850,0,0,0,1,1,2,0,0,N,N,N,6,2026,3,N,None
CUST1009851,0,1,0,1,0,0,0,0,N,N,N,6,2026,2,Y,SA
CUST1009852,0,0,0,1,0,0,0,0,N,N,Y,6,2026,1,N,None
CUST1009853,0,0,0,1,0,0,0,0,N,N,Y,6,2026,1,N,None
CUST1009854,0,0,0,1,0,0,0,0,N,N,N,6,2026,1,N,None
CUST1009855,0,0,0,1,0,0,0,0,N,N,N,6,2026,1,Y,MF
CUST1009856,0,1,0,0,0,0,0,1,N,N,N,6,2026,2,N,None
CUST1009857,0,2,0,1,0,1,1,0,N,N,N,6,2026,4,N,None
CUST1009858,0,1,0,1,0,0,0,0,N,N,Y,6,2026,2,N,None
CUST1009859,0,0,0,1,3,0,0,0,N,N,Y,6,2026,2,N,None
CUST1009860,0,0,0,1,0,0,0,0,N,N,Y,6,2026,1,Y,MF
CUST1009861,1,0,0,1,0,0,0,0,N,N,N,6,2026,2,Y,PL
CUST1009862,0,2,0,1,0,0,0,0,N,N,N,6,2026,2,N,None
CUST1009863,0,0,0,1,0,2,0,0,N,N,Y,6,2026,2,N,None
CUST1009864,0,0,0,1,0,2,0,0,N,N,Y,6,2026,2,N,AL
CUST1009865,0,0,0,1,0,0,0,0,N,N,N,6,2026,1,Y,MF
CUST1009866,0,0,0,0,0,0,0,0,N,N,N,6,2026,0,N,SA
CUST1009867,0,2,0,1,0,0,0,1,N,N,Y,6,2026,3,N,None
CUST1009868,0,0,0,1,0,2,0,0,N,N,Y,6,2026,2,N,None
CUST1009869,0,0,0,1,2,0,0,0,N,N,Y,6,2026,2,N,None
CUST1009870,0,2,0,1,0,0,0,0,N,N,Y,6,2026,2,Y,PL
CUST1009871,0,0,0,1,0,0,0,0,N,N,N,6,2026,1,N,RD
CUST1009872,1,0,0,1,0,2,0,0,N,N,Y,6,2026,3,N,None
CUST1009873,1,0,0,1,0,0,0,0,N,N,Y,6,2026,2,N,None
CUST1009874,0,0,0,1,0,0,0,0,N,N,Y,6,2026,1,N,None
CUST1009875,0,0,0,1,0,0,0,1,N,N,N,6,2026,2,N,None
CUST1009876,1,1,0,1,0,2,0,0,N,N,Y,6,2026,4,Y,HF
CUST1009877,0,0,0,1,0,0,0,0,N,N,Y,6,2026,1,N,None
CUST1009878,0,0,0,1,2,0,0,0,N,N,Y,6,2026,2,N,None
CUST1009879,1,0,0,1,0,0,0,0,N,N,N,6,2026,2,Y,HL
CUST1009880,0,0,0,1,0,1,0,0,N,N,Y,6,2026,2,N,None
CUST1009881,0,0,1,1,0,0,0,0,N,N,Y,6,2026,2,Y,SA
CUST1009882,0,1,0,1,0,2,0,0,Y,N,N,6,2026,3,Y,SA
CUST1009883,0,1,0,1,0,0,0,0,Y,N,N,6,2026,2,N,CC
CUST1009884,0,0,0,1,0,0,1,1,N,N,N,6,2026,3,N,None
CUST1009885,0,2,0,1,0,1,0,0,N,N,N,6,2026,3,N,None
CUST1009886,0,1,0,1,0,0,0,0,N,N,Y,6,2026,2,Y,SA
CUST1009887,0,2,1,1,0,1,0,0,N,N,Y,6,2026,4,Y,PL
CUST1009888,0,0,0,1,0,0,0,0,N,N,N,6,2026,1,N,None
CUST1009889,0,0,0,1,3,0,1,0,Y,N,N,6,2026,3,N,None
CUST1009890,1,0,0,1,0,0,1,0,N,N,N,6,2026,3,N,None
CUST1009891,0,0,0,1,0,0,0,0,N,N,Y,6,2026,1,Y,CC
CUST1009892,0,0,0,1,0,0,0,0,Y,N,Y,6,2026,1,Y,AL
CUST1009893,0,1,0,1,0,0,0,0,N,N,Y,6,2026,2,N,None
CUST1009894,0,0,0,1,0,0,0,0,N,N,Y,6,2026,1,Y,MF
CUST1009895,0,0,0,1,2,2,0,1,N,N,Y,6,2026,4,N,PL
CUST1009896,0,2,0,1,0,0,1,0,N,N,Y,6,2026,3,N,HL
CUST1009897,0,0,0,1,1,0,0,0,N,N,Y,6,2026,2,Y,AL
CUST1009898,2,2,0,1,0,2,0,0,Y,N,Y,6,2026,4,N,CC
CUST1009899,1,0,0,1,0,0,0,0,N,N,Y,6,2026,2,Y,MF
CUST1009900,0,0,0,1,0,0,0,1,N,N,Y,6,2026,2,N,None
CUST1009901,2,0,0,1,0,0,1,0,N,N,Y,6,2026,3,N,None
CUST1009902,0,1,0,1,0,0,0,0,N,N,Y,6,2026,2,Y,CC
CUST1009903,1,2,0,1,2,1,0,0,N,N,N,6,2026,5,N,None
CUST1009904,2,0,0,0,0,0,0,0,N,N,N,6,2026,1,N,None
CUST1009905,0,0,0,1,0,2,0,0,N,N,Y,6,2026,2,N,None
CUST1009906,0,2,0,1,0,0,0,0,N,N,N,6,2026,2,N,None
CUST1009907,0,1,0,1,0,0,0,0,N,N,N,6,2026,2,N,None
CUST1009908,2,1,0,1,0,2,0,0,N,Y,Y,6,2026,4,Y,MF
CUST1009909,0,0,0,1,1,0,0,0,N,N,N,6,2026,2,Y,MF
CUST1009910,1,0,0,1,0,0,0,1,N,N,N,6,2026,3,Y,SA
CUST1009911,1,1,0,1,1,0,0,1,Y,Y,N,6,2026,5,N,PL
CUST1009912,0,0,0,1,0,0,0,0,N,N,N,6,2026,1,Y,RD
CUST1009913,0,0,0,0,2,0,0,0,Y,N,N,6,2026,1,Y,MF
CUST1009914,0,1,0,1,0,0,0,0,Y,N,N,6,2026,2,Y,PL
CUST1009915,0,0,0,1,0,0,0,0,N,N,Y,6,2026,1,N,None
CUST1009916,0,0,0,0,0,0,0,0,N,N,N,6,2026,0,N,None
CUST1009917,1,2,0,1,0,0,0,0,N,N,N,6,2026,3,N,None
CUST1009918,0,0,0,1,3,1,0,0,N,N,Y,6,2026,3,Y,RD
CUST1009919,2,1,0,1,0,0,0,0,N,Y,Y,6,2026,3,Y,AL
CUST1009920,2,0,0,0,0,2,0,0,N,N,Y,6,2026,2,N,None
CUST1009921,2,0,0,1,3,0,0,0,N,N,N,6,2026,3,Y,AL
CUST1009922,0,0,0,1,0,2,0,0,N,N,N,6,2026,2,Y,SA
CUST1009923,0,0,1,1,0,2,0,0,N,N,Y,6,2026,3,Y,CC
CUST1009924,0,1,0,1,0,0,0,0,N,N,N,6,2026,2,N,None
CUST1009925,0,0,0,0,0,0,0,0,N,N,Y,6,2026,0,N,PL
CUST1009926,0,2,1,1,0,0,0,0,N,N,Y,6,2026,3,N,None
CUST1009927,0,1,1,1,0,0,1,0,N,N,N,6,2026,4,N,None
CUST1009928,1,2,0,1,0,0,1,0,N,N,N,6,2026,4,N,None
CUST1009929,0,0,0,1,0,0,0,0,N,N,N,6,2026,1,N,None
CUST1009930,0,1,0,1,0,0,0,0,Y,N,Y,6,2026,2,N,AL
CUST1009931,0,0,0,1,0,0,0,0,N,N,Y,6,2026,1,N,None
CUST1009932,0,2,1,1,2,0,0,0,N,N,N,6,2026,4,N,None
CUST1009933,1,0,0,1,0,0,0,1,N,N,Y,6,2026,3,Y,HF
CUST1009934,0,2,0,1,0,2,0,0,N,N,Y,6,2026,3,Y,CC
CUST1009935,0,1,0,1,0,0,0,0,N,N,Y,6,2026,2,Y,CC
CUST1009936,0,0,0,1,0,2,0,0,N,N,Y,6,2026,2,Y,CC
CUST1009937,0,2,1,1,0,0,0,0,N,N,N,6,2026,3,N,None
CUST1009938,0,0,0,1,0,0,0,1,Y,N,N,6,2026,2,N,None
CUST1009939,0,0,0,1,1,0,1,0,N,N,N,6,2026,3,N,AL
CUST1009940,1,2,0,1,3,0,0,0,N,N,N,6,2026,4,Y,SA
CUST1009941,0,0,0,1,3,0,0,0,N,N,Y,6,2026,2,N,None
CUST1009942,0,2,0,1,0,0,0,1,N,N,Y,6,2026,3,N,None
CUST1009943,2,0,0,1,0,0,0,0,N,N,Y,6,2026,2,Y,AL
CUST1009944,2,0,0,1,3,0,0,0,N,N,Y,6,2026,3,N,AL
CUST1009945,1,2,0,1,3,0,0,0,Y,N,Y,6,2026,4,Y,SA
CUST1009946,0,0,0,1,0,0,0,0,N,N,Y,6,2026,1,Y,CC
CUST1009947,1,2,0,1,2,0,0,0,Y,N,Y,6,2026,4,N,None
CUST1009948,0,1,0,1,2,0,0,0,N,N,Y,6,2026,3,N,None
CUST1009949,2,0,0,1,0,0,0,0,N,N,Y,6,2026,2,Y,HF
CUST1009950,0,0,0,1,3,0,0,0,N,N,Y,6,2026,2,N,None
CUST1009951,0,0,0,1,0,0,1,0,N,N,Y,6,2026,2,Y,SA
CUST1009952,0,2,0,1,0,1,0,1,N,N,N,6,2026,4,N,SA
CUST1009953,0,2,0,1,0,0,0,0,N,N,N,6,2026,2,Y,MF
CUST1009954,0,0,0,1,3,0,0,0,N,N,N,6,2026,2,N,None
CUST1009955,0,0,0,1,0,0,0,0,N,N,N,6,2026,1,Y,SA
CUST1009956,0,0,1,1,0,0,0,0,N,N,N,6,2026,2,N,None
CUST1009957,0,2,0,1,0,0,0,0,Y,N,N,6,2026,2,Y,AL
CUST1009958,0,2,0,1,1,0,0,0,N,N,N,6,2026,3,N,None
CUST1009959,0,2,0,1,0,1,0,0,N,N,Y,6,2026,3,N,None
CUST1009960,0,1,0,1,0,0,1,1,N,N,Y,6,2026,4,Y,AL
CUST1009961,0,1,1,0,0,0,0,0,N,N,Y,6,2026,2,N,None
CUST1009962,0,0,0,1,0,0,0,0,N,N,Y,6,2026,1,N,None
CUST1009963,0,0,0,1,0,2,0,0,N,N,N,6,2026,2,Y,RD
CUST1009964,1,1,0,1,0,1,1,1,N,N,N,6,2026,6,N,None
CUST1009965,0,0,0,1,0,0,0,0,N,N,N,6,2026,1,Y,MF
CUST1009966,2,1,0,1,0,0,0,0,N,N,Y,6,2026,3,N,None
CUST1009967,0,0,0,1,1,0,0,0,N,N,N,6,2026,2,N,None
CUST1009968,1,0,0,1,0,0,0,0,Y,N,N,6,2026,2,N,AL
CUST1009969,0,1,0,1,0,2,0,0,N,N,Y,6,2026,3,N,None
CUST1009970,0,1,0,1,0,0,0,0,N,N,N,6,2026,2,N,None
CUST1009971,1,0,0,1,0,0,0,0,N,N,N,6,2026,2,Y,SA
CUST1009972,0,0,0,1,1,0,0,0,Y,N,Y,6,2026,2,N,HL
CUST1009973,0,0,0,1,0,0,0,0,N,N,N,6,2026,1,Y,CC
CUST1009974,0,1,0,1,0,0,0,0,Y,N,N,6,2026,2,Y,MF
CUST1009975,0,0,0,1,0,0,0,0,N,N,Y,6,2026,1,N,None
CUST1009976,0,0,0,1,2,1,1,0,N,N,N,6,2026,4,Y,AL
CUST1009977,0,0,0,1,0,0,0,0,N,N,N,6,2026,1,N,None
CUST1009978,2,2,1,1,2,0,0,0,N,N,Y,6,2026,5,Y,PL
CUST1009979,0,0,0,1,0,1,0,0,N,N,Y,6,2026,2,Y,SA
CUST1009980,0,1,0,1,0,1,0,0,N,N,N,6,2026,3,Y,CC
CUST1009981,0,0,0,1,0,0,0,0,N,N,N,6,2026,1,N,None
CUST1009982,0,0,0,1,1,0,0,0,N,N,N,6,2026,2,N,None
CUST1009983,0,0,0,1,3,0,0,0,N,N,N,6,2026,2,N,None
CUST1009984,0,0,0,1,0,0,0,0,Y,N,Y,6,2026,1,N,None
CUST1009985,0,0,0,1,0,0,0,0,Y,N,N,6,2026,1,Y,SA
CUST1009986,0,0,0,1,2,0,0,0,N,N,Y,6,2026,2,Y,MF
CUST1009987,1,0,0,1,0,0,0,0,N,N,Y,6,2026,2,N,None
CUST1009988,2,1,0,1,0,0,0,0,N,N,N,6,2026,3,N,None
CUST1009989,0,1,0,1,2,0,0,0,Y,N,N,6,2026,3,Y,PL
CUST1009990,0,0,0,0,0,0,0,0,N,Y,N,6,2026,0,Y,MF
CUST1009991,0,0,0,1,0,0,1,0,N,N,N,6,2026,2,N,None
CUST1009992,0,0,0,1,0,2,0,0,Y,Y,N,6,2026,2,N,None
CUST1009993,0,2,0,1,0,0,0,0,N,N,Y,6,2026,2,N,None
CUST1009994,0,0,0,1,0,0,0,0,N,N,N,6,2026,1,N,None
CUST1009995,0,0,0,1,0,0,0,0,Y,N,N,6,2026,1,Y,RD
CUST1009996,1,2,0,1,3,0,0,0,N,N,Y,6,2026,4,N,None
CUST1009997,0,0,0,1,0,0,0,0,N,N,Y,6,2026,1,Y,SA
CUST1009998,2,0,0,1,0,1,0,0,N,N,Y,6,2026,3,Y,PL
CUST1009999,1,1,0,1,0,0,0,0,N,N,Y,6,2026,3,N,None
CUST1010000,0,0,0,1,0,0,0,0,N,N,N,6,2026,1,N,None
CUST1010001,2,2,0,1,0,1,1,0,N,N,Y,6,2026,5,N,RD
CUST1010002,0,1,0,1,0,0,0,0,N,N,Y,6,2026,2,N,CC
CUST1010003,0,0,0,1,1,0,0,0,N,N,Y,6,2026,2,N,None
CUST1010004,0,0,0,1,0,0,0,0,N,N,N,6,2026,1,N,None
CUST1010005,0,0,0,1,0,1,0,0,Y,N,Y,6,2026,2,N,None
CUST1010006,0,1,0,1,0,1,0,0,Y,N,N,6,2026,3,N,None
CUST1010007,0,0,0,1,0,0,0,0,N,N,Y,6,2026,1,Y,CC
CUST1010008,2,0,0,0,0,2,0,0,N,N,N,6,2026,2,N,None
CUST1010009,0,2,0,0,0,0,0,0,N,N,Y,6,2026,1,Y,PL
CUST1010010,0,0,0,1,3,2,0,0,N,N,Y,6,2026,3,N,SA
CUST1010011,0,1,0,1,0,0,0,0,N,N,Y,6,2026,2,N,None
CUST1010012,1,0,0,1,3,0,0,0,N,Y,Y,6,2026,3,N,None
CUST1010013,2,0,0,0,0,0,0,1,N,N,Y,6,2026,2,Y,CC
CUST1010014,0,2,0,1,3,0,0,0,Y,N,Y,6,2026,3,N,None
CUST1010015,0,1,0,1,2,0,0,0,N,N,N,6,2026,3,N,None
CUST1010016,0,1,0,1,0,0,0,1,N,N,Y,6,2026,3,Y,CC
CUST1010017,0,0,0,1,0,0,0,0,N,N,Y,6,2026,1,Y,RD
CUST1010018,0,0,0,1,0,0,0,0,N,N,Y,6,2026,1,Y,AL
CUST1010019,0,2,1,1,0,0,0,1,N,N,Y,6,2026,4,Y,AL
CUST1010020,0,0,0,1,3,0,0,1,N,N,Y,6,2026,3,Y,PL
CUST1010021,0,0,0,1,2,0,0,0,Y,N,Y,6,2026,2,N,SA
CUST1010022,0,1,0,1,0,0,0,0,N,N,Y,6,2026,2,N,None
CUST1010023,0,0,0,1,0,0,0,0,N,N,N,6,2026,1,N,RD
CUST1010024,0,0,0,1,0,0,0,0,N,N,Y,6,2026,1,N,None
CUST1010025,0,1,0,1,2,0,0,0,N,N,Y,6,2026,3,Y,MF
CUST1010026,0,0,0,1,0,0,0,1,N,N,N,6,2026,2,N,None
CUST1010027,0,0,0,1,0,0,0,0,Y,N,Y,6,2026,1,N,None
CUST1010028,1,2,0,1,0,0,0,0,N,N,Y,6,2026,3,N,None
CUST1010029,0,0,0,1,0,0,0,0,N,N,Y,6,2026,1,Y,SA
CUST1010030,0,2,0,0,0,0,0,0,Y,N,Y,6,2026,1,N,None
CUST1010031,0,0,0,1,0,0,0,1,N,N,N,6,2026,2,Y,SA
CUST1010032,0,1,0,1,0,1,0,0,Y,N,Y,6,2026,3,N,None
CUST1010033,0,0,0,1,0,0,0,0,N,Y,N,6,2026,1,Y,HL
CUST1010034,0,1,0,1,0,0,0,0,N,N,Y,6,2026,2,N,None
CUST1010035,0,0,0,1,0,0,0,0,N,N,Y,6,2026,1,Y,RD
CUST1010036,0,1,0,1,0,0,0,0,N,N,N,6,2026,2,N,None
CUST1010037,0,0,0,1,0,1,0,0,N,N,Y,6,2026,2,N,None
CUST1010038,0,2,0,1,0,1,0,0,N,N,Y,6,2026,3,N,None
CUST1010039,0,1,0,1,0,1,0,0,Y,N,N,6,2026,3,Y,RD
CUST1010040,2,1,0,1,0,0,0,1,N,N,N,6,2026,4,N,None
CUST1010041,0,0,0,1,3,0,0,0,N,N,N,6,2026,2,Y,HL
CUST1010042,0,0,0,1,2,1,0,0,N,N,Y,6,2026,3,N,None
CUST1010043,0,0,0,1,0,0,0,0,N,N,N,6,2026,1,N,None
CUST1010044,0,0,0,1,0,0,0,0,N,N,N,6,2026,1,Y,MF
CUST1010045,0,0,0,1,0,2,0,0,Y,N,N,6,2026,2,N,None
CUST1010046,2,1,0,1,2,0,0,0,N,N,N,6,2026,4,Y,AL
CUST1010047,0,0,0,1,0,0,0,0,N,N,N,6,2026,1,N,None
CUST1010048,0,0,0,1,3,0,0,0,N,N,N,6,2026,2,N,HL
CUST1010049,0,0,0,0,2,0,0,0,Y,N,Y,6,2026,1,N,AL
CUST1010050,2,2,0,1,0,0,1,0,Y,N,N,6,2026,4,Y,SA
CUST1010051,0,1,0,1,0,0,0,0,N,N,Y,6,2026,2,Y,RD
CUST1010052,0,0,0,1,0,1,1,0,N,N,Y,6,2026,3,Y,HL
CUST1010053,0,0,0,1,0,0,0,0,N,N,Y,6,2026,1,N,RD
CUST1010054,0,0,0,1,0,0,0,0,N,N,N,6,2026,1,N,HL
CUST1010055,0,0,0,1,2,2,1,0,N,N,Y,6,2026,4,N,None
CUST1010056,0,0,0,1,0,1,0,0,N,N,Y,6,2026,2,N,None
CUST1010057,0,1,0,1,1,0,0,1,N,N,Y,6,2026,4,N,None
CUST1010058,0,2,0,1,0,0,0,0,Y,N,N,6,2026,2,Y,MF
CUST1010059,1,0,0,1,0,1,1,0,N,N,N,6,2026,4,N,None
CUST1010060,0,1,0,1,0,1,0,0,N,N,N,6,2026,3,Y,MF
CUST1010061,0,0,0,0,0,0,0,1,N,N,N,6,2026,1,Y,AL
CUST1010062,0,0,0,1,0,1,0,0,N,N,Y,6,2026,2,N,None
CUST1010063,0,0,0,1,0,0,0,0,N,N,N,6,2026,1,Y,PL
CUST1010064,0,0,0,1,0,0,0,0,N,N,Y,6,2026,1,N,RD
CUST1010065,0,0,0,1,1,0,0,0,N,N,N,6,2026,2,Y,AL
CUST1010066,0,2,0,1,0,1,0,1,N,N,N,6,2026,4,N,AL
CUST1010067,0,2,0,1,0,0,0,0,N,N,Y,6,2026,2,Y,PL
CUST1010068,0,0,0,1,0,2,0,0,N,N,N,6,2026,2,N,None
CUST1010069,1,2,0,1,2,0,0,1,N,Y,N,6,2026,5,Y,MF
CUST1010070,0,0,0,1,0,0,0,0,N,Y,Y,6,2026,1,N,None
CUST1010071,2,0,0,1,0,2,0,1,N,N,Y,6,2026,4,Y,CC
CUST1010072,0,1,0,0,0,0,0,0,N,N,N,6,2026,1,N,None
CUST1010073,0,0,0,1,0,0,0,0,N,N,Y,6,2026,1,N,CC
CUST1010074,0,0,0,1,3,2,0,0,N,N,Y,6,2026,3,Y,PL
CUST1010075,2,0,0,1,3,0,0,0,N,N,Y,6,2026,3,N,None
CUST1010076,0,0,0,1,0,0,0,0,Y,N,Y,6,2026,1,Y,SA
CUST1010077,0,0,0,1,0,0,0,0,N,N,Y,6,2026,1,Y,CC
CUST1010078,0,0,0,1,1,0,0,0,N,N,N,6,2026,2,N,None
CUST1010079,0,1,0,1,0,0,0,0,N,N,N,6,2026,2,N,None
CUST1010080,0,0,0,1,1,0,0,0,N,N,Y,6,2026,2,N,None
CUST1010081,0,0,0,1,2,0,0,0,N,N,Y,6,2026,2,N,None
CUST1010082,0,1,0,1,3,0,0,1,N,N,Y,6,2026,4,N,None
CUST1010083,0,0,0,1,3,2,0,1,N,N,N,6,2026,4,N,None
CUST1010084,2,0,0,1,0,1,1,0,N,N,Y,6,2026,4,Y,PL
CUST1010085,0,0,0,1,0,1,0,0,N,N,N,6,2026,2,N,None
CUST1010086,1,2,0,1,0,1,0,0,N,N,N,6,2026,4,Y,SA
CUST1010087,0,0,0,1,2,0,0,0,Y,N,N,6,2026,2,Y,MF
CUST1010088,0,1,0,1,0,0,0,0,N,N,N,6,2026,2,Y,MF
CUST1010089,0,0,0,1,2,0,0,0,N,N,N,6,2026,2,Y,RD
CUST1010090,0,2,0,1,0,0,0,0,N,N,Y,6,2026,2,Y,SA
CUST1010091,0,0,0,1,0,0,0,0,N,N,Y,6,2026,1,Y,CC
CUST1010092,0,0,0,1,0,0,0,0,Y,N,Y,6,2026,1,N,None
CUST1010093,1,1,0,1,0,0,0,0,N,N,Y,6,2026,3,Y,RD
CUST1010094,0,0,0,1,0,0,0,0,N,N,Y,6,2026,1,N,None
CUST1010095,0,1,0,1,0,0,0,0,N,N,N,6,2026,2,Y,PL
CUST1010096,0,0,0,1,2,0,0,0,Y,N,N,6,2026,2,Y,RD
CUST1010097,0,0,0,1,0,1,0,0,N,N,Y,6,2026,2,Y,RD
CUST1010098,1,2,0,1,3,0,0,0,N,N,Y,6,2026,4,Y,MF
CUST1010099,0,0,0,1,0,0,0,0,N,N,Y,6,2026,1,Y,HL
CUST1010100,0,0,0,1,0,2,0,0,N,N,Y,6,2026,2,N,None
CUST1010101,0,1,0,1,0,2,0,0,N,N,Y,6,2026,3,N,None
CUST1010102,0,1,0,1,0,0,0,0,N,Y,Y,6,2026,2,Y,PL
CUST1010103,0,0,0,1,0,0,0,0,Y,N,Y,6,2026,1,N,None
CUST1010104,0,0,0,1,2,0,0,0,N,N,N,6,2026,2,Y,PL
CUST1010105,0,2,0,1,0,2,0,0,N,N,N,6,2026,3,N,None
CUST1010106,1,1,0,1,0,0,0,0,Y,N,Y,6,2026,3,N,None
CUST1010107,0,2,0,1,0,2,0,0,N,N,N,6,2026,3,Y,SA
CUST1010108,0,0,0,1,0,0,0,0,N,N,Y,6,2026,1,N,None
CUST1010109,0,1,0,1,3,2,0,0,N,N,Y,6,2026,4,N,None
CUST1010110,0,2,0,1,0,0,0,0,N,N,Y,6,2026,2,N,RD
CUST1010111,0,0,0,1,0,0,0,0,N,N,N,6,2026,1,N,None
CUST1010112,0,1,0,1,0,0,0,0,N,N,N,6,2026,2,N,None
CUST1010113,0,0,0,1,0,0,0,0,N,N,Y,6,2026,1,Y,MF
CUST1010114,0,0,0,1,0,0,0,0,N,N,N,6,2026,1,N,None
CUST1010115,0,0,0,1,3,1,0,0,N,N,Y,6,2026,3,N,None
CUST1010116,1,0,0,1,0,1,0,0,N,Y,N,6,2026,3,N,None
CUST1010117,0,2,0,1,0,0,0,0,N,N,Y,6,2026,2,N,HF
CUST1010118,0,1,0,1,1,1,0,0,N,N,Y,6,2026,4,N,None
CUST1010119,0,0,0,1,0,0,0,0,N,N,Y,6,2026,1,Y,HF
CUST1010120,0,1,0,1,0,2,0,1,N,N,N,6,2026,4,N,None
CUST1010121,0,0,0,1,0,1,1,1,N,N,N,6,2026,4,Y,HL
CUST1010122,0,1,0,1,0,1,0,0,Y,N,Y,6,2026,3,N,None
CUST1010123,0,0,0,1,2,0,0,0,N,N,N,6,2026,2,N,None
CUST1010124,0,2,0,1,0,1,0,0,N,N,Y,6,2026,3,N,None
CUST1010125,0,0,0,1,0,2,0,0,N,N,Y,6,2026,2,Y,SA
CUST1010126,0,0,0,1,0,0,0,0,N,N,Y,6,2026,1,N,None
CUST1010127,0,0,0,1,0,0,0,0,N,N,N,6,2026,1,N,None
CUST1010128,2,0,0,1,0,0,0,1,N,N,Y,6,2026,3,N,None
CUST1010129,0,2,0,1,0,0,1,0,N,N,N,6,2026,3,N,PL
CUST1010130,0,0,0,1,3,0,0,0,Y,N,N,6,2026,2,Y,PL
CUST1010131,0,0,1,1,0,0,0,0,N,N,Y,6,2026,2,Y,MF
CUST1010132,0,0,0,1,0,0,0,0,N,N,N,6,2026,1,Y,MF
CUST1010133,0,0,0,1,0,2,0,0,N,N,Y,6,2026,2,Y,AL
CUST1010134,0,0,0,0,0,2,0,0,Y,N,Y,6,2026,1,Y,CC
CUST1010135,0,0,0,1,0,0,0,0,Y,N,N,6,2026,1,Y,AL
CUST1010136,1,0,0,1,0,0,0,0,N,N,Y,6,2026,2,N,None
CUST1010137,0,0,0,0,0,0,0,0,N,N,Y,6,2026,0,Y,HF
CUST1010138,1,1,0,1,0,0,0,0,N,N,N,6,2026,3,Y,PL
CUST1010139,0,1,0,1,3,2,0,1,Y,N,Y,6,2026,5,Y,PL
CUST1010140,0,0,0,1,0,2,0,0,N,N,N,6,2026,2,Y,PL
CUST1010141,0,0,0,1,0,0,0,0,Y,N,N,6,2026,1,Y,AL
CUST1010142,0,0,0,1,0,0,0,0,N,Y,Y,6,2026,1,N,None
CUST1010143,0,0,0,1,0,0,0,0,N,N,N,6,2026,1,N,None
CUST1010144,0,2,0,1,0,1,0,0,N,N,Y,6,2026,3,Y,AL
CUST1010145,0,0,0,1,0,0,0,1,N,N,Y,6,2026,2,Y,AL
CUST1010146,0,0,0,0,0,0,0,0,N,N,N,6,2026,0,Y,CC
CUST1010147,0,2,0,1,0,2,0,0,Y,N,Y,6,2026,3,N,AL
CUST1010148,0,2,0,1,0,0,0,0,N,N,Y,6,2026,2,Y,MF
CUST1010149,0,0,0,1,1,2,0,0,N,N,Y,6,2026,3,Y,CC
CUST1010150,0,2,0,1,0,0,0,0,N,N,N,6,2026,2,Y,PL
CUST1010151,0,1,1,1,2,0,0,0,N,N,Y,6,2026,4,N,None
CUST1010152,0,0,0,1,0,0,0,0,N,N,N,6,2026,1,N,None
CUST1010153,0,0,0,1,0,0,0,0,Y,Y,N,6,2026,1,N,None
CUST1010154,1,2,0,1,3,0,1,0,N,N,N,6,2026,5,N,None
CUST1010155,0,0,0,1,0,0,0,0,N,N,N,6,2026,1,Y,CC
CUST1010156,0,0,0,1,0,2,0,0,N,N,Y,6,2026,2,N,AL
CUST1010157,0,0,0,1,0,0,0,0,N,N,N,6,2026,1,N,None
CUST1010158,2,1,0,1,0,0,0,0,N,N,Y,6,2026,3,N,None
CUST1010159,0,1,0,0,3,0,1,0,N,N,N,6,2026,3,Y,PL
CUST1010160,0,0,0,1,0,0,0,1,N,N,N,6,2026,2,N,None
CUST1010161,1,0,0,1,0,1,0,0,N,N,Y,6,2026,3,N,AL
CUST1010162,0,2,0,1,0,0,0,0,N,N,Y,6,2026,2,N,None
CUST1010163,1,1,0,1,0,0,0,0,N,N,N,6,2026,3,N,CC
CUST1010164,0,2,0,1,0,1,0,0,N,N,Y,6,2026,3,N,None
CUST1010165,0,1,0,1,0,0,0,0,N,N,N,6,2026,2,Y,PL
CUST1010166,2,1,1,1,0,2,0,0,N,N,Y,6,2026,5,Y,RD
CUST1010167,0,0,0,1,0,0,0,0,N,N,Y,6,2026,1,N,MF
CUST1010168,0,2,0,1,1,0,0,0,N,N,N,6,2026,3,N,None
CUST1010169,0,0,0,1,0,0,0,0,N,N,Y,6,2026,1,N,None
CUST1010170,0,1,0,1,0,0,0,0,N,N,Y,6,2026,2,N,None
CUST1010171,0,2,0,1,3,0,0,0,N,N,N,6,2026,3,Y,CC
CUST1010172,0,0,0,1,1,0,0,0,Y,N,Y,6,2026,2,Y,SA
CUST1010173,0,2,0,1,2,0,0,0,N,N,Y,6,2026,3,Y,SA
CUST1010174,0,1,0,1,0,0,0,0,N,N,Y,6,2026,2,N,None
CUST1010175,0,0,0,1,0,0,1,0,N,N,N,6,2026,2,N,None
CUST1010176,0,2,0,1,0,0,0,0,Y,N,Y,6,2026,2,N,None
CUST1010177,0,0,0,1,0,0,0,0,N,Y,N,6,2026,1,Y,MF
CUST1010178,0,2,0,1,1,2,0,0,N,N,N,6,2026,4,N,RD
CUST1010179,1,2,0,1,0,0,0,0,N,N,N,6,2026,3,N,None
CUST1010180,0,0,0,1,0,0,0,0,N,N,Y,6,2026,1,N,None
CUST1010181,0,0,0,1,0,0,0,0,N,N,Y,6,2026,1,Y,SA
CUST1010182,0,0,0,1,0,0,0,0,N,N,N,6,2026,1,N,PL
CUST1010183,0,0,0,1,0,0,0,0,N,N,N,6,2026,1,Y,RD
CUST1010184,0,0,0,1,0,0,0,0,N,N,N,6,2026,1,N,None
CUST1010185,0,0,0,1,0,0,0,0,N,N,Y,6,2026,1,Y,HL
CUST1010186,0,1,0,1,0,0,0,0,N,N,N,6,2026,2,N,None
CUST1010187,0,0,0,1,0,0,0,1,Y,N,N,6,2026,2,Y,PL
CUST1010188,0,1,0,1,0,0,0,0,N,N,Y,6,2026,2,Y,PL
CUST1010189,0,0,0,1,0,1,1,0,N,Y,N,6,2026,3,Y,AL
CUST1010190,0,0,0,1,3,0,0,0,N,N,Y,6,2026,2,N,None
CUST1010191,0,2,0,1,1,1,0,1,Y,N,N,6,2026,5,N,None
CUST1010192,0,0,0,1,0,0,0,0,N,N,N,6,2026,1,Y,CC
CUST1010193,0,2,0,1,0,0,0,0,N,N,N,6,2026,2,N,PL
CUST1010194,0,2,0,1,0,0,0,0,N,N,Y,6,2026,2,N,None
CUST1010195,0,2,0,1,0,0,0,0,N,N,N,6,2026,2,Y,MF
CUST1010196,0,2,0,1,0,0,0,0,Y,N,Y,6,2026,2,N,None
CUST1010197,0,1,0,1,0,0,0,0,N,N,N,6,2026,2,Y,MF
CUST1010198,0,0,0,0,0,0,0,0,N,N,Y,6,2026,0,N,None
CUST1010199,0,1,0,1,0,0,0,0,N,N,Y,6,2026,2,Y,PL
CUST1010200,0,0,0,1,2,0,0,0,N,N,Y,6,2026,2,N,None
CUST1010201,2,0,0,0,0,0,0,0,N,N,N,6,2026,1,N,None
CUST1010202,0,0,0,1,0,0,0,0,N,N,N,6,2026,1,Y,CC
CUST1010203,0,0,0,1,0,0,0,0,N,N,Y,6,2026,1,N,None
CUST1010204,0,2,0,1,0,0,0,0,N,N,Y,6,2026,2,Y,AL
CUST1010205,0,0,0,1,0,0,0,0,N,N,N,6,2026,1,N,RD
CUST1010206,0,1,0,1,0,0,0,0,N,N,Y,6,2026,2,Y,HF
CUST1010207,0,2,0,1,0,2,0,0,N,N,N,6,2026,3,Y,MF
CUST1010208,0,1,0,1,0,0,0,0,N,N,N,6,2026,2,N,AL
CUST1010209,0,1,0,1,0,0,0,0,Y,N,Y,6,2026,2,Y,CC
CUST1010210,0,0,0,1,0,1,1,0,Y,N,Y,6,2026,3,N,None
CUST1010211,0,0,0,1,3,0,0,0,N,N,Y,6,2026,2,Y,MF
CUST1010212,2,1,0,1,0,0,1,0,Y,N,N,6,2026,4,N,None
CUST1010213,0,0,0,1,0,0,0,0,Y,N,N,6,2026,1,N,None
CUST1010214,0,2,0,1,0,0,0,0,N,N,N,6,2026,2,Y,CC
CUST1010215,0,2,0,1,0,0,0,0,N,N,Y,6,2026,2,Y,MF
CUST1010216,0,0,0,1,0,0,0,0,N,N,N,6,2026,1,N,None
CUST1010217,0,0,0,1,0,0,0,0,N,N,N,6,2026,1,N,None
CUST1010218,0,2,0,1,0,2,0,0,N,N,Y,6,2026,3,Y,SA
CUST1010219,0,0,0,1,0,0,0,0,N,N,N,6,2026,1,Y,MF
CUST1010220,0,0,0,1,0,2,0,0,Y,N,Y,6,2026,2,N,None
CUST1010221,0,0,0,1,0,1,1,0,N,N,Y,6,2026,3,N,None
CUST1010222,0,0,0,1,0,0,0,0,N,N,Y,6,2026,1,Y,PL
CUST1010223,0,0,0,1,1,0,0,0,N,N,N,6,2026,2,N,None
CUST1010224,0,1,0,0,0,0,0,0,N,N,Y,6,2026,1,Y,RD
CUST1010225,0,2,0,1,0,0,0,0,N,N,Y,6,2026,2,Y,PL
CUST1010226,0,0,0,1,0,0,0,0,N,N,Y,6,2026,1,N,None
CUST1010227,0,0,0,1,0,0,1,0,N,N,Y,6,2026,2,N,None
CUST1010228,0,2,0,1,3,0,0,0,N,N,N,6,2026,3,Y,MF
CUST1010229,0,1,0,1,0,2,0,0,N,N,Y,6,2026,3,N,None
CUST1010230,2,0,0,1,0,2,0,0,N,N,N,6,2026,3,N,None
CUST1010231,0,0,0,1,0,0,0,0,N,N,N,6,2026,1,N,None
CUST1010232,0,2,0,1,0,0,0,1,N,N,N,6,2026,3,N,MF
CUST1010233,0,0,0,1,0,0,0,1,N,N,Y,6,2026,2,Y,HF
CUST1010234,0,0,0,1,0,0,0,0,N,N,Y,6,2026,1,N,CC
CUST1010235,1,2,0,1,0,0,0,1,N,N,Y,6,2026,4,Y,HF
CUST1010236,0,0,0,1,1,0,0,0,N,N,N,6,2026,2,N,CC
CUST1010237,0,0,0,1,0,0,0,0,N,N,Y,6,2026,1,Y,AL
CUST1010238,0,0,0,1,0,0,0,0,Y,N,Y,6,2026,1,N,None
CUST1010239,0,2,0,1,1,0,0,0,N,N,N,6,2026,3,N,None
CUST1010240,0,0,0,1,0,0,0,0,N,N,N,6,2026,1,N,None
CUST1010241,0,0,0,1,0,0,0,0,N,N,Y,6,2026,1,N,PL
CUST1010242,0,2,0,1,3,2,0,0,Y,N,N,6,2026,4,Y,AL
CUST1010243,0,0,0,1,0,0,0,0,Y,N,N,6,2026,1,N,SA
CUST1010244,2,0,0,1,0,0,0,0,N,N,Y,6,2026,2,N,RD
CUST1010245,1,0,0,1,1,0,0,0,N,N,Y,6,2026,3,N,None
CUST1010246,0,2,0,1,0,0,1,0,N,N,N,6,2026,3,N,None
CUST1010247,2,0,0,1,2,0,0,0,Y,N,Y,6,2026,3,Y,AL
CUST1010248,0,0,0,1,0,2,0,0,N,N,Y,6,2026,2,Y,CC
CUST1010249,0,0,0,1,0,1,0,0,N,N,Y,6,2026,2,Y,SA
CUST1010250,0,2,0,1,0,0,0,1,N,N,Y,6,2026,3,Y,MF
CUST1010251,1,0,0,0,0,0,0,0,N,N,Y,6,2026,1,N,None
CUST1010252,0,0,0,1,0,0,0,0,Y,N,Y,6,2026,1,N,None
CUST1010253,0,2,0,1,0,0,1,0,N,N,Y,6,2026,3,N,None
CUST1010254,0,1,0,1,0,0,0,0,N,N,Y,6,2026,2,N,None
CUST1010255,0,0,0,1,0,2,0,0,N,N,N,6,2026,2,N,None
CUST1010256,0,2,0,1,0,0,0,0,N,N,N,6,2026,2,Y,AL
CUST1010257,0,0,0,1,1,1,0,0,N,N,Y,6,2026,3,Y,CC
CUST1010258,0,0,0,1,0,1,0,0,N,N,N,6,2026,2,N,None
CUST1010259,0,0,0,1,3,0,0,0,N,N,N,6,2026,2,Y,CC
CUST1010260,0,0,0,1,0,0,1,0,N,N,N,6,2026,2,Y,CC
CUST1010261,0,0,0,1,1,0,0,0,N,N,Y,6,2026,2,Y,RD
CUST1010262,0,2,0,1,0,0,0,0,N,N,N,6,2026,2,N,None
CUST1010263,2,2,0,1,0,0,0,0,N,N,N,6,2026,3,N,None
CUST1010264,0,1,0,1,0,0,0,0,N,N,N,6,2026,2,Y,HL
CUST1010265,0,2,0,1,0,0,0,0,N,N,N,6,2026,2,N,None
CUST1010266,0,0,0,1,0,1,0,0,N,N,N,6,2026,2,Y,AL
CUST1010267,1,0,0,1,3,0,0,0,N,N,Y,6,2026,3,N,None
CUST1010268,1,2,0,0,0,0,0,0,N,N,N,6,2026,2,N,None
CUST1010269,1,2,0,1,0,0,0,0,Y,N,N,6,2026,3,N,None
CUST1010270,0,2,0,1,0,1,0,0,N,N,N,6,2026,3,Y,PL
CUST1010271,0,0,0,1,0,1,0,0,N,N,Y,6,2026,2,N,None
CUST1010272,2,2,0,1,0,0,0,0,N,N,Y,6,2026,3,N,None
CUST1010273,0,0,0,1,1,0,1,0,N,N,N,6,2026,3,N,None
CUST1010274,0,1,0,1,0,0,1,0,N,N,Y,6,2026,3,N,None
CUST1010275,0,2,1,1,0,0,0,0,N,N,N,6,2026,3,N,None
CUST1010276,0,1,0,1,1,0,0,0,N,N,Y,6,2026,3,N,None
CUST1010277,1,0,0,0,0,2,0,0,N,N,N,6,2026,2,N,None
CUST1010278,1,0,1,1,0,0,0,0,Y,N,N,6,2026,3,Y,AL
CUST1010279,0,0,0,1,0,0,0,0,N,N,N,6,2026,1,N,None
CUST1010280,0,0,0,1,0,0,0,0,N,N,N,6,2026,1,N,None
CUST1010281,2,0,0,1,0,0,0,0,N,N,N,6,2026,2,N,None
CUST1010282,0,0,0,1,0,0,0,0,N,N,N,6,2026,1,Y,SA
CUST1010283,0,0,0,1,0,0,0,0,Y,N,Y,6,2026,1,N,None
CUST1010284,0,1,0,1,0,0,0,0,N,N,N,6,2026,2,N,None
CUST1010285,2,0,0,1,0,0,0,0,N,N,Y,6,2026,2,N,None
CUST1010286,0,0,0,1,0,0,0,1,N,N,N,6,2026,2,N,None
CUST1010287,1,1,0,1,0,0,0,0,N,N,Y,6,2026,3,Y,RD
CUST1010288,0,1,0,1,3,0,0,0,N,N,N,6,2026,3,Y,AL
CUST1010289,0,0,0,1,0,0,0,0,N,N,Y,6,2026,1,N,None
CUST1010290,2,2,0,1,0,0,0,0,Y,N,N,6,2026,3,N,CC
CUST1010291,0,0,0,1,0,0,0,0,N,N,Y,6,2026,1,N,None
CUST1010292,0,0,0,1,0,0,0,1,N,N,Y,6,2026,2,N,None
CUST1010293,0,0,0,1,0,0,0,0,N,Y,Y,6,2026,1,Y,RD
CUST1010294,0,2,0,1,0,0,0,0,N,Y,Y,6,2026,2,Y,SA
CUST1010295,0,0,0,1,0,0,0,0,N,N,Y,6,2026,1,Y,SA
CUST1010296,0,0,0,1,0,2,0,0,N,N,Y,6,2026,2,N,CC
CUST1010297,0,1,0,1,0,0,0,0,Y,N,Y,6,2026,2,Y,AL
CUST1010298,0,2,0,1,3,0,0,0,N,N,Y,6,2026,3,Y,RD
CUST1010299,0,0,0,1,0,0,0,0,Y,N,Y,6,2026,1,N,None
CUST1010300,0,2,0,1,0,0,0,0,Y,N,N,6,2026,2,N,None
CUST1010301,0,0,0,1,0,0,0,0,N,N,N,6,2026,1,N,HL
CUST1010302,0,0,0,1,0,1,0,0,N,N,Y,6,2026,2,N,None
CUST1010303,0,0,0,1,0,0,0,0,N,Y,N,6,2026,1,N,CC
CUST1010304,0,0,0,1,0,0,0,0,N,N,N,6,2026,1,Y,SA
CUST1010305,0,0,1,1,0,0,0,0,N,N,N,6,2026,2,N,None
CUST1010306,0,0,0,1,0,0,0,0,N,N,Y,6,2026,1,N,None
CUST1010307,0,1,0,1,0,1,0,0,N,N,Y,6,2026,3,Y,CC
CUST1010308,0,2,0,1,0,1,0,0,N,N,N,6,2026,3,Y,MF
CUST1010309,2,1,0,1,0,2,0,0,N,N,Y,6,2026,4,Y,PL
CUST1010310,0,1,0,1,0,2,0,0,N,Y,Y,6,2026,3,Y,PL
CUST1010311,0,0,0,1,0,0,0,0,N,N,N,6,2026,1,Y,MF
CUST1010312,0,2,0,1,0,1,1,0,N,N,N,6,2026,4,Y,HF
CUST1010313,0,2,0,1,0,1,0,0,N,N,N,6,2026,3,N,CC
CUST1010314,0,0,0,1,2,0,0,0,N,N,Y,6,2026,2,N,None
CUST1010315,2,0,0,1,0,2,0,1,N,N,Y,6,2026,4,Y,MF
CUST1010316,0,0,0,0,3,0,0,0,Y,N,Y,6,2026,1,N,None
CUST1010317,0,0,0,1,0,0,0,0,N,N,Y,6,2026,1,N,None
CUST1010318,0,0,0,1,0,0,0,0,N,N,Y,6,2026,1,N,None
CUST1010319,2,0,1,1,0,0,0,0,N,N,Y,6,2026,3,N,None
CUST1010320,0,0,0,1,0,2,0,0,N,N,N,6,2026,2,Y,CC
CUST1010321,0,0,0,1,0,2,0,0,N,N,N,6,2026,2,N,None
CUST1010322,0,2,0,1,0,2,0,0,N,N,N,6,2026,3,N,None
CUST1010323,0,0,0,1,2,0,0,1,N,N,N,6,2026,3,Y,CC
CUST1010324,0,2,0,1,0,0,0,0,N,N,N,6,2026,2,N,None
CUST1010325,0,1,0,1,0,0,0,0,N,N,Y,6,2026,2,Y,PL
CUST1010326,0,0,0,1,0,0,0,0,N,N,N,6,2026,1,N,None
CUST1010327,0,0,0,1,0,0,0,0,Y,N,N,6,2026,1,N,None
CUST1010328,1,2,0,1,0,0,0,0,N,N,Y,6,2026,3,N,None
CUST1010329,0,0,0,1,2,1,0,0,N,N,N,6,2026,3,N,None
CUST1010330,0,0,0,1,3,0,0,0,N,N,Y,6,2026,2,N,None
CUST1010331,0,0,0,1,0,1,0,0,Y,N,Y,6,2026,2,Y,AL
CUST1010332,2,0,0,1,0,0,0,0,N,N,N,6,2026,2,Y,AL
CUST1010333,0,1,0,1,0,2,1,0,N,N,N,6,2026,4,N,None
CUST1010334,2,1,0,1,0,1,0,0,N,N,N,6,2026,4,Y,PL
CUST1010335,0,1,0,1,1,2,0,0,Y,N,N,6,2026,4,N,CC
CUST1010336,1,0,0,0,0,0,0,0,N,N,N,6,2026,1,N,None
CUST1010337,0,1,0,1,2,2,0,1,N,N,Y,6,2026,5,Y,PL
CUST1010338,1,2,0,1,0,1,0,1,Y,N,Y,6,2026,5,Y,AL
CUST1010339,0,0,0,1,0,0,0,0,N,N,N,6,2026,1,N,None
CUST1010340,0,1,0,1,0,0,1,0,N,N,Y,6,2026,3,Y,HF
CUST1010341,0,0,0,1,0,0,0,0,N,N,N,6,2026,1,N,SA
CUST1010342,0,2,0,1,0,1,0,0,Y,Y,Y,6,2026,3,N,None
CUST1010343,0,2,0,1,0,0,0,0,N,N,Y,6,2026,2,N,None
CUST1010344,0,0,0,1,0,2,0,0,N,N,N,6,2026,2,Y,AL
CUST1010345,0,2,0,1,0,0,0,0,N,N,Y,6,2026,2,Y,HL
CUST1010346,0,0,0,1,0,2,0,0,N,N,Y,6,2026,2,Y,HF
CUST1010347,0,0,0,1,0,1,0,0,N,N,N,6,2026,2,N,None
CUST1010348,0,0,0,0,0,0,0,0,N,N,N,6,2026,0,N,None
CUST1010349,0,1,1,1,0,0,0,0,N,N,Y,6,2026,3,N,None
CUST1010350,0,0,0,1,0,1,0,0,N,N,N,6,2026,2,Y,MF
CUST1010351,0,0,0,1,0,0,0,0,N,N,Y,6,2026,1,N,None
CUST1010352,0,0,0,1,0,0,0,1,N,N,N,6,2026,2,N,None
CUST1010353,0,1,0,1,0,0,0,0,N,N,Y,6,2026,2,N,None
CUST1010354,2,1,0,1,0,0,1,0,N,N,Y,6,2026,4,Y,CC
CUST1010355,0,1,0,1,0,0,0,0,N,N,N,6,2026,2,N,None
CUST1010356,0,0,0,1,0,0,0,0,Y,N,Y,6,2026,1,N,RD
CUST1010357,0,0,0,1,2,2,1,0,N,N,Y,6,2026,4,Y,SA
CUST1010358,0,0,0,1,0,1,0,0,N,N,Y,6,2026,2,Y,SA
CUST1010359,0,0,0,1,0,0,0,0,N,N,Y,6,2026,1,Y,CC
CUST1010360,0,1,0,1,0,0,0,0,N,N,Y,6,2026,2,N,None
CUST1010361,0,0,0,0,0,2,0,0,N,N,N,6,2026,1,N,None
CUST1010362,2,0,0,1,3,1,0,0,N,N,N,6,2026,4,N,None
CUST1010363,0,0,0,1,0,0,0,0,N,N,Y,6,2026,1,N,None
CUST1010364,0,0,0,1,0,2,0,0,N,N,Y,6,2026,2,N,SA
CUST1010365,0,2,0,1,0,0,0,0,N,N,Y,6,2026,2,N,None
CUST1010366,0,2,0,0,0,0,0,0,N,N,Y,6,2026,1,N,CC
CUST1010367,0,0,0,1,0,0,0,0,N,N,Y,6,2026,1,Y,CC
CUST1010368,0,0,0,1,0,0,0,1,N,N,Y,6,2026,2,Y,CC
CUST1010369,0,1,0,1,3,0,0,0,N,N,Y,6,2026,3,Y,SA
CUST1010370,0,0,0,1,0,0,0,1,N,N,Y,6,2026,2,Y,SA
CUST1010371,2,0,0,1,3,0,0,0,N,N,N,6,2026,3,N,None
CUST1010372,0,0,1,1,0,0,0,0,N,N,N,6,2026,2,Y,RD
CUST1010373,0,2,0,1,0,2,0,1,N,N,Y,6,2026,4,Y,PL
CUST1010374,0,0,0,1,0,0,0,0,Y,N,N,6,2026,1,N,None
CUST1010375,0,1,0,1,0,2,0,1,N,Y,N,6,2026,4,N,None
CUST1010376,2,1,0,1,0,0,0,0,N,N,N,6,2026,3,N,None
CUST1010377,0,0,0,1,0,0,0,0,N,N,N,6,2026,1,N,None
CUST1010378,2,0,0,1,0,0,0,0,N,N,N,6,2026,2,N,CC
CUST1010379,0,2,0,1,2,2,0,1,Y,N,Y,6,2026,5,Y,HL
CUST1010380,1,1,0,1,0,0,0,0,Y,N,Y,6,2026,3,Y,SA
CUST1010381,0,0,0,1,0,2,1,0,N,N,N,6,2026,3,Y,CC
CUST1010382,1,0,1,1,0,0,0,0,N,N,N,6,2026,3,Y,RD
CUST1010383,0,2,0,1,2,0,0,0,N,Y,N,6,2026,3,N,None
CUST1010384,0,2,0,0,0,0,0,0,Y,N,N,6,2026,1,Y,CC
CUST1010385,0,0,0,1,0,0,0,0,N,N,Y,6,2026,1,N,AL
CUST1010386,0,0,0,1,1,1,0,0,N,N,Y,6,2026,3,N,AL
CUST1010387,0,0,0,1,0,0,0,1,N,N,N,6,2026,2,Y,SA
CUST1010388,0,0,0,0,2,0,0,1,N,N,Y,6,2026,2,Y,SA
CUST1010389,0,0,0,1,0,0,0,0,N,N,N,6,2026,1,N,None
CUST1010390,0,0,0,1,0,0,0,0,N,N,Y,6,2026,1,N,None
CUST1010391,0,0,0,1,0,0,0,0,N,N,N,6,2026,1,Y,SA
CUST1010392,0,0,0,1,0,2,0,0,N,N,Y,6,2026,2,Y,AL
CUST1010393,2,1,0,0,0,1,0,0,Y,N,N,6,2026,3,N,CC
CUST1010394,1,0,0,1,0,0,0,0,N,N,N,6,2026,2,N,None
CUST1010395,1,0,0,1,0,0,0,0,N,N,N,6,2026,2,Y,AL
CUST1010396,0,0,0,1,2,0,0,0,Y,N,N,6,2026,2,Y,AL
CUST1010397,0,0,0,1,0,0,0,0,N,N,Y,6,2026,1,N,None
CUST1010398,0,2,0,1,0,0,0,0,N,N,N,6,2026,2,N,None
CUST1010399,2,0,0,0,2,0,0,0,N,N,Y,6,2026,2,Y,CC
CUST1010400,0,0,0,1,0,0,0,0,N,N,Y,6,2026,1,N,None
CUST1010401,0,0,0,1,3,0,0,0,N,N,N,6,2026,2,N,None
CUST1010402,0,0,0,1,0,1,0,1,Y,Y,Y,6,2026,3,N,PL
CUST1010403,0,0,0,1,0,0,1,0,N,N,Y,6,2026,2,Y,RD
CUST1010404,0,0,0,1,0,2,0,1,N,N,Y,6,2026,3,N,CC
CUST1010405,0,0,0,1,0,2,0,0,Y,N,Y,6,2026,2,N,None
CUST1010406,2,0,0,1,0,1,0,0,N,N,Y,6,2026,3,N,None
CUST1010407,0,0,0,0,2,0,0,0,N,N,Y,6,2026,1,Y,PL
CUST1010408,0,1,0,1,0,0,0,0,Y,N,N,6,2026,2,N,None
CUST1010409,0,0,0,1,1,0,0,0,N,N,Y,6,2026,2,Y,CC
CUST1010410,0,0,0,1,0,1,0,0,N,N,N,6,2026,2,Y,MF
CUST1010411,1,0,0,1,0,1,0,0,N,N,Y,6,2026,3,N,None
CUST1010412,1,0,0,1,0,0,0,0,N,N,N,6,2026,2,N,None
CUST1010413,0,1,0,1,1,1,0,0,N,N,Y,6,2026,4,N,PL
CUST1010414,0,2,0,1,0,0,0,0,N,N,Y,6,2026,2,Y,CC
CUST1010415,0,0,0,1,0,0,0,0,N,N,Y,6,2026,1,N,None
CUST1010416,0,0,0,1,0,2,0,0,Y,N,N,6,2026,2,Y,MF
CUST1010417,0,1,0,1,0,0,0,0,N,N,Y,6,2026,2,N,None
CUST1010418,0,0,0,1,0,0,0,0,N,N,Y,6,2026,1,N,None
CUST1010419,0,1,0,0,0,0,0,0,N,N,Y,6,2026,1,N,None
CUST1010420,0,1,0,1,0,0,0,0,N,N,Y,6,2026,2,Y,RD
CUST1010421,0,1,1,1,0,0,0,0,Y,N,N,6,2026,3,N,None
CUST1010422,2,0,0,1,0,0,0,0,N,N,N,6,2026,2,Y,CC
CUST1010423,1,0,0,1,0,0,0,1,Y,N,Y,6,2026,3,N,None
CUST1010424,1,0,0,1,0,0,0,0,N,N,N,6,2026,2,N,None
CUST1010425,0,0,0,1,0,2,0,0,N,N,N,6,2026,2,Y,SA
CUST1010426,0,2,0,0,0,1,1,0,N,N,N,6,2026,3,N,None
CUST1010427,0,0,0,1,2,0,0,0,N,N,N,6,2026,2,N,None
CUST1010428,0,0,0,1,0,0,0,0,N,N,Y,6,2026,1,N,None
CUST1010429,0,2,0,1,0,0,0,0,N,N,Y,6,2026,2,Y,CC
CUST1010430,0,2,0,1,0,0,0,0,N,N,Y,6,2026,2,Y,AL
CUST1010431,2,0,0,1,0,0,0,0,N,N,N,6,2026,2,Y,PL
CUST1010432,1,0,0,1,0,0,0,0,N,N,Y,6,2026,2,Y,RD
CUST1010433,0,0,0,0,0,0,1,0,Y,N,Y,6,2026,1,Y,CC
CUST1010434,0,0,0,1,0,0,1,0,N,N,Y,6,2026,2,N,None
CUST1010435,2,0,0,1,0,0,0,1,N,N,N,6,2026,3,N,None
CUST1010436,0,0,0,1,0,0,0,0,N,N,N,6,2026,1,N,None
CUST1010437,0,2,0,1,0,0,0,0,N,N,N,6,2026,2,Y,MF
CUST1010438,1,1,0,1,2,0,0,0,N,N,N,6,2026,4,N,None
CUST1010439,0,0,0,1,0,1,0,1,N,N,Y,6,2026,3,Y,RD
CUST1010440,0,0,0,1,0,0,0,0,N,N,Y,6,2026,1,Y,MF
CUST1010441,0,0,0,1,0,0,0,0,N,N,Y,6,2026,1,N,None
CUST1010442,0,1,0,1,0,0,0,0,N,N,Y,6,2026,2,N,None
CUST1010443,1,2,0,1,0,0,0,0,N,N,Y,6,2026,3,Y,MF
CUST1010444,0,0,0,1,0,0,0,0,Y,N,N,6,2026,1,Y,PL
CUST1010445,0,1,0,1,0,0,0,0,Y,N,Y,6,2026,2,N,HL
CUST1010446,0,0,0,1,3,0,0,0,N,N,Y,6,2026,2,N,None
CUST1010447,0,0,0,1,0,0,0,0,Y,N,Y,6,2026,1,Y,CC
CUST1010448,0,0,0,1,0,0,0,0,N,N,Y,6,2026,1,N,None
CUST1010449,0,1,0,1,0,1,0,0,N,N,N,6,2026,3,Y,HF
CUST1010450,0,1,0,1,0,0,0,0,N,N,Y,6,2026,2,N,None
CUST1010451,1,0,0,1,2,0,0,0,N,N,Y,6,2026,3,N,None
CUST1010452,0,0,0,1,0,0,0,0,N,N,Y,6,2026,1,Y,MF
CUST1010453,0,0,0,1,0,0,0,0,N,N,Y,6,2026,1,N,None
CUST1010454,0,1,0,1,0,0,0,0,N,N,N,6,2026,2,N,None
CUST1010455,0,2,0,1,0,1,0,0,N,N,Y,6,2026,3,N,None
CUST1010456,0,0,0,1,0,0,0,0,N,N,Y,6,2026,1,Y,SA
CUST1010457,2,2,0,1,0,1,0,0,N,Y,N,6,2026,4,N,HF
CUST1010458,0,2,1,1,0,0,0,0,N,N,N,6,2026,3,N,None
CUST1010459,0,0,0,1,3,0,0,1,N,N,Y,6,2026,3,N,None
CUST1010460,0,2,0,1,0,0,0,1,N,N,Y,6,2026,3,N,None
CUST1010461,0,0,0,1,0,2,0,0,N,N,N,6,2026,2,Y,AL
CUST1010462,0,2,0,1,0,2,0,0,N,N,Y,6,2026,3,Y,CC
CUST1010463,0,2,0,1,0,2,0,0,N,N,Y,6,2026,3,N,None
CUST1010464,0,1,0,1,0,0,0,0,N,N,Y,6,2026,2,Y,CC
CUST1010465,0,0,0,1,1,0,0,1,N,N,N,6,2026,3,Y,CC
CUST1010466,0,0,0,1,0,0,0,0,N,N,Y,6,2026,1,Y,PL
CUST1010467,1,0,0,1,1,0,0,0,N,N,N,6,2026,3,N,None
CUST1010468,0,0,0,1,0,0,0,0,N,N,N,6,2026,1,N,None
CUST1010469,0,0,0,1,0,2,0,0,N,N,Y,6,2026,2,Y,AL
CUST1010470,0,0,0,1,2,0,0,0,N,N,N,6,2026,2,Y,RD
CUST1010471,0,0,0,1,0,0,0,0,N,N,N,6,2026,1,N,None
CUST1010472,0,0,0,1,0,1,0,0,N,N,N,6,2026,2,Y,SA
CUST1010473,0,0,0,1,0,0,0,0,N,N,N,6,2026,1,Y,HL
CUST1010474,0,0,0,1,0,1,0,0,Y,N,Y,6,2026,2,Y,SA
CUST1010475,0,0,0,1,0,0,0,0,N,N,N,6,2026,1,Y,HL
CUST1010476,0,0,0,1,0,0,1,0,Y,N,Y,6,2026,2,N,None
CUST1010477,0,0,0,1,0,0,0,0,N,N,Y,6,2026,1,N,None
CUST1010478,0,2,0,1,0,0,0,0,N,N,Y,6,2026,2,N,None
CUST1010479,0,2,0,1,0,0,1,1,N,N,N,6,2026,4,Y,MF
CUST1010480,0,1,0,1,0,0,0,0,N,N,Y,6,2026,2,N,None
CUST1010481,0,0,0,1,0,0,1,0,N,N,Y,6,2026,2,Y,CC
CUST1010482,2,0,0,1,3,0,0,0,N,N,Y,6,2026,3,Y,AL
CUST1010483,0,0,0,1,0,0,0,0,N,N,Y,6,2026,1,N,None
CUST1010484,0,2,0,1,0,0,0,0,N,N,Y,6,2026,2,N,None
CUST1010485,0,2,0,1,0,0,0,0,N,N,Y,6,2026,2,Y,HF
CUST1010486,0,1,0,1,0,0,0,0,N,N,N,6,2026,2,N,RD
CUST1010487,0,0,1,1,0,0,0,0,N,N,Y,6,2026,2,N,None
CUST1010488,0,0,0,1,0,0,0,0,N,N,Y,6,2026,1,N,None
CUST1010489,0,0,0,1,3,0,0,0,N,N,Y,6,2026,2,N,None
CUST1010490,0,1,0,1,3,0,0,0,N,N,Y,6,2026,3,N,None
CUST1010491,0,0,0,1,0,2,0,0,N,N,Y,6,2026,2,N,None
CUST1010492,0,0,0,1,0,2,0,0,N,N,Y,6,2026,2,Y,RD
CUST1010493,1,1,0,0,0,0,0,1,N,N,N,6,2026,3,N,CC
CUST1010494,0,1,0,1,0,2,0,0,Y,N,N,6,2026,3,Y,RD
CUST1010495,0,0,0,1,0,0,0,0,Y,N,N,6,2026,1,N,None
CUST1010496,0,0,0,1,0,0,0,0,N,N,N,6,2026,1,N,None
CUST1010497,1,0,0,1,0,0,0,0,N,N,N,6,2026,2,N,CC
CUST1010498,0,0,0,1,0,0,0,0,N,N,N,6,2026,1,N,CC
CUST1010499,2,2,0,1,0,0,0,0,N,N,Y,6,2026,3,N,None
CUST1010500,0,2,0,1,0,0,0,0,N,N,N,6,2026,2,N,None
CUST1010501,0,2,0,1,0,0,0,0,N,N,Y,6,2026,2,Y,HL
CUST1010502,0,0,0,1,0,0,0,0,N,N,N,6,2026,1,Y,AL
CUST1010503,0,0,1,1,3,0,0,0,N,Y,Y,6,2026,3,N,None
CUST1010504,0,0,0,1,0,1,0,0,N,N,Y,6,2026,2,N,CC
CUST1010505,0,0,0,1,3,0,1,0,N,N,Y,6,2026,3,N,None
CUST1010506,0,0,0,1,0,0,1,0,Y,N,Y,6,2026,2,N,None
CUST1010507,0,0,0,1,0,0,0,0,N,N,N,6,2026,1,N,SA
CUST1010508,0,0,0,1,0,0,1,0,N,N,Y,6,2026,2,N,None
CUST1010509,0,0,0,1,0,0,0,1,Y,N,Y,6,2026,2,N,None
CUST1010510,0,1,0,1,0,2,0,0,N,N,N,6,2026,3,N,None
CUST1010511,0,0,0,1,0,0,0,0,N,N,Y,6,2026,1,N,None
CUST1010512,0,1,0,0,0,0,0,0,N,N,Y,6,2026,1,Y,RD
CUST1010513,0,0,1,1,0,0,0,0,N,N,N,6,2026,2,N,None
CUST1010514,0,0,0,1,0,0,1,0,N,N,N,6,2026,2,N,None
CUST1010515,0,0,0,1,1,1,0,0,N,N,Y,6,2026,3,Y,CC
CUST1010516,0,0,0,1,0,0,0,0,N,N,N,6,2026,1,N,None
CUST1010517,0,0,0,1,0,0,0,0,N,N,N,6,2026,1,N,RD
CUST1010518,0,0,0,1,0,0,0,0,N,N,N,6,2026,1,Y,MF
CUST1010519,0,2,0,1,0,2,0,0,N,N,Y,6,2026,3,Y,PL
CUST1010520,0,1,0,1,1,0,0,1,Y,N,N,6,2026,4,N,None
CUST1010521,0,0,0,1,3,1,1,0,N,Y,N,6,2026,4,N,None
CUST1010522,0,0,0,1,0,0,0,0,N,N,Y,6,2026,1,N,None
CUST1010523,0,0,0,1,0,1,0,0,N,N,Y,6,2026,2,Y,RD
CUST1010524,0,1,0,1,0,0,0,0,N,N,Y,6,2026,2,Y,SA
CUST1010525,0,0,0,1,3,1,0,0,N,N,N,6,2026,3,N,None
CUST1010526,0,0,0,1,1,0,0,1,N,N,Y,6,2026,3,N,None
CUST1010527,0,2,0,1,0,0,0,1,N,Y,N,6,2026,3,N,None
CUST1010528,0,0,0,1,0,0,0,0,N,N,N,6,2026,1,Y,CC
CUST1010529,0,0,0,1,0,0,0,0,N,N,N,6,2026,1,N,None
CUST1010530,0,1,0,1,0,0,0,0,N,N,N,6,2026,2,N,None
CUST1010531,0,0,0,1,0,0,0,0,N,N,Y,6,2026,1,N,None
CUST1010532,0,0,0,1,0,0,0,0,N,Y,N,6,2026,1,Y,SA
CUST1010533,0,0,0,1,0,1,0,0,N,N,Y,6,2026,2,N,None
CUST1010534,0,0,0,1,3,0,1,0,N,N,Y,6,2026,3,Y,CC
CUST1010535,0,0,0,1,3,0,0,0,N,N,Y,6,2026,2,Y,RD
CUST1010536,0,0,0,0,0,2,0,0,N,N,Y,6,2026,1,N,RD
CUST1010537,2,1,0,1,0,0,0,0,Y,Y,Y,6,2026,3,N,None
CUST1010538,0,1,1,1,1,2,0,0,Y,N,Y,6,2026,5,N,None
CUST1010539,0,0,0,1,0,0,0,1,N,N,Y,6,2026,2,Y,SA
CUST1010540,0,2,0,1,0,0,0,0,N,N,Y,6,2026,2,N,None
CUST1010541,2,1,0,1,0,0,0,0,N,N,Y,6,2026,3,N,None
CUST1010542,1,2,0,1,0,0,0,1,N,N,N,6,2026,4,N,None
CUST1010543,0,1,0,1,0,0,0,1,Y,N,Y,6,2026,3,N,MF
CUST1010544,0,0,0,1,0,0,0,0,N,N,N,6,2026,1,N,None
CUST1010545,0,0,0,1,0,0,0,0,N,N,Y,6,2026,1,Y,RD
CUST1010546,0,0,0,1,0,2,0,0,N,N,Y,6,2026,2,N,None
CUST1010547,0,0,0,1,0,0,1,1,N,N,N,6,2026,3,Y,RD
CUST1010548,0,1,0,0,3,0,0,0,N,N,Y,6,2026,2,Y,RD
CUST1010549,0,0,0,1,0,0,0,1,Y,N,N,6,2026,2,N,None
CUST1010550,0,0,0,1,0,0,0,0,N,N,Y,6,2026,1,N,None
CUST1010551,0,0,0,1,0,0,0,0,N,N,Y,6,2026,1,N,None
CUST1010552,0,2,0,1,0,0,0,0,Y,N,Y,6,2026,2,N,SA
CUST1010553,0,1,0,1,0,1,0,0,Y,N,Y,6,2026,3,N,None
CUST1010554,0,2,0,1,0,1,0,0,N,Y,Y,6,2026,3,N,HL
CUST1010555,0,0,0,1,0,0,0,0,N,N,Y,6,2026,1,N,None
CUST1010556,0,2,0,1,0,0,1,0,N,N,Y,6,2026,3,Y,RD
CUST1010557,0,1,0,1,0,2,0,0,N,Y,Y,6,2026,3,N,None
CUST1010558,0,0,0,1,0,0,0,0,N,N,Y,6,2026,1,N,SA
CUST1010559,0,1,0,1,0,0,0,0,N,N,Y,6,2026,2,N,None
CUST1010560,0,0,1,1,0,0,0,0,N,N,N,6,2026,2,Y,HF
CUST1010561,0,0,0,1,0,0,1,0,N,N,N,6,2026,2,N,None
CUST1010562,1,2,0,0,3,1,0,0,N,N,Y,6,2026,4,Y,MF
CUST1010563,0,1,0,1,2,1,0,0,N,N,Y,6,2026,4,Y,AL
CUST1010564,1,2,0,1,0,0,0,0,N,N,Y,6,2026,3,Y,HF
CUST1010565,0,1,0,1,0,0,0,1,Y,Y,N,6,2026,3,Y,PL
CUST1010566,0,0,0,1,0,1,0,0,N,N,Y,6,2026,2,N,None
CUST1010567,0,0,0,1,0,0,0,0,N,N,N,6,2026,1,Y,RD
CUST1010568,0,0,0,1,1,0,0,0,N,N,Y,6,2026,2,Y,SA
CUST1010569,0,1,0,1,0,0,0,1,N,N,Y,6,2026,3,Y,MF
CUST1010570,2,2,0,1,0,0,1,0,N,N,N,6,2026,4,N,None
CUST1010571,0,0,0,1,0,0,0,0,N,N,Y,6,2026,1,N,AL
CUST1010572,0,0,0,1,0,0,0,0,N,N,N,6,2026,1,N,None
CUST1010573,0,0,0,1,0,0,0,0,N,N,N,6,2026,1,N,None
CUST1010574,2,0,0,1,2,0,0,0,N,N,Y,6,2026,3,N,None
CUST1010575,0,1,0,1,0,0,0,1,N,N,Y,6,2026,3,N,None
CUST1010576,0,2,0,1,0,0,1,1,N,N,Y,6,2026,4,Y,MF
CUST1010577,0,1,0,1,0,0,0,0,N,N,Y,6,2026,2,Y,CC
CUST1010578,0,1,0,1,2,2,0,0,N,N,Y,6,2026,4,N,None
CUST1010579,0,2,0,1,1,0,0,0,N,N,N,6,2026,3,N,None
CUST1010580,0,2,0,1,0,0,0,0,N,N,Y,6,2026,2,N,None
CUST1010581,0,0,1,1,0,0,1,0,Y,Y,N,6,2026,3,N,None
CUST1010582,0,0,1,0,0,0,0,0,N,N,Y,6,2026,1,N,None
CUST1010583,0,0,0,1,1,1,0,0,N,N,Y,6,2026,3,Y,PL
CUST1010584,0,0,0,1,3,0,0,1,N,N,N,6,2026,3,N,MF
CUST1010585,2,0,0,0,1,1,1,0,Y,N,N,6,2026,4,Y,RD
CUST1010586,0,0,0,0,1,2,1,0,N,Y,Y,6,2026,3,N,None
CUST1010587,2,1,1,1,1,1,0,0,Y,N,N,6,2026,6,Y,AL
CUST1010588,0,0,0,1,0,0,1,0,N,N,Y,6,2026,2,Y,HL
CUST1010589,0,0,0,1,0,1,0,0,N,N,Y,6,2026,2,Y,CC
CUST1010590,0,0,0,1,0,1,0,0,N,N,Y,6,2026,2,N,None
CUST1010591,0,2,0,1,3,0,0,0,N,Y,N,6,2026,3,N,None
CUST1010592,0,1,0,1,0,1,0,0,N,N,Y,6,2026,3,Y,RD
CUST1010593,0,2,0,1,0,0,0,0,N,N,N,6,2026,2,Y,AL
CUST1010594,2,0,0,1,2,2,0,0,Y,N,N,6,2026,4,Y,CC
CUST1010595,0,2,0,1,2,0,0,0,N,N,Y,6,2026,3,N,None
CUST1010596,0,2,0,1,0,2,0,1,N,N,N,6,2026,4,N,None
CUST1010597,0,0,0,1,0,0,0,0,N,N,Y,6,2026,1,N,None
CUST1010598,0,0,0,1,0,0,0,0,N,N,N,6,2026,1,Y,RD
CUST1010599,0,2,0,1,0,2,0,0,N,N,Y,6,2026,3,N,None
CUST1010600,0,0,0,1,0,0,0,0,N,N,Y,6,2026,1,Y,MF
CUST1010601,0,1,0,1,0,0,0,0,N,N,N,6,2026,2,N,None
CUST1010602,1,0,0,1,2,0,0,0,N,N,Y,6,2026,3,Y,AL
CUST1010603,0,0,0,1,0,0,0,0,N,N,Y,6,2026,1,N,None
CUST1010604,0,1,0,1,0,0,0,0,N,N,Y,6,2026,2,Y,HL
CUST1010605,0,2,0,1,0,0,0,0,Y,N,N,6,2026,2,N,None
CUST1010606,0,0,0,1,0,2,0,0,N,N,N,6,2026,2,N,None
CUST1010607,0,0,0,1,0,2,0,0,N,N,N,6,2026,2,N,None
CUST1010608,0,1,0,1,0,1,1,0,N,N,Y,6,2026,4,N,None
CUST1010609,1,2,0,1,0,0,0,0,N,N,Y,6,2026,3,N,MF
CUST1010610,2,1,0,1,0,0,0,1,N,N,Y,6,2026,4,N,None
CUST1010611,1,0,0,1,0,0,0,0,N,N,Y,6,2026,2,N,None
CUST1010612,1,0,0,1,0,0,0,0,Y,N,N,6,2026,2,N,None
CUST1010613,0,0,0,1,1,0,0,1,N,N,Y,6,2026,3,N,MF
CUST1010614,0,0,0,1,0,0,0,0,N,N,Y,6,2026,1,Y,PL
CUST1010615,0,0,0,1,0,0,0,0,N,N,N,6,2026,1,Y,SA
CUST1010616,0,0,0,1,0,0,0,0,N,N,N,6,2026,1,N,SA
CUST1010617,1,1,0,1,0,0,1,0,N,Y,Y,6,2026,4,Y,RD
CUST1010618,1,2,0,1,0,0,0,0,N,N,Y,6,2026,3,Y,SA
CUST1010619,0,0,0,1,0,1,0,0,N,N,Y,6,2026,2,N,MF
CUST1010620,0,1,0,0,2,0,0,0,N,N,Y,6,2026,2,N,None
CUST1010621,0,0,0,1,0,0,0,0,N,N,N,6,2026,1,Y,RD
CUST1010622,0,0,0,1,0,0,0,1,N,N,N,6,2026,2,N,None
CUST1010623,0,0,0,1,0,0,0,0,Y,N,N,6,2026,1,N,None
CUST1010624,0,1,0,1,0,0,0,0,N,N,Y,6,2026,2,Y,HL
CUST1010625,0,2,0,1,0,2,0,0,N,N,Y,6,2026,3,N,None
CUST1010626,0,0,0,1,0,1,0,0,N,N,Y,6,2026,2,N,None
CUST1010627,0,1,0,1,0,0,0,0,N,N,N,6,2026,2,N,None
CUST1010628,0,0,0,0,0,0,0,0,N,N,Y,6,2026,0,N,CC
CUST1010629,0,2,0,1,0,0,0,1,N,N,Y,6,2026,3,N,None
CUST1010630,2,0,0,1,0,0,0,0,N,N,N,6,2026,2,N,RD
CUST1010631,0,0,0,1,0,0,0,0,N,N,Y,6,2026,1,Y,SA
CUST1010632,0,0,0,1,3,0,1,0,N,N,N,6,2026,3,N,None
CUST1010633,0,1,0,1,1,0,0,0,Y,N,Y,6,2026,3,Y,HF
CUST1010634,0,1,0,1,2,1,0,1,N,N,N,6,2026,5,Y,PL
CUST1010635,0,1,0,1,2,0,0,0,Y,N,N,6,2026,3,Y,AL
CUST1010636,0,0,0,1,0,0,0,0,N,N,Y,6,2026,1,N,None
CUST1010637,1,2,0,1,0,1,0,0,N,N,N,6,2026,4,N,AL
CUST1010638,0,2,0,1,0,0,0,0,N,N,Y,6,2026,2,Y,PL
CUST1010639,2,1,0,1,0,2,1,0,Y,N,N,6,2026,5,Y,CC
CUST1010640,0,0,0,1,2,1,0,0,N,N,Y,6,2026,3,Y,PL
CUST1010641,0,1,1,1,0,2,1,0,Y,N,Y,6,2026,5,N,None
CUST1010642,0,0,0,1,0,1,0,0,N,N,N,6,2026,2,Y,SA
CUST1010643,1,0,0,1,0,0,0,0,N,N,Y,6,2026,2,N,None
CUST1010644,0,0,0,1,0,1,0,0,N,N,Y,6,2026,2,Y,MF
CUST1010645,0,0,0,1,0,0,0,1,N,Y,N,6,2026,2,N,None
CUST1010646,0,0,0,1,0,0,0,0,N,N,Y,6,2026,1,Y,SA
CUST1010647,2,1,0,1,0,1,0,0,N,N,Y,6,2026,4,N,None
CUST1010648,2,0,0,1,1,0,0,0,Y,N,N,6,2026,3,Y,CC
CUST1010649,0,0,0,1,3,2,0,1,Y,N,N,6,2026,4,N,None
CUST1010650,0,0,0,0,2,0,0,0,N,N,Y,6,2026,1,N,HF
CUST1010651,0,0,0,1,0,2,0,0,Y,N,N,6,2026,2,Y,AL
CUST1010652,0,0,0,0,3,0,1,0,N,N,Y,6,2026,2,N,None
CUST1010653,0,0,0,1,0,2,0,0,N,N,Y,6,2026,2,N,None
CUST1010654,0,0,0,1,0,0,0,0,N,N,Y,6,2026,1,N,None
CUST1010655,0,1,0,1,3,0,0,0,N,N,N,6,2026,3,N,None
CUST1010656,0,1,0,1,1,0,0,0,N,N,Y,6,2026,3,Y,MF
CUST1010657,0,2,0,1,3,1,0,0,N,N,Y,6,2026,4,N,None
CUST1010658,0,1,0,1,0,0,0,0,N,N,Y,6,2026,2,N,None
CUST1010659,0,0,0,1,2,0,1,0,N,N,Y,6,2026,3,Y,SA
CUST1010660,0,2,0,1,0,1,0,0,N,N,Y,6,2026,3,N,None
CUST1010661,0,1,0,1,0,2,0,1,N,N,N,6,2026,4,N,None
CUST1010662,0,1,0,1,1,0,1,0,N,N,N,6,2026,4,Y,SA
CUST1010663,0,0,0,1,0,0,0,0,N,N,N,6,2026,1,Y,AL
CUST1010664,0,1,0,0,0,0,0,0,Y,N,N,6,2026,1,Y,AL
CUST1010665,0,1,0,1,0,2,0,1,N,N,N,6,2026,4,Y,HF
CUST1010666,0,0,0,1,0,2,0,1,N,N,N,6,2026,3,N,AL
CUST1010667,0,1,0,1,1,0,0,0,N,N,Y,6,2026,3,N,None
CUST1010668,0,0,0,1,1,0,0,0,N,N,N,6,2026,2,Y,CC
CUST1010669,0,0,0,1,3,2,0,0,N,Y,N,6,2026,3,N,None
CUST1010670,0,1,0,1,0,2,0,0,N,Y,Y,6,2026,3,Y,HF
CUST1010671,0,1,0,1,0,0,0,0,N,N,Y,6,2026,2,N,None
CUST1010672,0,2,0,1,0,0,0,0,N,N,N,6,2026,2,N,None
CUST1010673,0,2,0,1,0,0,0,1,N,N,Y,6,2026,3,Y,CC
CUST1010674,0,0,0,1,0,0,0,0,N,N,N,6,2026,1,Y,CC
CUST1010675,0,0,0,1,0,2,0,0,N,N,Y,6,2026,2,Y,CC
CUST1010676,0,0,0,1,0,0,0,0,N,N,Y,6,2026,1,N,None
CUST1010677,0,0,1,1,0,2,1,0,N,N,N,6,2026,4,Y,RD
CUST1010678,0,1,0,1,2,0,0,0,Y,N,N,6,2026,3,Y,AL
CUST1010679,0,0,0,1,0,2,0,0,N,N,N,6,2026,2,N,None
CUST1010680,0,0,0,1,0,0,0,1,N,N,N,6,2026,2,N,None
CUST1010681,2,1,0,1,0,0,0,0,N,N,Y,6,2026,3,N,None
CUST1010682,0,0,0,1,0,0,0,1,N,N,N,6,2026,2,N,None
CUST1010683,0,2,0,1,0,0,0,0,N,N,Y,6,2026,2,Y,SA
CUST1010684,2,0,0,1,0,2,0,0,N,N,Y,6,2026,3,N,None
CUST1010685,0,0,0,1,0,0,0,0,N,N,Y,6,2026,1,Y,CC
CUST1010686,1,0,0,1,0,2,1,0,N,N,Y,6,2026,4,N,None
CUST1010687,0,2,0,1,0,0,0,1,N,N,N,6,2026,3,N,None
CUST1010688,1,0,0,1,0,0,0,0,N,N,Y,6,2026,2,Y,MF
CUST1010689,0,0,0,1,0,0,0,0,N,N,Y,6,2026,1,Y,CC
CUST1010690,0,0,0,1,0,0,0,0,N,N,Y,6,2026,1,Y,HL
CUST1010691,0,1,0,1,0,2,0,0,N,N,Y,6,2026,3,Y,PL
CUST1010692,0,2,0,1,0,0,0,1,N,N,N,6,2026,3,Y,CC
CUST1010693,0,0,0,1,0,1,0,0,N,N,Y,6,2026,2,Y,MF
CUST1010694,1,0,0,1,0,0,0,0,N,N,Y,6,2026,2,N,None
CUST1010695,0,0,0,1,2,0,0,0,Y,N,Y,6,2026,2,N,None
CUST1010696,2,0,0,1,0,0,0,1,N,N,Y,6,2026,3,N,SA
CUST1010697,0,1,0,1,0,1,0,0,N,N,N,6,2026,3,N,None
CUST1010698,0,0,0,1,0,0,0,0,Y,N,N,6,2026,1,Y,SA
CUST1010699,2,0,0,1,0,0,0,0,N,N,Y,6,2026,2,N,RD
CUST1010700,0,0,0,1,0,0,0,0,N,Y,Y,6,2026,1,N,None
CUST1010701,0,0,0,1,0,0,0,0,N,N,Y,6,2026,1,N,None
CUST1010702,0,1,0,1,1,2,0,0,N,N,Y,6,2026,4,N,None
CUST1010703,0,2,0,1,0,0,1,0,N,N,Y,6,2026,3,Y,RD
CUST1010704,0,0,0,1,0,0,0,0,N,N,Y,6,2026,1,Y,CC
CUST1010705,0,0,0,1,0,1,0,0,N,N,N,6,2026,2,N,None
CUST1010706,0,0,1,1,0,2,0,0,N,N,Y,6,2026,3,Y,SA
CUST1010707,0,0,0,0,0,0,0,0,Y,N,N,6,2026,0,Y,AL
CUST1010708,0,2,0,1,1,0,0,0,N,N,N,6,2026,3,N,None
CUST1010709,0,2,0,1,0,0,0,0,N,N,N,6,2026,2,Y,PL
CUST1010710,0,2,0,1,0,1,1,0,Y,N,Y,6,2026,4,Y,CC
CUST1010711,1,0,0,1,0,0,0,0,N,N,N,6,2026,2,N,None
CUST1010712,0,0,0,1,0,0,0,0,N,N,N,6,2026,1,N,None
CUST1010713,0,1,0,1,3,0,0,0,N,N,Y,6,2026,3,N,None
CUST1010714,0,0,0,1,0,1,0,0,N,N,Y,6,2026,2,Y,AL
CUST1010715,0,0,0,1,0,0,0,0,N,N,Y,6,2026,1,N,None
CUST1010716,0,0,1,1,3,0,0,0,N,N,N,6,2026,3,N,None
CUST1010717,0,1,0,1,1,2,0,0,Y,N,Y,6,2026,4,Y,HF
CUST1010718,0,0,0,1,0,2,1,0,N,N,Y,6,2026,3,N,None
CUST1010719,2,0,0,1,0,0,0,1,N,N,Y,6,2026,3,N,AL
CUST1010720,2,0,0,1,1,1,0,0,Y,N,Y,6,2026,4,N,None
CUST1010721,1,2,0,1,0,0,0,0,N,N,N,6,2026,3,N,None
CUST1010722,0,0,0,0,0,0,0,0,Y,Y,Y,6,2026,0,Y,SA
CUST1010723,0,2,0,0,0,0,0,0,N,N,N,6,2026,1,Y,MF
CUST1010724,0,2,0,1,0,2,0,0,N,N,Y,6,2026,3,N,None
CUST1010725,0,0,0,1,0,1,0,1,N,N,N,6,2026,3,N,PL
CUST1010726,0,1,0,1,3,1,0,0,N,N,N,6,2026,4,Y,HL
CUST1010727,1,2,0,1,3,0,0,0,N,N,Y,6,2026,4,N,None
CUST1010728,0,2,0,1,0,1,0,1,N,N,Y,6,2026,4,Y,RD
CUST1010729,2,2,0,1,0,0,1,0,N,N,Y,6,2026,4,Y,SA
CUST1010730,0,0,0,1,0,0,0,0,N,N,N,6,2026,1,N,None
CUST1010731,0,0,0,1,3,0,0,0,N,N,Y,6,2026,2,N,None
CUST1010732,1,0,0,1,0,0,0,0,N,N,Y,6,2026,2,N,None
CUST1010733,1,2,0,1,0,1,0,1,N,N,Y,6,2026,5,N,PL
CUST1010734,2,0,0,1,0,0,0,0,N,N,N,6,2026,2,N,None
CUST1010735,0,0,0,0,0,0,0,0,N,N,Y,6,2026,0,Y,MF
CUST1010736,0,1,0,1,0,0,0,0,Y,N,Y,6,2026,2,Y,PL
CUST1010737,0,2,0,1,0,0,0,0,N,N,Y,6,2026,2,Y,AL
CUST1010738,0,0,0,1,3,0,0,0,N,N,N,6,2026,2,N,CC
CUST1010739,0,1,0,1,0,0,0,1,N,Y,Y,6,2026,3,Y,AL
CUST1010740,2,0,0,1,0,2,0,0,N,N,Y,6,2026,3,N,None
CUST1010741,0,0,0,1,0,2,0,0,N,N,Y,6,2026,2,Y,SA
CUST1010742,2,0,0,1,2,0,0,1,N,N,Y,6,2026,4,N,None
CUST1010743,0,0,0,1,3,1,0,0,N,N,Y,6,2026,3,N,None
CUST1010744,0,0,0,1,0,0,0,0,N,N,Y,6,2026,1,Y,AL
CUST1010745,0,0,0,1,2,0,0,0,N,N,Y,6,2026,2,N,None
CUST1010746,0,0,0,1,2,2,0,0,N,N,Y,6,2026,3,N,MF
CUST1010747,0,1,0,1,0,0,0,0,N,Y,N,6,2026,2,Y,CC
CUST1010748,0,1,0,0,0,0,0,0,N,N,N,6,2026,1,Y,RD
CUST1010749,0,0,0,1,0,0,0,0,N,N,N,6,2026,1,Y,SA
CUST1010750,0,0,0,1,1,2,0,0,N,N,N,6,2026,3,N,None
CUST1010751,0,0,0,1,0,0,0,1,N,N,Y,6,2026,2,N,None
CUST1010752,0,2,0,1,0,1,0,0,N,N,Y,6,2026,3,N,None
CUST1010753,0,0,0,1,0,0,0,0,Y,N,Y,6,2026,1,Y,SA
CUST1010754,2,1,1,1,0,0,0,0,N,N,Y,6,2026,4,Y,RD
CUST1010755,0,2,0,1,0,0,0,1,N,Y,Y,6,2026,3,Y,CC
CUST1010756,2,0,0,1,0,1,0,0,N,N,Y,6,2026,3,Y,AL
CUST1010757,0,2,0,1,0,0,0,0,N,N,N,6,2026,2,Y,AL
CUST1010758,0,0,0,1,0,0,0,0,N,N,Y,6,2026,1,N,None
CUST1010759,1,0,0,1,0,0,0,0,N,N,Y,6,2026,2,N,None
CUST1010760,0,1,0,1,0,0,0,0,N,N,Y,6,2026,2,Y,PL
CUST1010761,0,0,0,1,0,0,0,0,N,N,N,6,2026,1,N,None
CUST1010762,0,0,0,1,0,0,0,0,N,N,Y,6,2026,1,N,None
CUST1010763,0,0,1,1,2,0,0,0,N,N,N,6,2026,3,N,None
CUST1010764,0,1,0,1,0,0,0,0,N,N,N,6,2026,2,Y,SA
CUST1010765,0,0,0,1,0,0,0,0,N,N,Y,6,2026,1,N,None
CUST1010766,0,2,0,1,0,0,0,0,Y,N,Y,6,2026,2,Y,AL
CUST1010767,0,2,0,1,3,2,0,0,Y,N,N,6,2026,4,Y,CC
CUST1010768,0,0,0,1,3,0,0,0,N,N,N,6,2026,2,N,None
CUST1010769,1,1,1,1,0,0,0,0,N,N,N,6,2026,4,Y,PL
CUST1010770,1,0,0,1,0,0,0,0,N,N,N,6,2026,2,N,MF
CUST1010771,0,0,0,1,3,1,0,1,N,N,N,6,2026,4,Y,CC
CUST1010772,0,1,0,1,0,0,0,0,Y,N,N,6,2026,2,N,None
CUST1010773,0,0,0,1,0,0,0,0,N,N,N,6,2026,1,N,None
CUST1010774,0,1,0,1,1,0,0,0,N,N,Y,6,2026,3,Y,CC
CUST1010775,0,0,0,1,1,0,1,0,Y,N,Y,6,2026,3,Y,HF
CUST1010776,0,1,0,1,0,0,0,0,N,N,Y,6,2026,2,N,None
CUST1010777,0,0,0,1,0,0,0,0,N,N,Y,6,2026,1,Y,SA
CUST1010778,2,1,0,1,0,2,0,0,N,N,Y,6,2026,4,Y,HL
CUST1010779,0,2,0,1,3,2,0,0,N,N,N,6,2026,4,Y,MF
CUST1010780,0,1,0,1,0,2,0,0,N,N,Y,6,2026,3,Y,PL
CUST1010781,1,0,0,1,3,0,0,0,N,N,Y,6,2026,3,Y,RD
CUST1010782,0,1,1,1,2,0,0,0,N,N,N,6,2026,4,N,None
CUST1010783,0,1,0,1,0,0,0,0,N,N,Y,6,2026,2,N,None
CUST1010784,0,0,0,1,0,1,0,1,N,N,N,6,2026,3,N,None
CUST1010785,0,2,0,0,0,0,0,0,N,N,N,6,2026,1,N,CC
CUST1010786,0,2,0,1,0,1,0,0,Y,N,Y,6,2026,3,N,None
CUST1010787,0,0,0,1,0,0,0,0,N,N,Y,6,2026,1,Y,HL
CUST1010788,2,0,0,1,0,0,0,0,N,N,Y,6,2026,2,N,None
CUST1010789,0,0,0,1,0,0,0,0,N,N,Y,6,2026,1,N,MF
CUST1010790,1,0,0,1,0,2,0,0,N,N,N,6,2026,3,N,None
CUST1010791,0,1,0,1,0,0,0,1,N,N,Y,6,2026,3,N,CC
CUST1010792,0,2,0,1,2,0,0,1,N,N,N,6,2026,4,N,AL
CUST1010793,2,0,0,1,3,0,0,0,Y,N,N,6,2026,3,N,None
CUST1010794,0,0,0,1,1,0,0,0,Y,N,N,6,2026,2,Y,RD
CUST1010795,0,0,0,1,0,0,0,1,N,N,N,6,2026,2,N,None
CUST1010796,0,0,0,1,2,0,0,0,N,N,Y,6,2026,2,N,None
CUST1010797,0,0,0,1,1,2,0,1,N,N,N,6,2026,4,Y,CC
CUST1010798,0,0,0,1,0,0,0,0,N,N,N,6,2026,1,N,AL
CUST1010799,0,2,0,1,0,0,0,0,N,N,N,6,2026,2,Y,CC
CUST1010800,0,0,0,1,3,1,0,0,N,N,Y,6,2026,3,N,None
CUST1010801,0,2,0,1,0,0,0,0,N,N,Y,6,2026,2,N,None
CUST1010802,0,0,0,0,2,0,0,0,Y,N,N,6,2026,1,N,None
CUST1010803,0,0,0,1,0,0,0,0,N,Y,Y,6,2026,1,N,None
CUST1010804,0,0,0,1,0,0,1,0,N,N,N,6,2026,2,N,None
CUST1010805,0,0,0,1,3,0,0,0,N,N,N,6,2026,2,N,None
CUST1010806,0,0,0,1,0,0,0,0,N,N,N,6,2026,1,Y,RD
CUST1010807,0,0,0,1,0,0,0,0,N,N,N,6,2026,1,N,None
CUST1010808,2,0,0,1,3,0,0,0,N,N,Y,6,2026,3,Y,SA
CUST1010809,0,0,0,1,0,0,1,0,N,N,Y,6,2026,2,Y,RD
CUST1010810,0,1,0,1,3,0,0,0,N,N,Y,6,2026,3,Y,SA
CUST1010811,0,0,0,1,3,1,1,0,N,N,N,6,2026,4,Y,CC
CUST1010812,0,1,1,1,0,1,0,0,N,N,Y,6,2026,4,Y,PL
CUST1010813,0,1,0,1,0,0,0,0,N,N,Y,6,2026,2,Y,RD
CUST1010814,0,0,0,1,1,0,0,1,N,N,Y,6,2026,3,N,None
CUST1010815,0,1,0,1,0,2,0,0,N,N,N,6,2026,3,N,None
CUST1010816,0,0,0,1,0,0,0,1,Y,N,Y,6,2026,2,N,None
CUST1010817,0,0,0,1,1,0,0,0,N,N,N,6,2026,2,N,CC
CUST1010818,0,0,0,1,0,0,0,0,Y,N,Y,6,2026,1,Y,PL
CUST1010819,0,1,0,1,2,0,0,0,N,N,Y,6,2026,3,Y,SA
CUST1010820,0,1,0,1,0,0,0,0,N,N,N,6,2026,2,N,CC
CUST1010821,0,0,0,1,2,0,1,1,N,N,Y,6,2026,4,N,None
CUST1010822,0,1,0,1,3,0,0,0,N,N,N,6,2026,3,Y,AL
CUST1010823,0,2,0,1,0,1,0,0,N,Y,N,6,2026,3,N,None
CUST1010824,0,0,0,1,0,0,0,0,N,Y,Y,6,2026,1,N,None
CUST1010825,0,1,0,1,0,1,0,0,N,N,Y,6,2026,3,Y,SA
CUST1010826,0,1,0,1,1,2,0,0,N,N,Y,6,2026,4,Y,SA
CUST1010827,0,0,0,1,0,0,0,0,Y,N,N,6,2026,1,N,PL
CUST1010828,0,0,0,1,0,0,0,1,N,N,Y,6,2026,2,Y,CC
CUST1010829,2,0,0,1,0,0,0,1,N,N,Y,6,2026,3,N,None
CUST1010830,0,0,0,1,0,0,0,0,N,N,Y,6,2026,1,Y,MF
CUST1010831,0,0,0,1,0,0,0,0,N,N,Y,6,2026,1,Y,RD
CUST1010832,0,0,0,1,0,0,0,0,N,N,N,6,2026,1,N,None
CUST1010833,0,0,0,1,0,0,1,0,N,N,Y,6,2026,2,N,None
CUST1010834,0,0,0,1,0,0,0,0,N,N,Y,6,2026,1,N,None
CUST1010835,0,1,0,1,0,0,0,0,N,N,Y,6,2026,2,N,None
CUST1010836,0,0,0,1,1,0,0,0,N,N,Y,6,2026,2,Y,CC
CUST1010837,0,0,0,1,0,0,0,0,Y,N,N,6,2026,1,N,None
CUST1010838,0,2,0,1,0,0,0,0,N,N,N,6,2026,2,Y,HL
CUST1010839,0,2,0,1,0,0,0,0,N,N,Y,6,2026,2,Y,RD
CUST1010840,0,0,0,1,0,0,0,0,Y,N,N,6,2026,1,N,None
CUST1010841,0,1,0,1,0,0,0,0,N,Y,Y,6,2026,2,N,None
CUST1010842,0,0,0,1,1,0,0,0,N,N,N,6,2026,2,N,None
CUST1010843,0,1,0,1,1,0,0,0,N,N,Y,6,2026,3,N,None
CUST1010844,0,0,0,1,3,0,0,0,N,N,Y,6,2026,2,Y,CC
CUST1010845,0,1,0,1,2,0,0,0,N,N,N,6,2026,3,N,None
CUST1010846,1,0,0,1,0,0,1,0,Y,N,Y,6,2026,3,N,None
CUST1010847,0,0,0,1,0,0,0,0,N,N,Y,6,2026,1,N,None
CUST1010848,0,0,1,1,3,2,0,0,N,N,N,6,2026,4,Y,SA
CUST1010849,1,0,0,1,0,0,0,0,N,N,Y,6,2026,2,N,CC
CUST1010850,0,2,0,1,1,0,0,1,N,N,N,6,2026,4,N,None
CUST1010851,2,1,0,1,0,0,1,0,N,Y,N,6,2026,4,N,None
CUST1010852,0,0,0,1,0,0,0,0,N,N,Y,6,2026,1,N,None
CUST1010853,0,0,0,1,1,1,0,0,N,N,N,6,2026,3,N,None
CUST1010854,0,0,0,1,0,2,0,0,N,N,Y,6,2026,2,N,None
CUST1010855,0,0,0,1,3,1,0,0,N,N,N,6,2026,3,N,None
CUST1010856,0,2,1,1,0,0,0,1,N,N,N,6,2026,4,N,None
CUST1010857,0,0,0,1,0,0,0,1,N,N,Y,6,2026,2,Y,CC
CUST1010858,0,1,0,1,0,2,0,0,N,N,Y,6,2026,3,Y,CC
CUST1010859,0,0,0,1,0,1,0,1,N,Y,Y,6,2026,3,Y,PL
CUST1010860,0,0,0,1,0,0,1,0,N,N,N,6,2026,2,N,None
CUST1010861,0,0,0,1,0,1,0,0,N,N,N,6,2026,2,N,None
CUST1010862,0,0,0,1,0,0,0,0,N,N,N,6,2026,1,N,None
CUST1010863,0,0,0,1,0,0,0,0,N,N,N,6,2026,1,Y,CC
CUST1010864,0,0,0,1,2,0,0,1,N,Y,N,6,2026,3,Y,RD
CUST1010865,0,0,1,1,0,0,1,0,N,N,Y,6,2026,3,Y,SA
CUST1010866,0,2,0,1,0,0,0,0,N,N,Y,6,2026,2,N,SA
CUST1010867,0,0,0,1,0,0,0,0,N,N,N,6,2026,1,N,None
CUST1010868,0,0,0,1,0,0,0,0,N,N,Y,6,2026,1,Y,HL
CUST1010869,0,0,0,1,0,1,0,0,N,N,Y,6,2026,2,Y,SA
CUST1010870,0,0,0,1,3,0,0,0,N,N,N,6,2026,2,N,CC
CUST1010871,1,2,0,1,2,0,0,0,N,Y,Y,6,2026,4,N,None
CUST1010872,0,0,0,1,2,0,0,1,N,N,N,6,2026,3,N,None
CUST1010873,0,0,0,1,1,0,0,0,N,N,Y,6,2026,2,N,None
CUST1010874,0,0,0,1,3,0,0,0,N,N,Y,6,2026,2,Y,MF
CUST1010875,0,0,0,1,0,0,0,0,N,N,N,6,2026,1,N,None
CUST1010876,0,0,0,1,0,0,0,0,N,N,Y,6,2026,1,N,None
CUST1010877,0,0,0,1,0,0,0,0,N,N,Y,6,2026,1,Y,AL
CUST1010878,0,0,0,1,0,0,0,0,N,N,N,6,2026,1,N,None
CUST1010879,0,1,0,1,0,1,0,0,N,N,N,6,2026,3,N,None
CUST1010880,0,0,0,1,1,1,0,0,N,N,Y,6,2026,3,N,None
CUST1010881,0,0,1,1,0,2,0,0,Y,N,N,6,2026,3,N,None
CUST1010882,0,0,0,1,3,0,0,0,N,N,Y,6,2026,2,N,None
CUST1010883,0,0,1,1,0,0,0,0,N,N,N,6,2026,2,Y,SA
CUST1010884,0,0,0,1,0,0,0,0,N,N,Y,6,2026,1,Y,PL
CUST1010885,0,2,0,1,0,0,0,0,N,N,Y,6,2026,2,Y,PL
CUST1010886,0,0,0,1,0,0,0,0,N,Y,N,6,2026,1,N,None
CUST1010887,1,2,0,1,0,0,0,0,N,N,Y,6,2026,3,N,None
CUST1010888,0,1,0,1,2,0,1,0,Y,N,N,6,2026,4,N,None
CUST1010889,1,2,0,1,2,2,0,0,N,N,N,6,2026,5,Y,HL
CUST1010890,0,0,0,1,0,0,0,0,N,N,Y,6,2026,1,N,None
CUST1010891,0,0,0,1,1,2,0,0,Y,N,N,6,2026,3,N,None
CUST1010892,0,0,0,1,0,0,0,0,N,N,Y,6,2026,1,Y,PL
CUST1010893,0,1,0,1,0,0,1,0,N,N,Y,6,2026,3,N,AL
CUST1010894,0,0,0,1,0,1,0,0,N,N,N,6,2026,2,N,None
CUST1010895,0,2,0,1,0,0,0,0,N,N,Y,6,2026,2,Y,SA
CUST1010896,0,2,0,1,0,0,0,0,N,N,N,6,2026,2,N,None
CUST1010897,0,0,0,1,0,2,1,0,N,Y,N,6,2026,3,N,None
CUST1010898,2,2,0,1,3,0,1,0,N,N,Y,6,2026,5,Y,CC
CUST1010899,2,2,0,1,0,0,0,0,N,N,Y,6,2026,3,N,MF
CUST1010900,0,2,0,1,3,1,0,0,N,N,Y,6,2026,4,N,None
CUST1010901,2,0,0,1,3,0,0,0,N,N,N,6,2026,3,N,None
CUST1010902,0,0,0,1,0,0,0,0,N,N,Y,6,2026,1,Y,PL
CUST1010903,0,0,0,1,0,0,0,0,N,N,N,6,2026,1,N,CC
CUST1010904,0,0,0,1,0,0,0,0,Y,N,Y,6,2026,1,N,None
CUST1010905,1,0,0,1,1,1,0,0,Y,N,N,6,2026,4,Y,CC
CUST1010906,0,0,0,1,0,0,0,0,N,N,Y,6,2026,1,N,None
CUST1010907,0,0,0,1,3,0,0,0,N,N,N,6,2026,2,Y,HL
CUST1010908,0,0,0,1,0,0,0,0,N,N,Y,6,2026,1,Y,HL
CUST1010909,0,0,0,1,2,0,0,0,N,N,Y,6,2026,2,Y,AL
CUST1010910,0,2,0,1,2,0,0,0,Y,N,N,6,2026,3,N,None
CUST1010911,0,2,0,1,0,0,0,1,N,N,N,6,2026,3,N,None
CUST1010912,1,0,0,1,0,0,1,0,N,N,Y,6,2026,3,Y,MF
CUST1010913,0,0,0,1,3,0,0,0,N,N,Y,6,2026,2,N,None
CUST1010914,0,0,0,1,0,0,0,0,N,N,N,6,2026,1,Y,HL
CUST1010915,0,0,0,1,2,0,0,0,N,N,Y,6,2026,2,Y,RD
CUST1010916,0,0,0,1,0,0,0,0,Y,N,N,6,2026,1,N,None
CUST1010917,0,1,0,1,3,0,1,0,N,N,Y,6,2026,4,N,None
CUST1010918,0,0,0,1,0,0,0,0,N,N,Y,6,2026,1,Y,AL
CUST1010919,0,0,0,1,1,0,0,0,N,N,Y,6,2026,2,Y,AL
CUST1010920,0,0,0,1,0,1,0,0,N,N,N,6,2026,2,Y,CC
CUST1010921,0,2,0,1,0,0,0,0,N,N,Y,6,2026,2,Y,MF
CUST1010922,0,1,0,1,0,0,0,0,Y,N,Y,6,2026,2,N,None
CUST1010923,0,1,0,1,0,0,0,1,N,Y,Y,6,2026,3,N,None
CUST1010924,0,0,1,1,0,2,0,0,N,N,N,6,2026,3,Y,SA
CUST1010925,0,0,0,1,0,0,0,0,Y,N,N,6,2026,1,N,None
CUST1010926,0,0,0,1,2,0,0,0,N,N,N,6,2026,2,N,CC
CUST1010927,0,0,0,1,3,1,0,0,N,N,Y,6,2026,3,N,None
CUST1010928,0,0,0,1,0,0,0,0,N,N,N,6,2026,1,N,None
CUST1010929,0,0,0,1,0,1,0,0,N,N,N,6,2026,2,Y,SA
CUST1010930,0,0,0,1,0,0,0,0,N,Y,N,6,2026,1,Y,SA
CUST1010931,0,0,0,1,0,0,0,0,N,N,N,6,2026,1,N,None
CUST1010932,0,1,0,1,2,0,0,0,N,N,Y,6,2026,3,Y,MF
CUST1010933,0,2,0,0,0,0,0,0,N,N,N,6,2026,1,Y,SA
CUST1010934,0,0,0,1,0,0,0,0,N,N,Y,6,2026,1,N,None
CUST1010935,2,2,0,1,0,0,0,0,N,N,N,6,2026,3,Y,RD
CUST1010936,0,0,0,1,0,0,0,0,N,N,Y,6,2026,1,N,None
CUST1010937,0,0,0,1,0,0,0,0,N,N,N,6,2026,1,Y,SA
CUST1010938,0,0,0,1,0,0,0,1,N,N,Y,6,2026,2,N,None
CUST1010939,1,1,0,1,1,0,0,0,N,N,Y,6,2026,4,N,None
CUST1010940,1,0,0,1,3,1,1,0,N,N,N,6,2026,5,Y,HF
CUST1010941,0,0,0,1,0,0,0,0,N,N,N,6,2026,1,N,None
CUST1010942,0,0,0,1,0,1,0,0,N,N,N,6,2026,2,Y,MF
CUST1010943,0,1,0,1,2,2,0,1,Y,N,N,6,2026,5,N,None
CUST1010944,0,1,0,1,2,0,0,0,N,Y,Y,6,2026,3,N,None
CUST1010945,0,1,0,1,0,0,1,0,N,N,N,6,2026,3,N,None
CUST1010946,0,0,0,1,0,0,0,0,N,N,Y,6,2026,1,Y,AL
CUST1010947,2,0,0,1,3,0,0,0,N,N,Y,6,2026,3,Y,PL
CUST1010948,0,2,0,1,0,0,0,0,Y,N,N,6,2026,2,N,None
CUST1010949,1,2,0,1,0,0,0,0,N,N,Y,6,2026,3,N,None
CUST1010950,0,2,0,1,0,2,0,1,Y,N,Y,6,2026,4,Y,RD
CUST1010951,1,0,0,1,0,0,0,0,N,N,Y,6,2026,2,N,None
CUST1010952,0,0,0,1,0,0,0,0,Y,N,N,6,2026,1,N,None
CUST1010953,0,0,0,1,0,0,0,0,N,N,Y,6,2026,1,Y,SA
CUST1010954,0,2,0,1,0,1,1,0,Y,N,N,6,2026,4,N,None
CUST1010955,1,0,0,1,0,0,0,0,N,N,Y,6,2026,2,N,None
CUST1010956,0,0,0,1,3,0,0,0,N,N,Y,6,2026,2,N,None
CUST1010957,0,0,0,1,0,0,0,0,N,N,Y,6,2026,1,Y,RD
CUST1010958,0,1,0,1,0,0,1,0,N,N,Y,6,2026,3,N,None
CUST1010959,0,0,0,1,0,0,0,0,N,N,N,6,2026,1,N,None
CUST1010960,0,2,0,1,0,0,0,1,N,N,Y,6,2026,3,Y,CC
CUST1010961,0,1,0,1,0,0,0,0,N,N,Y,6,2026,2,Y,SA
CUST1010962,0,0,0,1,0,1,0,0,N,N,Y,6,2026,2,N,HF
CUST1010963,2,0,0,1,0,2,0,0,N,N,N,6,2026,3,N,None
CUST1010964,0,0,0,1,0,0,0,0,N,N,N,6,2026,1,N,None
CUST1010965,1,0,0,1,0,0,0,0,N,N,Y,6,2026,2,N,None
CUST1010966,0,0,0,1,0,2,0,0,N,N,Y,6,2026,2,N,None
CUST1010967,0,0,0,1,2,0,0,0,N,N,Y,6,2026,2,Y,CC
CUST1010968,0,0,0,1,0,0,0,0,N,N,Y,6,2026,1,Y,CC
CUST1010969,0,0,0,1,1,2,0,0,N,N,Y,6,2026,3,N,None
CUST1010970,0,1,0,1,0,0,0,0,N,N,N,6,2026,2,N,None
CUST1010971,0,2,0,1,0,0,0,0,N,N,N,6,2026,2,Y,PL
CUST1010972,0,1,0,1,0,0,0,1,N,N,N,6,2026,3,N,None
CUST1010973,0,2,0,1,0,0,0,0,Y,N,N,6,2026,2,Y,SA
CUST1010974,0,0,0,1,0,0,0,0,N,N,Y,6,2026,1,Y,AL
CUST1010975,0,1,0,1,0,0,0,0,N,N,N,6,2026,2,Y,PL
CUST1010976,0,0,1,0,0,2,0,0,Y,N,N,6,2026,2,N,None
CUST1010977,0,0,0,1,1,0,0,1,Y,N,Y,6,2026,3,N,None
CUST1010978,0,0,0,1,0,0,0,0,Y,N,Y,6,2026,1,N,None
CUST1010979,0,1,0,1,0,0,0,0,N,N,Y,6,2026,2,N,CC
CUST1010980,0,0,0,1,0,0,1,0,Y,N,N,6,2026,2,N,None
CUST1010981,0,2,0,1,0,0,1,0,N,N,Y,6,2026,3,N,None
CUST1010982,0,0,0,0,0,0,0,1,N,N,Y,6,2026,1,Y,CC
CUST1010983,0,0,0,1,0,0,0,0,N,N,N,6,2026,1,N,None
CUST1010984,0,2,0,1,0,0,0,0,N,N,N,6,2026,2,Y,HL
CUST1010985,0,0,0,1,1,0,0,1,N,N,N,6,2026,3,Y,HF
CUST1010986,0,0,0,1,0,0,0,0,N,N,Y,6,2026,1,N,None
CUST1010987,0,0,0,1,0,0,0,0,Y,N,N,6,2026,1,N,None
CUST1010988,0,2,0,1,0,0,0,0,N,N,Y,6,2026,2,N,None
CUST1010989,1,0,0,1,1,1,0,0,N,N,Y,6,2026,4,Y,RD
CUST1010990,1,2,0,1,0,0,0,0,N,N,Y,6,2026,3,Y,AL
CUST1010991,0,0,0,1,0,0,0,0,N,N,Y,6,2026,1,N,None
CUST1010992,0,1,0,1,0,2,0,1,N,N,N,6,2026,4,Y,HF
CUST1010993,0,1,0,1,0,1,0,0,N,N,Y,6,2026,3,Y,CC
CUST1010994,0,1,0,1,0,2,0,0,N,Y,Y,6,2026,3,N,None
CUST1010995,0,2,0,1,0,0,0,1,N,N,N,6,2026,3,N,None
CUST1010996,0,2,0,1,0,0,0,0,N,N,Y,6,2026,2,N,None
CUST1010997,0,2,0,1,0,0,0,1,N,N,Y,6,2026,3,Y,PL
CUST1010998,1,2,1,1,0,0,0,0,N,N,N,6,2026,4,Y,RD
CUST1010999,0,0,0,1,0,0,0,0,N,N,N,6,2026,1,N,None
CUST1011000,0,0,1,1,0,0,0,0,N,N,Y,6,2026,2,Y,CC
CUST1011001,2,2,0,1,2,0,0,0,Y,N,Y,6,2026,4,N,None
CUST1011002,0,0,0,1,0,1,0,0,N,N,N,6,2026,2,N,None
CUST1011003,0,0,0,1,0,0,0,0,N,N,Y,6,2026,1,N,None
CUST1011004,2,1,0,1,0,0,0,0,N,N,N,6,2026,3,N,None
CUST1011005,0,0,0,1,0,0,0,0,N,N,N,6,2026,1,Y,AL
CUST1011006,0,2,0,1,0,0,0,0,N,N,N,6,2026,2,N,None
CUST1011007,0,2,0,1,3,0,0,0,Y,N,Y,6,2026,3,Y,HL
CUST1011008,0,0,0,1,0,0,0,0,N,N,N,6,2026,1,N,None
CUST1011009,0,1,0,1,0,0,0,0,Y,N,N,6,2026,2,N,None
CUST1011010,2,0,0,1,0,1,0,0,Y,Y,N,6,2026,3,Y,CC
CUST1011011,0,0,0,1,0,0,0,0,N,N,Y,6,2026,1,Y,SA
CUST1011012,0,0,0,0,0,0,0,0,N,N,N,6,2026,0,N,AL
CUST1011013,0,0,0,1,0,0,0,0,N,N,Y,6,2026,1,Y,SA
CUST1011014,0,0,0,1,0,0,1,0,N,N,Y,6,2026,2,Y,SA
CUST1011015,0,2,0,1,0,2,0,0,N,N,Y,6,2026,3,N,None
CUST1011016,0,0,0,1,0,0,0,0,N,N,Y,6,2026,1,N,RD
CUST1011017,0,1,0,1,0,0,0,0,N,N,Y,6,2026,2,N,None
CUST1011018,0,1,0,1,0,0,0,1,N,N,N,6,2026,3,Y,PL
CUST1011019,0,2,0,1,0,0,0,0,N,N,N,6,2026,2,N,None
CUST1011020,0,0,0,1,0,0,0,1,N,N,N,6,2026,2,Y,MF
CUST1011021,0,1,0,1,0,1,0,1,N,N,Y,6,2026,4,N,None
CUST1011022,0,0,0,1,0,0,0,0,N,N,Y,6,2026,1,N,SA
CUST1011023,1,0,0,1,0,0,0,0,N,Y,N,6,2026,2,Y,PL
CUST1011024,0,0,0,0,0,0,0,0,N,Y,N,6,2026,0,N,HF
CUST1011025,0,1,0,1,0,0,1,0,N,N,N,6,2026,3,Y,SA
CUST1011026,0,0,0,1,1,0,0,0,N,N,Y,6,2026,2,Y,SA
CUST1011027,2,0,0,1,0,0,0,0,Y,N,Y,6,2026,2,Y,CC
CUST1011028,0,1,0,1,0,2,0,0,N,Y,N,6,2026,3,N,None
CUST1011029,0,0,0,1,0,1,0,0,Y,N,Y,6,2026,2,Y,HF
CUST1011030,0,2,0,1,0,1,0,0,N,N,Y,6,2026,3,Y,CC
CUST1011031,0,1,0,1,1,0,0,1,N,N,N,6,2026,4,N,CC
CUST1011032,0,1,0,1,0,0,0,1,N,N,N,6,2026,3,N,None
CUST1011033,0,1,0,1,0,0,0,1,N,N,N,6,2026,3,N,None
CUST1011034,0,0,0,1,3,2,0,0,N,N,N,6,2026,3,N,None
CUST1011035,0,1,0,1,0,0,0,0,N,N,N,6,2026,2,N,None
CUST1011036,0,0,0,1,0,0,1,0,N,N,Y,6,2026,2,Y,PL
CUST1011037,0,2,0,1,3,0,0,0,Y,N,N,6,2026,3,Y,RD
CUST1011038,0,0,0,1,0,1,0,0,N,N,N,6,2026,2,N,None
CUST1011039,0,0,0,1,0,0,0,1,N,N,N,6,2026,2,N,None
CUST1011040,0,2,0,1,0,0,1,0,N,N,Y,6,2026,3,N,AL
CUST1011041,1,2,0,1,0,0,0,0,N,N,N,6,2026,3,N,None
CUST1011042,0,0,0,1,0,0,1,0,N,N,Y,6,2026,2,Y,HF
CUST1011043,0,2,0,1,0,2,0,0,N,N,N,6,2026,3,N,None
CUST1011044,0,0,0,1,0,1,0,0,N,N,Y,6,2026,2,N,None
CUST1011045,0,0,0,1,0,0,0,0,N,N,N,6,2026,1,N,None
CUST1011046,0,0,0,1,0,0,0,0,N,N,N,6,2026,1,N,None
CUST1011047,0,2,0,0,0,0,0,0,N,N,Y,6,2026,1,N,None
CUST1011048,0,0,0,1,3,0,1,0,N,N,N,6,2026,3,N,None
CUST1011049,2,0,0,1,0,0,0,0,N,N,N,6,2026,2,Y,SA
CUST1011050,0,0,0,1,0,0,0,1,N,N,N,6,2026,2,N,None
CUST1011051,0,2,0,1,0,2,0,0,N,N,Y,6,2026,3,N,CC
CUST1011052,0,0,1,1,3,0,0,0,Y,N,N,6,2026,3,N,None
CUST1011053,2,1,0,1,2,0,1,0,Y,N,Y,6,2026,5,N,PL
CUST1011054,1,0,0,1,0,0,0,0,N,N,N,6,2026,2,Y,AL
CUST1011055,0,1,0,1,0,0,0,0,Y,N,N,6,2026,2,N,MF
CUST1011056,0,2,0,1,0,0,0,1,N,N,N,6,2026,3,Y,CC
CUST1011057,0,0,0,0,0,0,0,0,N,Y,Y,6,2026,0,N,None
CUST1011058,0,0,0,1,0,0,0,0,N,N,N,6,2026,1,N,None
CUST1011059,2,1,0,1,0,0,0,0,Y,N,Y,6,2026,3,N,None
CUST1011060,2,0,0,1,2,1,0,0,N,N,N,6,2026,4,N,None
CUST1011061,0,0,0,1,0,2,0,0,N,N,Y,6,2026,2,N,None
CUST1011062,0,2,0,1,2,2,0,0,N,N,N,6,2026,4,N,None
CUST1011063,1,0,0,1,0,0,0,0,N,N,N,6,2026,2,N,None
CUST1011064,1,1,0,1,2,0,0,0,N,N,N,6,2026,4,N,None
CUST1011065,0,0,0,1,0,2,0,1,N,N,Y,6,2026,3,N,None
CUST1011066,0,0,0,1,0,0,0,0,N,Y,Y,6,2026,1,N,None
CUST1011067,0,2,0,1,0,2,0,0,N,N,N,6,2026,3,Y,SA
CUST1011068,0,0,0,1,0,1,0,0,Y,N,N,6,2026,2,N,RD
CUST1011069,0,0,0,1,1,0,1,0,Y,N,N,6,2026,3,Y,AL
CUST1011070,1,2,0,1,0,0,1,0,N,N,N,6,2026,4,Y,SA
CUST1011071,0,1,0,1,0,0,0,0,N,N,N,6,2026,2,N,None
CUST1011072,0,0,0,1,3,1,0,0,Y,N,Y,6,2026,3,Y,AL
CUST1011073,1,1,0,1,0,0,0,0,Y,N,N,6,2026,3,N,None
CUST1011074,2,1,0,1,0,1,0,0,N,N,Y,6,2026,4,N,PL
CUST1011075,0,0,0,1,0,0,0,0,Y,N,Y,6,2026,1,N,None
CUST1011076,0,0,0,1,0,0,0,0,N,N,Y,6,2026,1,N,None
CUST1011077,0,0,0,1,2,0,0,0,N,N,Y,6,2026,2,N,None
CUST1011078,0,0,0,1,0,0,0,1,N,N,N,6,2026,2,N,None
CUST1011079,0,0,0,1,1,2,0,0,Y,N,N,6,2026,3,N,PL
CUST1011080,0,1,0,0,0,0,0,0,N,N,Y,6,2026,1,N,None
CUST1011081,0,0,0,1,3,0,0,0,N,N,Y,6,2026,2,N,None
CUST1011082,0,0,0,1,0,0,0,0,N,N,Y,6,2026,1,Y,AL
CUST1011083,2,0,0,1,3,2,0,0,N,N,Y,6,2026,4,N,None
CUST1011084,0,0,0,1,0,0,0,0,N,N,N,6,2026,1,N,None
CUST1011085,0,0,0,1,0,0,0,0,N,N,N,6,2026,1,N,PL
CUST1011086,0,0,0,1,0,0,0,0,N,N,N,6,2026,1,N,None
CUST1011087,0,1,0,1,1,0,0,0,N,N,N,6,2026,3,N,None
CUST1011088,0,0,0,1,2,0,0,0,N,N,N,6,2026,2,N,None
CUST1011089,0,2,0,1,0,0,0,0,N,N,N,6,2026,2,Y,SA
CUST1011090,1,0,0,1,0,0,0,0,N,N,N,6,2026,2,Y,MF
CUST1011091,0,0,0,0,0,0,0,0,N,N,Y,6,2026,0,Y,SA
CUST1011092,1,0,0,1,0,0,0,0,N,N,Y,6,2026,2,N,None
CUST1011093,0,0,0,0,0,0,0,0,N,N,Y,6,2026,0,Y,PL
CUST1011094,0,2,0,1,1,0,0,0,N,N,N,6,2026,3,N,None
CUST1011095,0,0,0,1,0,0,0,0,N,N,Y,6,2026,1,Y,SA
CUST1011096,0,0,0,1,0,0,0,0,N,N,Y,6,2026,1,Y,AL
CUST1011097,1,2,0,1,0,1,0,0,N,N,N,6,2026,4,Y,SA
CUST1011098,0,0,0,1,1,2,0,0,N,N,Y,6,2026,3,Y,HF
CUST1011099,0,0,0,1,0,1,0,0,N,N,N,6,2026,2,N,None
CUST1011100,0,0,1,1,0,0,0,0,Y,N,N,6,2026,2,N,AL
CUST1011101,0,2,0,1,3,1,0,0,N,N,N,6,2026,4,N,None
CUST1011102,2,2,0,1,0,0,0,0,Y,N,N,6,2026,3,Y,RD
CUST1011103,0,0,0,1,0,0,0,0,N,N,N,6,2026,1,N,None
CUST1011104,0,2,0,1,0,0,0,0,N,N,Y,6,2026,2,N,AL
CUST1011105,0,1,0,0,0,0,0,0,Y,N,Y,6,2026,1,Y,MF
CUST1011106,0,0,0,0,0,0,0,0,N,N,N,6,2026,0,N,None
CUST1011107,0,2,0,1,2,0,0,0,N,N,N,6,2026,3,N,None
CUST1011108,0,0,0,0,3,0,0,0,N,N,Y,6,2026,1,N,None
CUST1011109,0,0,0,1,0,0,0,0,N,N,N,6,2026,1,Y,RD
CUST1011110,1,0,0,1,0,0,0,0,Y,N,N,6,2026,2,Y,MF
CUST1011111,0,0,0,1,1,1,0,0,N,N,Y,6,2026,3,N,None
CUST1011112,0,1,0,1,0,0,0,0,N,N,N,6,2026,2,N,None
CUST1011113,0,0,0,1,0,0,0,0,N,N,N,6,2026,1,N,None
CUST1011114,0,2,0,1,0,0,0,0,N,N,Y,6,2026,2,Y,RD
CUST1011115,0,0,0,0,0,2,0,0,N,N,Y,6,2026,1,N,None
CUST1011116,0,2,0,1,0,0,0,0,N,N,N,6,2026,2,N,None
CUST1011117,0,0,0,1,0,0,0,0,N,N,Y,6,2026,1,N,None
CUST1011118,0,1,0,1,0,0,0,0,N,N,Y,6,2026,2,N,None
CUST1011119,1,1,0,1,0,0,0,0,N,N,N,6,2026,3,Y,HF
CUST1011120,0,0,0,1,1,0,0,0,N,N,N,6,2026,2,N,None
CUST1011121,0,0,0,1,0,0,0,0,Y,N,N,6,2026,1,Y,SA
CUST1011122,0,2,0,1,0,0,0,0,Y,N,Y,6,2026,2,N,None
CUST1011123,0,0,0,1,0,0,0,0,N,N,N,6,2026,1,N,None
CUST1011124,1,0,0,1,0,0,0,0,N,N,N,6,2026,2,N,None
CUST1011125,0,0,0,1,0,0,0,0,N,N,N,6,2026,1,Y,RD
CUST1011126,0,0,0,1,0,2,0,0,N,N,Y,6,2026,2,Y,MF
CUST1011127,0,0,0,1,0,0,0,0,N,N,Y,6,2026,1,N,None
CUST1011128,0,1,0,1,0,0,0,0,N,N,N,6,2026,2,N,None
CUST1011129,0,2,0,1,3,2,0,0,N,N,Y,6,2026,4,N,MF
CUST1011130,0,2,0,1,0,2,0,1,N,N,Y,6,2026,4,N,None
CUST1011131,1,0,0,1,0,0,1,0,N,N,N,6,2026,3,N,None
CUST1011132,0,0,0,1,1,0,0,0,N,N,Y,6,2026,2,N,None
CUST1011133,1,0,0,1,1,1,0,0,N,N,N,6,2026,4,N,None
CUST1011134,1,0,1,1,0,0,0,0,N,N,Y,6,2026,3,N,None
CUST1011135,0,2,1,1,0,0,0,0,N,N,Y,6,2026,3,N,None
CUST1011136,0,0,0,1,0,2,0,0,Y,N,N,6,2026,2,N,None
CUST1011137,0,2,0,1,3,0,0,1,N,N,Y,6,2026,4,N,None
CUST1011138,1,0,0,1,0,0,0,0,N,N,Y,6,2026,2,N,AL
CUST1011139,0,0,0,1,0,1,0,0,N,N,N,6,2026,2,Y,SA
CUST1011140,2,2,0,1,0,2,0,0,Y,N,Y,6,2026,4,N,None
CUST1011141,0,0,0,1,1,0,0,0,N,N,N,6,2026,2,N,None
CUST1011142,0,0,0,1,0,0,0,0,N,N,Y,6,2026,1,N,PL
CUST1011143,0,0,0,1,0,0,0,1,N,N,Y,6,2026,2,N,None
CUST1011144,0,1,0,1,2,0,0,0,N,N,Y,6,2026,3,Y,RD
CUST1011145,0,0,0,1,0,0,0,0,N,N,Y,6,2026,1,Y,MF
CUST1011146,0,0,0,1,0,0,0,0,N,N,N,6,2026,1,Y,RD
CUST1011147,2,2,0,1,0,0,0,0,N,N,Y,6,2026,3,N,None
CUST1011148,1,1,0,1,0,2,0,0,N,N,Y,6,2026,4,Y,PL
CUST1011149,0,1,0,1,3,0,0,0,N,N,Y,6,2026,3,N,None
CUST1011150,0,0,0,1,0,1,0,1,N,Y,N,6,2026,3,N,None
CUST1011151,0,0,0,1,1,0,0,0,N,N,Y,6,2026,2,Y,PL
CUST1011152,0,1,1,1,1,2,0,0,N,N,N,6,2026,5,N,None
CUST1011153,0,0,0,1,0,0,0,0,N,N,Y,6,2026,1,Y,PL
CUST1011154,0,0,0,1,0,2,0,0,Y,N,N,6,2026,2,Y,PL
CUST1011155,0,0,0,1,0,2,0,0,N,N,N,6,2026,2,N,None
CUST1011156,0,0,0,1,1,2,0,0,N,N,N,6,2026,3,Y,SA
CUST1011157,0,0,0,0,0,1,0,0,N,N,Y,6,2026,1,N,None
CUST1011158,0,0,0,1,0,0,0,0,N,N,Y,6,2026,1,N,None
CUST1011159,0,0,0,1,0,0,0,0,N,N,Y,6,2026,1,N,None
CUST1011160,0,2,0,1,0,2,0,0,N,N,N,6,2026,3,N,None
CUST1011161,0,0,0,1,0,2,0,0,N,N,Y,6,2026,2,Y,AL
CUST1011162,0,0,0,1,0,0,0,0,N,N,Y,6,2026,1,Y,AL
CUST1011163,0,0,0,1,2,2,0,0,N,N,Y,6,2026,3,N,None
CUST1011164,0,0,0,1,0,1,0,0,N,N,Y,6,2026,2,Y,SA
CUST1011165,0,2,0,1,0,0,0,0,N,N,N,6,2026,2,Y,AL
CUST1011166,0,0,0,1,0,0,0,0,N,N,N,6,2026,1,Y,HF
CUST1011167,0,1,1,1,0,0,0,0,N,N,N,6,2026,3,Y,SA
CUST1011168,0,2,0,1,0,0,0,0,N,N,Y,6,2026,2,Y,AL
CUST1011169,0,2,0,1,0,0,0,0,Y,N,Y,6,2026,2,N,None
CUST1011170,2,0,0,1,0,0,0,0,N,Y,N,6,2026,2,N,HF
CUST1011171,0,0,0,1,3,0,0,0,N,N,Y,6,2026,2,Y,CC
CUST1011172,2,1,0,1,0,2,0,1,N,Y,Y,6,2026,5,Y,HF
CUST1011173,0,0,0,1,0,0,0,0,Y,N,N,6,2026,1,N,None
CUST1011174,0,0,1,0,0,0,0,0,Y,N,N,6,2026,1,N,None
CUST1011175,0,2,0,1,2,1,0,0,N,N,Y,6,2026,4,Y,PL
CUST1011176,0,0,0,1,0,0,0,0,N,N,Y,6,2026,1,N,None
CUST1011177,2,0,0,1,0,0,0,0,Y,N,N,6,2026,2,N,None
CUST1011178,0,2,0,1,3,1,0,0,N,N,Y,6,2026,4,Y,PL
CUST1011179,0,0,0,1,2,2,0,0,Y,N,N,6,2026,3,N,None
CUST1011180,0,0,0,1,2,0,0,1,N,N,N,6,2026,3,N,None
CUST1011181,0,2,0,1,0,0,0,0,N,N,Y,6,2026,2,Y,SA
CUST1011182,0,0,0,1,0,0,0,0,N,N,Y,6,2026,1,N,None
CUST1011183,0,0,0,1,3,2,0,0,N,N,N,6,2026,3,N,None
CUST1011184,2,0,0,1,0,0,0,0,Y,N,Y,6,2026,2,Y,RD
CUST1011185,0,0,0,0,0,1,0,0,Y,N,N,6,2026,1,N,None
CUST1011186,0,1,0,1,0,0,0,0,N,N,Y,6,2026,2,N,None
CUST1011187,0,0,0,1,0,0,0,1,N,N,N,6,2026,2,N,None
CUST1011188,0,0,0,1,3,0,0,0,Y,N,N,6,2026,2,N,None
CUST1011189,0,0,0,1,3,0,0,0,N,N,N,6,2026,2,N,None
CUST1011190,0,1,0,1,0,2,0,0,N,N,N,6,2026,3,Y,AL
CUST1011191,0,0,0,1,0,0,1,0,Y,N,N,6,2026,2,N,None
CUST1011192,0,0,0,1,0,0,0,0,N,N,Y,6,2026,1,Y,AL
CUST1011193,0,0,0,1,0,0,0,0,N,N,Y,6,2026,1,N,None
CUST1011194,1,0,0,1,0,0,1,0,N,N,N,6,2026,3,N,None
CUST1011195,0,0,0,1,0,0,0,0,N,N,Y,6,2026,1,N,None
CUST1011196,0,0,0,1,0,0,0,0,Y,N,N,6,2026,1,N,None
CUST1011197,0,1,0,1,0,1,0,1,N,Y,Y,6,2026,4,Y,CC
CUST1011198,0,0,0,1,0,0,0,0,N,N,Y,6,2026,1,N,None
CUST1011199,0,1,0,1,0,0,0,0,N,N,Y,6,2026,2,N,None
CUST1011200,0,1,0,1,0,0,0,1,N,N,Y,6,2026,3,N,None
CUST1011201,0,2,0,1,0,0,0,0,N,N,N,6,2026,2,N,None
CUST1011202,0,0,0,1,3,0,0,1,N,N,Y,6,2026,3,N,SA
CUST1011203,0,1,0,1,0,0,0,0,N,N,N,6,2026,2,N,None
CUST1011204,0,0,0,1,0,0,0,0,N,N,Y,6,2026,1,N,None
CUST1011205,0,0,0,1,0,2,0,0,N,N,Y,6,2026,2,N,None
CUST1011206,0,0,0,1,0,0,0,0,N,N,N,6,2026,1,Y,CC
CUST1011207,1,0,0,1,1,1,1,0,N,N,N,6,2026,5,N,None
CUST1011208,0,1,0,1,0,0,0,0,N,N,N,6,2026,2,N,None
CUST1011209,0,1,0,1,3,0,0,0,N,N,N,6,2026,3,Y,CC
CUST1011210,0,1,0,1,3,2,0,1,N,N,Y,6,2026,5,N,None
CUST1011211,0,0,0,1,0,0,0,0,Y,Y,Y,6,2026,1,N,None
CUST1011212,0,2,0,1,2,0,0,0,N,N,Y,6,2026,3,N,None
CUST1011213,0,0,0,1,0,0,0,0,N,N,Y,6,2026,1,N,None
CUST1011214,0,0,0,1,0,0,0,0,N,N,Y,6,2026,1,Y,RD
CUST1011215,0,2,0,1,0,1,0,0,N,N,Y,6,2026,3,N,None
CUST1011216,0,2,0,1,0,0,0,0,N,N,Y,6,2026,2,N,SA
CUST1011217,2,0,0,1,3,0,0,0,N,N,Y,6,2026,3,Y,HF
CUST1011218,0,0,0,1,0,0,1,0,N,N,Y,6,2026,2,N,HL
CUST1011219,0,0,0,1,1,0,0,0,N,N,Y,6,2026,2,N,None
CUST1011220,0,0,0,1,3,2,0,0,N,N,N,6,2026,3,N,None
CUST1011221,2,0,0,1,2,0,0,0,N,N,N,6,2026,3,N,CC
CUST1011222,0,0,0,0,0,0,0,0,N,N,Y,6,2026,0,N,None
CUST1011223,0,2,0,1,0,2,0,0,N,Y,N,6,2026,3,Y,CC
CUST1011224,0,0,0,1,0,2,0,0,N,N,N,6,2026,2,N,None
CUST1011225,0,2,0,1,1,2,0,0,N,N,N,6,2026,4,N,None
CUST1011226,0,1,0,1,0,0,0,0,N,N,N,6,2026,2,N,None
CUST1011227,0,1,0,1,0,0,0,0,N,N,Y,6,2026,2,Y,CC
CUST1011228,0,0,0,1,0,0,0,0,N,N,Y,6,2026,1,N,None
CUST1011229,0,2,0,1,2,1,0,0,N,N,N,6,2026,4,Y,SA
CUST1011230,0,0,0,0,1,0,0,1,N,N,N,6,2026,2,Y,CC
CUST1011231,0,0,0,1,0,0,0,0,N,N,Y,6,2026,1,N,MF
CUST1011232,0,0,0,1,0,0,0,1,N,N,Y,6,2026,2,N,HL
CUST1011233,0,0,0,1,2,0,0,0,N,N,Y,6,2026,2,N,None
CUST1011234,1,0,0,1,3,0,1,1,N,N,Y,6,2026,5,Y,CC
CUST1011235,0,0,0,1,0,0,0,0,N,N,Y,6,2026,1,N,None
CUST1011236,0,0,0,1,0,0,0,0,N,N,N,6,2026,1,Y,AL
CUST1011237,0,2,0,1,0,0,0,0,N,N,Y,6,2026,2,Y,CC
CUST1011238,0,1,1,1,0,0,0,0,N,N,Y,6,2026,3,N,RD
CUST1011239,0,0,0,1,0,0,0,0,N,N,Y,6,2026,1,N,None
CUST1011240,0,0,0,1,0,0,0,0,N,Y,N,6,2026,1,N,PL
CUST1011241,0,1,0,1,0,0,0,0,N,N,Y,6,2026,2,N,None
CUST1011242,0,0,0,0,0,0,0,0,N,Y,Y,6,2026,0,N,None
CUST1011243,0,1,0,1,0,2,0,0,Y,N,Y,6,2026,3,N,AL
CUST1011244,0,1,0,1,3,0,0,0,N,N,Y,6,2026,3,N,None
CUST1011245,0,2,0,1,0,0,0,0,N,N,N,6,2026,2,Y,PL
CUST1011246,0,0,0,1,0,1,0,0,N,N,N,6,2026,2,Y,RD
CUST1011247,0,0,0,1,3,0,0,0,N,N,N,6,2026,2,N,RD
CUST1011248,0,0,0,1,1,0,0,0,N,N,Y,6,2026,2,N,None
CUST1011249,0,0,0,1,1,0,0,1,N,N,N,6,2026,3,Y,SA
CUST1011250,0,2,0,1,3,0,0,0,N,N,N,6,2026,3,Y,HL
CUST1011251,0,0,0,1,0,0,0,1,N,N,Y,6,2026,2,N,None
CUST1011252,0,0,0,1,0,0,0,0,N,N,N,6,2026,1,Y,PL
CUST1011253,1,0,0,1,2,2,0,0,N,N,Y,6,2026,4,N,None
CUST1011254,0,0,0,1,1,0,0,0,N,N,N,6,2026,2,N,None
CUST1011255,0,0,0,1,0,0,0,0,N,N,N,6,2026,1,N,None
CUST1011256,1,2,0,1,0,0,0,0,N,N,N,6,2026,3,Y,SA
CUST1011257,0,0,0,1,1,0,0,0,N,N,N,6,2026,2,N,None
CUST1011258,0,1,0,1,1,1,0,1,N,N,Y,6,2026,5,N,None
CUST1011259,0,0,0,0,0,2,0,0,N,N,Y,6,2026,1,N,None
CUST1011260,0,0,0,1,1,1,0,0,N,N,Y,6,2026,3,N,None
CUST1011261,2,2,0,1,3,2,0,1,N,N,N,6,2026,6,Y,PL
CUST1011262,0,0,0,1,3,0,0,0,N,N,N,6,2026,2,N,PL
CUST1011263,0,2,0,1,0,0,0,0,N,N,N,6,2026,2,Y,CC
CUST1011264,0,0,0,0,0,0,0,0,N,N,Y,6,2026,0,N,None
CUST1011265,0,0,0,1,0,0,0,0,N,N,N,6,2026,1,Y,PL
CUST1011266,0,1,0,1,0,0,1,0,N,N,N,6,2026,3,N,None
CUST1011267,0,2,0,1,0,0,0,0,Y,N,Y,6,2026,2,N,None
CUST1011268,0,0,0,0,2,0,1,0,N,N,N,6,2026,2,N,None
CUST1011269,0,1,0,1,0,0,0,0,N,N,Y,6,2026,2,N,None
CUST1011270,0,0,0,1,0,0,0,0,N,N,Y,6,2026,1,N,None
CUST1011271,2,0,0,1,0,0,1,1,N,N,N,6,2026,4,N,None
CUST1011272,0,0,0,1,0,1,0,0,N,N,Y,6,2026,2,Y,SA
CUST1011273,0,2,0,1,0,0,0,0,N,N,Y,6,2026,2,Y,AL
CUST1011274,0,2,0,1,0,0,0,0,N,N,Y,6,2026,2,Y,AL
CUST1011275,0,0,0,1,0,2,0,0,N,N,Y,6,2026,2,N,None
CUST1011276,0,2,0,1,0,0,0,0,N,N,Y,6,2026,2,Y,MF
CUST1011277,0,0,0,1,0,1,0,0,N,N,Y,6,2026,2,N,None
CUST1011278,0,0,1,1,0,1,0,0,N,Y,N,6,2026,3,N,None
CUST1011279,0,0,0,1,0,0,0,1,N,N,N,6,2026,2,Y,AL
CUST1011280,1,1,0,0,0,1,1,0,N,N,Y,6,2026,4,Y,RD
CUST1011281,0,0,0,1,1,0,0,1,N,N,N,6,2026,3,N,None
CUST1011282,0,0,0,1,0,0,0,0,Y,N,N,6,2026,1,Y,RD
CUST1011283,0,0,0,1,0,0,0,0,N,N,N,6,2026,1,N,None
CUST1011284,0,2,0,1,0,0,0,0,N,N,Y,6,2026,2,N,PL
CUST1011285,0,2,0,1,0,1,0,0,N,N,Y,6,2026,3,N,MF
CUST1011286,0,0,0,1,0,0,0,0,Y,N,Y,6,2026,1,Y,HF
CUST1011287,0,0,0,1,0,0,0,1,N,Y,N,6,2026,2,Y,HL
CUST1011288,0,2,0,1,1,0,0,0,Y,N,N,6,2026,3,Y,SA
CUST1011289,0,2,0,0,0,2,0,0,Y,N,N,6,2026,2,Y,RD
CUST1011290,0,0,0,0,1,1,0,0,N,N,Y,6,2026,2,Y,SA
CUST1011291,0,0,0,1,0,0,1,0,N,N,Y,6,2026,2,Y,SA
CUST1011292,0,0,0,1,0,0,0,0,N,N,Y,6,2026,1,Y,PL
CUST1011293,0,0,0,0,3,1,1,0,Y,N,N,6,2026,3,N,None
CUST1011294,2,0,0,1,0,0,0,0,N,N,Y,6,2026,2,Y,AL
CUST1011295,0,0,0,1,0,2,0,1,N,N,N,6,2026,3,Y,MF
CUST1011296,0,0,0,1,0,2,0,0,N,N,Y,6,2026,2,Y,RD
CUST1011297,0,0,1,1,0,2,0,0,N,N,N,6,2026,3,N,None
CUST1011298,0,0,0,1,1,0,0,0,N,N,N,6,2026,2,Y,MF
CUST1011299,0,0,0,1,0,0,0,0,N,N,Y,6,2026,1,N,HF
CUST1011300,0,2,0,1,0,0,0,0,N,N,Y,6,2026,2,Y,CC
CUST1011301,0,0,0,1,1,0,0,0,Y,N,Y,6,2026,2,N,None
CUST1011302,0,1,0,1,3,0,0,0,N,N,N,6,2026,3,N,None
CUST1011303,0,2,0,1,0,2,0,0,N,N,Y,6,2026,3,N,None
CUST1011304,0,2,0,1,0,0,0,0,N,N,Y,6,2026,2,N,None
CUST1011305,0,1,0,1,0,1,0,0,N,N,N,6,2026,3,N,None
CUST1011306,0,0,0,1,0,0,0,1,N,N,Y,6,2026,2,N,None
CUST1011307,0,0,0,1,0,0,0,0,Y,N,Y,6,2026,1,N,None
CUST1011308,2,0,0,1,0,0,0,0,N,N,Y,6,2026,2,N,None
CUST1011309,0,2,0,1,0,2,0,0,N,N,Y,6,2026,3,N,HF
CUST1011310,0,0,0,1,0,0,0,0,Y,N,Y,6,2026,1,N,None
CUST1011311,2,1,0,1,0,1,1,0,N,N,N,6,2026,5,Y,SA
CUST1011312,2,0,0,1,0,1,0,0,N,N,N,6,2026,3,N,None
CUST1011313,1,2,0,1,2,0,0,0,N,N,Y,6,2026,4,Y,MF
CUST1011314,0,0,0,1,0,0,0,0,N,N,N,6,2026,1,Y,MF
CUST1011315,0,1,0,1,1,0,0,0,Y,N,Y,6,2026,3,N,None
CUST1011316,0,0,0,1,0,0,0,0,N,N,Y,6,2026,1,N,None
CUST1011317,0,0,0,1,0,0,0,0,N,N,N,6,2026,1,N,AL
CUST1011318,0,2,0,1,0,0,0,0,N,N,Y,6,2026,2,N,None
CUST1011319,0,0,0,1,0,0,0,0,N,N,Y,6,2026,1,Y,HF
CUST1011320,2,2,0,1,0,0,0,0,N,N,Y,6,2026,3,N,None
CUST1011321,0,1,0,1,0,2,0,0,N,N,Y,6,2026,3,Y,PL
CUST1011322,0,0,0,1,0,0,1,0,N,N,Y,6,2026,2,Y,MF
CUST1011323,0,0,0,1,0,0,0,0,Y,N,N,6,2026,1,N,None
CUST1011324,0,0,0,1,0,0,0,0,N,N,N,6,2026,1,Y,HF
CUST1011325,0,0,0,1,0,0,0,0,N,N,Y,6,2026,1,N,None
CUST1011326,0,0,0,1,0,1,0,0,N,N,N,6,2026,2,N,None
CUST1011327,0,1,0,1,1,0,0,0,N,N,N,6,2026,3,N,None
CUST1011328,0,2,1,1,0,0,0,0,N,Y,Y,6,2026,3,Y,PL
CUST1011329,1,1,0,1,0,1,0,0,Y,N,N,6,2026,4,N,MF
CUST1011330,2,2,0,1,0,0,0,0,Y,N,N,6,2026,3,N,None
CUST1011331,0,2,0,1,3,1,0,0,N,N,N,6,2026,4,N,None
CUST1011332,0,0,0,1,0,1,0,0,N,N,Y,6,2026,2,Y,CC
CUST1011333,0,1,0,1,0,2,0,0,N,Y,Y,6,2026,3,N,MF
CUST1011334,0,0,0,1,2,0,0,0,N,N,N,6,2026,2,Y,AL
CUST1011335,0,0,0,1,0,0,0,0,N,N,N,6,2026,1,N,CC
CUST1011336,0,0,0,1,0,0,0,0,N,Y,Y,6,2026,1,N,None
CUST1011337,0,2,0,1,0,1,0,0,N,N,N,6,2026,3,Y,SA
CUST1011338,0,0,0,1,0,2,0,0,N,N,Y,6,2026,2,Y,SA
CUST1011339,0,1,0,1,0,0,0,0,Y,N,N,6,2026,2,N,None
CUST1011340,0,0,0,1,0,0,1,0,Y,N,N,6,2026,2,N,None
CUST1011341,1,1,0,1,0,0,0,0,N,N,Y,6,2026,3,Y,CC
CUST1011342,0,1,0,1,2,2,0,0,N,N,Y,6,2026,4,Y,SA
CUST1011343,0,1,0,1,0,0,0,0,N,N,Y,6,2026,2,N,None
CUST1011344,0,2,1,1,0,0,0,0,N,N,N,6,2026,3,N,None
CUST1011345,0,0,0,1,0,0,0,0,N,N,N,6,2026,1,N,None
CUST1011346,0,1,0,1,0,1,0,0,N,N,N,6,2026,3,Y,SA
CUST1011347,0,0,0,1,0,0,0,0,N,N,Y,6,2026,1,N,None
CUST1011348,0,2,0,1,0,0,0,0,N,N,N,6,2026,2,N,None
CUST1011349,0,0,0,1,0,0,0,0,N,N,Y,6,2026,1,N,None
CUST1011350,0,0,0,1,0,0,0,0,N,Y,N,6,2026,1,N,None
CUST1011351,0,0,0,1,0,0,0,1,N,N,N,6,2026,2,N,None
CUST1011352,0,0,0,1,0,0,0,0,N,N,N,6,2026,1,N,None
CUST1011353,0,0,0,1,2,0,0,1,N,N,Y,6,2026,3,N,None
CUST1011354,0,0,0,1,0,0,0,0,N,N,Y,6,2026,1,N,None
CUST1011355,2,2,0,1,0,0,0,0,Y,N,Y,6,2026,3,Y,CC
CUST1011356,0,2,0,1,0,0,0,0,N,N,Y,6,2026,2,N,None
CUST1011357,0,1,1,1,0,0,0,1,N,N,N,6,2026,4,Y,SA
CUST1011358,0,0,0,1,0,0,0,0,N,N,N,6,2026,1,N,None
CUST1011359,2,0,0,1,1,2,0,0,N,N,Y,6,2026,4,N,None
CUST1011360,0,0,1,1,0,2,0,0,N,N,N,6,2026,3,Y,RD
CUST1011361,2,0,0,1,0,1,0,0,N,N,Y,6,2026,3,Y,AL
CUST1011362,0,0,0,1,0,1,0,1,N,N,N,6,2026,3,Y,RD
CUST1011363,2,0,0,1,0,0,0,0,N,N,N,6,2026,2,N,None
CUST1011364,0,2,0,1,0,0,0,0,N,N,Y,6,2026,2,N,None
CUST1011365,0,0,0,1,3,0,0,0,N,N,Y,6,2026,2,N,None
CUST1011366,0,0,0,1,1,0,0,0,N,N,N,6,2026,2,Y,CC
CUST1011367,0,2,0,1,0,0,0,0,N,N,N,6,2026,2,N,None
CUST1011368,0,0,0,1,2,2,0,0,N,N,N,6,2026,3,N,None
CUST1011369,2,0,0,1,0,0,0,0,N,N,N,6,2026,2,Y,HF
CUST1011370,0,0,0,1,0,1,0,0,N,N,Y,6,2026,2,N,None
CUST1011371,2,0,0,1,0,0,0,0,N,N,Y,6,2026,2,N,None
CUST1011372,0,0,0,1,1,0,0,0,N,N,Y,6,2026,2,Y,CC
CUST1011373,0,1,0,0,0,0,0,0,N,N,N,6,2026,1,N,None
CUST1011374,0,0,0,1,0,0,0,0,N,N,N,6,2026,1,Y,AL
CUST1011375,0,2,0,1,0,0,0,0,N,N,N,6,2026,2,N,None
CUST1011376,1,0,1,1,0,0,1,1,N,N,N,6,2026,5,N,None
CUST1011377,0,1,0,1,0,0,0,0,N,N,Y,6,2026,2,N,None
CUST1011378,0,2,0,1,0,1,0,0,N,N,Y,6,2026,3,N,CC
CUST1011379,0,0,0,1,0,0,0,0,N,N,N,6,2026,1,N,None
CUST1011380,0,0,0,1,0,0,0,1,N,N,N,6,2026,2,N,None
CUST1011381,2,1,0,1,0,0,0,0,N,N,N,6,2026,3,N,None
CUST1011382,0,0,0,1,0,2,0,1,N,N,Y,6,2026,3,Y,RD
CUST1011383,0,0,0,1,0,0,0,0,Y,N,Y,6,2026,1,Y,SA
CUST1011384,1,0,0,1,0,0,0,1,N,N,N,6,2026,3,N,None
CUST1011385,0,1,0,1,1,0,0,0,N,N,Y,6,2026,3,Y,CC
CUST1011386,0,0,0,1,1,0,0,0,N,Y,N,6,2026,2,Y,RD
CUST1011387,0,0,1,1,0,1,0,0,N,N,Y,6,2026,3,N,None
CUST1011388,0,0,0,1,0,2,0,0,N,N,Y,6,2026,2,N,None
CUST1011389,0,0,0,1,2,0,0,0,Y,N,N,6,2026,2,N,None
CUST1011390,0,0,0,1,0,2,0,0,N,N,Y,6,2026,2,Y,HL
CUST1011391,0,2,0,1,0,0,0,0,Y,N,N,6,2026,2,Y,RD
CUST1011392,2,0,0,1,0,2,0,0,N,N,Y,6,2026,3,Y,MF
CUST1011393,0,1,0,1,0,0,0,1,Y,N,Y,6,2026,3,N,PL
CUST1011394,0,0,0,1,1,0,0,0,N,N,N,6,2026,2,Y,AL
CUST1011395,0,0,0,1,0,0,1,0,N,N,N,6,2026,2,N,None
CUST1011396,0,0,0,1,0,2,0,0,Y,N,Y,6,2026,2,N,None
CUST1011397,0,1,0,1,1,0,0,0,N,N,N,6,2026,3,N,None
CUST1011398,1,2,0,1,0,0,0,0,N,N,Y,6,2026,3,N,None
CUST1011399,0,0,0,1,0,0,0,0,Y,N,Y,6,2026,1,N,None
CUST1011400,0,0,0,1,0,2,1,0,N,Y,Y,6,2026,3,N,None
CUST1011401,0,2,1,1,1,0,0,0,N,Y,N,6,2026,4,Y,MF
CUST1011402,0,2,0,1,0,0,0,0,N,N,Y,6,2026,2,N,None
CUST1011403,1,2,0,1,2,0,0,0,Y,N,N,6,2026,4,N,None
CUST1011404,0,2,0,1,0,0,0,0,Y,N,Y,6,2026,2,N,None
CUST1011405,2,0,1,1,1,0,0,0,N,N,Y,6,2026,4,N,None
CUST1011406,0,0,0,1,0,0,0,0,N,N,Y,6,2026,1,N,None
CUST1011407,0,0,0,0,0,0,0,0,N,N,N,6,2026,0,N,None
CUST1011408,0,0,0,1,0,1,0,0,Y,N,Y,6,2026,2,N,None
CUST1011409,0,0,0,1,0,0,0,0,N,N,Y,6,2026,1,N,None
CUST1011410,0,0,0,0,1,0,1,0,N,N,N,6,2026,2,N,None
CUST1011411,1,1,0,1,0,0,0,0,N,N,N,6,2026,3,Y,SA
CUST1011412,0,2,0,1,0,0,0,0,N,N,N,6,2026,2,Y,SA
CUST1011413,0,0,0,1,0,1,0,0,N,N,N,6,2026,2,N,None
CUST1011414,0,1,0,1,0,0,0,0,N,N,N,6,2026,2,N,None
CUST1011415,0,1,0,0,3,2,0,0,N,N,N,6,2026,3,N,None
CUST1011416,0,0,0,1,0,0,0,0,N,N,Y,6,2026,1,N,None
CUST1011417,0,0,0,0,3,1,0,0,N,N,N,6,2026,2,Y,PL
CUST1011418,0,0,0,1,0,0,0,0,N,N,Y,6,2026,1,N,None
CUST1011419,0,2,0,1,0,0,0,0,N,Y,N,6,2026,2,N,MF
CUST1011420,0,0,0,1,0,0,0,0,N,N,Y,6,2026,1,Y,MF
CUST1011421,0,0,0,1,2,0,0,0,N,N,N,6,2026,2,Y,PL
CUST1011422,0,0,0,1,0,0,0,0,N,N,Y,6,2026,1,N,None
CUST1011423,0,0,0,1,0,0,0,0,N,N,N,6,2026,1,Y,SA
CUST1011424,0,1,0,1,0,0,0,0,N,N,Y,6,2026,2,N,None
CUST1011425,0,0,0,1,3,0,0,0,N,N,Y,6,2026,2,N,None
CUST1011426,0,0,0,1,0,0,1,0,Y,N,Y,6,2026,2,N,None
CUST1011427,0,2,0,1,3,0,1,0,N,N,N,6,2026,4,Y,HF
CUST1011428,2,1,0,1,3,0,1,0,N,N,N,6,2026,5,N,None
CUST1011429,0,0,0,1,0,0,0,0,N,N,Y,6,2026,1,Y,SA
CUST1011430,0,0,0,1,0,2,0,0,N,N,Y,6,2026,2,N,None
CUST1011431,0,2,0,1,0,0,0,0,N,Y,N,6,2026,2,Y,AL
CUST1011432,0,0,0,1,0,0,0,0,N,N,Y,6,2026,1,Y,SA
CUST1011433,0,0,0,1,0,0,0,0,Y,N,N,6,2026,1,Y,PL
CUST1011434,0,1,0,1,0,0,0,0,N,N,Y,6,2026,2,N,None
CUST1011435,0,0,0,0,0,0,0,0,Y,N,Y,6,2026,0,Y,RD
CUST1011436,0,0,0,1,0,0,0,0,N,N,Y,6,2026,1,N,None
CUST1011437,0,2,0,1,3,1,0,0,N,N,N,6,2026,4,N,None
CUST1011438,1,0,0,1,0,0,0,0,N,N,Y,6,2026,2,N,None
CUST1011439,0,1,0,1,0,0,0,0,N,N,Y,6,2026,2,N,None
CUST1011440,2,0,0,1,0,2,1,0,N,N,Y,6,2026,4,Y,RD
CUST1011441,0,1,0,1,0,0,0,0,N,N,Y,6,2026,2,N,None
CUST1011442,0,2,0,1,2,0,0,0,N,N,Y,6,2026,3,Y,AL
CUST1011443,0,0,0,1,0,0,1,0,N,N,N,6,2026,2,Y,AL
CUST1011444,0,1,0,1,0,1,0,0,N,N,N,6,2026,3,Y,SA
CUST1011445,0,1,0,1,0,0,0,0,N,N,Y,6,2026,2,N,None
CUST1011446,0,0,0,1,3,0,0,0,N,N,N,6,2026,2,N,None
CUST1011447,0,0,0,1,0,1,0,0,N,N,Y,6,2026,2,N,None
CUST1011448,0,1,0,1,0,2,0,0,Y,N,N,6,2026,3,N,None
CUST1011449,1,0,0,1,0,0,0,0,Y,N,Y,6,2026,2,N,None
CUST1011450,0,0,0,1,0,0,0,0,N,N,Y,6,2026,1,Y,MF
CUST1011451,0,0,0,1,0,0,0,0,N,N,Y,6,2026,1,N,None
CUST1011452,2,1,0,1,2,0,1,0,N,N,Y,6,2026,5,N,None
CUST1011453,0,0,0,1,0,0,0,0,N,N,N,6,2026,1,N,None
CUST1011454,0,0,0,1,3,0,0,0,N,N,N,6,2026,2,N,None
CUST1011455,0,0,0,1,3,2,0,0,Y,Y,Y,6,2026,3,N,None
CUST1011456,0,0,0,1,2,0,0,0,N,N,Y,6,2026,2,N,None
CUST1011457,1,0,0,1,0,0,0,1,N,N,N,6,2026,3,N,None
CUST1011458,0,0,0,1,0,0,0,0,N,N,Y,6,2026,1,N,None
CUST1011459,0,0,0,1,3,0,0,0,N,N,N,6,2026,2,N,None
CUST1011460,0,0,0,0,0,0,0,0,N,Y,Y,6,2026,0,N,None
CUST1011461,0,0,0,1,0,0,0,0,N,N,Y,6,2026,1,Y,RD
CUST1011462,0,0,0,1,0,0,0,0,Y,N,N,6,2026,1,N,None
CUST1011463,0,0,0,1,0,2,0,0,N,N,N,6,2026,2,N,None
CUST1011464,1,1,0,1,0,0,0,0,N,N,Y,6,2026,3,N,None
CUST1011465,0,0,0,1,0,2,0,0,Y,N,N,6,2026,2,Y,AL
CUST1011466,0,0,0,1,0,1,0,0,N,Y,N,6,2026,2,Y,PL
CUST1011467,0,1,0,1,3,0,0,0,N,N,Y,6,2026,3,Y,HL
CUST1011468,0,1,0,1,1,1,0,0,N,N,N,6,2026,4,Y,SA
CUST1011469,0,0,0,1,0,0,0,0,N,N,Y,6,2026,1,N,None
CUST1011470,0,0,0,1,3,1,0,0,N,N,N,6,2026,3,Y,SA
CUST1011471,0,0,0,1,0,0,0,0,N,N,N,6,2026,1,N,None
CUST1011472,0,0,0,1,0,1,1,0,N,N,N,6,2026,3,N,None
CUST1011473,0,0,0,1,0,1,0,0,N,N,N,6,2026,2,Y,CC
CUST1011474,0,0,0,1,0,0,0,0,N,N,Y,6,2026,1,N,None
CUST1011475,0,0,0,1,2,0,0,0,Y,N,Y,6,2026,2,Y,AL
CUST1011476,0,1,0,1,0,0,1,0,N,N,N,6,2026,3,N,None
CUST1011477,0,2,0,1,0,0,0,1,Y,N,Y,6,2026,3,Y,CC
CUST1011478,0,0,0,1,0,1,0,0,N,N,N,6,2026,2,Y,AL
CUST1011479,2,0,0,1,0,2,0,0,N,N,N,6,2026,3,N,MF
CUST1011480,0,0,0,1,3,0,0,0,N,N,N,6,2026,2,N,AL
CUST1011481,1,2,0,1,0,1,0,0,Y,N,Y,6,2026,4,Y,HF
CUST1011482,1,0,0,1,0,0,0,0,N,N,Y,6,2026,2,N,None
CUST1011483,0,0,0,1,1,0,0,1,N,N,Y,6,2026,3,Y,MF
CUST1011484,0,0,0,1,0,1,0,1,N,N,N,6,2026,3,N,None
CUST1011485,0,0,0,1,2,0,0,0,N,N,Y,6,2026,2,N,None
CUST1011486,0,0,0,1,1,2,0,0,N,N,N,6,2026,3,N,None
CUST1011487,0,0,0,1,0,2,1,0,N,N,N,6,2026,3,N,None
CUST1011488,0,0,0,1,3,0,0,0,N,N,Y,6,2026,2,N,None
CUST1011489,0,0,0,1,0,1,0,0,N,N,N,6,2026,2,N,None
CUST1011490,0,1,0,1,2,0,0,0,Y,N,Y,6,2026,3,N,AL
CUST1011491,0,0,0,1,0,0,0,0,N,N,Y,6,2026,1,Y,SA
CUST1011492,0,1,1,1,0,2,0,0,Y,N,N,6,2026,4,N,None
CUST1011493,0,1,0,1,3,0,0,0,N,N,Y,6,2026,3,N,None
CUST1011494,1,1,0,1,0,2,0,0,N,N,N,6,2026,4,Y,AL
CUST1011495,0,0,0,1,0,0,0,0,N,N,Y,6,2026,1,Y,RD
CUST1011496,0,1,0,1,0,0,0,0,Y,N,N,6,2026,2,N,None
CUST1011497,0,0,0,1,2,1,0,0,N,N,Y,6,2026,3,N,None
CUST1011498,0,2,0,1,0,0,0,0,N,N,N,6,2026,2,Y,RD
CUST1011499,0,2,0,1,1,0,0,0,N,N,N,6,2026,3,N,None
CUST1011500,0,2,0,1,0,0,0,0,N,N,Y,6,2026,2,N,None
CUST1011501,0,2,0,1,0,0,0,1,N,N,Y,6,2026,3,Y,HL
CUST1011502,0,0,0,1,0,1,0,0,N,N,Y,6,2026,2,Y,HF
CUST1011503,0,1,0,1,0,0,0,0,N,Y,Y,6,2026,2,N,None
CUST1011504,0,1,0,1,0,0,0,1,N,N,Y,6,2026,3,Y,SA
CUST1011505,0,0,0,1,0,1,0,0,Y,N,N,6,2026,2,N,None
CUST1011506,2,1,0,1,0,0,0,0,N,N,Y,6,2026,3,Y,RD
CUST1011507,0,0,0,1,2,1,0,0,N,N,N,6,2026,3,N,None
CUST1011508,0,0,0,1,0,0,0,0,N,N,N,6,2026,1,N,None
CUST1011509,0,0,0,1,0,0,0,0,N,N,Y,6,2026,1,Y,RD
CUST1011510,0,0,1,1,0,0,0,0,N,N,N,6,2026,2,N,None
CUST1011511,0,0,0,1,0,1,0,0,N,N,Y,6,2026,2,N,None
CUST1011512,0,2,0,1,0,0,0,0,N,N,N,6,2026,2,N,None
CUST1011513,0,0,0,1,0,0,0,0,N,N,Y,6,2026,1,Y,CC
CUST1011514,0,0,0,1,0,0,0,0,N,N,Y,6,2026,1,N,RD
CUST1011515,0,0,0,1,0,0,0,0,N,N,N,6,2026,1,Y,AL
CUST1011516,0,0,0,1,0,0,0,0,N,N,N,6,2026,1,Y,MF
CUST1011517,0,0,0,1,0,1,0,0,N,N,Y,6,2026,2,N,None
CUST1011518,0,1,0,1,1,0,0,1,N,N,Y,6,2026,4,N,None
CUST1011519,0,0,0,1,1,0,0,0,N,N,Y,6,2026,2,N,None
CUST1011520,1,0,0,1,2,0,0,0,N,N,Y,6,2026,3,Y,AL
CUST1011521,0,0,0,0,0,1,0,0,N,N,N,6,2026,1,Y,RD
CUST1011522,0,1,0,1,0,2,1,0,N,N,Y,6,2026,4,N,None
CUST1011523,1,2,0,1,0,0,0,0,N,N,N,6,2026,3,N,None
CUST1011524,1,2,0,1,0,1,0,0,N,N,Y,6,2026,4,Y,MF
CUST1011525,0,0,0,1,0,0,0,0,N,N,N,6,2026,1,Y,MF
CUST1011526,0,1,0,1,0,2,0,0,N,N,Y,6,2026,3,N,None
CUST1011527,0,1,0,1,0,0,0,0,N,N,N,6,2026,2,N,PL
CUST1011528,1,2,0,1,0,0,0,0,Y,N,N,6,2026,3,N,None
CUST1011529,0,0,0,1,0,0,1,0,N,N,N,6,2026,2,Y,RD
CUST1011530,0,1,0,1,0,0,0,0,N,N,N,6,2026,2,N,None
CUST1011531,0,0,1,1,0,0,0,1,N,N,Y,6,2026,3,N,None
CUST1011532,0,0,0,1,1,2,0,0,Y,N,N,6,2026,3,N,None
CUST1011533,2,0,0,1,0,0,0,0,N,Y,N,6,2026,2,Y,RD
CUST1011534,2,0,0,1,0,0,0,0,Y,N,Y,6,2026,2,N,None
CUST1011535,0,1,0,1,0,0,0,1,N,N,N,6,2026,3,N,None
CUST1011536,0,0,0,1,3,0,0,0,N,N,Y,6,2026,2,N,None
CUST1011537,0,0,0,1,0,0,0,0,Y,N,Y,6,2026,1,N,MF
CUST1011538,0,0,0,1,0,1,0,0,N,N,N,6,2026,2,Y,AL
CUST1011539,1,0,0,1,0,0,0,0,N,N,N,6,2026,2,Y,RD
CUST1011540,0,0,0,1,0,0,0,0,N,N,N,6,2026,1,N,None
CUST1011541,0,0,0,1,0,2,1,0,N,N,Y,6,2026,3,Y,CC
CUST1011542,0,0,0,1,0,0,0,0,N,N,Y,6,2026,1,Y,HL
CUST1011543,0,0,0,1,0,2,0,0,N,N,Y,6,2026,2,N,None
CUST1011544,0,1,0,1,1,1,0,0,N,N,N,6,2026,4,N,None
CUST1011545,0,0,0,1,0,0,0,1,N,N,Y,6,2026,2,Y,RD
CUST1011546,0,2,0,1,0,0,0,0,N,N,N,6,2026,2,Y,CC
CUST1011547,0,2,0,1,0,0,0,0,N,N,Y,6,2026,2,N,None
CUST1011548,0,0,0,1,0,0,0,1,N,N,N,6,2026,2,Y,SA
CUST1011549,0,1,1,1,1,1,0,0,N,N,N,6,2026,5,Y,SA
CUST1011550,2,2,0,1,2,1,0,1,N,N,N,6,2026,6,Y,CC
CUST1011551,0,0,0,1,1,1,0,0,N,N,Y,6,2026,3,N,None
CUST1011552,0,1,0,1,0,0,0,0,N,N,Y,6,2026,2,Y,MF
CUST1011553,0,1,0,0,0,1,0,0,N,N,Y,6,2026,2,Y,CC
CUST1011554,0,1,0,1,0,2,0,0,N,N,N,6,2026,3,N,None
CUST1011555,0,2,0,1,0,0,0,0,Y,N,Y,6,2026,2,N,CC
CUST1011556,0,1,1,1,0,1,0,0,N,N,Y,6,2026,4,N,None
CUST1011557,0,2,0,1,1,0,0,0,Y,N,Y,6,2026,3,N,None
CUST1011558,0,0,0,1,0,2,0,1,Y,N,Y,6,2026,3,N,None
CUST1011559,0,1,0,1,0,0,0,0,N,Y,Y,6,2026,2,N,None
CUST1011560,0,0,0,1,0,0,0,0,N,Y,N,6,2026,1,N,RD
CUST1011561,1,1,0,1,2,1,1,0,N,N,N,6,2026,6,Y,SA
CUST1011562,0,0,0,1,0,2,0,0,N,Y,N,6,2026,2,N,SA
CUST1011563,0,1,0,1,0,0,0,0,N,N,Y,6,2026,2,N,None
CUST1011564,0,0,0,1,0,0,0,0,N,N,Y,6,2026,1,N,CC
CUST1011565,0,0,0,1,0,0,0,0,N,N,Y,6,2026,1,N,None
CUST1011566,0,0,0,1,2,0,0,1,Y,N,Y,6,2026,3,Y,PL
CUST1011567,0,1,0,1,0,0,0,0,N,N,N,6,2026,2,Y,HF
CUST1011568,0,1,0,1,0,0,0,0,Y,N,Y,6,2026,2,N,None
CUST1011569,0,1,0,1,0,0,0,0,N,Y,N,6,2026,2,N,None
CUST1011570,0,0,0,1,0,0,0,0,Y,N,N,6,2026,1,N,None
CUST1011571,0,0,0,1,0,0,0,0,Y,N,N,6,2026,1,N,None
CUST1011572,0,2,0,1,0,2,0,0,N,N,N,6,2026,3,Y,SA
CUST1011573,0,0,0,1,0,1,0,1,N,N,N,6,2026,3,N,None
CUST1011574,0,2,0,0,0,1,0,0,N,N,Y,6,2026,2,Y,AL
CUST1011575,0,0,0,1,3,0,0,0,N,N,N,6,2026,2,Y,RD
CUST1011576,0,1,0,1,3,0,0,0,N,N,N,6,2026,3,N,None
CUST1011577,0,0,0,1,0,1,0,0,N,N,N,6,2026,2,N,None
CUST1011578,0,0,0,1,0,0,0,0,N,N,N,6,2026,1,Y,RD
CUST1011579,0,0,0,1,0,0,0,0,N,N,N,6,2026,1,N,None
CUST1011580,0,0,0,1,2,0,0,0,N,N,N,6,2026,2,N,None
CUST1011581,2,1,0,1,0,0,0,0,N,N,Y,6,2026,3,N,None
CUST1011582,2,0,0,1,0,0,0,0,Y,N,Y,6,2026,2,Y,CC
CUST1011583,0,2,0,1,0,0,0,0,N,N,Y,6,2026,2,Y,SA
CUST1011584,2,1,0,1,0,0,0,0,N,N,Y,6,2026,3,Y,SA
CUST1011585,0,2,0,1,0,0,0,0,N,N,Y,6,2026,2,N,None
CUST1011586,0,1,0,1,0,0,0,0,N,N,Y,6,2026,2,N,None
CUST1011587,0,1,0,1,0,0,0,0,N,N,Y,6,2026,2,N,None
CUST1011588,2,2,0,1,0,0,0,0,Y,N,Y,6,2026,3,N,None
CUST1011589,0,0,0,1,0,0,0,0,N,N,N,6,2026,1,N,None
CUST1011590,0,0,0,1,0,0,0,0,N,N,N,6,2026,1,N,None
CUST1011591,0,0,0,1,0,1,0,0,N,N,N,6,2026,2,N,None
CUST1011592,0,2,0,1,0,0,0,0,N,N,Y,6,2026,2,N,None
CUST1011593,0,0,0,1,0,0,0,0,Y,Y,Y,6,2026,1,Y,RD
CUST1011594,0,0,0,1,0,0,0,0,N,N,Y,6,2026,1,N,None
CUST1011595,0,0,1,1,0,0,0,0,N,N,Y,6,2026,2,Y,AL
CUST1011596,0,1,0,1,0,0,0,0,N,N,N,6,2026,2,N,None
CUST1011597,0,0,0,1,0,0,1,0,N,N,N,6,2026,2,N,None
CUST1011598,0,0,0,1,0,0,0,0,N,N,N,6,2026,1,Y,PL
CUST1011599,0,2,0,1,0,1,0,0,Y,N,N,6,2026,3,Y,CC
CUST1011600,0,1,0,1,0,0,0,0,N,N,Y,6,2026,2,N,None
CUST1011601,0,2,0,1,2,0,0,0,N,N,Y,6,2026,3,Y,SA
CUST1011602,0,0,0,1,1,0,0,0,N,N,N,6,2026,2,Y,HL
CUST1011603,0,0,0,1,0,1,0,1,N,N,N,6,2026,3,Y,CC
CUST1011604,0,1,1,1,0,0,0,0,N,N,N,6,2026,3,N,None
CUST1011605,0,0,0,1,0,0,0,0,N,Y,N,6,2026,1,N,None
CUST1011606,0,1,1,1,0,0,0,0,N,N,Y,6,2026,3,N,None
CUST1011607,0,0,0,1,0,0,0,0,N,N,N,6,2026,1,N,None
CUST1011608,0,2,0,0,0,2,0,0,N,N,Y,6,2026,2,N,None
CUST1011609,0,1,0,1,3,1,0,0,N,N,Y,6,2026,4,N,CC
CUST1011610,0,1,0,1,0,0,0,0,N,N,Y,6,2026,2,Y,SA
CUST1011611,0,0,0,1,3,0,0,0,N,N,N,6,2026,2,Y,RD
CUST1011612,1,0,0,1,0,0,0,0,Y,N,N,6,2026,2,N,None
CUST1011613,0,0,0,1,0,0,0,0,N,N,Y,6,2026,1,N,None
CUST1011614,1,2,0,1,0,0,0,0,N,N,Y,6,2026,3,N,None
CUST1011615,0,0,0,1,0,1,0,1,N,N,N,6,2026,3,N,None
CUST1011616,0,0,0,1,0,0,0,0,N,N,N,6,2026,1,Y,HL
CUST1011617,0,0,0,1,0,2,1,0,N,N,N,6,2026,3,Y,AL
CUST1011618,1,0,0,1,2,0,0,0,N,Y,N,6,2026,3,Y,PL
CUST1011619,0,0,0,1,3,1,0,0,N,N,Y,6,2026,3,N,None
CUST1011620,0,1,0,1,0,0,1,0,N,N,N,6,2026,3,Y,PL
CUST1011621,0,1,0,1,0,2,0,0,N,N,Y,6,2026,3,Y,RD
CUST1011622,0,0,0,1,3,0,0,0,N,N,Y,6,2026,2,N,None
CUST1011623,2,0,0,1,0,2,0,0,N,N,N,6,2026,3,Y,PL
CUST1011624,0,0,0,1,0,0,0,0,N,N,Y,6,2026,1,N,None
CUST1011625,0,0,0,1,0,0,0,0,N,N,Y,6,2026,1,N,HF
CUST1011626,0,0,0,1,0,0,0,0,N,N,Y,6,2026,1,Y,HL
CUST1011627,0,0,0,1,0,0,0,1,N,N,Y,6,2026,2,Y,CC
CUST1011628,0,0,0,1,0,0,0,0,N,N,Y,6,2026,1,N,None
CUST1011629,1,0,0,1,0,0,1,0,Y,N,Y,6,2026,3,Y,SA
CUST1011630,0,0,0,1,1,2,0,0,Y,N,N,6,2026,3,N,None
CUST1011631,0,1,0,1,1,1,0,0,Y,N,Y,6,2026,4,Y,PL
CUST1011632,2,0,0,1,2,0,0,0,N,N,N,6,2026,3,N,None
CUST1011633,0,0,0,1,0,1,0,0,N,N,N,6,2026,2,N,None
CUST1011634,0,2,0,1,0,0,0,0,N,N,Y,6,2026,2,N,None
CUST1011635,0,0,0,1,0,0,0,0,N,N,N,6,2026,1,N,None
CUST1011636,2,0,0,1,0,0,0,1,Y,N,N,6,2026,3,N,None
CUST1011637,0,0,0,1,0,0,0,0,N,N,Y,6,2026,1,N,None
CUST1011638,0,0,0,1,0,2,0,0,N,N,N,6,2026,2,Y,AL
CUST1011639,1,0,0,1,0,0,0,1,Y,N,Y,6,2026,3,N,None
CUST1011640,0,1,0,1,1,1,0,0,Y,N,N,6,2026,4,Y,HL
CUST1011641,0,0,0,0,0,0,0,0,N,Y,N,6,2026,0,N,None
CUST1011642,0,0,0,1,0,0,0,0,N,N,N,6,2026,1,N,None
CUST1011643,0,2,0,1,0,1,0,0,N,N,Y,6,2026,3,N,None
CUST1011644,1,2,0,1,0,0,0,0,N,N,Y,6,2026,3,N,None
CUST1011645,0,0,0,1,0,0,0,0,N,N,Y,6,2026,1,Y,SA
CUST1011646,0,2,0,0,0,0,0,0,Y,N,Y,6,2026,1,N,HF
CUST1011647,0,0,0,1,0,0,0,0,Y,N,Y,6,2026,1,N,None
CUST1011648,0,2,0,1,1,0,0,0,N,N,N,6,2026,3,N,None
CUST1011649,0,0,0,1,0,0,0,0,N,Y,Y,6,2026,1,Y,AL
CUST1011650,0,2,0,1,0,0,0,0,N,N,N,6,2026,2,Y,HL
CUST1011651,0,0,0,1,0,1,0,0,Y,N,N,6,2026,2,N,None
CUST1011652,0,0,0,1,2,0,0,0,Y,Y,Y,6,2026,2,N,None
CUST1011653,0,1,0,1,0,0,0,0,N,N,Y,6,2026,2,N,None
CUST1011654,0,0,0,1,0,0,0,0,N,N,N,6,2026,1,N,None
CUST1011655,2,0,0,1,0,0,0,0,N,N,Y,6,2026,2,Y,MF
CUST1011656,0,0,0,1,0,0,0,0,N,N,Y,6,2026,1,Y,AL
CUST1011657,0,1,0,1,0,2,0,0,N,Y,Y,6,2026,3,Y,PL
CUST1011658,0,1,0,1,0,0,0,0,N,N,Y,6,2026,2,Y,CC
CUST1011659,0,0,0,1,3,0,1,0,N,N,N,6,2026,3,N,None
CUST1011660,0,1,0,0,0,0,0,0,N,N,N,6,2026,1,Y,SA
CUST1011661,0,1,1,1,3,2,0,0,Y,N,N,6,2026,5,Y,MF
CUST1011662,0,0,0,1,0,0,0,0,N,N,Y,6,2026,1,Y,MF
CUST1011663,0,1,0,1,0,0,0,0,N,N,Y,6,2026,2,N,None
CUST1011664,0,1,0,1,3,0,0,0,N,N,Y,6,2026,3,Y,CC
CUST1011665,0,0,0,1,0,0,0,0,N,N,Y,6,2026,1,Y,SA
CUST1011666,0,1,0,1,0,0,0,1,N,N,Y,6,2026,3,N,None
CUST1011667,2,0,0,1,0,1,0,0,N,N,N,6,2026,3,N,None
CUST1011668,0,0,0,1,0,0,0,0,N,N,Y,6,2026,1,N,None
CUST1011669,0,0,0,1,0,0,0,0,N,N,Y,6,2026,1,Y,RD
CUST1011670,0,1,0,1,0,1,0,0,N,N,Y,6,2026,3,N,None
CUST1011671,0,2,0,1,0,1,0,0,N,N,Y,6,2026,3,N,None
CUST1011672,0,0,0,1,1,0,0,0,N,N,N,6,2026,2,N,None
CUST1011673,2,0,0,1,2,0,0,0,N,N,N,6,2026,3,N,None
CUST1011674,0,1,0,1,0,0,0,0,N,N,N,6,2026,2,Y,PL
CUST1011675,0,0,0,1,2,0,0,0,N,N,N,6,2026,2,Y,SA
CUST1011676,0,0,0,1,0,0,0,0,N,N,N,6,2026,1,N,None
CUST1011677,0,0,0,1,1,0,0,0,N,N,Y,6,2026,2,N,None
CUST1011678,0,0,0,1,0,0,0,0,N,N,Y,6,2026,1,Y,PL
CUST1011679,0,0,0,1,0,0,0,0,N,N,Y,6,2026,1,Y,RD
CUST1011680,1,0,0,1,3,0,0,0,N,N,Y,6,2026,3,Y,AL
CUST1011681,1,0,0,1,3,0,0,0,N,N,Y,6,2026,3,Y,HL
CUST1011682,0,0,0,1,0,0,1,1,N,N,N,6,2026,3,Y,PL
CUST1011683,2,0,0,1,0,0,1,0,N,N,N,6,2026,3,N,AL
CUST1011684,0,0,0,1,0,2,0,0,N,N,N,6,2026,2,N,None
CUST1011685,0,0,0,1,0,0,0,0,N,N,Y,6,2026,1,N,HF
CUST1011686,0,0,0,1,1,0,0,0,N,N,Y,6,2026,2,N,None
CUST1011687,0,0,0,0,0,0,0,0,Y,N,Y,6,2026,0,Y,MF
CUST1011688,0,2,0,1,0,0,0,0,Y,N,N,6,2026,2,N,None
CUST1011689,0,0,0,1,0,2,1,0,Y,N,N,6,2026,3,Y,HL
CUST1011690,2,0,0,1,0,0,0,0,N,N,N,6,2026,2,N,AL
CUST1011691,1,1,0,0,0,0,0,0,N,N,Y,6,2026,2,N,None
CUST1011692,0,0,0,1,3,2,0,0,N,N,Y,6,2026,3,N,None
CUST1011693,0,1,0,1,1,0,0,0,N,N,N,6,2026,3,Y,SA
CUST1011694,0,0,0,1,2,0,0,1,N,N,N,6,2026,3,N,None
CUST1011695,0,0,0,1,1,0,0,0,N,N,N,6,2026,2,Y,RD
CUST1011696,1,0,0,1,0,0,0,0,N,N,Y,6,2026,2,N,None
CUST1011697,0,0,0,1,1,0,0,0,Y,N,Y,6,2026,2,Y,RD
CUST1011698,0,2,0,1,0,0,0,0,N,N,N,6,2026,2,N,None
CUST1011699,2,1,0,1,0,0,0,0,N,N,Y,6,2026,3,Y,SA
CUST1011700,0,2,0,1,0,2,0,0,Y,N,Y,6,2026,3,N,None
CUST1011701,0,0,0,1,0,2,0,0,N,N,Y,6,2026,2,N,None
CUST1011702,0,0,1,1,0,0,0,0,N,N,Y,6,2026,2,Y,CC
CUST1011703,0,0,0,1,0,0,0,0,Y,N,N,6,2026,1,N,None
CUST1011704,0,0,0,1,0,0,0,0,N,N,N,6,2026,1,Y,AL
CUST1011705,0,0,0,1,0,0,0,0,N,N,Y,6,2026,1,Y,RD
CUST1011706,0,1,0,1,0,1,0,0,N,N,N,6,2026,3,N,AL
CUST1011707,0,0,0,1,0,1,0,0,N,N,N,6,2026,2,N,None
CUST1011708,0,0,0,0,2,0,0,0,N,N,Y,6,2026,1,Y,MF
CUST1011709,1,1,0,1,0,0,0,0,Y,N,Y,6,2026,3,N,None
CUST1011710,2,2,0,1,0,0,0,0,N,N,Y,6,2026,3,Y,PL
CUST1011711,0,2,0,1,1,1,0,0,N,N,N,6,2026,4,N,None
CUST1011712,1,2,0,1,0,0,0,0,N,N,Y,6,2026,3,N,None
CUST1011713,0,2,0,1,1,0,0,0,Y,N,N,6,2026,3,N,RD
CUST1011714,0,0,0,1,0,0,0,0,Y,N,Y,6,2026,1,N,None
CUST1011715,1,0,0,1,0,0,0,0,N,N,N,6,2026,2,N,SA
CUST1011716,0,0,0,1,0,2,0,0,Y,N,Y,6,2026,2,Y,RD
CUST1011717,0,0,0,0,0,1,1,0,N,N,Y,6,2026,2,N,None
CUST1011718,1,0,0,1,0,0,0,0,N,Y,Y,6,2026,2,N,AL
CUST1011719,0,0,0,1,3,0,0,0,N,N,Y,6,2026,2,N,None
CUST1011720,0,0,0,1,0,0,0,0,N,N,Y,6,2026,1,N,None
CUST1011721,0,2,0,1,0,0,0,0,N,N,N,6,2026,2,Y,PL
CUST1011722,2,2,0,1,0,0,0,0,N,N,Y,6,2026,3,N,None
CUST1011723,0,0,0,1,0,2,0,0,N,N,N,6,2026,2,N,None
CUST1011724,0,1,0,1,1,0,0,0,N,N,Y,6,2026,3,N,CC
CUST1011725,0,0,0,1,0,2,0,0,N,Y,Y,6,2026,2,Y,HL
CUST1011726,0,2,0,1,0,2,0,0,N,N,N,6,2026,3,Y,RD
CUST1011727,0,0,0,1,0,0,0,0,N,N,Y,6,2026,1,N,None
CUST1011728,1,0,0,1,1,0,0,0,N,N,Y,6,2026,3,Y,AL
CUST1011729,0,2,0,1,0,0,0,0,N,N,Y,6,2026,2,N,None
CUST1011730,0,1,1,1,0,0,0,0,N,N,Y,6,2026,3,N,None
CUST1011731,0,0,0,1,0,0,1,0,Y,N,N,6,2026,2,N,None
CUST1011732,0,1,0,1,0,0,0,1,N,N,Y,6,2026,3,N,None
CUST1011733,0,0,0,1,2,0,0,0,N,Y,N,6,2026,2,Y,CC
CUST1011734,0,0,0,1,0,0,0,0,N,N,Y,6,2026,1,Y,CC
CUST1011735,2,0,0,1,0,0,0,0,N,N,N,6,2026,2,Y,RD
CUST1011736,0,2,1,0,0,0,0,0,Y,N,Y,6,2026,2,N,HL
CUST1011737,0,0,0,1,0,0,0,0,N,N,N,6,2026,1,Y,SA
CUST1011738,0,2,0,1,0,0,0,0,Y,N,N,6,2026,2,N,None
CUST1011739,0,0,0,1,0,0,0,0,N,N,N,6,2026,1,N,CC
CUST1011740,0,0,0,0,0,0,0,0,Y,N,N,6,2026,0,N,SA
CUST1011741,0,2,0,1,0,0,0,0,Y,N,Y,6,2026,2,N,None
CUST1011742,0,0,0,1,3,0,0,1,N,N,Y,6,2026,3,Y,CC
CUST1011743,0,0,0,1,0,0,0,0,N,N,N,6,2026,1,N,None
CUST1011744,0,0,0,1,0,0,0,0,N,N,Y,6,2026,1,Y,SA
CUST1011745,0,2,0,1,0,0,0,0,N,N,Y,6,2026,2,Y,PL
CUST1011746,0,0,0,1,0,0,0,0,N,N,N,6,2026,1,Y,RD
CUST1011747,0,1,0,1,3,1,0,1,N,N,Y,6,2026,5,N,None
CUST1011748,1,0,0,1,1,0,0,0,N,N,Y,6,2026,3,Y,CC
CUST1011749,0,0,0,1,0,0,0,0,Y,N,N,6,2026,1,N,None
CUST1011750,0,1,0,1,2,0,0,0,N,N,Y,6,2026,3,N,None
CUST1011751,0,1,0,1,0,1,0,0,N,N,Y,6,2026,3,Y,AL
CUST1011752,0,0,0,1,0,2,0,0,N,N,N,6,2026,2,Y,MF
CUST1011753,0,1,1,1,0,1,0,0,N,N,Y,6,2026,4,Y,SA
CUST1011754,0,2,0,1,3,0,0,0,N,N,N,6,2026,3,N,None
CUST1011755,0,0,0,1,0,0,0,0,N,N,Y,6,2026,1,Y,AL
CUST1011756,2,0,0,1,0,0,0,0,Y,N,Y,6,2026,2,Y,AL
CUST1011757,0,1,0,1,0,0,0,1,Y,N,N,6,2026,3,N,None
CUST1011758,2,0,0,1,0,2,0,0,N,N,Y,6,2026,3,Y,CC
CUST1011759,0,0,0,0,0,0,0,0,Y,N,Y,6,2026,0,N,None
CUST1011760,0,1,0,1,0,0,0,0,N,N,N,6,2026,2,Y,SA
CUST1011761,0,2,0,1,3,0,0,0,N,N,Y,6,2026,3,Y,SA
CUST1011762,0,0,0,1,0,0,0,0,N,N,N,6,2026,1,Y,SA
CUST1011763,0,0,0,1,0,0,0,0,N,N,Y,6,2026,1,Y,AL
CUST1011764,0,0,0,0,0,0,0,0,N,Y,Y,6,2026,0,N,None
CUST1011765,1,2,0,1,0,2,0,0,N,N,Y,6,2026,4,N,None
CUST1011766,0,2,0,1,0,2,0,0,N,N,Y,6,2026,3,N,None
CUST1011767,0,0,0,1,0,0,0,0,N,N,Y,6,2026,1,N,None
CUST1011768,0,0,0,1,3,0,0,0,N,N,N,6,2026,2,Y,HL
CUST1011769,0,0,0,1,0,0,0,0,N,N,N,6,2026,1,Y,RD
CUST1011770,1,0,0,1,0,0,0,0,N,Y,Y,6,2026,2,N,AL
CUST1011771,2,1,0,1,0,0,0,0,N,N,N,6,2026,3,Y,PL
CUST1011772,0,2,0,1,0,0,0,0,N,N,N,6,2026,2,Y,MF
CUST1011773,0,0,0,1,0,0,0,0,N,N,Y,6,2026,1,N,MF
CUST1011774,0,0,0,1,0,0,0,0,Y,N,Y,6,2026,1,N,None
CUST1011775,0,2,1,1,0,0,1,0,Y,N,Y,6,2026,4,N,CC
CUST1011776,0,1,0,1,0,0,0,1,N,N,N,6,2026,3,N,None
CUST1011777,1,2,0,1,0,0,0,0,N,N,Y,6,2026,3,N,PL
CUST1011778,0,1,0,1,0,0,0,0,Y,N,Y,6,2026,2,N,None
CUST1011779,1,0,0,1,0,1,0,0,N,N,Y,6,2026,3,N,None
CUST1011780,0,0,0,1,0,1,0,0,N,N,Y,6,2026,2,N,None
CUST1011781,1,0,0,1,3,0,1,0,N,N,N,6,2026,4,N,None
CUST1011782,0,0,0,1,2,2,0,0,N,N,Y,6,2026,3,N,None
CUST1011783,0,1,0,1,0,0,0,0,N,N,Y,6,2026,2,N,None
CUST1011784,0,0,0,1,3,0,0,0,N,N,N,6,2026,2,Y,SA
CUST1011785,0,1,0,1,0,0,1,1,N,N,N,6,2026,4,N,None
CUST1011786,0,0,0,1,0,0,0,0,Y,N,N,6,2026,1,N,None
CUST1011787,0,2,0,1,0,2,0,0,Y,N,Y,6,2026,3,N,MF
CUST1011788,0,0,0,1,2,1,0,0,Y,N,N,6,2026,3,N,None
CUST1011789,0,2,0,1,0,0,0,0,N,N,Y,6,2026,2,N,None
CUST1011790,0,0,0,1,0,0,0,0,N,N,Y,6,2026,1,Y,AL
CUST1011791,0,2,0,1,3,2,0,0,N,N,N,6,2026,4,N,None
CUST1011792,2,0,0,1,0,1,0,0,Y,N,Y,6,2026,3,Y,AL
CUST1011793,0,0,0,1,0,0,0,0,N,N,N,6,2026,1,N,None
CUST1011794,2,1,0,1,0,1,0,0,N,N,Y,6,2026,4,Y,AL
CUST1011795,0,1,0,1,3,0,0,0,N,N,Y,6,2026,3,Y,CC
CUST1011796,0,0,0,1,0,2,0,0,N,N,Y,6,2026,2,N,None
CUST1011797,0,0,0,1,2,0,0,0,N,Y,Y,6,2026,2,Y,SA
CUST1011798,1,0,0,1,1,0,0,0,N,N,N,6,2026,3,N,CC
CUST1011799,0,0,0,1,3,0,0,0,N,N,N,6,2026,2,N,MF
CUST1011800,0,2,0,1,0,0,0,0,N,N,N,6,2026,2,N,None
CUST1011801,0,0,0,1,0,1,0,0,N,N,N,6,2026,2,N,None
CUST1011802,0,1,0,0,0,1,0,0,N,N,N,6,2026,2,N,None
CUST1011803,0,0,0,1,0,0,0,0,N,N,Y,6,2026,1,N,None
CUST1011804,1,1,0,1,0,0,0,0,N,Y,Y,6,2026,3,N,MF
CUST1011805,0,0,0,1,2,0,0,0,N,N,N,6,2026,2,Y,RD
CUST1011806,0,2,0,1,0,0,0,0,N,N,N,6,2026,2,N,None
CUST1011807,0,0,0,1,0,0,0,0,Y,N,Y,6,2026,1,Y,SA
CUST1011808,0,2,0,1,0,2,0,0,N,N,N,6,2026,3,Y,SA
CUST1011809,0,0,0,1,3,0,0,0,N,N,Y,6,2026,2,N,None
CUST1011810,0,2,1,1,2,0,0,0,N,N,Y,6,2026,4,Y,HF
CUST1011811,0,2,0,1,0,0,0,0,N,Y,N,6,2026,2,N,None
CUST1011812,1,0,0,1,0,0,0,1,N,N,Y,6,2026,3,N,None
CUST1011813,0,0,0,1,0,0,0,0,N,N,Y,6,2026,1,Y,CC
CUST1011814,0,0,0,1,0,0,0,1,N,N,N,6,2026,2,Y,SA
CUST1011815,0,2,0,1,0,0,0,0,Y,N,Y,6,2026,2,N,None
CUST1011816,0,0,0,1,0,0,0,0,Y,N,N,6,2026,1,N,None
CUST1011817,0,0,0,1,0,0,0,0,N,N,Y,6,2026,1,N,CC
CUST1011818,0,0,1,1,0,0,0,0,N,N,Y,6,2026,2,N,None
CUST1011819,0,1,0,1,0,0,0,0,N,N,Y,6,2026,2,N,None
CUST1011820,0,0,0,1,0,1,0,1,Y,N,N,6,2026,3,Y,CC
CUST1011821,2,0,1,1,2,0,0,0,N,N,N,6,2026,4,N,None
CUST1011822,0,1,0,1,0,2,0,0,Y,N,Y,6,2026,3,Y,PL
CUST1011823,0,0,0,1,0,2,0,0,N,N,N,6,2026,2,Y,AL
CUST1011824,1,0,0,1,0,0,0,0,N,Y,Y,6,2026,2,N,PL
CUST1011825,1,2,0,1,0,0,1,1,N,N,N,6,2026,5,N,None
CUST1011826,0,0,0,1,0,1,0,0,N,N,Y,6,2026,2,N,None
CUST1011827,0,1,0,1,0,0,0,0,N,N,Y,6,2026,2,Y,RD
CUST1011828,1,0,0,1,1,0,0,0,N,N,N,6,2026,3,N,AL
CUST1011829,0,0,0,1,0,2,0,0,N,N,Y,6,2026,2,Y,RD
CUST1011830,0,2,0,0,2,0,0,0,N,N,Y,6,2026,2,Y,MF
CUST1011831,2,0,0,1,0,2,1,0,N,N,Y,6,2026,4,N,None
CUST1011832,0,2,0,1,0,0,0,0,N,N,Y,6,2026,2,N,PL
CUST1011833,0,0,0,1,0,2,0,0,Y,N,N,6,2026,2,Y,SA
CUST1011834,0,1,0,1,0,0,0,0,N,N,Y,6,2026,2,N,None
CUST1011835,0,2,0,1,0,1,0,0,N,Y,N,6,2026,3,N,None
CUST1011836,0,0,0,1,0,0,0,0,N,N,Y,6,2026,1,N,None
CUST1011837,0,0,0,1,0,0,0,0,N,N,Y,6,2026,1,N,None
CUST1011838,0,2,0,1,0,0,0,0,N,N,Y,6,2026,2,Y,MF
CUST1011839,0,0,0,1,0,0,0,0,N,N,Y,6,2026,1,N,None
CUST1011840,0,0,0,0,0,1,0,0,N,N,Y,6,2026,1,N,None
CUST1011841,0,0,0,1,0,0,0,0,Y,N,N,6,2026,1,N,None
CUST1011842,2,2,0,1,0,0,0,0,Y,N,Y,6,2026,3,N,None
CUST1011843,0,1,0,1,0,2,0,0,N,N,Y,6,2026,3,N,None
CUST1011844,0,1,0,1,0,0,1,0,N,N,Y,6,2026,3,Y,RD
CUST1011845,0,0,0,1,0,0,0,0,N,N,N,6,2026,1,N,None
CUST1011846,2,1,0,0,0,0,0,0,N,N,Y,6,2026,2,Y,CC
CUST1011847,2,2,0,1,1,0,0,0,N,N,Y,6,2026,4,N,None
CUST1011848,0,0,0,1,0,2,0,0,N,N,N,6,2026,2,Y,RD
CUST1011849,0,1,0,0,3,0,0,0,N,Y,N,6,2026,2,N,CC
CUST1011850,0,2,0,1,0,0,0,0,N,N,Y,6,2026,2,N,None
CUST1011851,0,0,0,1,3,0,0,0,N,N,N,6,2026,2,Y,MF
CUST1011852,0,0,0,1,0,0,0,0,N,N,Y,6,2026,1,N,None
CUST1011853,0,0,0,1,0,0,0,0,N,N,N,6,2026,1,Y,CC
CUST1011854,0,0,0,1,0,0,0,1,N,N,N,6,2026,2,N,None
CUST1011855,0,0,0,1,2,2,1,0,N,N,N,6,2026,4,Y,PL
CUST1011856,0,0,0,1,3,0,0,0,N,N,Y,6,2026,2,N,None
CUST1011857,0,0,0,1,3,0,1,0,N,N,Y,6,2026,3,Y,AL
CUST1011858,0,0,0,0,0,0,0,0,N,Y,Y,6,2026,0,N,None
CUST1011859,0,0,0,1,0,0,1,0,N,N,N,6,2026,2,N,None
CUST1011860,0,0,0,1,2,0,0,0,N,N,Y,6,2026,2,N,AL
CUST1011861,0,1,0,1,0,2,0,0,N,N,N,6,2026,3,N,None
CUST1011862,0,2,0,1,0,0,0,0,N,N,N,6,2026,2,Y,SA
CUST1011863,0,2,0,1,0,0,0,0,N,N,Y,6,2026,2,N,None
CUST1011864,0,0,0,1,0,0,0,0,N,N,Y,6,2026,1,Y,CC
CUST1011865,0,0,0,1,0,2,0,0,N,N,Y,6,2026,2,Y,AL
CUST1011866,1,2,0,1,0,0,0,0,N,N,Y,6,2026,3,N,None
CUST1011867,0,0,0,1,0,0,0,0,N,N,N,6,2026,1,Y,HL
CUST1011868,0,0,0,1,0,0,0,0,N,N,N,6,2026,1,Y,SA
CUST1011869,0,1,0,1,0,0,0,0,N,N,N,6,2026,2,Y,SA
CUST1011870,0,0,0,1,0,0,0,0,N,N,N,6,2026,1,Y,HF
CUST1011871,0,0,0,1,2,0,0,0,N,N,Y,6,2026,2,Y,CC
CUST1011872,0,0,0,1,0,0,0,0,Y,N,Y,6,2026,1,N,SA
CUST1011873,2,1,0,1,0,0,0,0,N,N,N,6,2026,3,N,None
CUST1011874,0,0,0,1,0,0,0,0,N,N,N,6,2026,1,N,None
CUST1011875,0,0,0,1,0,0,0,0,N,N,N,6,2026,1,N,None
CUST1011876,0,1,0,1,0,0,0,1,N,N,N,6,2026,3,N,None
CUST1011877,0,0,0,1,0,0,1,0,N,N,Y,6,2026,2,Y,PL
CUST1011878,0,0,0,1,1,1,0,0,Y,N,N,6,2026,3,N,None
CUST1011879,0,0,0,1,0,0,0,0,N,N,N,6,2026,1,N,None
CUST1011880,2,2,0,1,1,0,0,0,Y,N,Y,6,2026,4,N,None
CUST1011881,0,0,0,1,0,2,0,1,N,N,N,6,2026,3,N,None
CUST1011882,0,0,0,1,1,0,0,0,N,N,Y,6,2026,2,Y,HL
CUST1011883,0,0,0,1,0,0,0,0,N,Y,N,6,2026,1,N,CC
CUST1011884,0,0,0,1,3,0,0,0,N,N,Y,6,2026,2,N,MF
CUST1011885,0,2,0,1,0,0,0,0,N,N,Y,6,2026,2,N,None
CUST1011886,2,2,0,1,0,0,0,0,N,N,Y,6,2026,3,N,None
CUST1011887,1,0,0,1,3,0,0,0,N,N,Y,6,2026,3,N,None
CUST1011888,0,1,0,1,0,0,0,0,N,N,N,6,2026,2,N,None
CUST1011889,0,0,0,1,0,0,0,1,N,N,Y,6,2026,2,N,None
CUST1011890,0,0,0,0,0,2,0,0,N,N,N,6,2026,1,N,None
CUST1011891,0,2,0,1,3,0,0,0,N,N,Y,6,2026,3,Y,MF
CUST1011892,1,2,0,1,1,0,1,0,N,N,Y,6,2026,5,Y,RD
CUST1011893,0,2,0,1,0,0,1,0,N,N,Y,6,2026,3,N,None
CUST1011894,0,1,0,1,0,0,0,0,N,N,Y,6,2026,2,Y,PL
CUST1011895,0,2,0,1,0,0,0,0,N,N,Y,6,2026,2,N,None
CUST1011896,0,0,0,1,0,0,0,1,N,N,N,6,2026,2,N,None
CUST1011897,0,0,0,1,0,1,0,0,N,N,N,6,2026,2,N,None
CUST1011898,0,0,0,1,0,0,0,0,N,N,Y,6,2026,1,N,None
CUST1011899,0,0,1,1,0,1,0,0,N,N,Y,6,2026,3,N,None
CUST1011900,2,0,0,1,0,0,0,0,N,N,N,6,2026,2,Y,RD
CUST1011901,0,0,0,1,0,0,0,0,N,N,Y,6,2026,1,N,AL
CUST1011902,0,0,0,1,0,1,0,0,N,N,Y,6,2026,2,N,None
CUST1011903,0,1,0,0,0,2,0,0,N,N,Y,6,2026,2,N,None
CUST1011904,0,2,0,1,0,0,0,0,N,N,Y,6,2026,2,Y,PL
CUST1011905,0,0,0,1,1,0,0,0,N,N,N,6,2026,2,N,None
CUST1011906,0,0,0,1,0,2,0,0,N,N,N,6,2026,2,N,None
CUST1011907,0,0,0,1,0,2,0,0,N,N,Y,6,2026,2,Y,RD
CUST1011908,0,2,0,1,0,0,0,0,N,N,Y,6,2026,2,Y,SA
CUST1011909,0,0,0,1,0,2,0,0,N,N,N,6,2026,2,N,None
CUST1011910,2,0,0,1,0,2,0,0,N,N,Y,6,2026,3,N,None
CUST1011911,1,1,0,1,1,2,0,0,N,N,Y,6,2026,5,N,None
CUST1011912,0,0,0,1,0,0,0,0,Y,N,N,6,2026,1,N,None
CUST1011913,0,0,0,1,0,0,0,0,N,N,N,6,2026,1,Y,SA
CUST1011914,1,0,0,1,0,2,0,0,N,N,N,6,2026,3,Y,PL
CUST1011915,0,0,0,1,0,0,0,0,N,N,Y,6,2026,1,Y,SA
CUST1011916,0,0,0,1,0,0,0,0,N,N,Y,6,2026,1,N,None
CUST1011917,0,1,0,1,0,0,0,0,N,N,N,6,2026,2,N,None
CUST1011918,0,0,0,1,0,0,0,1,N,N,Y,6,2026,2,N,None
CUST1011919,0,0,0,1,3,0,0,0,Y,N,Y,6,2026,2,N,None
CUST1011920,0,1,0,1,0,0,0,0,N,N,N,6,2026,2,Y,MF
CUST1011921,0,0,0,1,0,0,0,0,N,N,N,6,2026,1,Y,HF
CUST1011922,2,1,0,1,0,0,0,1,N,N,Y,6,2026,4,N,None
CUST1011923,0,0,0,1,0,1,0,0,N,N,Y,6,2026,2,N,None
CUST1011924,0,0,0,1,0,0,1,1,N,N,Y,6,2026,3,Y,CC
CUST1011925,0,2,1,0,3,0,0,0,N,N,N,6,2026,3,Y,HL
CUST1011926,0,0,0,1,2,0,0,0,N,N,N,6,2026,2,N,None
CUST1011927,0,0,0,1,0,2,0,0,Y,Y,Y,6,2026,2,Y,RD
CUST1011928,0,0,0,1,0,0,0,0,N,N,Y,6,2026,1,N,None
CUST1011929,0,0,0,1,3,2,0,0,N,N,N,6,2026,3,N,None
CUST1011930,0,0,0,1,0,0,0,1,N,N,N,6,2026,2,Y,PL
CUST1011931,0,1,0,1,0,2,0,0,N,N,N,6,2026,3,N,None
CUST1011932,0,0,1,1,0,0,0,0,Y,N,Y,6,2026,2,Y,SA
CUST1011933,0,1,0,1,0,0,0,0,N,Y,Y,6,2026,2,N,None
CUST1011934,2,0,0,1,0,0,0,0,N,N,Y,6,2026,2,N,None
CUST1011935,0,0,0,1,1,2,0,0,N,N,Y,6,2026,3,N,SA
CUST1011936,0,1,0,1,0,0,0,0,N,N,Y,6,2026,2,N,None
CUST1011937,0,0,0,1,0,0,0,0,N,N,Y,6,2026,1,Y,RD
CUST1011938,1,2,0,1,0,0,0,0,N,N,N,6,2026,3,N,SA
CUST1011939,0,0,0,0,2,0,0,0,N,N,Y,6,2026,1,Y,AL
CUST1011940,0,0,0,1,0,0,0,0,N,N,Y,6,2026,1,N,CC
CUST1011941,0,0,0,1,0,0,0,0,N,N,Y,6,2026,1,N,None
CUST1011942,0,0,0,1,1,0,0,0,N,N,Y,6,2026,2,Y,CC
CUST1011943,0,0,0,1,0,0,0,0,N,N,Y,6,2026,1,N,None
CUST1011944,0,0,0,1,0,0,0,0,N,N,N,6,2026,1,N,None
CUST1011945,0,0,0,1,0,0,0,0,N,N,N,6,2026,1,Y,HL
CUST1011946,0,0,0,1,1,0,0,0,N,N,N,6,2026,2,N,None
CUST1011947,0,2,0,1,0,0,0,0,N,N,Y,6,2026,2,N,None
CUST1011948,0,0,0,1,0,2,1,0,N,N,N,6,2026,3,N,None
CUST1011949,0,2,0,1,0,0,0,0,N,N,N,6,2026,2,Y,HL
CUST1011950,0,0,0,1,0,0,0,0,N,N,Y,6,2026,1,Y,HF
CUST1011951,0,0,0,1,0,2,0,0,N,N,N,6,2026,2,Y,RD
CUST1011952,0,2,0,1,0,0,1,0,Y,N,Y,6,2026,3,N,None
CUST1011953,0,0,0,1,0,1,0,0,N,N,N,6,2026,2,N,None
CUST1011954,0,0,0,0,2,1,0,0,N,N,N,6,2026,2,Y,RD
CUST1011955,0,0,0,1,0,0,0,0,N,N,N,6,2026,1,Y,MF
CUST1011956,2,2,0,1,0,0,0,0,Y,N,N,6,2026,3,N,None
CUST1011957,2,0,0,1,0,0,0,0,N,N,Y,6,2026,2,N,None
CUST1011958,0,1,0,1,0,2,0,0,N,N,Y,6,2026,3,N,None
CUST1011959,0,0,0,1,3,0,0,0,N,N,Y,6,2026,2,Y,CC
CUST1011960,0,0,1,1,0,0,0,0,N,N,Y,6,2026,2,N,None
CUST1011961,0,0,0,1,0,2,0,0,N,N,Y,6,2026,2,N,None
CUST1011962,0,0,0,1,0,0,0,0,N,N,Y,6,2026,1,N,None
CUST1011963,0,2,1,1,1,0,0,1,N,N,Y,6,2026,5,N,None
CUST1011964,0,2,0,1,0,0,0,0,N,N,Y,6,2026,2,N,None
CUST1011965,1,0,0,1,0,1,0,0,N,N,N,6,2026,3,N,None
CUST1011966,0,0,0,1,0,2,0,0,Y,N,N,6,2026,2,N,None
CUST1011967,0,0,0,1,0,0,0,0,N,N,N,6,2026,1,Y,RD
CUST1011968,0,1,1,1,0,0,0,0,N,N,Y,6,2026,3,N,None
CUST1011969,0,0,0,1,0,0,0,0,N,N,Y,6,2026,1,N,None
CUST1011970,0,2,0,1,0,0,1,0,N,N,N,6,2026,3,N,None
CUST1011971,2,0,0,1,1,0,0,0,N,N,Y,6,2026,3,N,None
CUST1011972,0,2,1,1,0,2,0,0,N,N,N,6,2026,4,Y,HF
CUST1011973,0,0,0,1,2,2,0,0,N,N,Y,6,2026,3,Y,MF
CUST1011974,2,1,0,1,0,0,0,0,N,N,Y,6,2026,3,N,SA
CUST1011975,0,1,0,1,2,2,0,0,N,N,Y,6,2026,4,Y,PL
CUST1011976,1,1,0,1,2,0,0,0,N,N,Y,6,2026,4,N,None
CUST1011977,0,0,0,1,0,0,0,0,N,N,Y,6,2026,1,N,RD
CUST1011978,0,0,0,1,2,0,1,0,N,N,Y,6,2026,3,Y,RD
CUST1011979,0,0,0,1,0,0,0,0,Y,N,Y,6,2026,1,Y,RD
CUST1011980,0,2,0,1,0,0,0,0,N,N,Y,6,2026,2,N,None
CUST1011981,1,0,0,1,0,1,0,0,N,N,N,6,2026,3,Y,PL
CUST1011982,0,0,0,1,0,2,0,0,N,N,Y,6,2026,2,N,None
CUST1011983,0,0,0,1,3,0,0,0,N,N,Y,6,2026,2,N,None
CUST1011984,0,2,0,1,0,0,0,0,N,N,Y,6,2026,2,Y,AL
CUST1011985,0,0,0,1,0,2,1,0,N,N,N,6,2026,3,Y,HF
CUST1011986,0,0,0,1,2,0,0,1,N,Y,N,6,2026,3,N,HL
CUST1011987,0,0,0,1,0,0,0,0,N,N,Y,6,2026,1,Y,SA
CUST1011988,0,1,0,1,0,0,0,0,N,N,N,6,2026,2,N,None
CUST1011989,0,0,0,1,2,0,0,0,Y,N,Y,6,2026,2,N,None
CUST1011990,0,1,0,1,0,0,0,0,Y,N,Y,6,2026,2,Y,PL
CUST1011991,1,0,0,1,1,0,0,0,Y,N,Y,6,2026,3,Y,AL
CUST1011992,1,2,1,1,0,2,0,0,N,N,Y,6,2026,5,N,None
CUST1011993,0,0,1,1,1,0,0,0,Y,N,Y,6,2026,3,N,None
CUST1011994,0,0,0,1,0,0,0,0,N,N,N,6,2026,1,N,None
CUST1011995,0,0,0,1,0,0,0,0,Y,N,N,6,2026,1,N,None
CUST1011996,0,1,0,1,0,0,0,0,N,N,Y,6,2026,2,N,None
CUST1011997,0,0,0,1,0,0,0,0,N,N,Y,6,2026,1,N,None
CUST1011998,0,0,0,1,0,0,0,0,N,N,N,6,2026,1,N,None
CUST1011999,0,0,0,1,2,2,0,0,N,N,Y,6,2026,3,Y,HF
CUST1012000,0,1,0,1,1,0,0,1,N,N,Y,6,2026,4,Y,MF
CUST1012001,0,0,0,1,2,0,0,0,N,N,Y,6,2026,2,N,None
CUST1012002,0,1,0,1,2,0,0,0,Y,N,Y,6,2026,3,Y,PL
CUST1012003,0,2,0,1,0,0,0,0,N,N,Y,6,2026,2,N,None
CUST1012004,0,1,0,1,0,0,0,0,N,N,N,6,2026,2,N,None
CUST1012005,0,0,0,1,0,0,0,0,N,N,Y,6,2026,1,N,None
CUST1012006,0,1,0,1,3,0,0,0,N,N,N,6,2026,3,Y,RD
CUST1012007,2,2,0,1,0,0,0,0,N,N,Y,6,2026,3,N,None
CUST1012008,0,1,0,1,0,0,0,1,N,N,Y,6,2026,3,Y,SA
CUST1012009,0,2,0,1,0,0,0,0,Y,N,N,6,2026,2,N,None
CUST1012010,0,0,1,1,2,0,0,0,N,N,Y,6,2026,3,Y,RD
CUST1012011,0,0,0,1,0,2,0,0,N,N,Y,6,2026,2,N,None
CUST1012012,0,0,0,1,0,0,0,0,N,N,N,6,2026,1,N,None
CUST1012013,0,0,0,1,0,0,0,0,N,N,Y,6,2026,1,N,None
CUST1012014,0,0,1,1,0,1,0,0,Y,N,N,6,2026,3,N,AL
CUST1012015,0,1,0,1,0,1,0,0,N,N,Y,6,2026,3,N,None
CUST1012016,0,0,0,1,0,2,0,0,N,N,Y,6,2026,2,N,None
CUST1012017,0,0,0,1,0,0,0,0,N,Y,Y,6,2026,1,N,None
CUST1012018,0,0,0,1,0,2,1,0,N,N,N,6,2026,3,Y,CC
CUST1012019,0,0,0,1,0,2,0,0,N,N,N,6,2026,2,N,None
CUST1012020,0,2,0,1,0,0,0,0,N,N,Y,6,2026,2,Y,CC
CUST1012021,0,0,0,1,0,0,0,0,N,N,N,6,2026,1,Y,HF
CUST1012022,0,1,0,1,0,2,0,0,N,N,Y,6,2026,3,N,None
CUST1012023,0,0,0,1,0,0,0,0,N,N,N,6,2026,1,N,None
CUST1012024,0,0,0,1,3,0,0,0,N,N,N,6,2026,2,N,None
CUST1012025,0,2,0,1,0,0,0,0,N,N,Y,6,2026,2,Y,AL
CUST1012026,0,1,0,1,1,1,0,0,Y,N,N,6,2026,4,Y,AL
CUST1012027,0,0,0,1,0,0,0,0,Y,N,N,6,2026,1,Y,HF
CUST1012028,0,0,0,1,0,2,0,0,Y,N,N,6,2026,2,Y,PL
CUST1012029,0,0,1,1,0,0,0,0,Y,N,Y,6,2026,2,N,None
CUST1012030,0,2,0,1,0,0,0,0,N,Y,Y,6,2026,2,Y,MF
CUST1012031,0,0,0,1,1,0,0,1,N,N,N,6,2026,3,N,CC
CUST1012032,0,0,0,1,0,1,0,0,N,Y,N,6,2026,2,Y,MF
CUST1012033,0,0,0,1,2,2,0,0,N,N,Y,6,2026,3,N,None
CUST1012034,0,0,0,1,0,0,0,0,N,N,N,6,2026,1,N,None
CUST1012035,0,1,0,1,1,1,1,0,N,N,N,6,2026,5,N,None
CUST1012036,0,0,0,1,0,0,0,0,N,N,Y,6,2026,1,Y,HF
CUST1012037,2,0,0,1,0,0,0,0,N,N,Y,6,2026,2,N,None
CUST1012038,0,0,0,1,1,1,0,0,Y,N,Y,6,2026,3,N,None
CUST1012039,0,2,0,1,0,1,0,0,N,N,Y,6,2026,3,Y,HL
CUST1012040,2,0,0,1,1,0,0,0,N,N,Y,6,2026,3,Y,CC
CUST1012041,0,1,0,1,0,0,0,0,N,N,N,6,2026,2,N,None
CUST1012042,0,1,0,0,0,0,0,0,N,N,Y,6,2026,1,Y,RD
CUST1012043,2,1,0,1,0,2,0,0,N,N,N,6,2026,4,N,None
CUST1012044,0,1,0,1,0,1,0,0,N,N,Y,6,2026,3,N,None
CUST1012045,0,0,0,1,0,0,0,0,N,N,Y,6,2026,1,Y,HF
CUST1012046,1,1,0,1,0,0,0,0,N,N,N,6,2026,3,N,None
CUST1012047,0,0,0,1,0,0,0,0,N,N,Y,6,2026,1,N,None
CUST1012048,0,1,0,1,1,2,0,0,Y,N,N,6,2026,4,Y,HF
CUST1012049,0,0,0,1,0,0,0,0,N,N,N,6,2026,1,Y,MF
CUST1012050,0,0,0,1,2,2,0,0,N,N,Y,6,2026,3,Y,SA
CUST1012051,0,0,0,1,0,1,0,0,N,N,N,6,2026,2,N,None
CUST1012052,0,2,0,0,0,2,0,1,N,N,N,6,2026,3,N,None
CUST1012053,2,0,0,1,0,0,0,0,N,N,N,6,2026,2,Y,AL
CUST1012054,0,2,0,1,0,0,0,0,N,N,Y,6,2026,2,Y,HL
CUST1012055,2,1,0,1,1,0,0,0,N,N,Y,6,2026,4,Y,CC
CUST1012056,0,0,0,1,0,0,1,0,Y,N,Y,6,2026,2,N,SA
CUST1012057,0,2,0,1,2,2,0,0,N,N,Y,6,2026,4,Y,MF
CUST1012058,0,0,0,1,0,2,0,0,N,N,N,6,2026,2,N,None
CUST1012059,0,0,0,1,1,1,0,0,N,N,N,6,2026,3,N,None
CUST1012060,1,0,0,1,0,1,1,0,N,N,Y,6,2026,4,N,None
CUST1012061,0,2,0,1,0,0,0,0,N,N,Y,6,2026,2,Y,HF
CUST1012062,0,0,0,1,0,0,0,0,N,N,Y,6,2026,1,Y,PL
CUST1012063,0,1,0,1,0,1,0,0,N,N,Y,6,2026,3,N,None
CUST1012064,0,0,0,1,0,0,0,0,N,N,N,6,2026,1,N,HL
CUST1012065,1,1,0,1,0,0,0,0,N,N,N,6,2026,3,Y,RD
CUST1012066,0,1,0,1,0,1,0,0,N,N,Y,6,2026,3,N,None
CUST1012067,0,2,0,1,0,0,0,0,Y,N,N,6,2026,2,N,None
CUST1012068,0,0,0,1,1,0,0,0,N,N,N,6,2026,2,N,None
CUST1012069,0,0,0,1,0,0,0,0,N,N,Y,6,2026,1,N,None
CUST1012070,0,1,0,1,2,0,0,0,N,N,N,6,2026,3,N,None
CUST1012071,0,0,0,1,0,0,0,0,N,N,Y,6,2026,1,N,None
CUST1012072,0,1,0,1,0,1,0,1,N,N,Y,6,2026,4,Y,MF
CUST1012073,0,0,0,1,0,0,0,0,N,N,N,6,2026,1,N,None
CUST1012074,0,1,0,1,1,0,0,0,N,N,Y,6,2026,3,N,SA
CUST1012075,0,0,0,1,0,0,0,0,N,N,Y,6,2026,1,N,None
CUST1012076,0,1,0,1,0,2,0,0,N,N,Y,6,2026,3,N,None
CUST1012077,2,0,0,1,0,1,0,0,N,N,Y,6,2026,3,N,None
CUST1012078,0,1,0,1,0,1,0,0,N,N,N,6,2026,3,Y,HF
CUST1012079,0,0,0,1,3,1,0,0,N,N,Y,6,2026,3,N,CC
CUST1012080,1,2,0,1,0,0,0,0,N,N,Y,6,2026,3,Y,CC
CUST1012081,0,0,0,1,0,0,0,0,N,N,Y,6,2026,1,N,None
CUST1012082,0,0,0,1,0,2,0,0,N,N,N,6,2026,2,N,None
CUST1012083,0,1,0,1,0,0,0,0,N,N,N,6,2026,2,Y,PL
CUST1012084,0,0,0,1,3,2,0,0,N,Y,N,6,2026,3,N,None
CUST1012085,0,1,0,1,0,0,0,0,N,N,Y,6,2026,2,Y,AL
CUST1012086,0,0,0,1,1,0,0,0,N,N,N,6,2026,2,N,None
CUST1012087,0,1,0,1,1,0,0,0,N,N,Y,6,2026,3,N,None
CUST1012088,0,1,0,1,3,0,0,0,N,N,N,6,2026,3,Y,RD
CUST1012089,1,0,0,0,0,0,0,0,N,N,N,6,2026,1,N,None
CUST1012090,0,0,0,1,0,0,0,0,N,N,N,6,2026,1,N,CC
CUST1012091,0,0,0,1,0,0,0,0,Y,N,Y,6,2026,1,N,None
CUST1012092,0,0,0,1,3,2,0,0,N,N,Y,6,2026,3,N,AL
CUST1012093,0,1,0,0,0,0,0,1,N,N,N,6,2026,2,N,None
CUST1012094,0,0,0,1,0,0,0,0,Y,N,Y,6,2026,1,N,None
CUST1012095,1,0,0,1,3,0,0,0,N,N,Y,6,2026,3,Y,CC
CUST1012096,0,1,0,1,2,0,0,0,N,N,Y,6,2026,3,Y,SA
CUST1012097,1,2,0,1,0,2,0,0,N,N,Y,6,2026,4,Y,MF
CUST1012098,0,2,0,1,0,0,0,0,Y,N,Y,6,2026,2,N,None
CUST1012099,0,2,0,1,0,1,0,1,N,N,Y,6,2026,4,N,None
CUST1012100,0,2,0,1,0,0,0,0,N,N,Y,6,2026,2,Y,RD
CUST1012101,2,2,0,1,0,0,0,1,N,N,Y,6,2026,4,N,None
CUST1012102,0,0,0,1,3,1,0,0,N,N,Y,6,2026,3,N,None
CUST1012103,0,0,0,1,0,0,0,0,N,N,Y,6,2026,1,N,None
CUST1012104,0,2,0,1,0,1,0,0,N,Y,N,6,2026,3,Y,SA
CUST1012105,0,0,0,1,0,0,0,1,N,N,N,6,2026,2,N,HL
CUST1012106,0,1,0,1,2,2,0,0,N,N,N,6,2026,4,Y,MF
CUST1012107,2,0,0,1,0,0,0,0,N,N,Y,6,2026,2,N,None
CUST1012108,0,1,0,0,0,0,0,0,N,N,Y,6,2026,1,N,None
CUST1012109,0,2,0,1,0,0,0,0,N,N,Y,6,2026,2,N,None
CUST1012110,0,0,0,1,3,2,0,0,Y,N,N,6,2026,3,Y,CC
CUST1012111,0,2,0,1,0,0,0,0,Y,N,Y,6,2026,2,Y,HF
CUST1012112,0,0,0,1,3,0,0,0,N,N,Y,6,2026,2,Y,AL
CUST1012113,0,1,0,1,0,0,1,1,N,N,Y,6,2026,4,N,None
CUST1012114,0,2,0,1,2,0,0,0,N,N,N,6,2026,3,Y,MF
CUST1012115,0,2,0,0,3,1,0,1,N,N,N,6,2026,4,N,CC
CUST1012116,1,1,0,1,0,1,0,0,N,N,N,6,2026,4,N,None
CUST1012117,0,0,0,1,0,2,1,0,N,N,Y,6,2026,3,Y,SA
CUST1012118,0,2,0,1,1,0,0,0,N,N,Y,6,2026,3,N,None
CUST1012119,0,1,0,1,0,2,0,1,N,N,Y,6,2026,4,Y,PL
CUST1012120,0,1,0,1,0,0,0,0,N,N,Y,6,2026,2,N,None
CUST1012121,0,0,0,1,0,0,0,0,N,N,N,6,2026,1,Y,CC
CUST1012122,1,2,0,1,0,0,0,0,N,N,N,6,2026,3,Y,AL
CUST1012123,1,0,0,1,0,0,0,0,N,N,N,6,2026,2,N,MF
CUST1012124,0,0,0,1,1,0,0,0,N,N,N,6,2026,2,N,None
CUST1012125,0,0,0,1,0,0,0,0,N,N,N,6,2026,1,N,None
CUST1012126,0,0,0,0,0,1,0,1,N,N,N,6,2026,2,N,None
CUST1012127,0,0,0,1,1,2,0,0,N,N,N,6,2026,3,Y,AL
CUST1012128,1,0,0,1,0,0,0,0,Y,N,Y,6,2026,2,Y,HF
CUST1012129,1,0,0,1,2,0,0,0,N,N,N,6,2026,3,N,None
CUST1012130,0,2,0,1,0,2,0,0,N,N,Y,6,2026,3,N,None
CUST1012131,0,1,0,1,0,2,0,0,N,N,N,6,2026,3,N,None
CUST1012132,0,2,0,1,0,2,0,0,N,N,N,6,2026,3,N,None
CUST1012133,0,2,0,1,0,0,1,0,N,N,Y,6,2026,3,N,PL
CUST1012134,0,0,0,0,2,0,0,0,N,N,Y,6,2026,1,N,None
CUST1012135,0,2,0,1,3,0,0,0,N,Y,Y,6,2026,3,N,None
CUST1012136,0,0,0,1,0,0,0,0,N,N,N,6,2026,1,Y,CC
CUST1012137,0,2,0,1,0,2,0,0,N,N,N,6,2026,3,Y,CC
CUST1012138,0,0,0,1,0,0,0,0,N,N,N,6,2026,1,N,None
CUST1012139,0,0,0,1,0,2,0,0,N,N,Y,6,2026,2,N,None
CUST1012140,0,1,0,1,0,1,0,0,N,N,N,6,2026,3,N,None
CUST1012141,0,0,1,1,2,0,0,0,N,N,Y,6,2026,3,Y,CC
CUST1012142,0,2,0,1,3,0,0,0,Y,N,N,6,2026,3,N,None
CUST1012143,2,2,0,1,0,2,0,0,Y,N,N,6,2026,4,N,None
CUST1012144,0,2,0,1,0,0,0,1,N,N,Y,6,2026,3,N,RD
CUST1012145,2,1,0,1,1,0,0,0,N,N,Y,6,2026,4,N,None
CUST1012146,0,0,0,1,3,2,0,0,N,N,Y,6,2026,3,N,None
CUST1012147,0,2,0,1,0,2,0,0,Y,N,Y,6,2026,3,N,None
CUST1012148,0,1,0,1,2,0,0,0,N,N,N,6,2026,3,Y,MF
CUST1012149,0,0,0,1,0,0,0,0,N,N,Y,6,2026,1,N,None
CUST1012150,1,2,0,1,2,0,0,0,N,N,N,6,2026,4,Y,AL
CUST1012151,0,1,0,1,0,0,0,0,N,N,N,6,2026,2,N,MF
CUST1012152,0,2,0,1,0,1,0,1,N,N,Y,6,2026,4,N,None
CUST1012153,0,0,0,1,0,0,0,0,N,N,N,6,2026,1,Y,SA
CUST1012154,0,0,0,0,0,0,0,0,N,N,N,6,2026,0,Y,AL
CUST1012155,2,0,0,1,0,1,0,0,N,N,Y,6,2026,3,N,None
CUST1012156,0,1,0,1,0,1,0,0,N,N,Y,6,2026,3,N,None
CUST1012157,0,1,0,1,0,1,1,0,N,N,Y,6,2026,4,Y,CC
CUST1012158,0,1,0,1,0,0,0,0,N,N,Y,6,2026,2,Y,MF
CUST1012159,0,0,0,1,0,0,0,0,N,N,Y,6,2026,1,N,RD
CUST1012160,0,0,0,1,2,0,0,0,N,Y,N,6,2026,2,Y,HF
CUST1012161,0,1,0,1,0,0,1,0,N,N,Y,6,2026,3,N,None
CUST1012162,0,1,0,1,0,0,0,1,N,N,Y,6,2026,3,Y,CC
CUST1012163,0,1,0,1,0,0,0,0,N,N,N,6,2026,2,N,None
CUST1012164,0,2,0,1,0,0,0,0,N,N,N,6,2026,2,Y,PL
CUST1012165,0,0,0,1,0,0,0,0,Y,N,Y,6,2026,1,N,None
CUST1012166,2,0,0,1,2,0,0,1,N,N,N,6,2026,4,N,None
CUST1012167,0,0,0,1,0,0,0,0,N,N,N,6,2026,1,Y,SA
CUST1012168,0,2,0,1,0,0,0,0,N,N,Y,6,2026,2,Y,RD
CUST1012169,0,0,0,1,0,0,0,0,N,N,Y,6,2026,1,N,None
CUST1012170,0,1,0,1,0,0,0,0,N,Y,Y,6,2026,2,Y,SA
CUST1012171,1,0,0,1,0,1,0,1,Y,N,Y,6,2026,4,Y,HL
CUST1012172,0,0,0,1,3,0,0,0,N,N,Y,6,2026,2,N,HL
CUST1012173,0,1,0,1,0,1,0,1,N,N,Y,6,2026,4,N,CC
CUST1012174,0,0,0,1,0,0,0,0,N,N,Y,6,2026,1,N,None
CUST1012175,0,0,0,1,0,0,0,0,N,N,N,6,2026,1,Y,RD
CUST1012176,0,0,0,1,2,0,0,0,N,N,N,6,2026,2,N,None
CUST1012177,0,1,0,1,0,0,0,0,N,N,N,6,2026,2,N,CC
CUST1012178,0,0,0,1,3,0,0,0,N,N,N,6,2026,2,N,None
CUST1012179,1,2,0,1,0,0,0,0,N,N,N,6,2026,3,N,None
CUST1012180,0,0,0,1,0,0,0,0,N,N,Y,6,2026,1,N,PL
CUST1012181,2,1,0,1,0,1,0,1,N,N,Y,6,2026,5,N,None
CUST1012182,0,0,0,1,0,0,1,0,N,N,N,6,2026,2,Y,PL
CUST1012183,0,0,0,1,2,0,0,0,N,N,N,6,2026,2,Y,MF
CUST1012184,0,2,0,1,0,1,0,0,N,N,Y,6,2026,3,N,None
CUST1012185,0,2,0,1,0,0,0,0,N,N,N,6,2026,2,N,None
CUST1012186,0,0,0,0,0,0,0,0,N,N,Y,6,2026,0,N,SA
CUST1012187,0,2,0,1,1,0,0,0,N,N,Y,6,2026,3,N,None
CUST1012188,0,1,0,1,3,0,1,0,N,N,N,6,2026,4,N,None
CUST1012189,0,0,0,1,0,1,0,1,N,N,Y,6,2026,3,Y,CC
CUST1012190,0,1,0,1,0,0,0,0,N,N,N,6,2026,2,N,AL
CUST1012191,0,0,0,1,0,1,0,0,Y,N,Y,6,2026,2,Y,CC
CUST1012192,0,2,0,1,0,1,0,1,N,N,N,6,2026,4,Y,MF
CUST1012193,0,0,0,1,0,0,0,0,N,N,N,6,2026,1,N,None
CUST1012194,0,2,0,1,0,1,0,0,Y,N,Y,6,2026,3,Y,RD
CUST1012195,0,1,0,1,0,0,0,1,Y,N,Y,6,2026,3,N,None
CUST1012196,0,0,0,1,0,0,0,0,N,N,Y,6,2026,1,N,None
CUST1012197,0,1,0,1,0,0,0,0,N,N,Y,6,2026,2,N,None
CUST1012198,0,0,1,1,0,0,0,0,N,N,Y,6,2026,2,N,None
CUST1012199,0,2,0,1,0,2,0,0,N,N,N,6,2026,3,N,None
CUST1012200,0,0,0,1,0,0,0,0,N,N,N,6,2026,1,N,None
CUST1012201,0,0,0,1,0,0,1,0,N,N,N,6,2026,2,Y,AL
CUST1012202,0,0,0,1,0,0,0,0,N,N,N,6,2026,1,N,None
CUST1012203,0,0,0,1,0,0,0,0,N,N,N,6,2026,1,N,None
CUST1012204,0,1,0,1,2,0,0,0,N,N,Y,6,2026,3,N,AL
CUST1012205,0,0,1,1,0,2,1,0,N,N,N,6,2026,4,Y,PL
CUST1012206,0,0,0,1,0,0,0,0,N,N,Y,6,2026,1,Y,MF
CUST1012207,0,2,0,1,3,0,0,0,N,N,N,6,2026,3,N,None
CUST1012208,0,0,0,1,0,2,0,0,N,N,N,6,2026,2,N,AL
CUST1012209,0,0,0,1,0,0,0,0,Y,N,Y,6,2026,1,N,None
CUST1012210,0,1,0,1,0,0,0,1,N,N,N,6,2026,3,Y,SA
CUST1012211,2,1,0,1,0,0,0,0,N,N,Y,6,2026,3,Y,MF
CUST1012212,0,2,0,1,0,0,0,0,N,N,Y,6,2026,2,N,None
CUST1012213,0,2,0,1,0,0,0,0,N,N,Y,6,2026,2,N,CC
CUST1012214,0,0,0,1,0,0,0,0,N,N,N,6,2026,1,N,None
CUST1012215,0,2,0,1,0,0,0,0,N,N,N,6,2026,2,N,None
CUST1012216,0,0,0,1,0,2,0,0,N,N,Y,6,2026,2,Y,HF
CUST1012217,0,0,0,1,0,0,0,0,N,N,N,6,2026,1,N,None
CUST1012218,2,2,0,1,1,0,1,0,Y,N,Y,6,2026,5,N,None
CUST1012219,0,1,0,1,0,0,0,0,N,N,Y,6,2026,2,Y,HL
CUST1012220,0,0,0,1,0,2,0,0,Y,Y,Y,6,2026,2,Y,CC
CUST1012221,0,0,0,1,0,0,0,0,N,N,N,6,2026,1,N,None
CUST1012222,0,0,0,1,0,0,0,0,N,N,N,6,2026,1,N,None
CUST1012223,0,0,0,1,0,1,0,0,N,N,N,6,2026,2,N,None
CUST1012224,0,1,0,1,0,0,0,0,N,N,N,6,2026,2,Y,CC
CUST1012225,0,0,0,1,0,0,0,0,N,N,Y,6,2026,1,Y,HF
CUST1012226,0,0,1,1,0,1,1,0,N,N,N,6,2026,4,Y,MF
CUST1012227,0,1,0,0,0,0,0,0,N,N,Y,6,2026,1,N,SA
CUST1012228,0,0,0,1,0,0,1,0,N,N,N,6,2026,2,Y,AL
CUST1012229,1,0,0,1,0,0,0,0,N,N,Y,6,2026,2,Y,MF
CUST1012230,2,1,0,1,0,1,0,0,N,N,Y,6,2026,4,N,None
CUST1012231,0,0,0,1,0,0,1,0,N,N,N,6,2026,2,N,None
CUST1012232,1,2,0,1,0,0,0,0,N,N,Y,6,2026,3,Y,MF
CUST1012233,0,1,0,1,0,0,0,0,N,N,Y,6,2026,2,Y,CC
CUST1012234,0,0,0,1,1,0,0,0,N,N,Y,6,2026,2,N,None
CUST1012235,0,0,0,1,0,2,0,0,N,N,N,6,2026,2,N,None
CUST1012236,0,2,0,1,2,0,0,0,Y,N,N,6,2026,3,N,None
CUST1012237,0,2,0,1,0,0,0,0,N,N,Y,6,2026,2,N,HL
CUST1012238,0,0,0,1,0,0,0,0,Y,N,Y,6,2026,1,N,None
CUST1012239,0,0,0,1,0,0,0,0,N,N,Y,6,2026,1,Y,SA
CUST1012240,2,2,1,1,0,0,0,0,N,N,Y,6,2026,4,Y,HL
CUST1012241,0,0,0,1,3,0,0,1,N,N,Y,6,2026,3,Y,CC
CUST1012242,0,2,0,1,0,2,0,0,N,N,Y,6,2026,3,Y,AL
CUST1012243,0,0,0,1,0,0,0,0,N,N,N,6,2026,1,Y,SA
CUST1012244,0,0,0,1,0,1,1,0,N,N,Y,6,2026,3,N,None
CUST1012245,0,1,0,1,0,0,1,0,N,N,N,6,2026,3,N,None
CUST1012246,0,0,0,1,0,0,0,0,N,N,Y,6,2026,1,N,None
CUST1012247,0,0,0,1,0,0,0,0,N,N,Y,6,2026,1,Y,RD
CUST1012248,0,1,0,1,0,0,0,0,N,Y,Y,6,2026,2,Y,MF
CUST1012249,0,0,0,1,0,0,0,0,N,Y,N,6,2026,1,N,HL
CUST1012250,0,2,0,1,3,1,0,0,N,N,Y,6,2026,4,N,None
CUST1012251,0,0,0,1,0,1,0,0,N,N,N,6,2026,2,Y,RD
CUST1012252,0,1,0,1,0,0,0,0,Y,N,N,6,2026,2,N,None
CUST1012253,0,0,1,0,0,0,0,0,N,N,N,6,2026,1,N,None
CUST1012254,2,0,0,1,0,1,0,0,N,N,Y,6,2026,3,N,None
CUST1012255,0,0,1,1,0,0,0,0,N,N,Y,6,2026,2,Y,CC
CUST1012256,0,0,0,1,0,0,0,0,N,N,N,6,2026,1,Y,HL
CUST1012257,0,2,0,1,0,0,1,0,N,N,Y,6,2026,3,N,None
CUST1012258,0,0,0,1,0,0,0,0,N,N,Y,6,2026,1,Y,SA
CUST1012259,1,0,1,1,0,1,0,0,Y,N,N,6,2026,4,N,None
CUST1012260,0,0,0,1,0,0,0,1,N,N,Y,6,2026,2,N,None
CUST1012261,0,0,0,1,0,0,0,0,N,N,Y,6,2026,1,N,RD
CUST1012262,1,0,0,1,0,1,0,0,Y,N,Y,6,2026,3,N,None
CUST1012263,0,2,0,1,0,2,0,0,N,N,Y,6,2026,3,N,None
CUST1012264,0,0,0,1,0,0,0,0,N,Y,Y,6,2026,1,Y,AL
CUST1012265,0,1,0,1,3,2,0,0,N,N,Y,6,2026,4,N,None
CUST1012266,1,0,0,1,0,0,0,0,N,Y,Y,6,2026,2,Y,PL
CUST1012267,0,0,1,1,0,0,0,0,N,N,N,6,2026,2,N,None
CUST1012268,0,1,0,1,0,0,0,0,N,N,N,6,2026,2,N,None
CUST1012269,1,0,0,1,0,0,0,0,N,N,Y,6,2026,2,N,None
CUST1012270,1,0,0,1,0,0,0,0,N,N,N,6,2026,2,Y,PL
CUST1012271,0,0,0,1,2,2,0,1,N,Y,N,6,2026,4,Y,SA
CUST1012272,2,0,0,0,0,2,0,0,N,N,N,6,2026,2,N,AL
CUST1012273,0,0,0,1,0,0,0,0,N,N,Y,6,2026,1,Y,CC
CUST1012274,0,2,0,1,0,0,0,0,Y,N,Y,6,2026,2,Y,PL
CUST1012275,0,0,0,1,0,0,0,0,N,N,N,6,2026,1,N,None
CUST1012276,2,1,0,1,0,0,0,0,N,Y,N,6,2026,3,N,MF
CUST1012277,0,0,0,1,0,2,0,0,N,N,N,6,2026,2,N,None
CUST1012278,2,0,0,1,1,0,0,0,N,N,Y,6,2026,3,N,None
CUST1012279,0,0,0,1,1,0,0,0,N,N,Y,6,2026,2,N,None
CUST1012280,2,0,0,1,0,0,0,0,Y,N,N,6,2026,2,Y,AL
CUST1012281,0,0,0,1,1,0,0,0,N,N,N,6,2026,2,N,None
CUST1012282,0,2,0,1,0,0,0,0,Y,N,Y,6,2026,2,N,None
CUST1012283,0,0,0,1,0,0,0,0,N,N,N,6,2026,1,N,None
CUST1012284,0,0,0,1,3,0,0,0,N,N,N,6,2026,2,N,None
CUST1012285,2,0,0,1,0,0,0,1,N,N,Y,6,2026,3,Y,SA
CUST1012286,0,0,0,1,0,0,1,0,N,N,N,6,2026,2,Y,PL
CUST1012287,0,2,0,0,0,0,0,1,N,N,Y,6,2026,2,Y,SA
CUST1012288,1,0,0,1,3,2,0,0,N,N,N,6,2026,4,N,None
CUST1012289,0,0,0,1,0,0,0,0,Y,N,N,6,2026,1,N,None
CUST1012290,0,0,0,1,0,0,0,1,N,N,N,6,2026,2,N,None
CUST1012291,0,0,0,1,0,2,0,0,N,N,Y,6,2026,2,N,None
CUST1012292,0,0,0,1,0,0,0,0,Y,N,N,6,2026,1,N,None
CUST1012293,0,0,0,1,0,0,1,0,N,N,Y,6,2026,2,N,None
CUST1012294,0,0,0,1,0,2,1,0,N,Y,Y,6,2026,3,N,None
CUST1012295,0,1,0,1,0,0,0,0,N,N,Y,6,2026,2,N,None
CUST1012296,0,0,0,1,0,0,0,0,N,N,Y,6,2026,1,Y,SA
CUST1012297,0,1,0,1,0,2,1,1,N,N,N,6,2026,5,Y,CC
CUST1012298,0,0,0,1,0,0,0,0,N,Y,N,6,2026,1,Y,MF
CUST1012299,0,0,0,1,0,0,0,0,Y,N,N,6,2026,1,N,None
CUST1012300,1,2,0,1,0,1,0,0,N,N,Y,6,2026,4,N,None
CUST1012301,0,0,0,1,0,0,0,0,N,N,N,6,2026,1,N,None
CUST1012302,0,2,0,1,2,1,0,0,N,N,Y,6,2026,4,Y,PL
CUST1012303,1,0,0,1,0,2,0,1,N,N,N,6,2026,4,Y,RD
CUST1012304,0,1,0,1,0,0,0,0,N,N,N,6,2026,2,N,None
CUST1012305,0,0,0,1,0,0,0,0,N,N,Y,6,2026,1,N,None
CUST1012306,1,0,0,1,0,2,1,0,N,N,Y,6,2026,4,N,None
CUST1012307,2,1,0,1,2,2,0,0,N,N,N,6,2026,5,Y,MF
CUST1012308,0,1,0,1,0,2,0,0,N,N,Y,6,2026,3,N,None
CUST1012309,0,1,0,1,0,0,0,1,N,N,N,6,2026,3,Y,SA
CUST1012310,0,0,0,1,0,2,0,0,N,N,N,6,2026,2,Y,RD
CUST1012311,0,0,0,1,0,1,0,0,N,N,N,6,2026,2,N,MF
CUST1012312,0,0,0,1,0,1,0,0,N,N,Y,6,2026,2,Y,AL
CUST1012313,0,0,0,1,0,0,0,0,N,N,Y,6,2026,1,N,None
CUST1012314,1,0,0,1,0,0,0,0,N,N,N,6,2026,2,N,None
CUST1012315,0,2,0,1,0,0,0,0,N,N,N,6,2026,2,Y,AL
CUST1012316,0,1,0,1,2,0,0,0,N,N,N,6,2026,3,N,None
CUST1012317,0,0,0,1,0,0,0,0,N,N,N,6,2026,1,N,None
CUST1012318,0,0,0,1,0,0,0,1,N,N,Y,6,2026,2,N,None
CUST1012319,0,0,0,1,0,0,0,0,N,N,N,6,2026,1,N,None
CUST1012320,0,2,0,1,0,2,0,0,N,N,Y,6,2026,3,N,None
CUST1012321,0,0,0,1,0,0,0,1,N,N,Y,6,2026,2,N,PL
CUST1012322,0,0,0,1,0,2,0,0,N,N,Y,6,2026,2,Y,HL
CUST1012323,0,0,0,1,0,0,0,0,N,N,Y,6,2026,1,N,None
CUST1012324,0,0,0,1,0,0,0,0,N,N,Y,6,2026,1,Y,SA
CUST1012325,0,2,0,1,1,0,0,0,N,N,N,6,2026,3,Y,SA
CUST1012326,0,2,0,1,0,0,0,0,N,N,Y,6,2026,2,N,None
CUST1012327,0,0,0,1,0,2,0,0,Y,N,Y,6,2026,2,Y,SA
CUST1012328,0,2,0,1,1,2,0,0,N,N,N,6,2026,4,Y,PL
CUST1012329,0,0,0,0,0,2,0,0,Y,N,Y,6,2026,1,Y,PL
CUST1012330,0,2,1,1,0,2,0,0,N,N,Y,6,2026,4,N,None
CUST1012331,0,0,0,1,0,2,0,1,N,N,N,6,2026,3,N,SA
CUST1012332,0,0,0,1,0,2,1,0,N,N,N,6,2026,3,Y,PL
CUST1012333,1,2,0,1,0,0,0,0,Y,N,N,6,2026,3,N,None
CUST1012334,0,0,0,1,0,0,0,1,N,N,N,6,2026,2,N,None
CUST1012335,2,1,0,1,0,2,0,0,N,N,N,6,2026,4,Y,SA
CUST1012336,2,0,0,1,0,2,0,0,N,Y,Y,6,2026,3,Y,RD
CUST1012337,0,0,0,1,0,0,0,0,N,N,N,6,2026,1,Y,CC
CUST1012338,0,2,0,1,0,2,0,1,N,N,Y,6,2026,4,Y,HL
CUST1012339,0,1,0,1,0,0,0,0,N,N,Y,6,2026,2,N,SA
CUST1012340,0,0,0,1,0,0,0,0,N,N,Y,6,2026,1,N,None
CUST1012341,2,2,0,1,0,0,0,0,N,N,Y,6,2026,3,N,None
CUST1012342,0,2,0,1,0,0,0,0,N,N,N,6,2026,2,Y,CC
CUST1012343,0,0,0,1,0,2,0,0,N,Y,Y,6,2026,2,N,None
CUST1012344,0,0,0,1,3,2,0,0,N,Y,N,6,2026,3,Y,CC
CUST1012345,0,0,0,1,1,0,0,0,N,N,N,6,2026,2,N,None
CUST1012346,0,1,0,1,0,0,0,0,N,N,Y,6,2026,2,Y,PL
CUST1012347,0,1,0,1,0,0,0,1,N,N,Y,6,2026,3,N,None
CUST1012348,1,0,0,1,0,0,0,0,Y,N,N,6,2026,2,N,None
CUST1012349,2,0,0,1,1,0,0,0,N,N,N,6,2026,3,Y,AL
CUST1012350,0,1,0,1,0,2,1,0,N,N,Y,6,2026,4,N,None
CUST1012351,0,2,0,1,0,0,0,0,N,N,Y,6,2026,2,Y,CC
CUST1012352,1,1,0,1,0,0,0,0,N,N,Y,6,2026,3,Y,PL
CUST1012353,0,2,0,1,0,0,0,0,N,N,Y,6,2026,2,Y,PL
CUST1012354,0,0,0,1,0,1,0,0,N,N,N,6,2026,2,N,None
CUST1012355,2,0,0,1,3,1,0,0,N,N,N,6,2026,4,Y,PL
CUST1012356,0,0,0,1,0,0,0,0,N,N,Y,6,2026,1,Y,CC
CUST1012357,0,1,0,1,0,1,0,0,N,N,Y,6,2026,3,N,None
CUST1012358,0,0,0,1,0,0,0,0,N,N,Y,6,2026,1,N,None
CUST1012359,1,1,0,1,0,0,0,0,N,N,Y,6,2026,3,Y,CC
CUST1012360,0,1,0,1,0,0,0,0,N,N,N,6,2026,2,N,CC
CUST1012361,0,0,0,1,0,1,0,0,N,N,N,6,2026,2,Y,CC
CUST1012362,0,1,0,1,0,1,0,0,N,N,Y,6,2026,3,Y,MF
CUST1012363,0,2,0,1,1,0,0,0,N,N,N,6,2026,3,N,None
CUST1012364,0,0,0,1,0,0,0,0,N,N,Y,6,2026,1,Y,AL
CUST1012365,0,0,0,1,0,0,0,0,N,N,N,6,2026,1,Y,CC
CUST1012366,0,0,0,1,0,0,0,0,N,N,N,6,2026,1,N,None
CUST1012367,0,0,0,1,0,2,0,0,N,N,N,6,2026,2,N,None
CUST1012368,0,2,0,1,0,1,0,0,N,N,Y,6,2026,3,N,None
CUST1012369,0,0,0,1,0,0,0,0,N,N,Y,6,2026,1,Y,AL
CUST1012370,2,1,0,1,0,2,0,0,N,N,N,6,2026,4,N,AL
CUST1012371,0,0,0,1,0,0,0,0,N,N,N,6,2026,1,N,None
CUST1012372,2,1,0,0,0,2,0,0,N,N,N,6,2026,3,N,None
CUST1012373,0,0,0,1,0,0,0,0,N,N,Y,6,2026,1,N,None
CUST1012374,0,0,1,1,0,1,0,0,N,N,N,6,2026,3,N,None
CUST1012375,0,0,0,1,0,0,0,0,N,N,N,6,2026,1,N,None
CUST1012376,0,0,0,1,0,0,0,0,N,N,Y,6,2026,1,Y,SA
CUST1012377,0,0,0,0,0,0,0,0,N,N,Y,6,2026,0,N,None
CUST1012378,0,1,0,1,0,0,0,0,N,N,Y,6,2026,2,N,None
CUST1012379,0,0,0,1,0,0,0,0,N,Y,Y,6,2026,1,N,None
CUST1012380,0,0,0,1,0,0,0,1,N,N,Y,6,2026,2,Y,AL
CUST1012381,0,2,0,1,0,2,1,0,N,N,N,6,2026,4,Y,PL
CUST1012382,2,1,0,1,0,0,0,1,N,N,N,6,2026,4,Y,MF
CUST1012383,0,0,0,1,0,0,0,0,Y,N,Y,6,2026,1,N,None
CUST1012384,0,1,0,1,0,0,0,0,N,N,N,6,2026,2,N,None
CUST1012385,0,0,0,1,0,0,0,0,N,N,N,6,2026,1,Y,RD
CUST1012386,1,0,0,1,0,2,0,0,N,N,N,6,2026,3,Y,CC
CUST1012387,0,2,0,1,0,0,0,0,N,N,Y,6,2026,2,N,None
CUST1012388,2,2,0,1,0,0,0,0,N,N,N,6,2026,3,N,None
CUST1012389,0,0,0,1,0,0,1,0,N,N,Y,6,2026,2,N,None
CUST1012390,0,0,0,1,0,0,0,0,N,N,N,6,2026,1,Y,CC
CUST1012391,1,1,0,1,0,0,0,0,N,N,Y,6,2026,3,N,None
CUST1012392,2,2,0,1,3,1,0,0,N,N,N,6,2026,5,Y,SA
CUST1012393,0,0,0,1,0,1,0,1,N,N,N,6,2026,3,N,None
CUST1012394,0,0,0,1,0,0,1,0,Y,N,Y,6,2026,2,N,None
CUST1012395,0,1,0,1,0,0,0,0,N,N,N,6,2026,2,N,None
CUST1012396,0,0,0,1,0,0,0,0,N,N,N,6,2026,1,Y,CC
CUST1012397,2,0,1,1,0,2,0,0,Y,N,Y,6,2026,4,Y,SA
CUST1012398,0,0,0,1,0,1,0,0,N,N,N,6,2026,2,N,None
CUST1012399,2,1,0,1,0,0,0,0,N,N,Y,6,2026,3,N,None
CUST1012400,0,1,0,1,0,0,0,0,N,N,N,6,2026,2,Y,CC
CUST1012401,0,0,0,1,0,0,0,0,N,Y,N,6,2026,1,N,PL
CUST1012402,0,2,0,1,0,2,0,0,N,N,Y,6,2026,3,Y,MF
CUST1012403,0,1,0,1,2,1,0,0,N,Y,N,6,2026,4,N,AL
CUST1012404,0,0,0,1,3,0,0,0,N,N,Y,6,2026,2,Y,AL
CUST1012405,0,0,0,1,0,2,0,0,Y,N,Y,6,2026,2,Y,SA
CUST1012406,2,1,0,1,0,0,0,0,N,N,Y,6,2026,3,N,None
CUST1012407,0,0,0,1,0,0,0,1,N,N,Y,6,2026,2,Y,CC
CUST1012408,0,2,0,1,0,1,0,0,Y,N,Y,6,2026,3,Y,SA
CUST1012409,0,0,0,1,0,0,0,0,N,N,N,6,2026,1,N,RD
CUST1012410,0,0,0,1,0,0,0,0,N,N,N,6,2026,1,N,None
CUST1012411,2,1,0,1,1,0,0,0,N,N,N,6,2026,4,N,None
CUST1012412,0,0,0,1,0,0,0,0,N,N,Y,6,2026,1,N,None
CUST1012413,0,0,0,1,0,0,0,0,N,N,N,6,2026,1,Y,PL
CUST1012414,0,0,0,1,0,0,0,0,N,N,N,6,2026,1,Y,SA
CUST1012415,0,1,0,1,0,1,0,1,Y,N,Y,6,2026,4,Y,CC
CUST1012416,0,0,0,1,0,1,0,0,N,N,N,6,2026,2,N,None
CUST1012417,0,1,0,1,0,0,0,0,N,N,N,6,2026,2,N,SA
CUST1012418,0,1,0,1,3,0,0,0,N,N,N,6,2026,3,Y,CC
CUST1012419,0,0,0,1,0,0,0,0,N,N,Y,6,2026,1,N,None
CUST1012420,0,2,0,1,2,0,0,0,N,N,Y,6,2026,3,N,None
CUST1012421,2,0,0,1,0,0,0,0,Y,N,Y,6,2026,2,N,None
CUST1012422,0,0,0,1,0,0,1,0,N,N,N,6,2026,2,Y,CC
CUST1012423,0,0,0,1,1,0,0,0,N,N,Y,6,2026,2,N,None
CUST1012424,0,0,0,0,0,0,0,0,Y,N,N,6,2026,0,Y,AL
CUST1012425,0,1,0,1,0,0,0,0,N,N,Y,6,2026,2,Y,SA
CUST1012426,2,0,0,1,0,0,0,0,N,N,N,6,2026,2,N,None
CUST1012427,0,1,0,1,0,0,0,0,N,N,Y,6,2026,2,Y,CC
CUST1012428,0,0,0,0,0,0,0,0,N,N,N,6,2026,0,Y,PL
CUST1012429,0,2,0,1,0,2,0,0,Y,N,Y,6,2026,3,N,None
CUST1012430,0,0,0,1,0,1,0,0,N,N,Y,6,2026,2,Y,SA
CUST1012431,0,0,0,1,0,0,0,0,N,N,Y,6,2026,1,Y,CC
CUST1012432,0,0,0,1,0,0,0,0,N,N,Y,6,2026,1,Y,RD
CUST1012433,0,0,0,1,0,2,0,0,N,N,Y,6,2026,2,N,None
CUST1012434,0,1,0,1,0,0,0,0,N,N,N,6,2026,2,N,None
CUST1012435,0,0,0,1,0,2,0,0,N,N,N,6,2026,2,Y,MF
CUST1012436,0,1,0,1,3,2,0,0,N,N,Y,6,2026,4,N,None
CUST1012437,0,2,0,1,0,2,0,0,N,N,Y,6,2026,3,N,None
CUST1012438,1,1,0,1,0,1,0,0,N,N,N,6,2026,4,N,None
CUST1012439,0,0,0,1,0,0,0,0,N,N,N,6,2026,1,N,SA
CUST1012440,0,1,0,1,0,0,0,0,N,N,N,6,2026,2,N,None
CUST1012441,0,0,0,1,0,0,0,0,Y,N,Y,6,2026,1,N,None
CUST1012442,0,1,0,1,0,0,0,1,Y,N,Y,6,2026,3,Y,RD
CUST1012443,0,1,0,1,0,0,0,0,N,N,Y,6,2026,2,Y,CC
CUST1012444,2,0,0,1,0,0,0,1,N,N,N,6,2026,3,N,None
CUST1012445,0,0,0,1,0,0,0,0,Y,N,Y,6,2026,1,N,None
CUST1012446,0,0,0,1,0,0,0,0,Y,N,Y,6,2026,1,N,None
CUST1012447,1,0,0,1,1,1,0,0,N,N,N,6,2026,4,Y,RD
CUST1012448,0,2,0,0,2,2,0,0,N,N,N,6,2026,3,N,MF
CUST1012449,0,0,0,1,0,0,0,0,N,N,N,6,2026,1,Y,AL
CUST1012450,0,0,0,1,0,0,0,1,N,N,N,6,2026,2,Y,SA
CUST1012451,0,0,0,1,2,0,0,0,N,N,N,6,2026,2,N,RD
CUST1012452,1,0,0,1,2,0,1,0,Y,N,Y,6,2026,4,N,None
CUST1012453,0,0,0,1,3,0,0,0,N,N,Y,6,2026,2,Y,HL
CUST1012454,0,0,0,1,0,2,0,0,N,N,Y,6,2026,2,Y,RD
CUST1012455,0,0,0,1,0,0,0,0,N,N,Y,6,2026,1,N,None
CUST1012456,0,0,0,1,0,2,0,1,N,N,Y,6,2026,3,Y,RD
CUST1012457,2,1,0,1,0,2,0,0,N,N,Y,6,2026,4,N,None
CUST1012458,0,0,0,1,3,0,0,0,N,N,N,6,2026,2,N,None
CUST1012459,0,1,0,1,0,0,1,0,N,N,Y,6,2026,3,N,SA
CUST1012460,0,0,0,0,0,2,0,0,N,N,N,6,2026,1,N,None
CUST1012461,2,0,0,1,0,0,0,0,N,N,N,6,2026,2,N,None
CUST1012462,2,0,0,1,0,0,0,0,N,N,Y,6,2026,2,N,None
CUST1012463,0,0,0,1,0,0,1,0,N,N,Y,6,2026,2,Y,CC
CUST1012464,2,0,0,1,2,0,0,0,N,N,Y,6,2026,3,N,None
CUST1012465,0,0,0,1,3,0,0,0,N,N,N,6,2026,2,Y,MF
CUST1012466,0,0,0,1,0,0,0,0,N,N,Y,6,2026,1,N,None
CUST1012467,0,2,0,1,0,0,0,0,N,N,N,6,2026,2,N,None
CUST1012468,0,0,0,1,3,2,0,0,N,N,N,6,2026,3,N,MF
CUST1012469,2,0,0,1,0,0,0,1,Y,N,Y,6,2026,3,N,SA
CUST1012470,1,1,0,1,0,0,0,1,N,N,Y,6,2026,4,N,None
CUST1012471,2,1,0,1,0,0,0,0,N,N,N,6,2026,3,Y,RD
CUST1012472,0,0,0,1,0,0,1,0,Y,N,N,6,2026,2,N,None
CUST1012473,0,0,0,1,0,0,0,0,N,N,N,6,2026,1,N,None
CUST1012474,0,0,0,1,0,0,0,0,N,N,N,6,2026,1,Y,SA
CUST1012475,0,0,0,1,0,0,0,0,N,N,N,6,2026,1,Y,AL
CUST1012476,0,0,0,1,3,0,0,0,Y,N,Y,6,2026,2,Y,AL
CUST1012477,0,0,0,0,2,0,0,0,N,N,N,6,2026,1,Y,CC
CUST1012478,0,2,0,1,3,0,0,0,N,N,Y,6,2026,3,Y,RD
CUST1012479,0,2,0,1,0,0,0,0,N,N,N,6,2026,2,N,None
CUST1012480,0,0,0,1,0,0,0,0,N,N,Y,6,2026,1,N,CC
CUST1012481,0,0,0,1,1,0,0,0,Y,N,Y,6,2026,2,N,None
CUST1012482,0,0,0,1,0,0,0,0,N,N,N,6,2026,1,Y,SA
CUST1012483,0,1,1,1,0,0,1,0,N,N,Y,6,2026,4,N,None
CUST1012484,0,0,0,1,0,1,0,0,N,N,Y,6,2026,2,Y,AL
CUST1012485,0,2,0,1,0,2,1,0,N,N,N,6,2026,4,N,None
CUST1012486,1,0,0,1,0,0,0,0,N,N,Y,6,2026,2,N,None
CUST1012487,0,1,0,1,0,0,0,0,N,N,N,6,2026,2,N,None
CUST1012488,0,1,0,1,0,0,0,0,N,N,Y,6,2026,2,N,None
CUST1012489,0,0,0,0,0,0,0,0,N,N,Y,6,2026,0,N,None
CUST1012490,0,0,0,1,0,0,1,0,N,N,Y,6,2026,2,N,None
CUST1012491,0,1,0,1,0,2,0,0,N,N,Y,6,2026,3,N,None
CUST1012492,0,1,0,1,1,1,0,0,N,N,Y,6,2026,4,N,None
CUST1012493,2,2,0,1,0,0,0,0,N,N,Y,6,2026,3,N,None
CUST1012494,0,2,0,1,0,0,0,0,N,N,Y,6,2026,2,Y,PL
CUST1012495,0,0,0,1,3,0,0,1,N,N,Y,6,2026,3,Y,RD
CUST1012496,0,0,1,0,0,0,0,0,N,N,N,6,2026,1,N,None
CUST1012497,0,0,0,1,0,0,0,0,N,N,Y,6,2026,1,Y,AL
CUST1012498,0,2,0,1,0,0,0,1,N,N,N,6,2026,3,Y,PL
CUST1012499,0,2,0,1,0,0,0,0,N,N,Y,6,2026,2,N,None
CUST1012500,0,2,0,1,0,0,1,0,N,N,Y,6,2026,3,Y,CC
CUST1012501,0,2,0,1,0,0,0,0,Y,N,Y,6,2026,2,N,CC
CUST1012502,0,0,0,1,0,2,1,0,N,N,N,6,2026,3,N,None
CUST1012503,0,0,0,1,0,0,0,0,N,N,Y,6,2026,1,Y,HL
CUST1012504,0,0,0,1,1,0,0,0,N,N,Y,6,2026,2,N,None
CUST1012505,0,0,0,1,0,2,1,0,N,N,N,6,2026,3,N,None
CUST1012506,1,1,0,1,0,0,0,0,N,N,Y,6,2026,3,N,None
CUST1012507,0,1,0,1,0,0,0,0,N,N,Y,6,2026,2,N,None
CUST1012508,0,0,0,1,2,0,0,0,N,Y,Y,6,2026,2,N,None
CUST1012509,0,0,0,1,0,2,0,0,N,N,N,6,2026,2,Y,AL
CUST1012510,0,0,0,1,0,0,0,0,N,N,Y,6,2026,1,N,None
CUST1012511,0,0,0,1,0,0,0,0,Y,N,Y,6,2026,1,Y,PL
CUST1012512,2,1,0,1,0,1,0,0,N,N,Y,6,2026,4,Y,RD
CUST1012513,2,1,0,1,0,1,0,0,N,Y,N,6,2026,4,Y,RD
CUST1012514,0,0,0,1,3,0,0,0,N,N,N,6,2026,2,N,None
CUST1012515,0,2,0,1,0,0,0,0,N,N,N,6,2026,2,Y,AL
CUST1012516,0,0,0,1,0,0,1,0,N,Y,Y,6,2026,2,Y,AL
CUST1012517,0,0,0,1,0,1,0,0,N,N,N,6,2026,2,N,None
CUST1012518,2,0,0,1,0,1,1,0,Y,N,N,6,2026,4,Y,CC
CUST1012519,0,0,0,1,3,0,0,0,N,N,N,6,2026,2,N,None
CUST1012520,0,0,0,1,0,0,0,1,N,N,N,6,2026,2,N,None
CUST1012521,0,0,0,1,0,0,0,0,N,N,Y,6,2026,1,N,None
CUST1012522,0,2,0,1,0,1,0,0,Y,N,Y,6,2026,3,Y,RD
CUST1012523,0,2,0,1,0,0,0,0,Y,N,N,6,2026,2,N,MF
CUST1012524,0,0,0,1,0,0,0,0,Y,N,N,6,2026,1,Y,PL
CUST1012525,0,0,0,1,0,0,0,0,N,N,N,6,2026,1,Y,SA
CUST1012526,0,0,0,1,0,2,0,0,N,Y,Y,6,2026,2,Y,RD
CUST1012527,1,0,0,1,0,0,0,0,N,N,Y,6,2026,2,N,None
CUST1012528,0,0,0,1,0,1,0,0,Y,N,N,6,2026,2,Y,MF
CUST1012529,0,2,0,1,0,0,0,0,N,N,N,6,2026,2,N,None
CUST1012530,0,1,0,1,0,0,0,0,N,N,Y,6,2026,2,N,None
CUST1012531,0,1,0,1,0,0,0,1,N,N,N,6,2026,3,N,None
CUST1012532,0,0,0,1,0,0,0,0,N,N,Y,6,2026,1,Y,RD
CUST1012533,0,2,0,1,0,2,0,1,N,N,N,6,2026,4,N,None
CUST1012534,0,1,1,1,0,0,0,0,N,N,Y,6,2026,3,Y,CC
CUST1012535,1,2,0,1,0,1,0,0,N,N,N,6,2026,4,N,None
CUST1012536,0,1,0,0,0,0,0,1,N,N,Y,6,2026,2,N,None
CUST1012537,0,0,0,0,1,0,0,0,N,N,N,6,2026,1,N,None
CUST1012538,0,0,0,1,0,2,0,0,Y,N,Y,6,2026,2,Y,SA
CUST1012539,0,0,0,1,0,2,0,0,N,N,N,6,2026,2,Y,MF
CUST1012540,2,0,0,1,0,0,0,0,N,Y,Y,6,2026,2,N,None
CUST1012541,0,2,0,1,0,0,0,0,N,N,Y,6,2026,2,N,None
CUST1012542,0,0,0,1,0,0,0,0,N,N,Y,6,2026,1,Y,MF
CUST1012543,1,2,0,1,0,0,0,0,N,N,Y,6,2026,3,N,None
CUST1012544,0,1,0,1,0,0,0,0,N,Y,Y,6,2026,2,Y,MF
CUST1012545,2,0,0,1,0,0,0,0,N,N,Y,6,2026,2,N,None
CUST1012546,0,0,0,1,0,1,0,1,N,N,Y,6,2026,3,N,None
CUST1012547,0,2,0,1,0,0,0,0,N,N,Y,6,2026,2,N,None
CUST1012548,0,0,0,1,2,0,0,0,N,N,Y,6,2026,2,Y,CC
CUST1012549,0,0,0,1,0,0,0,0,N,N,N,6,2026,1,N,CC
CUST1012550,0,0,0,1,0,0,0,0,N,N,N,6,2026,1,N,None
CUST1012551,0,1,0,1,0,0,1,0,N,N,N,6,2026,3,N,None
CUST1012552,0,1,0,1,0,2,0,0,N,N,Y,6,2026,3,N,None
CUST1012553,0,0,0,1,0,0,0,0,N,N,N,6,2026,1,Y,RD
CUST1012554,0,1,0,1,0,2,0,0,Y,N,Y,6,2026,3,N,SA
CUST1012555,0,0,0,0,0,2,0,0,N,N,Y,6,2026,1,N,None
CUST1012556,0,2,0,1,0,0,1,0,N,N,Y,6,2026,3,N,None
CUST1012557,0,2,0,1,0,2,0,0,N,N,Y,6,2026,3,Y,RD
CUST1012558,0,0,0,1,0,0,0,1,N,N,N,6,2026,2,Y,RD
CUST1012559,0,2,0,1,2,0,0,0,N,N,N,6,2026,3,N,None
CUST1012560,0,1,0,1,0,0,0,0,N,N,Y,6,2026,2,Y,HL
CUST1012561,0,0,0,1,0,0,0,0,N,N,Y,6,2026,1,Y,SA
CUST1012562,0,0,0,1,3,0,0,1,N,N,N,6,2026,3,N,None
CUST1012563,0,0,0,1,0,0,0,1,N,N,N,6,2026,2,Y,HF
CUST1012564,1,1,1,1,2,0,0,0,N,N,Y,6,2026,5,N,None
CUST1012565,0,0,0,1,1,0,0,0,N,Y,Y,6,2026,2,N,PL
CUST1012566,0,0,0,1,0,0,0,1,N,N,Y,6,2026,2,Y,PL
CUST1012567,0,0,0,1,0,0,0,0,N,N,N,6,2026,1,N,CC
CUST1012568,2,2,0,1,0,1,0,0,N,N,Y,6,2026,4,Y,MF
CUST1012569,0,0,0,1,0,0,0,0,N,N,Y,6,2026,1,N,None
CUST1012570,0,0,1,1,0,2,0,0,N,N,N,6,2026,3,Y,PL
CUST1012571,0,1,0,1,0,0,0,0,Y,N,Y,6,2026,2,N,None
CUST1012572,0,0,0,1,0,1,0,0,N,N,N,6,2026,2,Y,RD
CUST1012573,0,0,0,1,0,0,0,0,N,N,N,6,2026,1,N,None
CUST1012574,0,0,0,1,0,1,0,0,N,N,N,6,2026,2,Y,RD
CUST1012575,0,1,0,1,0,1,0,0,N,N,N,6,2026,3,Y,HL
CUST1012576,0,0,0,1,0,0,0,1,N,N,N,6,2026,2,Y,SA
CUST1012577,0,0,0,1,0,0,0,0,Y,N,Y,6,2026,1,N,HF
CUST1012578,0,0,0,1,0,0,0,0,N,N,Y,6,2026,1,N,AL
CUST1012579,0,0,0,1,0,1,0,0,N,N,Y,6,2026,2,Y,AL
CUST1012580,0,0,0,1,1,0,0,0,N,N,Y,6,2026,2,N,None
CUST1012581,0,0,0,1,0,2,0,0,Y,N,N,6,2026,2,N,None
CUST1012582,1,0,0,1,0,0,0,0,Y,N,N,6,2026,2,Y,SA
CUST1012583,2,0,0,1,0,0,0,0,N,N,Y,6,2026,2,Y,CC
CUST1012584,1,1,0,0,0,0,0,0,N,N,N,6,2026,2,Y,CC
CUST1012585,0,0,0,0,1,0,0,1,N,N,Y,6,2026,2,N,None
CUST1012586,0,0,0,1,0,0,0,0,Y,N,N,6,2026,1,N,PL
CUST1012587,2,2,0,1,0,0,0,0,N,N,Y,6,2026,3,N,None
CUST1012588,0,1,0,1,0,2,0,0,N,N,Y,6,2026,3,N,None
CUST1012589,0,1,0,1,3,0,0,0,N,N,N,6,2026,3,N,RD
CUST1012590,0,0,0,1,3,1,1,1,N,N,N,6,2026,5,N,None
CUST1012591,0,1,0,1,1,0,0,0,N,N,Y,6,2026,3,N,None
CUST1012592,0,0,0,1,0,2,0,0,Y,N,N,6,2026,2,N,PL
CUST1012593,0,0,0,1,1,0,0,0,N,N,N,6,2026,2,N,MF
CUST1012594,2,1,0,1,0,0,0,0,N,N,Y,6,2026,3,N,None
CUST1012595,1,0,0,1,0,0,0,0,N,N,Y,6,2026,2,N,None
CUST1012596,0,0,0,1,2,2,0,0,N,N,N,6,2026,3,Y,PL
CUST1012597,0,0,0,0,0,0,0,0,N,N,N,6,2026,0,N,None
CUST1012598,0,1,0,1,0,0,0,0,N,N,N,6,2026,2,Y,AL
CUST1012599,0,0,0,1,0,1,0,0,N,N,N,6,2026,2,N,None
CUST1012600,0,0,0,1,3,0,0,0,N,N,Y,6,2026,2,N,None
CUST1012601,0,0,0,1,0,0,0,1,N,Y,Y,6,2026,2,Y,CC
CUST1012602,0,0,0,1,0,0,1,0,Y,N,N,6,2026,2,Y,HL
CUST1012603,0,0,0,1,0,0,0,0,N,N,Y,6,2026,1,Y,AL
CUST1012604,0,0,1,1,0,0,1,1,N,N,Y,6,2026,4,Y,SA
CUST1012605,0,0,0,1,2,0,0,0,Y,N,N,6,2026,2,N,None
CUST1012606,2,0,0,1,0,1,0,0,N,N,Y,6,2026,3,Y,RD
CUST1012607,0,0,0,1,0,0,0,1,N,N,N,6,2026,2,N,None
CUST1012608,2,1,0,1,3,1,0,0,N,N,Y,6,2026,5,N,None
CUST1012609,0,2,0,1,0,0,0,0,N,N,N,6,2026,2,N,None
CUST1012610,0,2,0,1,0,0,0,0,N,N,Y,6,2026,2,Y,AL
CUST1012611,2,1,0,1,0,0,0,0,N,N,Y,6,2026,3,N,None
CUST1012612,0,1,0,1,2,0,0,0,N,N,Y,6,2026,3,Y,SA
CUST1012613,0,0,1,1,2,0,0,0,Y,N,N,6,2026,3,Y,PL
CUST1012614,0,1,0,1,0,0,0,0,N,N,Y,6,2026,2,N,None
CUST1012615,0,1,0,1,0,1,0,0,N,N,Y,6,2026,3,Y,CC
CUST1012616,0,1,0,1,0,0,0,0,N,N,Y,6,2026,2,N,None
CUST1012617,0,0,0,1,2,2,0,1,N,N,N,6,2026,4,Y,SA
CUST1012618,0,0,0,1,0,0,0,0,N,N,Y,6,2026,1,Y,CC
CUST1012619,0,2,0,1,0,2,0,0,N,N,Y,6,2026,3,N,None
CUST1012620,1,1,0,1,2,1,0,0,N,N,Y,6,2026,5,Y,PL
CUST1012621,1,2,0,1,1,1,1,0,N,N,Y,6,2026,6,Y,SA
CUST1012622,0,0,0,1,0,0,0,1,N,N,N,6,2026,2,N,None
CUST1012623,0,2,0,0,0,1,1,0,N,N,Y,6,2026,3,Y,RD
CUST1012624,0,0,0,1,0,0,0,0,N,N,N,6,2026,1,N,None
CUST1012625,1,2,0,0,0,0,0,0,N,N,Y,6,2026,2,N,None
CUST1012626,1,0,0,1,0,2,0,0,N,N,N,6,2026,3,N,None
CUST1012627,1,0,0,1,0,0,0,0,N,N,Y,6,2026,2,Y,AL
CUST1012628,2,0,0,1,1,0,0,0,N,N,Y,6,2026,3,Y,HL
CUST1012629,0,2,0,1,0,0,0,0,N,N,Y,6,2026,2,Y,SA
CUST1012630,0,0,0,1,0,1,0,1,N,N,Y,6,2026,3,N,CC
CUST1012631,0,1,0,1,2,0,0,0,N,N,Y,6,2026,3,N,None
CUST1012632,0,1,0,1,0,0,0,0,N,N,Y,6,2026,2,N,None
CUST1012633,0,2,0,1,0,0,0,0,N,N,N,6,2026,2,Y,MF
CUST1012634,0,0,0,1,0,0,0,0,N,N,N,6,2026,1,N,None
CUST1012635,0,2,0,1,0,2,0,0,Y,N,Y,6,2026,3,Y,RD
CUST1012636,0,0,0,1,3,0,0,0,N,N,Y,6,2026,2,Y,MF
CUST1012637,0,0,0,1,0,1,0,0,N,N,N,6,2026,2,Y,PL
CUST1012638,0,1,0,1,0,1,1,0,N,N,N,6,2026,4,N,None
CUST1012639,0,1,0,1,0,0,0,0,N,N,N,6,2026,2,N,None
CUST1012640,0,1,0,1,2,0,0,0,Y,N,N,6,2026,3,Y,SA
CUST1012641,2,1,0,0,2,0,0,0,N,N,Y,6,2026,3,N,None
CUST1012642,0,0,0,1,0,0,0,0,N,N,Y,6,2026,1,Y,PL
CUST1012643,0,0,0,1,0,2,0,1,N,N,Y,6,2026,3,Y,RD
CUST1012644,2,2,0,1,0,0,0,0,N,N,Y,6,2026,3,Y,CC
CUST1012645,2,1,0,1,3,1,0,0,N,N,Y,6,2026,5,N,SA
CUST1012646,1,1,0,1,0,0,0,0,N,N,N,6,2026,3,Y,HF
CUST1012647,0,2,0,1,0,0,0,0,N,Y,N,6,2026,2,Y,MF
CUST1012648,2,0,0,1,0,0,0,0,N,N,Y,6,2026,2,Y,SA
CUST1012649,0,1,0,1,3,0,0,0,N,N,N,6,2026,3,N,None
CUST1012650,0,0,0,1,0,0,0,1,N,N,Y,6,2026,2,Y,CC
CUST1012651,0,1,0,1,0,0,0,0,N,N,Y,6,2026,2,Y,CC
CUST1012652,0,2,0,1,0,2,0,0,Y,N,Y,6,2026,3,Y,SA
CUST1012653,0,1,0,1,0,0,0,0,N,N,N,6,2026,2,Y,HL
CUST1012654,0,2,0,1,0,1,0,0,N,N,N,6,2026,3,Y,MF
CUST1012655,0,0,0,1,3,0,1,0,N,N,Y,6,2026,3,Y,RD
CUST1012656,0,2,0,1,0,0,0,0,N,N,Y,6,2026,2,N,RD
CUST1012657,0,1,0,1,0,1,0,0,N,N,N,6,2026,3,Y,AL
CUST1012658,0,2,0,1,3,0,0,0,N,N,N,6,2026,3,Y,PL
CUST1012659,0,0,0,1,0,0,0,0,N,N,Y,6,2026,1,Y,RD
CUST1012660,0,0,0,0,3,2,0,0,N,N,Y,6,2026,2,N,RD
CUST1012661,0,0,0,1,0,0,0,0,N,N,Y,6,2026,1,N,None
CUST1012662,1,0,0,1,1,0,0,0,N,N,Y,6,2026,3,N,HF
CUST1012663,0,0,0,1,0,0,0,0,N,N,N,6,2026,1,N,None
CUST1012664,0,2,0,1,0,0,0,0,N,N,N,6,2026,2,N,None
CUST1012665,0,2,0,1,0,0,0,0,Y,N,N,6,2026,2,N,None
CUST1012666,0,1,1,1,0,0,0,0,N,N,Y,6,2026,3,Y,RD
CUST1012667,0,2,0,1,2,0,0,0,N,N,N,6,2026,3,N,None
CUST1012668,0,0,0,1,0,0,0,0,N,N,N,6,2026,1,N,SA
CUST1012669,0,0,0,1,0,0,0,0,N,N,N,6,2026,1,Y,AL
CUST1012670,0,1,0,1,0,0,0,0,N,N,Y,6,2026,2,Y,HF
CUST1012671,0,0,0,1,0,1,0,0,N,N,Y,6,2026,2,Y,SA
CUST1012672,0,2,0,1,0,0,0,1,N,N,Y,6,2026,3,Y,PL
CUST1012673,0,0,0,1,0,0,0,0,N,N,Y,6,2026,1,N,MF
CUST1012674,0,0,0,1,2,0,0,1,N,N,N,6,2026,3,Y,HF
CUST1012675,0,0,0,1,0,0,0,0,N,N,Y,6,2026,1,Y,RD
CUST1012676,0,0,0,0,0,0,0,0,N,N,Y,6,2026,0,Y,AL
CUST1012677,0,0,0,1,0,1,0,0,Y,N,Y,6,2026,2,Y,SA
CUST1012678,0,0,0,1,0,0,0,0,N,N,Y,6,2026,1,N,None
CUST1012679,0,0,0,1,0,0,0,0,Y,N,N,6,2026,1,N,None
CUST1012680,0,0,0,1,2,0,0,0,N,N,Y,6,2026,2,Y,RD
CUST1012681,0,2,0,1,0,0,0,0,N,N,Y,6,2026,2,N,None
CUST1012682,0,0,0,1,0,0,0,0,N,N,Y,6,2026,1,Y,CC
CUST1012683,1,0,0,1,0,0,0,0,Y,N,N,6,2026,2,Y,SA
CUST1012684,0,0,0,1,0,0,0,0,Y,N,N,6,2026,1,Y,RD
CUST1012685,0,0,0,1,3,0,0,0,N,N,Y,6,2026,2,N,None
CUST1012686,1,0,0,1,1,0,0,0,N,N,Y,6,2026,3,N,None
CUST1012687,0,1,0,1,0,0,0,1,Y,N,Y,6,2026,3,N,None
CUST1012688,1,2,0,1,0,0,0,0,N,N,N,6,2026,3,N,None
CUST1012689,0,1,1,1,0,0,0,0,N,N,N,6,2026,3,N,None
CUST1012690,0,0,0,1,0,1,0,0,N,N,Y,6,2026,2,N,None
CUST1012691,0,0,0,1,0,0,0,0,N,N,N,6,2026,1,N,None
CUST1012692,0,1,0,1,0,0,0,1,N,N,N,6,2026,3,Y,AL
CUST1012693,0,0,1,1,1,0,1,1,N,N,N,6,2026,5,N,None
CUST1012694,0,0,0,1,0,0,0,0,N,N,N,6,2026,1,N,RD
CUST1012695,0,0,0,1,1,0,0,0,Y,N,Y,6,2026,2,Y,MF
CUST1012696,0,0,0,1,1,0,0,0,N,N,N,6,2026,2,N,None
CUST1012697,0,1,0,1,0,2,0,0,N,N,Y,6,2026,3,N,None
CUST1012698,0,1,0,1,1,0,0,0,N,N,N,6,2026,3,Y,RD
CUST1012699,0,0,0,1,0,0,0,0,N,N,N,6,2026,1,N,None
CUST1012700,0,0,0,1,0,0,0,0,Y,Y,Y,6,2026,1,Y,MF
CUST1012701,0,1,0,1,0,0,0,0,N,N,Y,6,2026,2,Y,CC
CUST1012702,0,0,0,1,0,0,0,0,N,N,N,6,2026,1,N,None
CUST1012703,0,0,0,1,1,0,0,0,N,N,N,6,2026,2,Y,SA
CUST1012704,0,0,0,0,0,2,0,0,N,N,Y,6,2026,1,N,None
CUST1012705,0,0,0,1,0,0,0,0,N,N,N,6,2026,1,N,None
CUST1012706,0,2,0,1,0,0,0,0,N,N,Y,6,2026,2,N,HF
CUST1012707,0,0,0,1,0,0,0,0,N,Y,Y,6,2026,1,N,None
CUST1012708,0,0,0,1,0,0,0,0,N,N,N,6,2026,1,N,None
CUST1012709,0,0,0,1,0,0,0,0,N,N,Y,6,2026,1,N,None
CUST1012710,0,0,0,1,3,2,0,0,N,N,Y,6,2026,3,N,None
CUST1012711,2,2,0,1,3,0,0,0,N,N,Y,6,2026,4,N,PL
CUST1012712,0,2,0,1,0,0,0,0,N,N,Y,6,2026,2,N,None
CUST1012713,2,1,0,1,0,0,0,0,N,N,Y,6,2026,3,N,CC
CUST1012714,0,0,0,1,0,0,0,0,N,N,N,6,2026,1,N,CC
CUST1012715,0,1,0,1,1,1,1,0,N,N,N,6,2026,5,Y,RD
CUST1012716,0,2,0,1,0,1,0,0,N,N,Y,6,2026,3,N,None
CUST1012717,1,0,0,1,0,2,0,0,N,Y,N,6,2026,3,Y,PL
CUST1012718,0,0,0,1,0,0,0,0,N,Y,N,6,2026,1,Y,SA
CUST1012719,0,2,0,1,3,0,0,1,N,N,N,6,2026,4,Y,MF
CUST1012720,0,0,0,1,3,0,0,0,N,N,Y,6,2026,2,N,AL
CUST1012721,0,2,0,1,0,0,0,0,N,N,N,6,2026,2,N,None
CUST1012722,0,1,0,1,0,0,0,0,Y,N,Y,6,2026,2,N,None
CUST1012723,0,0,0,1,0,0,0,0,N,N,Y,6,2026,1,N,None
CUST1012724,0,1,0,1,1,0,0,0,N,N,Y,6,2026,3,N,None
CUST1012725,0,2,0,1,0,0,0,1,Y,N,Y,6,2026,3,N,None
CUST1012726,0,0,1,1,1,0,0,0,N,N,Y,6,2026,3,N,None
CUST1012727,0,0,0,1,0,0,0,0,N,N,N,6,2026,1,N,HL
CUST1012728,0,2,0,1,0,0,0,0,Y,N,N,6,2026,2,Y,PL
CUST1012729,0,1,0,1,1,0,0,0,N,N,N,6,2026,3,N,None
CUST1012730,0,0,0,1,0,0,0,0,N,Y,Y,6,2026,1,N,None
CUST1012731,0,0,0,1,0,2,0,0,N,N,N,6,2026,2,N,PL
CUST1012732,0,0,0,1,0,0,0,0,N,N,Y,6,2026,1,N,None
CUST1012733,0,0,0,1,0,2,0,0,Y,N,Y,6,2026,2,Y,RD
CUST1012734,0,1,0,1,0,0,0,0,N,N,Y,6,2026,2,Y,CC
CUST1012735,1,0,0,1,0,0,0,0,N,N,N,6,2026,2,Y,PL
CUST1012736,2,0,0,1,0,0,0,0,N,N,Y,6,2026,2,Y,HL
CUST1012737,0,0,0,1,2,0,0,0,N,N,Y,6,2026,2,Y,CC
CUST1012738,0,0,0,1,2,0,0,0,Y,N,N,6,2026,2,N,CC
CUST1012739,0,0,1,1,0,0,0,0,N,N,N,6,2026,2,Y,CC
CUST1012740,1,0,0,1,0,2,0,0,Y,Y,N,6,2026,3,N,None
CUST1012741,0,0,0,1,3,0,0,0,N,N,N,6,2026,2,Y,HL
CUST1012742,0,2,0,0,0,0,0,0,N,N,Y,6,2026,1,N,None
CUST1012743,1,0,0,1,0,0,0,0,N,N,N,6,2026,2,Y,CC
CUST1012744,0,0,0,1,0,0,0,0,N,N,N,6,2026,1,Y,SA
CUST1012745,1,0,0,1,3,0,0,1,Y,N,N,6,2026,4,Y,MF
CUST1012746,0,0,0,1,0,1,0,0,N,N,N,6,2026,2,Y,PL
CUST1012747,0,0,0,1,0,0,0,0,N,Y,N,6,2026,1,N,SA
CUST1012748,0,2,0,1,0,0,0,1,N,N,Y,6,2026,3,N,None
CUST1012749,0,0,0,1,0,0,0,0,N,N,Y,6,2026,1,N,None
CUST1012750,0,0,0,1,0,0,0,0,Y,N,N,6,2026,1,N,None
CUST1012751,0,2,0,1,0,2,0,0,N,N,Y,6,2026,3,Y,CC
CUST1012752,0,0,0,1,0,2,0,0,N,N,Y,6,2026,2,Y,AL
CUST1012753,0,0,0,1,2,1,1,0,N,N,Y,6,2026,4,N,None
CUST1012754,0,0,0,1,0,0,0,0,N,N,N,6,2026,1,Y,RD
CUST1012755,0,1,0,1,0,0,0,0,Y,N,Y,6,2026,2,N,None
CUST1012756,0,0,0,1,0,2,0,0,N,N,N,6,2026,2,N,HF
CUST1012757,0,0,0,1,2,0,0,0,N,N,N,6,2026,2,N,None
CUST1012758,0,0,0,1,0,0,0,1,N,N,N,6,2026,2,Y,RD
CUST1012759,0,2,1,1,3,2,0,0,N,N,Y,6,2026,5,Y,AL
CUST1012760,0,0,0,1,0,0,0,0,N,N,Y,6,2026,1,N,PL
CUST1012761,0,0,0,1,3,0,0,0,N,N,Y,6,2026,2,N,None
CUST1012762,0,1,0,1,1,0,0,0,N,N,N,6,2026,3,N,None
CUST1012763,0,2,0,1,0,0,1,1,N,N,Y,6,2026,4,N,None
CUST1012764,2,0,0,1,0,0,1,0,N,N,N,6,2026,3,Y,SA
CUST1012765,0,0,0,1,0,1,0,1,N,N,Y,6,2026,3,N,None
CUST1012766,0,0,0,1,0,0,0,0,N,N,Y,6,2026,1,Y,SA
CUST1012767,0,2,0,1,3,0,0,0,Y,N,N,6,2026,3,N,None
CUST1012768,0,0,0,1,3,0,0,1,N,N,Y,6,2026,3,Y,SA
CUST1012769,1,1,0,1,0,2,1,1,N,N,N,6,2026,6,N,None
CUST1012770,0,0,0,1,0,0,0,0,N,N,Y,6,2026,1,Y,AL
CUST1012771,0,0,0,1,0,2,0,0,N,N,Y,6,2026,2,N,None
CUST1012772,0,1,0,1,1,2,0,0,N,N,Y,6,2026,4,Y,AL
CUST1012773,0,0,0,1,1,0,0,0,N,N,Y,6,2026,2,N,PL
CUST1012774,0,0,0,1,1,0,0,0,N,N,Y,6,2026,2,Y,AL
CUST1012775,0,2,0,0,0,0,0,0,N,N,Y,6,2026,1,Y,RD
CUST1012776,2,0,0,1,0,1,0,0,N,N,Y,6,2026,3,Y,RD
CUST1012777,0,0,0,1,3,0,0,0,N,N,N,6,2026,2,N,None
CUST1012778,0,0,0,1,2,0,0,0,N,N,N,6,2026,2,Y,RD
CUST1012779,0,2,0,1,2,0,0,1,N,N,N,6,2026,4,N,None
CUST1012780,0,0,0,1,0,0,1,0,Y,Y,N,6,2026,2,Y,SA
CUST1012781,0,2,0,1,3,0,1,0,Y,N,N,6,2026,4,Y,HL
CUST1012782,0,2,0,1,0,0,0,0,N,N,Y,6,2026,2,N,None
CUST1012783,0,0,0,1,0,1,0,0,N,N,Y,6,2026,2,Y,AL
CUST1012784,0,2,0,1,0,2,0,0,N,N,Y,6,2026,3,N,None
CUST1012785,0,0,0,1,0,0,0,0,N,N,Y,6,2026,1,Y,CC
CUST1012786,0,2,0,1,0,0,0,0,N,N,N,6,2026,2,N,None
CUST1012787,0,2,0,0,0,0,0,0,N,N,Y,6,2026,1,N,None
CUST1012788,0,0,0,1,0,2,0,0,N,N,N,6,2026,2,N,None
CUST1012789,0,0,0,1,0,1,0,0,Y,N,N,6,2026,2,N,None
CUST1012790,0,2,0,1,0,0,1,1,N,N,Y,6,2026,4,Y,SA
CUST1012791,0,1,0,1,2,0,0,0,Y,N,N,6,2026,3,N,None
CUST1012792,0,2,0,1,2,0,0,0,N,N,Y,6,2026,3,N,None
CUST1012793,2,0,0,1,0,2,0,0,N,N,Y,6,2026,3,Y,HF
CUST1012794,0,0,1,1,0,0,0,0,N,N,N,6,2026,2,Y,MF
CUST1012795,0,0,0,1,0,0,0,1,N,N,Y,6,2026,2,Y,HL
CUST1012796,0,1,1,1,0,0,0,0,N,N,N,6,2026,3,N,None
CUST1012797,0,1,0,1,0,1,0,0,N,N,Y,6,2026,3,N,None
CUST1012798,2,1,0,1,0,0,0,0,N,N,Y,6,2026,3,N,None
CUST1012799,0,0,0,1,3,0,1,0,N,N,Y,6,2026,3,Y,HF
CUST1012800,0,0,0,1,0,0,0,0,N,N,Y,6,2026,1,Y,CC
CUST1012801,2,0,0,1,1,0,0,0,N,N,Y,6,2026,3,Y,HL
CUST1012802,0,2,0,1,0,0,0,0,N,N,Y,6,2026,2,N,None
CUST1012803,0,2,1,1,0,2,0,0,N,N,N,6,2026,4,Y,SA
CUST1012804,0,0,0,1,0,1,0,0,Y,Y,Y,6,2026,2,Y,RD
CUST1012805,0,0,0,1,0,0,0,0,N,N,Y,6,2026,1,N,None
CUST1012806,0,1,0,1,0,2,0,1,N,N,N,6,2026,4,N,None
CUST1012807,0,1,0,1,3,0,0,0,N,N,N,6,2026,3,N,RD
CUST1012808,0,2,0,1,0,0,0,0,N,N,Y,6,2026,2,N,None
CUST1012809,0,1,0,1,0,1,0,0,N,N,Y,6,2026,3,Y,PL
CUST1012810,0,0,0,1,0,0,0,0,N,N,N,6,2026,1,N,None
CUST1012811,0,0,0,1,0,0,0,0,N,N,N,6,2026,1,N,None
CUST1012812,0,2,0,1,0,2,1,0,N,N,Y,6,2026,4,Y,CC
CUST1012813,0,2,0,1,0,0,0,0,N,N,N,6,2026,2,N,AL
CUST1012814,0,1,0,1,0,1,0,0,N,N,Y,6,2026,3,N,None
CUST1012815,0,1,0,1,3,0,0,0,N,N,N,6,2026,3,Y,CC
CUST1012816,0,0,0,0,0,0,0,0,N,N,N,6,2026,0,N,None
CUST1012817,0,0,0,1,0,0,0,0,N,N,Y,6,2026,1,N,None
CUST1012818,1,0,0,1,0,0,0,0,N,N,Y,6,2026,2,Y,MF
CUST1012819,0,1,0,1,2,0,0,0,N,N,Y,6,2026,3,Y,RD
CUST1012820,0,0,0,1,0,0,0,0,N,N,Y,6,2026,1,Y,SA
CUST1012821,0,0,0,1,0,0,0,0,N,N,N,6,2026,1,N,None
CUST1012822,0,0,0,1,1,0,0,0,N,N,N,6,2026,2,Y,CC
CUST1012823,0,0,0,1,0,0,1,0,N,N,N,6,2026,2,Y,RD
CUST1012824,2,2,0,1,2,1,0,0,N,Y,N,6,2026,5,Y,RD
CUST1012825,0,0,0,1,0,0,0,0,N,N,Y,6,2026,1,N,None
CUST1012826,0,1,0,1,0,0,0,0,N,N,Y,6,2026,2,N,None
CUST1012827,0,0,0,1,0,0,0,0,N,N,N,6,2026,1,Y,CC
CUST1012828,0,2,0,1,0,0,1,0,N,N,Y,6,2026,3,N,None
CUST1012829,0,0,1,1,0,0,0,0,N,N,N,6,2026,2,N,None
CUST1012830,2,2,0,0,0,0,0,0,Y,Y,Y,6,2026,2,N,None
CUST1012831,0,0,0,1,0,0,1,0,Y,N,N,6,2026,2,Y,MF
CUST1012832,0,1,0,1,0,1,0,0,N,N,N,6,2026,3,Y,SA
CUST1012833,0,1,1,1,0,1,1,1,N,N,N,6,2026,6,Y,HL
CUST1012834,1,0,0,1,0,0,0,0,Y,N,Y,6,2026,2,N,None
CUST1012835,0,0,0,1,2,0,0,0,N,N,N,6,2026,2,Y,MF
CUST1012836,0,0,0,0,3,0,1,0,N,N,Y,6,2026,2,Y,PL
CUST1012837,0,2,0,1,0,0,1,0,N,N,Y,6,2026,3,N,None
CUST1012838,0,0,0,1,0,0,0,0,N,N,N,6,2026,1,N,AL
CUST1012839,0,0,0,1,2,0,1,0,N,N,Y,6,2026,3,Y,SA
CUST1012840,0,2,0,1,0,2,0,0,N,N,N,6,2026,3,Y,AL
CUST1012841,0,0,0,1,0,1,0,0,N,N,Y,6,2026,2,N,None
CUST1012842,0,0,0,1,2,0,0,1,N,N,N,6,2026,3,N,None
CUST1012843,0,1,0,1,0,0,0,0,N,N,N,6,2026,2,N,None
CUST1012844,0,0,0,0,0,2,0,0,N,N,N,6,2026,1,N,SA
CUST1012845,2,1,0,1,0,0,0,0,N,N,Y,6,2026,3,Y,MF
CUST1012846,0,0,0,1,0,0,0,0,N,N,Y,6,2026,1,N,None
CUST1012847,0,2,0,1,1,0,0,0,N,N,N,6,2026,3,Y,HF
CUST1012848,0,0,0,1,0,0,0,0,Y,N,Y,6,2026,1,N,AL
CUST1012849,0,1,0,1,0,1,0,0,Y,N,N,6,2026,3,N,PL
CUST1012850,0,0,0,1,1,0,0,0,N,N,N,6,2026,2,N,None
CUST1012851,0,2,0,1,0,0,0,0,N,N,N,6,2026,2,Y,RD
CUST1012852,0,1,0,1,0,1,0,0,Y,N,N,6,2026,3,Y,CC
CUST1012853,0,0,0,1,0,2,0,0,N,N,Y,6,2026,2,N,None
CUST1012854,0,2,0,1,2,0,1,0,N,N,N,6,2026,4,N,None
CUST1012855,2,2,0,1,0,0,0,0,N,N,Y,6,2026,3,N,None
CUST1012856,0,2,0,1,1,0,0,0,N,N,Y,6,2026,3,Y,CC
CUST1012857,0,2,0,1,3,0,0,0,N,N,Y,6,2026,3,N,None
CUST1012858,0,0,0,1,0,0,0,0,N,N,Y,6,2026,1,N,None
CUST1012859,0,2,0,1,0,0,0,0,N,N,Y,6,2026,2,N,None
CUST1012860,0,2,0,1,0,0,0,1,Y,N,Y,6,2026,3,Y,CC
CUST1012861,0,0,1,1,0,1,0,0,Y,N,N,6,2026,3,N,None
CUST1012862,0,0,0,1,0,0,0,0,N,N,N,6,2026,1,N,None
CUST1012863,0,2,0,1,2,0,0,0,N,N,Y,6,2026,3,N,None
CUST1012864,1,0,1,0,0,1,0,0,N,N,N,6,2026,3,N,None
CUST1012865,0,1,0,1,0,0,0,0,N,N,Y,6,2026,2,Y,SA
CUST1012866,0,0,0,1,0,2,0,1,Y,N,N,6,2026,3,Y,MF
CUST1012867,0,1,0,1,2,1,0,0,Y,N,N,6,2026,4,Y,AL
CUST1012868,2,1,0,0,0,1,0,0,N,Y,Y,6,2026,3,Y,PL
CUST1012869,0,1,0,0,0,0,0,0,N,N,N,6,2026,1,Y,MF
CUST1012870,0,2,0,1,0,0,0,1,N,N,Y,6,2026,3,Y,RD
CUST1012871,0,0,0,0,0,0,0,0,Y,N,N,6,2026,0,Y,AL
CUST1012872,1,0,0,0,0,0,0,0,N,N,Y,6,2026,1,Y,HL
CUST1012873,0,0,0,1,0,0,0,0,N,N,Y,6,2026,1,N,MF
CUST1012874,0,0,1,1,1,0,1,0,N,N,N,6,2026,4,N,None
CUST1012875,0,0,0,1,0,2,0,0,N,N,N,6,2026,2,Y,RD
CUST1012876,0,2,0,1,0,0,0,0,N,N,N,6,2026,2,N,None
CUST1012877,0,0,0,0,0,0,0,0,Y,N,Y,6,2026,0,N,None
CUST1012878,0,1,0,1,2,0,0,0,Y,N,Y,6,2026,3,N,RD
CUST1012879,0,1,0,1,0,2,0,0,N,N,Y,6,2026,3,Y,AL
CUST1012880,0,1,0,1,0,0,0,0,N,N,Y,6,2026,2,N,None
CUST1012881,0,2,0,1,0,2,0,0,N,N,Y,6,2026,3,N,None
CUST1012882,2,0,0,1,3,0,1,0,N,N,N,6,2026,4,N,None
CUST1012883,0,2,0,1,0,0,1,0,N,N,Y,6,2026,3,N,None
CUST1012884,0,0,0,1,0,0,0,0,N,N,Y,6,2026,1,N,RD
CUST1012885,0,0,0,1,0,0,0,0,N,N,Y,6,2026,1,N,None
CUST1012886,0,2,0,1,0,2,0,0,N,N,Y,6,2026,3,N,None
CUST1012887,2,1,0,1,0,1,0,0,N,N,N,6,2026,4,Y,HL
CUST1012888,0,0,0,1,0,0,0,0,N,N,N,6,2026,1,Y,MF
CUST1012889,1,1,0,1,0,0,0,0,N,N,Y,6,2026,3,N,None
CUST1012890,0,0,0,0,0,0,0,0,N,N,N,6,2026,0,Y,RD
CUST1012891,0,0,1,1,0,0,0,0,N,N,N,6,2026,2,Y,HL
CUST1012892,0,0,0,0,0,0,0,0,N,N,N,6,2026,0,Y,CC
CUST1012893,0,2,0,1,0,0,0,0,N,N,N,6,2026,2,N,None
CUST1012894,0,1,0,1,2,0,0,0,N,N,N,6,2026,3,N,None
CUST1012895,1,2,0,1,0,0,0,0,N,N,Y,6,2026,3,Y,PL
CUST1012896,2,0,0,1,0,0,0,0,Y,N,N,6,2026,2,Y,CC
CUST1012897,2,0,0,1,2,2,0,0,N,N,N,6,2026,4,Y,SA
CUST1012898,0,0,0,1,2,0,0,0,Y,N,Y,6,2026,2,N,SA
CUST1012899,0,1,0,1,0,0,0,1,Y,N,N,6,2026,3,Y,SA
CUST1012900,1,0,0,1,0,0,0,0,N,N,N,6,2026,2,Y,CC
CUST1012901,0,1,1,1,0,0,0,0,N,N,Y,6,2026,3,Y,AL
CUST1012902,1,0,0,1,0,1,0,1,N,N,Y,6,2026,4,Y,AL
CUST1012903,0,1,0,1,0,0,0,0,N,N,Y,6,2026,2,Y,CC
CUST1012904,0,0,0,1,0,0,0,0,Y,N,N,6,2026,1,Y,PL
CUST1012905,0,2,0,1,0,2,0,0,N,N,N,6,2026,3,N,None
CUST1012906,0,2,0,1,2,0,0,0,N,N,N,6,2026,3,N,CC
CUST1012907,0,0,0,1,0,0,0,0,N,N,N,6,2026,1,Y,RD
CUST1012908,1,0,0,1,0,0,0,0,Y,N,N,6,2026,2,N,MF
CUST1012909,0,0,0,1,0,2,0,0,N,N,Y,6,2026,2,Y,AL
CUST1012910,2,2,0,1,0,2,0,0,N,N,Y,6,2026,4,N,None
CUST1012911,0,2,0,0,2,0,0,1,N,N,Y,6,2026,3,N,None
CUST1012912,0,0,0,1,0,0,0,0,N,N,N,6,2026,1,Y,MF
CUST1012913,0,0,0,1,0,0,0,0,N,N,Y,6,2026,1,N,None
CUST1012914,2,0,0,1,0,0,0,0,N,N,Y,6,2026,2,N,None
CUST1012915,0,2,0,1,3,0,0,0,N,N,N,6,2026,3,N,None
CUST1012916,0,0,0,1,0,0,0,0,N,N,N,6,2026,1,Y,PL
CUST1012917,0,0,0,1,0,0,0,0,N,N,Y,6,2026,1,Y,RD
CUST1012918,0,0,0,1,0,0,0,0,Y,N,Y,6,2026,1,Y,HL
CUST1012919,0,0,0,1,0,0,0,0,N,N,N,6,2026,1,N,None
CUST1012920,0,0,0,1,0,0,0,0,Y,N,N,6,2026,1,Y,AL
CUST1012921,0,0,0,1,0,0,0,0,N,N,Y,6,2026,1,N,None
CUST1012922,0,0,0,1,0,0,0,0,N,N,N,6,2026,1,N,None
CUST1012923,0,2,0,0,0,0,0,0,N,N,N,6,2026,1,Y,SA
CUST1012924,0,0,0,1,0,0,0,0,Y,N,N,6,2026,1,N,PL
CUST1012925,0,0,0,1,3,2,0,0,N,N,Y,6,2026,3,Y,CC
CUST1012926,0,0,0,1,0,0,0,0,N,N,Y,6,2026,1,N,None
CUST1012927,0,0,0,1,0,1,0,0,N,N,N,6,2026,2,Y,SA
CUST1012928,0,0,1,1,0,2,0,0,Y,N,Y,6,2026,3,N,PL
CUST1012929,0,0,0,1,0,1,0,0,N,N,Y,6,2026,2,N,None
CUST1012930,0,1,0,1,2,0,0,0,N,N,N,6,2026,3,N,None
CUST1012931,0,0,0,1,0,0,0,0,N,N,Y,6,2026,1,N,None
CUST1012932,2,0,0,1,0,0,0,0,N,N,N,6,2026,2,N,None
CUST1012933,0,1,0,1,0,0,0,0,N,N,Y,6,2026,2,Y,PL
CUST1012934,0,1,0,1,0,1,0,0,N,N,N,6,2026,3,Y,MF
CUST1012935,0,1,0,1,0,0,0,0,N,N,Y,6,2026,2,N,None
CUST1012936,0,0,0,1,0,0,0,0,N,N,Y,6,2026,1,N,None
CUST1012937,0,0,0,1,0,0,1,0,N,N,N,6,2026,2,Y,SA
CUST1012938,0,1,0,1,0,0,0,0,N,N,N,6,2026,2,N,None
CUST1012939,0,0,0,1,0,0,0,0,N,N,N,6,2026,1,Y,MF
CUST1012940,0,0,0,1,0,0,0,0,N,N,Y,6,2026,1,Y,CC
CUST1012941,1,0,0,1,0,0,0,0,N,N,N,6,2026,2,Y,CC
CUST1012942,0,0,0,1,3,0,0,0,N,N,N,6,2026,2,N,None
CUST1012943,0,0,0,1,0,0,0,1,N,N,Y,6,2026,2,Y,PL
CUST1012944,0,0,0,1,0,0,0,0,N,N,Y,6,2026,1,Y,SA
CUST1012945,0,2,0,1,0,2,0,0,N,N,N,6,2026,3,Y,CC
CUST1012946,0,1,0,1,2,0,0,0,N,N,N,6,2026,3,N,None
CUST1012947,0,0,0,1,0,1,1,0,N,N,Y,6,2026,3,Y,AL
CUST1012948,0,2,0,1,1,0,0,0,N,N,N,6,2026,3,Y,RD
CUST1012949,0,2,0,1,0,0,0,0,Y,N,N,6,2026,2,Y,AL
CUST1012950,1,1,0,1,0,1,0,0,N,N,N,6,2026,4,N,None
CUST1012951,0,2,0,1,1,0,0,0,N,N,N,6,2026,3,N,None
CUST1012952,0,0,0,1,0,2,0,0,N,N,Y,6,2026,2,N,None
CUST1012953,0,0,0,1,0,0,0,0,N,N,Y,6,2026,1,Y,HF
CUST1012954,0,0,0,1,0,2,0,0,N,N,N,6,2026,2,N,None
CUST1012955,0,0,0,1,0,0,0,0,N,N,Y,6,2026,1,N,None
CUST1012956,0,1,0,1,0,0,0,0,N,N,Y,6,2026,2,Y,RD
CUST1012957,0,0,0,0,0,0,1,0,N,N,Y,6,2026,1,Y,PL
CUST1012958,0,0,0,1,3,0,0,0,N,Y,Y,6,2026,2,N,None
CUST1012959,0,0,0,1,2,2,0,1,N,N,N,6,2026,4,N,None
CUST1012960,0,2,0,1,0,0,0,0,N,N,N,6,2026,2,N,None
CUST1012961,0,0,0,1,0,1,0,0,N,Y,Y,6,2026,2,N,None
CUST1012962,1,0,0,1,0,0,0,0,N,N,N,6,2026,2,N,None
CUST1012963,2,0,0,1,0,0,0,0,N,N,N,6,2026,2,N,None
CUST1012964,0,0,0,1,0,0,1,0,N,Y,Y,6,2026,2,N,None
CUST1012965,0,0,0,0,0,2,0,0,N,N,Y,6,2026,1,N,None
CUST1012966,0,0,0,1,1,0,0,0,N,N,Y,6,2026,2,N,None
CUST1012967,2,1,0,1,1,0,0,0,Y,N,N,6,2026,4,N,None
CUST1012968,0,1,0,0,0,1,1,0,N,N,Y,6,2026,3,N,None
CUST1012969,0,1,0,1,0,1,0,0,N,N,Y,6,2026,3,Y,PL
CUST1012970,0,0,0,1,0,0,0,0,N,N,N,6,2026,1,Y,PL
CUST1012971,0,2,0,1,0,0,0,0,N,N,N,6,2026,2,N,None
CUST1012972,0,0,0,1,3,1,0,0,N,N,Y,6,2026,3,Y,AL
CUST1012973,0,1,0,1,1,0,0,0,N,N,N,6,2026,3,N,None
CUST1012974,2,0,0,1,1,0,0,0,N,N,N,6,2026,3,Y,AL
CUST1012975,0,0,0,1,0,1,0,0,N,N,N,6,2026,2,Y,PL
CUST1012976,0,2,0,1,3,0,0,0,N,N,N,6,2026,3,N,None
CUST1012977,0,1,0,1,0,1,0,0,Y,N,Y,6,2026,3,Y,AL
CUST1012978,0,0,0,1,0,1,1,0,N,N,Y,6,2026,3,Y,CC
CUST1012979,0,0,0,1,3,0,0,0,N,N,Y,6,2026,2,N,None
CUST1012980,0,2,0,1,0,0,0,0,N,N,N,6,2026,2,Y,RD
CUST1012981,0,0,0,1,0,0,0,1,Y,N,N,6,2026,2,N,None
CUST1012982,0,0,0,1,0,2,0,0,N,N,Y,6,2026,2,N,None
CUST1012983,0,0,0,1,1,0,0,0,Y,N,N,6,2026,2,Y,HL
CUST1012984,0,1,0,1,0,0,1,0,N,N,Y,6,2026,3,Y,AL
CUST1012985,0,0,0,1,0,0,0,0,N,Y,N,6,2026,1,Y,CC
CUST1012986,0,1,0,1,0,0,0,0,N,N,Y,6,2026,2,N,None
CUST1012987,0,0,1,1,0,0,0,1,N,N,Y,6,2026,3,Y,HF
CUST1012988,0,0,0,1,0,0,0,0,N,N,N,6,2026,1,N,None
CUST1012989,0,0,0,1,1,1,0,0,N,N,N,6,2026,3,N,None
CUST1012990,2,0,0,1,0,2,0,0,N,N,N,6,2026,3,Y,CC
CUST1012991,0,0,0,1,3,1,0,0,N,N,N,6,2026,3,Y,SA
CUST1012992,0,2,0,1,0,0,0,0,N,N,N,6,2026,2,N,None
CUST1012993,0,0,0,1,0,1,0,0,N,N,Y,6,2026,2,N,MF
CUST1012994,0,0,0,1,0,0,0,0,N,N,N,6,2026,1,Y,HL
CUST1012995,1,0,0,1,0,0,0,0,N,N,Y,6,2026,2,N,None
CUST1012996,0,0,0,1,0,0,0,0,N,N,N,6,2026,1,N,None
CUST1012997,0,0,0,1,3,1,0,0,N,N,Y,6,2026,3,Y,SA
CUST1012998,0,2,0,1,0,1,0,1,N,N,Y,6,2026,4,N,SA
CUST1012999,1,2,0,1,0,0,0,0,N,N,Y,6,2026,3,N,HF
CUST1013000,0,2,0,1,0,0,0,0,N,N,Y,6,2026,2,N,None
CUST1013001,0,0,0,1,0,0,0,0,Y,N,N,6,2026,1,N,PL
CUST1013002,0,0,1,1,0,0,0,0,N,N,N,6,2026,2,N,None
CUST1013003,0,0,0,1,0,0,0,0,N,N,N,6,2026,1,Y,RD
CUST1013004,0,2,0,1,0,0,0,0,N,N,Y,6,2026,2,N,None
CUST1013005,0,1,1,1,0,0,0,0,N,N,Y,6,2026,3,Y,CC
CUST1013006,0,0,0,1,0,1,0,0,N,N,Y,6,2026,2,N,None
CUST1013007,0,0,0,1,3,0,0,0,N,N,N,6,2026,2,Y,MF
CUST1013008,2,0,0,1,0,0,0,0,N,N,Y,6,2026,2,N,None
CUST1013009,0,0,0,1,0,0,0,0,N,N,Y,6,2026,1,N,None
CUST1013010,0,2,0,0,0,2,0,0,N,Y,N,6,2026,2,N,None
CUST1013011,0,0,0,1,0,0,0,0,N,N,Y,6,2026,1,Y,SA
CUST1013012,0,0,0,1,0,1,0,0,N,N,N,6,2026,2,Y,PL
CUST1013013,2,0,0,1,0,0,0,0,N,N,Y,6,2026,2,N,None
CUST1013014,0,0,0,1,0,0,0,0,N,N,N,6,2026,1,Y,AL
CUST1013015,0,1,0,1,0,2,0,0,N,N,Y,6,2026,3,Y,AL
CUST1013016,0,0,0,1,1,0,0,0,N,N,N,6,2026,2,Y,PL
CUST1013017,0,1,0,0,0,0,0,0,N,N,Y,6,2026,1,N,None
CUST1013018,0,2,0,1,0,0,0,0,N,N,Y,6,2026,2,Y,AL
CUST1013019,0,2,0,1,0,0,0,0,N,N,Y,6,2026,2,N,None
CUST1013020,0,0,0,1,0,1,0,0,N,N,Y,6,2026,2,Y,HF
CUST1013021,0,2,0,1,2,0,0,0,N,N,N,6,2026,3,Y,SA
CUST1013022,0,0,0,1,0,1,1,0,N,N,N,6,2026,3,N,None
CUST1013023,0,0,0,1,0,2,0,0,N,Y,Y,6,2026,2,N,None
CUST1013024,1,0,0,0,0,0,0,0,N,N,Y,6,2026,1,N,PL
CUST1013025,0,0,0,1,0,0,0,1,N,N,Y,6,2026,2,Y,AL
CUST1013026,0,1,0,1,0,0,1,0,N,N,N,6,2026,3,N,None
CUST1013027,0,0,0,1,0,0,0,0,N,N,Y,6,2026,1,N,CC
CUST1013028,0,1,0,1,0,1,0,0,N,N,Y,6,2026,3,N,None
CUST1013029,0,0,0,1,0,0,0,0,N,N,Y,6,2026,1,N,MF
CUST1013030,2,0,0,0,0,0,0,0,N,N,N,6,2026,1,Y,CC
CUST1013031,0,1,0,1,1,0,1,0,N,N,Y,6,2026,4,N,None
CUST1013032,0,1,1,1,0,2,0,0,N,N,Y,6,2026,4,N,None
CUST1013033,1,0,0,1,2,0,0,0,Y,N,Y,6,2026,3,Y,PL
CUST1013034,0,0,0,1,0,0,0,1,N,N,Y,6,2026,2,Y,CC
CUST1013035,0,0,0,1,0,0,0,0,N,N,N,6,2026,1,Y,SA
CUST1013036,0,1,0,0,0,2,0,0,N,N,N,6,2026,2,Y,HF
CUST1013037,0,2,0,1,0,0,0,0,N,N,N,6,2026,2,N,None
CUST1013038,0,0,1,1,0,1,0,0,N,N,N,6,2026,3,Y,HF
CUST1013039,0,0,0,1,0,0,0,0,N,N,N,6,2026,1,N,None
CUST1013040,0,1,0,1,0,2,0,0,N,N,Y,6,2026,3,N,None
CUST1013041,0,0,0,1,0,2,0,0,N,N,Y,6,2026,2,Y,CC
CUST1013042,0,0,0,1,0,0,0,0,Y,N,N,6,2026,1,N,None
CUST1013043,0,0,0,1,0,0,0,0,Y,Y,N,6,2026,1,N,None
CUST1013044,1,0,0,1,3,0,0,0,N,N,N,6,2026,3,Y,SA
CUST1013045,0,0,0,1,3,0,0,0,N,N,Y,6,2026,2,Y,RD
CUST1013046,0,0,0,1,0,2,0,0,N,N,N,6,2026,2,N,AL
CUST1013047,1,2,0,1,0,0,0,0,N,N,Y,6,2026,3,N,None
CUST1013048,0,0,0,1,0,0,0,0,Y,N,Y,6,2026,1,N,RD
CUST1013049,2,1,0,1,0,0,0,0,Y,N,N,6,2026,3,N,None
CUST1013050,0,0,0,1,0,0,0,0,N,N,N,6,2026,1,N,None
CUST1013051,0,0,0,1,0,0,0,1,N,N,Y,6,2026,2,N,None
CUST1013052,0,0,0,1,0,2,0,0,N,N,Y,6,2026,2,Y,MF
CUST1013053,0,2,0,0,2,0,0,0,Y,N,Y,6,2026,2,N,AL
CUST1013054,0,0,0,1,0,0,0,0,N,N,Y,6,2026,1,N,PL
CUST1013055,0,0,0,1,3,0,1,0,Y,N,Y,6,2026,3,N,None
CUST1013056,0,1,1,1,0,0,0,0,N,N,Y,6,2026,3,Y,HL
CUST1013057,0,0,0,1,0,0,0,1,N,N,N,6,2026,2,Y,MF
CUST1013058,2,2,0,1,0,1,0,0,N,N,Y,6,2026,4,Y,CC
CUST1013059,0,0,0,1,0,1,0,0,Y,N,N,6,2026,2,N,None
CUST1013060,0,0,0,1,0,1,0,0,N,N,Y,6,2026,2,Y,CC
CUST1013061,0,0,0,1,0,0,0,0,N,N,Y,6,2026,1,Y,AL
CUST1013062,0,0,0,1,0,0,0,0,N,N,Y,6,2026,1,Y,RD
CUST1013063,0,2,0,1,1,0,0,0,Y,N,N,6,2026,3,N,None
CUST1013064,0,0,0,1,1,0,0,0,N,N,N,6,2026,2,Y,CC
CUST1013065,0,2,0,0,2,0,0,0,N,N,N,6,2026,2,N,None
CUST1013066,0,1,0,1,0,0,0,0,N,N,Y,6,2026,2,N,None
CUST1013067,0,2,1,1,0,0,1,0,N,N,N,6,2026,4,N,None
CUST1013068,0,2,0,1,0,0,0,0,N,N,Y,6,2026,2,Y,CC
CUST1013069,0,0,0,1,0,0,0,0,N,N,N,6,2026,1,Y,SA
CUST1013070,0,2,0,0,0,1,0,0,N,N,Y,6,2026,2,Y,RD
CUST1013071,0,0,1,1,0,0,0,0,N,N,Y,6,2026,2,Y,RD
CUST1013072,0,0,0,1,0,0,0,0,Y,N,N,6,2026,1,N,None
CUST1013073,0,2,0,1,0,0,0,1,N,N,Y,6,2026,3,Y,MF
CUST1013074,0,1,0,1,3,0,0,1,N,N,Y,6,2026,4,Y,PL
CUST1013075,0,2,0,0,0,0,0,0,N,N,N,6,2026,1,N,None
CUST1013076,0,1,0,1,0,1,0,1,Y,N,N,6,2026,4,N,None
CUST1013077,0,2,0,1,0,1,0,0,N,N,N,6,2026,3,N,SA
CUST1013078,0,0,0,1,0,0,0,0,N,N,N,6,2026,1,Y,RD
CUST1013079,0,2,0,1,0,0,0,0,N,N,Y,6,2026,2,Y,SA
CUST1013080,0,0,0,1,0,0,0,0,N,N,N,6,2026,1,Y,CC
CUST1013081,0,0,0,1,0,0,0,0,N,N,Y,6,2026,1,N,None
CUST1013082,0,1,0,1,0,1,0,0,N,N,N,6,2026,3,N,MF
CUST1013083,0,1,0,1,0,0,0,0,N,N,N,6,2026,2,Y,AL
CUST1013084,0,1,0,1,1,0,0,0,Y,N,Y,6,2026,3,Y,AL
CUST1013085,0,0,0,1,0,2,1,0,Y,N,Y,6,2026,3,N,None
CUST1013086,2,0,0,1,0,0,0,0,N,N,Y,6,2026,2,N,None
CUST1013087,0,2,0,1,0,0,1,0,N,N,N,6,2026,3,Y,SA
CUST1013088,0,0,0,1,0,0,0,0,N,N,Y,6,2026,1,N,None
CUST1013089,0,1,0,1,0,0,1,0,N,N,N,6,2026,3,N,None
CUST1013090,0,0,0,1,0,0,0,0,Y,N,Y,6,2026,1,Y,CC
CUST1013091,0,1,0,1,0,1,0,0,N,N,Y,6,2026,3,N,None
CUST1013092,0,0,0,1,3,0,0,0,N,N,N,6,2026,2,N,AL
CUST1013093,0,0,0,1,0,1,0,0,N,N,Y,6,2026,2,N,CC
CUST1013094,0,1,0,1,0,0,0,0,N,N,Y,6,2026,2,N,None
CUST1013095,1,2,0,1,0,0,0,0,N,N,Y,6,2026,3,Y,CC
CUST1013096,2,0,0,1,0,0,0,0,N,Y,Y,6,2026,2,N,None
CUST1013097,0,0,0,1,0,0,0,0,N,N,Y,6,2026,1,N,None
CUST1013098,0,2,0,1,3,0,0,0,N,N,Y,6,2026,3,Y,RD
CUST1013099,0,0,0,1,0,0,0,0,Y,N,N,6,2026,1,N,None
CUST1013100,0,2,0,0,0,1,0,0,N,N,Y,6,2026,2,N,None
CUST1013101,2,0,0,1,0,0,0,0,N,N,N,6,2026,2,Y,SA
CUST1013102,0,1,0,1,0,0,0,0,N,N,Y,6,2026,2,Y,CC
CUST1013103,0,1,0,1,1,2,0,1,N,N,Y,6,2026,5,Y,AL
CUST1013104,0,2,0,1,0,0,0,0,N,N,N,6,2026,2,N,None
CUST1013105,0,0,0,1,0,1,1,1,N,N,Y,6,2026,4,N,None
CUST1013106,0,0,0,1,0,1,0,0,N,N,Y,6,2026,2,N,None
CUST1013107,1,0,0,1,0,1,1,0,N,N,N,6,2026,4,Y,AL
CUST1013108,0,0,0,1,2,1,0,0,N,Y,N,6,2026,3,N,None
CUST1013109,0,1,0,1,2,0,0,0,N,N,Y,6,2026,3,N,None
CUST1013110,0,0,0,1,0,0,0,0,N,N,N,6,2026,1,N,SA
CUST1013111,1,0,0,1,0,0,0,0,N,N,N,6,2026,2,N,None
CUST1013112,1,1,0,1,0,0,0,0,N,N,Y,6,2026,3,N,None
CUST1013113,0,0,0,1,0,2,0,0,N,N,Y,6,2026,2,Y,AL
CUST1013114,1,0,0,1,0,0,0,0,N,N,N,6,2026,2,Y,SA
CUST1013115,0,2,0,1,0,2,0,0,N,N,Y,6,2026,3,N,None
CUST1013116,0,0,0,1,0,1,0,0,N,N,Y,6,2026,2,N,None
CUST1013117,0,2,0,1,0,0,0,0,N,N,N,6,2026,2,N,None
CUST1013118,0,0,0,1,0,0,0,0,Y,N,N,6,2026,1,Y,AL
CUST1013119,1,0,0,1,0,1,0,0,N,N,N,6,2026,3,Y,MF
CUST1013120,0,0,0,1,0,0,0,0,N,N,Y,6,2026,1,Y,CC
CUST1013121,1,0,0,1,0,1,0,0,N,N,Y,6,2026,3,N,None
CUST1013122,0,0,0,1,3,0,0,0,N,N,N,6,2026,2,N,None
CUST1013123,0,0,0,1,0,0,0,0,N,N,N,6,2026,1,Y,CC
CUST1013124,0,0,0,1,0,0,0,0,N,N,N,6,2026,1,N,None
CUST1013125,0,0,0,1,0,0,0,0,N,N,Y,6,2026,1,Y,CC
CUST1013126,0,0,0,1,0,1,0,0,N,N,Y,6,2026,2,N,None
CUST1013127,0,0,0,1,0,0,0,0,N,N,Y,6,2026,1,Y,PL
CUST1013128,0,0,0,1,3,0,0,0,N,N,N,6,2026,2,N,None
CUST1013129,0,2,0,1,1,0,0,0,N,N,N,6,2026,3,Y,MF
CUST1013130,0,0,0,0,0,0,0,0,N,N,Y,6,2026,0,N,None
CUST1013131,1,0,0,1,2,0,1,0,N,N,N,6,2026,4,N,None
CUST1013132,1,1,0,1,0,0,1,0,N,N,Y,6,2026,4,Y,PL
CUST1013133,0,2,0,0,0,0,0,0,N,Y,Y,6,2026,1,N,SA
CUST1013134,1,2,0,0,0,1,0,0,N,N,Y,6,2026,3,Y,MF
CUST1013135,0,1,0,1,0,0,0,0,N,N,N,6,2026,2,N,None
CUST1013136,0,0,0,0,0,0,0,1,N,N,Y,6,2026,1,Y,AL
CUST1013137,0,2,0,1,2,1,1,0,N,N,N,6,2026,5,N,None
CUST1013138,2,0,0,1,0,1,0,0,N,N,Y,6,2026,3,N,None
CUST1013139,0,0,0,1,0,2,0,0,N,N,N,6,2026,2,N,None
CUST1013140,0,0,0,1,0,0,0,0,Y,N,Y,6,2026,1,N,None
CUST1013141,0,0,0,1,0,0,0,0,N,N,Y,6,2026,1,Y,CC
CUST1013142,0,0,0,1,0,0,0,0,N,N,N,6,2026,1,N,None
CUST1013143,0,0,0,1,0,0,1,0,N,N,Y,6,2026,2,Y,PL
CUST1013144,0,0,0,1,0,1,0,0,N,N,Y,6,2026,2,Y,HL
CUST1013145,0,0,0,1,2,0,1,0,Y,N,Y,6,2026,3,N,None
CUST1013146,1,1,0,1,0,0,0,0,N,N,N,6,2026,3,N,PL
CUST1013147,0,0,0,1,0,0,0,0,N,N,Y,6,2026,1,Y,HF
CUST1013148,1,0,0,1,0,0,0,0,N,N,N,6,2026,2,N,None
CUST1013149,0,1,1,1,0,2,0,0,N,N,Y,6,2026,4,N,MF
CUST1013150,0,2,0,1,2,0,0,1,N,N,N,6,2026,4,N,None
CUST1013151,2,0,0,1,1,0,0,0,N,N,N,6,2026,3,N,None
CUST1013152,0,0,0,1,0,0,0,0,N,Y,N,6,2026,1,N,None
CUST1013153,2,1,0,1,2,0,0,0,N,N,Y,6,2026,4,Y,RD
CUST1013154,0,1,0,1,0,0,0,0,Y,N,Y,6,2026,2,N,None
CUST1013155,1,1,0,1,0,0,0,0,N,N,Y,6,2026,3,N,None
CUST1013156,1,0,0,1,1,1,0,0,N,N,N,6,2026,4,N,None
CUST1013157,0,0,0,1,0,0,1,0,N,N,Y,6,2026,2,N,None
CUST1013158,2,2,0,1,2,0,0,0,Y,N,Y,6,2026,4,Y,RD
CUST1013159,0,0,0,1,0,0,0,1,N,N,N,6,2026,2,N,SA
CUST1013160,0,2,0,1,0,2,0,0,Y,N,N,6,2026,3,Y,PL
CUST1013161,0,0,0,1,0,0,0,0,N,N,Y,6,2026,1,N,None
CUST1013162,0,0,0,1,3,0,0,0,N,N,N,6,2026,2,N,None
CUST1013163,0,0,0,1,0,0,0,0,N,N,N,6,2026,1,N,None
CUST1013164,0,1,0,1,0,1,0,0,N,N,Y,6,2026,3,N,RD
CUST1013165,0,0,0,1,0,0,1,0,N,N,N,6,2026,2,N,None
CUST1013166,1,2,0,1,2,0,0,0,N,N,N,6,2026,4,N,None
CUST1013167,0,0,0,1,0,2,1,0,N,N,N,6,2026,3,Y,RD
CUST1013168,0,0,0,1,0,2,0,0,N,N,Y,6,2026,2,N,None
CUST1013169,0,0,0,1,0,0,0,0,Y,N,N,6,2026,1,N,None
CUST1013170,0,0,0,1,0,2,0,0,Y,N,Y,6,2026,2,Y,AL
CUST1013171,0,0,0,1,0,0,0,0,N,N,Y,6,2026,1,Y,PL
CUST1013172,2,1,0,1,0,2,0,0,N,N,N,6,2026,4,Y,MF
CUST1013173,0,2,0,1,0,2,0,0,N,N,Y,6,2026,3,Y,CC
CUST1013174,0,0,0,1,0,0,0,0,N,N,N,6,2026,1,N,CC
CUST1013175,2,0,0,1,2,2,0,0,N,N,Y,6,2026,4,Y,CC
CUST1013176,2,2,0,1,0,0,0,0,N,Y,Y,6,2026,3,N,None
CUST1013177,0,0,0,1,0,0,0,1,N,N,Y,6,2026,2,N,None
CUST1013178,1,0,0,1,3,1,0,1,Y,N,Y,6,2026,5,Y,AL
CUST1013179,2,0,0,1,0,0,0,0,Y,N,N,6,2026,2,N,None
CUST1013180,2,0,0,1,2,1,0,0,N,N,N,6,2026,4,Y,CC
CUST1013181,0,0,0,1,0,0,0,0,N,Y,Y,6,2026,1,Y,MF
CUST1013182,0,0,0,1,0,0,0,0,N,N,Y,6,2026,1,N,SA
CUST1013183,0,1,0,1,0,0,0,0,Y,N,Y,6,2026,2,Y,AL
CUST1013184,0,2,0,1,0,1,0,0,N,N,N,6,2026,3,Y,HL
CUST1013185,0,0,0,1,1,0,0,0,N,N,Y,6,2026,2,N,None
CUST1013186,0,2,0,1,0,0,0,0,N,N,Y,6,2026,2,Y,MF
CUST1013187,0,0,0,1,0,0,0,0,N,N,Y,6,2026,1,Y,SA
CUST1013188,0,2,1,0,0,1,0,0,N,N,Y,6,2026,3,N,None
CUST1013189,0,0,0,1,0,0,0,0,N,N,N,6,2026,1,Y,CC
CUST1013190,0,1,0,1,0,0,0,0,N,N,Y,6,2026,2,N,HL
CUST1013191,0,1,0,1,0,0,0,0,N,N,Y,6,2026,2,N,RD
CUST1013192,1,2,0,1,3,0,0,1,Y,N,Y,6,2026,5,Y,AL
CUST1013193,0,0,0,1,0,0,0,0,N,N,Y,6,2026,1,N,None
CUST1013194,0,2,0,1,0,0,0,0,N,N,Y,6,2026,2,Y,HL
CUST1013195,0,0,0,1,1,0,0,0,N,N,N,6,2026,2,Y,PL
CUST1013196,0,0,0,1,1,0,0,0,N,N,N,6,2026,2,N,None
CUST1013197,0,1,0,1,0,1,0,0,N,N,Y,6,2026,3,N,AL
CUST1013198,0,0,0,1,1,0,0,0,N,N,N,6,2026,2,N,None
CUST1013199,1,0,0,1,0,1,0,0,N,Y,N,6,2026,3,N,None
CUST1013200,0,0,0,1,0,0,0,0,N,N,Y,6,2026,1,Y,PL
CUST1013201,0,2,0,0,0,2,0,0,N,N,N,6,2026,2,N,None
CUST1013202,0,0,0,1,0,1,0,0,N,N,Y,6,2026,2,Y,CC
CUST1013203,1,0,0,1,0,0,0,0,N,N,Y,6,2026,2,Y,HF
CUST1013204,0,1,0,1,0,2,0,0,Y,N,Y,6,2026,3,Y,MF
CUST1013205,0,1,0,1,0,0,0,0,Y,N,Y,6,2026,2,N,None
CUST1013206,0,0,0,1,0,1,0,0,N,N,Y,6,2026,2,N,AL
CUST1013207,1,1,0,1,1,0,0,0,N,N,N,6,2026,4,Y,CC
CUST1013208,0,1,0,1,0,0,0,0,N,N,N,6,2026,2,N,None
CUST1013209,0,1,0,1,1,0,0,0,N,N,Y,6,2026,3,Y,CC
CUST1013210,0,1,0,1,0,0,0,0,Y,N,Y,6,2026,2,Y,RD
CUST1013211,0,1,1,1,0,0,0,0,N,N,N,6,2026,3,N,None
CUST1013212,0,0,0,1,0,1,1,0,Y,N,N,6,2026,3,N,SA
CUST1013213,0,2,0,1,0,0,0,0,Y,N,Y,6,2026,2,Y,CC
CUST1013214,0,1,0,1,0,1,0,0,N,N,N,6,2026,3,Y,HL
CUST1013215,2,2,0,1,3,0,0,0,N,N,N,6,2026,4,Y,MF
CUST1013216,2,0,0,1,3,0,0,1,N,N,Y,6,2026,4,N,None
CUST1013217,0,0,0,1,0,1,0,0,N,N,N,6,2026,2,N,None
CUST1013218,0,2,0,1,0,0,0,0,N,N,Y,6,2026,2,Y,CC
CUST1013219,0,0,0,1,0,0,0,0,N,N,N,6,2026,1,N,CC
CUST1013220,0,0,0,1,0,2,0,0,N,N,N,6,2026,2,N,CC
CUST1013221,0,0,0,1,0,0,0,0,N,N,N,6,2026,1,N,None
CUST1013222,1,1,0,1,0,0,0,0,N,N,Y,6,2026,3,N,None
CUST1013223,0,0,0,1,0,0,0,1,Y,N,Y,6,2026,2,Y,PL
CUST1013224,0,1,0,1,0,0,0,0,N,N,N,6,2026,2,N,None
CUST1013225,0,0,1,1,0,0,0,0,N,N,Y,6,2026,2,Y,AL
CUST1013226,0,2,0,1,0,0,0,0,N,N,Y,6,2026,2,N,None
CUST1013227,0,0,0,1,0,0,0,0,N,N,N,6,2026,1,N,None
CUST1013228,0,0,0,1,0,0,0,0,N,N,N,6,2026,1,N,None
CUST1013229,2,0,0,1,0,1,0,0,N,N,Y,6,2026,3,Y,MF
CUST1013230,0,2,0,1,0,0,0,0,N,N,N,6,2026,2,N,None
CUST1013231,0,0,1,1,0,0,0,0,Y,N,N,6,2026,2,Y,AL
CUST1013232,0,1,0,1,0,0,0,0,N,N,N,6,2026,2,N,CC
CUST1013233,0,0,0,1,0,1,0,0,Y,N,N,6,2026,2,N,None
CUST1013234,0,0,0,1,0,2,1,0,N,N,Y,6,2026,3,N,None
CUST1013235,0,1,0,1,1,0,0,0,N,N,Y,6,2026,3,Y,HF
CUST1013236,0,0,0,1,0,0,1,0,N,N,Y,6,2026,2,Y,MF
CUST1013237,0,0,0,1,3,0,0,0,N,N,Y,6,2026,2,N,None
CUST1013238,0,0,0,1,1,0,1,0,N,N,N,6,2026,3,N,PL
CUST1013239,0,0,0,1,3,0,0,0,N,N,N,6,2026,2,Y,AL
CUST1013240,0,2,0,1,0,0,0,0,N,N,Y,6,2026,2,Y,RD
CUST1013241,0,2,0,1,1,0,0,0,N,N,Y,6,2026,3,Y,PL
CUST1013242,0,2,0,1,0,0,0,0,Y,N,N,6,2026,2,N,PL
CUST1013243,0,1,0,1,0,0,0,0,N,N,Y,6,2026,2,N,None
CUST1013244,0,1,0,1,0,0,0,0,N,N,Y,6,2026,2,N,AL
CUST1013245,0,0,0,1,0,0,1,0,N,N,N,6,2026,2,N,None
CUST1013246,0,0,0,1,0,0,0,0,N,N,N,6,2026,1,Y,SA
CUST1013247,0,0,0,1,2,1,0,0,Y,N,N,6,2026,3,N,CC
CUST1013248,0,0,0,1,0,0,0,0,N,N,Y,6,2026,1,N,None
CUST1013249,1,2,0,1,0,0,0,1,N,N,N,6,2026,4,Y,HF
CUST1013250,1,0,0,1,0,0,0,0,N,N,N,6,2026,2,Y,RD
CUST1013251,0,0,0,0,0,0,0,0,N,N,N,6,2026,0,Y,HL
CUST1013252,1,2,0,1,0,0,0,0,Y,N,N,6,2026,3,Y,AL
CUST1013253,1,1,0,1,0,0,0,0,Y,N,Y,6,2026,3,Y,MF
CUST1013254,2,0,0,1,0,2,0,0,N,N,N,6,2026,3,N,None
CUST1013255,0,0,0,1,2,0,0,0,N,N,N,6,2026,2,N,None
CUST1013256,0,1,0,1,0,0,0,0,N,N,N,6,2026,2,Y,MF
CUST1013257,2,1,0,1,0,0,0,0,N,N,Y,6,2026,3,N,HF
CUST1013258,0,0,0,1,3,0,0,0,N,N,N,6,2026,2,N,None
CUST1013259,1,0,0,1,0,2,1,0,N,N,N,6,2026,4,N,AL
CUST1013260,0,0,0,1,0,0,0,0,N,N,Y,6,2026,1,N,None
CUST1013261,0,0,0,1,0,0,0,0,N,N,Y,6,2026,1,N,None
CUST1013262,0,0,0,1,0,0,0,0,N,N,Y,6,2026,1,Y,MF
CUST1013263,0,0,0,0,0,0,0,0,N,N,N,6,2026,0,Y,RD
CUST1013264,0,0,1,0,3,0,1,1,Y,Y,N,6,2026,4,Y,AL
CUST1013265,0,2,0,1,0,0,0,0,N,N,N,6,2026,2,N,None
CUST1013266,0,0,0,1,0,0,0,0,N,N,N,6,2026,1,Y,AL
CUST1013267,1,0,0,1,0,0,0,0,N,N,N,6,2026,2,Y,HL
CUST1013268,0,0,0,1,0,0,0,1,Y,N,Y,6,2026,2,N,None
CUST1013269,0,0,0,1,0,2,0,0,N,N,N,6,2026,2,N,None
CUST1013270,0,2,0,1,0,0,0,0,N,N,Y,6,2026,2,Y,RD
CUST1013271,0,0,0,1,0,0,0,0,N,N,Y,6,2026,1,N,None
CUST1013272,0,0,1,1,0,0,0,0,N,N,Y,6,2026,2,N,None
CUST1013273,0,1,0,1,0,0,0,0,N,N,Y,6,2026,2,Y,RD
CUST1013274,0,0,0,1,0,0,1,0,N,N,N,6,2026,2,N,None
CUST1013275,1,0,0,1,0,1,0,0,N,N,N,6,2026,3,Y,HF
CUST1013276,0,0,0,1,0,0,0,0,N,N,Y,6,2026,1,N,None
CUST1013277,0,0,1,1,0,1,0,0,N,N,Y,6,2026,3,N,None
CUST1013278,1,0,0,1,0,0,0,0,N,N,N,6,2026,2,N,HL
CUST1013279,0,0,0,1,3,0,0,0,N,N,N,6,2026,2,Y,RD
CUST1013280,0,1,0,1,0,0,0,0,N,N,Y,6,2026,2,N,None
CUST1013281,0,0,0,0,0,2,0,0,N,N,Y,6,2026,1,N,MF
CUST1013282,0,2,0,1,1,0,0,0,N,N,N,6,2026,3,Y,AL
CUST1013283,0,0,0,1,0,0,0,0,N,N,N,6,2026,1,N,None
CUST1013284,0,1,0,1,0,0,0,0,N,N,Y,6,2026,2,Y,SA
CUST1013285,1,0,0,1,2,1,0,0,N,N,Y,6,2026,4,N,None
CUST1013286,0,0,0,1,1,1,0,0,N,N,Y,6,2026,3,N,None
CUST1013287,1,0,0,1,0,0,0,0,N,N,Y,6,2026,2,N,None
CUST1013288,0,1,0,1,0,2,0,0,N,N,N,6,2026,3,Y,AL
CUST1013289,0,0,0,1,0,2,0,0,N,N,Y,6,2026,2,N,None
CUST1013290,0,0,0,1,0,0,0,0,N,N,Y,6,2026,1,N,None
CUST1013291,0,2,0,1,0,0,0,1,N,N,N,6,2026,3,Y,CC
CUST1013292,0,2,0,1,2,2,0,0,N,N,N,6,2026,4,N,RD
CUST1013293,0,0,0,1,0,0,0,0,Y,N,N,6,2026,1,N,None
CUST1013294,0,2,0,1,0,0,0,0,N,N,N,6,2026,2,N,None
CUST1013295,0,0,0,1,0,1,0,0,N,N,Y,6,2026,2,N,None
CUST1013296,0,2,0,1,0,1,0,0,Y,N,Y,6,2026,3,Y,HL
CUST1013297,0,0,0,1,0,0,0,0,Y,N,N,6,2026,1,N,AL
CUST1013298,0,0,0,1,3,0,0,1,Y,Y,Y,6,2026,3,N,None
CUST1013299,2,0,0,1,0,0,0,0,Y,Y,Y,6,2026,2,Y,AL
CUST1013300,0,0,0,1,2,0,0,1,N,N,Y,6,2026,3,Y,CC
CUST1013301,0,0,0,1,0,0,0,0,N,N,Y,6,2026,1,N,None
CUST1013302,0,0,0,1,3,0,0,0,N,N,Y,6,2026,2,N,None
CUST1013303,0,0,0,1,0,0,0,0,N,N,N,6,2026,1,N,None
CUST1013304,2,0,0,1,0,0,0,0,N,N,Y,6,2026,2,N,None
CUST1013305,0,2,0,1,0,0,0,0,N,N,N,6,2026,2,Y,PL
CUST1013306,0,2,0,1,0,0,0,0,N,N,Y,6,2026,2,Y,PL
CUST1013307,0,0,0,1,2,0,0,0,N,Y,Y,6,2026,2,N,None
CUST1013308,0,1,0,1,0,1,0,0,N,N,Y,6,2026,3,Y,SA
CUST1013309,0,1,0,1,0,0,0,0,N,N,N,6,2026,2,N,None
CUST1013310,0,0,0,1,1,0,0,0,N,N,Y,6,2026,2,N,None
CUST1013311,0,0,0,1,3,0,0,0,N,N,N,6,2026,2,Y,PL
CUST1013312,0,0,0,1,0,0,0,0,N,N,N,6,2026,1,Y,MF
CUST1013313,0,2,0,1,0,1,0,0,N,N,N,6,2026,3,Y,AL
CUST1013314,2,0,0,1,1,0,0,0,N,N,N,6,2026,3,N,None
CUST1013315,0,1,0,1,0,0,0,0,N,N,Y,6,2026,2,N,None
CUST1013316,2,0,0,1,0,0,0,0,N,N,N,6,2026,2,N,None
CUST1013317,0,0,0,0,0,0,0,0,N,N,N,6,2026,0,N,None
CUST1013318,1,2,0,0,0,0,0,0,N,N,Y,6,2026,2,N,AL
CUST1013319,0,0,0,1,2,0,1,0,N,N,N,6,2026,3,Y,CC
CUST1013320,0,0,0,1,1,0,0,0,N,N,Y,6,2026,2,Y,RD
CUST1013321,0,0,0,1,0,0,0,0,N,N,Y,6,2026,1,Y,SA
CUST1013322,0,0,0,1,0,2,0,0,N,N,Y,6,2026,2,Y,PL
CUST1013323,0,0,0,1,0,0,0,0,N,Y,Y,6,2026,1,Y,RD
CUST1013324,0,0,0,1,0,0,0,0,N,N,Y,6,2026,1,N,None
CUST1013325,0,0,0,1,0,0,0,0,N,N,Y,6,2026,1,Y,CC
CUST1013326,0,0,1,1,0,0,0,0,N,N,Y,6,2026,2,Y,SA
CUST1013327,0,1,0,1,0,0,0,0,N,N,Y,6,2026,2,Y,SA
CUST1013328,0,0,0,1,0,2,0,0,N,N,Y,6,2026,2,Y,MF
CUST1013329,0,0,1,1,0,0,0,0,N,N,Y,6,2026,2,N,None
CUST1013330,0,0,0,1,0,0,0,0,N,N,Y,6,2026,1,N,None
CUST1013331,0,1,0,1,0,0,0,1,N,N,N,6,2026,3,Y,SA
CUST1013332,2,0,0,1,0,1,0,0,N,N,Y,6,2026,3,Y,AL
CUST1013333,0,1,0,1,0,0,0,0,N,N,N,6,2026,2,Y,SA
CUST1013334,0,0,0,1,0,0,0,0,N,N,N,6,2026,1,N,None
CUST1013335,0,1,0,1,0,0,0,1,N,N,N,6,2026,3,N,None
CUST1013336,0,0,1,1,1,0,0,0,N,N,Y,6,2026,3,N,None
CUST1013337,0,2,0,1,1,2,0,0,N,N,N,6,2026,4,N,None
CUST1013338,2,0,0,1,0,1,1,0,N,N,Y,6,2026,4,N,None
CUST1013339,0,0,0,1,0,1,0,0,Y,N,Y,6,2026,2,N,None
CUST1013340,0,0,0,1,0,0,0,0,N,N,N,6,2026,1,Y,RD
CUST1013341,1,2,0,1,0,0,0,0,N,N,Y,6,2026,3,N,None
CUST1013342,0,0,0,1,0,2,0,0,Y,N,Y,6,2026,2,N,None
CUST1013343,0,0,0,1,0,1,0,1,N,N,Y,6,2026,3,N,None
CUST1013344,0,0,0,1,0,0,0,0,Y,Y,N,6,2026,1,N,None
CUST1013345,0,1,0,1,0,0,0,0,N,Y,Y,6,2026,2,N,None
CUST1013346,0,2,0,1,0,0,0,0,N,N,N,6,2026,2,Y,AL
CUST1013347,0,2,0,1,0,1,0,0,N,N,N,6,2026,3,N,None
CUST1013348,0,2,0,1,0,1,0,0,N,N,N,6,2026,3,Y,SA
CUST1013349,0,0,0,1,0,1,0,0,N,N,Y,6,2026,2,N,MF
CUST1013350,0,2,0,1,0,2,0,0,N,N,Y,6,2026,3,N,AL
CUST1013351,0,2,0,1,2,1,0,0,N,N,N,6,2026,4,N,None
CUST1013352,0,0,0,1,0,0,0,0,N,N,N,6,2026,1,Y,SA
CUST1013353,0,1,0,1,0,0,0,0,N,Y,Y,6,2026,2,N,None
CUST1013354,0,0,0,1,0,0,0,0,N,N,N,6,2026,1,N,None
CUST1013355,1,0,0,1,0,0,0,0,N,N,N,6,2026,2,Y,CC
CUST1013356,0,0,0,1,2,1,1,0,N,N,N,6,2026,4,N,CC
CUST1013357,0,0,0,1,0,2,0,0,N,N,N,6,2026,2,Y,SA
CUST1013358,0,2,0,1,1,2,0,1,N,N,N,6,2026,5,Y,MF
CUST1013359,0,0,0,1,0,0,0,0,N,N,Y,6,2026,1,N,None
CUST1013360,0,0,0,1,0,0,0,0,N,N,Y,6,2026,1,Y,MF
CUST1013361,2,0,0,1,2,2,0,0,Y,N,N,6,2026,4,Y,HF
CUST1013362,0,0,1,1,0,2,0,0,N,N,Y,6,2026,3,N,None
CUST1013363,2,1,0,1,0,0,1,0,Y,N,N,6,2026,4,Y,AL
CUST1013364,0,0,0,1,0,0,0,0,N,N,Y,6,2026,1,Y,CC
CUST1013365,0,0,0,1,0,0,0,0,N,N,N,6,2026,1,Y,AL
CUST1013366,0,2,0,1,3,0,0,0,N,N,N,6,2026,3,N,None
CUST1013367,0,1,0,1,0,0,0,0,N,N,N,6,2026,2,Y,CC
CUST1013368,0,1,0,1,0,2,0,0,Y,N,N,6,2026,3,Y,MF
CUST1013369,2,0,0,1,0,0,0,0,N,N,N,6,2026,2,N,None
CUST1013370,1,1,0,1,0,0,0,1,N,N,N,6,2026,4,N,None
CUST1013371,2,1,0,1,0,2,0,0,N,N,Y,6,2026,4,N,None
CUST1013372,0,0,0,1,3,0,0,0,N,N,N,6,2026,2,N,None
CUST1013373,1,1,0,1,0,0,0,0,Y,N,Y,6,2026,3,N,None
CUST1013374,0,0,0,1,0,0,0,0,N,N,Y,6,2026,1,Y,CC
CUST1013375,2,0,0,1,0,2,0,0,N,N,Y,6,2026,3,Y,CC
CUST1013376,1,0,0,1,0,0,0,0,N,N,Y,6,2026,2,N,None
CUST1013377,0,0,0,1,0,0,0,0,N,N,N,6,2026,1,N,CC
CUST1013378,0,2,0,1,0,0,0,0,Y,N,N,6,2026,2,N,CC
CUST1013379,0,1,0,1,0,1,0,1,N,N,N,6,2026,4,N,CC
CUST1013380,1,2,0,1,0,2,0,0,Y,N,Y,6,2026,4,Y,AL
CUST1013381,0,0,0,1,3,0,0,0,N,N,Y,6,2026,2,Y,SA
CUST1013382,0,0,0,1,1,0,0,1,Y,N,Y,6,2026,3,N,None
CUST1013383,0,0,0,1,0,0,0,0,N,N,Y,6,2026,1,N,None
CUST1013384,0,1,0,1,0,0,1,0,N,N,N,6,2026,3,N,None
CUST1013385,2,2,0,1,0,0,0,0,N,N,N,6,2026,3,Y,RD
CUST1013386,0,0,0,1,0,0,0,0,N,N,N,6,2026,1,Y,RD
CUST1013387,0,0,0,1,0,1,1,0,N,N,N,6,2026,3,N,None
CUST1013388,0,0,0,1,0,0,0,0,N,N,N,6,2026,1,Y,CC
CUST1013389,0,0,0,1,0,0,0,0,N,Y,Y,6,2026,1,Y,PL
CUST1013390,0,0,0,1,0,0,0,0,N,N,Y,6,2026,1,N,None
CUST1013391,0,0,0,1,0,0,0,1,N,N,N,6,2026,2,N,None
CUST1013392,0,0,0,1,0,0,0,0,N,N,Y,6,2026,1,Y,AL
CUST1013393,0,0,0,1,0,0,1,0,N,N,N,6,2026,2,Y,AL
CUST1013394,0,0,0,1,0,0,0,0,N,N,Y,6,2026,1,Y,AL
CUST1013395,0,0,0,1,2,0,1,0,Y,N,Y,6,2026,3,N,None
CUST1013396,0,0,0,1,2,0,0,0,N,N,N,6,2026,2,Y,RD
CUST1013397,0,1,0,1,1,0,0,0,N,N,Y,6,2026,3,N,None
CUST1013398,0,1,0,1,0,0,0,0,N,N,N,6,2026,2,Y,SA
CUST1013399,0,0,0,0,0,0,0,0,N,N,N,6,2026,0,N,None
CUST1013400,0,2,0,1,0,0,0,0,N,N,N,6,2026,2,Y,SA
CUST1013401,1,0,0,0,0,0,0,0,N,N,N,6,2026,1,N,None
CUST1013402,0,0,0,1,0,0,0,0,N,N,Y,6,2026,1,Y,MF
CUST1013403,0,1,0,1,0,0,0,1,N,N,N,6,2026,3,Y,SA
CUST1013404,0,0,0,1,0,0,0,0,N,N,N,6,2026,1,N,CC
CUST1013405,0,0,0,1,0,1,0,0,Y,N,N,6,2026,2,N,None
CUST1013406,1,1,0,1,0,0,0,0,N,N,Y,6,2026,3,Y,CC
CUST1013407,0,1,0,1,0,0,0,0,N,N,N,6,2026,2,Y,MF
CUST1013408,0,2,0,0,2,0,0,0,N,N,N,6,2026,2,N,None
CUST1013409,1,0,0,1,2,1,0,0,Y,N,N,6,2026,4,N,None
CUST1013410,0,0,0,1,2,0,0,0,N,N,N,6,2026,2,N,None
CUST1013411,0,0,0,1,0,0,0,0,N,N,N,6,2026,1,N,None
CUST1013412,0,0,0,1,0,0,0,0,N,N,N,6,2026,1,N,CC
CUST1013413,1,2,0,1,0,0,0,0,N,N,N,6,2026,3,N,None
CUST1013414,0,1,0,1,0,0,0,1,N,N,N,6,2026,3,N,None
CUST1013415,0,1,0,1,0,0,0,0,N,N,Y,6,2026,2,N,None
CUST1013416,1,0,0,1,0,2,0,0,N,N,Y,6,2026,3,N,None
CUST1013417,1,1,0,1,0,0,0,0,N,N,N,6,2026,3,N,None
CUST1013418,0,0,0,1,0,0,0,0,N,N,N,6,2026,1,N,None
CUST1013419,0,0,0,1,0,0,0,0,N,N,N,6,2026,1,Y,CC
CUST1013420,0,0,0,1,0,0,0,0,Y,N,Y,6,2026,1,N,CC
CUST1013421,2,0,0,1,0,2,0,1,N,N,Y,6,2026,4,N,None
CUST1013422,0,0,0,1,1,0,0,0,N,N,N,6,2026,2,Y,RD
CUST1013423,0,0,0,1,0,0,0,0,N,N,N,6,2026,1,N,None
CUST1013424,2,0,0,1,0,0,0,0,N,N,Y,6,2026,2,N,None
CUST1013425,2,1,1,1,0,1,0,1,Y,N,Y,6,2026,6,Y,RD
CUST1013426,0,0,0,1,0,0,0,0,N,N,Y,6,2026,1,Y,AL
CUST1013427,0,0,0,1,0,0,1,0,N,N,N,6,2026,2,Y,AL
CUST1013428,0,1,0,1,0,0,0,0,N,N,Y,6,2026,2,Y,HL
CUST1013429,0,0,0,1,0,0,0,0,N,N,Y,6,2026,1,N,None
CUST1013430,0,0,0,1,0,0,0,0,N,N,Y,6,2026,1,Y,RD
CUST1013431,0,1,0,1,0,0,0,0,N,N,Y,6,2026,2,Y,SA
CUST1013432,2,0,0,1,0,1,0,0,N,N,Y,6,2026,3,Y,CC
CUST1013433,0,0,0,1,0,0,0,0,N,N,Y,6,2026,1,Y,MF
CUST1013434,0,2,0,1,2,0,0,0,N,N,N,6,2026,3,Y,MF
CUST1013435,0,0,0,1,0,0,0,0,Y,N,Y,6,2026,1,N,CC
CUST1013436,0,1,0,1,0,1,0,0,Y,N,N,6,2026,3,N,None
CUST1013437,0,0,0,1,0,0,0,0,N,N,N,6,2026,1,Y,RD
CUST1013438,0,0,0,1,0,0,1,0,N,N,N,6,2026,2,N,None
CUST1013439,1,0,0,1,0,0,0,0,Y,N,N,6,2026,2,Y,PL
CUST1013440,0,1,0,1,0,0,0,0,N,Y,N,6,2026,2,Y,MF
CUST1013441,0,1,0,1,0,0,0,0,N,N,Y,6,2026,2,Y,SA
CUST1013442,0,0,0,0,2,2,0,0,N,N,Y,6,2026,2,Y,RD
CUST1013443,0,0,0,1,0,0,0,0,N,N,N,6,2026,1,N,None
CUST1013444,0,0,0,1,3,2,0,0,N,N,N,6,2026,3,Y,RD
CUST1013445,0,0,0,1,0,0,0,0,Y,N,Y,6,2026,1,N,None
CUST1013446,0,1,0,0,0,0,0,0,N,N,Y,6,2026,1,Y,SA
CUST1013447,0,0,0,1,2,0,0,0,N,N,Y,6,2026,2,N,None
CUST1013448,0,0,0,0,0,0,0,0,N,N,Y,6,2026,0,N,None
CUST1013449,0,2,0,1,0,1,0,0,N,N,Y,6,2026,3,N,PL
CUST1013450,0,1,0,1,0,0,1,0,N,N,Y,6,2026,3,Y,HF
CUST1013451,0,0,0,1,0,0,0,0,N,N,Y,6,2026,1,Y,SA
CUST1013452,1,0,0,1,0,0,0,0,N,N,N,6,2026,2,Y,HF
CUST1013453,0,1,0,1,0,0,0,0,N,N,N,6,2026,2,N,None
CUST1013454,0,0,0,1,2,2,0,0,N,N,Y,6,2026,3,Y,SA
CUST1013455,0,2,0,1,2,0,0,0,Y,N,N,6,2026,3,N,None
CUST1013456,0,0,0,1,3,1,0,0,N,N,N,6,2026,3,Y,PL
CUST1013457,0,1,0,1,0,0,0,0,N,N,Y,6,2026,2,N,None
CUST1013458,0,2,0,1,0,0,0,0,N,N,Y,6,2026,2,N,None
CUST1013459,1,0,0,1,0,0,0,0,N,N,Y,6,2026,2,N,None
CUST1013460,0,0,0,1,0,0,1,1,N,N,N,6,2026,3,Y,HF
CUST1013461,0,2,0,1,0,0,0,0,Y,N,N,6,2026,2,Y,SA
CUST1013462,0,2,0,1,2,0,0,0,N,N,Y,6,2026,3,N,None
CUST1013463,0,0,0,1,2,0,0,0,N,N,N,6,2026,2,N,None
CUST1013464,0,0,0,1,0,0,0,0,N,N,N,6,2026,1,N,None
CUST1013465,2,2,0,1,0,2,0,0,N,N,N,6,2026,4,N,None
CUST1013466,0,1,0,1,0,1,0,0,N,N,N,6,2026,3,N,None
CUST1013467,0,0,0,1,0,0,0,0,N,N,Y,6,2026,1,Y,SA
CUST1013468,0,0,0,0,0,0,0,0,N,N,Y,6,2026,0,Y,CC
CUST1013469,0,0,0,1,3,0,0,0,N,N,N,6,2026,2,Y,MF
CUST1013470,0,0,0,1,0,2,0,0,Y,N,N,6,2026,2,N,None
CUST1013471,0,1,0,1,0,0,0,1,N,N,N,6,2026,3,N,None
CUST1013472,0,0,0,1,2,0,0,0,N,N,Y,6,2026,2,Y,MF
CUST1013473,0,0,0,1,3,0,0,0,N,N,N,6,2026,2,N,None
CUST1013474,2,0,0,1,0,0,0,0,Y,N,N,6,2026,2,N,None
CUST1013475,0,1,0,1,0,0,0,1,N,N,Y,6,2026,3,Y,PL
CUST1013476,0,2,0,1,0,0,0,0,N,N,Y,6,2026,2,Y,CC
CUST1013477,0,0,0,1,0,0,0,0,Y,N,Y,6,2026,1,N,None
CUST1013478,0,0,0,1,0,0,0,0,Y,N,Y,6,2026,1,Y,PL
CUST1013479,0,0,0,0,0,0,0,0,N,N,Y,6,2026,0,Y,HF
CUST1013480,0,0,0,1,0,0,0,0,N,N,Y,6,2026,1,Y,AL
CUST1013481,0,2,0,1,0,1,0,0,N,N,N,6,2026,3,N,RD
CUST1013482,0,0,0,1,0,0,0,0,Y,N,Y,6,2026,1,Y,SA
CUST1013483,0,2,0,1,0,0,1,0,Y,N,Y,6,2026,3,Y,AL
CUST1013484,2,1,0,1,0,0,0,1,Y,N,Y,6,2026,4,N,None
CUST1013485,0,0,0,1,0,0,0,0,N,N,N,6,2026,1,N,HL
CUST1013486,2,1,0,1,0,0,0,1,N,N,N,6,2026,4,N,None
CUST1013487,0,0,0,1,1,1,1,0,N,N,Y,6,2026,4,N,None
CUST1013488,0,0,0,1,0,2,0,0,Y,N,N,6,2026,2,N,None
CUST1013489,0,0,0,1,0,0,0,0,N,N,Y,6,2026,1,Y,AL
CUST1013490,0,0,0,1,0,0,0,0,N,N,Y,6,2026,1,N,None
CUST1013491,0,0,0,1,0,1,1,0,Y,N,Y,6,2026,3,N,AL
CUST1013492,0,1,0,1,3,0,0,0,N,N,Y,6,2026,3,N,None
CUST1013493,0,0,0,1,0,2,0,0,N,N,N,6,2026,2,Y,HL
CUST1013494,0,0,1,1,2,0,0,1,N,N,N,6,2026,4,Y,CC
CUST1013495,0,0,0,1,0,0,0,0,N,N,Y,6,2026,1,Y,MF
CUST1013496,0,0,0,1,0,0,0,1,N,N,Y,6,2026,2,N,None
CUST1013497,1,0,0,1,2,0,0,0,N,N,N,6,2026,3,Y,HF
CUST1013498,0,2,0,1,0,0,0,0,N,N,Y,6,2026,2,Y,HL
CUST1013499,2,0,0,1,0,2,0,0,Y,N,Y,6,2026,3,Y,RD
CUST1013500,0,0,0,1,0,2,1,0,Y,N,Y,6,2026,3,N,None
CUST1013501,0,1,0,1,0,0,0,0,Y,N,Y,6,2026,2,Y,SA
CUST1013502,0,0,0,1,0,1,0,0,Y,N,N,6,2026,2,N,None
CUST1013503,0,0,0,1,0,1,0,0,N,N,Y,6,2026,2,Y,AL
CUST1013504,0,2,0,1,0,1,0,0,N,N,Y,6,2026,3,N,None
CUST1013505,0,0,0,1,0,0,0,0,N,N,Y,6,2026,1,N,RD
CUST1013506,0,2,0,1,0,0,0,0,N,Y,N,6,2026,2,N,None
CUST1013507,1,0,0,1,0,0,0,1,N,N,Y,6,2026,3,N,None
CUST1013508,0,0,0,1,0,0,0,0,N,N,Y,6,2026,1,N,None
CUST1013509,0,0,0,1,0,2,0,0,Y,N,N,6,2026,2,N,None
CUST1013510,2,2,0,1,0,2,0,0,Y,N,N,6,2026,4,Y,PL
CUST1013511,0,2,0,1,0,0,0,1,N,N,N,6,2026,3,Y,SA
CUST1013512,0,0,0,1,0,0,0,1,N,N,N,6,2026,2,Y,HL
CUST1013513,1,0,0,1,0,0,0,0,N,N,Y,6,2026,2,N,None
CUST1013514,2,0,1,1,3,2,0,0,N,N,N,6,2026,5,Y,RD
CUST1013515,0,0,0,1,2,0,0,0,Y,N,Y,6,2026,2,Y,SA
CUST1013516,0,0,0,1,0,2,0,0,N,N,Y,6,2026,2,Y,SA
CUST1013517,2,0,0,1,0,2,0,0,N,N,N,6,2026,3,Y,PL
CUST1013518,0,2,0,1,0,1,0,0,N,N,Y,6,2026,3,Y,HF
CUST1013519,0,0,0,1,0,0,1,1,N,N,N,6,2026,3,N,None
CUST1013520,1,0,1,1,0,0,0,0,N,Y,Y,6,2026,3,Y,AL
CUST1013521,0,1,0,1,0,0,0,0,N,N,Y,6,2026,2,Y,RD
CUST1013522,0,0,0,1,0,0,0,0,Y,N,Y,6,2026,1,N,None
CUST1013523,0,0,0,1,0,0,0,0,N,N,N,6,2026,1,N,None
CUST1013524,0,0,0,1,0,0,0,1,N,N,N,6,2026,2,Y,CC
CUST1013525,0,0,0,1,0,0,0,1,Y,N,N,6,2026,2,Y,RD
CUST1013526,2,0,0,1,2,0,0,0,N,N,Y,6,2026,3,Y,AL
CUST1013527,0,2,0,1,0,2,0,0,N,N,Y,6,2026,3,Y,RD
CUST1013528,0,0,0,1,0,0,0,0,N,N,Y,6,2026,1,N,None
CUST1013529,0,0,0,1,1,0,0,0,N,N,N,6,2026,2,Y,SA
CUST1013530,0,2,0,1,0,1,0,0,N,N,N,6,2026,3,N,None
CUST1013531,0,0,0,1,0,0,0,0,N,N,N,6,2026,1,N,None
CUST1013532,0,0,1,1,0,0,0,0,N,N,Y,6,2026,2,N,CC
CUST1013533,0,0,0,1,0,0,0,0,N,N,Y,6,2026,1,Y,SA
CUST1013534,0,0,0,1,0,0,0,0,Y,N,N,6,2026,1,N,None
CUST1013535,0,0,0,1,0,0,0,0,N,N,Y,6,2026,1,Y,RD
CUST1013536,1,0,0,1,0,0,0,0,N,N,Y,6,2026,2,Y,AL
CUST1013537,1,1,0,1,0,0,0,0,N,N,Y,6,2026,3,Y,MF
CUST1013538,0,2,0,1,1,0,0,0,N,N,N,6,2026,3,N,None
CUST1013539,0,2,0,1,0,0,0,0,Y,N,Y,6,2026,2,N,None
CUST1013540,0,0,0,1,0,0,0,0,Y,N,Y,6,2026,1,Y,RD
CUST1013541,0,0,0,1,0,2,1,0,N,N,Y,6,2026,3,N,None
CUST1013542,0,1,1,1,0,0,0,0,Y,N,Y,6,2026,3,N,None
CUST1013543,0,0,0,1,0,0,0,0,Y,N,N,6,2026,1,N,None
CUST1013544,0,0,0,1,2,0,0,0,N,N,N,6,2026,2,Y,AL
CUST1013545,0,0,0,1,0,0,0,0,N,N,Y,6,2026,1,Y,CC
CUST1013546,0,2,0,1,0,0,0,0,N,N,Y,6,2026,2,N,PL
CUST1013547,2,2,0,1,0,0,0,0,N,N,Y,6,2026,3,N,None
CUST1013548,0,0,0,1,0,2,0,1,N,N,N,6,2026,3,N,None
CUST1013549,0,0,0,1,2,0,0,0,N,N,Y,6,2026,2,N,None
CUST1013550,0,0,0,1,0,0,0,0,N,N,Y,6,2026,1,Y,SA
CUST1013551,0,0,0,1,1,0,0,0,N,N,N,6,2026,2,N,None
CUST1013552,0,0,0,1,0,0,0,0,N,N,N,6,2026,1,N,None
CUST1013553,0,0,0,1,0,1,0,0,N,N,Y,6,2026,2,Y,MF
CUST1013554,0,0,0,1,3,0,0,0,N,N,Y,6,2026,2,Y,HF
CUST1013555,0,1,0,1,3,0,0,1,N,N,Y,6,2026,4,N,None
CUST1013556,0,1,0,1,0,1,0,0,N,N,Y,6,2026,3,N,None
CUST1013557,0,2,0,1,0,0,0,0,N,N,N,6,2026,2,N,None
CUST1013558,0,0,0,1,0,0,0,0,N,N,N,6,2026,1,Y,PL
CUST1013559,0,1,0,1,0,0,0,1,N,N,N,6,2026,3,Y,PL
CUST1013560,1,0,0,1,0,0,0,0,Y,N,N,6,2026,2,Y,PL
CUST1013561,0,1,1,1,2,0,0,0,N,N,Y,6,2026,4,N,None
CUST1013562,0,2,0,1,0,2,0,0,N,N,N,6,2026,3,Y,RD
CUST1013563,0,2,0,1,0,0,0,0,N,N,N,6,2026,2,Y,RD
CUST1013564,0,0,0,1,0,0,0,0,N,N,Y,6,2026,1,N,CC
CUST1013565,0,0,0,1,0,0,0,0,N,N,Y,6,2026,1,Y,AL
CUST1013566,0,0,0,1,0,0,0,0,N,N,N,6,2026,1,N,None
CUST1013567,0,1,0,1,0,0,0,0,N,N,Y,6,2026,2,N,None
CUST1013568,0,0,0,1,0,0,0,0,N,N,Y,6,2026,1,N,CC
CUST1013569,0,0,0,1,0,2,0,0,N,N,N,6,2026,2,Y,MF
CUST1013570,0,0,0,1,0,0,0,0,N,N,N,6,2026,1,N,None
CUST1013571,0,0,0,1,0,0,0,1,N,N,N,6,2026,2,N,RD
CUST1013572,0,1,0,1,0,0,1,0,N,N,N,6,2026,3,N,None
CUST1013573,0,1,0,1,0,0,0,0,N,Y,N,6,2026,2,N,None
CUST1013574,0,2,0,1,0,1,1,0,N,N,N,6,2026,4,N,None
CUST1013575,0,0,0,1,0,0,0,0,N,Y,Y,6,2026,1,N,None
CUST1013576,1,0,0,1,0,0,0,0,N,N,N,6,2026,2,N,None
CUST1013577,0,1,0,1,3,0,0,0,N,N,N,6,2026,3,N,CC
CUST1013578,0,1,0,1,0,0,0,0,N,N,Y,6,2026,2,Y,SA
CUST1013579,0,0,0,1,0,0,1,0,N,N,N,6,2026,2,Y,PL
CUST1013580,0,0,0,1,3,0,0,0,N,N,Y,6,2026,2,N,None
CUST1013581,0,0,0,1,3,0,0,0,N,N,Y,6,2026,2,N,None
CUST1013582,2,1,0,1,0,0,0,0,N,N,Y,6,2026,3,N,None
CUST1013583,1,2,0,1,0,1,0,0,N,N,Y,6,2026,4,Y,CC
CUST1013584,0,0,0,1,1,0,0,0,N,N,N,6,2026,2,N,None
CUST1013585,0,0,0,0,3,0,0,0,Y,N,N,6,2026,1,N,None
CUST1013586,0,2,0,1,1,0,0,0,N,N,N,6,2026,3,Y,SA
CUST1013587,0,2,0,1,0,0,0,0,N,N,N,6,2026,2,Y,RD
CUST1013588,0,1,0,1,0,0,0,0,N,N,N,6,2026,2,N,None
CUST1013589,0,1,0,1,0,1,0,0,N,N,Y,6,2026,3,Y,HF
CUST1013590,1,2,0,1,0,0,0,0,N,N,N,6,2026,3,Y,HL
CUST1013591,0,0,0,1,0,0,0,1,N,N,N,6,2026,2,N,None
CUST1013592,0,0,0,1,1,0,0,0,N,N,N,6,2026,2,N,None
CUST1013593,0,1,0,1,0,2,1,0,N,N,N,6,2026,4,N,None
CUST1013594,1,2,0,1,0,0,0,0,N,N,N,6,2026,3,N,None
CUST1013595,0,0,0,1,0,1,1,0,N,N,Y,6,2026,3,Y,RD
CUST1013596,0,0,0,1,0,0,0,0,N,N,N,6,2026,1,N,None
CUST1013597,1,1,0,1,3,0,0,0,Y,N,Y,6,2026,4,Y,AL
CUST1013598,0,0,0,1,0,2,0,0,N,N,N,6,2026,2,Y,SA
CUST1013599,0,0,0,1,0,0,0,0,N,N,Y,6,2026,1,Y,CC
CUST1013600,0,2,0,1,0,2,1,0,N,N,Y,6,2026,4,Y,RD
CUST1013601,0,0,0,1,0,0,0,0,N,N,Y,6,2026,1,N,None
CUST1013602,0,0,0,1,0,0,0,0,N,N,Y,6,2026,1,N,None
CUST1013603,0,0,0,1,0,2,0,1,N,N,Y,6,2026,3,Y,SA
CUST1013604,0,0,0,1,0,0,1,0,Y,N,Y,6,2026,2,N,None
CUST1013605,0,0,0,1,1,0,0,0,N,N,N,6,2026,2,Y,AL
CUST1013606,0,0,0,1,2,0,0,0,Y,N,N,6,2026,2,N,None
CUST1013607,1,2,0,1,0,2,0,0,N,N,N,6,2026,4,N,None
CUST1013608,0,0,0,1,0,2,0,0,N,N,Y,6,2026,2,N,None
CUST1013609,0,0,0,1,0,0,0,0,Y,Y,N,6,2026,1,N,CC
CUST1013610,0,2,0,1,0,0,0,0,N,N,Y,6,2026,2,N,None
CUST1013611,0,0,0,1,0,0,0,1,N,N,N,6,2026,2,N,None
CUST1013612,0,0,0,1,2,0,0,0,N,N,N,6,2026,2,Y,MF
CUST1013613,2,0,0,1,0,0,0,0,N,N,Y,6,2026,2,N,None
CUST1013614,0,0,0,1,0,0,0,1,N,N,Y,6,2026,2,Y,HL
CUST1013615,2,1,0,1,2,0,0,0,N,N,Y,6,2026,4,N,None
CUST1013616,0,1,0,1,0,0,0,0,N,N,N,6,2026,2,N,None
CUST1013617,0,1,0,1,0,0,0,0,N,N,N,6,2026,2,N,None
CUST1013618,0,0,0,1,0,0,0,0,N,N,Y,6,2026,1,N,None
CUST1013619,1,2,1,1,0,0,0,0,N,N,Y,6,2026,4,N,None
CUST1013620,0,1,0,1,0,0,0,0,N,N,N,6,2026,2,Y,CC
CUST1013621,0,0,0,1,2,0,0,0,N,N,Y,6,2026,2,N,AL
CUST1013622,0,0,0,1,0,1,0,1,N,N,N,6,2026,3,Y,AL
CUST1013623,2,0,0,1,0,0,1,0,Y,N,N,6,2026,3,N,None
CUST1013624,0,0,1,1,0,0,0,0,N,N,Y,6,2026,2,N,None
CUST1013625,0,0,1,1,0,0,0,0,N,N,N,6,2026,2,N,CC
CUST1013626,0,2,0,1,0,0,0,0,N,N,N,6,2026,2,Y,HL
CUST1013627,0,0,0,0,0,0,0,0,N,Y,N,6,2026,0,Y,CC
CUST1013628,0,0,0,1,1,0,0,0,N,N,Y,6,2026,2,N,None
CUST1013629,0,1,0,1,0,0,0,0,N,N,N,6,2026,2,Y,AL
CUST1013630,0,0,0,1,0,0,0,0,N,N,N,6,2026,1,N,HL
CUST1013631,0,0,0,1,0,0,0,0,N,N,Y,6,2026,1,N,None
CUST1013632,0,0,0,1,0,2,0,0,N,N,Y,6,2026,2,N,PL
CUST1013633,0,2,0,1,0,0,0,0,N,N,Y,6,2026,2,Y,CC
CUST1013634,1,0,0,1,0,0,0,0,N,N,Y,6,2026,2,N,None
CUST1013635,0,2,0,1,3,0,0,0,N,N,N,6,2026,3,N,MF
CUST1013636,0,2,0,1,3,0,0,0,N,Y,N,6,2026,3,N,SA
CUST1013637,0,0,0,1,3,0,0,0,Y,Y,N,6,2026,2,N,None
CUST1013638,1,0,0,1,1,2,0,0,N,N,Y,6,2026,4,N,None
CUST1013639,0,0,0,1,0,0,0,1,N,N,N,6,2026,2,N,None
CUST1013640,0,0,0,1,0,0,0,0,N,N,N,6,2026,1,Y,HL
CUST1013641,0,1,0,1,0,2,0,0,N,N,N,6,2026,3,N,None
CUST1013642,0,0,0,1,0,0,0,0,N,N,Y,6,2026,1,N,None
CUST1013643,0,0,0,1,0,0,0,0,N,N,Y,6,2026,1,Y,AL
CUST1013644,0,2,0,1,0,0,0,0,N,N,Y,6,2026,2,N,None
CUST1013645,0,2,0,1,2,0,0,0,N,N,N,6,2026,3,Y,MF
CUST1013646,0,2,0,1,0,0,0,0,Y,N,N,6,2026,2,N,None
CUST1013647,0,0,0,1,0,0,0,1,N,N,N,6,2026,2,Y,SA
CUST1013648,2,1,0,1,0,0,0,0,Y,N,N,6,2026,3,Y,AL
CUST1013649,0,2,0,1,0,0,0,0,N,N,N,6,2026,2,N,None
CUST1013650,0,0,0,1,0,0,0,0,N,N,N,6,2026,1,Y,CC
CUST1013651,0,0,0,1,0,0,0,0,N,N,Y,6,2026,1,N,None
CUST1013652,0,1,1,1,0,0,0,0,N,N,Y,6,2026,3,Y,AL
CUST1013653,0,0,0,1,0,2,0,0,N,N,Y,6,2026,2,Y,RD
CUST1013654,1,0,0,1,0,0,0,0,N,Y,N,6,2026,2,Y,MF
CUST1013655,0,2,0,1,0,0,0,0,N,N,Y,6,2026,2,N,None
CUST1013656,0,0,0,1,2,0,0,0,N,Y,Y,6,2026,2,N,None
CUST1013657,0,0,0,1,0,0,0,0,N,N,N,6,2026,1,N,None
CUST1013658,0,0,0,1,0,0,0,0,N,N,N,6,2026,1,Y,CC
CUST1013659,0,0,0,1,0,1,0,0,N,N,Y,6,2026,2,N,HL
CUST1013660,0,0,0,1,0,1,0,0,N,N,Y,6,2026,2,Y,MF
CUST1013661,0,0,0,1,1,0,0,0,N,Y,Y,6,2026,2,N,None
CUST1013662,0,0,0,1,0,0,0,0,N,N,N,6,2026,1,N,None
CUST1013663,0,0,0,1,0,0,0,0,N,N,Y,6,2026,1,N,None
CUST1013664,0,0,0,1,0,0,1,0,Y,N,N,6,2026,2,Y,MF
CUST1013665,0,2,0,1,0,0,0,0,N,N,Y,6,2026,2,N,CC
CUST1013666,0,0,0,1,0,2,0,0,N,N,N,6,2026,2,N,None
CUST1013667,2,0,0,1,0,1,0,0,N,N,N,6,2026,3,N,None
CUST1013668,0,0,0,1,0,0,0,0,N,Y,N,6,2026,1,N,None
CUST1013669,1,1,0,1,0,0,0,0,N,N,Y,6,2026,3,Y,CC
CUST1013670,0,1,0,1,0,0,0,0,N,N,Y,6,2026,2,N,None
CUST1013671,0,2,0,1,2,0,0,0,N,Y,Y,6,2026,3,Y,CC
CUST1013672,0,0,0,1,0,0,1,0,N,N,N,6,2026,2,N,None
CUST1013673,0,2,0,1,0,0,0,0,N,N,Y,6,2026,2,Y,RD
CUST1013674,0,2,0,1,0,0,0,0,N,N,N,6,2026,2,N,None
CUST1013675,0,1,0,0,0,0,0,0,N,N,Y,6,2026,1,Y,CC
CUST1013676,0,0,0,1,0,0,0,0,N,Y,N,6,2026,1,Y,MF
CUST1013677,0,2,0,1,2,0,1,0,Y,N,Y,6,2026,4,N,None
CUST1013678,0,0,0,1,1,0,0,0,N,N,N,6,2026,2,N,None
CUST1013679,0,0,0,1,0,0,0,0,Y,N,Y,6,2026,1,Y,MF
CUST1013680,0,1,0,1,3,0,0,0,N,N,Y,6,2026,3,Y,SA
CUST1013681,0,0,0,1,0,0,0,0,N,N,Y,6,2026,1,Y,RD
CUST1013682,0,1,0,1,0,0,0,0,Y,N,N,6,2026,2,N,None
CUST1013683,0,2,0,1,0,0,0,0,N,N,Y,6,2026,2,N,None
CUST1013684,0,1,0,1,0,0,0,0,N,N,N,6,2026,2,Y,CC
CUST1013685,0,2,0,1,3,0,0,0,N,N,N,6,2026,3,Y,MF
CUST1013686,0,0,0,1,0,0,0,0,Y,N,Y,6,2026,1,N,None
CUST1013687,0,2,0,0,0,2,0,0,N,N,Y,6,2026,2,N,RD
CUST1013688,2,0,0,1,0,0,0,0,Y,N,Y,6,2026,2,N,CC
CUST1013689,0,1,0,1,0,0,0,0,N,N,Y,6,2026,2,N,None
CUST1013690,0,1,0,1,0,0,0,0,Y,N,N,6,2026,2,Y,SA
CUST1013691,0,1,0,1,3,0,0,0,N,N,N,6,2026,3,Y,CC
CUST1013692,0,1,1,1,0,0,0,0,N,N,N,6,2026,3,Y,AL
CUST1013693,0,0,1,1,0,0,0,0,N,N,Y,6,2026,2,Y,CC
CUST1013694,0,0,0,1,0,0,0,0,N,N,Y,6,2026,1,N,None
CUST1013695,0,0,0,1,0,0,0,0,N,N,Y,6,2026,1,Y,MF
CUST1013696,2,0,0,1,0,2,0,0,N,N,Y,6,2026,3,N,None
CUST1013697,0,0,0,1,0,0,0,0,N,N,Y,6,2026,1,N,None
CUST1013698,2,2,0,1,0,2,0,0,N,N,Y,6,2026,4,Y,AL
CUST1013699,0,2,0,1,0,0,0,1,N,N,Y,6,2026,3,N,AL
CUST1013700,0,1,0,1,0,0,0,0,N,N,Y,6,2026,2,Y,MF
CUST1013701,0,0,0,1,0,1,0,0,N,N,Y,6,2026,2,Y,AL
CUST1013702,2,2,0,1,0,0,0,0,N,N,N,6,2026,3,Y,CC
CUST1013703,0,0,0,1,0,0,0,0,N,Y,N,6,2026,1,N,PL
CUST1013704,1,0,0,1,0,0,0,1,N,N,N,6,2026,3,N,None
CUST1013705,0,0,0,1,0,2,0,0,N,N,N,6,2026,2,N,None
CUST1013706,0,2,0,1,0,0,0,0,N,N,Y,6,2026,2,Y,SA
CUST1013707,0,0,0,1,0,0,0,0,N,N,N,6,2026,1,Y,PL
CUST1013708,0,0,0,1,0,0,1,0,N,N,N,6,2026,2,N,None
CUST1013709,0,0,0,1,0,1,0,0,N,N,N,6,2026,2,N,None
CUST1013710,0,2,0,1,1,0,0,0,N,N,N,6,2026,3,N,None
CUST1013711,2,2,0,1,0,0,0,0,N,N,N,6,2026,3,N,None
CUST1013712,0,0,0,1,0,0,0,1,N,N,N,6,2026,2,Y,RD
CUST1013713,0,1,0,1,0,0,0,0,N,N,Y,6,2026,2,N,None
CUST1013714,0,1,0,1,0,2,0,1,N,N,N,6,2026,4,Y,HF
CUST1013715,2,2,0,1,1,0,0,0,N,N,N,6,2026,4,Y,AL
CUST1013716,0,0,0,1,0,2,0,0,N,N,Y,6,2026,2,N,None
CUST1013717,0,0,0,1,0,0,0,0,N,N,Y,6,2026,1,Y,AL
CUST1013718,2,1,0,1,0,0,0,1,N,Y,N,6,2026,4,N,None
CUST1013719,0,0,0,1,0,0,0,0,N,N,Y,6,2026,1,N,None
CUST1013720,0,0,0,1,0,1,0,0,N,N,Y,6,2026,2,N,PL
CUST1013721,0,0,0,1,0,1,0,0,N,N,N,6,2026,2,N,None
CUST1013722,0,0,0,1,0,0,1,0,N,N,Y,6,2026,2,N,None
CUST1013723,0,0,0,1,2,0,0,1,N,N,Y,6,2026,3,N,None
CUST1013724,0,2,0,1,0,2,0,0,N,N,Y,6,2026,3,Y,AL
CUST1013725,0,0,0,1,0,2,0,0,N,N,N,6,2026,2,N,MF
CUST1013726,1,0,0,1,0,2,0,0,N,N,N,6,2026,3,N,None
CUST1013727,0,0,0,0,0,1,0,0,N,N,N,6,2026,1,Y,MF
CUST1013728,1,0,0,1,0,0,0,0,N,N,Y,6,2026,2,Y,HF
CUST1013729,0,0,0,1,0,0,0,0,N,N,Y,6,2026,1,N,None
CUST1013730,0,0,0,1,0,1,0,0,N,N,Y,6,2026,2,N,None
CUST1013731,0,2,0,1,0,0,0,0,N,N,N,6,2026,2,Y,CC
CUST1013732,0,1,0,1,0,0,0,0,N,N,Y,6,2026,2,N,None
CUST1013733,0,0,0,1,1,0,0,0,Y,N,N,6,2026,2,Y,MF
CUST1013734,0,0,0,1,0,0,0,1,N,N,Y,6,2026,2,N,None
CUST1013735,2,0,0,1,0,0,0,0,Y,N,N,6,2026,2,N,None
CUST1013736,0,0,0,1,3,2,0,0,N,N,N,6,2026,3,N,None
CUST1013737,0,1,0,0,3,0,0,0,Y,Y,N,6,2026,2,N,None
CUST1013738,0,0,0,1,0,0,0,0,Y,N,N,6,2026,1,N,AL
CUST1013739,0,0,0,1,2,0,0,0,N,Y,N,6,2026,2,Y,SA
CUST1013740,0,1,0,1,0,0,0,0,N,N,Y,6,2026,2,Y,CC
CUST1013741,1,1,0,1,0,0,0,0,N,N,Y,6,2026,3,N,None
CUST1013742,0,0,0,1,0,0,0,0,N,N,N,6,2026,1,Y,PL
CUST1013743,0,0,0,1,0,0,0,0,N,N,N,6,2026,1,N,None
CUST1013744,0,1,0,1,0,1,0,0,N,N,N,6,2026,3,N,None
CUST1013745,0,1,0,1,2,0,0,0,Y,N,N,6,2026,3,Y,PL
CUST1013746,0,0,0,1,2,2,0,0,N,N,Y,6,2026,3,N,None
CUST1013747,0,0,0,0,2,2,0,0,N,N,Y,6,2026,2,N,None
CUST1013748,0,2,0,1,0,0,0,0,N,N,N,6,2026,2,Y,SA
CUST1013749,0,0,0,1,0,0,0,0,N,N,Y,6,2026,1,Y,AL
CUST1013750,0,1,0,1,0,0,1,0,N,N,N,6,2026,3,Y,RD
CUST1013751,0,2,0,1,1,0,0,0,N,N,Y,6,2026,3,Y,SA
CUST1013752,2,0,0,1,0,2,0,0,N,N,Y,6,2026,3,N,None
CUST1013753,0,0,0,1,1,2,0,0,Y,N,Y,6,2026,3,N,None
CUST1013754,1,0,0,1,0,2,0,0,Y,N,Y,6,2026,3,Y,HF
CUST1013755,1,0,0,1,0,2,0,0,N,N,Y,6,2026,3,Y,SA
CUST1013756,0,0,0,1,1,0,0,0,N,N,Y,6,2026,2,N,None
CUST1013757,1,0,0,1,0,0,0,0,N,N,N,6,2026,2,Y,PL
CUST1013758,0,0,0,1,0,1,1,0,Y,Y,Y,6,2026,3,N,AL
CUST1013759,0,1,0,1,2,0,1,0,N,N,Y,6,2026,4,N,None
CUST1013760,0,1,0,1,0,0,0,0,Y,Y,Y,6,2026,2,Y,MF
CUST1013761,0,0,0,1,1,0,0,0,Y,N,Y,6,2026,2,N,None
CUST1013762,0,0,0,1,0,2,0,0,N,N,N,6,2026,2,N,None
CUST1013763,0,0,0,1,0,1,0,0,N,N,Y,6,2026,2,N,None
CUST1013764,0,0,0,1,0,0,0,0,N,N,N,6,2026,1,Y,CC
CUST1013765,0,0,0,1,0,1,0,0,N,N,Y,6,2026,2,Y,PL
CUST1013766,0,0,0,1,0,0,0,0,Y,N,Y,6,2026,1,N,None
CUST1013767,0,2,0,0,1,0,0,0,N,N,Y,6,2026,2,N,None
CUST1013768,0,0,0,1,0,0,0,0,N,N,Y,6,2026,1,Y,AL
CUST1013769,1,0,0,1,2,1,0,0,N,N,N,6,2026,4,N,None
CUST1013770,0,0,0,1,0,0,0,0,N,N,Y,6,2026,1,N,None
CUST1013771,0,2,0,1,0,0,0,0,N,N,N,6,2026,2,Y,RD
CUST1013772,0,0,0,1,0,2,0,0,N,N,Y,6,2026,2,Y,RD
CUST1013773,0,0,0,1,0,0,0,0,N,N,N,6,2026,1,Y,PL
CUST1013774,0,0,0,1,2,1,0,0,N,N,N,6,2026,3,N,None
CUST1013775,0,2,0,1,1,0,0,0,N,N,Y,6,2026,3,N,CC
CUST1013776,0,1,0,1,0,0,0,0,N,N,Y,6,2026,2,N,CC
CUST1013777,0,2,0,1,2,0,0,0,N,N,N,6,2026,3,N,AL
CUST1013778,0,1,0,1,0,0,0,0,N,N,N,6,2026,2,N,HL
CUST1013779,0,1,0,1,0,2,0,0,N,N,N,6,2026,3,Y,CC
CUST1013780,1,0,0,1,0,1,1,0,N,N,N,6,2026,4,Y,SA
CUST1013781,0,0,0,1,3,0,0,0,N,Y,Y,6,2026,2,N,None
CUST1013782,2,0,0,1,3,2,1,0,Y,N,Y,6,2026,5,N,None
CUST1013783,1,0,0,1,0,0,0,0,N,N,N,6,2026,2,Y,CC
CUST1013784,0,2,0,1,0,0,0,0,N,N,N,6,2026,2,Y,HL
CUST1013785,1,0,0,1,0,0,0,0,N,N,Y,6,2026,2,N,CC
CUST1013786,0,0,0,1,3,2,0,0,N,N,N,6,2026,3,Y,CC
CUST1013787,1,1,0,1,0,0,0,0,N,N,Y,6,2026,3,N,None
CUST1013788,0,2,0,1,0,1,0,0,N,N,N,6,2026,3,Y,CC
CUST1013789,1,1,0,1,0,1,0,0,N,N,Y,6,2026,4,N,None
CUST1013790,0,1,0,0,0,0,0,0,N,N,Y,6,2026,1,N,None
CUST1013791,0,0,1,1,0,0,0,0,N,N,N,6,2026,2,Y,RD
CUST1013792,0,0,0,0,1,0,0,0,N,N,Y,6,2026,1,N,MF
CUST1013793,0,0,0,1,0,0,0,0,N,N,Y,6,2026,1,N,None
CUST1013794,0,0,0,1,0,0,0,0,N,N,Y,6,2026,1,Y,PL
CUST1013795,0,0,0,1,0,0,0,1,N,N,Y,6,2026,2,N,CC
CUST1013796,0,1,0,1,0,0,0,0,N,N,N,6,2026,2,Y,RD
CUST1013797,0,0,0,1,0,2,0,0,N,N,Y,6,2026,2,Y,MF
CUST1013798,1,0,0,1,0,0,0,0,N,N,Y,6,2026,2,N,None
CUST1013799,2,0,0,1,2,0,0,0,N,N,Y,6,2026,3,N,None
CUST1013800,0,0,0,1,0,0,0,0,N,N,Y,6,2026,1,Y,HL
CUST1013801,0,0,0,0,0,1,0,0,N,N,Y,6,2026,1,N,None
CUST1013802,0,1,1,0,0,1,0,0,N,N,Y,6,2026,3,N,None
CUST1013803,0,0,1,1,0,0,0,0,N,N,Y,6,2026,2,Y,CC
CUST1013804,0,0,0,1,0,2,0,1,N,N,N,6,2026,3,Y,CC
CUST1013805,0,1,0,1,2,1,0,0,N,N,N,6,2026,4,Y,CC
CUST1013806,0,0,0,1,0,0,0,0,N,N,Y,6,2026,1,Y,HF
CUST1013807,0,0,0,1,0,1,0,0,N,N,N,6,2026,2,N,None
CUST1013808,0,2,0,1,0,0,0,0,N,N,N,6,2026,2,Y,RD
CUST1013809,0,0,0,1,0,0,0,0,Y,N,Y,6,2026,1,Y,SA
CUST1013810,0,1,0,1,0,0,0,0,Y,N,N,6,2026,2,Y,SA
CUST1013811,0,2,0,0,2,1,0,0,N,N,Y,6,2026,3,N,None
CUST1013812,0,0,0,1,0,0,0,0,Y,N,Y,6,2026,1,Y,HF
CUST1013813,0,0,0,1,3,0,0,0,Y,N,Y,6,2026,2,Y,CC
CUST1013814,2,0,0,1,0,0,0,0,N,N,Y,6,2026,2,N,None
CUST1013815,0,0,0,1,1,0,0,0,Y,N,N,6,2026,2,Y,HF
CUST1013816,0,2,0,1,0,0,0,0,N,N,N,6,2026,2,N,PL
CUST1013817,0,0,0,0,0,2,0,0,N,Y,N,6,2026,1,N,None
CUST1013818,0,2,0,1,0,0,0,0,N,N,N,6,2026,2,N,AL
CUST1013819,0,0,0,1,0,0,0,0,N,N,Y,6,2026,1,N,None
CUST1013820,0,0,0,1,0,0,0,0,N,N,N,6,2026,1,N,HL
CUST1013821,0,1,0,1,0,0,0,0,N,N,Y,6,2026,2,Y,RD
CUST1013822,0,0,0,1,0,2,0,0,N,N,N,6,2026,2,N,None
CUST1013823,0,1,0,1,2,0,0,0,Y,N,Y,6,2026,3,N,AL
CUST1013824,0,0,0,1,3,0,0,0,N,N,N,6,2026,2,Y,PL
CUST1013825,0,0,1,0,0,0,0,0,N,N,Y,6,2026,1,Y,RD
CUST1013826,0,0,0,1,0,0,0,0,N,N,Y,6,2026,1,N,None
CUST1013827,0,0,0,1,3,0,0,0,N,N,Y,6,2026,2,N,None
CUST1013828,0,0,0,1,0,1,0,0,N,N,Y,6,2026,2,N,SA
CUST1013829,0,0,0,1,3,0,0,0,N,N,Y,6,2026,2,Y,SA
CUST1013830,0,1,0,1,0,0,0,0,N,N,Y,6,2026,2,N,None
CUST1013831,0,0,0,1,0,2,0,0,N,N,Y,6,2026,2,N,None
CUST1013832,0,0,0,1,0,0,1,0,N,N,Y,6,2026,2,N,None
CUST1013833,0,0,0,1,0,2,0,0,N,N,Y,6,2026,2,Y,MF
CUST1013834,0,0,0,1,0,0,0,0,N,N,N,6,2026,1,Y,MF
CUST1013835,0,0,0,1,0,1,0,0,N,N,N,6,2026,2,N,RD
CUST1013836,1,0,0,1,0,0,0,0,N,N,Y,6,2026,2,Y,RD
CUST1013837,1,0,0,1,0,0,0,0,N,N,Y,6,2026,2,Y,HL
CUST1013838,0,1,0,1,0,0,0,0,N,Y,Y,6,2026,2,Y,SA
CUST1013839,0,0,0,1,0,0,0,0,N,N,N,6,2026,1,N,None
CUST1013840,0,0,0,1,0,1,0,1,N,N,N,6,2026,3,Y,AL
CUST1013841,0,0,0,1,1,0,0,0,Y,N,N,6,2026,2,Y,SA
CUST1013842,1,0,0,1,0,0,0,0,Y,N,Y,6,2026,2,N,None
CUST1013843,0,1,0,0,0,0,0,0,Y,N,Y,6,2026,1,Y,CC
CUST1013844,0,0,0,1,0,1,0,1,N,N,Y,6,2026,3,N,None
CUST1013845,0,1,0,1,1,0,0,0,Y,N,N,6,2026,3,N,None
CUST1013846,2,0,0,1,0,0,0,0,N,N,N,6,2026,2,Y,RD
CUST1013847,2,0,0,1,0,1,0,0,N,N,Y,6,2026,3,Y,CC
CUST1013848,0,0,0,1,0,0,0,0,N,N,Y,6,2026,1,N,None
CUST1013849,0,0,0,0,0,2,1,0,N,N,Y,6,2026,2,Y,HL
CUST1013850,0,0,1,1,0,0,0,0,N,N,N,6,2026,2,N,None
CUST1013851,0,0,0,1,0,2,0,0,Y,N,Y,6,2026,2,N,None
CUST1013852,0,0,0,1,0,0,1,1,Y,N,N,6,2026,3,N,None
CUST1013853,1,0,0,1,0,0,0,0,Y,N,Y,6,2026,2,Y,RD
CUST1013854,0,2,0,1,0,0,0,0,N,N,N,6,2026,2,N,None
CUST1013855,1,0,0,1,0,0,0,0,N,N,Y,6,2026,2,Y,SA
CUST1013856,0,0,0,1,0,0,0,0,N,N,N,6,2026,1,N,None
CUST1013857,0,0,0,1,0,0,0,0,Y,N,N,6,2026,1,N,None
CUST1013858,0,0,0,1,3,0,0,1,N,N,N,6,2026,3,N,None
CUST1013859,1,1,0,1,2,2,0,0,N,Y,Y,6,2026,5,N,None
CUST1013860,0,1,0,1,0,0,0,0,Y,N,N,6,2026,2,N,None
CUST1013861,0,0,1,1,0,0,0,0,N,N,N,6,2026,2,N,None
CUST1013862,1,1,0,1,1,1,0,1,N,N,N,6,2026,6,N,None
CUST1013863,0,0,0,1,3,2,0,0,Y,N,Y,6,2026,3,N,None
CUST1013864,0,1,0,1,3,0,0,0,N,N,N,6,2026,3,N,None
CUST1013865,0,2,0,1,0,2,0,0,N,N,Y,6,2026,3,N,None
CUST1013866,0,2,0,1,0,0,0,0,N,N,Y,6,2026,2,N,None
CUST1013867,1,0,0,1,0,0,0,0,N,N,N,6,2026,2,Y,PL
CUST1013868,0,2,0,1,0,2,0,0,N,N,N,6,2026,3,N,None
CUST1013869,0,2,0,1,3,2,0,0,N,N,Y,6,2026,4,N,None
CUST1013870,0,0,0,1,1,2,1,0,N,N,Y,6,2026,4,Y,AL
CUST1013871,0,0,0,1,0,0,0,0,N,N,N,6,2026,1,N,None
CUST1013872,0,1,0,1,0,1,0,0,N,N,Y,6,2026,3,N,None
CUST1013873,0,0,0,1,0,0,0,0,N,Y,N,6,2026,1,Y,RD
CUST1013874,0,1,0,1,0,0,0,0,N,N,Y,6,2026,2,N,None
CUST1013875,0,0,0,1,3,0,0,0,Y,Y,N,6,2026,2,Y,SA
CUST1013876,0,1,0,1,0,0,0,0,N,Y,Y,6,2026,2,N,None
CUST1013877,1,0,0,1,0,0,0,0,N,N,N,6,2026,2,N,RD
CUST1013878,0,0,0,1,0,0,0,0,Y,Y,Y,6,2026,1,N,None
CUST1013879,0,2,0,1,0,0,0,0,N,N,Y,6,2026,2,N,None
CUST1013880,0,1,0,0,0,0,0,0,N,N,N,6,2026,1,N,None
CUST1013881,0,0,0,1,3,1,0,0,N,N,N,6,2026,3,Y,SA
CUST1013882,0,0,0,1,0,0,0,0,N,N,Y,6,2026,1,Y,AL
CUST1013883,0,0,0,1,0,0,0,0,N,N,Y,6,2026,1,Y,MF
CUST1013884,0,0,0,1,0,0,0,0,N,N,N,6,2026,1,N,None
CUST1013885,0,0,0,1,0,0,0,0,N,N,N,6,2026,1,N,None
CUST1013886,0,0,0,0,0,0,0,0,N,N,Y,6,2026,0,Y,MF
CUST1013887,0,0,0,1,1,0,0,0,Y,N,Y,6,2026,2,Y,SA
CUST1013888,0,2,0,1,0,2,0,0,N,N,Y,6,2026,3,N,None
CUST1013889,0,2,0,1,1,0,0,0,Y,N,N,6,2026,3,Y,RD
CUST1013890,0,0,1,1,0,0,0,0,N,Y,Y,6,2026,2,N,None
CUST1013891,0,2,0,1,0,0,0,1,Y,N,N,6,2026,3,N,None
CUST1013892,0,2,0,1,0,2,0,0,N,N,Y,6,2026,3,N,None
CUST1013893,0,1,0,0,0,0,0,0,N,N,N,6,2026,1,N,None
CUST1013894,0,1,0,1,0,0,0,0,N,N,N,6,2026,2,N,None
CUST1013895,0,0,0,1,0,1,0,0,N,N,Y,6,2026,2,Y,CC
CUST1013896,1,0,1,1,0,0,0,0,N,N,N,6,2026,3,Y,CC
CUST1013897,0,0,0,1,3,0,0,0,N,N,N,6,2026,2,N,None
CUST1013898,0,0,0,1,0,0,0,0,N,N,Y,6,2026,1,N,None
CUST1013899,0,1,0,0,0,0,0,1,N,N,Y,6,2026,2,Y,AL
CUST1013900,2,0,0,0,0,2,0,1,N,N,N,6,2026,3,Y,AL
CUST1013901,0,0,0,1,0,0,0,0,N,N,N,6,2026,1,Y,MF
CUST1013902,2,2,0,1,0,0,0,0,N,N,N,6,2026,3,N,None
CUST1013903,0,0,0,1,1,0,0,0,N,N,N,6,2026,2,Y,RD
CUST1013904,0,2,0,1,3,0,0,0,N,N,N,6,2026,3,N,None
CUST1013905,0,0,0,1,0,0,0,0,N,Y,Y,6,2026,1,Y,HL
CUST1013906,0,2,0,1,3,1,0,0,N,N,Y,6,2026,4,Y,AL
CUST1013907,0,0,0,1,0,0,0,0,N,N,Y,6,2026,1,N,None
CUST1013908,0,2,0,1,2,0,0,0,N,N,N,6,2026,3,N,None
CUST1013909,0,1,0,1,0,0,0,0,N,N,Y,6,2026,2,N,None
CUST1013910,0,0,0,0,0,0,0,0,Y,N,N,6,2026,0,N,AL
CUST1013911,0,2,0,1,0,0,1,0,N,N,Y,6,2026,3,Y,AL
CUST1013912,1,2,0,1,0,0,0,0,N,N,N,6,2026,3,N,None
CUST1013913,0,2,0,1,0,2,0,0,N,N,N,6,2026,3,N,None
CUST1013914,0,1,0,1,0,0,0,0,N,N,Y,6,2026,2,Y,SA
CUST1013915,0,2,0,1,0,2,0,0,N,N,Y,6,2026,3,Y,RD
CUST1013916,1,1,0,1,0,0,0,0,N,N,N,6,2026,3,N,None
CUST1013917,0,0,0,1,0,0,0,0,N,N,N,6,2026,1,N,None
CUST1013918,0,2,0,1,0,0,0,0,N,N,Y,6,2026,2,Y,CC
CUST1013919,0,0,0,1,0,1,0,0,Y,N,Y,6,2026,2,N,None
CUST1013920,0,2,0,1,0,0,0,0,Y,N,Y,6,2026,2,N,None
CUST1013921,2,0,0,1,0,0,0,0,N,N,N,6,2026,2,N,None
CUST1013922,0,0,0,1,0,0,0,0,N,N,Y,6,2026,1,Y,RD
CUST1013923,2,2,0,1,0,0,0,0,N,N,N,6,2026,3,Y,MF
CUST1013924,0,1,0,0,0,0,0,0,N,N,Y,6,2026,1,N,AL
CUST1013925,0,0,0,0,0,0,0,0,Y,N,N,6,2026,0,Y,CC
CUST1013926,0,2,0,1,1,0,0,0,N,N,Y,6,2026,3,N,None
CUST1013927,0,1,0,1,0,0,0,0,N,N,N,6,2026,2,N,None
CUST1013928,0,0,0,1,0,0,0,0,Y,N,N,6,2026,1,Y,AL
CUST1013929,1,0,0,1,0,0,0,1,N,N,N,6,2026,3,Y,HF
CUST1013930,0,0,0,1,0,0,0,0,N,N,N,6,2026,1,N,None
CUST1013931,0,2,1,1,0,0,0,0,N,N,N,6,2026,3,N,None
CUST1013932,0,0,0,1,0,0,0,0,N,N,N,6,2026,1,Y,MF
CUST1013933,0,0,0,1,0,0,0,0,N,N,Y,6,2026,1,N,None
CUST1013934,0,1,0,1,1,2,0,0,N,N,N,6,2026,4,N,None
CUST1013935,2,1,0,1,0,0,0,0,N,N,Y,6,2026,3,N,None
CUST1013936,0,0,0,1,2,0,0,0,N,N,Y,6,2026,2,Y,SA
CUST1013937,0,1,0,1,0,2,0,0,N,N,N,6,2026,3,N,None
CUST1013938,0,0,0,0,0,0,0,0,N,N,Y,6,2026,0,N,None
CUST1013939,2,1,0,1,0,0,0,0,N,N,N,6,2026,3,N,None
CUST1013940,0,2,0,1,0,0,0,0,N,N,Y,6,2026,2,Y,MF
CUST1013941,0,0,0,0,0,1,0,0,Y,N,Y,6,2026,1,Y,CC
CUST1013942,0,2,0,1,0,0,0,0,N,N,Y,6,2026,2,Y,CC
CUST1013943,0,0,0,1,1,0,0,0,N,N,N,6,2026,2,N,None
CUST1013944,0,0,0,1,0,0,0,0,N,N,N,6,2026,1,N,None
CUST1013945,0,2,0,1,0,1,0,0,N,N,N,6,2026,3,N,MF
CUST1013946,0,0,0,1,0,0,0,0,Y,N,Y,6,2026,1,N,MF
CUST1013947,0,1,0,1,2,0,0,0,N,N,Y,6,2026,3,N,None
CUST1013948,2,2,0,1,0,0,0,0,N,N,Y,6,2026,3,Y,CC
CUST1013949,0,0,0,1,0,0,0,0,N,N,N,6,2026,1,Y,HL
CUST1013950,0,1,0,0,0,0,0,0,N,N,Y,6,2026,1,N,CC
CUST1013951,0,0,0,1,0,0,0,0,N,N,Y,6,2026,1,N,SA
CUST1013952,0,1,0,1,0,0,0,0,N,N,N,6,2026,2,N,None
CUST1013953,0,0,0,1,0,0,0,0,N,N,N,6,2026,1,N,None
CUST1013954,0,0,0,1,0,0,0,0,N,N,N,6,2026,1,N,None
CUST1013955,0,0,0,1,3,0,0,0,Y,Y,Y,6,2026,2,Y,HL
CUST1013956,0,0,0,1,0,0,1,0,N,N,N,6,2026,2,N,None
CUST1013957,0,0,0,1,0,0,0,0,Y,N,N,6,2026,1,N,None
CUST1013958,0,0,0,1,0,0,0,0,N,N,Y,6,2026,1,Y,PL
CUST1013959,2,0,0,1,0,0,0,0,N,N,N,6,2026,2,N,None
CUST1013960,0,1,0,1,0,2,0,0,N,N,Y,6,2026,3,Y,MF
CUST1013961,0,0,0,1,0,2,0,0,Y,N,N,6,2026,2,Y,CC
CUST1013962,2,1,0,1,3,0,0,0,N,N,Y,6,2026,4,N,None
CUST1013963,0,0,0,1,1,1,0,0,N,N,Y,6,2026,3,N,None
CUST1013964,1,1,0,1,0,0,0,0,N,N,Y,6,2026,3,N,None
CUST1013965,0,2,0,1,1,0,0,0,Y,N,N,6,2026,3,N,None
CUST1013966,1,1,0,1,0,0,0,0,N,N,Y,6,2026,3,N,None
CUST1013967,0,0,0,1,0,0,0,0,N,N,N,6,2026,1,Y,SA
CUST1013968,0,2,0,1,0,0,0,0,N,N,Y,6,2026,2,N,None
CUST1013969,0,2,0,1,0,2,0,0,Y,N,Y,6,2026,3,N,None
CUST1013970,0,0,0,1,0,0,0,0,Y,N,Y,6,2026,1,Y,RD
CUST1013971,1,0,0,1,0,0,0,0,N,N,N,6,2026,2,N,None
CUST1013972,0,1,0,1,0,0,0,0,N,N,Y,6,2026,2,N,None
CUST1013973,0,1,0,1,0,0,0,0,N,Y,N,6,2026,2,Y,RD
CUST1013974,0,0,0,1,0,0,0,0,Y,N,N,6,2026,1,N,None
CUST1013975,0,0,0,1,0,0,0,0,Y,N,Y,6,2026,1,N,None
CUST1013976,0,1,0,1,0,0,0,0,N,N,Y,6,2026,2,N,None
CUST1013977,0,0,0,1,0,2,0,0,Y,N,N,6,2026,2,Y,SA
CUST1013978,0,0,0,1,0,0,0,0,N,N,Y,6,2026,1,Y,PL
CUST1013979,0,1,0,1,0,0,1,0,Y,N,Y,6,2026,3,N,None
CUST1013980,0,1,0,0,0,0,0,0,N,N,Y,6,2026,1,Y,RD
CUST1013981,2,0,0,1,0,1,0,1,N,N,Y,6,2026,4,Y,CC
CUST1013982,0,1,0,1,0,0,1,0,Y,N,Y,6,2026,3,Y,RD
CUST1013983,0,2,0,1,3,2,0,0,N,N,Y,6,2026,4,N,None
CUST1013984,0,2,0,1,0,0,0,0,N,N,Y,6,2026,2,N,None
CUST1013985,0,0,0,1,1,0,0,0,N,N,Y,6,2026,2,N,None
CUST1013986,0,0,0,1,0,0,1,0,Y,N,N,6,2026,2,Y,PL
CUST1013987,1,1,0,1,1,0,0,1,N,N,Y,6,2026,5,N,None
CUST1013988,0,0,0,1,0,0,0,1,N,N,N,6,2026,2,Y,SA
CUST1013989,0,0,0,1,0,2,0,0,N,N,Y,6,2026,2,Y,SA
CUST1013990,2,0,0,1,3,0,0,0,N,N,Y,6,2026,3,Y,CC
CUST1013991,0,1,0,1,0,1,0,1,N,N,Y,6,2026,4,N,None
CUST1013992,0,2,0,1,1,0,0,0,N,N,Y,6,2026,3,Y,RD
CUST1013993,0,2,0,1,3,1,0,0,N,N,N,6,2026,4,Y,PL
CUST1013994,0,0,0,1,0,0,0,0,Y,N,Y,6,2026,1,Y,CC
CUST1013995,0,0,0,1,0,0,0,0,N,N,N,6,2026,1,Y,HF
CUST1013996,0,2,0,1,0,1,1,0,N,N,N,6,2026,4,N,None
CUST1013997,0,1,0,1,0,1,0,0,N,N,N,6,2026,3,Y,CC
CUST1013998,0,0,0,1,0,0,0,0,N,N,N,6,2026,1,Y,RD
CUST1013999,0,1,0,1,0,0,0,0,N,N,N,6,2026,2,N,None
CUST1014000,0,0,0,1,0,0,0,0,N,N,N,6,2026,1,N,None
CUST1014001,0,0,0,1,2,0,0,0,Y,N,N,6,2026,2,Y,AL
CUST1014002,0,2,0,1,3,1,0,1,N,N,Y,6,2026,5,N,None
CUST1014003,0,0,0,1,0,2,0,0,N,N,N,6,2026,2,N,None
CUST1014004,0,1,0,1,1,0,1,0,N,Y,Y,6,2026,4,N,None
CUST1014005,0,2,0,1,0,1,0,0,N,N,Y,6,2026,3,N,None
CUST1014006,0,0,0,1,1,2,0,0,N,N,N,6,2026,3,Y,SA
CUST1014007,0,0,0,1,1,0,0,0,N,N,Y,6,2026,2,Y,PL
CUST1014008,0,0,0,1,0,1,0,0,N,N,Y,6,2026,2,Y,SA
CUST1014009,1,0,0,1,3,1,0,0,N,N,Y,6,2026,4,Y,CC
CUST1014010,0,0,0,1,0,0,1,0,N,N,Y,6,2026,2,Y,RD
CUST1014011,1,0,0,1,0,2,1,0,N,N,Y,6,2026,4,N,None
CUST1014012,0,0,0,1,0,0,0,0,N,N,N,6,2026,1,Y,RD
CUST1014013,0,0,0,1,0,0,0,0,N,N,Y,6,2026,1,Y,RD
CUST1014014,0,2,0,1,1,0,0,0,N,N,N,6,2026,3,N,None
CUST1014015,0,0,0,1,0,0,0,1,N,N,Y,6,2026,2,N,None
CUST1014016,0,0,0,1,0,0,0,0,N,N,Y,6,2026,1,Y,CC
CUST1014017,0,1,0,1,0,0,0,0,Y,N,N,6,2026,2,Y,MF
CUST1014018,0,0,0,1,3,0,0,0,N,N,Y,6,2026,2,Y,CC
CUST1014019,0,2,0,0,0,2,1,0,N,N,N,6,2026,3,Y,RD
CUST1014020,0,2,0,1,2,0,0,0,Y,N,Y,6,2026,3,Y,HF
CUST1014021,0,0,0,1,0,0,0,0,N,N,Y,6,2026,1,N,RD
CUST1014022,0,0,0,1,0,0,0,0,N,N,Y,6,2026,1,N,None
CUST1014023,0,2,0,1,0,0,0,1,N,N,Y,6,2026,3,N,None
CUST1014024,0,2,0,1,0,0,0,1,N,N,N,6,2026,3,N,None
CUST1014025,0,1,0,1,0,2,0,0,N,N,N,6,2026,3,N,None
CUST1014026,0,0,0,1,0,0,0,0,N,Y,N,6,2026,1,Y,HL
CUST1014027,0,2,0,1,0,0,0,0,N,N,Y,6,2026,2,N,None
CUST1014028,0,0,0,1,1,0,0,1,N,N,N,6,2026,3,N,None
CUST1014029,0,2,0,1,0,1,0,0,N,N,N,6,2026,3,N,None
CUST1014030,0,2,0,1,0,0,0,0,Y,N,Y,6,2026,2,N,None
CUST1014031,0,0,0,1,0,0,0,0,N,N,Y,6,2026,1,N,None
CUST1014032,0,0,0,1,0,0,0,1,N,N,N,6,2026,2,Y,HL
CUST1014033,0,0,0,1,0,2,0,0,N,Y,N,6,2026,2,N,None
CUST1014034,0,0,0,1,0,2,0,1,N,N,Y,6,2026,3,N,None
CUST1014035,0,0,0,0,0,1,0,0,N,N,Y,6,2026,1,N,AL
CUST1014036,0,1,0,1,0,0,0,0,N,N,Y,6,2026,2,N,None
CUST1014037,0,2,0,1,1,2,0,0,N,N,Y,6,2026,4,N,None
CUST1014038,0,1,0,1,0,2,0,0,N,Y,N,6,2026,3,Y,PL
CUST1014039,0,0,0,1,0,2,0,1,N,N,N,6,2026,3,Y,PL
CUST1014040,0,2,0,1,0,0,0,0,N,N,Y,6,2026,2,N,None
CUST1014041,0,2,0,1,0,0,0,0,N,N,Y,6,2026,2,Y,PL
CUST1014042,0,0,0,1,0,0,0,1,N,N,Y,6,2026,2,Y,HF
CUST1014043,0,0,0,1,0,0,0,0,N,N,Y,6,2026,1,N,None
CUST1014044,0,0,0,1,0,1,0,0,N,N,Y,6,2026,2,Y,PL
CUST1014045,0,1,0,1,0,0,0,0,N,N,N,6,2026,2,N,None
CUST1014046,0,0,0,1,0,0,0,1,N,N,Y,6,2026,2,N,None
CUST1014047,0,0,0,1,2,0,0,0,N,N,Y,6,2026,2,Y,HF
CUST1014048,1,0,1,1,0,0,0,0,N,N,N,6,2026,3,Y,AL
CUST1014049,0,0,0,1,0,0,0,1,N,N,Y,6,2026,2,N,None
CUST1014050,2,1,0,1,0,0,0,0,N,N,N,6,2026,3,N,None
CUST1014051,0,0,1,1,0,0,0,1,N,N,Y,6,2026,3,N,None
CUST1014052,0,2,0,1,0,0,0,0,N,N,Y,6,2026,2,N,None
CUST1014053,0,0,0,1,0,0,0,0,N,N,N,6,2026,1,Y,HF
CUST1014054,0,1,0,1,0,0,0,0,N,N,Y,6,2026,2,Y,CC
CUST1014055,2,0,0,1,0,1,0,0,N,N,N,6,2026,3,Y,PL
CUST1014056,0,0,0,1,0,0,0,0,N,N,N,6,2026,1,Y,PL
CUST1014057,0,0,0,1,0,1,0,0,N,Y,N,6,2026,2,Y,MF
CUST1014058,0,0,0,1,0,0,0,0,N,N,N,6,2026,1,N,None
CUST1014059,0,0,0,1,2,1,0,0,N,N,N,6,2026,3,Y,CC
CUST1014060,0,1,0,1,0,0,0,0,N,N,N,6,2026,2,Y,HL
CUST1014061,0,0,0,1,0,1,1,0,N,N,N,6,2026,3,N,None
CUST1014062,0,0,0,1,0,0,1,0,Y,N,Y,6,2026,2,Y,PL
CUST1014063,2,1,0,1,0,0,0,0,N,N,Y,6,2026,3,N,None
CUST1014064,0,2,0,1,0,0,0,0,N,N,Y,6,2026,2,Y,HF
CUST1014065,0,0,0,1,0,1,0,1,N,N,Y,6,2026,3,N,None
CUST1014066,0,0,0,1,0,0,0,0,N,N,Y,6,2026,1,N,None
CUST1014067,0,0,1,1,2,0,0,0,N,N,N,6,2026,3,Y,CC
CUST1014068,0,0,0,1,1,0,0,0,N,N,N,6,2026,2,N,None
CUST1014069,0,0,0,1,1,0,0,0,N,N,Y,6,2026,2,Y,RD
CUST1014070,0,0,0,1,0,0,0,0,N,N,N,6,2026,1,N,None
CUST1014071,0,0,0,1,1,0,1,0,Y,N,N,6,2026,3,N,None
CUST1014072,0,2,0,1,0,0,0,0,Y,Y,Y,6,2026,2,Y,SA
CUST1014073,0,2,0,1,0,0,0,0,N,N,N,6,2026,2,Y,AL
CUST1014074,2,0,0,1,0,0,0,0,N,Y,N,6,2026,2,N,HF
CUST1014075,0,2,0,1,0,0,0,0,N,N,Y,6,2026,2,N,None
CUST1014076,0,0,0,1,1,0,0,0,N,N,Y,6,2026,2,Y,PL
CUST1014077,0,1,0,1,0,0,0,0,Y,N,N,6,2026,2,N,None
CUST1014078,0,0,0,1,3,0,1,0,N,N,Y,6,2026,3,Y,RD
CUST1014079,0,0,0,1,0,1,1,0,N,N,Y,6,2026,3,N,None
CUST1014080,0,1,0,1,0,2,0,1,N,Y,Y,6,2026,4,N,None
CUST1014081,0,0,0,1,2,0,0,0,N,N,N,6,2026,2,Y,MF
CUST1014082,0,0,0,1,0,0,0,0,N,N,N,6,2026,1,N,SA
CUST1014083,0,1,0,1,0,0,0,0,N,N,Y,6,2026,2,N,RD
CUST1014084,0,1,0,1,0,0,0,0,N,N,Y,6,2026,2,N,None
CUST1014085,2,0,0,0,0,0,0,0,Y,N,N,6,2026,1,Y,CC
CUST1014086,0,0,0,1,3,0,0,0,Y,Y,N,6,2026,2,Y,SA
CUST1014087,0,0,0,0,0,0,1,1,Y,N,N,6,2026,2,N,None
CUST1014088,0,0,0,1,0,0,0,0,N,N,N,6,2026,1,N,None
CUST1014089,0,0,0,1,0,0,0,0,N,N,N,6,2026,1,Y,CC
CUST1014090,0,0,0,1,0,0,0,0,N,N,Y,6,2026,1,Y,PL
CUST1014091,0,0,0,1,0,0,0,0,N,Y,Y,6,2026,1,Y,HF
CUST1014092,0,1,0,1,0,0,0,0,N,Y,Y,6,2026,2,N,None
CUST1014093,0,2,0,1,0,0,0,0,N,N,Y,6,2026,2,Y,PL
CUST1014094,0,0,0,1,0,2,0,0,N,N,N,6,2026,2,N,None
CUST1014095,0,0,1,1,0,0,0,0,N,N,Y,6,2026,2,N,None
CUST1014096,1,2,0,1,0,0,0,0,N,N,Y,6,2026,3,Y,RD
CUST1014097,0,0,0,1,1,0,0,0,N,N,Y,6,2026,2,N,None
CUST1014098,0,0,0,1,2,0,1,0,N,N,Y,6,2026,3,N,None
CUST1014099,0,0,0,1,0,0,0,0,N,N,N,6,2026,1,N,None
CUST1014100,0,1,0,0,0,0,0,0,N,N,Y,6,2026,1,Y,HL
CUST1014101,0,0,0,1,2,0,1,0,N,N,N,6,2026,3,N,None
CUST1014102,0,0,0,1,1,0,0,0,Y,N,N,6,2026,2,Y,MF
CUST1014103,0,1,0,1,0,1,1,0,N,N,N,6,2026,4,N,None
CUST1014104,0,2,0,1,0,0,0,0,N,N,N,6,2026,2,Y,PL
CUST1014105,0,0,0,1,0,0,1,0,Y,N,Y,6,2026,2,Y,RD
CUST1014106,0,1,0,1,1,0,0,0,Y,N,Y,6,2026,3,N,None
CUST1014107,1,0,0,1,0,0,0,0,N,N,Y,6,2026,2,Y,SA
CUST1014108,0,0,0,1,0,1,0,0,Y,N,Y,6,2026,2,N,None
CUST1014109,0,0,0,1,0,0,0,0,N,N,Y,6,2026,1,N,None
CUST1014110,0,1,0,1,0,0,0,0,N,N,Y,6,2026,2,N,None
CUST1014111,1,0,0,1,0,2,0,0,N,N,Y,6,2026,3,N,None
CUST1014112,0,0,0,1,0,0,0,0,N,N,Y,6,2026,1,N,None
CUST1014113,0,0,0,1,0,2,0,0,N,N,Y,6,2026,2,N,None
CUST1014114,0,0,0,1,2,0,0,0,N,N,Y,6,2026,2,N,AL
CUST1014115,0,2,0,0,0,0,0,0,N,N,Y,6,2026,1,Y,RD
CUST1014116,0,1,1,1,3,0,0,0,Y,N,N,6,2026,4,Y,SA
CUST1014117,0,1,0,1,0,2,0,0,N,N,Y,6,2026,3,N,None
CUST1014118,0,2,0,1,0,0,0,1,N,N,Y,6,2026,3,N,None
CUST1014119,0,0,0,1,0,2,0,0,N,N,Y,6,2026,2,Y,HL
CUST1014120,0,0,0,1,0,0,0,0,N,N,Y,6,2026,1,Y,CC
CUST1014121,0,0,0,1,0,0,0,0,N,N,N,6,2026,1,Y,SA
CUST1014122,0,1,0,0,0,0,0,0,N,N,N,6,2026,1,N,None
CUST1014123,0,0,0,1,2,2,0,0,N,N,N,6,2026,3,N,None
CUST1014124,0,0,0,1,0,0,0,0,N,N,Y,6,2026,1,Y,SA
CUST1014125,0,0,0,1,0,0,0,0,N,N,N,6,2026,1,N,RD
CUST1014126,0,1,0,1,0,0,0,0,N,N,N,6,2026,2,N,None
CUST1014127,2,0,0,1,3,0,0,0,N,N,Y,6,2026,3,N,None
CUST1014128,0,0,0,1,0,0,0,0,N,N,Y,6,2026,1,N,None
CUST1014129,0,2,0,1,0,1,0,0,N,N,Y,6,2026,3,N,CC
CUST1014130,0,1,0,1,0,0,0,0,Y,N,N,6,2026,2,N,AL
CUST1014131,0,0,0,1,0,2,0,0,N,N,Y,6,2026,2,N,None
CUST1014132,0,0,0,1,3,0,0,0,N,Y,N,6,2026,2,Y,RD
CUST1014133,0,0,0,1,0,0,0,1,N,N,Y,6,2026,2,Y,SA
CUST1014134,0,0,1,1,0,0,0,0,N,N,N,6,2026,2,N,None
CUST1014135,0,1,0,1,0,2,0,0,N,N,N,6,2026,3,N,RD
CUST1014136,0,0,0,1,0,0,0,0,N,N,N,6,2026,1,N,None
CUST1014137,1,0,0,1,0,0,0,0,N,N,N,6,2026,2,N,None
CUST1014138,0,1,0,1,0,0,0,0,Y,N,Y,6,2026,2,N,None
CUST1014139,0,1,0,1,0,2,0,1,N,N,Y,6,2026,4,N,None
CUST1014140,0,1,1,1,3,0,0,0,N,N,N,6,2026,4,N,None
CUST1014141,0,2,0,1,0,0,0,1,N,N,N,6,2026,3,N,None
CUST1014142,0,1,0,1,3,0,0,1,N,N,N,6,2026,4,N,None
CUST1014143,0,0,0,1,0,0,0,0,N,N,N,6,2026,1,N,None
CUST1014144,0,0,0,1,1,0,0,0,N,N,Y,6,2026,2,N,None
CUST1014145,0,0,0,1,0,0,1,0,N,N,Y,6,2026,2,Y,MF
CUST1014146,0,2,0,1,0,0,0,0,N,N,N,6,2026,2,N,PL
CUST1014147,0,0,0,1,1,0,0,0,N,N,Y,6,2026,2,Y,RD
CUST1014148,0,0,0,1,0,0,0,1,N,N,Y,6,2026,2,Y,HL
CUST1014149,0,0,0,1,0,0,0,1,N,N,Y,6,2026,2,Y,AL
CUST1014150,0,0,0,1,0,0,0,0,N,N,N,6,2026,1,N,None
CUST1014151,0,0,0,1,0,0,0,0,N,N,N,6,2026,1,N,CC
CUST1014152,0,0,0,1,0,0,0,0,N,N,Y,6,2026,1,Y,AL
CUST1014153,0,2,0,1,2,0,1,0,N,N,Y,6,2026,4,N,AL
CUST1014154,0,0,0,1,0,1,0,0,N,N,N,6,2026,2,N,None
CUST1014155,0,0,0,1,0,1,0,1,N,N,N,6,2026,3,Y,AL
CUST1014156,0,0,0,1,0,0,0,0,N,N,N,6,2026,1,N,None
CUST1014157,0,0,0,1,0,0,0,0,N,Y,N,6,2026,1,Y,AL
CUST1014158,1,0,0,1,0,0,0,0,N,N,Y,6,2026,2,N,PL
CUST1014159,0,0,0,0,0,0,0,0,N,N,Y,6,2026,0,Y,PL
CUST1014160,0,0,0,1,0,2,0,0,N,N,N,6,2026,2,Y,SA
CUST1014161,2,2,0,1,0,1,0,0,N,N,Y,6,2026,4,Y,PL
CUST1014162,0,0,0,1,0,0,0,0,N,N,N,6,2026,1,Y,SA
CUST1014163,0,2,0,0,2,0,0,0,N,N,N,6,2026,2,Y,AL
CUST1014164,0,2,0,1,0,2,0,0,N,N,N,6,2026,3,Y,SA
CUST1014165,0,0,0,1,0,0,0,0,N,N,Y,6,2026,1,N,None
CUST1014166,0,2,0,1,0,0,0,0,N,N,Y,6,2026,2,Y,RD
CUST1014167,0,2,0,1,0,0,0,0,N,N,Y,6,2026,2,Y,SA
CUST1014168,0,1,0,1,0,0,0,0,N,N,Y,6,2026,2,N,None
CUST1014169,2,2,0,1,0,0,0,0,N,N,Y,6,2026,3,Y,CC
CUST1014170,0,2,0,1,0,0,0,0,N,N,N,6,2026,2,N,None
CUST1014171,0,2,0,1,0,1,0,0,N,N,N,6,2026,3,Y,CC
CUST1014172,0,0,0,1,1,2,0,1,N,N,Y,6,2026,4,N,None
CUST1014173,0,2,0,1,0,0,0,0,N,N,Y,6,2026,2,Y,AL
CUST1014174,0,0,0,1,0,0,0,0,N,N,N,6,2026,1,N,None
CUST1014175,1,2,0,1,0,2,1,0,N,N,Y,6,2026,5,Y,HL
CUST1014176,0,0,0,1,0,0,0,0,N,N,Y,6,2026,1,N,None
CUST1014177,0,0,0,1,0,0,0,0,N,N,Y,6,2026,1,N,None
CUST1014178,0,0,0,1,2,0,0,0,N,N,N,6,2026,2,N,None
CUST1014179,0,2,0,0,0,0,0,0,N,N,Y,6,2026,1,N,None
CUST1014180,0,0,0,1,0,0,0,0,N,N,Y,6,2026,1,N,None
CUST1014181,0,2,1,0,0,0,0,0,N,Y,N,6,2026,2,N,RD
CUST1014182,0,0,0,1,0,0,0,0,N,N,N,6,2026,1,Y,CC
CUST1014183,0,0,0,1,0,0,0,0,N,N,N,6,2026,1,N,SA
CUST1014184,0,0,0,1,0,0,0,0,N,N,Y,6,2026,1,Y,PL
CUST1014185,0,0,0,1,0,0,0,0,N,N,N,6,2026,1,N,None
CUST1014186,0,0,0,1,2,1,0,0,Y,N,N,6,2026,3,Y,AL
CUST1014187,0,0,0,1,0,0,0,0,N,N,Y,6,2026,1,N,None
CUST1014188,0,2,0,1,0,0,0,0,N,N,Y,6,2026,2,Y,CC
CUST1014189,2,0,0,1,3,0,0,0,N,N,N,6,2026,3,N,PL
CUST1014190,0,0,0,1,1,0,0,0,Y,N,N,6,2026,2,N,None
CUST1014191,0,0,0,1,0,0,0,1,N,N,N,6,2026,2,Y,AL
CUST1014192,0,0,0,1,0,2,1,0,Y,N,Y,6,2026,3,N,None
CUST1014193,0,0,0,1,0,0,0,1,N,N,Y,6,2026,2,Y,CC
CUST1014194,0,2,0,1,0,0,0,1,N,N,Y,6,2026,3,Y,MF
CUST1014195,0,1,0,1,0,0,1,0,N,N,N,6,2026,3,N,None
CUST1014196,0,1,0,0,0,1,0,0,N,Y,Y,6,2026,2,Y,RD
CUST1014197,0,0,0,1,0,0,0,0,N,N,N,6,2026,1,Y,RD
CUST1014198,0,2,0,0,0,0,0,1,Y,Y,Y,6,2026,2,N,None
CUST1014199,0,0,0,1,0,0,0,0,N,N,Y,6,2026,1,N,None
CUST1014200,0,1,0,1,0,0,1,1,N,N,Y,6,2026,4,N,None
CUST1014201,0,0,0,1,0,0,1,0,Y,N,N,6,2026,2,Y,PL
CUST1014202,0,0,0,1,0,2,0,0,N,N,N,6,2026,2,N,None
CUST1014203,0,0,0,1,0,0,0,1,N,N,N,6,2026,2,N,None
CUST1014204,0,0,0,0,0,0,0,1,N,N,Y,6,2026,1,Y,HF
CUST1014205,0,2,0,0,1,0,1,1,N,N,Y,6,2026,4,Y,HF
CUST1014206,0,2,0,1,0,2,0,0,N,N,Y,6,2026,3,Y,RD
CUST1014207,0,0,0,1,0,2,0,0,N,N,Y,6,2026,2,Y,CC
CUST1014208,0,2,0,1,0,0,0,0,N,N,Y,6,2026,2,N,None
CUST1014209,0,1,0,1,0,0,0,1,N,N,N,6,2026,3,Y,SA
CUST1014210,1,0,0,1,0,0,0,0,N,Y,Y,6,2026,2,N,None
CUST1014211,0,1,0,1,0,0,0,0,N,N,Y,6,2026,2,Y,CC
CUST1014212,0,0,0,1,0,0,0,0,N,N,Y,6,2026,1,N,None
CUST1014213,0,1,0,1,0,0,0,0,N,N,Y,6,2026,2,Y,RD
CUST1014214,0,2,0,1,0,0,0,0,N,N,Y,6,2026,2,Y,RD
CUST1014215,0,2,0,1,0,0,0,0,Y,N,Y,6,2026,2,N,None
CUST1014216,0,0,0,1,0,0,0,0,N,N,N,6,2026,1,N,None
CUST1014217,0,0,0,1,0,2,0,0,N,N,N,6,2026,2,Y,RD
CUST1014218,0,0,0,1,2,0,0,0,Y,N,Y,6,2026,2,N,None
CUST1014219,0,2,0,1,0,0,0,0,N,N,Y,6,2026,2,Y,SA
CUST1014220,0,0,0,1,0,0,0,0,N,Y,N,6,2026,1,N,None
CUST1014221,0,0,0,1,2,0,0,0,N,N,N,6,2026,2,N,None
CUST1014222,0,0,0,1,1,0,0,0,N,N,N,6,2026,2,Y,HF
CUST1014223,0,0,0,1,0,2,0,0,Y,N,N,6,2026,2,N,None
CUST1014224,2,0,0,1,0,2,0,1,Y,N,N,6,2026,4,N,None
CUST1014225,0,0,0,1,0,0,0,0,Y,N,N,6,2026,1,N,None
CUST1014226,0,0,0,1,0,0,1,0,N,N,Y,6,2026,2,Y,CC
CUST1014227,0,2,0,1,0,0,0,0,N,N,Y,6,2026,2,Y,CC
CUST1014228,1,0,0,1,0,0,0,0,N,N,Y,6,2026,2,N,None
CUST1014229,0,0,0,1,0,0,0,0,N,N,N,6,2026,1,Y,SA
CUST1014230,0,2,0,1,1,0,0,0,N,N,N,6,2026,3,Y,CC
CUST1014231,0,0,0,1,0,0,0,0,N,N,N,6,2026,1,Y,PL
CUST1014232,1,0,0,1,0,0,0,0,N,N,Y,6,2026,2,N,None
CUST1014233,0,0,0,1,0,0,1,0,N,N,N,6,2026,2,N,None
CUST1014234,0,1,0,1,0,0,0,1,N,N,N,6,2026,3,Y,CC
CUST1014235,0,2,0,1,1,0,0,0,Y,N,Y,6,2026,3,Y,RD
CUST1014236,0,2,0,1,2,0,0,0,N,N,Y,6,2026,3,N,None
CUST1014237,2,0,0,1,3,0,0,0,N,N,Y,6,2026,3,Y,RD
CUST1014238,0,0,0,1,0,2,0,0,N,N,N,6,2026,2,Y,MF
CUST1014239,0,0,0,1,1,0,0,0,Y,N,N,6,2026,2,N,None
CUST1014240,0,1,0,1,0,0,0,0,N,N,Y,6,2026,2,N,None
CUST1014241,0,1,0,1,0,0,0,0,N,N,N,6,2026,2,N,None
CUST1014242,0,0,0,1,0,1,0,0,N,N,Y,6,2026,2,Y,SA
CUST1014243,0,2,0,1,0,1,0,0,N,N,N,6,2026,3,Y,PL
CUST1014244,0,0,0,1,0,0,0,0,N,N,N,6,2026,1,N,None
CUST1014245,1,0,0,1,0,0,0,0,N,N,Y,6,2026,2,N,None
CUST1014246,0,1,0,1,0,0,0,0,N,N,N,6,2026,2,N,None
CUST1014247,0,0,0,1,0,0,0,0,N,N,N,6,2026,1,N,CC
CUST1014248,0,0,0,1,0,0,0,0,N,N,Y,6,2026,1,Y,HL
CUST1014249,1,0,0,0,0,0,0,0,N,N,Y,6,2026,1,N,None
CUST1014250,0,1,0,1,0,2,0,0,N,N,Y,6,2026,3,N,None
CUST1014251,0,1,1,1,0,2,1,0,N,N,N,6,2026,5,Y,CC
CUST1014252,0,0,0,1,0,0,0,0,N,N,Y,6,2026,1,N,None
CUST1014253,0,1,0,1,0,0,0,0,N,N,Y,6,2026,2,Y,HF
CUST1014254,0,1,0,1,0,0,0,0,N,N,N,6,2026,2,Y,AL
CUST1014255,1,0,0,1,0,0,0,0,N,Y,N,6,2026,2,N,None
CUST1014256,0,0,0,1,0,1,0,0,N,N,Y,6,2026,2,Y,RD
CUST1014257,0,2,0,1,0,0,0,1,N,N,N,6,2026,3,N,AL
CUST1014258,0,1,0,1,0,0,0,0,N,N,N,6,2026,2,N,PL
CUST1014259,0,2,0,1,0,2,0,0,N,N,Y,6,2026,3,Y,PL
CUST1014260,0,0,0,1,0,0,0,0,N,N,N,6,2026,1,Y,SA
CUST1014261,0,1,0,1,0,0,0,0,N,N,N,6,2026,2,N,None
CUST1014262,0,0,0,1,0,0,0,0,N,N,Y,6,2026,1,N,None
CUST1014263,0,0,1,1,0,1,0,0,Y,N,Y,6,2026,3,N,None
CUST1014264,0,0,0,1,0,0,0,0,N,N,N,6,2026,1,Y,SA
CUST1014265,0,1,0,1,0,0,0,0,Y,N,N,6,2026,2,N,None
CUST1014266,1,0,0,1,0,2,0,0,N,N,Y,6,2026,3,Y,AL
CUST1014267,0,0,0,1,0,2,0,0,Y,N,Y,6,2026,2,Y,SA
CUST1014268,0,2,0,1,0,0,0,0,N,N,Y,6,2026,2,Y,SA
CUST1014269,0,0,0,1,0,1,1,0,N,N,N,6,2026,3,Y,RD
CUST1014270,0,1,0,1,0,0,0,0,N,N,Y,6,2026,2,N,HF
CUST1014271,0,1,0,1,0,0,0,0,N,N,N,6,2026,2,N,None
CUST1014272,0,2,0,1,0,0,0,0,N,N,Y,6,2026,2,N,None
CUST1014273,0,0,0,1,3,0,0,0,N,N,N,6,2026,2,Y,SA
CUST1014274,0,1,0,1,2,0,0,0,N,N,Y,6,2026,3,Y,MF
CUST1014275,0,0,0,1,0,0,0,0,N,N,Y,6,2026,1,Y,CC
CUST1014276,0,2,0,1,0,1,1,0,N,N,N,6,2026,4,Y,RD
CUST1014277,0,0,0,1,0,0,0,0,N,N,N,6,2026,1,N,None
CUST1014278,0,1,0,1,0,0,1,0,N,N,Y,6,2026,3,N,None
CUST1014279,2,1,1,1,0,1,1,0,N,N,N,6,2026,6,N,None
CUST1014280,1,1,0,1,0,0,0,0,N,N,Y,6,2026,3,Y,MF
CUST1014281,0,0,0,1,1,0,0,0,N,N,Y,6,2026,2,Y,CC
CUST1014282,0,1,0,1,2,0,0,0,N,N,N,6,2026,3,N,CC
CUST1014283,0,0,0,1,0,2,0,0,N,N,Y,6,2026,2,N,None
CUST1014284,0,0,0,1,0,2,0,0,N,N,N,6,2026,2,N,None
CUST1014285,0,0,0,1,0,2,1,0,Y,N,Y,6,2026,3,N,CC
CUST1014286,0,0,0,1,0,1,0,0,N,N,Y,6,2026,2,Y,SA
CUST1014287,0,0,0,1,1,0,0,0,N,N,N,6,2026,2,Y,SA
CUST1014288,0,0,0,1,0,0,0,0,N,N,N,6,2026,1,Y,RD
CUST1014289,0,0,0,1,0,0,0,0,Y,N,Y,6,2026,1,N,None
CUST1014290,2,0,0,1,1,0,0,0,N,N,Y,6,2026,3,N,None
CUST1014291,0,2,0,1,0,0,1,0,N,N,N,6,2026,3,N,RD
CUST1014292,0,0,0,1,0,0,0,0,N,N,N,6,2026,1,N,None
CUST1014293,0,1,0,1,0,0,0,0,Y,N,N,6,2026,2,N,None
CUST1014294,0,1,0,1,0,0,0,0,N,N,Y,6,2026,2,Y,CC
CUST1014295,2,2,0,1,0,0,0,0,N,N,N,6,2026,3,Y,CC
CUST1014296,2,1,0,1,0,2,0,0,N,N,N,6,2026,4,Y,PL
CUST1014297,0,2,1,1,0,0,0,0,N,N,N,6,2026,3,N,None
CUST1014298,0,0,0,1,0,0,0,0,N,N,Y,6,2026,1,N,PL
CUST1014299,0,0,0,1,0,1,0,0,N,N,Y,6,2026,2,N,None
CUST1014300,0,1,0,0,2,2,0,0,N,N,N,6,2026,3,N,None
CUST1014301,0,0,0,1,2,0,0,0,N,N,Y,6,2026,2,N,None
CUST1014302,0,0,0,1,1,2,0,0,Y,N,Y,6,2026,3,N,None
CUST1014303,0,0,0,1,1,0,0,0,N,N,Y,6,2026,2,Y,CC
CUST1014304,0,1,0,1,0,0,1,0,N,N,Y,6,2026,3,N,None
CUST1014305,1,2,0,0,3,0,0,0,N,Y,Y,6,2026,3,N,None
CUST1014306,0,0,0,1,3,2,0,0,N,N,N,6,2026,3,Y,PL
CUST1014307,0,1,0,1,0,0,0,0,N,N,Y,6,2026,2,N,None
CUST1014308,0,0,0,1,0,0,0,0,N,N,Y,6,2026,1,N,None
CUST1014309,0,2,1,1,3,0,1,0,N,N,N,6,2026,5,N,AL
CUST1014310,0,0,0,1,2,0,0,1,N,N,N,6,2026,3,Y,HL
CUST1014311,0,0,0,1,0,0,0,1,N,N,N,6,2026,2,Y,AL
CUST1014312,0,0,0,1,0,0,0,0,N,N,Y,6,2026,1,Y,CC
CUST1014313,0,1,0,1,2,2,0,0,Y,N,Y,6,2026,4,N,None
CUST1014314,1,2,0,1,0,1,0,0,Y,Y,N,6,2026,4,N,None
CUST1014315,2,2,0,1,0,0,0,0,N,N,Y,6,2026,3,N,RD
CUST1014316,0,0,1,1,0,0,0,0,N,N,N,6,2026,2,N,None
CUST1014317,1,0,0,1,3,0,0,0,Y,N,N,6,2026,3,N,None
CUST1014318,0,1,0,1,0,0,0,0,N,N,N,6,2026,2,Y,AL
CUST1014319,0,0,0,1,0,1,1,1,N,N,Y,6,2026,4,N,None
CUST1014320,0,2,0,1,0,0,0,0,N,N,N,6,2026,2,N,AL
CUST1014321,0,1,0,0,0,2,0,0,N,N,N,6,2026,2,N,None
CUST1014322,0,0,0,0,3,0,0,0,N,N,Y,6,2026,1,N,None
CUST1014323,0,0,0,1,0,2,0,0,N,N,Y,6,2026,2,Y,CC
CUST1014324,0,0,0,1,0,0,0,0,N,N,Y,6,2026,1,Y,CC
CUST1014325,0,0,0,1,0,0,0,0,Y,N,Y,6,2026,1,N,None
CUST1014326,0,0,0,1,0,0,0,0,N,Y,Y,6,2026,1,N,None
CUST1014327,0,0,0,1,0,0,0,0,N,N,N,6,2026,1,N,None
CUST1014328,0,2,0,1,1,0,0,0,N,N,Y,6,2026,3,Y,HL
CUST1014329,0,0,0,1,1,1,0,1,Y,N,N,6,2026,4,N,None
CUST1014330,0,0,0,0,0,0,0,0,N,N,Y,6,2026,0,N,None
CUST1014331,2,0,0,1,0,0,0,0,N,N,Y,6,2026,2,N,AL
CUST1014332,0,2,0,1,0,0,0,0,N,N,Y,6,2026,2,N,None
CUST1014333,0,0,0,1,0,0,0,0,N,N,Y,6,2026,1,N,HL
CUST1014334,0,0,0,1,2,0,1,0,N,N,N,6,2026,3,N,None
CUST1014335,0,1,0,1,0,0,0,0,N,N,Y,6,2026,2,Y,PL
CUST1014336,0,0,0,1,0,0,0,0,N,N,Y,6,2026,1,Y,MF
CUST1014337,0,0,0,1,0,2,1,0,N,N,Y,6,2026,3,Y,CC
CUST1014338,0,0,1,1,0,0,0,0,N,N,N,6,2026,2,Y,CC
CUST1014339,0,1,0,1,0,0,0,0,N,N,N,6,2026,2,N,None
CUST1014340,0,2,0,0,0,0,0,0,N,N,Y,6,2026,1,N,None
CUST1014341,0,0,0,1,0,2,0,0,N,N,Y,6,2026,2,Y,SA
CUST1014342,0,0,1,1,0,2,0,0,N,N,N,6,2026,3,N,None
CUST1014343,0,1,0,1,0,0,0,0,Y,N,N,6,2026,2,Y,SA
CUST1014344,1,0,0,1,0,0,0,0,N,N,N,6,2026,2,N,None
CUST1014345,0,1,1,1,0,0,0,0,N,Y,N,6,2026,3,N,None
CUST1014346,0,0,0,1,1,0,0,0,N,N,N,6,2026,2,N,CC
CUST1014347,0,0,0,1,3,0,0,0,Y,N,N,6,2026,2,Y,SA
CUST1014348,0,1,0,1,0,1,0,0,N,N,N,6,2026,3,Y,HF
CUST1014349,2,0,0,1,0,0,0,0,N,N,N,6,2026,2,N,None
CUST1014350,0,0,0,1,2,0,0,0,N,N,Y,6,2026,2,Y,PL
CUST1014351,0,0,1,1,1,1,0,0,N,N,N,6,2026,4,N,None
CUST1014352,0,1,0,1,0,0,0,0,Y,N,N,6,2026,2,Y,RD
CUST1014353,0,0,0,1,0,0,0,0,N,N,Y,6,2026,1,N,None
CUST1014354,2,0,0,0,0,1,0,0,N,N,Y,6,2026,2,N,None
CUST1014355,0,2,0,1,0,1,0,0,N,N,N,6,2026,3,N,None
CUST1014356,0,0,0,1,0,0,0,0,N,N,Y,6,2026,1,Y,SA
CUST1014357,0,1,0,1,3,2,0,0,N,N,Y,6,2026,4,N,None
CUST1014358,0,2,0,1,2,0,0,0,N,N,N,6,2026,3,N,None
CUST1014359,0,2,0,1,0,1,0,0,Y,N,Y,6,2026,3,N,None
CUST1014360,0,0,0,1,0,2,0,0,Y,Y,Y,6,2026,2,N,None
CUST1014361,0,0,0,1,0,0,0,0,N,N,Y,6,2026,1,Y,CC
CUST1014362,0,0,0,1,0,0,0,0,Y,N,N,6,2026,1,Y,CC
CUST1014363,1,0,0,1,0,0,0,0,N,N,Y,6,2026,2,N,None
CUST1014364,0,0,0,1,0,0,0,0,N,N,Y,6,2026,1,N,None
CUST1014365,0,1,0,1,0,2,0,0,N,N,Y,6,2026,3,Y,PL
CUST1014366,0,0,0,1,0,0,0,0,N,Y,Y,6,2026,1,Y,AL
CUST1014367,0,0,0,1,0,0,1,0,Y,N,Y,6,2026,2,Y,AL
CUST1014368,0,0,0,1,0,1,0,0,N,N,Y,6,2026,2,N,None
CUST1014369,0,2,0,1,0,0,0,0,N,N,Y,6,2026,2,N,CC
CUST1014370,0,2,0,1,0,0,0,1,N,N,N,6,2026,3,Y,RD
CUST1014371,0,1,0,1,0,0,0,0,Y,N,Y,6,2026,2,N,None
CUST1014372,0,0,0,1,0,0,0,0,N,N,Y,6,2026,1,Y,MF
CUST1014373,0,0,0,1,0,0,0,0,N,Y,Y,6,2026,1,Y,CC
CUST1014374,0,0,0,1,0,0,0,0,N,N,Y,6,2026,1,N,None
CUST1014375,0,0,0,1,2,0,0,0,N,N,Y,6,2026,2,Y,PL
CUST1014376,0,0,0,1,0,2,0,1,N,N,Y,6,2026,3,N,None
CUST1014377,0,0,0,1,0,2,0,0,N,N,N,6,2026,2,N,None
CUST1014378,0,2,0,1,3,0,1,0,Y,N,N,6,2026,4,N,None
CUST1014379,1,0,0,1,0,0,0,1,N,N,N,6,2026,3,Y,CC
CUST1014380,0,0,0,1,0,2,0,0,N,N,Y,6,2026,2,Y,CC
CUST1014381,0,2,0,1,0,0,0,0,Y,N,Y,6,2026,2,Y,SA
CUST1014382,0,0,0,1,1,0,0,0,N,N,Y,6,2026,2,Y,HL
CUST1014383,0,0,0,1,2,0,0,0,N,N,Y,6,2026,2,N,None
CUST1014384,0,0,0,1,2,2,0,0,N,N,Y,6,2026,3,Y,HL
CUST1014385,2,0,0,1,0,0,0,0,Y,N,N,6,2026,2,Y,CC
CUST1014386,0,0,0,1,0,0,1,1,N,N,N,6,2026,3,N,None
CUST1014387,0,0,0,1,0,0,0,0,N,N,Y,6,2026,1,N,PL
CUST1014388,1,1,0,1,0,0,0,1,N,N,N,6,2026,4,N,None
CUST1014389,2,0,0,1,0,2,0,1,N,N,Y,6,2026,4,Y,SA
CUST1014390,0,0,0,1,0,0,0,0,N,N,N,6,2026,1,Y,PL
CUST1014391,0,0,0,1,1,0,0,0,N,N,N,6,2026,2,Y,CC
CUST1014392,0,0,0,1,0,0,0,0,Y,N,N,6,2026,1,N,None
CUST1014393,2,2,0,1,0,0,0,1,N,N,N,6,2026,4,N,None
CUST1014394,0,1,0,1,0,0,0,0,N,N,Y,6,2026,2,Y,MF
CUST1014395,0,0,0,1,0,2,0,0,N,N,N,6,2026,2,Y,AL
CUST1014396,0,0,0,1,0,0,0,0,N,N,Y,6,2026,1,N,None
CUST1014397,0,0,0,1,1,0,0,0,N,N,N,6,2026,2,N,None
CUST1014398,0,2,0,1,0,0,0,0,N,N,Y,6,2026,2,N,None
CUST1014399,0,0,0,1,0,0,0,0,N,N,N,6,2026,1,Y,MF
CUST1014400,0,2,0,1,3,1,0,0,N,N,N,6,2026,4,N,None
CUST1014401,0,2,0,1,0,2,0,0,N,N,N,6,2026,3,N,None
CUST1014402,0,1,0,1,0,2,0,0,N,N,Y,6,2026,3,Y,MF
CUST1014403,2,0,0,1,0,2,0,0,Y,N,N,6,2026,3,Y,CC
CUST1014404,0,0,0,1,0,0,0,0,N,N,N,6,2026,1,Y,RD
CUST1014405,2,0,0,1,0,0,0,0,N,N,N,6,2026,2,Y,PL
CUST1014406,0,1,0,1,0,0,1,0,N,N,Y,6,2026,3,Y,RD
CUST1014407,2,1,0,1,2,0,0,1,N,N,Y,6,2026,5,N,None
CUST1014408,0,0,0,1,0,1,1,0,N,N,N,6,2026,3,Y,CC
CUST1014409,0,1,0,1,0,0,0,0,N,N,N,6,2026,2,Y,SA
CUST1014410,0,0,0,1,0,0,0,0,N,N,Y,6,2026,1,Y,PL
CUST1014411,0,0,0,1,3,0,0,0,N,N,Y,6,2026,2,Y,MF
CUST1014412,0,2,0,1,0,2,0,0,Y,N,N,6,2026,3,N,None
CUST1014413,0,0,0,1,0,0,0,0,N,N,N,6,2026,1,Y,MF
CUST1014414,1,0,0,1,0,0,0,0,N,N,N,6,2026,2,Y,HL
CUST1014415,0,1,0,1,0,1,0,0,N,N,N,6,2026,3,Y,MF
CUST1014416,1,0,0,1,0,1,0,0,N,N,Y,6,2026,3,Y,MF
CUST1014417,0,0,0,1,0,0,0,0,N,N,N,6,2026,1,N,None
CUST1014418,0,0,0,1,0,0,1,0,N,N,Y,6,2026,2,N,None
CUST1014419,0,0,0,1,0,0,0,1,N,N,N,6,2026,2,N,None
CUST1014420,0,0,0,1,0,2,0,0,Y,N,Y,6,2026,2,Y,RD
CUST1014421,0,0,0,1,3,0,0,0,Y,N,Y,6,2026,2,Y,CC
CUST1014422,0,0,0,1,1,0,0,0,N,N,Y,6,2026,2,N,HF
CUST1014423,0,0,0,1,0,0,0,0,N,N,Y,6,2026,1,N,None
CUST1014424,0,1,0,1,0,0,0,1,Y,N,Y,6,2026,3,N,None
CUST1014425,2,0,0,1,0,0,1,0,N,N,Y,6,2026,3,Y,AL
CUST1014426,0,0,0,1,0,0,1,0,Y,N,Y,6,2026,2,N,None
CUST1014427,1,0,0,1,0,0,0,0,N,N,Y,6,2026,2,N,None
CUST1014428,0,1,0,1,3,0,0,0,N,N,N,6,2026,3,Y,MF
CUST1014429,0,0,0,1,0,0,0,0,N,N,N,6,2026,1,N,SA
CUST1014430,0,0,0,1,0,0,0,0,N,N,Y,6,2026,1,N,None
CUST1014431,1,2,0,1,0,0,0,0,N,N,N,6,2026,3,Y,RD
CUST1014432,0,1,1,1,0,0,0,0,N,N,N,6,2026,3,Y,PL
CUST1014433,0,0,0,1,1,0,0,0,N,N,Y,6,2026,2,N,None
CUST1014434,2,0,0,1,0,0,0,0,N,N,N,6,2026,2,N,CC
CUST1014435,0,0,0,1,0,1,0,0,N,N,N,6,2026,2,N,SA
CUST1014436,0,0,0,1,2,0,0,0,N,N,Y,6,2026,2,Y,HL
CUST1014437,0,0,0,1,1,0,0,1,N,N,Y,6,2026,3,N,None
CUST1014438,0,0,0,1,0,0,1,0,N,N,Y,6,2026,2,N,None
CUST1014439,0,0,0,1,0,1,0,0,N,N,Y,6,2026,2,Y,CC
CUST1014440,0,0,0,1,1,0,0,0,Y,N,N,6,2026,2,N,None
CUST1014441,0,0,1,1,0,0,0,1,N,N,Y,6,2026,3,N,None
CUST1014442,0,1,0,1,0,0,0,0,Y,N,N,6,2026,2,N,None
CUST1014443,0,0,0,1,0,0,0,0,N,N,Y,6,2026,1,N,PL
CUST1014444,0,1,1,1,0,0,0,0,N,N,N,6,2026,3,N,None
CUST1014445,1,0,0,1,0,0,0,1,N,Y,Y,6,2026,3,N,None
CUST1014446,0,0,0,1,0,0,0,0,N,N,Y,6,2026,1,N,None
CUST1014447,0,0,0,1,0,0,0,0,N,N,Y,6,2026,1,Y,RD
CUST1014448,1,1,0,1,0,0,1,0,N,N,N,6,2026,4,N,None
CUST1014449,0,0,0,1,0,0,0,0,N,N,Y,6,2026,1,Y,SA
CUST1014450,0,0,0,0,0,0,0,0,N,N,Y,6,2026,0,N,None
CUST1014451,0,1,0,1,0,2,0,0,N,N,N,6,2026,3,Y,SA
CUST1014452,0,1,0,1,0,1,0,0,N,N,N,6,2026,3,N,None
CUST1014453,0,1,0,1,0,0,0,0,N,Y,N,6,2026,2,Y,HF
CUST1014454,0,0,0,1,0,0,0,0,Y,N,N,6,2026,1,Y,AL
CUST1014455,2,2,0,1,0,0,0,1,N,N,N,6,2026,4,Y,AL
CUST1014456,0,0,0,1,0,1,0,0,N,N,N,6,2026,2,N,None
CUST1014457,0,0,0,1,0,1,0,0,N,N,N,6,2026,2,N,None
CUST1014458,0,0,0,1,0,0,0,0,N,N,N,6,2026,1,Y,SA
CUST1014459,0,2,0,0,0,0,0,1,N,N,Y,6,2026,2,N,None
CUST1014460,0,2,0,1,1,0,0,0,N,N,N,6,2026,3,Y,SA
CUST1014461,0,2,0,1,0,0,0,0,N,N,Y,6,2026,2,Y,PL
CUST1014462,0,2,0,1,0,2,0,0,N,N,N,6,2026,3,N,SA
CUST1014463,0,1,0,1,0,0,0,0,N,N,N,6,2026,2,N,AL
CUST1014464,0,0,0,1,0,0,0,0,N,N,Y,6,2026,1,Y,SA
CUST1014465,1,2,0,1,1,0,0,0,N,N,N,6,2026,4,N,None
CUST1014466,0,0,0,1,0,0,0,0,N,N,N,6,2026,1,Y,CC
CUST1014467,0,0,0,1,2,0,1,0,N,N,N,6,2026,3,Y,CC
CUST1014468,1,0,0,1,0,0,0,0,N,N,N,6,2026,2,N,PL
CUST1014469,0,0,0,1,0,0,0,0,Y,N,N,6,2026,1,N,CC
CUST1014470,0,0,0,1,0,2,0,0,N,N,N,6,2026,2,Y,CC
CUST1014471,0,0,0,1,0,0,0,0,N,N,N,6,2026,1,N,RD
CUST1014472,2,0,0,1,3,0,0,0,N,N,N,6,2026,3,Y,CC
CUST1014473,0,1,0,1,0,0,0,0,N,N,N,6,2026,2,Y,MF
CUST1014474,0,2,0,1,0,0,0,0,N,Y,N,6,2026,2,Y,MF
CUST1014475,0,0,0,1,0,0,0,0,N,N,N,6,2026,1,N,None
CUST1014476,0,0,0,1,3,0,0,0,N,N,N,6,2026,2,N,HF
CUST1014477,0,2,0,1,0,0,0,1,Y,N,Y,6,2026,3,N,None
CUST1014478,0,1,0,1,0,0,0,0,N,N,Y,6,2026,2,N,None
CUST1014479,0,2,0,1,0,0,0,0,N,N,N,6,2026,2,N,None
CUST1014480,0,0,0,1,0,1,0,0,N,N,N,6,2026,2,Y,CC
CUST1014481,0,0,0,1,0,0,0,0,N,N,N,6,2026,1,N,None
CUST1014482,0,0,0,1,0,0,0,0,N,N,N,6,2026,1,Y,CC
CUST1014483,0,0,0,1,0,0,0,0,N,N,Y,6,2026,1,Y,PL
CUST1014484,0,1,0,1,0,1,0,0,N,Y,Y,6,2026,3,N,None
CUST1014485,0,1,0,1,0,0,1,0,N,N,Y,6,2026,3,N,None
CUST1014486,0,0,0,1,0,1,0,0,N,N,Y,6,2026,2,Y,SA
CUST1014487,1,2,0,1,0,0,0,0,N,N,Y,6,2026,3,N,None
CUST1014488,0,0,0,1,0,0,0,0,N,N,N,6,2026,1,N,None
CUST1014489,1,0,0,1,2,0,0,1,N,N,Y,6,2026,4,N,None
CUST1014490,0,0,0,1,0,1,0,0,N,N,Y,6,2026,2,Y,RD
CUST1014491,2,0,0,1,3,0,0,0,N,N,Y,6,2026,3,Y,CC
CUST1014492,0,1,0,1,0,0,0,0,N,N,N,6,2026,2,N,None
CUST1014493,0,1,0,1,0,0,1,0,N,N,Y,6,2026,3,N,None
CUST1014494,0,0,0,1,3,1,0,0,N,N,Y,6,2026,3,Y,AL
CUST1014495,0,0,0,1,0,2,1,0,N,N,Y,6,2026,3,Y,CC
CUST1014496,0,1,0,1,0,0,1,0,N,N,Y,6,2026,3,Y,SA
CUST1014497,0,1,0,1,0,0,0,0,N,N,N,6,2026,2,N,None
CUST1014498,0,0,0,1,0,0,0,0,N,N,N,6,2026,1,Y,CC
CUST1014499,0,0,0,1,1,2,0,0,N,N,Y,6,2026,3,N,None
CUST1014500,0,0,1,1,0,0,0,0,Y,N,Y,6,2026,2,Y,MF
CUST1014501,0,2,1,1,0,1,0,0,N,N,Y,6,2026,4,N,None
CUST1014502,0,1,0,1,0,0,0,0,N,N,N,6,2026,2,N,None
CUST1014503,0,2,0,0,0,0,0,0,N,N,N,6,2026,1,N,None
CUST1014504,1,0,0,1,0,0,0,0,N,N,Y,6,2026,2,N,None
CUST1014505,0,2,0,1,1,0,0,0,N,N,N,6,2026,3,N,RD
CUST1014506,0,0,0,1,0,0,0,0,N,N,N,6,2026,1,Y,CC
CUST1014507,0,0,0,1,0,0,0,0,N,N,Y,6,2026,1,Y,PL
CUST1014508,0,0,0,1,0,0,0,0,N,N,N,6,2026,1,Y,RD
CUST1014509,0,2,0,1,0,0,0,0,N,N,N,6,2026,2,N,CC
CUST1014510,0,2,0,1,0,2,1,1,Y,N,Y,6,2026,5,Y,HF
CUST1014511,0,0,0,1,0,2,0,0,N,N,N,6,2026,2,Y,AL
CUST1014512,0,0,1,1,2,1,0,0,N,N,N,6,2026,4,N,None
CUST1014513,0,2,0,1,1,0,0,1,N,N,Y,6,2026,4,N,None
CUST1014514,0,0,0,1,0,1,0,0,N,N,Y,6,2026,2,N,None
CUST1014515,0,0,0,1,2,0,1,0,N,N,Y,6,2026,3,Y,PL
CUST1014516,0,1,1,1,0,0,0,0,N,N,Y,6,2026,3,Y,RD
CUST1014517,0,0,0,1,0,2,0,0,N,N,Y,6,2026,2,Y,SA
CUST1014518,0,0,0,1,0,0,0,0,N,N,Y,6,2026,1,Y,RD
CUST1014519,0,1,0,1,0,0,0,0,N,N,Y,6,2026,2,Y,SA
CUST1014520,0,0,0,1,0,0,0,0,N,N,Y,6,2026,1,Y,SA
CUST1014521,0,1,0,1,0,0,0,0,N,N,N,6,2026,2,N,None
CUST1014522,0,0,0,1,0,0,0,0,N,N,N,6,2026,1,N,None
CUST1014523,0,1,0,1,0,0,0,0,N,N,Y,6,2026,2,N,None
CUST1014524,0,1,0,1,0,1,0,0,N,Y,Y,6,2026,3,N,None
CUST1014525,0,0,0,1,0,0,0,0,N,N,N,6,2026,1,N,None
CUST1014526,0,0,0,1,0,0,0,0,N,Y,Y,6,2026,1,N,None
CUST1014527,0,1,1,1,3,0,0,0,N,N,Y,6,2026,4,N,None
CUST1014528,0,1,0,0,0,0,0,0,N,N,N,6,2026,1,N,None
CUST1014529,0,1,0,1,1,1,0,0,N,N,N,6,2026,4,N,None
CUST1014530,0,0,0,1,2,0,0,0,N,N,N,6,2026,2,Y,RD
CUST1014531,0,2,0,1,3,2,0,0,N,N,N,6,2026,4,N,None
CUST1014532,0,0,0,0,0,0,0,0,N,N,N,6,2026,0,N,None
CUST1014533,0,0,0,1,0,0,0,0,N,N,Y,6,2026,1,N,None
CUST1014534,0,0,0,1,0,0,0,0,N,N,N,6,2026,1,N,RD
CUST1014535,0,0,0,1,0,0,1,0,N,N,Y,6,2026,2,N,AL
CUST1014536,0,0,0,1,2,1,0,0,Y,N,N,6,2026,3,N,None
CUST1014537,0,0,0,1,0,0,0,0,Y,N,Y,6,2026,1,N,SA
CUST1014538,0,2,0,1,1,0,0,0,N,Y,Y,6,2026,3,Y,SA
CUST1014539,0,2,0,1,0,0,1,0,N,N,Y,6,2026,3,N,None
CUST1014540,0,0,0,1,0,0,0,0,N,N,Y,6,2026,1,N,None
CUST1014541,0,0,0,1,1,0,0,0,Y,N,Y,6,2026,2,Y,PL
CUST1014542,0,0,0,1,0,0,1,0,N,N,Y,6,2026,2,Y,MF
CUST1014543,1,0,0,1,0,0,0,0,N,Y,Y,6,2026,2,N,None
CUST1014544,0,0,0,1,0,0,0,0,N,N,Y,6,2026,1,N,None
CUST1014545,1,0,0,1,0,0,0,0,Y,N,Y,6,2026,2,N,None
CUST1014546,0,2,0,1,0,0,0,0,N,N,N,6,2026,2,N,None
CUST1014547,0,2,0,1,0,0,0,0,N,N,Y,6,2026,2,Y,CC
CUST1014548,0,2,0,1,3,0,0,0,N,N,N,6,2026,3,N,None
CUST1014549,0,1,0,1,0,2,0,0,N,N,Y,6,2026,3,N,SA
CUST1014550,1,2,0,1,1,0,0,0,N,N,N,6,2026,4,N,None
CUST1014551,0,1,0,1,1,0,0,0,Y,N,N,6,2026,3,Y,HL
CUST1014552,0,0,0,1,3,0,0,1,N,N,N,6,2026,3,N,None
CUST1014553,0,2,0,1,0,0,1,0,N,N,Y,6,2026,3,N,None
CUST1014554,1,0,0,1,0,0,0,0,N,N,Y,6,2026,2,Y,PL
CUST1014555,0,0,1,1,0,0,0,0,N,Y,Y,6,2026,2,Y,SA
CUST1014556,0,2,0,1,1,0,0,0,N,N,Y,6,2026,3,N,PL
CUST1014557,0,1,0,1,0,0,0,0,Y,N,N,6,2026,2,Y,HF
CUST1014558,0,2,0,1,0,0,0,0,N,N,N,6,2026,2,N,SA
CUST1014559,0,1,0,1,2,0,0,0,N,N,N,6,2026,3,N,None
CUST1014560,1,0,0,1,0,0,0,0,N,N,Y,6,2026,2,N,None
CUST1014561,0,0,0,1,0,0,0,0,N,N,Y,6,2026,1,N,None
CUST1014562,0,0,0,1,0,0,0,1,Y,N,N,6,2026,2,Y,SA
CUST1014563,0,0,0,1,3,0,0,0,N,N,N,6,2026,2,Y,PL
CUST1014564,0,0,0,0,0,1,0,0,N,N,N,6,2026,1,N,None
CUST1014565,0,1,1,1,1,1,0,0,N,N,N,6,2026,5,N,PL
CUST1014566,0,0,0,1,0,0,0,0,N,N,N,6,2026,1,Y,CC
CUST1014567,1,0,0,1,0,0,0,0,N,N,N,6,2026,2,N,None
CUST1014568,0,0,0,1,2,0,0,0,N,N,N,6,2026,2,Y,CC
CUST1014569,2,0,0,1,0,0,0,1,N,N,Y,6,2026,3,N,None
CUST1014570,0,0,0,1,3,0,0,0,N,N,Y,6,2026,2,N,None
CUST1014571,1,0,0,1,0,1,0,0,N,N,N,6,2026,3,N,None
CUST1014572,0,0,0,1,0,0,0,0,Y,N,N,6,2026,1,N,None
CUST1014573,2,0,0,1,0,2,0,0,N,N,N,6,2026,3,Y,AL
CUST1014574,0,2,0,1,0,0,1,0,N,N,N,6,2026,3,N,None
CUST1014575,2,0,0,1,0,2,0,0,N,N,N,6,2026,3,N,None
CUST1014576,0,0,0,1,1,0,0,0,N,N,N,6,2026,2,Y,RD
CUST1014577,0,2,0,1,0,0,1,1,N,N,N,6,2026,4,N,None
CUST1014578,0,1,0,1,2,0,0,0,N,N,N,6,2026,3,N,None
CUST1014579,0,1,0,1,0,2,0,0,N,N,N,6,2026,3,Y,MF
CUST1014580,0,0,0,1,0,2,0,1,N,N,Y,6,2026,3,Y,AL
CUST1014581,0,0,0,1,0,2,0,0,Y,N,Y,6,2026,2,Y,PL
CUST1014582,0,2,0,1,0,1,0,1,N,N,N,6,2026,4,N,None
CUST1014583,0,0,0,1,0,0,0,0,N,N,Y,6,2026,1,Y,MF
CUST1014584,0,2,0,0,0,2,0,0,N,N,Y,6,2026,2,Y,HL
CUST1014585,0,0,0,1,2,0,0,0,N,N,N,6,2026,2,Y,SA
CUST1014586,0,1,0,1,0,0,0,0,N,N,Y,6,2026,2,N,None
CUST1014587,1,2,0,1,0,2,0,0,Y,N,Y,6,2026,4,Y,SA
CUST1014588,0,0,0,1,2,2,0,0,N,N,Y,6,2026,3,N,None
CUST1014589,2,0,0,1,0,0,0,0,N,N,Y,6,2026,2,Y,CC
CUST1014590,0,0,0,1,0,1,0,0,N,N,Y,6,2026,2,Y,AL
CUST1014591,0,0,0,1,0,0,0,0,N,N,N,6,2026,1,N,None
CUST1014592,0,0,0,1,0,0,0,0,N,N,N,6,2026,1,N,None
CUST1014593,0,1,0,0,2,0,0,0,N,N,Y,6,2026,2,Y,CC
CUST1014594,0,2,0,1,1,0,0,0,N,N,N,6,2026,3,N,None
CUST1014595,2,2,0,1,0,0,0,0,N,N,Y,6,2026,3,N,None
CUST1014596,0,0,0,1,0,0,0,0,N,Y,Y,6,2026,1,N,None
CUST1014597,0,0,0,1,0,0,0,0,N,N,Y,6,2026,1,N,None
CUST1014598,0,2,0,1,3,0,0,0,Y,N,N,6,2026,3,N,CC
CUST1014599,0,0,0,1,0,2,0,0,Y,N,Y,6,2026,2,N,None
CUST1014600,0,1,0,1,0,0,0,0,N,N,N,6,2026,2,Y,PL
CUST1014601,0,0,0,1,3,0,0,0,N,N,N,6,2026,2,Y,AL
CUST1014602,0,1,1,1,0,0,1,0,N,N,Y,6,2026,4,N,None
CUST1014603,0,0,0,1,0,0,0,0,N,N,Y,6,2026,1,Y,SA
CUST1014604,0,1,0,1,0,2,0,0,Y,N,Y,6,2026,3,Y,AL
CUST1014605,0,0,0,1,3,0,0,1,N,N,N,6,2026,3,N,None
CUST1014606,0,1,0,0,3,0,0,0,Y,N,Y,6,2026,2,Y,AL
CUST1014607,0,1,0,1,0,2,0,0,N,N,Y,6,2026,3,N,None
CUST1014608,0,0,0,1,0,0,0,0,Y,N,N,6,2026,1,N,None
CUST1014609,2,0,0,1,0,0,1,0,N,N,N,6,2026,3,Y,AL
CUST1014610,0,0,0,1,0,2,1,0,N,N,Y,6,2026,3,Y,AL
CUST1014611,0,1,0,1,0,2,0,1,Y,N,Y,6,2026,4,N,None
CUST1014612,0,0,0,1,0,0,0,0,Y,N,Y,6,2026,1,N,HL
CUST1014613,0,0,0,1,0,0,0,0,N,N,Y,6,2026,1,N,AL
CUST1014614,2,2,0,1,1,0,0,0,N,N,N,6,2026,4,N,None
CUST1014615,0,0,0,1,0,0,0,0,N,N,N,6,2026,1,N,None
CUST1014616,0,2,0,1,0,0,0,1,N,N,N,6,2026,3,N,SA
CUST1014617,2,1,0,1,0,0,0,0,N,N,N,6,2026,3,Y,RD
CUST1014618,0,1,0,1,0,0,0,0,N,N,Y,6,2026,2,Y,AL
CUST1014619,0,1,0,1,0,0,0,0,Y,N,Y,6,2026,2,Y,AL
CUST1014620,0,1,0,1,3,1,0,0,N,N,Y,6,2026,4,Y,PL
CUST1014621,0,0,0,1,0,0,0,0,N,N,Y,6,2026,1,Y,SA
CUST1014622,0,0,0,0,2,0,0,1,N,N,Y,6,2026,2,N,None
CUST1014623,0,0,0,1,0,0,0,0,N,N,N,6,2026,1,N,SA
CUST1014624,1,0,0,1,0,0,0,0,Y,Y,Y,6,2026,2,N,None
CUST1014625,0,1,0,1,2,0,0,0,N,N,Y,6,2026,3,Y,RD
CUST1014626,0,0,0,1,0,0,0,0,N,N,Y,6,2026,1,N,None
CUST1014627,0,1,0,1,1,0,0,0,N,N,N,6,2026,3,Y,MF
CUST1014628,0,0,0,1,0,0,0,0,N,N,Y,6,2026,1,N,None
CUST1014629,0,2,0,1,3,1,0,0,N,N,Y,6,2026,4,N,None
CUST1014630,0,2,0,1,0,0,0,0,Y,N,Y,6,2026,2,Y,SA
CUST1014631,0,0,0,0,1,0,0,0,N,N,Y,6,2026,1,Y,PL
CUST1014632,0,0,0,1,0,0,0,0,N,N,N,6,2026,1,Y,MF
CUST1014633,1,0,0,1,0,0,0,0,N,N,Y,6,2026,2,N,None
CUST1014634,0,1,0,1,0,0,0,0,N,N,Y,6,2026,2,N,None
CUST1014635,0,0,0,1,0,0,0,1,N,N,N,6,2026,2,N,CC
CUST1014636,0,0,0,1,0,0,1,0,Y,N,N,6,2026,2,Y,AL
CUST1014637,0,0,0,1,0,1,0,0,N,N,Y,6,2026,2,N,None
CUST1014638,0,0,0,1,0,1,0,0,N,N,N,6,2026,2,N,SA
CUST1014639,0,1,0,1,0,0,0,0,N,N,Y,6,2026,2,N,None
CUST1014640,0,0,0,1,0,0,0,0,N,N,Y,6,2026,1,Y,AL
CUST1014641,0,1,0,1,0,2,0,1,Y,N,Y,6,2026,4,Y,PL
CUST1014642,0,2,0,1,0,0,0,0,N,N,Y,6,2026,2,N,None
CUST1014643,0,0,0,1,0,0,0,0,N,Y,N,6,2026,1,N,None
CUST1014644,2,1,0,1,0,0,1,1,N,N,Y,6,2026,5,Y,CC
CUST1014645,0,1,0,1,0,0,0,0,N,N,N,6,2026,2,N,AL
CUST1014646,2,1,0,1,0,1,0,0,N,N,Y,6,2026,4,Y,SA
CUST1014647,0,0,0,1,3,1,0,1,N,N,Y,6,2026,4,N,None
CUST1014648,0,2,0,1,0,0,0,0,N,N,Y,6,2026,2,N,None
CUST1014649,0,2,0,1,0,0,0,0,N,N,Y,6,2026,2,Y,SA
CUST1014650,0,0,0,1,0,0,0,0,N,N,Y,6,2026,1,N,None
CUST1014651,0,0,0,1,3,0,0,0,N,N,N,6,2026,2,N,RD
CUST1014652,0,1,0,1,0,0,0,0,N,N,N,6,2026,2,Y,MF
CUST1014653,0,0,0,1,0,0,0,0,N,N,Y,6,2026,1,N,None
CUST1014654,0,0,0,1,0,1,0,1,N,N,N,6,2026,3,N,None
CUST1014655,0,2,0,1,0,0,1,0,N,N,Y,6,2026,3,N,None
CUST1014656,0,1,0,0,2,0,0,0,N,N,Y,6,2026,2,Y,CC
CUST1014657,0,1,0,1,0,0,0,1,N,N,N,6,2026,3,N,None
CUST1014658,0,1,0,1,0,2,0,0,N,N,Y,6,2026,3,N,None
CUST1014659,0,0,0,1,0,0,0,0,N,N,Y,6,2026,1,Y,HL
CUST1014660,1,0,0,1,0,0,0,0,N,N,N,6,2026,2,Y,SA
CUST1014661,0,0,1,1,0,0,0,0,N,N,Y,6,2026,2,N,AL
CUST1014662,1,1,0,1,0,0,0,1,N,N,Y,6,2026,4,Y,CC
CUST1014663,0,0,0,1,0,1,0,0,N,N,N,6,2026,2,N,None
CUST1014664,0,2,0,1,0,0,0,0,N,Y,Y,6,2026,2,N,HL
CUST1014665,0,0,0,1,0,0,0,0,N,N,Y,6,2026,1,Y,PL
CUST1014666,2,0,0,1,0,2,0,0,N,N,Y,6,2026,3,N,None
CUST1014667,0,0,0,1,0,0,0,0,N,N,Y,6,2026,1,N,None
CUST1014668,0,0,0,0,0,0,0,0,N,N,Y,6,2026,0,N,None
CUST1014669,0,0,0,1,0,1,0,1,N,N,N,6,2026,3,N,None
CUST1014670,0,1,0,1,0,0,0,0,Y,N,Y,6,2026,2,N,None
CUST1014671,1,2,0,1,0,0,1,0,N,N,Y,6,2026,4,N,None
CUST1014672,0,2,0,0,1,2,0,1,N,N,Y,6,2026,4,N,None
CUST1014673,1,1,0,1,0,2,0,0,N,N,N,6,2026,4,Y,CC
CUST1014674,0,0,0,1,1,0,0,0,N,N,N,6,2026,2,Y,RD
CUST1014675,0,0,0,1,1,0,0,0,Y,N,N,6,2026,2,N,AL
CUST1014676,0,0,0,1,3,0,0,1,Y,N,N,6,2026,3,Y,PL
CUST1014677,0,0,0,1,0,1,0,0,N,N,N,6,2026,2,Y,RD
CUST1014678,0,0,0,1,3,0,0,0,N,N,N,6,2026,2,N,None
CUST1014679,0,0,0,1,0,2,0,0,N,N,N,6,2026,2,Y,AL
CUST1014680,0,0,0,1,0,0,1,1,N,N,N,6,2026,3,N,None
CUST1014681,0,2,0,1,0,0,0,1,N,N,N,6,2026,3,Y,MF
CUST1014682,0,2,0,1,0,0,0,0,N,N,Y,6,2026,2,N,SA
CUST1014683,0,0,0,1,0,1,0,0,N,N,Y,6,2026,2,N,None
CUST1014684,2,0,0,1,0,0,0,0,Y,N,N,6,2026,2,N,None
CUST1014685,0,0,0,1,0,0,0,0,N,N,Y,6,2026,1,N,None
CUST1014686,0,1,1,1,0,0,0,0,N,N,N,6,2026,3,N,MF
CUST1014687,0,0,0,1,0,0,0,0,N,N,N,6,2026,1,N,None
CUST1014688,0,2,0,1,0,0,0,0,N,N,Y,6,2026,2,N,None
CUST1014689,1,0,0,1,0,1,1,0,N,N,N,6,2026,4,Y,MF
CUST1014690,1,0,0,1,0,0,0,0,N,N,Y,6,2026,2,N,None
CUST1014691,0,2,0,1,0,1,0,0,N,N,Y,6,2026,3,Y,PL
CUST1014692,0,2,0,1,0,1,1,0,N,Y,Y,6,2026,4,N,None
CUST1014693,0,0,0,1,0,0,0,0,N,N,Y,6,2026,1,N,None
CUST1014694,0,0,0,1,0,0,0,0,N,N,N,6,2026,1,Y,AL
CUST1014695,0,0,0,1,0,0,0,0,N,N,Y,6,2026,1,Y,PL
CUST1014696,1,0,0,1,0,0,0,0,N,N,N,6,2026,2,Y,PL
CUST1014697,0,2,0,1,0,0,0,0,N,N,N,6,2026,2,Y,HL
CUST1014698,0,2,0,1,0,0,0,0,N,N,Y,6,2026,2,N,None
CUST1014699,0,0,0,1,0,0,0,0,N,Y,Y,6,2026,1,N,None
CUST1014700,1,1,0,1,0,0,0,0,N,N,N,6,2026,3,N,None
CUST1014701,0,0,0,1,0,0,0,0,N,N,Y,6,2026,1,Y,SA
CUST1014702,0,0,0,1,0,0,0,0,N,N,Y,6,2026,1,Y,MF
CUST1014703,0,0,0,0,0,0,0,0,Y,N,Y,6,2026,0,N,None
CUST1014704,0,0,0,1,0,2,0,0,N,N,Y,6,2026,2,Y,SA
CUST1014705,0,0,0,1,0,0,0,0,N,N,N,6,2026,1,Y,MF
CUST1014706,0,0,0,1,0,2,0,0,N,N,Y,6,2026,2,Y,HL
CUST1014707,0,2,0,1,2,2,0,1,N,N,Y,6,2026,5,N,None
CUST1014708,1,2,0,1,0,2,0,0,Y,N,Y,6,2026,4,N,None
CUST1014709,0,2,0,1,0,0,0,0,N,N,N,6,2026,2,Y,AL
CUST1014710,0,0,0,1,0,0,0,1,N,N,N,6,2026,2,N,None
CUST1014711,0,0,0,1,0,0,0,0,N,N,Y,6,2026,1,N,None
CUST1014712,0,2,0,1,3,0,0,0,N,N,Y,6,2026,3,Y,MF
CUST1014713,0,0,0,1,2,2,0,0,Y,N,Y,6,2026,3,N,None
CUST1014714,0,0,0,1,0,0,0,0,N,N,N,6,2026,1,Y,AL
CUST1014715,0,2,0,1,0,0,0,0,N,N,N,6,2026,2,Y,PL
CUST1014716,0,0,0,1,0,0,0,0,N,N,N,6,2026,1,Y,SA
CUST1014717,0,0,0,1,0,0,0,0,N,N,N,6,2026,1,N,None
CUST1014718,0,0,0,1,0,0,0,0,N,N,N,6,2026,1,Y,AL
CUST1014719,0,0,0,1,0,0,0,0,N,N,N,6,2026,1,N,None
CUST1014720,0,2,0,1,0,0,0,0,N,N,N,6,2026,2,N,None
CUST1014721,2,2,0,1,3,0,0,0,N,N,Y,6,2026,4,Y,MF
CUST1014722,0,0,0,1,0,1,0,0,Y,N,Y,6,2026,2,N,None
CUST1014723,0,2,0,1,0,0,0,0,Y,Y,Y,6,2026,2,N,RD
CUST1014724,0,0,0,1,0,0,0,0,N,N,Y,6,2026,1,Y,SA
CUST1014725,0,0,0,0,0,0,0,0,Y,N,Y,6,2026,0,Y,MF
CUST1014726,1,0,0,1,0,0,0,0,N,N,N,6,2026,2,N,None
CUST1014727,0,0,0,1,0,0,1,0,N,N,Y,6,2026,2,Y,SA
CUST1014728,0,0,0,1,0,2,1,0,Y,N,Y,6,2026,3,N,None
CUST1014729,2,0,0,1,0,0,0,0,N,N,N,6,2026,2,N,None
CUST1014730,0,2,0,1,0,0,0,0,N,Y,Y,6,2026,2,Y,RD
CUST1014731,0,0,0,0,3,0,0,0,Y,N,N,6,2026,1,N,None
CUST1014732,0,2,0,0,0,0,0,0,N,N,Y,6,2026,1,Y,SA
CUST1014733,2,2,0,1,1,2,0,0,N,N,N,6,2026,5,N,None
CUST1014734,2,2,0,1,3,0,0,0,N,N,Y,6,2026,4,Y,SA
CUST1014735,0,1,0,1,0,0,0,0,Y,N,Y,6,2026,2,Y,RD
CUST1014736,0,2,0,1,3,1,0,1,N,N,N,6,2026,5,Y,AL
CUST1014737,0,2,0,1,0,0,0,0,N,N,Y,6,2026,2,N,None
CUST1014738,0,2,0,1,0,2,0,1,N,Y,Y,6,2026,4,N,None
CUST1014739,0,2,0,0,2,0,0,0,N,N,Y,6,2026,2,N,None
CUST1014740,0,0,0,1,0,1,0,0,N,N,Y,6,2026,2,N,None
CUST1014741,0,0,0,1,0,1,0,0,N,N,Y,6,2026,2,N,None
CUST1014742,0,1,0,1,0,0,0,0,Y,N,N,6,2026,2,Y,HL
CUST1014743,0,0,0,1,3,0,0,0,N,N,Y,6,2026,2,Y,HL
CUST1014744,0,0,0,1,0,0,0,0,Y,N,Y,6,2026,1,N,None
CUST1014745,0,0,0,1,0,0,0,0,N,N,Y,6,2026,1,Y,CC
CUST1014746,0,0,0,1,0,0,0,0,Y,Y,N,6,2026,1,Y,CC
CUST1014747,0,2,0,0,0,0,0,0,N,N,Y,6,2026,1,N,CC
CUST1014748,0,0,0,1,0,0,0,0,N,N,N,6,2026,1,N,None
CUST1014749,0,0,0,1,0,0,0,0,N,N,Y,6,2026,1,N,None
CUST1014750,0,0,0,1,0,0,0,0,N,N,Y,6,2026,1,Y,CC
CUST1014751,0,0,0,1,2,0,0,0,N,N,N,6,2026,2,Y,HF
CUST1014752,0,0,0,1,0,0,1,0,N,N,Y,6,2026,2,Y,SA
CUST1014753,0,0,0,1,0,0,0,0,Y,N,Y,6,2026,1,N,RD
CUST1014754,0,0,0,1,1,0,0,0,N,N,Y,6,2026,2,N,None
CUST1014755,0,1,0,0,0,0,0,0,N,N,N,6,2026,1,N,SA
CUST1014756,0,0,0,1,0,0,0,1,N,Y,Y,6,2026,2,N,None
CUST1014757,0,1,0,1,0,0,0,0,N,N,N,6,2026,2,Y,SA
CUST1014758,0,0,0,1,0,2,0,0,N,N,N,6,2026,2,N,None
CUST1014759,0,1,0,1,3,0,0,1,N,N,N,6,2026,4,N,None
CUST1014760,2,2,0,1,0,0,0,0,Y,N,N,6,2026,3,N,CC
CUST1014761,2,0,0,1,0,2,1,0,N,N,N,6,2026,4,N,None
CUST1014762,0,2,0,1,0,0,0,0,N,N,Y,6,2026,2,N,None
CUST1014763,0,1,0,1,0,2,0,0,N,N,Y,6,2026,3,N,None
CUST1014764,0,1,0,1,0,2,0,0,N,N,Y,6,2026,3,N,None
CUST1014765,0,0,0,1,0,2,1,1,N,N,N,6,2026,4,Y,CC
CUST1014766,0,0,0,1,0,1,0,0,N,N,N,6,2026,2,Y,SA
CUST1014767,0,0,0,1,0,0,0,1,N,N,N,6,2026,2,Y,SA
CUST1014768,0,0,0,0,0,0,0,0,N,N,Y,6,2026,0,N,None
CUST1014769,0,1,0,1,2,2,0,0,Y,N,N,6,2026,4,N,None
CUST1014770,0,2,1,1,1,0,0,0,Y,N,N,6,2026,4,Y,AL
CUST1014771,0,0,0,1,0,0,0,0,N,N,Y,6,2026,1,N,None
CUST1014772,0,0,0,1,2,0,0,0,N,N,N,6,2026,2,N,PL
CUST1014773,0,2,0,1,0,0,0,0,N,N,Y,6,2026,2,N,None
CUST1014774,0,0,0,0,0,0,0,0,N,N,Y,6,2026,0,N,None
CUST1014775,0,0,0,1,0,0,0,0,N,N,N,6,2026,1,Y,CC
CUST1014776,0,0,0,1,1,0,0,0,N,Y,N,6,2026,2,N,None
CUST1014777,2,2,0,1,0,0,0,0,Y,N,N,6,2026,3,Y,CC
CUST1014778,2,1,0,1,0,0,0,1,N,N,Y,6,2026,4,Y,HL
CUST1014779,0,0,0,1,0,0,0,0,N,N,N,6,2026,1,N,None
CUST1014780,0,0,0,1,0,0,0,0,N,N,Y,6,2026,1,N,None
CUST1014781,2,0,0,1,0,0,0,0,N,N,Y,6,2026,2,N,None
CUST1014782,0,0,0,1,0,0,0,0,N,N,Y,6,2026,1,N,None
CUST1014783,0,1,0,1,0,0,0,0,N,N,Y,6,2026,2,N,None
CUST1014784,0,0,0,1,0,0,0,0,N,N,N,6,2026,1,N,None
CUST1014785,1,0,0,1,0,0,0,0,N,N,Y,6,2026,2,Y,HF
CUST1014786,1,2,0,0,0,1,0,0,N,N,Y,6,2026,3,Y,SA
CUST1014787,0,0,0,1,0,0,0,0,N,N,Y,6,2026,1,Y,RD
CUST1014788,0,0,0,1,0,0,0,0,N,N,N,6,2026,1,Y,AL
CUST1014789,0,2,0,1,0,2,0,0,N,N,N,6,2026,3,Y,AL
CUST1014790,0,0,0,1,0,2,0,0,N,N,Y,6,2026,2,Y,CC
CUST1014791,0,1,0,1,1,0,0,0,N,N,Y,6,2026,3,N,None
CUST1014792,0,1,0,1,0,0,0,0,Y,N,Y,6,2026,2,N,None
CUST1014793,0,0,0,1,0,2,0,0,N,N,Y,6,2026,2,N,None
CUST1014794,0,0,0,1,0,0,0,0,N,N,Y,6,2026,1,N,None
CUST1014795,0,0,0,1,0,0,0,1,N,N,N,6,2026,2,Y,MF
CUST1014796,0,1,0,1,0,0,0,0,N,N,N,6,2026,2,N,None
CUST1014797,0,2,0,1,0,0,0,0,Y,N,N,6,2026,2,N,None
CUST1014798,0,1,0,1,0,0,0,0,N,N,Y,6,2026,2,N,None
CUST1014799,0,2,1,1,0,0,0,0,N,N,N,6,2026,3,N,None
CUST1014800,0,1,0,1,0,0,0,0,N,N,N,6,2026,2,N,None
CUST1014801,0,0,0,1,0,0,0,1,N,N,Y,6,2026,2,Y,AL
CUST1014802,0,0,0,1,0,1,0,0,N,N,Y,6,2026,2,Y,HF
CUST1014803,0,0,0,1,0,1,0,0,N,N,N,6,2026,2,Y,SA
CUST1014804,0,0,0,0,0,0,1,0,N,N,Y,6,2026,1,Y,SA
CUST1014805,2,2,0,1,0,0,0,0,N,N,Y,6,2026,3,Y,AL
CUST1014806,0,1,0,1,0,0,1,0,N,N,Y,6,2026,3,N,CC
CUST1014807,1,2,0,1,0,0,0,0,N,N,Y,6,2026,3,Y,AL
CUST1014808,0,0,0,1,0,0,1,0,Y,N,Y,6,2026,2,N,None
CUST1014809,0,0,0,1,2,0,1,0,N,N,Y,6,2026,3,N,None
CUST1014810,0,0,0,1,0,1,0,0,N,N,N,6,2026,2,N,None
CUST1014811,0,0,0,1,1,1,0,0,N,N,Y,6,2026,3,N,None
CUST1014812,0,1,0,1,0,0,0,0,N,N,Y,6,2026,2,Y,MF
CUST1014813,0,1,0,0,0,0,0,1,N,N,Y,6,2026,2,Y,HF
CUST1014814,0,0,0,1,2,0,1,0,N,N,Y,6,2026,3,N,None
CUST1014815,0,0,0,0,1,0,0,0,N,N,N,6,2026,1,N,None
CUST1014816,0,0,0,0,3,2,0,0,N,Y,Y,6,2026,2,N,None
CUST1014817,0,0,0,1,0,0,0,0,N,N,N,6,2026,1,N,None
CUST1014818,1,0,0,1,0,0,0,0,N,N,N,6,2026,2,N,None
CUST1014819,0,0,0,1,0,0,0,0,N,N,N,6,2026,1,N,None
CUST1014820,0,0,0,1,0,0,0,0,N,N,Y,6,2026,1,N,None
CUST1014821,0,0,0,1,1,0,0,0,N,N,Y,6,2026,2,Y,AL
CUST1014822,1,1,0,1,0,0,0,1,N,N,N,6,2026,4,Y,CC
CUST1014823,0,0,0,1,3,0,0,0,N,N,N,6,2026,2,N,None
CUST1014824,0,2,0,1,0,0,0,0,N,N,N,6,2026,2,Y,MF
CUST1014825,1,0,0,1,0,0,0,0,N,N,Y,6,2026,2,N,None
CUST1014826,0,0,1,1,0,1,0,0,N,N,N,6,2026,3,N,None
CUST1014827,0,2,0,1,1,0,0,0,N,N,Y,6,2026,3,N,AL
CUST1014828,0,0,0,1,2,2,0,0,N,N,N,6,2026,3,N,None
CUST1014829,0,1,0,1,0,0,0,0,N,N,Y,6,2026,2,N,HF
CUST1014830,0,0,0,1,0,0,0,0,N,N,Y,6,2026,1,Y,MF
CUST1014831,0,0,0,1,0,0,1,0,N,N,N,6,2026,2,Y,SA
CUST1014832,2,1,0,1,0,1,0,0,N,N,N,6,2026,4,N,None
CUST1014833,2,0,0,1,0,0,0,0,N,N,Y,6,2026,2,N,None
CUST1014834,0,2,0,1,0,1,0,0,N,N,N,6,2026,3,Y,SA
CUST1014835,0,1,0,1,0,1,0,0,Y,Y,N,6,2026,3,N,None
CUST1014836,0,0,0,1,0,0,0,0,N,N,N,6,2026,1,Y,PL
CUST1014837,0,0,0,1,3,0,0,0,N,N,N,6,2026,2,N,None
CUST1014838,0,0,0,1,0,0,0,0,N,N,Y,6,2026,1,N,AL
CUST1014839,1,2,0,1,0,0,0,0,N,N,Y,6,2026,3,N,None
CUST1014840,0,1,0,1,0,2,0,0,N,N,N,6,2026,3,N,None
CUST1014841,0,1,0,1,0,0,0,0,N,N,Y,6,2026,2,N,None
CUST1014842,0,0,0,1,0,0,0,0,Y,Y,Y,6,2026,1,N,AL
CUST1014843,1,1,0,1,0,1,0,0,N,N,N,6,2026,4,Y,CC
CUST1014844,0,0,0,0,0,0,0,0,N,N,N,6,2026,0,Y,AL
CUST1014845,0,2,0,1,0,0,1,0,N,N,N,6,2026,3,Y,HL
CUST1014846,0,0,0,1,0,0,0,0,N,N,N,6,2026,1,N,SA
CUST1014847,0,0,0,1,0,0,0,0,N,N,Y,6,2026,1,Y,CC
CUST1014848,0,0,0,1,2,0,0,0,Y,N,Y,6,2026,2,Y,CC
CUST1014849,0,0,0,1,0,0,0,0,N,N,N,6,2026,1,N,None
CUST1014850,0,0,0,1,0,1,0,0,Y,N,Y,6,2026,2,N,None
CUST1014851,0,1,0,1,1,0,0,0,N,N,N,6,2026,3,N,None
CUST1014852,2,1,0,1,0,1,0,0,N,N,Y,6,2026,4,Y,SA
CUST1014853,0,0,0,1,0,0,0,0,N,N,N,6,2026,1,Y,HF
CUST1014854,0,0,0,1,0,0,0,1,N,N,N,6,2026,2,N,None
CUST1014855,0,0,0,1,0,0,0,0,N,N,Y,6,2026,1,Y,HF
CUST1014856,2,2,0,1,0,1,1,0,N,N,N,6,2026,5,N,None
CUST1014857,0,2,0,1,1,0,0,1,N,N,N,6,2026,4,Y,HF
CUST1014858,0,0,0,1,0,0,0,0,N,N,Y,6,2026,1,Y,PL
CUST1014859,0,0,0,1,1,0,0,0,N,Y,N,6,2026,2,Y,PL
CUST1014860,2,0,0,1,0,2,0,0,N,N,Y,6,2026,3,N,None
CUST1014861,0,0,0,1,0,0,1,0,N,N,Y,6,2026,2,N,None
CUST1014862,0,2,0,1,0,0,0,0,N,N,N,6,2026,2,Y,HL
CUST1014863,0,1,0,1,0,0,0,0,N,N,N,6,2026,2,N,None
CUST1014864,0,0,0,0,1,2,0,0,Y,N,Y,6,2026,2,N,None
CUST1014865,0,0,0,0,0,0,0,0,N,N,N,6,2026,0,N,None
CUST1014866,0,1,0,1,0,0,0,0,N,N,Y,6,2026,2,N,None
CUST1014867,0,0,0,1,1,2,0,0,N,N,Y,6,2026,3,Y,CC
CUST1014868,0,1,0,1,2,0,0,0,N,N,N,6,2026,3,Y,RD
CUST1014869,0,0,0,1,1,2,0,0,N,N,N,6,2026,3,Y,SA
CUST1014870,0,0,0,1,0,1,1,1,Y,N,Y,6,2026,4,Y,SA
CUST1014871,0,0,0,1,1,0,0,0,Y,Y,N,6,2026,2,N,None
CUST1014872,0,1,0,1,2,0,0,0,N,N,Y,6,2026,3,N,None
CUST1014873,0,1,1,1,0,0,0,0,N,N,Y,6,2026,3,N,None
CUST1014874,0,0,0,1,0,0,0,0,N,N,Y,6,2026,1,N,None
CUST1014875,0,0,0,1,0,0,0,0,N,Y,N,6,2026,1,N,RD
CUST1014876,0,1,0,1,0,0,0,0,N,N,Y,6,2026,2,Y,HL
CUST1014877,2,0,0,1,2,0,0,1,Y,N,N,6,2026,4,N,SA
CUST1014878,0,0,0,1,0,0,0,1,N,Y,Y,6,2026,2,Y,PL
CUST1014879,0,0,0,1,0,0,0,0,N,N,N,6,2026,1,N,None
CUST1014880,0,0,0,0,0,0,0,0,N,N,Y,6,2026,0,N,None
CUST1014881,2,0,0,1,0,0,0,0,N,N,Y,6,2026,2,Y,RD
CUST1014882,0,1,0,1,0,0,0,0,N,Y,Y,6,2026,2,N,None
CUST1014883,0,0,0,1,0,0,0,1,Y,N,N,6,2026,2,Y,HF
CUST1014884,0,0,0,1,3,2,0,1,N,N,N,6,2026,4,N,None
CUST1014885,2,2,0,0,0,0,0,1,N,N,Y,6,2026,3,N,None
CUST1014886,0,0,0,0,0,0,0,1,N,N,N,6,2026,1,Y,CC
CUST1014887,0,0,0,1,0,0,0,0,N,N,Y,6,2026,1,Y,HF
CUST1014888,0,0,0,1,0,2,0,0,N,N,Y,6,2026,2,Y,RD
CUST1014889,0,0,0,1,3,0,0,0,N,N,N,6,2026,2,N,None
CUST1014890,1,1,0,1,0,2,0,0,Y,N,Y,6,2026,4,Y,HF
CUST1014891,0,0,0,1,0,0,0,0,N,N,Y,6,2026,1,N,None
CUST1014892,0,0,0,1,0,0,0,0,N,N,N,6,2026,1,Y,MF
CUST1014893,0,0,0,1,1,0,0,0,N,N,N,6,2026,2,Y,MF
CUST1014894,0,0,0,0,3,0,0,1,N,N,Y,6,2026,2,N,None
CUST1014895,0,0,0,1,0,0,0,0,N,N,N,6,2026,1,Y,CC
CUST1014896,0,0,0,1,0,0,0,0,N,N,N,6,2026,1,N,None
CUST1014897,0,0,0,1,3,0,0,0,N,N,N,6,2026,2,Y,CC
CUST1014898,0,0,0,1,0,0,0,0,N,N,N,6,2026,1,N,None
CUST1014899,0,0,0,1,0,0,0,0,N,N,Y,6,2026,1,N,None
CUST1014900,0,0,0,1,0,0,0,1,N,N,Y,6,2026,2,Y,RD
CUST1014901,0,2,0,1,0,0,0,0,N,N,Y,6,2026,2,Y,CC
CUST1014902,0,1,0,0,0,0,0,0,N,N,N,6,2026,1,N,SA
CUST1014903,1,0,0,0,0,1,0,0,N,N,Y,6,2026,2,Y,HL
CUST1014904,0,0,0,1,0,0,0,0,N,N,Y,6,2026,1,Y,SA
CUST1014905,0,0,0,1,0,2,1,0,N,N,Y,6,2026,3,Y,CC
CUST1014906,0,1,0,1,0,2,0,0,N,N,N,6,2026,3,N,HF
CUST1014907,0,2,0,1,1,0,0,1,N,N,Y,6,2026,4,Y,CC
CUST1014908,0,1,0,1,0,0,0,0,N,N,Y,6,2026,2,N,None
CUST1014909,0,0,0,1,0,0,0,0,N,Y,N,6,2026,1,N,None
CUST1014910,0,0,0,1,3,1,0,1,Y,N,Y,6,2026,4,N,None
CUST1014911,0,2,0,1,2,0,1,0,N,N,N,6,2026,4,N,CC
CUST1014912,0,1,0,1,0,0,0,0,N,N,Y,6,2026,2,N,None
CUST1014913,1,0,0,1,0,0,0,0,Y,N,Y,6,2026,2,N,None
CUST1014914,0,1,0,1,0,0,0,0,N,N,N,6,2026,2,N,None
CUST1014915,0,1,0,0,0,0,1,0,Y,N,N,6,2026,2,N,None
CUST1014916,0,2,0,1,0,0,0,0,N,N,Y,6,2026,2,N,HF
CUST1014917,0,0,0,1,3,0,0,0,Y,N,N,6,2026,2,N,PL
CUST1014918,0,2,0,1,0,0,0,0,N,N,Y,6,2026,2,Y,CC
CUST1014919,0,0,0,1,2,0,0,0,N,N,Y,6,2026,2,Y,PL
CUST1014920,0,0,0,1,0,0,0,0,N,N,Y,6,2026,1,N,SA
CUST1014921,0,0,0,1,0,0,0,0,Y,N,Y,6,2026,1,Y,MF
CUST1014922,0,0,0,1,0,0,0,0,N,N,Y,6,2026,1,N,None
CUST1014923,0,0,0,1,0,0,0,0,N,N,Y,6,2026,1,N,None
CUST1014924,0,0,0,1,2,0,0,0,Y,N,N,6,2026,2,N,None
CUST1014925,0,1,0,1,0,1,0,0,N,N,Y,6,2026,3,N,None
CUST1014926,0,1,0,1,3,0,0,0,N,N,N,6,2026,3,Y,HF
CUST1014927,0,0,0,1,0,1,0,0,Y,Y,Y,6,2026,2,N,PL
CUST1014928,0,0,0,1,0,0,1,0,N,N,Y,6,2026,2,N,None
CUST1014929,2,1,0,0,0,0,0,1,Y,N,N,6,2026,3,Y,CC
CUST1014930,0,1,0,1,3,0,0,0,N,N,Y,6,2026,3,N,AL
CUST1014931,0,2,0,1,0,0,0,0,N,N,N,6,2026,2,Y,RD
CUST1014932,0,0,0,1,0,0,0,0,Y,N,N,6,2026,1,N,CC
CUST1014933,0,2,0,1,0,0,0,0,Y,N,N,6,2026,2,Y,PL
CUST1014934,0,0,0,1,0,0,0,0,N,N,Y,6,2026,1,N,HL
CUST1014935,0,2,0,1,0,0,0,0,N,N,N,6,2026,2,Y,HF
CUST1014936,2,0,0,1,0,2,0,0,N,Y,Y,6,2026,3,N,None
CUST1014937,0,0,0,1,0,0,0,0,N,N,Y,6,2026,1,N,None
CUST1014938,2,0,0,1,0,1,0,0,N,N,N,6,2026,3,Y,CC
CUST1014939,0,0,0,1,3,2,0,0,N,N,Y,6,2026,3,Y,RD
CUST1014940,0,0,0,1,2,2,0,0,Y,N,Y,6,2026,3,N,None
CUST1014941,2,2,0,1,0,2,0,0,Y,N,Y,6,2026,4,N,None
CUST1014942,0,0,0,1,0,0,0,0,N,Y,Y,6,2026,1,Y,CC
CUST1014943,0,0,0,1,0,0,0,0,Y,N,N,6,2026,1,N,None
CUST1014944,2,2,0,1,0,1,0,0,Y,N,Y,6,2026,4,Y,PL
CUST1014945,0,1,0,1,0,0,0,0,N,N,N,6,2026,2,N,None
CUST1014946,0,0,0,1,0,1,0,0,Y,N,N,6,2026,2,N,None
CUST1014947,0,0,0,1,0,1,0,0,N,N,Y,6,2026,2,N,None
CUST1014948,0,0,0,1,0,0,0,0,N,N,N,6,2026,1,N,None
CUST1014949,0,0,0,1,0,0,0,0,Y,N,N,6,2026,1,Y,PL
CUST1014950,0,1,0,1,0,0,0,0,N,N,Y,6,2026,2,N,None
CUST1014951,0,0,0,0,0,0,0,0,N,N,Y,6,2026,0,N,AL
CUST1014952,0,0,0,1,0,2,0,0,N,N,Y,6,2026,2,N,None
CUST1014953,0,0,0,1,1,0,0,0,N,N,N,6,2026,2,N,None
CUST1014954,0,0,0,1,0,0,0,0,N,N,Y,6,2026,1,N,PL
CUST1014955,0,0,0,1,0,0,0,0,N,N,N,6,2026,1,Y,MF
CUST1014956,0,2,0,1,0,2,0,0,N,N,Y,6,2026,3,N,None
CUST1014957,0,1,0,1,0,2,0,0,N,Y,Y,6,2026,3,N,SA
CUST1014958,0,0,0,1,0,0,0,0,N,N,Y,6,2026,1,N,None
CUST1014959,0,0,0,1,0,0,1,0,N,N,N,6,2026,2,Y,SA
CUST1014960,1,0,0,1,1,1,0,0,Y,N,Y,6,2026,4,Y,MF
CUST1014961,0,2,0,1,0,2,0,0,N,N,N,6,2026,3,Y,PL
CUST1014962,0,0,0,1,0,0,0,0,N,N,Y,6,2026,1,Y,CC
CUST1014963,0,0,0,1,1,0,1,0,N,N,N,6,2026,3,N,None
CUST1014964,0,1,0,1,0,0,0,0,N,N,Y,6,2026,2,N,None
CUST1014965,0,2,0,0,3,0,0,0,N,Y,Y,6,2026,2,N,None
CUST1014966,0,0,0,1,0,0,1,0,N,N,N,6,2026,2,N,None
CUST1014967,0,0,0,1,0,1,0,0,N,N,N,6,2026,2,N,None
CUST1014968,0,0,0,1,0,0,1,0,Y,N,Y,6,2026,2,N,HF
CUST1014969,0,0,0,1,0,0,0,0,N,N,N,6,2026,1,Y,HL
CUST1014970,2,0,0,1,3,0,0,0,N,N,Y,6,2026,3,Y,AL
CUST1014971,1,1,0,1,2,0,0,1,N,N,N,6,2026,5,N,None
CUST1014972,0,0,0,1,0,0,0,0,Y,N,Y,6,2026,1,Y,SA
CUST1014973,0,0,0,1,0,0,0,0,N,N,Y,6,2026,1,N,None
CUST1014974,1,0,0,1,3,0,0,0,N,N,Y,6,2026,3,N,None
CUST1014975,0,1,0,1,0,0,0,0,N,N,N,6,2026,2,N,None
CUST1014976,0,0,0,1,0,0,0,0,N,N,Y,6,2026,1,N,None
CUST1014977,0,0,0,1,0,0,0,0,N,N,N,6,2026,1,N,None
CUST1014978,0,0,0,1,3,1,0,0,N,N,Y,6,2026,3,N,None
CUST1014979,0,0,0,0,0,0,0,0,N,N,Y,6,2026,0,Y,MF
CUST1014980,1,2,0,1,0,0,0,0,N,N,N,6,2026,3,Y,PL
CUST1014981,0,0,0,1,0,0,0,0,N,N,Y,6,2026,1,N,MF
CUST1014982,0,2,0,1,0,0,0,0,N,N,N,6,2026,2,N,None
CUST1014983,1,2,0,1,0,0,0,1,N,N,N,6,2026,4,Y,RD
CUST1014984,0,1,0,1,1,0,0,0,N,Y,N,6,2026,3,N,None
CUST1014985,1,0,0,1,3,1,0,0,N,N,Y,6,2026,4,N,None
CUST1014986,0,0,0,1,0,0,0,0,N,N,N,6,2026,1,N,None
CUST1014987,0,0,0,1,0,0,0,0,N,N,Y,6,2026,1,N,AL
CUST1014988,0,0,0,1,0,0,0,1,N,N,N,6,2026,2,Y,RD
CUST1014989,0,0,0,1,2,0,0,0,N,Y,N,6,2026,2,Y,PL
CUST1014990,0,2,0,1,0,0,0,0,N,N,Y,6,2026,2,N,None
CUST1014991,0,0,0,1,0,0,0,0,N,N,Y,6,2026,1,N,None
CUST1014992,0,0,0,1,3,2,0,0,N,N,N,6,2026,3,N,None
CUST1014993,2,0,0,1,1,1,0,0,N,N,N,6,2026,4,Y,AL
CUST1014994,0,0,0,1,0,0,0,0,N,Y,Y,6,2026,1,Y,CC
CUST1014995,0,0,1,1,0,1,0,1,Y,N,N,6,2026,4,N,RD
CUST1014996,0,0,0,1,0,2,0,0,N,N,Y,6,2026,2,N,None
CUST1014997,2,0,0,1,0,0,0,1,N,N,Y,6,2026,3,Y,AL
CUST1014998,0,0,0,1,0,2,0,0,Y,N,N,6,2026,2,N,None
CUST1014999,0,0,0,1,0,0,0,0,N,N,Y,6,2026,1,Y,AL
